   1.14547533E-04   1.26331660E-03   5.14040794E-03   3.23626048E-14   1.93224038E-14   3.50757712E-03   1.93224038E-14
   5.84191736E-03   1.26331544E-03   3.55546689E-03   3.75825504E-09   2.63882982E-09   2.63904058E-03   6.41886266E-11
   1.15692718E-02   1.26330450E-03   3.55544942E-03   2.38513351E-08   1.75529209E-08   2.63903057E-03   2.52971338E-10
   1.72966532E-02   1.26329286E-03   3.55542987E-03   7.78560079E-08   5.76380224E-08   2.63902033E-03   5.66363900E-10
   2.30241008E-02   1.26327609E-03   3.55540053E-03   1.82560271E-07   1.35355421E-07   2.63900449E-03   1.00436992E-09
   2.87515484E-02   1.26325281E-03   3.55535955E-03   3.54751279E-07   2.63166100E-07   2.63898284E-03   1.56698410E-09
   3.44788916E-02   1.26322906E-03   3.55532044E-03   6.11214944E-07   4.53530447E-07   2.63896096E-03   2.25419394E-09
   4.02061529E-02   1.26319414E-03   3.55526013E-03   9.68733275E-07   7.18906961E-07   2.63892766E-03   3.06598369E-09
   4.59334143E-02   1.26315921E-03   3.55519960E-03   1.44408875E-06   1.07175492E-06   2.63889576E-03   4.00237088E-09
   5.16606756E-02   1.26311684E-03   3.55512742E-03   2.05406218E-06   1.52453265E-06   2.63885665E-03   5.06334263E-09
   5.73879369E-02   1.26307027E-03   3.55504919E-03   2.81543203E-06   2.08969959E-06   2.63881334E-03   6.24889607E-09
   6.31152019E-02   1.26302079E-03   3.55496327E-03   3.74497586E-06   2.77971321E-06   2.63876677E-03   7.55903340E-09
   6.88424632E-02   1.26296259E-03   3.55486386E-03   4.85946703E-06   3.60703052E-06   2.63871322E-03   8.99373198E-09
   7.45697245E-02   1.26290438E-03   3.55476444E-03   6.17567730E-06   4.58410841E-06   2.63865828E-03   1.05530065E-08
   8.02969858E-02   1.26283627E-03   3.55464732E-03   7.71037776E-06   5.72340150E-06   2.63859448E-03   1.22368284E-08
   8.60242471E-02   1.26276643E-03   3.55452811E-03   9.48032994E-06   7.03736760E-06   2.63853068E-03   1.40452086E-08
   9.17515084E-02   1.26269122E-03   3.55439936E-03   1.15022967E-05   8.53846177E-06   2.63845967E-03   1.59781255E-08
   9.74787697E-02   1.26260973E-03   3.55426082E-03   1.37930401E-05   1.02391377E-05   2.63838447E-03   1.80355766E-08
  0.103206031       1.26252754E-03   3.55412043E-03   1.63693221E-05   1.21518497E-05   2.63830763E-03   2.02175734E-08
  0.108933292       1.26243441E-03   3.55396047E-03   1.92478838E-05   1.42890476E-05   2.63822079E-03   2.25240484E-08
  0.114660554       1.26234128E-03   3.55380052E-03   2.24454725E-05   1.66631817E-05   2.63813394E-03   2.49550602E-08
  0.120387815       1.26224046E-03   3.55362869E-03   2.59788321E-05   1.92867046E-05   2.63803988E-03   2.75105538E-08
  0.126115218       1.26213569E-03   3.55344918E-03   2.98647155E-05   2.21720529E-05   2.63794279E-03   3.01905843E-08
  0.131843224       1.26202789E-03   3.55326594E-03   3.41198647E-05   2.53317176E-05   2.63784127E-03   3.29954339E-08
  0.137571231       1.26191147E-03   3.55306687E-03   3.87610380E-05   2.87781495E-05   2.63773417E-03   3.59247281E-08
  0.143299237       1.26179506E-03   3.55286803E-03   4.38049683E-05   3.25238034E-05   2.63762567E-03   3.89785484E-08
  0.149027243       1.26166863E-03   3.55265150E-03   4.92683794E-05   3.65811284E-05   2.63750693E-03   4.21567776E-08
  0.154755250       1.26154057E-03   3.55243101E-03   5.51679914E-05   4.09625682E-05   2.63738818E-03   4.54594939E-08
  0.160483256       1.26140716E-03   3.55220493E-03   6.15204845E-05   4.56805537E-05   2.63726362E-03   4.88866476E-08
  0.166211262       1.26126746E-03   3.55196511E-03   6.83425678E-05   5.07475233E-05   2.63713324E-03   5.24381889E-08
  0.171939269       1.26112718E-03   3.55172530E-03   7.56509471E-05   5.61759480E-05   2.63700308E-03   5.61142350E-08
  0.177667275       1.26097584E-03   3.55146592E-03   8.34622842E-05   6.19782440E-05   2.63686269E-03   5.99145196E-08
  0.183395281       1.26082450E-03   3.55120655E-03   9.17933139E-05   6.81668607E-05   2.63672066E-03   6.38392663E-08
  0.189123288       1.26066559E-03   3.55093554E-03   1.00660698E-04   7.47542144E-05   2.63657304E-03   6.78883367E-08
  0.194851294       1.26050261E-03   3.55065684E-03   1.10081062E-04   8.17527543E-05   2.63642124E-03   7.20617521E-08
  0.200579301       1.26033684E-03   3.55037232E-03   1.20071185E-04   8.91749442E-05   2.63626617E-03   7.63595480E-08
  0.206307307       1.26016221E-03   3.55007406E-03   1.30647590E-04   9.70331894E-05   2.63610412E-03   8.07815184E-08
  0.212035313       1.25998759E-03   3.54977581E-03   1.41826895E-04   1.05339896E-04   2.63594068E-03   8.53279261E-08
  0.217763320       1.25980331E-03   3.54945823E-03   1.53625821E-04   1.14107504E-04   2.63576838E-03   8.99984016E-08
  0.223491326       1.25961704E-03   3.54914065E-03   1.66061000E-04   1.23348407E-04   2.63559492E-03   9.47932364E-08
  0.229219332       1.25942589E-03   3.54881329E-03   1.79148963E-04   1.33075097E-04   2.63541681E-03   9.97123024E-08
  0.234947339       1.25922798E-03   3.54847428E-03   1.92906446E-04   1.43299971E-04   2.63523310E-03   1.04755465E-07
  0.240675345       1.25903008E-03   3.54813552E-03   2.07349934E-04   1.54035428E-04   2.63504800E-03   1.09923008E-07
  0.246403351       1.25882053E-03   3.54777696E-03   2.22496063E-04   1.65293881E-04   2.63485266E-03   1.15214419E-07
  0.252131343       1.25861098E-03   3.54741677E-03   2.38361594E-04   1.77087815E-04   2.63465731E-03   1.20630091E-07
  0.257859349       1.25839456E-03   3.54704680E-03   2.54962739E-04   1.89429571E-04   2.63445498E-03   1.26169866E-07
  0.263587356       1.25817338E-03   3.54666892E-03   2.72316276E-04   2.02331561E-04   2.63424963E-03   1.31833687E-07
  0.269315362       1.25795021E-03   3.54628731E-03   2.90438707E-04   2.15806082E-04   2.63404124E-03   1.37621683E-07
  0.275043368       1.25771738E-03   3.54588823E-03   3.09346564E-04   2.29865764E-04   2.63382308E-03   1.43533498E-07
  0.280771375       1.25748455E-03   3.54548940E-03   3.29056318E-04   2.44522904E-04   2.63360608E-03   1.49569544E-07
  0.286499381       1.25724298E-03   3.54507472E-03   3.49584559E-04   2.59789929E-04   2.63338070E-03   1.55729381E-07
  0.292227387       1.25699851E-03   3.54465633E-03   3.70947731E-04   2.75679253E-04   2.63315230E-03   1.62013194E-07
  0.297955394       1.25675031E-03   3.54423025E-03   3.93162540E-04   2.92203127E-04   2.63292086E-03   1.68421039E-07
  0.303683400       1.25649420E-03   3.54379253E-03   4.16244788E-04   3.09374067E-04   2.63268105E-03   1.74952547E-07
  0.309411407       1.25623809E-03   3.54335480E-03   4.40211850E-04   3.27204383E-04   2.63244263E-03   1.81608286E-07
  0.315139413       1.25597161E-03   3.54289566E-03   4.65079793E-04   3.45706561E-04   2.63219257E-03   1.88387347E-07
  0.320867419       1.25570386E-03   3.54243675E-03   4.90865030E-04   3.64892854E-04   2.63194111E-03   1.95290355E-07
  0.326595426       1.25543075E-03   3.54196993E-03   5.17584092E-04   3.84775718E-04   2.63168244E-03   2.02317139E-07
  0.332323432       1.25515135E-03   3.54148983E-03   5.45253220E-04   4.05367464E-04   2.63141957E-03   2.09467402E-07
  0.338051438       1.25487172E-03   3.54100950E-03   5.73889294E-04   4.26680519E-04   2.63115531E-03   2.16741824E-07
  0.343779445       1.25458068E-03   3.54051008E-03   6.03507971E-04   4.48727253E-04   2.63088080E-03   2.24139370E-07
  0.349507451       1.25428964E-03   3.54001042E-03   6.34125958E-04   4.71519976E-04   2.63060490E-03   2.31660763E-07
  0.355235457       1.25399174E-03   3.53949936E-03   6.65759784E-04   4.95071115E-04   2.63032480E-03   2.39305763E-07
  0.360963464       1.25368906E-03   3.53898061E-03   6.98425458E-04   5.19392779E-04   2.63003889E-03   2.47074212E-07
  0.366691470       1.25338475E-03   3.53845814E-03   7.32139451E-04   5.44497743E-04   2.62975157E-03   2.54966466E-07
  0.372419477       1.25307043E-03   3.53791821E-03   7.66918238E-04   5.70398115E-04   2.62945425E-03   2.62981672E-07
  0.378147483       1.25275610E-03   3.53737827E-03   8.02778057E-04   5.97106176E-04   2.62915692E-03   2.71120797E-07
  0.383875489       1.25243363E-03   3.53682484E-03   8.39735090E-04   6.24634500E-04   2.62885238E-03   2.79383016E-07
  0.389603496       1.25210767E-03   3.53626371E-03   8.77805636E-04   6.52995310E-04   2.62854504E-03   2.87768785E-07
  0.395331502       1.25177891E-03   3.53570073E-03   9.17006168E-04   6.82200945E-04   2.62823468E-03   2.96278046E-07
  0.401059508       1.25144131E-03   3.53512052E-03   9.57352458E-04   7.12263514E-04   2.62791431E-03   3.04910174E-07
  0.406787515       1.25110371E-03   3.53454030E-03   9.98860341E-04   7.43195647E-04   2.62759556E-03   3.13665907E-07
  0.412515521       1.25075690E-03   3.53394449E-03   1.04154798E-03   7.75009568E-04   2.62726820E-03   3.22544537E-07
  0.418243527       1.25040766E-03   3.53334332E-03   1.08543003E-03   8.07717559E-04   2.62693781E-03   3.31546545E-07
  0.423971534       1.25005457E-03   3.53273796E-03   1.13052269E-03   8.41332017E-04   2.62660324E-03   3.40671761E-07
  0.429699540       1.24969368E-03   3.53211747E-03   1.17684226E-03   8.75865167E-04   2.62626307E-03   3.49919816E-07
  0.435427547       1.24933280E-03   3.53149697E-03   1.22440525E-03   9.11329407E-04   2.62592128E-03   3.59291363E-07
  0.441155553       1.24896190E-03   3.53085925E-03   1.27322751E-03   9.47736960E-04   2.62556970E-03   3.68785180E-07
  0.446883559       1.24858937E-03   3.53021780E-03   1.32332521E-03   9.85100050E-04   2.62521650E-03   3.78402518E-07
  0.452611566       1.24821218E-03   3.52957053E-03   1.37471419E-03   1.02343108E-03   2.62486050E-03   3.88142638E-07
  0.458339572       1.24782801E-03   3.52890790E-03   1.42741087E-03   1.06274243E-03   2.62449612E-03   3.98005483E-07
  0.464067578       1.24744384E-03   3.52824735E-03   1.48143119E-03   1.10304612E-03   2.62413290E-03   4.07991678E-07
  0.469795585       1.24704896E-03   3.52756958E-03   1.53679086E-03   1.14435458E-03   2.62375991E-03   4.18099688E-07
  0.475523591       1.24665315E-03   3.52688786E-03   1.59350620E-03   1.18668028E-03   2.62338389E-03   4.28331191E-07
  0.481251597       1.24625221E-03   3.52619868E-03   1.65159337E-03   1.23003509E-03   2.62300391E-03   4.38685134E-07
  0.486979604       1.24584476E-03   3.52549786E-03   1.71106809E-03   1.27443171E-03   2.62261787E-03   4.49161718E-07
  0.492707610       1.24543731E-03   3.52479541E-03   1.77194644E-03   1.31988211E-03   2.62223207E-03   4.59761281E-07
  0.498435616       1.24501868E-03   3.52407573E-03   1.83424447E-03   1.36639865E-03   2.62183486E-03   4.70482576E-07
  0.504163623       1.24459958E-03   3.52335419E-03   1.89797755E-03   1.41399365E-03   2.62143766E-03   4.81326765E-07
  0.509891629       1.24417513E-03   3.52262310E-03   1.96316210E-03   1.46267912E-03   2.62103602E-03   4.92293623E-07
  0.515619636       1.24374439E-03   3.52188060E-03   2.02981383E-03   1.51246740E-03   2.62062741E-03   5.03382353E-07
  0.521347642       1.24331366E-03   3.52113810E-03   2.09794869E-03   1.56337093E-03   2.62021762E-03   5.14594433E-07
  0.527075648       1.24287163E-03   3.52037861E-03   2.16758251E-03   1.61540171E-03   2.61979899E-03   5.25927589E-07
  0.532803655       1.24242925E-03   3.51961539E-03   2.23873090E-03   1.66857138E-03   2.61937897E-03   5.37383357E-07
  0.538531661       1.24198140E-03   3.51884449E-03   2.31140945E-03   1.72289659E-03   2.61895335E-03   5.48961623E-07
  0.544259667       1.24152738E-03   3.51806218E-03   2.38563586E-03   1.77838595E-03   2.61852355E-03   5.60661590E-07
  0.549987674       1.24107336E-03   3.51728010E-03   2.46142270E-03   1.83504750E-03   2.61809235E-03   5.72484453E-07
  0.555715680       1.24060817E-03   3.51647683E-03   2.53878813E-03   1.89289835E-03   2.61764973E-03   5.84428108E-07
  0.561443686       1.24014250E-03   3.51567380E-03   2.61774613E-03   1.95194944E-03   2.61720712E-03   5.96494544E-07
  0.567171693       1.23967172E-03   3.51486332E-03   2.69831368E-03   2.01221346E-03   2.61676032E-03   6.08682797E-07
  0.572899699       1.23919442E-03   3.51403956E-03   2.78050569E-03   2.07370217E-03   2.61630653E-03   6.20992353E-07
  0.578627706       1.23871712E-03   3.51321581E-03   2.86433846E-03   2.13642837E-03   2.61585251E-03   6.33424918E-07
  0.584355712       1.23822910E-03   3.51237506E-03   2.94982665E-03   2.20040395E-03   2.61539035E-03   6.45977877E-07
  0.590083718       1.23774016E-03   3.51153058E-03   3.03698727E-03   2.26564147E-03   2.61492375E-03   6.58653107E-07
  0.595811725       1.23724667E-03   3.51068052E-03   3.12583474E-03   2.33215210E-03   2.61445576E-03   6.71450152E-07
  0.601539731       1.23674609E-03   3.50981718E-03   3.21638538E-03   2.39994866E-03   2.61397916E-03   6.84367990E-07
  0.607267737       1.23624550E-03   3.50895221E-03   3.30865383E-03   2.46904278E-03   2.61350279E-03   6.97408609E-07
  0.612995744       1.23573502E-03   3.50807211E-03   3.40265548E-03   2.53944728E-03   2.61301640E-03   7.10569395E-07
  0.618723750       1.23522279E-03   3.50718619E-03   3.49840685E-03   2.61117355E-03   2.61252886E-03   7.23852111E-07
  0.624451756       1.23470696E-03   3.50629678E-03   3.59592331E-03   2.68423464E-03   2.61203828E-03   7.37256414E-07
  0.630179763       1.23418309E-03   3.50539223E-03   3.69521952E-03   2.75864243E-03   2.61153933E-03   7.50781339E-07
  0.635907769       1.23365922E-03   3.50448606E-03   3.79631133E-03   2.83440854E-03   2.61103897E-03   7.64428137E-07
  0.641635776       1.23312650E-03   3.50356661E-03   3.89921432E-03   2.91154557E-03   2.61053164E-03   7.78195272E-07
  0.647363782       1.23259099E-03   3.50263948E-03   4.00394248E-03   2.99006538E-03   2.61002150E-03   7.92083881E-07
  0.653091788       1.23205315E-03   3.50171095E-03   4.11051279E-03   3.06998054E-03   2.60950858E-03   8.06094079E-07
  0.658819795       1.23150600E-03   3.50076519E-03   4.21893783E-03   3.15130246E-03   2.60898727E-03   8.20223875E-07
  0.664547801       1.23095885E-03   3.49981990E-03   4.32923809E-03   3.23404325E-03   2.60846596E-03   8.34475884E-07
  0.670275807       1.23040425E-03   3.49885924E-03   4.44142520E-03   3.31821595E-03   2.60793627E-03   8.48847719E-07
  0.676003814       1.22984545E-03   3.49789322E-03   4.55551501E-03   3.40383174E-03   2.60740216E-03   8.63340517E-07
  0.681731820       1.22928596E-03   3.49692558E-03   4.67152242E-03   3.49090318E-03   2.60686968E-03   8.77955188E-07
  0.687459826       1.22871553E-03   3.49593908E-03   4.78946278E-03   3.57944169E-03   2.60632462E-03   8.92688149E-07
  0.693187833       1.22814509E-03   3.49495071E-03   4.90935054E-03   3.66946007E-03   2.60577956E-03   9.07543097E-07
  0.698915839       1.22756907E-03   3.49395513E-03   5.03120199E-03   3.76096973E-03   2.60523031E-03   9.22518211E-07
  0.704643846       1.22698699E-03   3.49294813E-03   5.15503203E-03   3.85398278E-03   2.60467385E-03   9.37613152E-07
  0.710371852       1.22640491E-03   3.49193974E-03   5.28085465E-03   3.94851202E-03   2.60411622E-03   9.52830248E-07
  0.716099858       1.22581248E-03   3.49091226E-03   5.40868612E-03   4.04456863E-03   2.60355021E-03   9.68165182E-07
  0.721827865       1.22521876E-03   3.48988525E-03   5.53854043E-03   4.14216332E-03   2.60298280E-03   9.83621703E-07
  0.727555871       1.22462178E-03   3.48885078E-03   5.67043386E-03   4.24131053E-03   2.60241143E-03   9.99198619E-07
  0.733283877       1.22401642E-03   3.48780141E-03   5.80438040E-03   4.34202142E-03   2.60183285E-03   1.01489422E-06
  0.739011884       1.22341106E-03   3.48675228E-03   5.94039587E-03   4.44430858E-03   2.60125287E-03   1.03071113E-06
  0.744739890       1.22279790E-03   3.48569010E-03   6.07849332E-03   4.54818411E-03   2.60066614E-03   1.04664673E-06
  0.750467896       1.22218090E-03   3.48462071E-03   6.21868810E-03   4.65365825E-03   2.60007661E-03   1.06270272E-06
  0.756195903       1.22156332E-03   3.48354946E-03   6.36099651E-03   4.76074452E-03   2.59948429E-03   1.07887979E-06
  0.761923909       1.22093468E-03   3.48245772E-03   6.50543161E-03   4.86945407E-03   2.59888219E-03   1.09517384E-06
  0.767651916       1.22030603E-03   3.48136807E-03   6.65200874E-03   4.97979950E-03   2.59827869E-03   1.11158920E-06
  0.773379922       1.21967250E-03   3.48026934E-03   6.80074329E-03   5.09179244E-03   2.59767240E-03   1.12812381E-06
  0.779107928       1.21903222E-03   3.47915757E-03   6.95164921E-03   5.20544406E-03   2.59705796E-03   1.14477700E-06
  0.784835935       1.21839193E-03   3.47804627E-03   7.10474281E-03   5.32076741E-03   2.59644352E-03   1.16155138E-06
  0.790563941       1.21774257E-03   3.47691984E-03   7.26003665E-03   5.43777552E-03   2.59582070E-03   1.17844286E-06
  0.796291947       1.21709064E-03   3.47578619E-03   7.41754565E-03   5.55647770E-03   2.59519508E-03   1.19545405E-06
  0.802019954       1.21643720E-03   3.47465114E-03   7.57728470E-03   5.67688746E-03   2.59456830E-03   1.21258620E-06
  0.807747960       1.21577363E-03   3.47349909E-03   7.73926917E-03   5.79901598E-03   2.59393035E-03   1.22983465E-06
  0.813475966       1.21511007E-03   3.47234565E-03   7.90351164E-03   5.92287537E-03   2.59329379E-03   1.24720384E-06
  0.819203973       1.21444103E-03   3.47118312E-03   8.07002839E-03   6.04847725E-03   2.59265047E-03   1.26469115E-06
  0.824931979       1.21376582E-03   3.47000943E-03   8.23883619E-03   6.17583469E-03   2.59200158E-03   1.28229658E-06
  0.830659986       1.21309061E-03   3.46883619E-03   8.40994343E-03   6.30495837E-03   2.59135268E-03   1.30002309E-06
  0.836387992       1.21240609E-03   3.46764619E-03   8.58337898E-03   6.43586088E-03   2.59069423E-03   1.31786544E-06
  0.842115998       1.21171924E-03   3.46644898E-03   8.75914283E-03   6.56855339E-03   2.59003299E-03   1.33582739E-06
  0.847844005       1.21103099E-03   3.46525223E-03   8.93724523E-03   6.70304755E-03   2.58937036E-03   1.35390940E-06
  0.853572011       1.21033250E-03   3.46403685E-03   9.11770668E-03   6.83935639E-03   2.58869817E-03   1.37210679E-06
  0.859300017       1.20963401E-03   3.46282171E-03   9.30054486E-03   6.97749108E-03   2.58802599E-03   1.39042413E-06
  0.865028024       1.20893063E-03   3.46159586E-03   9.48577002E-03   7.11746374E-03   2.58734846E-03   1.40886027E-06
  0.870756030       1.20822049E-03   3.46035906E-03   9.67339706E-03   7.25928554E-03   2.58666393E-03   1.42741192E-06
  0.876484036       1.20751036E-03   3.45912250E-03   9.86344088E-03   7.40296999E-03   2.58597941E-03   1.44608441E-06
  0.882212043       1.20679196E-03   3.45787127E-03   1.00559173E-02   7.54852640E-03   2.58528674E-03   1.46487332E-06
  0.887940049       1.20607018E-03   3.45661305E-03   1.02508375E-02   7.69596733E-03   2.58459011E-03   1.48377956E-06
  0.893668056       1.20534841E-03   3.45535506E-03   1.04482174E-02   7.84530584E-03   2.58389488E-03   1.50280653E-06
  0.899396062       1.20461511E-03   3.45407496E-03   1.06480708E-02   7.99655169E-03   2.58318707E-03   1.52194696E-06
  0.905124068       1.20388169E-03   3.45279695E-03   1.08504118E-02   8.14971887E-03   2.58247810E-03   1.54120721E-06
  0.910852075       1.20314525E-03   3.45151220E-03   1.10552525E-02   8.30481667E-03   2.58176657E-03   1.56058536E-06
  0.916580081       1.20240019E-03   3.45021253E-03   1.12626087E-02   8.46185908E-03   2.58104806E-03   1.58007867E-06
  0.922308087       1.20165513E-03   3.44891148E-03   1.14724925E-02   8.62085540E-03   2.58032698E-03   1.59969159E-06
  0.928036094       1.20090414E-03   3.44760157E-03   1.16849197E-02   8.78182147E-03   2.57960171E-03   1.61942035E-06
  0.933764100       1.20014744E-03   3.44628072E-03   1.18999043E-02   8.94476473E-03   2.57886969E-03   1.63926609E-06
  0.939492106       1.19939074E-03   3.44495848E-03   1.21174585E-02   9.10969730E-03   2.57813791E-03   1.65923052E-06
  0.945220113       1.19862531E-03   3.44362180E-03   1.23375980E-02   9.27663315E-03   2.57739634E-03   1.67930955E-06
  0.950948119       1.19785697E-03   3.44227790E-03   1.25603350E-02   9.44558345E-03   2.57665222E-03   1.69950590E-06
  0.956676126       1.19708863E-03   3.44093447E-03   1.27856834E-02   9.61655844E-03   2.57590832E-03   1.71982174E-06
  0.962404132       1.19630888E-03   3.43957287E-03   1.30136563E-02   9.78957117E-03   2.57515325E-03   1.74024979E-06
  0.968132138       1.19552889E-03   3.43820965E-03   1.32442676E-02   9.96463280E-03   2.57439702E-03   1.76079618E-06
  0.973860145       1.19474670E-03   3.43683967E-03   1.34775378E-02   1.01417545E-02   2.57363822E-03   1.78146036E-06
  0.979588151       1.19395507E-03   3.43545503E-03   1.37134679E-02   1.03209494E-02   2.57287105E-03   1.80223822E-06
  0.985316157       1.19316345E-03   3.43407295E-03   1.39520774E-02   1.05022276E-02   2.57210433E-03   1.82313443E-06
  0.991044164       1.19236729E-03   3.43268947E-03   1.41933793E-02   1.06856013E-02   2.57133343E-03   1.84414750E-06
  0.996772170       1.19156402E-03   3.43129341E-03   1.44373877E-02   1.08710825E-02   2.57055438E-03   1.86527529E-06
   1.00249755       1.19076075E-03   3.42989783E-03   1.46841174E-02   1.10586816E-02   2.56977696E-03   1.88651222E-06
   1.00821960       1.18995085E-03   3.42848967E-03   1.49335777E-02   1.12484097E-02   2.56899255E-03   1.90784954E-06
   1.01394165       1.18913595E-03   3.42707266E-03   1.51857818E-02   1.14402771E-02   2.56820163E-03   1.92930247E-06
   1.01966369       1.18832104E-03   3.42565449E-03   1.54407416E-02   1.16342967E-02   2.56741070E-03   1.95087296E-06
   1.02538574       1.18749752E-03   3.42422165E-03   1.56984720E-02   1.18304780E-02   2.56661163E-03   1.97255576E-06
   1.03110778       1.18667097E-03   3.42278392E-03   1.59589872E-02   1.20288320E-02   2.56580999E-03   1.99435476E-06
   1.03682983       1.18584442E-03   3.42134479E-03   1.62222981E-02   1.22293737E-02   2.56500742E-03   2.01627222E-06
   1.04255188       1.18500751E-03   3.41988774E-03   1.64884180E-02   1.24321114E-02   2.56419345E-03   2.03829882E-06
   1.04827392       1.18416932E-03   3.41842743E-03   1.67573597E-02   1.26370583E-02   2.56337994E-03   2.06044274E-06
   1.05399597       1.18333090E-03   3.41696758E-03   1.70291420E-02   1.28442254E-02   2.56256387E-03   2.08270444E-06
   1.05971801       1.18248106E-03   3.41548608E-03   1.73037704E-02   1.30536240E-02   2.56173825E-03   2.10507551E-06
   1.06544006       1.18163123E-03   3.41400318E-03   1.75812598E-02   1.32652670E-02   2.56091007E-03   2.12756368E-06
   1.07116210       1.18077977E-03   3.41251912E-03   1.78616252E-02   1.34791648E-02   2.56008212E-03   2.15016803E-06
   1.07688415       1.17991830E-03   3.41101689E-03   1.81448758E-02   1.36953266E-02   2.55924324E-03   2.17288198E-06
   1.08260620       1.17905682E-03   3.40951188E-03   1.84310284E-02   1.39137665E-02   2.55840318E-03   2.19571393E-06
   1.08832824       1.17819256E-03   3.40800523E-03   1.87200941E-02   1.41344974E-02   2.55756220E-03   2.21866048E-06
   1.09405029       1.17731944E-03   3.40647902E-03   1.90120842E-02   1.43575277E-02   2.55671004E-03   2.24171617E-06
   1.09977233       1.17644633E-03   3.40495515E-03   1.93070155E-02   1.45828649E-02   2.55585951E-03   2.26489033E-06
   1.10549438       1.17556949E-03   3.40342475E-03   1.96048971E-02   1.48105267E-02   2.55500386E-03   2.28817794E-06
   1.11121643       1.17468473E-03   3.40187806E-03   1.99057404E-02   1.50405215E-02   2.55413982E-03   2.31157514E-06
   1.11693847       1.17379997E-03   3.40033206E-03   2.02095602E-02   1.52728660E-02   2.55327625E-03   2.33509036E-06
   1.12266052       1.17291079E-03   3.39877559E-03   2.05163714E-02   1.55075686E-02   2.55240733E-03   2.35871789E-06
   1.12838256       1.17201440E-03   3.39720864E-03   2.08261814E-02   1.57446377E-02   2.55153188E-03   2.38245661E-06
   1.13410461       1.17111800E-03   3.39564052E-03   2.11390052E-02   1.59840863E-02   2.55065504E-03   2.40631039E-06
   1.13982666       1.17021659E-03   3.39406193E-03   2.14548558E-02   1.62259266E-02   2.54977308E-03   2.43027716E-06
   1.14554870       1.16930855E-03   3.39247286E-03   2.17737444E-02   1.64701696E-02   2.54888437E-03   2.45435399E-06
   1.15127075       1.16840051E-03   3.39088286E-03   2.20956840E-02   1.67168248E-02   2.54799449E-03   2.47854723E-06
   1.15699279       1.16748724E-03   3.38928401E-03   2.24206895E-02   1.69659052E-02   2.54710088E-03   2.50285234E-06
   1.16271484       1.16656756E-03   3.38767120E-03   2.27487646E-02   1.72174238E-02   2.54619913E-03   2.52726818E-06
   1.16843688       1.16564787E-03   3.38605931E-03   2.30799355E-02   1.74713880E-02   2.54529784E-03   2.55179816E-06
   1.17415893       1.16472295E-03   3.38443881E-03   2.34141871E-02   1.77278109E-02   2.54439097E-03   2.57644069E-06
   1.17988098       1.16379163E-03   3.38280411E-03   2.37515736E-02   1.79867055E-02   2.54347781E-03   2.60119305E-06
   1.18560302       1.16286031E-03   3.38117033E-03   2.40920726E-02   1.82480849E-02   2.54256325E-03   2.62606090E-06
   1.19132507       1.16192398E-03   3.37952795E-03   2.44357120E-02   1.85119510E-02   2.54164357E-03   2.65103927E-06
   1.19704711       1.16098102E-03   3.37787159E-03   2.47824937E-02   1.87783204E-02   2.54071737E-03   2.67612654E-06
   1.20276916       1.16003805E-03   3.37621593E-03   2.51324382E-02   1.90472044E-02   2.53979000E-03   2.70132932E-06
   1.20849121       1.15909055E-03   3.37455189E-03   2.54855547E-02   1.93186160E-02   2.53885868E-03   2.72664329E-06
   1.21421325       1.15813594E-03   3.37287388E-03   2.58418527E-02   1.95925608E-02   2.53791944E-03   2.75206548E-06
   1.21993530       1.15718134E-03   3.37119680E-03   2.62013488E-02   1.98690575E-02   2.53697927E-03   2.77760319E-06
   1.22565734       1.15622301E-03   3.36951134E-03   2.65640505E-02   2.01481134E-02   2.53603654E-03   2.80325094E-06
   1.23137939       1.15525676E-03   3.36781167E-03   2.69299708E-02   2.04297397E-02   2.53508426E-03   2.82900555E-06
   1.23710144       1.15429051E-03   3.36611108E-03   2.72991210E-02   2.07139440E-02   2.53413268E-03   2.85487613E-06
   1.24282348       1.15332159E-03   3.36440606E-03   2.76715159E-02   2.10007448E-02   2.53317715E-03   2.88085789E-06
   1.24854553       1.15234370E-03   3.36268311E-03   2.80471593E-02   2.12901477E-02   2.53221206E-03   2.90694447E-06
   1.25426757       1.15136581E-03   3.36096133E-03   2.84260735E-02   2.15821620E-02   2.53124605E-03   2.93314611E-06
   1.25998962       1.15038652E-03   3.35923466E-03   2.88082603E-02   2.18768045E-02   2.53027910E-03   2.95946097E-06
   1.26571167       1.14939699E-03   3.35749239E-03   2.91937348E-02   2.21740827E-02   2.52930284E-03   2.98587793E-06
   1.27143371       1.14840746E-03   3.35574732E-03   2.95825116E-02   2.24740077E-02   2.52832402E-03   3.01241062E-06
   1.27715576       1.14741793E-03   3.35400132E-03   2.99746003E-02   2.27765944E-02   2.52734567E-03   3.03905585E-06
   1.28287780       1.14641711E-03   3.35223600E-03   3.03700082E-02   2.30818465E-02   2.52635521E-03   3.06580318E-06
   1.28859985       1.14541594E-03   3.35046975E-03   3.07687502E-02   2.33897809E-02   2.52536521E-03   3.09266397E-06
   1.29432189       1.14441477E-03   3.34870094E-03   3.11708376E-02   2.37004124E-02   2.52437289E-03   3.11963868E-06
   1.30004394       1.14340417E-03   3.34691629E-03   3.15762796E-02   2.40137409E-02   2.52337242E-03   3.14671524E-06
   1.30576599       1.14239135E-03   3.34512722E-03   3.19850966E-02   2.43297871E-02   2.52236822E-03   3.17390300E-06
   1.31148803       1.14137854E-03   3.34333722E-03   3.23972814E-02   2.46485528E-02   2.52136309E-03   3.20120557E-06
   1.31721008       1.14035862E-03   3.34153348E-03   3.28128710E-02   2.49700565E-02   2.52035167E-03   3.22861251E-06
   1.32293212       1.13933417E-03   3.33972159E-03   3.32318470E-02   2.52943058E-02   2.51933490E-03   3.25612677E-06
   1.32865417       1.13830972E-03   3.33790877E-03   3.36542316E-02   2.56213117E-02   2.51831696E-03   3.28375427E-06
   1.33437622       1.13728072E-03   3.33608780E-03   3.40800397E-02   2.59510856E-02   2.51729414E-03   3.31148863E-06
   1.34009826       1.13624462E-03   3.33425310E-03   3.45092826E-02   2.62836386E-02   2.51626479E-03   3.33932803E-06
   1.34582031       1.13520853E-03   3.33241769E-03   3.49419676E-02   2.66189799E-02   2.51523452E-03   3.36727885E-06
   1.35154235       1.13417080E-03   3.33057973E-03   3.53781022E-02   2.69571263E-02   2.51420191E-03   3.39534336E-06
   1.35726440       1.13312306E-03   3.32873175E-03   3.58177051E-02   2.72980817E-02   2.51316000E-03   3.42350677E-06
   1.36298645       1.13207533E-03   3.32688657E-03   3.62607874E-02   2.76418589E-02   2.51211855E-03   3.45178501E-06
   1.36870849       1.13102759E-03   3.32504231E-03   3.67073528E-02   2.79884692E-02   2.51107756E-03   3.48017534E-06
   1.37443054       1.12996995E-03   3.32318107E-03   3.71574238E-02   2.83379257E-02   2.51002470E-03   3.50866594E-06
   1.38015258       1.12891058E-03   3.32131330E-03   3.76109965E-02   2.86902376E-02   2.50897068E-03   3.53726568E-06
   1.38587463       1.12785120E-03   3.31944670E-03   3.80680934E-02   2.90454142E-02   2.50791595E-03   3.56597707E-06
   1.39159667       1.12678553E-03   3.31756845E-03   3.85287181E-02   2.94034667E-02   2.50685331E-03   3.59479236E-06
   1.39731872       1.12571451E-03   3.31568043E-03   3.89928892E-02   2.97644045E-02   2.50578695E-03   3.62371270E-06
   1.40304077       1.12464349E-03   3.31378961E-03   3.94606069E-02   3.01282406E-02   2.50471826E-03   3.65274514E-06
   1.40876281       1.12357014E-03   3.31189646E-03   3.99318859E-02   3.04949861E-02   2.50364747E-03   3.68188580E-06
   1.41448486       1.12248748E-03   3.30998260E-03   4.04067300E-02   3.08646485E-02   2.50256597E-03   3.71112310E-06
   1.42020690       1.12140481E-03   3.30807152E-03   4.08851653E-02   3.12372427E-02   2.50148494E-03   3.74047431E-06
   1.42592895       1.12032215E-03   3.30615789E-03   4.13671881E-02   3.16127799E-02   2.50040297E-03   3.76993512E-06
   1.43165100       1.11922994E-03   3.30422912E-03   4.18528132E-02   3.19912657E-02   2.49931053E-03   3.79949347E-06
   1.43737304       1.11813564E-03   3.30229243E-03   4.23420519E-02   3.23727094E-02   2.49821600E-03   3.82915960E-06
   1.44309509       1.11704133E-03   3.30035668E-03   4.28349078E-02   3.27571295E-02   2.49712029E-03   3.85893736E-06
   1.44881713       1.11594237E-03   3.29841138E-03   4.33313958E-02   3.31445299E-02   2.49601970E-03   3.88881881E-06
   1.45453918       1.11483643E-03   3.29645467E-03   4.38315235E-02   3.35349254E-02   2.49491143E-03   3.91879985E-06
   1.46026123       1.11373048E-03   3.29449517E-03   4.43353057E-02   3.39283235E-02   2.49380246E-03   3.94889184E-06
   1.46598327       1.11262454E-03   3.29253520E-03   4.48427461E-02   3.43247391E-02   2.49269232E-03   3.97909298E-06
   1.47170532       1.11150753E-03   3.29055474E-03   4.53538597E-02   3.47241759E-02   2.49157171E-03   4.00938916E-06
   1.47742736       1.11038995E-03   3.28857382E-03   4.58686501E-02   3.51266488E-02   2.49044900E-03   4.03979357E-06
   1.48314941       1.10927236E-03   3.28659033E-03   4.63871360E-02   3.55321690E-02   2.48932559E-03   4.07030757E-06
   1.48887146       1.10814953E-03   3.28459707E-03   4.69093136E-02   3.59407514E-02   2.48819683E-03   4.10092480E-06
   1.49459350       1.10702030E-03   3.28259263E-03   4.74352129E-02   3.63523960E-02   2.48706061E-03   4.13163980E-06
   1.50031555       1.10589107E-03   3.28058749E-03   4.79648374E-02   3.67671102E-02   2.48592370E-03   4.16246485E-06
   1.50603759       1.10476185E-03   3.27858003E-03   4.84981872E-02   3.71849202E-02   2.48478702E-03   4.19340131E-06
   1.51175964       1.10362191E-03   3.27655417E-03   4.90352623E-02   3.76058184E-02   2.48363754E-03   4.22442690E-06
   1.51748168       1.10248104E-03   3.27452575E-03   4.95760888E-02   3.80298235E-02   2.48248689E-03   4.25556163E-06
   1.52320373       1.10134017E-03   3.27249500E-03   5.01206703E-02   3.84569615E-02   2.48133554E-03   4.28680460E-06
   1.52892578       1.10019534E-03   3.27045843E-03   5.06690182E-02   3.88872251E-02   2.48018070E-03   4.31814988E-06
   1.53464782       1.09904283E-03   3.26840673E-03   5.12211397E-02   3.93206254E-02   2.47901678E-03   4.34959065E-06
   1.54036987       1.09789032E-03   3.26635293E-03   5.17770462E-02   3.97571810E-02   2.47785216E-03   4.38114148E-06
   1.54609191       1.09673780E-03   3.26429866E-03   5.23367412E-02   4.01968881E-02   2.47668521E-03   4.41279963E-06
   1.55181396       1.09557691E-03   3.26222950E-03   5.29002473E-02   4.06397730E-02   2.47551082E-03   4.44455191E-06
   1.55753601       1.09441276E-03   3.26015288E-03   5.34675643E-02   4.10858355E-02   2.47433293E-03   4.47640650E-06
   1.56325805       1.09324860E-03   3.25807557E-03   5.40386960E-02   4.15350907E-02   2.47315411E-03   4.50836978E-06
   1.56898010       1.09208375E-03   3.25599615E-03   5.46136536E-02   4.19875458E-02   2.47197319E-03   4.54043993E-06
   1.57470214       1.09090796E-03   3.25389649E-03   5.51924556E-02   4.24432084E-02   2.47078063E-03   4.57259694E-06
   1.58042419       1.08973216E-03   3.25179473E-03   5.57750985E-02   4.29021046E-02   2.46958737E-03   4.60486172E-06
   1.58614624       1.08855637E-03   3.24969413E-03   5.63615933E-02   4.33642194E-02   2.46839318E-03   4.63723609E-06
   1.59186828       1.08737662E-03   3.24758445E-03   5.69519587E-02   4.38295789E-02   2.46719411E-03   4.66970823E-06
   1.59759033       1.08618918E-03   3.24545801E-03   5.75461946E-02   4.42981943E-02   2.46598758E-03   4.70227405E-06
   1.60331237       1.08500174E-03   3.24333319E-03   5.81443124E-02   4.47700731E-02   2.46477895E-03   4.73494674E-06
   1.60903442       1.08381431E-03   3.24120792E-03   5.87463155E-02   4.52452227E-02   2.46357103E-03   4.76772675E-06
   1.61475646       1.08262012E-03   3.23906820E-03   5.93522191E-02   4.57236581E-02   2.46235402E-03   4.80060044E-06
   1.62047851       1.08142104E-03   3.23692081E-03   5.99620305E-02   4.62053828E-02   2.46113236E-03   4.83357189E-06
   1.62620056       1.08022196E-03   3.23476968E-03   6.05757609E-02   4.66904081E-02   2.45991000E-03   4.86664931E-06
   1.63192260       1.07902288E-03   3.23261973E-03   6.11934140E-02   4.71787490E-02   2.45868671E-03   4.89983177E-06
   1.63764465       1.07781496E-03   3.23045021E-03   6.18149899E-02   4.76704165E-02   2.45745340E-03   4.93310608E-06
   1.64336669       1.07660424E-03   3.22828186E-03   6.24405071E-02   4.81654108E-02   2.45621661E-03   4.96647863E-06
   1.64908874       1.07539352E-03   3.22612398E-03   6.30699694E-02   4.86637503E-02   2.45498167E-03   4.99996349E-06
   1.65481079       1.07418280E-03   3.22396401E-03   6.37034103E-02   4.91654426E-02   2.45374627E-03   5.03355432E-06
   1.66053283       1.07296184E-03   3.22178612E-03   6.43408000E-02   4.96705063E-02   2.45250040E-03   5.06723063E-06
   1.66625488       1.07173948E-03   3.21960426E-03   6.49821535E-02   5.01789227E-02   2.45125126E-03   5.10100836E-06
   1.67197692       1.07051712E-03   3.21742217E-03   6.56275228E-02   5.06907254E-02   2.45000143E-03   5.13489113E-06
   1.67769897       1.06929475E-03   3.21523612E-03   6.62768632E-02   5.12059256E-02   2.44875089E-03   5.16888031E-06
   1.68342102       1.06806133E-03   3.21303238E-03   6.69301972E-02   5.17245382E-02   2.44748895E-03   5.20295134E-06
   1.68914306       1.06682733E-03   3.21082468E-03   6.75875545E-02   5.22465594E-02   2.44622491E-03   5.23712470E-06
   1.69486511       1.06559333E-03   3.20861675E-03   6.82488978E-02   5.27720004E-02   2.44496018E-03   5.27140310E-06
   1.70058715       1.06435933E-03   3.20640858E-03   6.89142793E-02   5.33008762E-02   2.44369498E-03   5.30578791E-06
   1.70630920       1.06311415E-03   3.20417737E-03   6.95836842E-02   5.38331904E-02   2.44241673E-03   5.34025003E-06
   1.71203125       1.06186850E-03   3.20194778E-03   7.02571198E-02   5.43689616E-02   2.44113780E-03   5.37481628E-06
   1.71775329       1.06062286E-03   3.19971447E-03   7.09346235E-02   5.49081936E-02   2.43985839E-03   5.40948577E-06
   1.72347534       1.05937722E-03   3.19747906E-03   7.16161504E-02   5.54508902E-02   2.43857689E-03   5.44426121E-06
   1.72919738       1.05812110E-03   3.19522596E-03   7.23017678E-02   5.59970811E-02   2.43728398E-03   5.47911486E-06
   1.73491943       1.05686381E-03   3.19296937E-03   7.29914233E-02   5.65467589E-02   2.43599061E-03   5.51407265E-06
   1.74064147       1.05560652E-03   3.19071067E-03   7.36851767E-02   5.70999309E-02   2.43469514E-03   5.54913095E-06
   1.74636352       1.05434924E-03   3.18845175E-03   7.43829906E-02   5.76566234E-02   2.43339897E-03   5.58429338E-06
   1.75208557       1.05308287E-03   3.18617537E-03   7.50849098E-02   5.82168251E-02   2.43209279E-03   5.61953811E-06
   1.75780761       1.05181395E-03   3.18389363E-03   7.57909119E-02   5.87805696E-02   2.43078195E-03   5.65487608E-06
   1.76352966       1.05054502E-03   3.18160979E-03   7.65010267E-02   5.93478382E-02   2.42947182E-03   5.69032136E-06
   1.76925170       1.04927609E-03   3.17932433E-03   7.72152394E-02   5.99186644E-02   2.42815982E-03   5.72586714E-06
   1.77497375       1.04800053E-03   3.17702652E-03   7.79335797E-02   6.04930483E-02   2.42684060E-03   5.76149932E-06
   1.78069580       1.04671996E-03   3.17471800E-03   7.86560252E-02   6.10710047E-02   2.42551533E-03   5.79722246E-06
   1.78641784       1.04543939E-03   3.17240972E-03   7.93826357E-02   6.16525374E-02   2.42418796E-03   5.83304518E-06
   1.79213989       1.04415882E-03   3.17009934E-03   8.01133588E-02   6.22376502E-02   2.42286152E-03   5.86897340E-06
   1.79786193       1.04287488E-03   3.16778221E-03   8.08482468E-02   6.28263578E-02   2.42152927E-03   5.90499212E-06
   1.80358398       1.04158267E-03   3.16544925E-03   8.15872550E-02   6.34186789E-02   2.42018816E-03   5.94109224E-06
   1.80930603       1.04029046E-03   3.16311442E-03   8.23304281E-02   6.40146211E-02   2.41884659E-03   5.97729559E-06
   1.81502807       1.03899825E-03   3.16077820E-03   8.30777660E-02   6.46141842E-02   2.41750316E-03   6.01359761E-06
   1.82075012       1.03770604E-03   3.15844174E-03   8.38292688E-02   6.52173832E-02   2.41615926E-03   6.05000150E-06
   1.82647216       1.03640300E-03   3.15608270E-03   8.45849663E-02   6.58242255E-02   2.41480255E-03   6.08647724E-06
   1.83219421       1.03509915E-03   3.15372366E-03   8.53448212E-02   6.64347187E-02   2.41344562E-03   6.12305439E-06
   1.83791625       1.03379530E-03   3.15136136E-03   8.61088783E-02   6.70488700E-02   2.41208659E-03   6.15972976E-06
   1.84363830       1.03249145E-03   3.14899907E-03   8.68771374E-02   6.76666945E-02   2.41072709E-03   6.19650609E-06
   1.84936035       1.03118212E-03   3.14662466E-03   8.76495838E-02   6.82882071E-02   2.40936014E-03   6.23336655E-06
   1.85508239       1.02986663E-03   3.14423814E-03   8.84262547E-02   6.89134076E-02   2.40798644E-03   6.27031113E-06
   1.86080444       1.02855114E-03   3.14185023E-03   8.92071277E-02   6.95423111E-02   2.40661064E-03   6.30735576E-06
   1.86652648       1.02723564E-03   3.13946209E-03   8.99922103E-02   7.01749176E-02   2.40523578E-03   6.34449862E-06
   1.87224853       1.02592015E-03   3.13707092E-03   9.07815397E-02   7.08112344E-02   2.40385882E-03   6.38174106E-06
   1.87797058       1.02459395E-03   3.13466066E-03   9.15751010E-02   7.14512840E-02   2.40246975E-03   6.41905399E-06
   1.88369262       1.02326681E-03   3.13224550E-03   9.23728794E-02   7.20950887E-02   2.40107859E-03   6.45646196E-06
   1.88941467       1.02193968E-03   3.12984432E-03   9.31749195E-02   7.27426261E-02   2.39968835E-03   6.49397589E-06
   1.89513671       1.02061254E-03   3.12744500E-03   9.39812064E-02   7.33939260E-02   2.39829905E-03   6.53158895E-06
   1.90085876       1.01928227E-03   3.12504056E-03   9.47917625E-02   7.40489960E-02   2.39690510E-03   6.56929569E-06
   1.90658081       1.01794349E-03   3.12261889E-03   9.56065655E-02   7.47078359E-02   2.39550136E-03   6.60707065E-06
   1.91230285       1.01660471E-03   3.12019605E-03   9.64256674E-02   7.53704533E-02   2.39409599E-03   6.64494655E-06
   1.91802490       1.01526594E-03   3.11777135E-03   9.72490311E-02   7.60368630E-02   2.39269016E-03   6.68292023E-06
   1.92374694       1.01392716E-03   3.11534526E-03   9.80766714E-02   7.67070726E-02   2.39128247E-03   6.72099213E-06
   1.92946899       1.01258233E-03   3.11290752E-03   9.89085957E-02   7.73810968E-02   2.38986895E-03   6.75914271E-06
   1.93519104       1.01123191E-03   3.11045954E-03   9.97448340E-02   7.80589432E-02   2.38844729E-03   6.79737605E-06
   1.94091308       1.00988150E-03   3.10800667E-03  0.100585364       7.87406042E-02   2.38702493E-03   6.83570443E-06
   1.94663513       1.00853108E-03   3.10555589E-03  0.101430185       7.94261247E-02   2.38560094E-03   6.87412694E-06
   1.95235717       1.00718066E-03   3.10310186E-03  0.102279320       8.01154897E-02   2.38417648E-03   6.91264995E-06
   1.95807922       1.00582268E-03   3.10063432E-03  0.103132769       8.08087066E-02   2.38274387E-03   6.95124390E-06
   1.96380126       1.00446062E-03   3.09815514E-03  0.103990547       8.15057755E-02   2.38130405E-03   6.98992289E-06
   1.96952331       1.00309856E-03   3.09567642E-03  0.104852647       8.22067186E-02   2.37986376E-03   7.02869556E-06
   1.97524536       1.00173650E-03   3.09319608E-03  0.105719067       8.29115510E-02   2.37842323E-03   7.06756646E-06
   1.98096740       1.00037444E-03   3.09071620E-03  0.106589817       8.36202875E-02   2.37698085E-03   7.10653148E-06
   1.98668945       9.99004929E-04   3.08821956E-03  0.107464917       8.43329057E-02   2.37553031E-03   7.14556882E-06
   1.99241149       9.97631229E-04   3.08571314E-03  0.108344369       8.50494280E-02   2.37407256E-03   7.18468800E-06
   1.99813354       9.96257528E-04   3.08320718E-03  0.109228164       8.57698768E-02   2.37261457E-03   7.22390132E-06
   2.00385571       9.94883827E-04   3.08069796E-03  0.110116303       8.64942595E-02   2.37115636E-03   7.26320877E-06
   2.00957775       9.93510126E-04   3.07818921E-03  0.111008815       8.72225612E-02   2.36969627E-03   7.30261127E-06
   2.01529980       9.92130605E-04   3.07566742E-03  0.111905672       8.79548043E-02   2.36822921E-03   7.34209289E-06
   2.02102184       9.90745262E-04   3.07313236E-03  0.112806901       8.86910185E-02   2.36675399E-03   7.38164363E-06
   2.02674389       9.89359920E-04   3.07059754E-03  0.113712519       8.94311890E-02   2.36527855E-03   7.42128805E-06
   2.03246593       9.87974578E-04   3.06805992E-03  0.114622526       9.01753083E-02   2.36380124E-03   7.46103069E-06
   2.03818798       9.86589235E-04   3.06552113E-03  0.115536913       9.09234360E-02   2.36232253E-03   7.50086156E-06
   2.04391003       9.85201565E-04   3.06297769E-03  0.116455682       9.16755348E-02   2.36084056E-03   7.54077837E-06
   2.04963207       9.83804581E-04   3.06041609E-03  0.117378831       9.24316198E-02   2.35934812E-03   7.58075930E-06
   2.05535412       9.82407597E-04   3.05785169E-03  0.118306361       9.31917354E-02   2.35785381E-03   7.62083027E-06
   2.06107616       9.81010613E-04   3.05528590E-03  0.119238272       9.39558372E-02   2.35635927E-03   7.66099492E-06
   2.06679821       9.79613629E-04   3.05271754E-03  0.120174609       9.47239697E-02   2.35486310E-03   7.70124825E-06
   2.07252026       9.78216645E-04   3.05014942E-03  0.121115334       9.54961404E-02   2.35336507E-03   7.74160071E-06
   2.07824230       9.76811047E-04   3.04756337E-03  0.122060478       9.62723196E-02   2.35185656E-03   7.78200774E-06
   2.08396435       9.75405273E-04   3.04497639E-03  0.123010039       9.70525816E-02   2.35034782E-03   7.82250572E-06
   2.08968639       9.73996648E-04   3.04238149E-03  0.123964012       9.78368670E-02   2.34883348E-03   7.86308829E-06
   2.09540844       9.72588023E-04   3.03978543E-03  0.124922410       9.86252353E-02   2.34731892E-03   7.90375998E-06
   2.10113049       9.71176429E-04   3.03718494E-03  0.125885189       9.94176641E-02   2.34580017E-03   7.94451353E-06
   2.10685253       9.69761983E-04   3.03459493E-03  0.126852438      0.100214183       2.34427978E-03   7.98535621E-06
   2.11257458       9.68347536E-04   3.03200213E-03  0.127824128      0.101014785       2.34275893E-03   8.02628892E-06
   2.11829662       9.66929365E-04   3.02940165E-03  0.128800258      0.101819485       2.34123156E-03   8.06729986E-06
   2.12401867       9.65509098E-04   3.02679674E-03  0.129780844      0.102628283       2.33970257E-03   8.10839265E-06
   2.12974072       9.64088831E-04   3.02418740E-03  0.130765870      0.103441201       2.33817077E-03   8.14957548E-06
   2.13546276       9.62664373E-04   3.02157202E-03  0.131755352      0.104258232       2.33663339E-03   8.19083016E-06
   2.14118481       9.61238286E-04   3.01895058E-03  0.132749274      0.105079420       2.33509345E-03   8.23216851E-06
   2.14690685       9.59812198E-04   3.01632821E-03  0.133747667      0.105904721       2.33355165E-03   8.27359418E-06
   2.15262890       9.58381803E-04   3.01369489E-03  0.134750515      0.106734194       2.33200472E-03   8.31509442E-06
   2.15835094       9.56949894E-04   3.01105715E-03  0.135757834      0.107567787       2.33045360E-03   8.35667379E-06
   2.16407299       9.55517986E-04   3.00842011E-03  0.136769623      0.108405568       2.32890225E-03   8.39834320E-06
   2.16979504       9.54082003E-04   3.00577050E-03  0.137785882      0.109247513       2.32734554E-03   8.44008719E-06
   2.17551708       9.52644274E-04   3.00311833E-03  0.138806611      0.110093623       2.32578465E-03   8.48190848E-06
   2.18123913       9.51206544E-04   3.00046522E-03  0.139831826      0.110943943       2.32422375E-03   8.52382072E-06
   2.18696117       9.49765323E-04   2.99780280E-03  0.140861526      0.111798435       2.32265610E-03   8.56580027E-06
   2.19268322       9.48321773E-04   2.99513293E-03  0.141895697      0.112657137       2.32108566E-03   8.60785985E-06
   2.19840527       9.46878223E-04   2.99246400E-03  0.142934352      0.113520056       2.31951382E-03   8.65000766E-06
   2.20412731       9.45432228E-04   2.98978738E-03  0.143977508      0.114387177       2.31793663E-03   8.69223004E-06
   2.20984936       9.43982857E-04   2.98710330E-03  0.145025149      0.115258537       2.31635687E-03   8.73452427E-06
   2.21557140       9.42533487E-04   2.98441690E-03  0.146077290      0.116134137       2.31477409E-03   8.77690491E-06
   2.22129345       9.41083068E-04   2.98172771E-03  0.147133917      0.117013961       2.31318874E-03   8.81936921E-06
   2.22701550       9.39627877E-04   2.97902804E-03  0.148195043      0.117898040       2.31159828E-03   8.86189446E-06
   2.23273754       9.38172685E-04   2.97632604E-03  0.149260685      0.118786395       2.31000478E-03   8.90450428E-06
   2.23845959       9.36717493E-04   2.97362148E-03  0.150330812      0.119678997       2.30841013E-03   8.94720233E-06
   2.24418163       9.35257296E-04   2.97090784E-03  0.151405439      0.120575868       2.30680872E-03   8.98996041E-06
   2.24990368       9.33796284E-04   2.96818861E-03  0.152484581      0.121477023       2.30520614E-03   9.03279852E-06
   2.25562572       9.32335272E-04   2.96547031E-03  0.153568238      0.122382477       2.30360078E-03   9.07572303E-06
   2.26134777       9.30871640E-04   2.96274316E-03  0.154656410      0.123292223       2.30199145E-03   9.11871848E-06
   2.26706982       9.29404807E-04   2.96001020E-03  0.155749097      0.124206267       2.30037817E-03   9.16178215E-06
   2.27279186       9.27937974E-04   2.95727351E-03  0.156846300      0.125124648       2.29876349E-03   9.20493221E-06
   2.27851391       9.26471141E-04   2.95453588E-03  0.157948017      0.126047313       2.29714625E-03   9.24816140E-06
   2.28423595       9.24998778E-04   2.95178615E-03  0.159054250      0.126974300       2.29552132E-03   9.29145062E-06
   2.28995800       9.23526124E-04   2.94903270E-03  0.160164997      0.127905622       2.29389500E-03   9.33481806E-06
   2.29568005       9.22053470E-04   2.94628344E-03  0.161280259      0.128841311       2.29226844E-03   9.37827281E-06
   2.30140209       9.20578779E-04   2.94354465E-03  0.162400082      0.129781350       2.29064072E-03   9.42181032E-06
   2.30712414       9.19100305E-04   2.94079562E-03  0.163524419      0.130725741       2.28900788E-03   9.46541240E-06
   2.31284618       9.17621830E-04   2.93804589E-03  0.164653286      0.131674498       2.28737365E-03   9.50909271E-06
   2.31856823       9.16143355E-04   2.93529406E-03  0.165786698      0.132627606       2.28573661E-03   9.55285577E-06
   2.32429028       9.14661039E-04   2.93253176E-03  0.166924641      0.133585095       2.28409469E-03   9.59668341E-06
   2.33001232       9.13176744E-04   2.92976550E-03  0.168067127      0.134546965       2.28245021E-03   9.64058017E-06
   2.33573437       9.11692448E-04   2.92699737E-03  0.169214159      0.135513246       2.28080293E-03   9.68455788E-06
   2.34145641       9.10208153E-04   2.92422669E-03  0.170365721      0.136483923       2.27915449E-03   9.72861380E-06
   2.34717846       9.08718852E-04   2.92144599E-03  0.171521842      0.137459010       2.27749860E-03   9.77272884E-06
   2.35290051       9.07228736E-04   2.91865994E-03  0.172682494      0.138438508       2.27584015E-03   9.81691210E-06
   2.35862255       9.05738620E-04   2.91587319E-03  0.173847690      0.139422432       2.27418146E-03   9.86117902E-06
   2.36434460       9.04248504E-04   2.91308458E-03  0.175017461      0.140410781       2.27252045E-03   9.90552144E-06
   2.37006664       9.02753032E-04   2.91028409E-03  0.176191792      0.141403571       2.27085175E-03   9.94992115E-06
   2.37578869       9.01257095E-04   2.90747988E-03  0.177370653      0.142400816       2.26918049E-03   9.99439271E-06
   2.38151073       8.99761159E-04   2.90467520E-03  0.178554058      0.143402502       2.26750947E-03   1.00389398E-05
   2.38723278       8.98265222E-04   2.90186680E-03  0.179742023      0.144408643       2.26583565E-03   1.00835659E-05
   2.39295483       8.96764395E-04   2.89904838E-03  0.180934548      0.145419255       2.26415461E-03   1.01282458E-05
   2.39867687       8.95262638E-04   2.89622648E-03  0.182131618      0.146434337       2.26247101E-03   1.01729947E-05
   2.40439892       8.93760880E-04   2.89340084E-03  0.183333233      0.147453904       2.26078625E-03   1.02178210E-05
   2.41012096       8.92259122E-04   2.89057498E-03  0.184539407      0.148477957       2.25909892E-03   1.02627246E-05
   2.41584301       8.90753872E-04   2.88774050E-03  0.185750127      0.149506494       2.25740788E-03   1.03076845E-05
   2.42156506       8.89246294E-04   2.88489787E-03  0.186965406      0.150539532       2.25571077E-03   1.03527072E-05
   2.42728710       8.87738715E-04   2.88205501E-03  0.188185230      0.151577085       2.25401367E-03   1.03978045E-05
   2.43300915       8.86231137E-04   2.87920842E-03  0.189409614      0.152619153       2.25231401E-03   1.04429764E-05
   2.43873119       8.84722511E-04   2.87635997E-03  0.190638557      0.153665736       2.25061201E-03   1.04882165E-05
   2.44445324       8.83209112E-04   2.87349848E-03  0.191872045      0.154716834       2.24890281E-03   1.05335048E-05
   2.45017529       8.81695712E-04   2.87063676E-03  0.193110093      0.155772492       2.24719220E-03   1.05788704E-05
   2.45589733       8.80182313E-04   2.86777155E-03  0.194352686      0.156832665       2.24547926E-03   1.06243051E-05
   2.46161938       8.78668914E-04   2.86490470E-03  0.195599839      0.157897398       2.24376516E-03   1.06698135E-05
   2.46734142       8.77152313E-04   2.86202948E-03  0.196851581      0.158966675       2.24204641E-03   1.07153810E-05
   2.47306347       8.75633094E-04   2.85914936E-03  0.198107868      0.160040513       2.24032253E-03   1.07609994E-05
   2.47878551       8.74113874E-04   2.85628624E-03  0.199368715      0.161118910       2.23860028E-03   1.08067143E-05
   2.48450756       8.72594654E-04   2.85342126E-03  0.200634137      0.162201881       2.23687664E-03   1.08524982E-05
   2.49022961       8.71075434E-04   2.85055442E-03  0.201904118      0.163289428       2.23515066E-03   1.08983504E-05
   2.49595165       8.69552081E-04   2.84767663E-03  0.203178659      0.164381564       2.23341887E-03   1.09442535E-05
   2.50167370       8.68027040E-04   2.84479535E-03  0.204457760      0.165478319       2.23168451E-03   1.09902221E-05
   2.50739574       8.66502000E-04   2.84191058E-03  0.205741420      0.166579679       2.22994667E-03   1.10362544E-05
   2.51311779       8.64976959E-04   2.83902278E-03  0.207029641      0.167685643       2.22820789E-03   1.10823557E-05
   2.51883984       8.63451918E-04   2.83613312E-03  0.208322421      0.168796211       2.22646794E-03   1.11285326E-05
   2.52456188       8.61923385E-04   2.83323554E-03  0.209619775      0.169911399       2.22472195E-03   1.11747577E-05
   2.53028393       8.60392523E-04   2.83033145E-03  0.210921675      0.171031222       2.22297129E-03   1.12210355E-05
   2.53600597       8.58861662E-04   2.82742572E-03  0.212228134      0.172155648       2.22121831E-03   1.12673788E-05
   2.54172802       8.57330800E-04   2.82451697E-03  0.213539153      0.173284724       2.21946416E-03   1.13137958E-05
   2.54745007       8.55799939E-04   2.82160635E-03  0.214854732      0.174418449       2.21770909E-03   1.13602810E-05
   2.55317211       8.54268088E-04   2.81868968E-03  0.216174871      0.175556794       2.21594935E-03   1.14068262E-05
   2.55889416       8.52731406E-04   2.81576510E-03  0.217499584      0.176699847       2.21418380E-03   1.14534068E-05
   2.56461620       8.51194724E-04   2.81283562E-03  0.218828857      0.177847579       2.21241591E-03   1.15000557E-05
   2.57033825       8.49658041E-04   2.80990475E-03  0.220162690      0.178999960       2.21064687E-03   1.15467747E-05
   2.57606030       8.48121359E-04   2.80697085E-03  0.221501067      0.180156991       2.20887573E-03   1.15935600E-05
   2.58178234       8.46584677E-04   2.80403672E-03  0.222844005      0.181318715       2.20710249E-03   1.16404071E-05
   2.58750439       8.45046015E-04   2.80109514E-03  0.224191502      0.182485104       2.20532436E-03   1.16873098E-05
   2.59322643       8.43503512E-04   2.79814424E-03  0.225543544      0.183656171       2.20354181E-03   1.17342506E-05
   2.59894848       8.41961009E-04   2.79519032E-03  0.226900116      0.184832007       2.20175576E-03   1.17812615E-05
   2.60467052       8.40418506E-04   2.79223477E-03  0.228261247      0.186012536       2.19996879E-03   1.18283324E-05
   2.61039257       8.38876003E-04   2.78927642E-03  0.229626924      0.187197760       2.19817972E-03   1.18754651E-05
   2.61611462       8.37333500E-04   2.78631644E-03  0.230997130      0.188387692       2.19638948E-03   1.19226643E-05
   2.62183666       8.35790881E-04   2.78335367E-03  0.232371897      0.189582318       2.19459739E-03   1.19699262E-05
   2.62755871       8.34242557E-04   2.78037717E-03  0.233751193      0.190781668       2.19279574E-03   1.20172108E-05
   2.63328075       8.32694233E-04   2.77739926E-03  0.235135034      0.191985801       2.19099200E-03   1.20645618E-05
   2.63900280       8.31145910E-04   2.77442159E-03  0.236523405      0.193194672       2.18918733E-03   1.21119756E-05
   2.64472485       8.29597586E-04   2.77145929E-03  0.237916321      0.194408268       2.18738522E-03   1.21594694E-05
   2.65044689       8.28049262E-04   2.76849535E-03  0.239313781      0.195626602       2.18558009E-03   1.22070269E-05
   2.65616894       8.26500938E-04   2.76552886E-03  0.240715772      0.196849674       2.18377262E-03   1.22546389E-05
   2.66189098       8.24952032E-04   2.76255934E-03  0.242122322      0.198077545       2.18196423E-03   1.23023119E-05
   2.66761303       8.23397888E-04   2.75957631E-03  0.243533403      0.199310213       2.18014675E-03   1.23500095E-05
   2.67333508       8.21843743E-04   2.75659026E-03  0.244949043      0.200547621       2.17832695E-03   1.23977679E-05
   2.67905712       8.20289599E-04   2.75360327E-03  0.246369213      0.201789811       2.17650528E-03   1.24455837E-05
   2.68477917       8.18735454E-04   2.75061466E-03  0.247793928      0.203036740       2.17468268E-03   1.24934577E-05
   2.69050121       8.17181310E-04   2.74762185E-03  0.249223158      0.204288527       2.17285682E-03   1.25413917E-05
   2.69622326       8.15627165E-04   2.74462788E-03  0.250656933      0.205545127       2.17103027E-03   1.25893830E-05
   2.70194530       8.14073021E-04   2.74162972E-03  0.252095103      0.206806511       2.16920162E-03   1.26374325E-05
   2.70766735       8.12516897E-04   2.73862714E-03  0.253538013      0.208072677       2.16736831E-03   1.26855293E-05
   2.71338940       8.10956932E-04   2.73561431E-03  0.254985183      0.209343657       2.16552848E-03   1.27336561E-05
   2.71911144       8.09396966E-04   2.73259892E-03  0.256437153      0.210619494       2.16368656E-03   1.27818312E-05
   2.72483349       8.07837001E-04   2.72958074E-03  0.257893324      0.211900115       2.16184277E-03   1.28300708E-05
   2.73055553       8.06277036E-04   2.72655999E-03  0.259354353      0.213185549       2.15999689E-03   1.28783631E-05
   2.73627758       8.04717070E-04   2.72353669E-03  0.260819525      0.214475781       2.15814891E-03   1.29267091E-05
   2.74199963       8.03157105E-04   2.72051059E-03  0.262289613      0.215770945       2.15629907E-03   1.29751097E-05
   2.74772167       8.01597140E-04   2.71748356E-03  0.263763785      0.217070922       2.15444737E-03   1.30235640E-05
   2.75344372       8.00037174E-04   2.71445233E-03  0.265242934      0.218375713       2.15259357E-03   1.30720746E-05
   2.75916576       7.98475521E-04   2.71141552E-03  0.266726077      0.219685346       2.15073559E-03   1.31206234E-05
   2.76488781       7.96909735E-04   2.70836870E-03  0.268214226      0.220999897       2.14887201E-03   1.31692004E-05
   2.77060986       7.95343949E-04   2.70531932E-03  0.269706368      0.222319275       2.14700424E-03   1.32178257E-05
   2.77633190       7.93778163E-04   2.70226761E-03  0.271203488      0.223643497       2.14513554E-03   1.32665073E-05
   2.78205395       7.92212377E-04   2.69921194E-03  0.272704631      0.224972591       2.14326521E-03   1.33152380E-05
   2.78777599       7.90646591E-04   2.69615510E-03  0.274210691      0.226306617       2.14139163E-03   1.33640187E-05
   2.79349804       7.89080805E-04   2.69309594E-03  0.275720805      0.227645472       2.13951734E-03   1.34128486E-05
   2.79922009       7.87515019E-04   2.69005517E-03  0.277235836      0.228989184       2.13764375E-03   1.34617603E-05
   2.80494213       7.85949233E-04   2.68701161E-03  0.278754920      0.230337858       2.13576807E-03   1.35107130E-05
   2.81066418       7.84383446E-04   2.68396433E-03  0.280278891      0.231691420       2.13389052E-03   1.35597220E-05
   2.81638622       7.82817660E-04   2.68091611E-03  0.281806946      0.233049855       2.13200995E-03   1.36087710E-05
   2.82210827       7.81251467E-04   2.67786230E-03  0.283339888      0.234413177       2.13012751E-03   1.36578810E-05
   2.82783031       7.79679860E-04   2.67479755E-03  0.284876883      0.235781476       2.12823763E-03   1.37069856E-05
   2.83355236       7.78108253E-04   2.67173024E-03  0.286418766      0.237154648       2.12634448E-03   1.37561447E-05
   2.83927441       7.76536646E-04   2.66865920E-03  0.287964702      0.238532707       2.12444947E-03   1.38053429E-05
   2.84499645       7.74965039E-04   2.66558607E-03  0.289515495      0.239915773       2.12255167E-03   1.38545947E-05
   2.85071850       7.73393433E-04   2.66250875E-03  0.291070312      0.241303727       2.12065200E-03   1.39038884E-05
   2.85644054       7.71821826E-04   2.65942956E-03  0.292630017      0.242696568       2.11875071E-03   1.39532358E-05
   2.86216259       7.70250219E-04   2.65634782E-03  0.294193715      0.244094416       2.11684615E-03   1.40026186E-05
   2.86788464       7.68678612E-04   2.65326374E-03  0.295762330      0.245497182       2.11494020E-03   1.40520578E-05
   2.87360668       7.67107005E-04   2.65017617E-03  0.297334909      0.246904865       2.11303215E-03   1.41015371E-05
   2.87932873       7.65535398E-04   2.64708628E-03  0.298912436      0.248317525       2.11112131E-03   1.41510573E-05
   2.88505077       7.63963792E-04   2.64399429E-03  0.300493926      0.249735147       2.10921001E-03   1.42006220E-05
   2.89077282       7.62392185E-04   2.64090020E-03  0.302080274      0.251157671       2.10729451E-03   1.42502304E-05
   2.89649487       7.60820578E-04   2.63780076E-03  0.303670645      0.252585202       2.10537715E-03   1.42998815E-05
   2.90221691       7.59248971E-04   2.63470085E-03  0.305265814      0.254017502       2.10345839E-03   1.43495790E-05
   2.90793896       7.57677364E-04   2.63159722E-03  0.306865036      0.255455166       2.10153777E-03   1.43993138E-05
   2.91366100       7.56105757E-04   2.62849010E-03  0.308468997      0.256897599       2.09961296E-03   1.44490941E-05
   2.91938305       7.54531589E-04   2.62537645E-03  0.310077101      0.258344829       2.09768442E-03   1.44988953E-05
   2.92510509       7.52954162E-04   2.62225233E-03  0.311689824      0.259797424       2.09574960E-03   1.45487074E-05
   2.93082714       7.51376734E-04   2.61912751E-03  0.313306749      0.261254817       2.09381175E-03   1.45985568E-05
   2.93654919       7.49799307E-04   2.61599757E-03  0.314928234      0.262717009       2.09187111E-03   1.46484454E-05
   2.94227123       7.48221879E-04   2.61287601E-03  0.316554010      0.264184535       2.08993140E-03   1.46983848E-05
   2.94799328       7.46644451E-04   2.60976213E-03  0.318184197      0.265656918       2.08798982E-03   1.47483797E-05
   2.95371532       7.45067024E-04   2.60664499E-03  0.319818795      0.267134130       2.08604662E-03   1.47984083E-05
   2.95943737       7.43489596E-04   2.60352739E-03  0.321457684      0.268616617       2.08410178E-03   1.48484751E-05
   2.96515942       7.41912168E-04   2.60040490E-03  0.323101103      0.270104051       2.08215439E-03   1.48985828E-05
   2.97088146       7.40334741E-04   2.59728031E-03  0.324748695      0.271596313       2.08020397E-03   1.49487205E-05
   2.97660351       7.38757313E-04   2.59415247E-03  0.326400906      0.273093790       2.07825098E-03   1.49988973E-05
   2.98232555       7.37179886E-04   2.59102136E-03  0.328057140      0.274596274       2.07629637E-03   1.50491123E-05
   2.98804760       7.35602458E-04   2.58788676E-03  0.329718143      0.276103616       2.07433919E-03   1.50993610E-05
   2.99376965       7.34025030E-04   2.58475030E-03  0.331383079      0.277616084       2.07238016E-03   1.51496370E-05
   2.99949169       7.32447603E-04   2.58161058E-03  0.333052784      0.279133707       2.07041856E-03   1.51999557E-05
   3.00521374       7.30870175E-04   2.57846899E-03  0.334726483      0.280656159       2.06845440E-03   1.52503053E-05
   3.01093578       7.29292748E-04   2.57532299E-03  0.336404800      0.282183647       2.06648745E-03   1.53006895E-05
   3.01665783       7.27715320E-04   2.57217488E-03  0.338087261      0.283716410       2.06451886E-03   1.53511046E-05
   3.02237988       7.26137892E-04   2.56902375E-03  0.339774102      0.285254061       2.06254772E-03   1.54015506E-05
   3.02810192       7.24560465E-04   2.56586936E-03  0.341465294      0.286796600       2.06057285E-03   1.54520294E-05
   3.03382397       7.22983037E-04   2.56271171E-03  0.343160659      0.288344562       2.05859751E-03   1.55025373E-05
   3.03954601       7.21405610E-04   2.55955104E-03  0.344860584      0.289897412       2.05661845E-03   1.55530797E-05
   3.04526806       7.19828182E-04   2.55638710E-03  0.346564472      0.291455150       2.05463800E-03   1.56036458E-05
   3.05099010       7.18250754E-04   2.55322154E-03  0.348273098      0.293018162       2.05265381E-03   1.56542465E-05
   3.05671215       7.16673327E-04   2.55005155E-03  0.349985629      0.294586211       2.05066800E-03   1.57048762E-05
   3.06243420       7.15095899E-04   2.54687993E-03  0.351702750      0.296159148       2.04868102E-03   1.57555332E-05
   3.06815624       7.13518471E-04   2.54370389E-03  0.353423953      0.297737241       2.04668893E-03   1.58062157E-05
   3.07387829       7.11941044E-04   2.54052621E-03  0.355149508      0.299320549       2.04469566E-03   1.58569310E-05
   3.07960033       7.10363616E-04   2.53735110E-03  0.356879383      0.300908774       2.04270193E-03   1.59076699E-05
   3.08532238       7.08786189E-04   2.53418693E-03  0.358613312      0.302501947       2.04070681E-03   1.59584633E-05
   3.09104443       7.07208761E-04   2.53101974E-03  0.360351861      0.304100543       2.03870912E-03   1.60092768E-05
   3.09676647       7.05631333E-04   2.52785091E-03  0.362094283      0.305704057       2.03671004E-03   1.60601212E-05
   3.10248852       7.04053906E-04   2.52467766E-03  0.363841355      0.307312518       2.03470746E-03   1.61109874E-05
   3.10821056       7.02476478E-04   2.52150162E-03  0.365592420      0.308926225       2.03270232E-03   1.61618736E-05
   3.11393261       7.00899051E-04   2.51832255E-03  0.367347807      0.310545057       2.03069462E-03   1.62127890E-05
   3.11965466       6.99321623E-04   2.51514069E-03  0.369107485      0.312168837       2.02868553E-03   1.62637261E-05
   3.12537670       6.97744195E-04   2.51195463E-03  0.370871156      0.313797683       2.02667294E-03   1.63146815E-05
   3.13109875       6.96166768E-04   2.50876695E-03  0.372639447      0.315431863       2.02465802E-03   1.63656641E-05
   3.13682079       6.94589340E-04   2.50557507E-03  0.374411583      0.317070991       2.02264055E-03   1.64166649E-05
   3.14254284       6.93011913E-04   2.50238040E-03  0.376188189      0.318715096       2.02061958E-03   1.64676840E-05
   3.14826488       6.91434485E-04   2.49918294E-03  0.377968907      0.320364535       2.01859721E-03   1.65187230E-05
   3.15398693       6.89857057E-04   2.49598152E-03  0.379753739      0.322019041       2.01657251E-03   1.65697857E-05
   3.15970898       6.88282307E-04   2.49278266E-03  0.381542981      0.323678523       2.01454759E-03   1.66208920E-05
   3.16543102       6.86710700E-04   2.48958659E-03  0.383336067      0.325343102       2.01252475E-03   1.66720474E-05
   3.17115307       6.85139094E-04   2.48638773E-03  0.385133713      0.327013046       2.01049936E-03   1.67232301E-05
   3.17687511       6.83567487E-04   2.48318468E-03  0.386935353      0.328687936       2.00847071E-03   1.67744238E-05
   3.18259716       6.81995880E-04   2.47997930E-03  0.388741106      0.330367833       2.00643972E-03   1.68256302E-05
   3.18831921       6.80424273E-04   2.47677090E-03  0.390551239      0.332053065       2.00440618E-03   1.68768674E-05
   3.19404125       6.78852666E-04   2.47355876E-03  0.392365187      0.333743393       2.00237054E-03   1.69281102E-05
   3.19976330       6.77281059E-04   2.47034384E-03  0.394183636      0.335438728       2.00033118E-03   1.69793675E-05
   3.20548534       6.75709452E-04   2.46712519E-03  0.396006078      0.337139130       1.99829089E-03   1.70306394E-05
   3.21120739       6.74137846E-04   2.46390910E-03  0.397832483      0.338844955       1.99624710E-03   1.70819276E-05
   3.21692944       6.72566239E-04   2.46070419E-03  0.399663359      0.340555787       1.99420308E-03   1.71332576E-05
   3.22265148       6.70994632E-04   2.45749648E-03  0.401498049      0.342271566       1.99215696E-03   1.71845986E-05
   3.22837353       6.69423025E-04   2.45428644E-03  0.403337091      0.343992621       1.99010852E-03   1.72359487E-05
   3.23409557       6.67851418E-04   2.45107245E-03  0.405180216      0.345718890       1.98805681E-03   1.72873115E-05
   3.23981762       6.66279811E-04   2.44785449E-03  0.407027155      0.347450167       1.98600278E-03   1.73386834E-05
   3.24553967       6.64708205E-04   2.44463421E-03  0.408878684      0.349186450       1.98394526E-03   1.73900680E-05
   3.25126171       6.63136598E-04   2.44140858E-03  0.410733998      0.350928187       1.98188564E-03   1.74414618E-05
   3.25698376       6.61565573E-04   2.43818201E-03  0.412593365      0.352674961       1.97982392E-03   1.74928700E-05
   3.26270580       6.59999787E-04   2.43496359E-03  0.414457053      0.354426771       1.97776640E-03   1.75443492E-05
   3.26842785       6.58434001E-04   2.43174029E-03  0.416324526      0.356183738       1.97570561E-03   1.75958376E-05
   3.27414989       6.56868215E-04   2.42851442E-03  0.418196261      0.357946068       1.97364273E-03   1.76473259E-05
   3.27987194       6.55302429E-04   2.42528622E-03  0.420072079      0.359713405       1.97157660E-03   1.76988306E-05
   3.28559399       6.53736643E-04   2.42205290E-03  0.421951681      0.361485749       1.96950813E-03   1.77503298E-05
   3.29131603       6.52170856E-04   2.41881609E-03  0.423835665      0.363263428       1.96743663E-03   1.78018399E-05
   3.29703808       6.50605070E-04   2.41557835E-03  0.425723553      0.365046322       1.96536281E-03   1.78533610E-05
   3.30276012       6.49039284E-04   2.41233408E-03  0.427615196      0.366834223       1.96328480E-03   1.79048766E-05
   3.30848217       6.47473498E-04   2.40908773E-03  0.429511338      0.368627131       1.96120562E-03   1.79563995E-05
   3.31420422       6.45907712E-04   2.40583788E-03  0.431411237      0.370425522       1.95912248E-03   1.80079260E-05
   3.31992626       6.44341926E-04   2.40258430E-03  0.433314919      0.372228980       1.95703702E-03   1.80594525E-05
   3.32564831       6.42778235E-04   2.39933142E-03  0.435223043      0.374037445       1.95495179E-03   1.81110045E-05
   3.33137035       6.41218270E-04   2.39608414E-03  0.437134922      0.375851065       1.95286749E-03   1.81626037E-05
   3.33709240       6.39658305E-04   2.39283731E-03  0.439050585      0.377670079       1.95078237E-03   1.82142139E-05
   3.34281445       6.38098340E-04   2.38960143E-03  0.440970659      0.379494131       1.94869621E-03   1.82658423E-05
   3.34853649       6.36538374E-04   2.38636322E-03  0.442894459      0.381323218       1.94660691E-03   1.83174670E-05
   3.35425854       6.34978409E-04   2.38312059E-03  0.444822043      0.383157551       1.94451457E-03   1.83690900E-05
   3.35998058       6.33418444E-04   2.37987563E-03  0.446754009      0.384997189       1.94242026E-03   1.84207111E-05
   3.36570263       6.31858478E-04   2.37662601E-03  0.448689699      0.386841834       1.94032176E-03   1.84723322E-05
   3.37142467       6.30298513E-04   2.37337290E-03  0.450629085      0.388691545       1.93822128E-03   1.85239460E-05
   3.37714672       6.28738548E-04   2.37011653E-03  0.452572852      0.390546620       1.93611765E-03   1.85755580E-05
   3.38286877       6.27183064E-04   2.36686715E-03  0.454520345      0.392406851       1.93401647E-03   1.86272118E-05
   3.38859081       6.25628920E-04   2.36361567E-03  0.456471533      0.394272119       1.93191529E-03   1.86788966E-05
   3.39431286       6.24074775E-04   2.36035977E-03  0.458426982      0.396142453       1.92981015E-03   1.87305577E-05
   3.40003490       6.22520631E-04   2.35710177E-03  0.460386246      0.398018271       1.92770304E-03   1.87822225E-05
   3.40575695       6.20966486E-04   2.35383934E-03  0.462349206      0.399899155       1.92559196E-03   1.88338781E-05
   3.41147900       6.19412342E-04   2.35057366E-03  0.464316189      0.401785076       1.92347891E-03   1.88855192E-05
   3.41720104       6.17858197E-04   2.34730332E-03  0.466287166      0.403676152       1.92136283E-03   1.89371622E-05
   3.42292309       6.16304053E-04   2.34402996E-03  0.468261808      0.405572593       1.91924290E-03   1.89887796E-05
   3.42864513       6.14752702E-04   2.34075985E-03  0.470240176      0.407474101       1.91712414E-03   1.90404262E-05
   3.43436718       6.13204378E-04   2.33749184E-03  0.472222775      0.409380645       1.91500667E-03   1.90921146E-05
   3.44008923       6.11656054E-04   2.33421917E-03  0.474209011      0.411292464       1.91288639E-03   1.91437848E-05
   3.44581127       6.10107731E-04   2.33094371E-03  0.476198912      0.413209558       1.91076309E-03   1.91954441E-05
   3.45153332       6.08559407E-04   2.32766499E-03  0.478192806      0.415131688       1.90863595E-03   1.92470834E-05
   3.45725536       6.07011083E-04   2.32438580E-03  0.480190605      0.417058885       1.90650695E-03   1.92987191E-05
   3.46297741       6.05462759E-04   2.32111756E-03  0.482192010      0.418991446       1.90437608E-03   1.93503602E-05
   3.46869946       6.03914727E-04   2.31784768E-03  0.484197050      0.420929164       1.90224359E-03   1.94019831E-05
   3.47442150       6.02372224E-04   2.31458619E-03  0.486206353      0.422871917       1.90011540E-03   1.94536751E-05
   3.48014355       6.00829720E-04   2.31131911E-03  0.488219261      0.424819738       1.89798453E-03   1.95053526E-05
   3.48586559       5.99287217E-04   2.30805017E-03  0.490235776      0.426773041       1.89584971E-03   1.95570028E-05
   3.49158764       5.97744714E-04   2.30477587E-03  0.492256045      0.428731412       1.89371209E-03   1.96086494E-05
   3.49730968       5.96202211E-04   2.30149855E-03  0.494280398      0.430694789       1.89157168E-03   1.96602632E-05
   3.50303173       5.94659708E-04   2.29821727E-03  0.496308327      0.432663351       1.88942754E-03   1.97118643E-05
   3.50875378       5.93118486E-04   2.29493529E-03  0.498339832      0.434637278       1.88728259E-03   1.97634545E-05
   3.51447582       5.91581804E-04   2.29165819E-03  0.500375450      0.436616242       1.88514125E-03   1.98151029E-05
   3.52019787       5.90045121E-04   2.28837831E-03  0.502413929      0.438600242       1.88299606E-03   1.98667149E-05
   3.52591991       5.88508439E-04   2.28509423E-03  0.504457533      0.440589517       1.88084820E-03   1.99183196E-05
   3.53164196       5.86971757E-04   2.28180620E-03  0.506503403      0.442584068       1.87869661E-03   1.99698879E-05
   3.53736401       5.85435075E-04   2.27851397E-03  0.508553803      0.444583625       1.87654118E-03   2.00214363E-05
   3.54308605       5.83898393E-04   2.27521919E-03  0.510607898      0.446588218       1.87438424E-03   2.00729628E-05
   3.54880810       5.82366891E-04   2.27193022E-03  0.512664258      0.448598236       1.87223079E-03   2.01245311E-05
   3.55453014       5.80836029E-04   2.26863869E-03  0.514726579      0.450613350       1.87007454E-03   2.01761013E-05
   3.56025219       5.79305168E-04   2.26534437E-03  0.516791046      0.452633500       1.86791585E-03   2.02276260E-05
   3.56597424       5.77774306E-04   2.26204493E-03  0.518859327      0.454658747       1.86575332E-03   2.02791362E-05
   3.57169628       5.76243445E-04   2.25874293E-03  0.520931900      0.456689417       1.86358835E-03   2.03306136E-05
   3.57741833       5.74712583E-04   2.25545443E-03  0.523006558      0.458725095       1.86142069E-03   2.03820691E-05
   3.58314037       5.73187310E-04   2.25217431E-03  0.525086761      0.460765779       1.85925863E-03   2.04335993E-05
   3.58886242       5.71662269E-04   2.24889163E-03  0.527169526      0.462811738       1.85709400E-03   2.04850949E-05
   3.59458447       5.70137228E-04   2.24560383E-03  0.529255688      0.464862972       1.85492577E-03   2.05365541E-05
   3.60030651       5.68612188E-04   2.24231347E-03  0.531346440      0.466919214       1.85275392E-03   2.05879933E-05
   3.60602856       5.67087147E-04   2.23901798E-03  0.533439159      0.468980461       1.85057952E-03   2.06393834E-05
   3.61175060       5.65563969E-04   2.23572389E-03  0.535537243      0.471047103       1.84840476E-03   2.06907880E-05
   3.61747265       5.64044749E-04   2.23243330E-03  0.537637889      0.473118842       1.84623140E-03   2.07422090E-05
   3.62319469       5.62525529E-04   2.22913898E-03  0.539741933      0.475195587       1.84405560E-03   2.07935918E-05
   3.62891674       5.61006309E-04   2.22583977E-03  0.541850448      0.477277428       1.84187526E-03   2.08449455E-05
   3.63463879       5.59487089E-04   2.22253799E-03  0.543960810      0.479364663       1.83969247E-03   2.08962483E-05
   3.64036083       5.57967869E-04   2.21923157E-03  0.546076775      0.481456906       1.83750619E-03   2.09475329E-05
   3.64608288       5.56454237E-04   2.21593352E-03  0.548194885      0.483554155       1.83532457E-03   2.09988557E-05
   3.65180492       5.54940838E-04   2.21263082E-03  0.550316811      0.485656679       1.83314050E-03   2.10501530E-05
   3.65752697       5.53427439E-04   2.20932439E-03  0.552442610      0.487764359       1.83095201E-03   2.11014012E-05
   3.66324902       5.51914040E-04   2.20601447E-03  0.554570496      0.489877045       1.82876107E-03   2.11526058E-05
   3.66897106       5.50400640E-04   2.20270129E-03  0.556703925      0.491994739       1.82656676E-03   2.12037849E-05
   3.67469311       5.48892131E-04   2.19939277E-03  0.558838964      0.494117856       1.82437501E-03   2.12549749E-05
   3.68041515       5.47384552E-04   2.19608331E-03  0.560978770      0.496245980       1.82218198E-03   2.13061576E-05
   3.68613720       5.45876974E-04   2.19277875E-03  0.563121378      0.498379052       1.81998755E-03   2.13573112E-05
   3.69185925       5.44369395E-04   2.18947930E-03  0.565267146      0.500517368       1.81778881E-03   2.14084084E-05
   3.69758129       5.42861817E-04   2.18617520E-03  0.567417264      0.502660871       1.81558670E-03   2.14594784E-05
   3.70330334       5.41359535E-04   2.18287832E-03  0.569568992      0.504809380       1.81339029E-03   2.15105738E-05
   3.70902538       5.39857778E-04   2.17957818E-03  0.571726561      0.506962836       1.81118946E-03   2.15616474E-05
   3.71474743       5.38356020E-04   2.17627478E-03  0.573885560      0.509121239       1.80898653E-03   2.16126537E-05
   3.72046947       5.36854262E-04   2.17296788E-03  0.576049209      0.511284888       1.80678023E-03   2.16636345E-05
   3.72619152       5.35353378E-04   2.16965657E-03  0.578215539      0.513454199       1.80457067E-03   2.17145571E-05
   3.73191357       5.33857441E-04   2.16635363E-03  0.580385149      0.515628457       1.80236576E-03   2.17655306E-05
   3.73763561       5.32361504E-04   2.16304534E-03  0.582558751      0.517807662       1.80015666E-03   2.18164496E-05
   3.74335766       5.30865567E-04   2.15973356E-03  0.584734321      0.519991815       1.79794536E-03   2.18673049E-05
   3.74907970       5.29369630E-04   2.15641758E-03  0.586915135      0.522180915       1.79572881E-03   2.19181256E-05
   3.75480175       5.27876895E-04   2.15310417E-03  0.589097142      0.524374962       1.79351505E-03   2.19689264E-05
   3.76052380       5.26386779E-04   2.14979239E-03  0.591284633      0.526574373       1.79130002E-03   2.20197380E-05
   3.76624584       5.24896663E-04   2.14647618E-03  0.593473673      0.528779268       1.78908289E-03   2.20704860E-05
   3.77196789       5.23406547E-04   2.14315578E-03  0.595667124      0.530989110       1.78686169E-03   2.21211831E-05
   3.77768993       5.21917071E-04   2.13983213E-03  0.597863197      0.533203840       1.78463722E-03   2.21718255E-05
   3.78341198       5.20432775E-04   2.13651615E-03  0.600062609      0.535423517       1.78241765E-03   2.22225081E-05
   3.78913403       5.18948480E-04   2.13319599E-03  0.602265596      0.537648082       1.78019481E-03   2.22731269E-05
   3.79485607       5.17464185E-04   2.12988444E-03  0.604470968      0.539877534       1.77796895E-03   2.23236948E-05
   3.80057812       5.15979889E-04   2.12657219E-03  0.606680810      0.542112708       1.77573913E-03   2.23742118E-05
   3.80630016       5.14500134E-04   2.12326623E-03  0.608892143      0.544353008       1.77351304E-03   2.24247397E-05
   3.81202221       5.13021660E-04   2.11995956E-03  0.611108840      0.546598196       1.77128578E-03   2.24752403E-05
   3.81774426       5.11543185E-04   2.11664755E-03  0.613326311      0.548848271       1.76905456E-03   2.25256663E-05
   3.82346630       5.10064710E-04   2.11333157E-03  0.615549564      0.551103234       1.76681939E-03   2.25760377E-05
   3.82918835       5.08589437E-04   2.11001723E-03  0.617773712      0.553363025       1.76458503E-03   2.26263965E-05
   3.83491039       5.07116783E-04   2.10670568E-03  0.620002925      0.555628002       1.76235160E-03   2.26767497E-05
   3.84063244       5.05644130E-04   2.10338901E-03  0.622233689      0.557898641       1.76011422E-03   2.27270157E-05
   3.84635448       5.04171476E-04   2.10006838E-03  0.624468863      0.560174108       1.75787392E-03   2.27772398E-05
   3.85207653       5.02701383E-04   2.09674961E-03  0.626706123      0.562454462       1.75563258E-03   2.28274184E-05
   3.85779858       5.01234550E-04   2.09343247E-03  0.628947258      0.564739645       1.75339414E-03   2.28776025E-05
   3.86352062       4.99767717E-04   2.09011137E-03  0.631190956      0.567029655       1.75115082E-03   2.29277084E-05
   3.86924267       4.98300884E-04   2.08678539E-03  0.633438051      0.569324493       1.74890377E-03   2.29777561E-05
   3.87496471       4.96836554E-04   2.08346127E-03  0.635688066      0.571625233       1.74665661E-03   2.30277619E-05
   3.88068676       4.95375542E-04   2.08014017E-03  0.637941122      0.573930860       1.74441235E-03   2.30777714E-05
   3.88640881       4.93914529E-04   2.07681512E-03  0.640197396      0.576241255       1.74216332E-03   2.31277118E-05
   3.89213085       4.92453517E-04   2.07348401E-03  0.642456412      0.578556478       1.73990952E-03   2.31775539E-05
   3.89785290       4.90995473E-04   2.07016617E-03  0.644718826      0.580876470       1.73765875E-03   2.32274033E-05
   3.90357494       4.89540282E-04   2.06685718E-03  0.646983802      0.583201289       1.73540798E-03   2.32772218E-05
   3.90929699       4.88085090E-04   2.06354330E-03  0.649252295      0.585531831       1.73315336E-03   2.33269820E-05
   3.91501904       4.86631674E-04   2.06022779E-03  0.651523232      0.587867379       1.73089805E-03   2.33766750E-05
   3.92074108       4.85179393E-04   2.05691089E-03  0.653797746      0.590207696       1.72863982E-03   2.34263280E-05
   3.92646313       4.83729149E-04   2.05359375E-03  0.656074643      0.592552781       1.72638171E-03   2.34759318E-05
   3.93218517       4.82279778E-04   2.05027522E-03  0.658355057      0.594902635       1.72412093E-03   2.35254720E-05
   3.93790722       4.80832765E-04   2.04695645E-03  0.660637915      0.597257197       1.72186026E-03   2.35749867E-05
   3.94362926       4.79386305E-04   2.04363395E-03  0.662924170      0.599617541       1.71959598E-03   2.36244250E-05
   3.94935131       4.77942609E-04   2.04031356E-03  0.665212989      0.601982832       1.71733275E-03   2.36738306E-05
   3.95507336       4.76499350E-04   2.03699060E-03  0.667504907      0.604352832       1.71506684E-03   2.37231634E-05
   3.96079540       4.75058710E-04   2.03366764E-03  0.669799685      0.606727540       1.71280024E-03   2.37724671E-05
   3.96651745       4.73618857E-04   2.03034235E-03  0.672097206      0.609106958       1.71053188E-03   2.38216944E-05
   3.97223949       4.72181127E-04   2.02701800E-03  0.674397945      0.611491144       1.70826272E-03   2.38708835E-05
   3.97796154       4.70744708E-04   2.02369108E-03  0.676700950      0.613881230       1.70599110E-03   2.39199962E-05
   3.98368359       4.69309889E-04   2.02036439E-03  0.679007649      0.616276026       1.70371856E-03   2.39690689E-05
   3.98940563       4.67876991E-04   2.01703631E-03  0.681315958      0.618675470       1.70144544E-03   2.40180871E-05
   3.99512768       4.66445083E-04   2.01370823E-03  0.683628619      0.621079564       1.69916975E-03   2.40670361E-05
   4.00084972       4.65015706E-04   2.01039459E-03  0.685942173      0.623488307       1.69689336E-03   2.41159232E-05
   4.00657177       4.63586999E-04   2.00707745E-03  0.688260794      0.625902295       1.69461442E-03   2.41647649E-05
   4.01229382       4.62160911E-04   2.00376147E-03  0.690579534      0.628321648       1.69233675E-03   2.42135375E-05
   4.01801586       4.60735813E-04   2.00044317E-03  0.692904115      0.630745649       1.69005559E-03   2.42622609E-05
   4.02373791       4.59312636E-04   1.99712510E-03  0.695228696      0.633174300       1.68777374E-03   2.43109043E-05
   4.02945995       4.57891176E-04   1.99380587E-03  0.697558403      0.635607541       1.68549048E-03   2.43595077E-05
   4.03518200       4.56470909E-04   1.99048431E-03  0.699888945      0.638045371       1.68320560E-03   2.44080275E-05
   4.04090405       4.55053145E-04   1.98716414E-03  0.702223539      0.640489161       1.68092106E-03   2.44565144E-05
   4.04662609       4.53636196E-04   1.98384072E-03  0.704560041      0.642937541       1.67863315E-03   2.45049068E-05
   4.05234814       4.52221750E-04   1.98051846E-03  0.706899405      0.645390511       1.67634466E-03   2.45532556E-05
   4.05807018       4.50808584E-04   1.97719550E-03  0.709241867      0.647848070       1.67405570E-03   2.46015315E-05
   4.06379223       4.49397048E-04   1.97387137E-03  0.711585820      0.650310159       1.67176430E-03   2.46497275E-05
   4.06951427       4.47987695E-04   1.97054632E-03  0.713934243      0.652777791       1.66947243E-03   2.46978907E-05
   4.07523632       4.46579274E-04   1.96721940E-03  0.716282666      0.655250371       1.66717812E-03   2.47459393E-05
   4.08095837       4.45173559E-04   1.96389388E-03  0.718636990      0.657727480       1.66488520E-03   2.47939770E-05
   4.08668041       4.43769008E-04   1.96056627E-03  0.720991373      0.660209119       1.66258903E-03   2.48419165E-05
   4.09240246       4.42366203E-04   1.95724121E-03  0.723349988      0.662695289       1.66029145E-03   2.48897904E-05
   4.09812450       4.40965581E-04   1.95392594E-03  0.725710332      0.665186763       1.65799248E-03   2.49375826E-05
   4.10384655       4.39565978E-04   1.95060892E-03  0.728073120      0.667683363       1.65569130E-03   2.49852837E-05
   4.10956860       4.38168994E-04   1.94729422E-03  0.730439425      0.670184433       1.65339047E-03   2.50329522E-05
   4.11529064       4.36773349E-04   1.94397662E-03  0.732806265      0.672689974       1.65108847E-03   2.50805242E-05
   4.12101269       4.35379276E-04   1.94065832E-03  0.735178530      0.675199926       1.64878415E-03   2.51280399E-05
   4.12673473       4.33987618E-04   1.93734036E-03  0.737550795      0.677715242       1.64647948E-03   2.51754682E-05
   4.13245678       4.32597095E-04   1.93402066E-03  0.739927411      0.680235624       1.64417259E-03   2.52228292E-05
   4.13817883       4.31208842E-04   1.93070131E-03  0.742305636      0.682760417       1.64186524E-03   2.52701138E-05
   4.14390087       4.29822365E-04   1.92738138E-03  0.744685888      0.685289621       1.63955765E-03   2.53173221E-05
   4.14962292       4.28437081E-04   1.92405866E-03  0.747070074      0.687823176       1.63724599E-03   2.53644484E-05
   4.15534496       4.27054649E-04   1.92073849E-03  0.749454260      0.690362334       1.63493678E-03   2.54115148E-05
   4.16106701       4.25673468E-04   1.91741565E-03  0.751843929      0.692906201       1.63262454E-03   2.54585084E-05
   4.16678905       4.24293947E-04   1.91409222E-03  0.754234076      0.695454478       1.63031113E-03   2.55053965E-05
   4.17251110       4.22916928E-04   1.91077043E-03  0.756627023      0.698007047       1.62799738E-03   2.55522373E-05
   4.17823315       4.21541161E-04   1.90744596E-03  0.759023130      0.700564086       1.62568165E-03   2.55989871E-05
   4.18395519       4.20167460E-04   1.90412102E-03  0.761419237      0.703126967       1.62336463E-03   2.56456296E-05
   4.18967724       4.18795913E-04   1.90080714E-03  0.763821125      0.705694139       1.62104645E-03   2.56922231E-05
   4.19539928       4.17425646E-04   1.89749373E-03  0.766223192      0.708265603       1.61872548E-03   2.57386873E-05
   4.20112133       4.16057766E-04   1.89417996E-03  0.768628001      0.710841358       1.61640428E-03   2.57850879E-05
   4.20684338       4.14691749E-04   1.89086574E-03  0.771036029      0.713422239       1.61408191E-03   2.58314140E-05
   4.21256542       4.13327070E-04   1.88755000E-03  0.773444057      0.716008186       1.61175756E-03   2.58776217E-05
   4.21828747       4.11965011E-04   1.88423588E-03  0.775857449      0.718598366       1.60943391E-03   2.59237968E-05
   4.22400951       4.10604611E-04   1.88092049E-03  0.778271437      0.721192777       1.60710828E-03   2.59698591E-05
   4.22973156       4.09245637E-04   1.87760266E-03  0.780687213      0.723791540       1.60478079E-03   2.60158176E-05
   4.23545361       4.07889398E-04   1.87428750E-03  0.783107162      0.726396084       1.60245318E-03   2.60617398E-05
   4.24117565       4.06534760E-04   1.87097001E-03  0.785527110      0.729004800       1.60012452E-03   2.61075238E-05
   4.24689770       4.05181549E-04   1.86765124E-03  0.787950993      0.731617689       1.59779401E-03   2.61532368E-05
   4.25261974       4.03831131E-04   1.86433434E-03  0.790376902      0.734234691       1.59546325E-03   2.61988880E-05
   4.25834179       4.02482314E-04   1.86101708E-03  0.792802811      0.736857295       1.59313169E-03   2.62444046E-05
   4.26406384       4.01134981E-04   1.85769657E-03  0.795234501      0.739484370       1.59079826E-03   2.62898684E-05
   4.26978588       3.99790384E-04   1.85437896E-03  0.797666371      0.742115557       1.58846471E-03   2.63352322E-05
   4.27550793       3.98447475E-04   1.85106019E-03  0.800099611      0.744750857       1.58613024E-03   2.63804995E-05
   4.28122997       3.97106109E-04   1.84774934E-03  0.802537441      0.747391343       1.58379052E-03   2.64256414E-05
   4.28695202       3.95767333E-04   1.84444140E-03  0.804975271      0.750036657       1.58145162E-03   2.64706869E-05
   4.29267406       3.94430419E-04   1.84113218E-03  0.807415843      0.752685964       1.57911098E-03   2.65156323E-05
   4.29839611       3.93095048E-04   1.83782203E-03  0.809859633      0.755339265       1.57676951E-03   2.65604867E-05
   4.30411816       3.91762092E-04   1.83451164E-03  0.812303424      0.757997632       1.57442712E-03   2.66052375E-05
   4.30984020       3.90431233E-04   1.83120125E-03  0.814750910      0.760660887       1.57208403E-03   2.66499192E-05
   4.31556225       3.89101973E-04   1.82788982E-03  0.817200661      0.763328135       1.56973908E-03   2.66944899E-05
   4.32128429       3.87774839E-04   1.82457932E-03  0.819650412      0.765999317       1.56739436E-03   2.67389441E-05
   4.32700634       3.86450120E-04   1.82126788E-03  0.822104514      0.768675566       1.56504789E-03   2.67833348E-05
   4.33272839       3.85127030E-04   1.81795645E-03  0.824560225      0.771356583       1.56270061E-03   2.68276108E-05
   4.33845043       3.83805716E-04   1.81464409E-03  0.827015936      0.774041533       1.56035181E-03   2.68717613E-05
   4.34417248       3.82487196E-04   1.81133265E-03  0.829476297      0.776730299       1.55800395E-03   2.69158645E-05
   4.34989452       3.81170365E-04   1.80802040E-03  0.831937969      0.779424429       1.55565352E-03   2.69598459E-05
   4.35561657       3.79855221E-04   1.80470734E-03  0.834399641      0.782123029       1.55330251E-03   2.70036981E-05
   4.36133862       3.78542638E-04   1.80139532E-03  0.836865842      0.784825444       1.55095162E-03   2.70474920E-05
   4.36706066       3.77232122E-04   1.79808843E-03  0.839333475      0.787531614       1.54859747E-03   2.70911387E-05
   4.37278271       3.75923322E-04   1.79478468E-03  0.841801107      0.790243626       1.54624006E-03   2.71346289E-05
   4.37850475       3.74616560E-04   1.79148000E-03  0.844272733      0.792959511       1.54388207E-03   2.71780336E-05
   4.38422680       3.73312389E-04   1.78817660E-03  0.846746325      0.795679152       1.54152431E-03   2.72213547E-05
   4.38994884       3.72009992E-04   1.78487238E-03  0.849219918      0.798403084       1.53916422E-03   2.72645211E-05
   4.39567089       3.70709342E-04   1.78156747E-03  0.851696551      0.801132381       1.53680425E-03   2.73076112E-05
   4.40139294       3.69411311E-04   1.77826383E-03  0.854176104      0.803865314       1.53444300E-03   2.73506012E-05
   4.40711498       3.68115376E-04   1.77496043E-03  0.856655657      0.806601942       1.53208198E-03   2.73934820E-05
   4.41283703       3.66821245E-04   1.77165528E-03  0.859136820      0.809343755       1.52971863E-03   2.74362210E-05
   4.41855907       3.65529035E-04   1.76834955E-03  0.861622334      0.812089920       1.52735400E-03   2.74788836E-05
   4.42428112       3.64239619E-04   1.76504615E-03  0.864107847      0.814839661       1.52499124E-03   2.75214443E-05
   4.43000317       3.62952036E-04   1.76174124E-03  0.866593361      0.817593396       1.52262556E-03   2.75638413E-05
   4.43572521       3.61666287E-04   1.75843562E-03  0.869084418      0.820352674       1.52025931E-03   2.76061746E-05
   4.44144726       3.60382808E-04   1.75513059E-03  0.871575892      0.823115468       1.51789258E-03   2.76483897E-05
   4.44716930       3.59101832E-04   1.75182591E-03  0.874067366      0.825881720       1.51552539E-03   2.76904739E-05
   4.45289135       3.57822748E-04   1.74852647E-03  0.876561761      0.828653336       1.51315436E-03   2.77324052E-05
   4.45861340       3.56545526E-04   1.74522842E-03  0.879059196      0.831429005       1.51078042E-03   2.77741965E-05
   4.46433544       3.55270779E-04   1.74193189E-03  0.881556630      0.834208071       1.50840613E-03   2.78158604E-05
   4.47005749       3.53998359E-04   1.73863489E-03  0.884054065      0.836991608       1.50603137E-03   2.78574080E-05
   4.47577953       3.52727831E-04   1.73533743E-03  0.886557221      0.839780033       1.50365545E-03   2.78988500E-05
   4.48150158       3.51459224E-04   1.73203961E-03  0.889060616      0.842571795       1.50127837E-03   2.79401665E-05
   4.48722363       3.50193208E-04   1.72874331E-03  0.891564012      0.845367253       1.49890163E-03   2.79813557E-05
   4.49294567       3.48929461E-04   1.72544655E-03  0.894069195      0.848168254       1.49652467E-03   2.80224449E-05
   4.49866772       3.47667665E-04   1.72214955E-03  0.896578550      0.850972533       1.49414572E-03   2.80634122E-05
   4.50438976       3.46407818E-04   1.71885232E-03  0.899087906      0.853780031       1.49176549E-03   2.81042467E-05
   4.51011181       3.45150533E-04   1.71555567E-03  0.901597261      0.856593370       1.48938596E-03   2.81449575E-05
   4.51583385       3.43895575E-04   1.71225960E-03  0.904109597      0.859410048       1.48700527E-03   2.81855555E-05
   4.52155590       3.42642597E-04   1.70896249E-03  0.906624913      0.862229884       1.48462423E-03   2.82260335E-05
   4.52727795       3.41391598E-04   1.70566514E-03  0.909140229      0.865055144       1.48224144E-03   2.82663786E-05
   4.53299999       3.40143044E-04   1.70237047E-03  0.911655545      0.867884040       1.47985748E-03   2.83065619E-05
   4.53872204       3.38896964E-04   1.69908116E-03  0.914174139      0.870715976       1.47746934E-03   2.83465670E-05
   4.54444408       3.37652891E-04   1.69579173E-03  0.916695416      0.873553157       1.47508015E-03   2.83864392E-05
   4.55016613       3.36410827E-04   1.69250113E-03  0.919216692      0.876394033       1.47268909E-03   2.84261769E-05
   4.55588818       3.35171004E-04   1.68921053E-03  0.921737969      0.879237890       1.47029804E-03   2.84657654E-05
   4.56161022       3.33933887E-04   1.68592168E-03  0.924261868      0.882086992       1.46790757E-03   2.85052593E-05
   4.56733227       3.32698837E-04   1.68263365E-03  0.926789105      0.884939730       1.46551523E-03   2.85446204E-05
   4.57305431       3.31465824E-04   1.67934375E-03  0.929316342      0.887795329       1.46312208E-03   2.85838323E-05
   4.57877636       3.30234878E-04   1.67605479E-03  0.931843579      0.890656352       1.46072893E-03   2.86229133E-05
   4.58449841       3.29006696E-04   1.67276675E-03  0.934371531      0.893520772       1.45833555E-03   2.86618597E-05
   4.59022045       3.27780755E-04   1.66947884E-03  0.936904728      0.896387935       1.45594135E-03   2.87007151E-05
   4.59594250       3.26556881E-04   1.66619173E-03  0.939437926      0.899260879       1.45354623E-03   2.87394141E-05
   4.60166454       3.25335102E-04   1.66290300E-03  0.941971123      0.902136743       1.45115040E-03   2.87779549E-05
   4.60738659       3.24115652E-04   1.65961531E-03  0.944504321      0.905015647       1.44875364E-03   2.88163519E-05
   4.61310863       3.22898908E-04   1.65632949E-03  0.947040796      0.907900155       1.44635688E-03   2.88546544E-05
   4.61883068       3.21684260E-04   1.65304751E-03  0.949579954      0.910787284       1.44395372E-03   2.88926876E-05
   4.62455273       3.20471736E-04   1.64976472E-03  0.952119112      0.913678110       1.44154916E-03   2.89305735E-05
   4.63027477       3.19261337E-04   1.64648308E-03  0.954658270      0.916573763       1.43914379E-03   2.89682957E-05
   4.63599682       3.18053528E-04   1.64320157E-03  0.957197428      0.919471860       1.43673841E-03   2.90058779E-05
   4.64171886       3.16848193E-04   1.63992133E-03  0.959740877      0.922374606       1.43433327E-03   2.90433654E-05
   4.64744091       3.15645011E-04   1.63664040E-03  0.962285995      0.925281107       1.43192650E-03   2.90807129E-05
   4.65316296       3.14443983E-04   1.63336063E-03  0.964831114      0.928189993       1.42951997E-03   2.91178949E-05
   4.65888500       3.13245109E-04   1.63007935E-03  0.967376232      0.931104660       1.42711191E-03   2.91549095E-05
   4.66460705       3.12048942E-04   1.62680109E-03  0.969921350      0.934021831       1.42470410E-03   2.91917986E-05
   4.67032909       3.10855161E-04   1.62352237E-03  0.972469747      0.936942458       1.42229639E-03   2.92285549E-05
   4.67605114       3.09663563E-04   1.62024400E-03  0.975020826      0.939867854       1.41988799E-03   2.92651930E-05
   4.68177319       3.08474147E-04   1.61696598E-03  0.977571905      0.942795455       1.41747831E-03   2.93016565E-05
   4.68749523       3.07286944E-04   1.61368761E-03  0.980122983      0.945728004       1.41506805E-03   2.93379671E-05
   4.69321728       3.06102418E-04   1.61041145E-03  0.982674062      0.948663712       1.41265569E-03   2.93740668E-05
   4.69893932       3.04920337E-04   1.60713831E-03  0.985225141      0.951602221       1.41023740E-03   2.94099027E-05
   4.70466137       3.03740468E-04   1.60386402E-03  0.987781763      0.954545915       1.40781864E-03   2.94456495E-05
   4.71038342       3.02562810E-04   1.60059100E-03  0.990338802      0.957491517       1.40539929E-03   2.94812235E-05
   4.71610546       3.01387394E-04   1.59731775E-03  0.992895842      0.960441947       1.40297948E-03   2.95166392E-05
   4.72182751       3.00214509E-04   1.59404497E-03  0.995452881      0.963395417       1.40055933E-03   2.95518930E-05
   4.72754955       2.99044244E-04   1.59077381E-03  0.998009920      0.966351807       1.39813940E-03   2.95869904E-05
   4.73327160       2.97876220E-04   1.58750312E-03   1.00056827      0.969313025       1.39571843E-03   2.96219314E-05
   4.73899364       2.96710437E-04   1.58423220E-03   1.00313127      0.972275972       1.39329769E-03   2.96567723E-05
   4.74471569       2.95546924E-04   1.58096210E-03   1.00569427      0.975244284       1.39087590E-03   2.96914350E-05
   4.75043774       2.94385682E-04   1.57769257E-03   1.00825727      0.978214860       1.38845365E-03   2.97259285E-05
   4.75615978       2.93227320E-04   1.57442456E-03   1.01082027      0.981189132       1.38603186E-03   2.97602783E-05
   4.76188183       2.92071229E-04   1.57115655E-03   1.01338327      0.984167278       1.38360972E-03   2.97944571E-05
   4.76760387       2.90917436E-04   1.56788912E-03   1.01594627      0.987147510       1.38118584E-03   2.98284449E-05
   4.77332592       2.89765943E-04   1.56462262E-03   1.01850927      0.990133107       1.37875404E-03   2.98620944E-05
   4.77904797       2.88616749E-04   1.56135601E-03   1.02107227      0.993120015       1.37632119E-03   2.98955638E-05
   4.78477001       2.87470059E-04   1.55809114E-03   1.02363527      0.996112168       1.37388892E-03   2.99288786E-05
   4.79049206       2.86326074E-04   1.55482709E-03   1.02619827      0.999106288       1.37145561E-03   2.99620242E-05
   4.79621410       2.85184418E-04   1.55156397E-03   1.02876127       1.00210536       1.36902288E-03   2.99949952E-05
   4.80193615       2.84045062E-04   1.54830166E-03   1.03133380       1.00510943       1.36659003E-03   3.00279098E-05
   4.80765820       2.82908004E-04   1.54503854E-03   1.03390872       1.00811350       1.36415544E-03   3.00606644E-05
   4.81338024       2.81773275E-04   1.54177740E-03   1.03648365       1.01111758       1.36172143E-03   3.00932406E-05
   4.81910229       2.80641136E-04   1.53851626E-03   1.03905857       1.01413107       1.35928730E-03   3.01256605E-05
   4.82482433       2.79511645E-04   1.53525698E-03   1.04163349       1.01714706       1.35685306E-03   3.01579203E-05
   4.83054638       2.78384483E-04   1.53199781E-03   1.04420841       1.02016306       1.35441881E-03   3.01899963E-05
   4.83626842       2.77259649E-04   1.52873888E-03   1.04678333       1.02318001       1.35198433E-03   3.02218905E-05
   4.84199047       2.76137172E-04   1.52548112E-03   1.04935825       1.02620792       1.34954695E-03   3.02535791E-05
   4.84771252       2.75017053E-04   1.52222265E-03   1.05193317       1.02923584       1.34710129E-03   3.02848784E-05
   4.85343456       2.73899466E-04   1.51896453E-03   1.05450809       1.03226376       1.34465494E-03   3.03160195E-05
   4.85915661       2.72784615E-04   1.51570840E-03   1.05708301       1.03529489       1.34221010E-03   3.03469933E-05
   4.86487865       2.71672121E-04   1.51245343E-03   1.05965793       1.03833473       1.33976375E-03   3.03777833E-05
   4.87060070       2.70562014E-04   1.50919799E-03   1.06223285       1.04137456       1.33731752E-03   3.04083933E-05
   4.87632275       2.69454264E-04   1.50594383E-03   1.06480777       1.04441440       1.33487128E-03   3.04388213E-05
   4.88204479       2.68348900E-04   1.50269084E-03   1.06738269       1.04745865       1.33242446E-03   3.04690657E-05
   4.88776684       2.67245952E-04   1.49943749E-03   1.06995761       1.05051041       1.32997776E-03   3.04991336E-05
   4.89348888       2.66145827E-04   1.49618706E-03   1.07253253       1.05356216       1.32753188E-03   3.05290378E-05
   4.89921093       2.65048177E-04   1.49293710E-03   1.07510746       1.05661392       1.32508541E-03   3.05587564E-05
   4.90493298       2.63952941E-04   1.48968853E-03   1.07768238       1.05967021       1.32263836E-03   3.05882859E-05
   4.91065502       2.62860121E-04   1.48644042E-03   1.08025730       1.06273389       1.32019224E-03   3.06176553E-05
   4.91637707       2.61769717E-04   1.48319046E-03   1.08283222       1.06579757       1.31773762E-03   3.06466427E-05
   4.92209911       2.60681729E-04   1.47994037E-03   1.08540714       1.06886125       1.31527882E-03   3.06753500E-05
   4.92782116       2.59596156E-04   1.47669087E-03   1.08798206       1.07192814       1.31281966E-03   3.07038681E-05
   4.93354321       2.58513493E-04   1.47344370E-03   1.09056830       1.07500374       1.31036143E-03   3.07323462E-05
   4.93926525       2.57433247E-04   1.47019711E-03   1.09315515       1.07807934       1.30790356E-03   3.07606606E-05
   4.94498730       2.56355415E-04   1.46695203E-03   1.09574199       1.08115494       1.30544452E-03   3.07887749E-05
   4.95070934       2.55280000E-04   1.46370695E-03   1.09832883       1.08423102       1.30298582E-03   3.08166782E-05
   4.95643139       2.54207029E-04   1.46046351E-03   1.10091567       1.08731854       1.30052748E-03   3.08444214E-05
   4.96215343       2.53136473E-04   1.45721994E-03   1.10350251       1.09040606       1.29806809E-03   3.08719646E-05
   4.96787548       2.52068363E-04   1.45397801E-03   1.10608935       1.09349358       1.29560905E-03   3.08993149E-05
   4.97359753       2.51003163E-04   1.45073852E-03   1.10867620       1.09658110       1.29315106E-03   3.09264869E-05
   4.97931957       2.49940378E-04   1.44749985E-03   1.11126304       1.09967697       1.29069283E-03   3.09534771E-05
   4.98504162       2.48880038E-04   1.44425977E-03   1.11384988       1.10277641       1.28822948E-03   3.09801508E-05
   4.99076366       2.47822172E-04   1.44101738E-03   1.11643672       1.10587585       1.28575729E-03   3.10064424E-05
   4.99648571       2.46766751E-04   1.43777521E-03   1.11902356       1.10897529       1.28328567E-03   3.10325304E-05
   5.00220776       2.45713803E-04   1.43453479E-03   1.12161040       1.11207688       1.28081383E-03   3.10584255E-05
   5.00792980       2.44663301E-04   1.43129542E-03   1.12419724       1.11518824       1.27834256E-03   3.10841351E-05
   5.01365185       2.43615839E-04   1.42805872E-03   1.12678409       1.11829960       1.27587258E-03   3.11096665E-05
   5.01937389       2.42570502E-04   1.42482214E-03   1.12937093       1.12141097       1.27340108E-03   3.11349904E-05
   5.02509594       2.41527800E-04   1.42158754E-03   1.13195777       1.12452233       1.27093017E-03   3.11601216E-05
   5.03081799       2.40487629E-04   1.41835329E-03   1.13454461       1.12763941       1.26845983E-03   3.11850672E-05
   5.03654003       2.39449932E-04   1.41512090E-03   1.13713145       1.13076270       1.26598950E-03   3.12097982E-05
   5.04226208       2.38414723E-04   1.41188898E-03   1.13971829       1.13388598       1.26351905E-03   3.12343436E-05
   5.04798412       2.37382177E-04   1.40865974E-03   1.14230514       1.13700926       1.26104872E-03   3.12587035E-05
   5.05370617       2.36352149E-04   1.40542630E-03   1.14489198       1.14013255       1.25857128E-03   3.12826742E-05
   5.05942822       2.35324609E-04   1.40219182E-03   1.14747882       1.14326286       1.25608710E-03   3.13062592E-05
   5.06515026       2.34299558E-04   1.39895710E-03   1.15006566       1.14639807       1.25360233E-03   3.13296659E-05
   5.07087231       2.33277198E-04   1.39572530E-03   1.15265250       1.14953327       1.25111896E-03   3.13528617E-05
   5.07659435       2.32257356E-04   1.39249477E-03   1.15523934       1.15266848       1.24863582E-03   3.13758719E-05
   5.08231640       2.31240017E-04   1.38926494E-03   1.15782619       1.15580368       1.24615210E-03   3.13986711E-05
   5.08803844       2.30225181E-04   1.38603651E-03   1.16041303       1.15894401       1.24366919E-03   3.14212593E-05
   5.09376049       2.29213023E-04   1.38281018E-03   1.16299987       1.16209114       1.24118640E-03   3.14436584E-05
   5.09948254       2.28203426E-04   1.37958536E-03   1.16558671       1.16523826       1.23870454E-03   3.14658719E-05
   5.10520458       2.27196331E-04   1.37636124E-03   1.16817355       1.16838539       1.23622234E-03   3.14878635E-05
   5.11092663       2.26191740E-04   1.37313944E-03   1.17076039       1.17153251       1.23374024E-03   3.15096659E-05
   5.11664867       2.25189811E-04   1.36991905E-03   1.17334723       1.17467988       1.23125908E-03   3.15312536E-05
   5.12237072       2.24190459E-04   1.36669050E-03   1.17593408       1.17783892       1.22876267E-03   3.15522520E-05
   5.12809277       2.23193638E-04   1.36346358E-03   1.17851114       1.18099797       1.22626661E-03   3.15729339E-05
   5.13381481       2.22199364E-04   1.36023760E-03   1.18108606       1.18415701       1.22377020E-03   3.15933612E-05
   5.13953686       2.21207694E-04   1.35701324E-03   1.18366098       1.18731606       1.22127426E-03   3.16136102E-05
   5.14525890       2.20218702E-04   1.35379133E-03   1.18623590       1.19047511       1.21877936E-03   3.16336445E-05
   5.15098095       2.19232257E-04   1.35057047E-03   1.18881083       1.19363630       1.21628493E-03   3.16534788E-05
   5.15670300       2.18248373E-04   1.34735124E-03   1.19138575       1.19680727       1.21379085E-03   3.16730911E-05
   5.16242504       2.17267036E-04   1.34413387E-03   1.19396067       1.19997823       1.21129665E-03   3.16925107E-05
   5.16814709       2.16288376E-04   1.34091824E-03   1.19653559       1.20314920       1.20880362E-03   3.17117228E-05
   5.17386913       2.15312321E-04   1.33770448E-03   1.19911051       1.20632017       1.20631093E-03   3.17307167E-05
   5.17959118       2.14338826E-04   1.33449247E-03   1.20168543       1.20949113       1.20381895E-03   3.17495142E-05
   5.18531322       2.13367894E-04   1.33127370E-03   1.20426035       1.21266210       1.20131415E-03   3.17677732E-05
   5.19103527       2.12399536E-04   1.32805377E-03   1.20683527       1.21584404       1.19880610E-03   3.17857048E-05
   5.19675732       2.11433900E-04   1.32483523E-03   1.20941019       1.21902692       1.19629805E-03   3.18034254E-05
   5.20247936       2.10470826E-04   1.32161938E-03   1.21198511       1.22220981       1.19379116E-03   3.18209386E-05
   5.20820141       2.09510312E-04   1.31840480E-03   1.21456003       1.22539270       1.19128509E-03   3.18382299E-05
   5.21392345       2.08552374E-04   1.31519150E-03   1.21713495       1.22857559       1.18877902E-03   3.18553102E-05
   5.21964550       2.07597070E-04   1.31198100E-03   1.21970987       1.23175848       1.18627364E-03   3.18721904E-05
   5.22536755       2.06644443E-04   1.30877190E-03   1.22228479       1.23494172       1.18376908E-03   3.18888633E-05
   5.23108959       2.05694378E-04   1.30556489E-03   1.22485971       1.23813653       1.18126522E-03   3.19053070E-05
   5.23681164       2.04746873E-04   1.30236009E-03   1.22743464       1.24133134       1.17876206E-03   3.19215469E-05
   5.24253368       2.03801930E-04   1.29915669E-03   1.23000956       1.24452615       1.17625913E-03   3.19375686E-05
   5.24825573       2.02859665E-04   1.29594479E-03   1.23258448       1.24772096       1.17374212E-03   3.19529900E-05
   5.25397778       2.01920047E-04   1.29273231E-03   1.23514974       1.25091577       1.17122347E-03   3.19679930E-05
   5.25969982       2.00983020E-04   1.28952286E-03   1.23771274       1.25411057       1.16870506E-03   3.19827523E-05
   5.26542187       2.00048584E-04   1.28631433E-03   1.24027574       1.25730538       1.16618688E-03   3.19972933E-05
   5.27114391       1.99116752E-04   1.28310814E-03   1.24283874       1.26050353       1.16366975E-03   3.20116233E-05
   5.27686596       1.98187598E-04   1.27990427E-03   1.24540174       1.26371026       1.16115354E-03   3.20257350E-05
   5.28258801       1.97261106E-04   1.27670215E-03   1.24796474       1.26691699       1.15863839E-03   3.20396248E-05
   5.28831005       1.96337205E-04   1.27350248E-03   1.25052774       1.27012372       1.15612359E-03   3.20533181E-05
   5.29403210       1.95415894E-04   1.27030443E-03   1.25309074       1.27333045       1.15360972E-03   3.20667823E-05
   5.29975414       1.94497174E-04   1.26710895E-03   1.25565374       1.27653718       1.15109643E-03   3.20800209E-05
   5.30547619       1.93581131E-04   1.26391312E-03   1.25821674       1.27974391       1.14858150E-03   3.20929721E-05
   5.31119823       1.92667751E-04   1.26070878E-03   1.26077974       1.28295064       1.14605203E-03   3.21052794E-05
   5.31692028       1.91756961E-04   1.25750632E-03   1.26334274       1.28615737       1.14352372E-03   3.21173684E-05
   5.32264233       1.90848761E-04   1.25430652E-03   1.26590574       1.28936648       1.14099600E-03   3.21292355E-05
   5.32836437       1.89943166E-04   1.25110801E-03   1.26846266       1.29258513       1.13846886E-03   3.21408152E-05
   5.33408642       1.89040235E-04   1.24791288E-03   1.27101374       1.29580379       1.13594357E-03   3.21521038E-05
   5.33980846       1.88140009E-04   1.24471972E-03   1.27356482       1.29902244       1.13341887E-03   3.21631815E-05
   5.34553051       1.87242389E-04   1.24152924E-03   1.27611589       1.30224109       1.13089476E-03   3.21740372E-05
   5.35125256       1.86347374E-04   1.23834016E-03   1.27866697       1.30545974       1.12837204E-03   3.21846710E-05
   5.35697460       1.85454963E-04   1.23515388E-03   1.28121805       1.30867839       1.12585002E-03   3.21950683E-05
   5.36269665       1.84565171E-04   1.23196968E-03   1.28376913       1.31189704       1.12332928E-03   3.22052620E-05
   5.36841869       1.83678116E-04   1.22877886E-03   1.28632021       1.31511569       1.12079573E-03   3.22148517E-05
   5.37414074       1.82793665E-04   1.22558756E-03   1.28887129       1.31833434       1.11825985E-03   3.22241103E-05
   5.37986279       1.81911819E-04   1.22239918E-03   1.29142237       1.32155299       1.11572549E-03   3.22331507E-05
   5.38558483       1.81032578E-04   1.21921231E-03   1.29397345       1.32477164       1.11319195E-03   3.22419583E-05
   5.39130688       1.80155956E-04   1.21602858E-03   1.29651272       1.32799649       1.11065933E-03   3.22504129E-05
   5.39702892       1.79282069E-04   1.21284777E-03   1.29905188       1.33122706       1.10812823E-03   3.22586602E-05
   5.40275097       1.78410817E-04   1.20966928E-03   1.30159104       1.33445764       1.10559794E-03   3.22666710E-05
   5.40847301       1.77542170E-04   1.20649242E-03   1.30413020       1.33768821       1.10306859E-03   3.22744490E-05
   5.41419506       1.76676142E-04   1.20331871E-03   1.30666935       1.34091878       1.10054086E-03   3.22820124E-05
   5.41991711       1.75812718E-04   1.20014744E-03   1.30920851       1.34414935       1.09801348E-03   3.22893393E-05
   5.42563915       1.74951972E-04   1.19697524E-03   1.31174767       1.34737992       1.09548052E-03   3.22962369E-05
   5.43136120       1.74093919E-04   1.19380502E-03   1.31428683       1.35061049       1.09294557E-03   3.23028107E-05
   5.43708324       1.73238455E-04   1.19063654E-03   1.31682599       1.35384107       1.09041110E-03   3.23091408E-05
   5.44280529       1.72385611E-04   1.18747063E-03   1.31935358       1.35707164       1.08787837E-03   3.23151289E-05
   5.44852734       1.71535386E-04   1.18430797E-03   1.32188082       1.36030221       1.08534668E-03   3.23208842E-05
   5.45424938       1.70687781E-04   1.18114718E-03   1.32440805       1.36353278       1.08281616E-03   3.23264067E-05
   5.45997143       1.69842911E-04   1.17798964E-03   1.32693529       1.36676335       1.08028681E-03   3.23316999E-05
   5.46569347       1.69000647E-04   1.17483479E-03   1.32946253       1.36999393       1.07775861E-03   3.23367822E-05
   5.47141552       1.68160987E-04   1.17168203E-03   1.33198977       1.37322450       1.07523217E-03   3.23416389E-05
   5.47713757       1.67323931E-04   1.16853241E-03   1.33451700       1.37645507       1.07270642E-03   3.23462446E-05
   5.48285961       1.66489452E-04   1.16543041E-03   1.33704424       1.37968564       1.07021234E-03   3.23515451E-05
   5.48858166       1.65657693E-04   1.16233923E-03   1.33956182       1.38291621       1.06772536E-03   3.23566892E-05
   5.49430370       1.64828496E-04   1.15924980E-03   1.34207714       1.38614678       1.06523943E-03   3.23615641E-05
   5.50002575       1.64001860E-04   1.15616352E-03   1.34459245       1.38937974       1.06275454E-03   3.23662171E-05
   5.50574780       1.63177785E-04   1.15307921E-03   1.34710777       1.39262223       1.06027036E-03   3.23706336E-05
   5.51146984       1.62356344E-04   1.14999735E-03   1.34962308       1.39586473       1.05778780E-03   3.23748282E-05
   5.51719189       1.61537566E-04   1.14691874E-03   1.35213840       1.39910722       1.05530652E-03   3.23788045E-05
   5.52291393       1.60721334E-04   1.14384142E-03   1.35465372       1.40234971       1.05282583E-03   3.23825370E-05
   5.52863598       1.59907650E-04   1.14076736E-03   1.35716903       1.40559220       1.05034630E-03   3.23860477E-05
   5.53435802       1.59096526E-04   1.13769656E-03   1.35967398       1.40883470       1.04786921E-03   3.23892200E-05
   5.54008007       1.58288080E-04   1.13470759E-03   1.36217737       1.41207719       1.04544952E-03   3.23939239E-05
   5.54580212       1.57482151E-04   1.13172084E-03   1.36468077       1.41531968       1.04303157E-03   3.23983841E-05
   5.55152416       1.56678696E-04   1.12873572E-03   1.36718416       1.41856217       1.04061398E-03   3.24026187E-05
   5.55724621       1.55877729E-04   1.12575234E-03   1.36968756       1.42180467       1.03819685E-03   3.24066204E-05
   5.56296825       1.55079455E-04   1.12277188E-03   1.37219095       1.42504716       1.03578193E-03   3.24103930E-05
   5.56869030       1.54283654E-04   1.11979258E-03   1.37469435       1.42828965       1.03336701E-03   3.24139364E-05
   5.57441235       1.53490328E-04   1.11681572E-03   1.37719774       1.43153214       1.03095255E-03   3.24172324E-05
   5.58013439       1.52699504E-04   1.11384119E-03   1.37969148       1.43477464       1.02853926E-03   3.24201974E-05
   5.58585644       1.51911358E-04   1.11086853E-03   1.38218296       1.43801713       1.02612760E-03   3.24229040E-05
   5.59157848       1.51125685E-04   1.10792986E-03   1.38467443       1.44125962       1.02374132E-03   3.24261418E-05
   5.59730053       1.50342355E-04   1.10518350E-03   1.38716590       1.44450212       1.02150417E-03   3.24338689E-05
   5.60302258       1.49561558E-04   1.10243843E-03   1.38965738       1.44774461       1.01926748E-03   3.24413959E-05
   5.60874462       1.48783103E-04   1.09969417E-03   1.39214885       1.45098710       1.01703114E-03   3.24486609E-05
   5.61446667       1.48006919E-04   1.09695073E-03   1.39464033       1.45422959       1.01479411E-03   3.24556931E-05
   5.62018871       1.47233324E-04   1.09420868E-03   1.39713180       1.45747209       1.01255812E-03   3.24625071E-05
   5.62591076       1.46461985E-04   1.09146698E-03   1.39962327       1.46071458       1.01032155E-03   3.24690627E-05
   5.63163280       1.45692989E-04   1.08872610E-03   1.40211117       1.46395707       1.00808498E-03   3.24753491E-05
   5.63735485       1.44926496E-04   1.08598673E-03   1.40459073       1.46719956       1.00584945E-03   3.24813118E-05
   5.64307690       1.44162303E-04   1.08324783E-03   1.40707028       1.47044742       1.00361335E-03   3.24870271E-05
   5.64879894       1.43400524E-04   1.08051032E-03   1.40954983       1.47370183       1.00137724E-03   3.24925095E-05
   5.65452099       1.42641162E-04   1.07784849E-03   1.41202939       1.47695625       9.99197713E-04   3.24995490E-05
   5.66024303       1.41883982E-04   1.07521622E-03   1.41450894       1.48021066       9.97038791E-04   3.25070541E-05
   5.66596508       1.41129305E-04   1.07258453E-03   1.41698849       1.48346508       9.94880218E-04   3.25143337E-05
   5.67168713       1.40376811E-04   1.06995332E-03   1.41946805       1.48671949       9.92720830E-04   3.25213659E-05
   5.67740917       1.39626660E-04   1.06732210E-03   1.42194760       1.48997390       9.90561210E-04   3.25281508E-05
   5.68313122       1.38878851E-04   1.06469158E-03   1.42442715       1.49322832       9.88401938E-04   3.25347100E-05
   5.68885326       1.38133226E-04   1.06206175E-03   1.42690670       1.49648273       9.86242085E-04   3.25410074E-05
   5.69457531       1.37390103E-04   1.05943251E-03   1.42937648       1.49973714       9.84082464E-04   3.25469700E-05
   5.70029736       1.36649163E-04   1.05680339E-03   1.43184412       1.50299156       9.81922261E-04   3.25526562E-05
   5.70601940       1.35910610E-04   1.05417508E-03   1.43431175       1.50624597       9.79761942E-04   3.25580950E-05
   5.71174145       1.35174356E-04   1.05155562E-03   1.43677938       1.50950038       9.77606978E-04   3.25634719E-05
   5.71746349       1.34440314E-04   1.04897481E-03   1.43924701       1.51275480       9.75477044E-04   3.25694491E-05
   5.72318554       1.33708701E-04   1.04639470E-03   1.44171464       1.51600921       9.73346934E-04   3.25751862E-05
   5.72890759       1.32979185E-04   1.04381400E-03   1.44418228       1.51926363       9.71215602E-04   3.25806541E-05
   5.73462963       1.32252142E-04   1.04123447E-03   1.44664991       1.52251804       9.69085260E-04   3.25859146E-05
   5.74035168       1.31527224E-04   1.03865459E-03   1.44911754       1.52577245       9.66953696E-04   3.25908950E-05
   5.74607372       1.30804663E-04   1.03607541E-03   1.45158517       1.52902687       9.64822073E-04   3.25956462E-05
   5.75179577       1.30084343E-04   1.03349634E-03   1.45404470       1.53228128       9.62690450E-04   3.26000481E-05
   5.75751781       1.29366264E-04   1.03091798E-03   1.45650041       1.53553700       9.60557663E-04   3.26041518E-05
   5.76323986       1.28650572E-04   1.02833996E-03   1.45895612       1.53880334       9.58425400E-04   3.26080190E-05
   5.76896191       1.27936990E-04   1.02576148E-03   1.46141183       1.54206967       9.56292672E-04   3.26116206E-05
   5.77468395       1.27225881E-04   1.02323398E-03   1.46386755       1.54533601       9.54195042E-04   3.26161899E-05
   5.78040600       1.26516810E-04   1.02072442E-03   1.46632326       1.54860234       9.52109811E-04   3.26209483E-05
   5.78612804       1.25810140E-04   1.01821544E-03   1.46877897       1.55186868       9.50025045E-04   3.26254885E-05
   5.79185009       1.25105551E-04   1.01570541E-03   1.47123468       1.55513501       9.47938533E-04   3.26297341E-05
   5.79757214       1.24403305E-04   1.01319654E-03   1.47369039       1.55840135       9.45852487E-04   3.26337613E-05
   5.80329418       1.23703183E-04   1.01068662E-03   1.47614610       1.56166768       9.43765277E-04   3.26375120E-05
   5.80901623       1.23005360E-04   1.00817741E-03   1.47859037       1.56493402       9.41677543E-04   3.26408845E-05
   5.81473827       1.22309735E-04   1.00566831E-03   1.48103416       1.56820035       9.39589809E-04   3.26439949E-05
   5.82046032       1.21616344E-04   1.00315886E-03   1.48347795       1.57146668       9.37501027E-04   3.26468435E-05
   5.82618237       1.20925179E-04   1.00064964E-03   1.48592174       1.57473302       9.35411721E-04   3.26494483E-05
   5.83190441       1.20236233E-04   9.98176285E-04   1.48836553       1.57799935       9.33349656E-04   3.26527297E-05
   5.83762646       1.19549448E-04   9.95784532E-04   1.49080932       1.58126569       9.31349874E-04   3.26579648E-05
   5.84334850       1.18864817E-04   9.93391965E-04   1.49325311       1.58453202       9.29348811E-04   3.26629524E-05
   5.84907055       1.18182332E-04   9.90999048E-04   1.49569690       1.58779836       9.27346933E-04   3.26676745E-05
   5.85479259       1.17501993E-04   9.88605432E-04   1.49814069       1.59106469       9.25344299E-04   3.26721420E-05
   5.86051464       1.16823794E-04   9.86211700E-04   1.50058448       1.59433103       9.23340907E-04   3.26763438E-05
   5.86623669       1.16147756E-04   9.83817270E-04   1.50301659       1.59759736       9.21336294E-04   3.26801528E-05
   5.87195873       1.15473857E-04   9.81422723E-04   1.50544846       1.60086370       9.19330982E-04   3.26836998E-05
   5.87768078       1.14802118E-04   9.79027012E-04   1.50788033       1.60413003       9.17324505E-04   3.26869667E-05
   5.88340282       1.14132519E-04   9.76631185E-04   1.51031220       1.60739636       9.15317331E-04   3.26899863E-05
   5.88912487       1.13465059E-04   9.74235416E-04   1.51274407       1.61066270       9.13309574E-04   3.26927366E-05
   5.89484692       1.12799695E-04   9.72084526E-04   1.51517594       1.61392903       9.11501877E-04   3.27023990E-05
   5.90056896       1.12136229E-04   9.70041205E-04   1.51760781       1.61719537       9.09781142E-04   3.27150301E-05
   5.90629101       1.11474757E-04   9.67995788E-04   1.52003968       1.62046611       9.08058661E-04   3.27274101E-05
   5.91201305       1.10815170E-04   9.65948275E-04   1.52247155       1.62374437       9.06334491E-04   3.27395392E-05
   5.91773510       1.10157496E-04   9.63898783E-04   1.52490342       1.62702262       9.04608110E-04   3.27514026E-05
   5.92345715       1.09501787E-04   9.61848360E-04   1.52733529       1.63030088       9.02879576E-04   3.27630078E-05
   5.92917919       1.08847969E-04   9.59794910E-04   1.52976716       1.63357913       9.01149411E-04   3.27743401E-05
   5.93490124       1.08196073E-04   9.57740063E-04   1.53219903       1.63685739       8.99417093E-04   3.27854250E-05
   5.94062328       1.07546119E-04   9.55683878E-04   1.53463089       1.64013565       8.97683203E-04   3.27962371E-05
   5.94634533       1.06898064E-04   9.53625247E-04   1.53706276       1.64341390       8.95946752E-04   3.28067836E-05
   5.95206738       1.06251944E-04   9.51564813E-04   1.53949463       1.64669216       8.94208730E-04   3.28170718E-05
   5.95778942       1.05607745E-04   9.49502049E-04   1.54192185       1.64997041       8.92468728E-04   3.28270289E-05
   5.96351147       1.04965409E-04   9.47555061E-04   1.54434180       1.65324867       8.90819589E-04   3.28400492E-05
   5.96923351       1.04324979E-04   9.45659354E-04   1.54676175       1.65653718       8.89211602E-04   3.28544083E-05
   5.97495556       1.03686296E-04   9.43761144E-04   1.54918170       1.65982735       8.87601171E-04   3.28685128E-05
   5.98067760       1.03049504E-04   9.41861130E-04   1.55160165       1.66311753       8.85987829E-04   3.28823480E-05
   5.98639965       1.02414473E-04   9.39958205E-04   1.55402160       1.66640770       8.84373032E-04   3.28959286E-05
   5.99212170       1.01781334E-04   9.38052894E-04   1.55644155       1.66969788       8.82755325E-04   3.29092290E-05
   5.99784374       1.01149948E-04   9.36145312E-04   1.55886149       1.67298806       8.81134823E-04   3.29222676E-05
   6.00356579       1.00520447E-04   9.34234995E-04   1.56128144       1.67627823       8.79512460E-04   3.29350405E-05
   6.00928783       9.98927208E-05   9.32321884E-04   1.56370139       1.67956841       8.77887302E-04   3.29475261E-05
   6.01500988       9.92668720E-05   9.30406561E-04   1.56612134       1.68285859       8.76259874E-04   3.29597497E-05
   6.02073193       9.86427840E-05   9.28489026E-04   1.56854129       1.68615913       8.74629652E-04   3.29716968E-05
   6.02645397       9.80205732E-05   9.26568871E-04   1.57096124       1.68946123       8.72997683E-04   3.29833638E-05
   6.03217602       9.74001377E-05   9.24649124E-04   1.57338119       1.69276333       8.71364493E-04   3.29948125E-05
   6.03789806       9.67815649E-05   9.22746491E-04   1.57580113       1.69606543       8.69737647E-04   3.30063267E-05
   6.04362011       9.61647456E-05   9.20841238E-04   1.57822108       1.69936752       8.68109113E-04   3.30175862E-05
   6.04934216       9.55497962E-05   9.18932841E-04   1.58064103       1.70266962       8.66477436E-04   3.30285438E-05
   6.05506420       9.49365858E-05   9.17021884E-04   1.58306098       1.70597172       8.64843139E-04   3.30392140E-05
   6.06078625       9.43252599E-05   9.15108831E-04   1.58548093       1.70927382       8.63206689E-04   3.30496150E-05
   6.06650829       9.37156656E-05   9.13192285E-04   1.58790088       1.71257591       8.61567154E-04   3.30597104E-05
   6.07223034       9.31079485E-05   9.11273703E-04   1.59032083       1.71587801       8.59925116E-04   3.30695184E-05
   6.07795238       9.25019776E-05   9.09351686E-04   1.59274077       1.71918011       8.58280109E-04   3.30790281E-05
   6.08367443       9.18978694E-05   9.07427282E-04   1.59516072       1.72249222       8.56632541E-04   3.30882576E-05
   6.08939648       9.12955220E-05   9.05500434E-04   1.59758067       1.72580624       8.54982529E-04   3.30971852E-05
   6.09511852       9.06950227E-05   9.03570268E-04   1.60000062       1.72912025       8.53329606E-04   3.31058109E-05
   6.10084057       9.00962914E-05   9.01638763E-04   1.60242057       1.73243427       8.51674762E-04   3.31141673E-05
   6.10656261       8.94994009E-05   8.99724255E-04   1.60484052       1.73574829       8.50026379E-04   3.31225965E-05
   6.11228466       8.89042713E-05   8.97807360E-04   1.60726047       1.73906231       8.48376018E-04   3.31307092E-05
   6.11800671       8.83109533E-05   8.95886740E-04   1.60967064       1.74237633       8.46722396E-04   3.31384399E-05
   6.12372875       8.77194325E-05   8.93963792E-04   1.61207867       1.74569035       8.45065981E-04   3.31458177E-05
   6.12945080       8.71297161E-05   8.92038166E-04   1.61448669       1.74900436       8.43406771E-04   3.31528754E-05
   6.13517284       8.65418042E-05   8.90108815E-04   1.61689472       1.75231838       8.41744302E-04   3.31596420E-05
   6.14089489       8.59556822E-05   8.88177310E-04   1.61930275       1.75563240       8.40079156E-04   3.31660885E-05
   6.14661694       8.53713791E-05   8.86242255E-04   1.62171078       1.75894642       8.38411332E-04   3.31722222E-05
   6.15233898       8.47888587E-05   8.84304580E-04   1.62411880       1.76226044       8.36740364E-04   3.31780357E-05
   6.15806103       8.42081645E-05   8.82363413E-04   1.62652683       1.76557446       8.35066370E-04   3.31835436E-05
   6.16378307       8.36292384E-05   8.80419218E-04   1.62893486       1.76888847       8.33389699E-04   3.31887131E-05
   6.16950512       8.30521531E-05   8.78480787E-04   1.63134289       1.77220249       8.31714133E-04   3.31937335E-05
   6.17522717       8.24767994E-05   8.76550446E-04   1.63375092       1.77551651       8.30041070E-04   3.31986521E-05
   6.18094921       8.19033012E-05   8.74617661E-04   1.63615894       1.77883959       8.28364922E-04   3.32032614E-05
   6.18667126       8.13315346E-05   8.72681441E-04   1.63856697       1.78216553       8.26685864E-04   3.32075178E-05
   6.19239330       8.07616088E-05   8.70742369E-04   1.64097500       1.78549147       8.25003895E-04   3.32114614E-05
   6.19811535       8.01934220E-05   8.68799456E-04   1.64338303       1.78881741       8.23318493E-04   3.32150812E-05
   6.20383739       7.96270615E-05   8.66853748E-04   1.64578044       1.79214334       8.21629830E-04   3.32182208E-05
   6.20955944       7.90624763E-05   8.64904374E-04   1.64817655       1.79546928       8.19938316E-04   3.32210220E-05
   6.21528149       7.84996882E-05   8.62952205E-04   1.65057266       1.79879522       8.18243483E-04   3.32234813E-05
   6.22100353       7.79386974E-05   8.60996486E-04   1.65296876       1.80212116       8.16545507E-04   3.32255986E-05
   6.22672558       7.73794891E-05   8.59037158E-04   1.65536487       1.80544710       8.14843865E-04   3.32273594E-05
   6.23244762       7.68220998E-05   8.57078005E-04   1.65776098       1.80877304       8.13141291E-04   3.32288619E-05
   6.23816967       7.62664640E-05   8.55131831E-04   1.66015708       1.81209898       8.11442733E-04   3.32303171E-05
   6.24389172       7.57126545E-05   8.53181584E-04   1.66255319       1.81542492       8.09740624E-04   3.32314085E-05
   6.24961376       7.51605621E-05   8.51227902E-04   1.66494930       1.81875086       8.08035024E-04   3.32321470E-05
   6.25533581       7.46103324E-05   8.49270727E-04   1.66734540       1.82207680       8.06326279E-04   3.32325399E-05
   6.26105785       7.40618198E-05   8.47310177E-04   1.66974151       1.82540274       8.04614159E-04   3.32325726E-05
   6.26677990       7.35151334E-05   8.45345785E-04   1.67213011       1.82872868       8.02898605E-04   3.32321615E-05
   6.27250195       7.29702078E-05   8.43378017E-04   1.67451429       1.83205462       8.01179209E-04   3.32313284E-05
   6.27822399       7.24270867E-05   8.41406581E-04   1.67689848       1.83538055       7.99456495E-04   3.32301461E-05
   6.28394604       7.18857482E-05   8.39431479E-04   1.67928267       1.83870649       7.97730463E-04   3.32285781E-05
   6.28966808       7.13461923E-05   8.37452710E-04   1.68166685       1.84203243       7.96000764E-04   3.32266573E-05
   6.29539013       7.08084481E-05   8.35477666E-04   1.68405104       1.84535837       7.94270833E-04   3.32244927E-05
   6.30111217       7.02724428E-05   8.33509141E-04   1.68643522       1.84868431       7.92542531E-04   3.32221643E-05
   6.30683422       6.97382638E-05   8.31537473E-04   1.68881941       1.85201025       7.90810620E-04   3.32194650E-05
   6.31255627       6.92058020E-05   8.29561788E-04   1.69120359       1.85533619       7.89074635E-04   3.32163727E-05
   6.31827831       6.86751810E-05   8.27581796E-04   1.69358408       1.85866213       7.87335157E-04   3.32128766E-05
   6.32400036       6.81462989E-05   8.25598778E-04   1.69595635       1.86198807       7.85592187E-04   3.32088821E-05
   6.32972240       6.76192358E-05   8.23611452E-04   1.69832861       1.86531401       7.83845317E-04   3.32045056E-05
   6.33544445       6.70939335E-05   8.21619877E-04   1.70070088       1.86863983       7.82094605E-04   3.31997398E-05
   6.34116650       6.65704210E-05   8.19624634E-04   1.70307314       1.87195385       7.80340109E-04   3.31945885E-05
   6.34688854       6.60486985E-05   8.17625667E-04   1.70544541       1.87526786       7.78581831E-04   3.31890333E-05
   6.35261059       6.55287367E-05   8.15622567E-04   1.70781767       1.87858188       7.76819827E-04   3.31830779E-05
   6.35833263       6.50105940E-05   8.13632039E-04   1.71018994       1.88189590       7.75060966E-04   3.31770498E-05
   6.36405468       6.44941683E-05   8.11637030E-04   1.71255910       1.88520992       7.73298438E-04   3.31705633E-05
   6.36977673       6.39795908E-05   8.09638412E-04   1.71491945       1.88852394       7.71531893E-04   3.31635856E-05
   6.37549877       6.34667304E-05   8.07635428E-04   1.71727979       1.89183795       7.69761391E-04   3.31561896E-05
   6.38122082       6.29557035E-05   8.05628079E-04   1.71964014       1.89515197       7.67986872E-04   3.31483861E-05
   6.38694286       6.24464228E-05   8.03616480E-04   1.72200048       1.89846599       7.66208046E-04   3.31401607E-05
   6.39266491       6.19389320E-05   8.01600690E-04   1.72436082       1.90178001       7.64425437E-04   3.31315241E-05
   6.39838696       6.14332312E-05   7.99580710E-04   1.72672117       1.90509403       7.62638520E-04   3.31224619E-05
   6.40410900       6.09293020E-05   7.97556189E-04   1.72908032       1.90840805       7.60847004E-04   3.31129522E-05
   6.40983105       6.04271590E-05   7.95528060E-04   1.73142874       1.91172206       7.59052229E-04   3.31029187E-05
   6.41555309       5.99267951E-05   7.93510349E-04   1.73377717       1.91503608       7.57259200E-04   3.30927251E-05
   6.42127514       5.94282064E-05   7.91487691E-04   1.73612559       1.91835010       7.55461690E-04   3.30820876E-05
   6.42699718       5.89313968E-05   7.89460726E-04   1.73847401       1.92165375       7.53660162E-04   3.30710063E-05
   6.43271923       5.84363625E-05   7.87429395E-04   1.74082243       1.92495584       7.51853862E-04   3.30594958E-05
   6.43844128       5.79431035E-05   7.85393408E-04   1.74317086       1.92825794       7.50043662E-04   3.30475450E-05
   6.44416332       5.74516234E-05   7.83352356E-04   1.74551213       1.93156004       7.48228340E-04   3.30350522E-05
   6.44988537       5.69619333E-05   7.81307113E-04   1.74784863       1.93486214       7.46408827E-04   3.30220610E-05
   6.45560741       5.64740258E-05   7.79256981E-04   1.75018513       1.93816423       7.44584773E-04   3.30086259E-05
   6.46132946       5.59879045E-05   7.77202018E-04   1.75252163       1.94146633       7.42756180E-04   3.29947179E-05
   6.46705151       5.55035658E-05   7.75149500E-04   1.75485814       1.94476843       7.40925956E-04   3.29804825E-05
   6.47277355       5.50210025E-05   7.73098960E-04   1.75719464       1.94807053       7.39093812E-04   3.29659015E-05
   6.47849560       5.45402145E-05   7.71043298E-04   1.75952303       1.95136428       7.37256836E-04   3.29507457E-05
   6.48421764       5.40612054E-05   7.68982514E-04   1.76184762       1.95465446       7.35415146E-04   3.29350951E-05
   6.48993969       5.35839790E-05   7.66917190E-04   1.76417220       1.95794463       7.33568391E-04   3.29189643E-05
   6.49566174       5.31085352E-05   7.64846453E-04   1.76649678       1.96123481       7.31717038E-04   3.29023351E-05
   6.50138378       5.26348776E-05   7.62770826E-04   1.76882136       1.96452498       7.29860330E-04   3.28852293E-05
   6.50710583       5.21630027E-05   7.60689552E-04   1.77114367       1.96781516       7.27999141E-04   3.28676324E-05
   6.51282787       5.16929140E-05   7.58603623E-04   1.77345634       1.97110534       7.26132770E-04   3.28494134E-05
   6.51854992       5.12246152E-05   7.56517111E-04   1.77576900       1.97438824       7.24263198E-04   3.28307651E-05
   6.52427197       5.07580990E-05   7.54433044E-04   1.77808166       1.97766650       7.22391298E-04   3.28117785E-05
   6.52999401       5.02933617E-05   7.52343563E-04   1.78039432       1.98094475       7.20513985E-04   3.27922535E-05
   6.53571606       4.98304071E-05   7.50248728E-04   1.78270614       1.98422301       7.18632073E-04   3.27722228E-05
   6.54143810       4.93692387E-05   7.48148246E-04   1.78500688       1.98750126       7.16744398E-04   3.27515700E-05
   6.54716015       4.89098602E-05   7.46042177E-04   1.78730762       1.99077952       7.14851543E-04   3.27303860E-05
   6.55288219       4.84522643E-05   7.43931043E-04   1.78960836       1.99404991       7.12953508E-04   3.27086855E-05
   6.55860424       4.79964547E-05   7.41813623E-04   1.79190910       1.99731624       7.11049535E-04   3.26864538E-05
   6.56432629       4.75424386E-05   7.39690906E-04   1.79420626       2.00058270       7.09140557E-04   3.26636582E-05
   6.57004833       4.70902196E-05   7.37569353E-04   1.79649508       2.00384903       7.07228144E-04   3.26403315E-05
   6.57577038       4.66397905E-05   7.35445821E-04   1.79878390       2.00711536       7.05311599E-04   3.26165355E-05
   6.58149242       4.61911477E-05   7.33316760E-04   1.80107272       2.01038170       7.03389465E-04   3.25921792E-05
   6.58721447       4.57442948E-05   7.31181353E-04   1.80336154       2.01364803       7.01461395E-04   3.25672809E-05
   6.59293652       4.52992317E-05   7.29040185E-04   1.80564106       2.01691198       6.99527445E-04   3.25417313E-05
   6.59865856       4.48559658E-05   7.26892962E-04   1.80791795       2.02015448       6.97587733E-04   3.25155997E-05
   6.60438061       4.44144898E-05   7.24739686E-04   1.81019485       2.02339697       6.95642317E-04   3.24889006E-05
   6.61010265       4.39748110E-05   7.22580124E-04   1.81247175       2.02663946       6.93690963E-04   3.24616267E-05
   6.61582470       4.35369293E-05   7.20417069E-04   1.81474245       2.02988195       6.91734371E-04   3.24337561E-05
   6.62154675       4.31008484E-05   7.18254189E-04   1.81700742       2.03312445       6.89772714E-04   3.24052926E-05
   6.62726879       4.26665611E-05   7.16085255E-04   1.81927240       2.03636694       6.87805295E-04   3.23762579E-05
   6.63299084       4.22340709E-05   7.13909161E-04   1.82153738       2.03960943       6.85831066E-04   3.23466229E-05
   6.63871288       4.18033778E-05   7.11727131E-04   1.82379675       2.04285192       6.83851249E-04   3.23163404E-05
   6.64443493       4.13744929E-05   7.09538173E-04   1.82604980       2.04607868       6.81864796E-04   3.22853921E-05
   6.65015697       4.09474123E-05   7.07343104E-04   1.82830286       2.04929733       6.79872173E-04   3.22538290E-05
   6.65587902       4.05221326E-05   7.05140526E-04   1.83055592       2.05251598       6.77872682E-04   3.22216729E-05
   6.66160107       4.00986610E-05   7.02934340E-04   1.83280158       2.05573463       6.75867253E-04   3.21888256E-05
   6.66732311       3.96770010E-05   7.00726232E-04   1.83504272       2.05895329       6.73855888E-04   3.21553343E-05
   6.67304516       3.92571419E-05   6.98510907E-04   1.83728385       2.06217194       6.71837595E-04   3.21212174E-05
   6.67876720       3.88390945E-05   6.96288422E-04   1.83952498       2.06539059       6.69812493E-04   3.20864674E-05
   6.68448925       3.84228551E-05   6.94058894E-04   1.84175491       2.06859827       6.67780638E-04   3.20509571E-05
   6.69021130       3.80084348E-05   6.91822497E-04   1.84398413       2.07179308       6.65741856E-04   3.20147847E-05
   6.69593334       3.75958334E-05   6.89578475E-04   1.84621334       2.07498789       6.63696090E-04   3.19779683E-05
   6.70165539       3.71850365E-05   6.87327061E-04   1.84843743       2.07818270       6.61643222E-04   3.19404389E-05
   6.70737743       3.67760586E-05   6.85072853E-04   1.85065472       2.08137751       6.59582205E-04   3.19021347E-05
   6.71309948       3.63688960E-05   6.82812126E-04   1.85287201       2.08457232       6.57514262E-04   3.18631573E-05
   6.71882153       3.59635669E-05   6.80543948E-04   1.85508859       2.08776379       6.55438809E-04   3.18234961E-05
   6.72454357       3.55600605E-05   6.78268028E-04   1.85729396       2.09093475       6.53355848E-04   3.17830381E-05
   6.73026562       3.51583731E-05   6.75984134E-04   1.85949934       2.09410572       6.51265611E-04   3.17418635E-05
   6.73598766       3.47585155E-05   6.73692382E-04   1.86170471       2.09727669       6.49167749E-04   3.17000158E-05
   6.74170971       3.43604843E-05   6.71392947E-04   1.86390018       2.10044765       6.47062145E-04   3.16573460E-05
   6.74743176       3.39642902E-05   6.69087050E-04   1.86609364       2.10361862       6.44947402E-04   3.16138903E-05
   6.75315380       3.35699260E-05   6.66774751E-04   1.86828709       2.10677838       6.42823696E-04   3.15696452E-05
   6.75887585       3.31773990E-05   6.64454419E-04   1.87047184       2.10992551       6.40691840E-04   3.15245852E-05
   6.76459789       3.27867092E-05   6.62125414E-04   1.87265337       2.11307263       6.38552010E-04   3.14787612E-05
   6.77031994       3.23978602E-05   6.59787911E-04   1.87483490       2.11621976       6.36403973E-04   3.14321842E-05
   6.77604198       3.20108520E-05   6.57442084E-04   1.87700772       2.11936688       6.34247786E-04   3.13847704E-05
   6.78176403       3.16256919E-05   6.55087351E-04   1.87917733       2.12250638       6.32083334E-04   3.13365745E-05
   6.78748608       3.12423763E-05   6.52724877E-04   1.88134694       2.12562966       6.29907241E-04   3.12874618E-05
   6.79320812       3.08609087E-05   6.50353788E-04   1.88350642       2.12875295       6.27721020E-04   3.12373995E-05
   6.79893017       3.04812893E-05   6.47973910E-04   1.88566411       2.13187623       6.25526649E-04   3.11865333E-05
   6.80465221       3.01035307E-05   6.45585009E-04   1.88782108       2.13499951       6.23323140E-04   3.11348776E-05
   6.81037426       2.97276310E-05   6.43186213E-04   1.88996685       2.13810849       6.21110725E-04   3.10822761E-05
   6.81609631       2.93535941E-05   6.40778395E-04   1.89211261       2.14120793       6.18889462E-04   3.10288924E-05
   6.82181835       2.89814197E-05   6.38360973E-04   1.89425397       2.14430737       6.16657548E-04   3.09745883E-05
   6.82754040       2.86111117E-05   6.35933189E-04   1.89638782       2.14740682       6.14411430E-04   3.09191200E-05
   6.83326244       2.82426754E-05   6.33495802E-04   1.89852166       2.15050101       6.12156058E-04   3.08628150E-05
   6.83898449       2.78761145E-05   6.31048402E-04   1.90064633       2.15357661       6.09891140E-04   3.08055569E-05
   6.84470654       2.75114289E-05   6.28591108E-04   1.90276825       2.15665221       6.07616326E-04   3.07474220E-05
   6.85042858       2.71486242E-05   6.26123394E-04   1.90488720       2.15972781       6.05331967E-04   3.06883958E-05
   6.85615063       2.67877040E-05   6.23645552E-04   1.90699720       2.16280007       6.03037421E-04   3.06284019E-05
   6.86187267       2.64286682E-05   6.21154031E-04   1.90910721       2.16585183       6.00724772E-04   3.05670983E-05
   6.86759472       2.60715260E-05   6.18652033E-04   1.91120756       2.16890359       5.98401646E-04   3.05048015E-05
   6.87331676       2.57162792E-05   6.16139499E-04   1.91330564       2.17195535       5.96068567E-04   3.04415680E-05
   6.87903881       2.53629296E-05   6.13615615E-04   1.91539848       2.17499924       5.93724952E-04   3.03773631E-05
   6.88476086       2.50114845E-05   6.11080904E-04   1.91748464       2.17802715       5.91370161E-04   3.03121633E-05
   6.89048290       2.46619420E-05   6.08534319E-04   1.91956913       2.18105507       5.89003670E-04   3.02459357E-05
   6.89620495       2.43143149E-05   6.05971378E-04   1.92164338       2.18408298       5.86617040E-04   3.01781747E-05
   6.90192699       2.39686015E-05   6.03396678E-04   1.92371762       2.18709326       5.84219175E-04   3.01094497E-05
   6.90764904       2.36248088E-05   6.00810570E-04   1.92578101       2.19009733       5.81810076E-04   3.00396350E-05
   6.91337109       2.32829407E-05   5.98212471E-04   1.92784333       2.19310141       5.79389278E-04   2.99688127E-05
   6.91909313       2.29429988E-05   5.95602090E-04   1.92989683       2.19609714       5.76957013E-04   2.98969153E-05
   6.92481518       2.26049942E-05   5.92975121E-04   1.93194723       2.19907737       5.74505946E-04   2.98235918E-05
   6.93053722       2.22689268E-05   5.90332202E-04   1.93399012       2.20205760       5.72037010E-04   2.97488623E-05
   6.93625927       2.19348021E-05   5.87676535E-04   1.93602860       2.20503449       5.69555850E-04   2.96730504E-05
   6.94198132       2.16026310E-05   5.85008063E-04   1.93806005       2.20799088       5.67062409E-04   2.95961072E-05
   6.94770336       2.12724117E-05   5.82326786E-04   1.94008660       2.21094728       5.64556685E-04   2.95180453E-05
   6.95342541       2.09441496E-05   5.79628802E-04   1.94210613       2.21390176       5.62033325E-04   2.94385991E-05
   6.95914745       2.06178556E-05   5.76909806E-04   1.94412076       2.21683431       5.59486216E-04   2.93574267E-05
   6.96486950       2.02935335E-05   5.74177073E-04   1.94612765       2.21976686       5.56926185E-04   2.92750665E-05
   6.97059155       1.99711903E-05   5.71430603E-04   1.94813037       2.22269511       5.54352591E-04   2.91915330E-05
   6.97631359       1.96508299E-05   5.68669813E-04   1.95012414       2.22560382       5.51765494E-04   2.91067572E-05
   6.98203564       1.93324558E-05   5.65890630E-04   1.95211494       2.22851253       5.49159071E-04   2.90205044E-05
   6.98775768       1.90160808E-05   5.63087058E-04   1.95409501       2.23141146       5.46525989E-04   2.89323034E-05
   6.99347973       1.87017085E-05   5.60268760E-04   1.95607257       2.23429632       5.43878938E-04   2.88428710E-05
   6.99920177       1.83893444E-05   5.57435793E-04   1.95803952       2.23718119       5.41217101E-04   2.87521234E-05
   7.00492382       1.80789939E-05   5.54587285E-04   1.96000230       2.24004793       5.38540771E-04   2.86600953E-05
   7.01064587       1.77706643E-05   5.51713107E-04   1.96195734       2.24290895       5.35836793E-04   2.85661026E-05
   7.01636791       1.74643756E-05   5.48816402E-04   1.96390474       2.24576473       5.33109182E-04   2.84703001E-05
   7.02208996       1.71601241E-05   5.45903458E-04   1.96584785       2.24860191       5.30366087E-04   2.83731697E-05
   7.02781200       1.68579172E-05   5.42974391E-04   1.96777940       2.25143909       5.27606986E-04   2.82746114E-05
   7.03353405       1.65577621E-05   5.40026056E-04   1.96970665       2.25425768       5.24829084E-04   2.81745251E-05
   7.03925610       1.62596752E-05   5.37043030E-04   1.97162592       2.25707102       5.22013986E-04   2.80719014E-05
   7.04497814       1.59636566E-05   5.34042716E-04   1.97353637       2.25987363       5.19182009E-04   2.79678097E-05
   7.05070019       1.56697206E-05   5.31025406E-04   1.97544158       2.26266313       5.16333384E-04   2.78622920E-05
   7.05642223       1.53778710E-05   5.27990051E-04   1.97733700       2.26544785       5.13467705E-04   2.77552608E-05
   7.06214428       1.50881187E-05   5.24914416E-04   1.97922456       2.26821351       5.10559301E-04   2.76453738E-05
   7.06786633       1.48004774E-05   5.21818874E-04   1.98110604       2.27097821       5.07630873E-04   2.75338316E-05
   7.07358837       1.45149543E-05   5.18704241E-04   1.98297763       2.27372003       5.04684402E-04   2.74207323E-05
   7.07931042       1.42315566E-05   5.15570864E-04   1.98484063       2.27646184       5.01719420E-04   2.73060468E-05
   7.08503246       1.39502972E-05   5.12392027E-04   1.98669684       2.27918124       4.98706708E-04   2.71882036E-05
   7.09075451       1.36711906E-05   5.09192236E-04   1.98854458       2.28189921       4.95673739E-04   2.70686269E-05
   7.09647655       1.33942431E-05   5.05972130E-04   1.99038160       2.28459477       4.92620806E-04   2.69473639E-05
   7.10219860       1.31194620E-05   5.02725772E-04   1.99221098       2.28728890       4.89541504E-04   2.68240819E-05
   7.10792065       1.28468673E-05   4.99433023E-04   1.99403238       2.28995943       4.86414734E-04   2.66975803E-05
   7.11364269       1.25764709E-05   4.96119377E-04   1.99584436       2.29262686       4.83267300E-04   2.65693179E-05
   7.11936474       1.23082809E-05   4.92783904E-04   1.99764562       2.29527330       4.80098854E-04   2.64392729E-05
   7.12508678       1.20423083E-05   4.89403668E-04   1.99943829       2.29791260       4.76884714E-04   2.63060901E-05
   7.13080883       1.17785712E-05   4.85989003E-04   2.00122643       2.30053520       4.73635620E-04   2.61703917E-05
   7.13653088       1.15170833E-05   4.82551259E-04   2.00299644       2.30314493       4.70364525E-04   2.60327452E-05
   7.14225292       1.12578546E-05   4.79078124E-04   2.00476074       2.30574369       4.67057835E-04   2.58925411E-05
   7.14797497       1.10008996E-05   4.75554785E-04   2.00651670       2.30832243       4.63699776E-04   2.57488300E-05
   7.15369701       1.07462438E-05   4.72007087E-04   2.00825715       2.31089282       4.60318086E-04   2.56030962E-05
   7.15941906       1.04938890E-05   4.68428276E-04   2.00999665       2.31344390       4.56905633E-04   2.54550778E-05
   7.16514111       1.02438571E-05   4.64788289E-04   2.01171327       2.31598091       4.53430868E-04   2.53027883E-05
   7.17086315       9.99616714E-06   4.61122399E-04   2.01342988       2.31850719       4.49931104E-04   2.51485035E-05
   7.17658520       9.75082821E-06   4.57422400E-04   2.01512671       2.32101059       4.46397113E-04   2.49915611E-05
   7.18230724       9.50786671E-06   4.53657674E-04   2.01681948       2.32350135       4.42798017E-04   2.48303077E-05
   7.18802929       9.26729808E-06   4.49865678E-04   2.01849556       2.32597947       4.39172232E-04   2.46667914E-05
   7.19375134       9.02913507E-06   4.46027727E-04   2.02016449       2.32843518       4.35500580E-04   2.45000465E-05
   7.19947338       8.79340496E-06   4.42129793E-04   2.02181816       2.33087564       4.31768596E-04   2.43291197E-05
   7.20519543       8.56012502E-06   4.38203133E-04   2.02346325       2.33330131       4.28008207E-04   2.41558992E-05
   7.21091747       8.32931164E-06   4.34209069E-04   2.02509260       2.33570933       4.24180413E-04   2.39781220E-05
   7.21663952       8.10099482E-06   4.30169690E-04   2.02671385       2.33809566       4.20307682E-04   2.37970489E-05
   7.22236156       7.87518638E-06   4.26088605E-04   2.02831697       2.34046555       4.16393304E-04   2.36128271E-05
   7.22808361       7.65191726E-06   4.21930861E-04   2.02991438       2.34281826       4.12402151E-04   2.34235213E-05
   7.23380566       7.43120745E-06   4.17741190E-04   2.03148985       2.34515285       4.08379739E-04   2.32315797E-05
   7.23952770       7.21307879E-06   4.13469883E-04   2.03306007       2.34746552       4.04275605E-04   2.30342775E-05
   7.24524975       6.99756220E-06   4.09155735E-04   2.03460979       2.34975743       4.00129007E-04   2.28336739E-05
   7.25097179       6.78467450E-06   4.04771272E-04   2.03614926       2.35202980       3.95912124E-04   2.26283064E-05
   7.25669384       6.57445207E-06   4.00327408E-04   2.03767514       2.35428190       3.91636015E-04   2.24186988E-05
   7.26241589       6.36691129E-06   3.95818439E-04   2.03918266       2.35651326       3.87295324E-04   2.22045492E-05
   7.26813793       6.16208854E-06   3.91240203E-04   2.04068065       2.35872316       3.82885424E-04   2.19855974E-05
   7.27385998       5.96000746E-06   3.86595610E-04   2.04215884       2.36091089       3.78409197E-04   2.17619763E-05
   7.27958202       5.76070397E-06   3.81879072E-04   2.04362226       2.36307597       3.73861520E-04   2.15333348E-05
   7.28530407       5.56420036E-06   3.77088407E-04   2.04507375       2.36521769       3.69239744E-04   2.12996019E-05
   7.29102612       5.37053484E-06   3.72230541E-04   2.04650426       2.36733556       3.64551175E-04   2.10610488E-05
   7.29674816       5.17973058E-06   3.67284578E-04   2.04791903       2.36942911       3.59774800E-04   2.08165457E-05
   7.30247021       4.99182579E-06   3.62281193E-04   2.04931974       2.37149787       3.54941352E-04   2.05678425E-05
   7.30819225       4.80685139E-06   3.57175362E-04   2.05070257       2.37354136       3.50005226E-04   2.03122163E-05
   7.31391430       4.62483740E-06   3.52004805E-04   2.05206442       2.37555933       3.45004402E-04   2.00519062E-05
   7.31963634       4.44582247E-06   3.46756249E-04   2.05341029       2.37755108       3.39925871E-04   1.97860991E-05
   7.32535839       4.26983252E-06   3.41418490E-04   2.05473948       2.37951636       3.34757962E-04   1.95141365E-05
   7.33108044       4.09690301E-06   3.36012919E-04   2.05605078       2.38145471       3.29522067E-04   1.92372263E-05
   7.33680248       3.92706352E-06   3.30533221E-04   2.05733871       2.38336563       3.24211549E-04   1.89549410E-05
   7.34252453       3.76034086E-06   3.24977620E-04   2.05860853       2.38524508       3.18824867E-04   1.86672132E-05
   7.34824657       3.59675710E-06   3.19380197E-04   2.05985951       2.38709641       3.13394848E-04   1.83759294E-05
   7.35396862       3.43632405E-06   3.13743425E-04   2.06109142       2.38891935       3.07923707E-04   1.80812094E-05
   7.35969067       3.27905263E-06   3.08067276E-04   2.06230378       2.39071393       3.02412111E-04   1.77831062E-05
   7.36541271       3.12496854E-06   3.02290602E-04   2.06349587       2.39247608       2.96799961E-04   1.74780798E-05
   7.37113476       2.97410816E-06   2.96424638E-04   2.06466436       2.39420748       2.91097764E-04   1.71666925E-05
   7.37685680       2.82650876E-06   2.90466880E-04   2.06581187       2.39590931       2.85303744E-04   1.68488332E-05
   7.38257885       2.68220833E-06   2.84415495E-04   2.06693816       2.39757776       2.79415923E-04   1.65243800E-05
   7.38830090       2.54124348E-06   2.78269988E-04   2.06804252       2.39921284       2.73433223E-04   1.61932330E-05
   7.39402294       2.40365193E-06   2.72029254E-04   2.06912422       2.40081716       2.67354975E-04   1.58553376E-05
   7.39974499       2.26946963E-06   2.65693263E-04   2.07018304       2.40238333       2.61180889E-04   1.55106572E-05
   7.40546703       2.13873159E-06   2.59262073E-04   2.07121825       2.40391803       2.54910963E-04   1.51591767E-05
   7.41118908       2.01147554E-06   2.52736238E-04   2.07222962       2.40541458       2.48545693E-04   1.48008921E-05
   7.41691113       1.88773618E-06   2.46116222E-04   2.07321644       2.40687799       2.42085123E-04   1.44358064E-05
   7.42263317       1.76754918E-06   2.39402507E-04   2.07417846       2.40830135       2.35530126E-04   1.40639504E-05
   7.42835522       1.65094878E-06   2.32594175E-04   2.07511544       2.40968966       2.28879289E-04   1.36852213E-05
   7.43407726       1.53796975E-06   2.25688753E-04   2.07602692       2.41103792       2.22130358E-04   1.32994601E-05
   7.43979931       1.42864542E-06   2.18690737E-04   2.07691240       2.41234803       2.15287597E-04   1.29069113E-05
   7.44552135       1.32301000E-06   2.11597246E-04   2.07776976       2.41362000       2.08348181E-04   1.25073875E-05
   7.45124340       1.22109736E-06   2.04405253E-04   2.07859921       2.41484928       2.01308823E-04   1.21006642E-05
   7.45696545       1.12294197E-06   1.97114787E-04   2.07940149       2.41603804       1.94169843E-04   1.16867650E-05
   7.46268749       1.02857996E-06   1.89721570E-04   2.08017635       2.41718578       1.86926583E-04   1.12653870E-05
   7.46840954       9.38047435E-07   1.82219694E-04   2.08092332       2.41829157       1.79573181E-04   1.08361664E-05
   7.47413158       8.51383959E-07   1.74604691E-04   2.08164120       2.41935301       1.72105414E-04   1.03988359E-05
   7.47985363       7.68631480E-07   1.66868078E-04   2.08232665       2.42036986       1.64514669E-04   9.95282880E-06
   7.48557568       6.89835645E-07   1.58998882E-04   2.08298302       2.42134190       1.56790207E-04   9.49750120E-06
   7.49129772       6.15048464E-07   1.50985099E-04   2.08361006       2.42226815       1.48920037E-04   9.03210275E-06
   7.49701977       5.44326724E-07   1.42810182E-04   2.08420277       2.42314744       1.40887787E-04   8.55561848E-06
   7.50274181       4.77735682E-07   1.34453614E-04   2.08476377       2.42397833       1.32672969E-04   8.06676962E-06
   7.50846386       4.15349973E-07   1.25893552E-04   2.08529305       2.42476010       1.24254104E-04   7.56423651E-06
   7.51418591       3.57255061E-07   1.17104537E-04   2.08578515       2.42549109       1.15606075E-04   7.04643980E-06
   7.51990795       3.03548688E-07   1.08056971E-04   2.08624482       2.42616820       1.06699292E-04   6.51156552E-06
   7.52563000       2.54341302E-07   9.87236053E-05   2.08666468       2.42679119       9.75068542E-05   5.95789288E-06
   7.53135204       2.09753793E-07   8.90814190E-05   2.08704829       2.42735910       8.80056323E-05   5.38395852E-06
   7.53707409       1.69911075E-07   7.91375642E-05   2.08739281       2.42786670       7.82026327E-05   4.79015307E-06
   7.54279613       1.34924676E-07   6.89434310E-05   2.08769464       2.42831612       6.81481615E-05   4.17948513E-06
   7.54851818       1.04858799E-07   5.86495626E-05   2.08795595       2.42870188       5.79904772E-05   3.56098008E-06
   7.55424023       8.10202820E-08   4.46066661E-05   2.08816433       2.42900968       4.41273805E-05   2.71287786E-06
   7.55996227       6.20146352E-08   3.65306878E-05   2.08833075       2.42925596       3.61507555E-05   2.22519975E-06
   7.56568432       4.66626737E-08   2.92386394E-05   2.08846498       2.42945647       2.89450982E-05   1.78378934E-06
   7.57140636       3.45227882E-08   2.29512571E-05   2.08857203       2.42961359       2.27293713E-05   1.40237171E-06
   7.57712841       2.50944101E-08   1.77145503E-05   2.08865547       2.42973900       1.75498790E-05   1.08405311E-06
   7.58285046       1.78926118E-08   1.34437960E-05   2.08872104       2.42983389       1.33238718E-05   8.23964569E-07
   7.58857250       1.24899140E-08   1.00019988E-05   2.08876872       2.42990541       9.91655361E-06   6.13970656E-07
   7.59429455       8.52658477E-09   7.25196969E-06   2.08880377       2.42995524       7.19281343E-06   4.45871905E-07
   7.60001659       5.72423531E-09   5.02307557E-06   2.08882761       2.42999339       4.98421241E-06   3.09355130E-07
   7.60573864       3.81611498E-09   3.34597212E-06   2.08885145       2.43001723       3.32161244E-06   2.06572693E-07
   7.61146069       2.60048605E-09   2.06011464E-06   2.08885908       2.43004107       2.04630464E-06   1.27355378E-07
   7.61718273       1.87192395E-09   1.16930892E-06   2.08885908       2.43004394       1.16239414E-06   7.24423757E-08
   7.62290478       1.45885093E-09   7.16008230E-07   2.08885908       2.43004394       7.12408848E-07   4.43777424E-08
   7.62862682       1.16409438E-09   5.82775158E-07   2.08885908       2.43004394       5.80085612E-07   3.61555905E-08
   7.63434887       9.20872545E-10   4.88684179E-07   2.08885908       2.43004394       4.86595525E-07   3.03618215E-08
   7.64007092       7.23634153E-10   3.94348774E-07   2.08885908       2.43004394       3.92821164E-07   2.45368064E-08
   7.64579296       5.61035773E-10   3.25733339E-07   2.08885908       2.43004394       3.24581265E-07   2.02967332E-08
   7.65151501       4.30121633E-10   2.58612573E-07   2.08885908       2.43004394       2.57798632E-07   1.61380687E-08
   7.65723705       3.25166338E-10   2.03585046E-07   2.08885908       2.43004394       2.03022523E-07   1.27229036E-08
   7.66295910       2.42928372E-10   1.63557957E-07   2.08885908       2.43004394       1.63160678E-07   1.02363575E-08
   7.66868114       1.79276108E-10   1.25185821E-07   2.08885908       2.43004394       1.24931120E-07   7.84641774E-09
   7.67440319       1.30193190E-10   9.43951832E-08   2.08885908       2.43004394       9.42402636E-08   5.92529048E-09
   7.68012524       9.29397462E-11   7.32980254E-08   2.08885908       2.43004394       7.32021590E-08   4.60782612E-09
   7.68584728       6.43832279E-11   5.56514799E-08   2.08885908       2.43004394       5.55973081E-08   3.50374796E-09
   7.69156933       4.33096267E-11   3.97793372E-08   2.08885908       2.43004394       3.97554523E-08   2.50823362E-09
   7.69729137       2.82101044E-11   2.88438322E-08   2.08885908       2.43004394       2.88361068E-08   1.82152193E-09
   7.70301342       1.74729450E-11   2.01429877E-08   2.08885908       2.43004394       2.01442472E-08   1.27407407E-09
   7.70873547       1.03255382E-11   1.31145530E-08   2.08885908       2.43004394       1.31200837E-08   8.30836011E-10
   7.71445751       5.65994517E-12   8.36179215E-09   2.08885908       2.43004394       8.36807423E-09   5.30643307E-10
   7.72017956       2.79827355E-12   4.78152451E-09   2.08885908       2.43004394       4.78677720E-09   3.03973013E-10
   7.72590160       1.22254279E-12   2.57696775E-09   2.08885908       2.43004394       2.58064281E-09   1.64153413E-10
   7.73162365       4.51089686E-13   1.16678500E-09   2.08885908       2.43004394       1.16885457E-09   7.44841064E-11
   7.73734570       1.19519290E-13   4.22948482E-10   2.08885908       2.43004394       4.23838242E-10   2.70769188E-11
   7.74306774       1.65442069E-14   9.99282185E-11   2.08885908       2.43004394       1.00169886E-10   6.43022875E-12
   7.74878979       1.11991851E-16   3.17086526E-12   2.08885908       2.43004394       3.17951112E-12   2.10489503E-13
