9.742712e-8	7.78799e-13	1.047129e-10	930.428808666363
9.969651e-8	8.092866e-13	1.0715190000000001e-10	930.4297850677403
1.020188e-7	8.409501e-13	1.096478e-10	930.4303501766565
1.043951e-7	8.73834e-13	1.1220180000000002e-10	930.4304728979391
1.068268e-7	9.079846e-13	1.148154e-10	930.4301338026083
1.093151e-7	9.434498e-13	1.174898e-10	930.4300752048265
1.118614e-7	9.802794e-13	1.202264e-10	930.4310890070733
1.14467e-7	1.018525e-12	1.230269e-10	930.4308124889759
1.171333e-7	1.05824e-12	1.258925e-10	930.4315844073315
1.198618e-7	1.09948e-12	1.28825e-10	930.4319773335923
1.226537e-7	1.142303e-12	1.318257e-10	930.4319438698221
1.255107e-7	1.186768e-12	1.348963e-10	930.4323896800727
1.284343e-7	1.232937e-12	1.380384e-10	930.4333644623524
1.314259e-7	1.280874e-12	1.412538e-10	930.4328865772108
1.344873e-7	1.330647e-12	1.4454399999999998e-10	930.4338516091987
1.376199e-7	1.382322e-12	1.479108e-10	930.4343044726957
1.408255e-7	1.435974e-12	1.513561e-10	930.4344917317505
1.441058e-7	1.491674e-12	1.548817e-10	930.4345941063405
1.474625e-7	1.549501e-12	1.584893e-10	930.435363781656
1.508974e-7	1.609534e-12	1.62181e-10	930.4358065001448
1.544122e-7	1.671855e-12	1.6595870000000001e-10	930.4355351964074
1.58009e-7	1.736551e-12	1.698244e-10	930.4360065514733
1.616896e-7	1.80371e-12	1.737801e-10	930.43682049901
1.654558e-7	1.873423e-12	1.7782789999999997e-10	930.4370878979058
1.693098e-7	1.945787e-12	1.8197010000000002e-10	930.4371750468895
1.732536e-7	2.0209e-12	1.862087e-10	930.4378415186832
1.772893e-7	2.098865e-12	1.905461e-10	930.4383499058758
1.814189e-7	2.179788e-12	1.9498450000000002e-10	930.4384696629733
1.856447e-7	2.263778e-12	1.9952619999999999e-10	930.4390289495815
1.89969e-7	2.350951e-12	2.041738e-10	930.4394146114731
1.94394e-7	2.441423e-12	2.089296e-10	930.4399253289146
1.989221e-7	2.535318e-12	2.1379620000000003e-10	930.4404630110357
2.035557e-7	2.632763e-12	2.187762e-10	930.4409381047847
2.082971e-7	2.733888e-12	2.238721e-10	930.441238046188
2.131491e-7	2.838831e-12	2.290868e-10	930.4418186949225
2.18114e-7	2.947732e-12	2.344229e-10	930.4421527589667
2.231946e-7	3.060738e-12	2.398833e-10	930.4426808285529
2.2839360000000003e-7	3.178e-12	2.454709e-10	930.4433967529349
2.337136e-7	3.299676e-12	2.511886e-10	930.443896243699
2.391576e-7	3.425927e-12	2.570396e-10	930.4442814531302
2.447283e-7	3.556923e-12	2.630268e-10	930.4445665726839
2.504289e-7	3.692838e-12	2.691535e-10	930.4452397535234
2.562622e-7	3.833852e-12	2.754229e-10	930.445630526728
2.622314e-7	3.980154e-12	2.818383e-10	930.4462174019641
2.683397e-7	4.131936e-12	2.884032e-10	930.4467909371325
2.745902e-7	4.289401e-12	2.951209e-10	930.4474518781965
2.809863e-7	4.452756e-12	3.019952e-10	930.4477447191213
2.875314e-7	4.622216e-12	3.090295e-10	930.448459503057
2.94229e-7	4.798006e-12	3.162278e-10	930.4488663109314
3.010826e-7	4.980355e-12	3.2359370000000006e-10	930.4494505146422
3.080958e-7	5.169504e-12	3.3113109999999996e-10	930.4501132753766
3.152724e-7	5.3657e-12	3.3884420000000004e-10	930.4505306568625
3.226162e-7	5.5692e-12	3.4673690000000003e-10	930.4512130090568
3.30131e-7	5.780271e-12	3.548134e-10	930.4518382648456
3.378209e-7	5.999186e-12	3.6307810000000007e-10	930.4524265881088
3.456899e-7	6.226231e-12	3.715352e-10	930.4532282028728
3.537422e-7	6.461702e-12	3.801894e-10	930.4537730457502
3.619821e-7	6.705902e-12	3.890451e-10	930.4546077100059
3.704139e-7	6.95915e-12	3.9810719999999997e-10	930.4550612247153
3.790421e-7	7.221772e-12	4.0738029999999993e-10	930.4556989427324
3.878713e-7	7.494107e-12	4.168694e-10	930.456382999088
3.969062e-7	7.776505e-12	4.265795e-10	930.4572219363565
4.061515e-7	8.069331e-12	4.365158e-10	930.4578879641928
4.156121e-7	8.372959e-12	4.466836e-10	930.4583220852522
4.252932e-7	8.68778e-12	4.570882e-10	930.4591275381862
4.351997e-7	9.014195e-12	4.677351000000001e-10	930.459814102042
4.453371e-7	9.352621e-12	4.786301e-10	930.4606054257767
4.557105e-7	9.703489e-12	4.897788e-10	930.4612684113728
4.6632559999999994e-7	1.006725e-11	5.011871999999999e-10	930.4620454193562
4.77188e-7	1.044435e-11	5.128614e-10	930.4627806849962
4.883034e-7	1.083529e-11	5.248075e-10	930.4635228917269
4.996777e-7	1.124055e-11	5.370318e-10	930.4643422419305
5.113169e-7	1.166065e-11	5.495409e-10	930.4649765831806
5.232273e-7	1.209611e-11	5.623413e-10	930.465886304278
5.354151e-7	1.254748e-11	5.754399000000001e-10	930.4666698989764
5.478868e-7	1.301533e-11	5.888436999999999e-10	930.4673130238125
5.606491e-7	1.350025e-11	6.025595999999999e-10	930.4682893609197
5.737086e-7	1.400285e-11	6.16595e-10	930.469113194236
5.870723e-7	1.452374e-11	6.309573e-10	930.4699759238857
6.007473e-7	1.506358e-11	6.456542e-10	930.4707745725187
6.147409e-7	1.562305e-11	6.606934000000001e-10	930.4717181222031
6.290604e-7	1.620283e-11	6.760829999999999e-10	930.4724461789453
6.437135e-7	1.680365e-11	6.918309999999999e-10	930.4733434176845
6.587079e-7	1.742624e-11	7.079458e-10	930.4742343834796
6.740516e-7	1.807139e-11	7.244359999999999e-10	930.4751163525833
6.897527e-7	1.873987e-11	7.413102e-10	930.4761216964235
7.058195e-7	1.943253e-11	7.585775999999999e-10	930.4768985137447
7.222606e-7	2.01502e-11	7.762471000000001e-10	930.4778725743387
7.390847e-7	2.089377e-11	7.943281999999999e-10	930.4788546724138
7.563007e-7	2.166414e-11	8.128305e-10	930.4798037721271
7.739177e-7	2.246226e-11	8.317638000000001e-10	930.4806992802523
7.919451e-7	2.32891e-11	8.51138e-10	930.4817657066186
8.103925e-7	2.414567e-11	8.709636e-10	930.482795917074
8.292695e-7	2.5033e-11	8.912509e-10	930.4838098901218
8.485863e-7	2.595218e-11	9.120107999999999e-10	930.4848716484498
8.68353e-7	2.690431e-11	9.332542999999998e-10	930.4858325431771
8.885802e-7	2.789054e-11	9.549926e-10	930.486886013567
9.092785e-7	2.891207e-11	9.772372e-10	930.4879225535009
9.304590000000001e-7	2.997011e-11	1.0000000000000003e-9	930.48897011
9.521329e-7	3.106595e-11	1.023293e-9	930.4900609600573
9.743117e-7	3.220089e-11	1.047129e-9	930.4907999778443
9.970071e-7	3.33763e-11	1.071519e-9	930.4925776397806
1.020231e-6	3.459357e-11	1.096478e-9	930.4934468087824
1.043996e-6	3.585415e-11	1.122018e-9	930.4947462072801
1.068315e-6	3.715955e-11	1.148154e-9	930.4955254695799
1.0932e-6	3.851132e-11	1.174898e-9	930.4965293327591
1.118665e-6	3.991105e-11	1.202264e-9	930.4985519403393
1.144723e-6	4.13604e-11	1.230269e-9	930.4992326068526
1.171388e-6	4.286109e-11	1.2589250000000002e-9	930.5009123577655
1.198674e-6	4.441488e-11	1.28825e-9	930.5013893887057
1.226596e-6	4.60236e-11	1.3182569999999998e-9	930.5029471491522
1.255168e-6	4.768913e-11	1.348963e-9	930.5041644062884
1.284406e-6	4.941343e-11	1.380384e-9	930.5058689683452
1.314324e-6	5.119851e-11	1.412538e-9	930.5060809054341
1.34494e-6	5.304646e-11	1.4454400000000001e-9	930.5076976284039
1.376269e-6	5.495944e-11	1.479108e-9	930.5094417987057
1.408328e-6	5.693966e-11	1.513561e-9	930.51085464015
1.441133e-6	5.898942e-11	1.548817e-9	930.5114738668287
1.474703e-6	6.11111e-11	1.584893e-9	930.5133602710088
1.509055e-6	6.330715e-11	1.62181e-9	930.5148612661162
1.544207e-6	6.558011e-11	1.659587e-9	930.5161947580934
1.580177e-6	6.79326e-11	1.6982440000000002e-9	930.5170120430279
1.616986e-6	7.036732e-11	1.7378010000000003e-9	930.5187229838168
1.654652e-6	7.288706e-11	1.778279e-9	930.520400375869
1.693196e-6	7.549472e-11	1.819701e-9	930.5218245854677
1.732637e-6	7.819327e-11	1.8620869999999998e-9	930.523221133062
1.772997e-6	8.098581e-11	1.905461e-9	930.5244168261643
1.814298e-6	8.38755e-11	1.949845e-9	930.5262087499264
1.85656e-6	8.686564e-11	1.995262e-9	930.5278533044784
1.8998069999999998e-6	8.995962e-11	2.041738e-9	930.5292645873271
1.944061e-6	9.316096e-11	2.089296e-9	930.5307438295005
1.989346e-6	9.647326e-11	2.1379620000000006e-9	930.5321952682041
2.035687e-6	9.990029e-11	2.187762e-9	930.5339887474048
2.083106e-6	1.034459e-10	2.238721e-9	930.5355360940467
2.13163e-6	1.071141e-10	2.290868e-9	930.536859434939
2.181285e-6	1.109089e-10	2.344229e-9	930.5387438257952
2.232096e-6	1.148347e-10	2.398833e-9	930.5403230237371
2.284091e-6	1.188959e-10	2.454709e-9	930.5420299921495
2.337297e-6	1.230969e-10	2.511886e-9	930.5438610271327
2.391743e-6	1.274425e-10	2.5703959999999997e-9	930.545504467016
2.447457e-6	1.319375e-10	2.630268e-9	930.5473577217227
2.504468e-6	1.365869e-10	2.691535e-9	930.5487712030496
2.562808e-6	1.413959e-10	2.754229e-9	930.5505809066713
2.622507e-6	1.463698e-10	2.818383e-9	930.5525082290093
2.683597e-6	1.515141e-10	2.8840319999999994e-9	930.5543468657769
2.746109e-6	1.568345e-10	2.9512089999999995e-9	930.5562006960538
2.810078e-6	1.623369e-10	3.019952e-9	930.5579482389123
2.875537e-6	1.680272e-10	3.0902949999999996e-9	930.5600362424946
2.942521e-6	1.739118e-10	3.162278e-9	930.5617380255626
3.011065e-6	1.799971e-10	3.235937e-9	930.5635422135845
3.081206e-6	1.862899e-10	3.311311e-9	930.5656550834398
3.152981e-6	1.927969e-10	3.388442e-9	930.5674398145223
3.226428e-6	1.995252e-10	3.467369e-9	930.5694101781495
3.301586e-6	2.064823e-10	3.548134e-9	930.5715292319851
3.378494e-6	2.136757e-10	3.630781e-9	930.5732501354393
3.457195e-6	2.211132e-10	3.7153519999999994e-9	930.575652912564
3.537728e-6	2.288028e-10	3.801894e-9	930.5774445052913
3.620138e-6	2.36753e-10	3.890451e-9	930.579707339843
3.704468e-6	2.449722e-10	3.981072e-9	930.5817559190086
3.790762e-6	2.534695e-10	4.073803e-9	930.5838965458075
3.879066e-6	2.622538e-10	4.168694e-9	930.5859949902775
3.969427e-6	2.713348e-10	4.265795000000001e-9	930.5881634724594
4.061893e-6	2.807222e-10	4.365158e-9	930.5903067426196
4.156514e-6	2.90426e-10	4.466836e-9	930.5925773858721
4.253338e-6	3.004567e-10	4.570882e-9	930.5946766291495
4.352418e-6	3.108249e-10	4.677351e-9	930.5970034962097
4.453806e-6	3.215419e-10	4.786301e-9	930.599129035136
4.538835e-6	3.306119e-10	4.877671e-9	930.6010208355586
4.675023e-6	3.30612e-10	5.024015000107458e-9	930.601045558184
4.772363e-6	3.407815e-10	5.128614e-9	930.6030404120879
4.883534e-6	3.525066e-10	5.248075000000001e-9	930.6053184453347
4.997294e-6	3.646249e-10	5.370318e-9	930.6075775959636
5.113705e-6	3.771492e-10	5.4954089999999994e-9	930.6099235197962
5.232827e-6	3.900928e-10	5.623413e-9	930.6122621262211
5.354725e-6	4.034695e-10	5.754399e-9	930.6147296181581
5.479462e-6	4.172934e-10	5.888437e-9	930.6169520706429
5.607105e-6	4.31579e-10	6.025596000000001e-9	930.6194074411893
5.737721e-6	4.463415e-10	6.16595e-9	930.6217762875144
5.871381e-6	4.615965e-10	6.309573e-9	930.6244014452324
6.008154e-6	4.773598e-10	6.456542e-9	930.6268525473853
6.148113e-6	4.936482e-10	6.606933999999999e-9	930.6293430810722
6.291332e-6	5.104787e-10	6.76083e-9	930.631664854759
6.437888e-6	5.278688e-10	6.918310000000001e-9	930.634196617382
6.587859e-6	5.458369e-10	7.079458e-9	930.6368986015597
6.741322e-6	5.644017e-10	7.24436e-9	930.6393389754237
6.898361e-6	5.835826e-10	7.413102e-9	930.642068947655
7.059059e-6	6.033995e-10	7.585776e-9	930.6447223725035
7.2235e-6	6.238732e-10	7.762471e-9	930.6474540387977
7.391771e-6	6.450248e-10	7.943282e-9	930.6500795011433
7.563963e-6	6.668763e-10	8.128305e-9	930.6528084637573
7.740166e-6	6.894505e-10	8.317637999999998e-9	930.6554878320024
7.920474e-6	7.127707e-10	8.51138e-9	930.6583386830338
8.104983e-6	7.36861e-10	8.709636e-9	930.6611505922866
8.293789e-6	7.617464e-10	8.912509e-9	930.6639405805929
8.486994e-6	7.874525e-10	9.120108e-9	930.6667697904454
8.684701e-6	8.140058e-10	9.332543e-9	930.669701259346
8.887013e-6	8.414337e-10	9.549926e-9	930.6725972222193
9.094038e-6	8.697645e-10	9.772371999999998e-9	930.6755580426126
9.305886e-6	8.990271e-10	1.e-8	930.67850271
9.522669e-6	9.292518e-10	1.023293e-8	930.6814618882372
9.744502e-6	9.604694e-10	1.047129e-8	930.6840388720016
9.971504e-6	9.927119e-10	1.071519e-8	930.6878097261924
0.00001020379	1.026012e-9	1.0964780000000002e-8	930.6904481439664
0.00001044149	1.060405e-9	1.1220179999999998e-8	930.6936613316362
0.00001068473	1.095924e-9	1.148154e-8	930.6962240256969
0.00001093364	1.132607e-9	1.174898e-8	930.6997379346973
0.00001118834	1.170491e-9	1.202264e-8	930.7032807270284
0.00001144898	1.209614e-9	1.230269e-8	930.7061800305462
0.00001171569	1.250016e-9	1.258925e-8	930.7099323629286
0.00001198861	1.291738e-9	1.28825e-8	930.7123413933631
0.00001226789	1.334822e-9	1.318257e-8	930.7156967116427
0.00001255368	1.379313e-9	1.3489630000000002e-8	930.7193238806401
0.00001284613	1.425255e-9	1.3803840000000001e-8	930.7232809855808
0.00001314539	1.472695e-9	1.4125379999999998e-8	930.7263022304534
0.00001345162	1.52168e-9	1.44544e-8	930.729859419969
0.00001376498	1.57226e-9	1.479108e-8	930.733405539014
0.00001408565	1.624487e-9	1.513561e-8	930.7371481559052
0.00001441378	1.678413e-9	1.548817e-8	930.7399397733883
0.00001474956	1.734091e-9	1.584893e-8	930.7438477550221
0.00001509316	1.791579e-9	1.6218099999999996e-8	930.7472255689632
0.00001544477	1.850934e-9	1.6595870000000003e-8	930.7508997117957
0.00001580457	1.912216e-9	1.6982440000000004e-8	930.7544861633544
0.00001617275	1.975486e-9	1.737801e-8	930.7582102899008
0.00001654951	2.040808e-9	1.778279e-8	930.7623161494905
0.00001693504	2.108247e-9	1.819701e-8	930.7654525111543
0.00001732956	2.17787e-9	1.8620870000000003e-8	930.7695005657631
0.00001773327	2.249748e-9	1.9054609999999996e-8	930.7731697473735
0.00001814639	2.323952e-9	1.949845e-8	930.7772644492253
0.00001856912	2.400556e-9	1.995262e-8	930.7810481029559
0.00001900171	2.479638e-9	2.041738e-8	930.7849311713843
0.00001944438	2.561274e-9	2.089296e-8	930.7891880327153
0.00001989735	2.645548e-9	2.137962e-8	930.7927618919325
0.00002036089	2.732543e-9	2.187762e-8	930.7969762250191
0.00002083522	2.822346e-9	2.238721e-8	930.801218463578
0.0000213206	2.915045e-9	2.290868e-8	930.8050505310651
0.00002181729	3.010733e-9	2.344229e-8	930.8092653490764
0.00002232555	3.109505e-9	2.398833e-8	930.8134207341653
0.00002284565	3.211459e-9	2.4547090000000004e-8	930.8175208955521
0.00002337787	3.316696e-9	2.5118860000000003e-8	930.8219678759307
0.00002392249	3.42532e-9	2.5703959999999997e-8	930.8260408123884
0.0000244798	3.53744e-9	2.6302680000000005e-8	930.8305252544607
0.00002505009	3.653165e-9	2.691535e-8	930.8347528454952
0.00002563367	3.77261e-9	2.754229e-8	930.8391789498985
0.00002623084	3.895894e-9	2.8183830000000005e-8	930.8435331181034
0.00002684193	4.023137e-9	2.8840320000000005e-8	930.8479634414597
0.00002746725	4.154466e-9	2.9512090000000002e-8	930.852557917789
0.00002810714	4.29001e-9	3.019952e-8	930.8568483869942
0.00002876195	4.429903e-9	3.090295e-8	930.8619372260578
0.000029432	4.574283e-9	3.162278e-8	930.8661124354026
0.00003011767	4.723291e-9	3.235937e-8	930.8708201364859
0.00003081931	4.877074e-9	3.311311e-8	930.8756282330471
0.0000315373	5.035783e-9	3.388442e-8	930.8802034386305
0.00003227202	5.199575e-9	3.4673690000000004e-8	930.8850478561699
0.00003302385	5.36861e-9	3.548134e-8	930.8898313874276
0.00003379321	5.543054e-9	3.630781000000001e-8	930.8948420188383
0.00003458048	5.723078e-9	3.715352e-8	930.8997661056071
0.0000353861	5.908859e-9	3.801894e-8	930.9046716978434
0.00003621049	6.100579e-9	3.890451e-8	930.9098245678972
0.00003705408	6.298425e-9	3.981072e-8	930.9145482674014
0.00003791733	6.502591e-9	4.073803e-8	930.9196490601042
0.0000388007	6.713277e-9	4.168694e-8	930.9249677956693
0.00003970464	6.930689e-9	4.265795e-8	930.9301241386424
0.00004062964	7.155039e-9	4.3651580000000004e-8	930.9352614269632
0.0000415762	7.386547e-9	4.466836000000001e-8	930.9405258442439
0.00004254481	7.625437e-9	4.570882e-8	930.9458313953413
0.00004353598	7.871944e-9	4.677351000000001e-8	930.9511290471894
0.00004455025	8.126309e-9	4.786301e-8	930.9564172625165
0.00004558815	8.388777e-9	4.897787999999999e-8	930.9618704811234
0.00004665024	8.659607e-9	5.011872e-8	930.9675029011116
0.00004773706	8.93906e-9	5.1286140000000005e-8	930.9727552122268
0.00004884922	9.22741e-9	5.248074999999999e-8	930.9784522896492
0.00004998728	9.524937e-9	5.370317999999999e-8	930.984067181869
0.00005115186	9.831929e-9	5.495409e-8	930.9897030230143
0.00005234357	1.014869e-8	5.623413e-8	930.9954415583561
0.00005356305	1.047552e-8	5.7543990000000006e-8	931.0012308844068
0.00005481094	1.081274e-8	5.888436999999999e-8	931.0068654890932
0.00005608791	1.116067e-8	6.025596e-8	931.0128105170013
0.000057394629999999996	1.151966e-8	6.16595e-8	931.0187345015772
0.00005873179	1.189006e-8	6.309573e-8	931.0246519059214
0.00006010011	1.227221e-8	6.456542e-8	931.0306075605178
0.00006150031	1.26665e-8	6.606934e-8	931.0366427150628
0.00006293314	1.30733e-8	6.76083e-8	931.0426870665287
0.00006439935	1.349302e-8	6.91831e-8	931.0488113426546
0.00006589972	1.392604e-8	7.079457999999999e-8	931.0549768075465
0.00006743505	1.43728e-8	7.24436e-8	931.0611675841619
0.00006900616	1.483373e-8	7.413102e-8	931.0676384865607
0.00007061387	1.530926e-8	7.585776e-8	931.0738843329938
0.00007225904	1.579987e-8	7.762470999999999e-8	931.0803205577195
0.00007394254	1.630602e-8	7.943281999999999e-8	931.0867475182173
0.00007566527	1.682821e-8	8.128305e-8	931.0932378890802
0.00007742814	1.736693e-8	8.317638000000002e-8	931.0997536800711
0.00007923208	1.792272e-8	8.51138e-8	931.1063860384567
0.00008107806	1.849609e-8	8.709636e-8	931.1130349190254
0.00008296705	1.908762e-8	8.912509e-8	931.1198184484302
0.00008490005	1.969786e-8	9.120108000000001e-8	931.1265596854773
0.00008687809	2.03274e-8	9.332543e-8	931.1333191821351
0.00008890223	2.097686e-8	9.549926000000002e-8	931.1402712439865
0.00009097352	2.164686e-8	9.772372e-8	931.1471857600181
0.00009309308	2.233804e-8	9.999999999999998e-8	931.1541804000001
0.00009526202	2.305107e-8	1.0232929999999999e-7	931.1611734859908
0.00009748151	2.378664e-8	1.0471290000000001e-7	931.1679519906335
0.0000997527	2.454544e-8	1.071519e-7	931.1756995442918
0.0001020768	2.532822e-8	1.0964780000000002e-7	931.1826431538069
0.0001044551	2.613572e-8	1.1220180000000002e-7	931.1903705644651
0.0001068888	2.696873e-8	1.148154e-7	931.1971105792429
0.0001093792	2.782803e-8	1.174898e-7	931.2044792824568
0.0001119276	2.871447e-8	1.202264e-7	931.2123998556058
0.0001145354	2.962888e-8	1.230269e-7	931.2193421113595
0.000117204	3.057214e-8	1.2589249999999996e-7	931.2276119705305
0.0001199348	3.154517e-8	1.28825e-7	931.2349712400544
0.0001227291	3.254889e-8	1.318257e-7	931.242154526773
0.0001255886	3.358427e-8	1.348963e-7	931.2500362871333
0.0001285148	3.465231e-8	1.3803839999999998e-7	931.2586375240514
0.0001315091	3.575401e-8	1.412538e-7	931.265948314311
0.0001345732	3.689045e-8	1.44544e-7	931.2741480102943
0.0001377086	3.806271e-8	1.479108e-7	931.281980152903
0.0001409172	3.927191e-8	1.513561e-7	931.2903273141949
0.0001442005	4.051922e-8	1.548817e-7	931.2980114500293
0.0001475603	4.180582e-8	1.584893e-7	931.3064403716844
0.0001509984	4.313295e-8	1.62181e-7	931.314598812438
0.0001522496	4.361852e-8	1.6352440000000002e-7	931.3180083216938
0.0001581168	4.397829e-8	1.698244e-7	931.3195176311532
0.0001618009	4.537383e-8	1.7378009999999998e-7	931.3280049326708
0.0001655708	4.681333e-8	1.778279e-7	931.336496297825
0.0001694285	4.829814e-8	1.8197010000000003e-7	931.3442051194124
0.0001733762	4.982969e-8	1.862087e-7	931.3529909719579
0.0001774158	5.140945e-8	1.905461e-7	931.3610168352959
0.0001815496	5.303892e-8	1.949845e-7	931.3696161489759
0.0001857796	5.471966e-8	1.995262e-7	931.378032859845
0.0001901083	5.645329e-8	2.0417380000000003e-7	931.3866582783883
0.0001945378	5.824145e-8	2.089296e-7	931.3952711822548
0.0001990706	6.008585e-8	2.1379619999999998e-7	931.4042337983557
0.000203709	6.198825e-8	2.1877620000000004e-7	931.4129610533503
0.0002084554	6.395048e-8	2.238721e-7	931.421782705393
0.0002133125	6.597441e-8	2.290868e-7	931.4306822130301
0.0002182827	6.806196e-8	2.3442290000000002e-7	931.4395562890827
0.0002233688	7.021512e-8	2.398833e-7	931.4488133188096
0.0002285734	7.243597e-8	2.454709e-7	931.458009768164
0.0002338992	7.47266e-8	2.511886e-7	931.4671390341758
0.0002393492	7.708921e-8	2.570396e-7	931.4762752898774
0.0002449262	7.952605e-8	2.630268e-7	931.4857879501252
0.0002506332	8.203945e-8	2.691535e-7	931.4953714144532
0.0002564731	8.463179e-8	2.754229e-7	931.5047216117468
0.0002624491	8.730556e-8	2.818383e-7	931.5142958213982
0.0002685644	9.006329e-8	2.884032e-7	931.5238641249474
0.0002748222	9.290762e-8	2.951209e-7	931.5338480602355
0.0002812258	9.584125e-8	3.019952e-7	931.5434193987189
0.0002877787	9.886699e-8	3.090295e-7	931.5536768819806
0.0002944843	1.019877e-7	3.1622779999999993e-7	931.5635364759203
0.0003013461	1.052064e-7	3.235937e-7	931.5734713005846
0.0003083678	1.085261e-7	3.311311e-7	931.5836721467721
0.0003155532	1.119499e-7	3.388442e-7	931.5937823341818
0.000322906	1.154813e-7	3.4673689999999997e-7	931.603995132909
0.0003304302	1.191234e-7	3.548134e-7	931.6145427427488
0.0003381298	1.228797e-7	3.630781e-7	931.6251233550028
0.0003460087	1.267539e-7	3.715352e-7	931.6356940069205
0.0003540713	1.307497e-7	3.801894e-7	931.646304973258
0.0003623218	1.348707e-7	3.890451e-7	931.6572055527752
0.0003707645	1.39121e-7	3.9810719999999996e-7	931.6677040756862
0.000379404	1.435046e-7	4.073803e-7	931.6785927056364
0.0003882449	1.480256e-7	4.1686939999999994e-7	931.6896985002976
0.0003972918	1.526884e-7	4.2657950000000004e-7	931.7008632622992
0.0004065495	1.574974e-7	4.365158e-7	931.7119733123062
0.000416023	1.624571e-7	4.466836e-7	931.7231640024393
0.0004257172	1.675723e-7	4.570882e-7	931.7343398932635
0.0004356374	1.728478e-7	4.677351e-7	931.7458702586143
0.0004457888	1.782886e-7	4.786301e-7	931.7572977545709
0.0004561768	1.839e-7	4.897788e-7	931.7689944930241
0.0004668068	1.896872e-7	5.011872000000001e-7	931.7805546510366
0.0004776847	1.956557e-7	5.128614e-7	931.7924018068038
0.000488816	2.018113e-7	5.248074999999999e-7	931.80415923934
0.0005002068	2.081596e-7	5.370318e-7	931.8162529667703
0.000511863	2.147069e-7	5.495409e-7	931.8281985926798
0.0005237909	2.214592e-7	5.623413e-7	931.8404307135186
0.0005359968	2.28423e-7	5.754399e-7	931.8526973885542
0.0005484872	2.35605e-7	5.888437e-7	931.864949900967
0.0005612686	2.430119e-7	6.025596e-7	931.8772979469582
0.000574348	2.506507e-7	6.165950000000001e-7	931.8898964474249
0.0005877322	2.585287e-7	6.309573e-7	931.9025688426141
0.0006014284	2.666534e-7	6.456542e-7	931.9153401309865
0.0006154438	2.750324e-7	6.606934e-7	931.9282323692048
0.0006297858	2.836738e-7	6.76083e-7	931.9410099055883
0.0006444621	2.925858e-7	6.918309999999999e-7	931.9540260554962
0.0006594805	3.017767e-7	7.079458e-7	931.9672165581036
0.0006748489	3.112553e-7	7.244360000000001e-7	931.9804030997907
0.0006905755	3.210305e-7	7.413102e-7	931.9938272804017
0.0007066687	3.311117e-7	7.585776e-7	932.0072352518714
0.0007231369	3.415085e-7	7.762470999999999e-7	932.0207553754467
0.000739989	3.522305e-7	7.943282000000001e-7	932.0344292195593
0.0007707905	3.569864e-7	8.273756e-7	932.0404014815036
0.0007748804	3.595303e-7	8.317637999999999e-7	932.0433641137063
0.0007929382	3.708164e-7	8.51138e-7	932.0568655141705
0.0008114169	3.824555e-7	8.709635999999999e-7	932.07035919756
0.0008303263	3.944589e-7	8.912509000000001e-7	932.0840617383948
0.0008420832	4.019687e-7	9.038643999999999e-7	932.0924341084792
0.0008694773	4.088093e-7	9.332543e-7	932.0997602689856
0.0008897397	4.216374e-7	9.549926e-7	932.1133351190365
0.0009104744	4.348669e-7	9.772372e-7	932.1270894108411
0.0009316923	4.485103e-7	1.e-6	932.1408103
0.0009534047999999999	4.625804e-7	1.023293e-6	932.154700950754
0.0009756234	4.770906e-7	1.047129e-6	932.1683294035405
0.0009983599	4.920546e-7	1.071519e-6	932.1831480356392
0.001021626	5.074866e-7	1.096478e-6	932.1969858036367
0.001045435	5.234013e-7	1.122018e-6	932.2117838572999
0.001069799	5.398137e-7	1.1481539999999999e-6	932.2258283296492
0.00109473	5.567393e-7	1.174898e-6	932.2398534170626
0.001120243	5.741942e-7	1.2022639999999998e-6	932.2554731739451
0.00114635	5.921948e-7	1.230269e-6	932.2694425365507
0.001173066	6.107583e-7	1.2589250000000002e-6	932.2848925074964
0.001200405	6.299022e-7	1.28825e-6	932.2995553658066
0.001228381	6.496446e-7	1.3182569999999998e-6	932.3149011156398
0.001257009	6.700042e-7	1.348963e-6	932.3302449362956
0.001286304	6.910003e-7	1.3803840000000001e-6	932.3456373733686
0.001316283	7.126527e-7	1.4125380000000002e-6	932.3612198043521
0.00134696	7.34982e-7	1.44544e-6	932.3769800199246
0.001378352	7.580093e-7	1.479108e-6	932.3930431719658
0.001410476	7.817563e-7	1.513561e-6	932.4089060830717
0.001443348	8.062455e-7	1.5488170000000002e-6	932.4240665617693
0.001476987	8.315002e-7	1.584893e-6	932.4405497405818
0.00151141	8.575441e-7	1.62181e-6	932.4566651457322
0.001546636	8.84402e-7	1.6595870000000002e-6	932.4732008626243
0.001582683	9.120992e-7	1.6982439999999998e-6	932.4897359861128
0.00161957	9.406619e-7	1.7378009999999997e-6	932.5064618445956
0.001657316	9.701172e-7	1.7782789999999998e-6	932.523027713874
0.001695943	1.000493e-6	1.8197010000000002e-6	932.5397375722715
0.001735471	1.031818e-6	1.8620869999999998e-6	932.5572961950758
0.001739608	1.03511e-6	1.866524e-6	932.5586544828782
0.00181731	1.051185e-6	1.949845e-6	932.567042508507
0.001859665	1.084093e-6	1.995262e-6	932.5838376113012
0.001903008	1.11803e-6	2.041738e-6	932.6005736289377
0.001947361	1.153027e-6	2.089296e-6	932.6175070454354
0.001992748	1.189118e-6	2.137962e-6	932.6344986487131
0.002039193	1.226336e-6	2.1877619999999994e-6	932.6514200356346
0.002086721	1.264716e-6	2.238721e-6	932.6690177114523
0.002135357	1.304296e-6	2.290868e-6	932.6863424693173
0.002185127	1.345112e-6	2.3442290000000005e-6	932.7041479309399
0.002236057	1.387203e-6	2.398833e-6	932.721953966783
0.002288174	1.430608e-6	2.4547090000000004e-6	932.7397292306338
0.002341506	1.47537e-6	2.511886e-6	932.7578441059826
0.002396082	1.52153e-6	2.5703960000000003e-6	932.7759341362187
0.00245193	1.569131e-6	2.630268e-6	932.7943506137017
0.00250908	1.618219e-6	2.691535e-6	932.812770036429
0.002567562	1.66884e-6	2.7542290000000004e-6	932.8312351659937
0.002627408	1.721042e-6	2.818383e-6	932.850163373821
0.002688649	1.774875e-6	2.8840319999999994e-6	932.8689400811087
0.002751317	1.830388e-6	2.951209e-6	932.8879750637791
0.002815447	1.887635e-6	3.019952e-6	932.9070909074052
0.002881072	1.94667e-6	3.090295e-6	932.9266849928567
0.002948227	2.007549e-6	3.1622780000000004e-6	932.9459803976753
0.003016947	2.070328e-6	3.235937e-6	932.9654217619192
0.00308727	2.135068e-6	3.311311e-6	932.9854755412584
0.003159232	2.201829e-6	3.388442e-6	933.0051477935878
0.003232872	2.270675e-6	3.467369e-6	933.0252058549291
0.003308229	2.34167e-6	3.548134e-6	933.0455585950249
0.003385343	2.414882e-6	3.630781e-6	933.0658836211823
0.003464255	2.49038e-6	3.715352e-6	933.0866577379478
0.003545007	2.568235e-6	3.801894e-6	933.1073499155948
0.003627641	2.648521e-6	3.890451e-6	933.1281954200168
0.003712203	2.731313e-6	3.981072e-6	933.1492404558369
0.003798736	2.81669e-6	4.073803e-6	933.170477315668
0.003887286	2.904733e-6	4.168694e-6	933.191722155668
0.003977901	2.995524e-6	4.265795e-6	933.2132753683661
0.004070629	3.089149e-6	4.365158e-6	933.2349823305365
0.00416552	3.185697e-6	4.466836e-6	933.2569400354076
0.004262622	3.285258e-6	4.570882e-6	933.2787978337661
0.004361989	3.387928e-6	4.677351e-6	933.3011202280951
0.004463673	3.493802e-6	4.786301e-6	933.3234165590504
0.004567728	3.602982e-6	4.897788e-6	933.346029268723
0.00467421	3.715569e-6	5.011872000000001e-6	933.368922630107
0.004783174	3.83167e-6	5.128614e-6	933.3916863308489
0.004894679	3.951396e-6	5.2480750000000006e-6	933.4147084407139
0.005008784	4.074858e-6	5.370318000000001e-6	933.4379934298116
0.00512555	4.202174e-6	5.495409e-6	933.4613991424478
0.005245039	4.333463e-6	5.623413e-6	933.4851384737347
0.005367314	4.46885e-6	5.754399000000001e-6	933.5089294294677
0.00549244	4.608463e-6	5.888436999999999e-6	933.5326951787038
0.005620485	4.752432e-6	6.025596e-6	933.5570177622263
0.005751515	4.900895e-6	6.165950000000001e-6	933.5813451292987
0.005885601	5.053992e-6	6.309573000000001e-6	933.6059654116054
0.006022814	5.211866e-6	6.456542e-6	933.6307060342826
0.006163226	5.374667e-6	6.606934e-6	933.655560506583
0.006306914	5.542549e-6	6.76083e-6	933.680709173282
0.006349596	5.592666e-6	6.8065439999999995e-6	933.6880311065352
0.006604413	5.624687e-6	7.079458e-6	933.6926198305013
0.006758382	5.800371e-6	7.24436e-6	933.7170393243848
0.006915942	5.981537e-6	7.413101999999999e-6	933.7418447769908
0.007077177	6.168356e-6	7.5857760000000005e-6	933.7667439692393
0.007242171	6.361006e-6	7.762471e-6	933.7918307198829
0.007411014	6.559667e-6	7.943282e-6	933.8172391462371
0.007583794	6.764527e-6	8.128305e-6	933.8427294497438
0.007760603	6.97578e-6	8.317638e-6	933.8683385836218
0.007941535	7.193624e-6	8.511379999999998e-6	933.8942244383402
0.008126688	7.418266e-6	8.709636e-6	933.9203459249043
0.008316158	7.649917e-6	8.912509000000001e-6	933.9466492544357
0.008510047	7.888797e-6	9.120108e-6	933.9731280594484
0.008708458	8.13513e-6	9.332543e-6	933.999782267277
0.008911497	8.389149e-6	9.549926e-6	934.0267295264908
0.009119271	8.651094e-6	9.772372e-6	934.053891317277
0.00933189	8.921211e-6	0.00001	934.0811211
0.009549469	9.199757e-6	0.00001023293	934.1086821663004
0.009772122	9.486993e-6	0.00001047129	934.1360035869504
0.009999969	9.783191e-6	0.000010715190000000001	934.1646943264655
0.01023313	0.00001008863	0.00001096478	934.1928091580496
0.01047173	0.0000104036	0.00001122018	934.2215187278636
0.01071589	0.0000107284	0.00001148154	934.2490989884633
0.01096575	0.00001106332	0.00001174898	934.2779815779753
0.01122144	0.0000114087	0.00001202264	934.3079972451973
0.01148309	0.00001176485	0.000012302690000000001	934.3367060374601
0.01175084	0.00001213212	0.00001258925	934.3663935500526
0.01202484	0.00001251084	0.000012882499999999999	934.3955629730254
0.01230523	0.00001290138	0.00001318257	934.4256377929341
0.01259216	0.0000133041	0.000013489630000000003	934.4558820367942
0.01288579	0.00001371938	0.00001380384	934.487025349468
0.01318626	0.00001414762	0.00001412538	934.5169914012932
0.01349374	0.00001458922	0.000014454400000000002	934.5479037524906
0.0138084	0.00001504459	0.00001479108	934.5798001227768
0.01413039	0.00001551417	0.000015135610000000002	934.6107735334089
0.0144599	0.0000159984	0.00001548817	934.6422721341514
0.01479709	0.00001649773	0.00001584893	934.6743111364617
0.01514215	0.00001701264	0.0000162181	934.7064477343215
0.01549526	0.00001754362	0.00001659587	934.7388006775179
0.01561285	0.00001772134	0.00001672167	934.7494203629183
0.01622636	0.00001772535	0.00001737801	934.7494534759734
0.01660474	0.00001827855	0.00001778279	934.7812435506464
0.01699195	0.00001884901	0.00001819701	934.8128626626021
0.01738819	0.00001943727	0.00001862087	934.8450029456195
0.01779367	0.00002004387	0.00001905461	934.8768549972947
0.01820861	0.0000206694	0.00001949845	934.9091543173945
0.01863323	0.00002131444	0.000019952619999999997	934.942099834508
0.01906776	0.0000219796	0.00002041738	934.9749869963726
0.01951243	0.0000226655	0.00002089296	935.0085148298758
0.01996746	0.0000233728	0.00002137962	935.0415395596367
0.02043312	0.00002410216	0.00002187762	935.0753034379425
0.02090964	0.00002485428	0.00002238721	935.1095683651514
0.02139727	0.00002562985	0.000022908679999999995	935.1433539601584
0.02189629	0.00002642961	0.00002344229	935.1782445315708
0.02240694	0.00002725432	0.00002398833	935.2128439120188
0.02292951	0.00002810475	0.00002454709	935.2479153333451
0.02346427	0.00002898171	0.00002511886	935.2833572064974
0.02401151	0.00002988602	0.00002570396	935.3187610002506
0.02457152	0.00003081853	0.00002630268	935.354820497379
0.02514459	0.00003178013	0.000026915349999999996	935.3907762670744
0.02573104	0.00003277172	0.00002754229	935.4273635198816
0.02633116	0.00003379424	0.00002818383	935.4638542738867
0.02694529	0.00003484865	0.000028840319999999997	935.5006688552693
0.02757376	0.00003593595	0.00002951209	935.5384843974113
0.02821688	0.00003705715	0.00003019952	935.5757028588533
0.02887501	0.00003821333	0.00003090295	935.6136980450085
0.0295485	0.00003940557	0.00003162278	935.6516274027774
0.03023771	0.00004063499	0.00003235937	935.6901877261517
0.03094299	0.00004190275	0.00003311311	935.7288623750533
0.03166474	0.00004321006	0.00003388442	935.7678266294656
0.03240333	0.00004455813	0.00003467368999999999	935.8071820449453
0.03315915	0.00004594825	0.00003548134	935.8467929903436
0.03393262	0.00004738172	0.000036307810000000006	935.8868441803568
0.03472413	0.0000488599	0.00003715352	935.9271988226151
0.03553411	0.00005038418	0.00003801894	935.9675514362053
0.03561557	0.00005053811	0.00003810597000000001	935.9716629703953
0.03721117	0.00005064854	0.00003981072	935.9744948094383
0.03807912	0.0000522286	0.00004073803	936.0135627569622
0.03896734	0.00005385794	0.000041686940000000005	936.05330446418
0.03987628	0.00005553809	0.00004265795	936.0932274054426
0.04080643	0.00005727064	0.00004365157999999999	936.1333688265122
0.04175829	0.00005905722	0.00004466836	936.1737753523972
0.04273236	0.00006089952	0.00004570882000000001	936.2144881447387
0.04372916	0.00006279928	0.00004677351	936.2555703003687
0.04474923	0.00006475828	0.00004786301	936.2969081969563
0.04579311	0.00006677837	0.00004897788000000001	936.3387792611684
0.04686135	0.00006886146	0.00005011872	936.3808864232766
0.04795452	0.00007100952	0.00005128614	936.4231646210848
0.0490732	0.00007322456	0.000052480750000000004	936.465743343988
0.05021799	0.00007550868	0.00005370318	936.5087631682146
0.05138951	0.00007786403	0.00005495409	936.5522025749129
0.0543213	0.00007956368	0.00005808442	936.5827132301572
0.05507053	0.00008102877	0.000058884370000000006	936.6077750343596
0.05635521	0.00008355627	0.00006025596	936.6503540894545
0.05766986	0.0000861626	0.0000616595	936.6930091875544
0.05901521	0.0000888502	0.00006309573	936.736292614413
0.06039195	0.00009162162	0.00006456542	936.7796510887716
0.06180083	0.00009447946	0.00006606934	936.8234866581079
0.06324259	0.00009742642	0.00006760830000000001	936.8674618353073
0.064718	0.0001004653	0.0000691831	936.9118368503291
0.06622785	0.0001035989	0.00007079458	936.9565989373764
0.06777295	0.0001068303	0.0000724436	937.0017544683036
0.06935411	0.0001101624	0.00007413101999999999	937.0473035444542
0.0709025	0.0001134499	0.0000757834	937.0911030647873
0.07432237	0.0001161892	0.00007943282	937.12597890897
0.0760563	0.0001198131	0.00008128305	937.1709489247758
0.07783072	0.0001235501	0.00008317637999999999	937.2164321169063
0.07964655	0.0001274036	0.00008511380000000001	937.262272392961
0.08150477	0.0001313772	0.00008709636	937.3083697183213
0.08340637	0.0001354748	0.00008912509	937.3549558266924
0.08535236	0.0001397002	0.00009120108	937.4018399782108
0.08734377	0.0001440573	0.00009332543	937.4489600530103
0.08938168	0.0001485503	0.00009549926000000002	937.4965868845475
0.09146716	0.0001531833	0.00009772372000000001	937.5445725971136
0.09360132	0.0001579609	0.00010000000000000002	937.592809
0.09578532	0.0001628874	0.0001023293	937.6415884795459
0.09802029	0.0001679676	0.00010471289999999999	937.69017570901
0.1003075	0.0001732062	0.0001071519	937.7407792115678
0.1008452	0.0001744436	0.0001077254	937.7513901085538
0.105043	0.0001766863	0.0001122018	937.7718209511792
0.107494	0.0001821968	0.00011481539999999999	937.8201600133781
0.1100021	0.0001878791	0.0001174898	937.8684711353667
0.1125689	0.0001937385	0.0001202264	937.9191134393112
0.1151955	0.0001997807	0.0001230269	937.9678810081374
0.1178835	0.0002060113	0.0001258925	938.0186373294678
0.1206342	0.0002124361	0.000128825	938.06820182418
0.1234492	0.0002190613	0.0001318257	938.1195115975111
0.1263299	0.0002258931	0.00013489629999999998	938.1709735552421
0.1292778	0.0002329379	0.0001380384	938.2225373519253
0.1322946	0.0002402024	0.0001412538	938.2742439495433
0.1353818	0.0002476934	0.000144544	938.3266922182864
0.1385411	0.000255418	0.0001479108	938.3798748975736
0.1417742	0.0002633835	0.0001513561	938.4331619274014
0.1450827	0.0002715973	0.0001548817	938.4859366858708
0.1484686	0.0002800673	0.0001584893	938.5407551172225
0.1519335	0.0002888014	0.000162181	938.5951584957547
0.1554793	0.0002978078	0.00016595869999999998	938.649843605668
0.1580418	0.000304359	0.0001686886	938.6891526754032
0.1666209	0.0003123413	0.0001778279	938.7348177648163
0.1705093	0.0003220817	0.0001819701	938.7881948737733
0.1744886	0.0003321258	0.0001862087	938.8429530951023
0.1785609	0.0003424831	0.0001905461	938.8981621770271
0.1827282	0.0003531634	0.0001949845	938.9534214258057
0.1869928	0.0003641767	0.0001995262	939.0093967609266
0.1913571	0.0003755334	0.00020417380000000001	939.0658027621565
0.1958232	0.0003872442	0.00020892960000000002	939.1222890389873
0.2003937	0.0003993201	0.00021379619999999997	939.1795555767595
0.2050709	0.0004117726	0.0002187762	939.2368667158494
0.2098573	0.0004246134	0.0002238721	939.2948625576836
0.2147556	0.0004378545	0.0002290868	939.3533564570284
0.2195833	0.0004510029	0.00023422600000000003	939.4102401099792
0.2301469	0.0004577091	0.0002454709	939.4376649126231
0.2355185	0.0004719822	0.0002511886	939.4951928550897
0.2410156	0.0004867003	0.00025703960000000007	939.5528949624882
0.2466411	0.0005018774	0.0002630268	939.611390930506
0.2477387	0.0005048519	0.0002641949	939.622800818638
0.252398	0.0005128182	0.0002691535	939.6527193590274
0.2582891	0.0005205402	0.00027542290000000003	939.6809059813108
0.2643176	0.0005274976	0.00028183829999999996	939.7058440957101
0.2704868	0.0005340658	0.0002884032	939.7290522435256
0.2767997	0.0005404122	0.00029512090000000004	939.7508349967759
0.2832599	0.0005466289	0.0003019952	939.7716549799468
0.2898706	0.0005527728	0.0003090295	939.7917441538751
0.2966355	0.0005588853	0.0003162277999999999	939.811064365625
0.3035582	0.0005650021	0.0003235937	939.8304172794464
0.3106422	0.0005711428	0.00033113110000000006	939.8493309749521
0.3178913	0.0005773289	0.0003388442	939.867434354786
0.3253095	0.0005835763	0.0003467369	939.8857643936944
0.3329006	0.0005899026	0.0003548134	939.9039117462869
0.3406687	0.0005963157	0.00036307810000000006	939.9217845967576
0.3486178	0.0006028331	0.0003715352	939.9395618503979
0.3567523	0.0006094621	0.0003801894	939.9571952821411
0.3650764	0.0006162136	0.00038904510000000006	939.9748604981788
0.3735945	0.0006230992	0.0003981072	939.9920403348646
0.3823113	0.0006301256	0.0004073803	940.0096803895525
0.3912312	0.0006373026	0.0004168694	940.0270266898937
0.4003591	0.0006446377	0.0004265795	940.0445584000169
0.4096997	0.0006521454	0.00043651579999999995	940.0618383114655
0.4192582	0.0006598278	0.00044668359999999995	940.079348782897
0.4290394	0.0006677003	0.0004570882	940.0966822158175
0.4390486	0.0006757658	0.00046773510000000003	940.1141068951208
0.4492912	0.0006840339	0.0004786301	940.1315000874371
0.4597726	0.0006925184	0.0004897788	940.1491416124993
0.4814738	0.0007011234	0.0005128614	940.1661411835635
0.4927052	0.0007103862	0.0005248075	940.1839459230289
0.5041984	0.000719897	0.0005370318000000002	940.2018595546855
0.5159596	0.0007296677	0.0005495409000000001	940.2198593407696
0.5279949	0.0007397086	0.0005623413	940.2379099667764
0.5403108	0.0007500283	0.0005754399	940.2560168316447
0.5529139	0.00076064	0.0005888437	940.2742017958244
0.5658108	0.0007715486	0.0006025596	940.2926259908562
0.5790083	0.0007827725	0.000616595	940.311018577835
0.5925135	0.0007943171	0.0006309573	940.3295866455622
0.6063335	0.0008061996	0.0006456542	940.3480990288608
0.6204758	0.0008184282	0.0006606934	940.3669360099557
0.6349477	0.0008310163	0.0006760829999999998	940.3855980700596
0.6497571	0.0008439751	0.000691831	940.4046293097592
0.6649117	0.0008573187	0.0007079458	940.4237142165404
0.6804196	0.0008710643	0.000724436	940.4428607910154
0.696289	0.000885219	0.0007413102	940.4621965271759
0.7125285	0.0008998009	0.0007585776000000001	940.4816341795487
0.7291465	0.000914823	0.0007762470999999999	940.5011922105732
0.746152	0.0009303016	0.0007943282	940.5209353010506
0.763554	0.0009462505	0.0008128305	940.5408021721624
0.7813617	0.0009626869	0.0008317638	940.5607540265639
0.7995845	0.0009796285	0.000851138	940.5808793638635
0.8182323	0.0009970903	0.0008709636	940.6011804626507
0.8373148	0.001015088	0.0008912509	940.6216453750567
0.8568422	0.001033644	0.0009120108	940.6421985353682
0.8768249	0.001052771	0.0009332543	940.6628729168459
0.8972736	0.001072492	0.0009549926	940.6838251940383
0.918199	0.001092826	0.0009772372	940.7049035791924
0.9396123	0.001113792	0.001	940.7260919999999
0.9615248	0.001135411	0.001023293	940.7473822258141
0.9839483000000001	0.001157703	0.001047129	940.7685232669519
1.006895	0.001180692	0.001071519	940.7912430857504
1.030376	0.001204401	0.0010964779999999997	940.8126756761195
1.054405	0.001228849	0.001122018	940.8350391883197
1.078994	0.001254065	0.001148154	940.8564225704914
1.104157	0.001280069	0.001174898	940.8791818523822
1.129906	0.001306894	0.001202264	940.9022427686433
1.16078	0.00132275	0.001235078	940.9144604632257
1.183219	0.001346557	0.001258925	940.9341755863138
1.210811	0.001376049	0.0012882500000000001	940.9563741509802
1.239047	0.001406466	0.0013182569999999998	940.9799955547363
1.267942	0.00143784	0.001348963	941.00419359167
1.29751	0.001470201	0.0013803839999999997	941.0281494134966
1.327767	0.001503579	0.0014125380000000003	941.0511993305665
1.35873	0.001538007	0.0014454399999999999	941.0753867334513
1.390415	0.001573518	0.001479108	941.0999859374704
1.422839	0.001610144	0.001513561	941.1243709371475
1.456019	0.001647922	0.001548817	941.148581142898
1.489973	0.001686887	0.0015848930000000002	941.1738754603623
1.524719	0.001727076	0.00162181	941.1990775738219
1.560275	0.001768526	0.0016595869999999997	941.2242479604867
1.59666	0.001811274	0.001698244	941.2494753404104
1.633894	0.001855364	0.0017378009999999998	941.2754187619872
1.671996	0.001900836	0.001778279	941.3015820352149
1.710986	0.00194773	0.0018197009999999997	941.3270257036733
1.750886	0.001996089	0.0018620869999999997	941.3534861690135
1.791717	0.002045964	0.001905461	941.3800460885843
1.833499	0.002097391	0.001949845	941.4063122966185
1.876257	0.002150423	0.0019952620000000003	941.4339685715461
1.920011	0.002205108	0.002041738	941.4607104339539
1.964786	0.002261495	0.0020892960000000005	941.4881831009104
2.010605	0.002319635	0.002137962	941.5156279671949
2.057492	0.002379577	0.002187762	941.5428081299519
2.105474	0.002441381	0.002238721	941.5712726150334
2.154574	0.002505096	0.002290868	941.599034077913
2.20482	0.00257078	0.002344229	941.6276225573524
2.256237	0.002638495	0.002398833	941.6560031481974
2.301204	0.002668723	0.002446585	941.6687844485273
2.362697	0.002750976	0.002511886	941.7019625890665
2.417796	0.002825259	0.0025703959999999995	941.730869095657
2.474181	0.002901822	0.0026302680000000003	941.7606198303748
2.53188	0.002980741	0.002691535	941.7899975292909
2.590926	0.003062081	0.0027542289999999995	941.8200451015512
2.651348	0.003145909	0.002818383	941.8499575820605
2.71318	0.003232301	0.0028840319999999995	941.8800835080888
2.776455	0.003321329	0.0029512089999999998	941.9110367988169
2.841205	0.003413069	0.0030199520000000002	941.9414841692849
2.907466	0.003507598	0.003090295	941.9727236396526
2.975272	0.003604995	0.0031622780000000006	942.0035161361524
3.04466	0.003705343	0.003235937	942.0348242255643
3.115667	0.003808728	0.0033113109999999995	942.066670270476
3.18833	0.003915228	0.003388442	942.0982351180867
3.262688	0.004024937	0.003467369	942.1301675708585
3.338781	0.004137945	0.0035481339999999997	942.1625409299648
3.416649	0.004254343	0.003630781	942.1949004911064
3.496333	0.004374226	0.003715352	942.2276075052915
3.577877	0.004497692	0.003801894	942.260539615255
3.661322	0.004624845	0.003890451	942.2935400034597
3.7467149999999996	0.004755782	0.0039810719999999996	942.3267858506451
3.834099	0.004890608	0.004073803	942.3601504540107
3.923522	0.005029431	0.004168694	942.3938123066841
4.015032	0.005172367	0.004265795	942.4279335973715
4.108676	0.005319531	0.004365158	942.461998168222
4.204505	0.005471035	0.004466836	942.4962176807029
4.302569	0.005626999	0.004570882	942.5305660920585
4.402922	0.005787548	0.004677350999999999	942.5654709257442
4.505616	0.005952815	0.004786301000000001	942.6003118065495
4.610706	0.006122923	0.004897788	942.6355168904821
4.718247	0.00629801	0.005011872	942.6707246314352
4.828298	0.006478212	0.005128614	942.706199374724
4.940916	0.006663677	0.005248075	942.7418009460611
5.056163	0.006854551	0.005370318	942.7779790693959
5.174097	0.007050987	0.005495408999999999	942.8138992020431
5.294784	0.007253135	0.005623413	942.850389078661
5.418287	0.007461169	0.005754399	942.8870276461538
5.544671	0.007675242	0.005888437	942.9236046849105
5.674004	0.007895537	0.006025596	942.9605863054874
5.806355	0.008122233	0.006165950000000001	942.9977915811837
5.941794	0.008355513	0.006309573000000001	943.0352122084964
6.080393	0.008595563	0.006456542	943.0727102836162
6.222227	0.008842591	0.006606933999999999	943.1106154534009
6.36737	0.009096805	0.00676083	943.1485194865129
6.5159	0.009358412	0.00691831	943.1867626631359
6.667895	0.00962764	0.007079458	943.2251226011933
6.823438	0.009904727	0.007244359999999999	943.2638255139171
6.98261	0.01018992	0.007413102000000001	943.3028063015995
7.145496	0.01048345	0.007585776	943.3417820404926
7.312184	0.01078561	0.007762471	943.3812519235177
7.482761	0.01109666	0.007943282	943.4208252961433
7.657319	0.01141689	0.008128305000000002	943.4606464693437
7.83595	0.01174662	0.008317638	943.5006212100118
8.01875	0.01208616	0.00851138	943.5410192001768
8.205816	0.01243585	0.008709636	943.5815515137486
8.397247	0.01279603	0.008912509	943.6223884879106
8.593146	0.01316708	0.009120108	943.663504862004
8.793617	0.0135494	0.009332543	943.7048830099149
8.998766	0.01394338	0.009549926	943.746514894461
9.208703	0.01434949	0.009772372	943.788518283995
9.42354	0.01476816	0.01	943.8308159999998
9.643391	0.01519989	0.01023293	943.8734448491292
9.868373	0.0156452	0.01047129	943.9160027083578
10.09861	0.01610465	0.01071519	943.9603637453001
10.33421	0.01657878	0.010964780000000002	944.0033251921151
10.57532	0.01706825	0.01122018	944.0479787311789
10.82205	0.01757369	0.01148154	944.0914450500544
11.07455	0.01809581	0.01174898	944.1369216732007
11.33293	0.01863534	0.01202264	944.1824208326956
11.59735	0.01919308	0.012302689999999998	944.2278948750234
11.86794	0.01976985	0.012589249999999998	944.2746668784877
12.14485	0.02036656	0.0128825	944.3210991655346
12.42822	0.02098417	0.013182570000000001	944.3685237400598
12.7182	0.02162368	0.01348963	944.4160944369859
13.01496	0.02228617	0.01380384	944.4651756322878
13.31864	0.02297282	0.01412538	944.5135507858904
13.62941	0.02368485	0.014454399999999997	944.5632367998672
13.94744	0.02442358	0.01479108	944.6141579925198
14.2729	0.02519041	0.01513561	944.6656203483044
14.60595	0.02598686	0.01548817	944.7169588143724
14.94678	0.02681453	0.01584893	944.7700589251135
15.29557	0.02767513	0.0162181	944.8236926643689
15.6525	0.02857048	0.01659587	944.8778810631803
16.01777	0.02950255	0.01698244	944.9332693064129
16.39157	0.03047343	0.01737801	944.9898711072213
16.7741	0.03148534	0.01778279	945.0477309803467
17.16556	0.03254067	0.01819701	945.1058536539794
19.2685	0.03356891	0.02042203	945.159169289243
19.71362	0.03472316	0.020892959999999995	945.2151901884654
20.17363	0.03594039	0.021379619999999995	945.272665744293
20.64438	0.03721237	0.02187762	945.3309989843502
21.12614	0.03854236	0.02238721	945.3916928460491
21.61914	0.03993383	0.02290868	945.4527205408605
22.12366	0.04139046	0.023442290000000005	945.5155814555659
22.63997	0.04291622	0.02398833	945.5800474647465
23.16834	0.0445153	0.02454709	945.6459115927795
23.70906	0.04619217	0.02511886	945.7137851797415
24.26241	0.04795161	0.025703960000000005	945.7827358119137
24.82869	0.04979869	0.02630268	945.8537567274515
25.40821	0.05173879	0.026915349999999998	945.9267217405682
26.00127	0.05377769	0.027542289999999997	946.0015013275948
26.60819	0.05592147	0.02818383	946.0783530840203
27.22931	0.05817664	0.02884032	946.1575544238067
27.86494	0.06055009	0.02951209	946.2389851074594
28.51544	0.06304915	0.030199519999999997	946.3226286378062
29.18115	0.06568159	0.030902949999999995	946.4090512394448
29.86242	0.0684557	0.03162278	946.4972940392969
30.55964	0.07138017	0.03235936999999999	946.5888912546816
31.27316	0.07446432	0.03311311	946.6831813743862
32.00338	0.07771794	0.03388442	946.7801998676679
32.75068	0.08115149	0.03467369	946.8802279192092
33.51548	0.08477594	0.03548134	946.9838495389406
34.29817	0.08860299	0.03630781	947.090253859982
35.09919	0.09264497	0.03715352	947.2005605390822
35.91896	0.09691487	0.03801894	947.3140195386825
36.75793	0.1014265	0.03890451	947.4314546051345
37.61655	0.1061944	0.039810719999999994	947.5524280897205
38.49528	0.1112339	0.04073803000000001	947.6774871048011
39.3946	0.1165612	0.041686940000000006	947.8067039701162
40.315	0.1221934	0.04265795	947.9403815701411
41.25697	0.1281485	0.04365158	948.0783627992389
42.22103	0.1344456	0.04466836	948.2209689364015
43.20769	0.1411047	0.04570882	948.3682733441817
44.2175	0.1481469	0.046773510000000004	948.5207952107935
45.25099	0.1555945	0.04786301	948.6779978944074
46.30874	0.163471	0.04897788	948.8408032360732
47.39131	0.1718011	0.05011871999999999	949.0088952790495
48.4993	0.1806108	0.05128614	949.1825822727153
49.6333	0.1899278	0.05248075000000001	949.3619622432986
50.79395	0.199781	0.05370318000000001	949.5476990375616
51.98187	0.2102012	0.054954090000000004	949.7395225723873
53.1977	0.2212206	0.05623413	949.9377086477554
54.44212	0.2328734	0.05754399	950.1425500734308
55.71581	0.245196	0.05888436999999999	950.3541601956513
57.01946	0.2582266	0.06025595999999999	950.5729657282036
58.35378	0.272006	0.061659500000000006	950.7989198744718
59.71952	0.2865773	0.06309573	951.0326182136255
61.11742	0.3019865	0.06456542	951.2740178875937
62.54825	0.3182824	0.06606934	951.5235417820127
64.0128	0.3355173	0.0676083	951.7813241865275
65.51187	0.3537469	0.06918309999999998	952.0477819004932
67.0463	0.3730309	0.07079458000000001	952.3233402896099
68.61693	0.3934335	0.0724436	952.6081461992502
70.22464	0.4150234	0.07413102	952.9028927431457
71.87031	0.4378751	0.07585776	953.2074912309565
73.55486	0.4620685	0.07762471	953.5227700045515
75.27923	0.4876904	0.07943282000000002	953.8490563472378
77.04438	0.5148349	0.08128304999999998	954.1868187771006
78.8513	0.543604	0.08317638	954.5366605279047
80.701	0.574109	0.08511379999999999	954.8993112750222
82.59451	0.606471	0.08709636	955.2750654562373
84.5329	0.6408227	0.08912508999999999	955.6649277997924
86.51727	0.6773087	0.09120108	956.069584921582
88.54874	0.7160882	0.09332543	956.4898677670169
90.62846	0.7573353	0.09549926	956.9267374427823
92.75761	0.8012418	0.09772372	957.3811946577556
94.93741	0.8480183	0.09999999999999999	957.854283
97.16912	0.8978966	0.1023293	958.3473804667872
99.454	0.9511327	0.1047129	958.8611594177986
101.7934	1.008008	0.1071519	959.3988347383482
104.1886	1.068834	0.1096478	959.9593790299485
106.6411	1.133952	0.1122018	960.5465509465979
109.1524	1.203741	0.1148154	961.1614905317579
111.7237	1.277711	0.11748980000000002	961.7976283898686
114.3568	1.356167	0.1202264	962.4588859019318
117.053	1.440037	0.1230269	963.1473848402261
119.8141	1.529994	0.1258925	963.8707150942273
122.6417	1.62671	0.128825	964.6296138171939
125.5375	1.730898	0.1318257	965.429335857879
128.5032	1.843323	0.1348963	966.2720400781933
131.5408	1.964819	0.1380384	967.1628981500799
134.652	2.096295	0.1412538	968.1034775701607
137.8389	2.238744	0.144544	969.1003708213415
141.1035	2.39325	0.1479108	970.157351592987
144.4479	2.560999	0.1513561	971.2783231068984
147.8743	2.743288	0.1548817	972.468587315351
151.3849	2.941531	0.1584893	973.7340691138139
154.9821	3.157272	0.162181	975.079522262164
158.6683	3.392194	0.16595869999999996	976.5109873721594
162.4461	3.648128	0.1698244	978.0351233391668
166.3181	3.927065	0.1737801	979.6585742556254
170.2871	4.231165	0.17782789999999998	981.3885503905743
174.356	4.562775	0.1819701	983.231723233652
178.5276	4.924429	0.18620869999999998	985.1957991221678
182.8053	5.318875	0.19054610000000002	987.2895587996815
187.1922	5.74907	0.19498450000000003	989.5210644948701
191.6917	6.218209	0.19952619999999996	991.8993545709787
196.3075	6.729724	0.2041738	994.4332916368311
201.0432	7.287304	0.20892960000000002	997.1325460825083
205.9028	7.894903	0.2137962	1000.007030059468
210.8904	8.556756	0.2187762	1003.0668601063553
216.0102	9.277386	0.22387210000000002	1006.3227441025479
221.2668	10.06162	0.2290868	1009.7850247155226
226.6649	10.91459	0.2344229	1013.4653653717278
232.2094	11.84176	0.23988330000000002	1017.3745316993721
237.9056	12.84892	0.24547090000000002	1021.5244250947871
243.759	13.94221	0.2511886	1025.9271718541368
249.7752	15.1281	0.25703960000000003	1030.5933404813889
255.9603	16.41344	0.2630268	1035.5360746509482
262.3206	17.80544	0.2691535	1040.766848656993
268.8628	19.31167	0.27542289999999997	1046.2981473218094
275.5939	20.94009	0.2818383	1052.1422744885988
282.5212	22.69904	0.2884032	1058.310864789295
289.6525	24.59725	0.29512089999999996	1064.8169953398758
296.9957	26.64383	0.3019952	1071.6711060308241
304.5595	28.84832	0.30902949999999996	1078.8867082268846
312.3528	31.22063	0.31622780000000006	1086.4744655593215
320.3849	33.7711	0.3235937	1094.4465235262614
328.6656	36.51048	0.3311311	1102.8142025922662
337.2042	39.23176	0.3388442	1110.9411345981428
346.0014	41.71985	0.3467369	1118.2001396447854
355.0618	44.24768	0.35481339999999995	1125.4069885748397
364.393	46.8655	0.3630781	1132.6998240874345
374.0039	49.59754	0.3715352	1140.1381080446752
383.9035	52.38609	0.3801894	1147.5585326681912
394.0975	55.11349	0.3890451	1154.6501678083082
404.5934	57.9141	0.39810719999999994	1161.766227789902
415.4	60.81419	0.40738030000000003	1168.9671542782014
426.5276	63.87291	0.41686940000000006	1176.38884024589
437.9876	67.10739	0.4265795	1184.0582822193753
449.7922	70.53074	0.43651579999999995	1191.9910802770485
461.9537	74.15509	0.4466836	1200.1980596556489
474.4854	77.99235	0.45708819999999994	1208.6895920743525
487.4009	82.05461	0.4677351	1217.47439950519
500.7146	86.35422	0.47863009999999995	1226.5605944966687
514.4415	90.90394	0.48977880000000007	1235.956803356944
528.5971	95.71696	0.5011872	1245.6704002017607
543.1978	100.807	0.5128614	1255.7092423021113
558.2604	106.1883	0.5248075	1266.0808010556252
573.8028	111.8758	0.5370318	1276.7932923152784
589.8434	117.8848	0.5495409000000001	1287.8535519376264
606.4014	124.2315	0.5623413	1299.2695005684268
623.4971	130.9326	0.5754399	1311.0486429599339
641.1514	138.0058	0.5888437	1323.1986688487964
659.3861	145.4693	0.6025596	1335.7274533506727
678.2241	153.3421	0.616595	1348.6424638539072
697.6892	161.6443	0.6309573	1361.9519102164281
717.8063	170.3965	0.6456542000000001	1375.6633194672938
738.6013	179.6204	0.6606934	1389.784883578374
760.1012	189.3388	0.6760829999999999	1404.3246169479191
782.3342	199.5753	0.6918310000000001	1419.2909829134571
805.3298	210.3546	0.7079458	1434.6923168412045
829.1187	221.7025	0.724436	1450.536969449337
844.7686652391799	229.29633279641118	0.7351648360508395	1460.8986570460913
1011.0558476711124	229.29693540498835	0.8496365763697176	1460.8990806832933
1013.0557467695768	230.1172981583171	0.8504021747467629	1461.8648468274346
1015.1298666168492	230.9684093627194	0.8518205073298637	1462.8648468274346
1017.2078051951585	231.82093971975291	0.8532404802409681	1463.8648468274346
1019.2895678225649	232.67489087044123	0.8546620948713989	1464.8648468274346
1021.3751598213014	233.53026445719934	0.8560853526124782	1465.8648468274346
1023.4645865177746	234.38706212383352	0.8575102548555278	1466.8648468274346
1025.5578532425666	235.24528551554147	0.8589368029918703	1467.8648468274346
1027.6549653304314	236.10493627891196	0.8603649984128272	1468.8648468274346
1029.7559281202991	236.96601606192564	0.8617948425097215	1469.8648468274346
1031.8607469552726	237.82852651395376	0.8632263366738748	1470.8648468274346
1033.9694271826286	238.69246928575956	0.8646594822966095	1471.8648468274346
1036.0819741538178	239.5578460294971	0.8660942807692475	1472.8648468274346
1038.198393224466	240.4246583987118	0.8675307334831113	1473.8648468274346
1040.3186897543717	241.2929080483408	0.8689688418295229	1474.8648468274346
1042.442869107508	242.16259663471226	0.8704086071998044	1475.8648468274346
1044.570936652021	243.0337258155456	0.8718500309852779	1476.8648468274346
1046.7028977602326	243.90629724995142	0.8732931145772657	1477.8648468274346
1048.8387578086367	244.7803125984326	0.8747378593670898	1478.8648468274346
1050.9785221779027	245.6557735228822	0.8761842667460726	1479.8648468274346
1053.1221962528732	246.53268168658497	0.8776323381055362	1480.8648468274346
1055.2697854225644	247.4110387542171	0.8790820748368025	1481.8648468274346
1057.4212950801677	248.29084639184623	0.8805334783311938	1482.8648468274346
1059.5767306230473	249.1721062669311	0.8819865499800323	1483.8648468274346
1061.7360974527417	250.05482004832163	0.8834412911746403	1484.8648468274346
1063.8994009749638	250.93898940625922	0.8848977033063397	1485.8648468274346
1066.0666465995998	251.82461601237708	0.8863557877664527	1486.8648468274346
1068.2378397407103	252.71170153969888	0.8878155459463015	1487.8648468274346
1070.41298581653	253.60024766263996	0.8892769792372084	1488.8648468274346
1072.5920902494672	254.4902560570074	0.8907400890304953	1489.8648468274346
1074.7751584661041	255.3817283999989	0.8922048767174846	1490.8648468274346
1076.9621958971968	256.27466637020393	0.8936713436894983	1491.8648468274346
1079.1532079776764	257.16907164760346	0.8951394913378585	1492.8648468274346
1081.3482001466468	258.06494591356886	0.8966093210538875	1493.8648468274346
1083.5471778473864	258.96229085086406	0.8980808342289073	1494.8648468274346
1085.7501465273467	259.8611081436435	0.8995540322542404	1495.8648468274346
1087.9571116381549	260.7613994774531	0.9010289165212084	1496.8648468274346
1090.1680786356103	261.66316653923036	0.9025054884211339	1497.8648468274346
1092.3830529796883	262.5664110173035	0.9039837493453391	1498.8648468274346
1094.6020401345354	263.4711346013928	0.9054637006851458	1499.8648468274346
1096.8250455684752	264.37733898260956	0.9069453438318766	1500.8648468274346
1099.052074754002	265.2850258534561	0.9084286801768531	1501.8648468274346
1101.283133167787	266.19419690782627	0.9099137111113977	1502.8648468274346
1103.5182262906742	267.1048538410056	0.911400438026833	1503.8648468274346
1105.757359607681	268.01699834967064	0.9128888623144804	1504.8648468274346
1108.0005386079997	268.9306321318892	0.9143789853656628	1505.8648468274346
1110.2477687849953	269.8457568871204	0.9158708085717016	1506.8648468274346
1112.4990556362088	270.7623743162146	0.9173643333239194	1507.8648468274346
1114.7544046633532	271.6804861214141	0.9188595610136383	1508.8648468274346
1117.0138213723167	272.6000940063516	0.9203564930321806	1509.8648468274346
1119.2773112731606	273.52119967605176	0.9218551307708682	1510.8648468274346
1121.544879880121	274.4438048369303	0.9233554756210234	1511.8648468274346
1123.8165327116074	275.3679111967947	0.9248575289739682	1512.8648468274346
1126.0922752902034	276.29352046484314	0.9263612922210249	1513.8648468274346
1128.3721131426666	277.2206343516651	0.9278667667535159	1514.8648468274346
1130.6560517999283	278.14925456924243	0.9293739539627628	1515.8648468274346
1132.9440967970943	279.0793828309469	0.9308828552400882	1516.8648468274346
1135.2362536734443	280.0110208515424	0.9323934719768141	1517.8648468274346
1137.5325279724314	280.9441703471841	0.9339058055642625	1518.8648468274346
1139.8329252416831	281.8788330354181	0.9354198573937558	1519.8648468274346
1142.1374510330006	282.8150106351826	0.9369356288566159	1520.8648468274346
1144.4461109023596	283.7527048668063	0.9384531213441653	1521.8648468274346
1146.7589104099093	284.69191745200965	0.9399723362477259	1522.8648468274346
1149.075855119973	285.63265011390433	0.94149327495862	1523.8648468274346
1151.396950601048	286.57490457699305	0.9430159388681698	1524.8648468274346
1153.7222024258053	287.5186825671707	0.9445403293676973	1525.8648468274346
1156.05161617109	288.4639858117224	0.9460664478485246	1526.8648468274346
1158.385197417922	289.41081603932514	0.9475942957019738	1527.8648468274346
1160.7229517514936	290.35917498004744	0.9491238743193675	1528.8648468274346
1163.0648847611722	291.30906436534895	0.9506551850920276	1529.8648468274346
1165.411002040499	292.26048592808047	0.9521882294112761	1530.8648468274346
1167.7613091871888	293.21344140248425	0.9537230086684353	1531.8648468274346
1170.1158118031299	294.1679325241937	0.9552595242548273	1532.8648468274346
1172.4745154943862	295.1239610302341	0.9567977775617742	1533.8648468274346
1174.8374258711956	296.0815286590213	0.9583377699805986	1534.8648468274346
1177.2045485479666	297.04063715036284	0.9598795029026219	1535.8648468274346
1179.575889143286	298.0012882454579	0.9614229777191671	1536.8648468274346
1181.9514532799112	298.96348368689644	0.9629681958215557	1537.8648468274346
1184.331246584776	299.92722521866017	0.96451515860111	1538.8648468274346
1186.7152746889865	300.8925145861216	0.9660638674491524	1539.8648468274346
1189.1035432278238	301.8593535360451	0.9676143237570048	1540.8648468274346
1191.4960578407422	302.8277438165861	0.9691665289159894	1541.8648468274346
1193.8928241713713	303.7976871772912	0.9707204843174286	1542.8648468274346
1196.2938478675126	304.76918536909886	0.9722761913526443	1543.8648468274346
1198.6991345811432	305.7422401443381	0.9738336514129584	1544.8648468274346
1201.108689968414	306.71685325673013	0.9753928658896938	1545.8648468274346
1203.522519689648	307.6930264613868	0.9769538361741719	1546.8648468274346
1205.9406294093458	308.6707615148115	0.9785165636577154	1547.8648468274346
1208.3630247961783	309.65006017489895	0.9800810497316462	1548.8648468274346
1210.789711522993	310.6309242009354	0.9816472957872866	1549.8648468274346
1213.2206952668093	311.61335535359797	0.9832153032159585	1550.8648468274346
1215.6559817088216	312.59735539495557	0.9847850734089842	1551.8648468274346
1218.0955765343992	313.58292608846784	0.986356607757686	1552.8648468274346
1220.5394854330834	314.5700691989864	0.9879299076533858	1553.8648468274346
1222.987714098591	315.55878649275394	0.9895049744874059	1554.8648468274346
1225.4402682288119	316.54907973740444	0.9910818096510685	1555.8648468274346
1227.8971535258104	317.5409507019632	0.9926604145356956	1556.8648468274346
1230.3583756958246	318.5344011568467	0.9942407905326096	1557.8648468274346
1232.8239404492665	319.529432873863	0.9958229390331323	1558.8648468274346
1235.2938535007227	320.52604762621127	0.9974068614285863	1559.8648468274346
1237.7681205689528	321.52424718848204	0.9989925591102933	1560.8648468274346
1240.246747376891	322.52403333665757	1.0005800334695758	1561.8648468274346
1242.7297396516449	323.52540784811083	1.002169285897756	1562.8648468274346
1245.2171031244964	324.52837250160644	1.0037603177861554	1563.8648468274346
1247.7088435309026	325.5329290773004	1.0053531305260972	1564.8648468274346
1250.2049666104915	326.53907935673976	1.0069477255089025	1565.8648468274346
1252.7054781070688	327.54682512286297	1.0085441041258945	1566.8648468274346
1255.210383768611	328.5561681600001	1.0101422677683944	1567.8648468274346
1257.719689347271	329.5671102538722	1.011742217827725	1568.8648468274346
1260.2334005993728	330.57965319159143	1.013343955695208	1569.8648468274346
1262.7515232854178	331.59379876166213	1.0149474827621658	1570.8648468274346
1265.274063170079	332.60954875397954	1.0165528004199207	1571.8648468274346
1267.8010260222036	333.6269049598295	1.0181599100597944	1572.8648468274346
1270.3324176148144	334.64586917189024	1.0197688130731097	1573.8648468274346
1272.868243725106	335.6664431842306	1.0213795108511883	1574.8648468274346
1275.4085101344485	336.6886287923114	1.0229920047853525	1575.8648468274346
1277.953222628385	337.71242779298393	1.0246062962669245	1576.8648468274346
1280.5023869966326	338.7378419844913	1.026222386687226	1577.8648468274346
1283.0560090330841	339.7648731664682	1.0278402774375799	1578.8648468274346
1285.6140945358038	340.79352313994025	1.0294599699093079	1579.8648468274346
1288.176649307031	341.8237937073244	1.0310814654937321	1580.8648468274346
1290.74367915318	342.8556866724291	1.032704765582175	1581.8648468274346
1293.3151898848366	343.889203840454	1.0343298715659583	1582.8648468274346
1295.8911873167638	344.92434701798993	1.0359567848364046	1583.8648468274346
1298.4716772678955	345.96111801301936	1.0375855067848359	1584.8648468274346
1301.0566655613416	346.99951863491606	1.0392160388025742	1585.8648468274346
1303.6461580243852	348.03955069444476	1.0408483822809418	1586.8648468274346
1306.2401604884833	349.0812160037618	1.042482538611261	1587.8648468274346
1308.838678789267	350.12451637641504	1.0441185091848537	1588.8648468274346
1311.441718766541	351.16945362734316	1.045756295393042	1589.8648468274346
1314.049286264285	352.21602957287644	1.0473958986271483	1590.8648468274346
1316.6613871306524	353.26424603073656	1.049037320278495	1591.8648468274346
1319.2780272179687	354.3141048200364	1.0506805617384036	1592.8648468274346
1321.899212382736	355.3656077612801	1.0523256243981967	1593.8648468274346
1324.5249484856288	356.41875667636293	1.053972509649196	1594.8648468274346
1327.1552413914962	357.47355338857244	1.0556212188827243	1595.8648468274346
1329.7900969693605	358.52999972258647	1.0572717534901033	1596.8648468274346
1332.429521092419	359.5880975044745	1.0589241148626554	1597.8648468274346
1335.0735196380424	360.6478485616973	1.0605783043917025	1598.8648468274346
1337.7220984877758	361.70925472310705	1.0622343234685672	1599.8648468274346
1340.375263527337	362.7723178189475	1.0638921734845712	1600.8648468274346
1343.0330206466194	363.8370396808532	1.0655518558310368	1601.8648468274346
1345.695375739689	364.90342214185	1.0672133718992862	1602.8648468274346
1348.3623347047874	365.971467036356	1.0688767230806415	1603.8648468274346
1351.0339034443282	367.0411762001795	1.070541910766425	1604.8648468274346
1353.710087864901	368.11255147052066	1.072208936347959	1605.8648468274346
1356.390893877267	369.1855946859712	1.073877801216565	1606.8648468274346
1359.0763273963635	370.2603076865132	1.0755485067635657	1607.8648468274346
1361.7663943413002	371.33669231352167	1.0772210543802831	1608.8648468274346
1364.4611006353616	372.41475040976104	1.078895445458039	1609.8648468274346
1367.160452206008	373.4944838193885	1.0805716813881565	1610.8648468274346
1369.8644549848698	374.57589438795173	1.0822497635619572	1611.8648468274346
1372.5731149077533	375.6589839623907	1.083929693370763	1612.8648468274346
1375.286437914639	376.7437543910355	1.0856114722058963	1613.8648468274346
1378.0044299496822	377.83020752360824	1.0872951014586794	1614.8648468274346
1380.727096961209	378.9183452112226	1.0889805825204342	1615.8648468274346
1383.454444901724	380.0081693063827	1.090667916782483	1616.8648468274346
1386.1864797279018	381.0996816629846	1.092357105636148	1617.8648468274346
1388.9232074005922	382.1928841363159	1.094048150472751	1618.8648468274346
1391.6646338848204	383.2877785830549	1.0957410526836147	1619.8648468274346
1394.4107651497843	384.3843668612717	1.097435813660061	1620.8648468274346
1397.161607168855	385.48265083042725	1.099132434793412	1621.8648468274346
1399.917165919579	386.5826323513744	1.1008309174749897	1622.8648468274346
1402.6774473836763	387.6843132863572	1.1025312630961168	1623.8648468274346
1405.4424575470412	388.7876954990105	1.1042334730481151	1624.8648468274346
1408.2122023997408	389.8927808543607	1.1059375487223067	1625.8648468274346
1410.9866879360175	390.9995712188262	1.107643491510014	1626.8648468274346
1413.765920154286	392.1080684602159	1.1093513028025586	1627.8648468274346
1416.549905057138	393.21827444773	1.1110609839912633	1628.8648468274346
1419.338648651336	394.3301910519607	1.1127725364674501	1629.8648468274346
1422.1321569478168	395.4438201448912	1.1144859616224407	1630.8648468274346
1424.930435961694	396.55916359989567	1.116201260847558	1631.8648468274346
1427.7334917122516	397.67622329174026	1.1179184355341234	1632.8648468274346
1430.5413302229504	398.7950010965816	1.1196374870734598	1633.8648468274346
1433.3539575214231	399.9154988919686	1.1213584168568886	1634.8648468274346
1436.1713796394783	401.03771855684056	1.1230812262757326	1635.8648468274346
1438.9936026130963	402.1616619715287	1.1248059167213134	1636.8648468274346
1441.8206324824337	403.2873310177556	1.126532489584954	1637.8648468274346
1444.652475291818	404.41472757863505	1.1282609462579756	1638.8648468274346
1447.4891370897558	405.5438535386719	1.1299912881317011	1639.8648468274346
1450.3306239289209	406.67471078376263	1.131723516597452	1640.8648468274346
1453.1769418661665	407.80730120119483	1.1334576330465507	1641.8648468274346
1456.0280969625192	408.94162667964724	1.1351936388703199	1642.8648468274346
1458.8840952831752	410.0776891091907	1.1369315354600809	1643.8648468274346
1461.7449428975096	411.2154903812864	1.1386713242071562	1644.8648468274346
1464.6106458790696	412.3550323887878	1.1404130065028681	1645.8648468274346
1467.481210305576	413.49631702593877	1.142156583738539	1646.8648468274346
1470.3566422589238	414.63934618837527	1.1439020573054903	1647.8648468274346
1473.2369478251821	415.78412177312407	1.1456494285950445	1648.8648468274346
1476.1221330945946	416.93064567860347	1.1473986989985243	1649.8648468274346
1479.0122041615778	418.07891980462296	1.149149869907251	1650.8648468274346
1481.9071671247225	419.22894605238344	1.1509029427125474	1651.8648468274346
1484.8070280867935	420.38072632447745	1.152657918805735	1652.8648468274346
1487.711793154731	421.5342625248878	1.1544147995781366	1653.8648468274346
1490.6214684396462	422.6895565589904	1.1561735864210743	1654.8648468274346
1493.5360600568276	423.84661033355064	1.15793428072587	1655.8648468274346
1496.4555741257343	425.0054257567266	1.1596968838838455	1656.8648468274346
1499.3800167700028	426.1660047380666	1.161461397286324	1657.8648468274346
1502.3093941174407	427.3283491885111	1.1632278223246266	1658.8648468274346
1505.2437123000313	428.4924610203916	1.164996160390076	1659.8648468274346
1508.1829774539306	429.658342147431	1.166766412873994	1660.8648468274346
1511.1271957194704	430.82599448474264	1.1685385811677034	1661.8648468274346
1514.0763732411538	431.99541994883305	1.1703126666625256	1662.8648468274346
1517.0305161676617	433.1666204575986	1.1720886707497837	1663.8648468274346
1519.989630651844	434.3395979303273	1.173866594820799	1664.8648468274346
1522.9537228507288	435.51435428769855	1.1756464402668936	1665.8648468274346
1525.9227989255164	436.69089145178316	1.1774282084793903	1666.8648468274346
1528.896865041581	437.86921134604347	1.179211900849611	1667.8648468274346
1531.8759273684711	439.04931589533237	1.1809975187688777	1668.8648468274346
1534.8599920799093	440.2312070258945	1.1827850636285127	1669.8648468274346
1537.8490653537915	441.4148866653662	1.184574536819838	1670.8648468274346
1540.8431533721878	442.60035674277515	1.1863659397341757	1671.8648468274346
1543.8422623213442	443.78761918853945	1.1881592737628486	1672.8648468274346
1546.8463983916763	444.9766759344693	1.1899545402971778	1673.8648468274346
1549.855567777779	446.1675289137661	1.1917517407284866	1674.8648468274346
1552.8697766784167	447.36018006102256	1.1935508764480962	1675.8648468274346
1555.8890312965302	448.55463131222234	1.1953519488473294	1676.8648468274346
1558.9133378392332	449.7508846047409	1.197154959317508	1677.8648468274346
1561.9427025178147	450.94894187734474	1.1989599092499543	1678.8648468274346
1564.9771315477353	452.1488050701919	1.2007668000359901	1679.8648468274346
1568.0166311486328	453.35047612483163	1.2025756330669384	1680.8648468274346
1571.0612075443157	454.55395698420443	1.2043864097341204	1681.8648468274346
1574.1108669627688	455.7592495926425	1.206199131428859	1682.8648468274346
1577.16561563615	456.9663558958687	1.208013799542476	1683.8648468274346
1580.2254598007903	458.1752778409975	1.2098304154662933	1684.8648468274346
1583.2904056971965	459.38601737653505	1.2116489805916337	1685.8648468274346
1586.3604595700488	460.5985764523782	1.213469496309819	1686.8648468274346
1589.4356276681992	461.81295701981594	1.2152919640121709	1687.8648468274346
1592.5159162446776	463.0291610315277	1.2171163850900126	1688.8648468274346
1595.6013315566831	464.24719044158496	1.2189427609346652	1689.8648468274346
1598.6918798655938	465.46704720545006	1.2207710929374516	1690.8648468274346
1601.7875674369589	466.6887332799764	1.2226013824896937	1691.8648468274346
1604.888400540502	467.9122506234095	1.224433630982714	1692.8648468274346
1607.9943854501198	469.13760119538597	1.2262678398078337	1693.8648468274346
1611.105528443884	470.36478695693313	1.2281040103563758	1694.8648468274346
1614.221835804041	471.59380987047007	1.2299421440196623	1695.8648468274346
1617.3433138170094	472.8246718998075	1.231782242189015	1696.8648468274346
1620.4699687733832	474.0573750101473	1.2336243062557566	1697.8648468274346
1623.601806967929	475.2919211680821	1.2354683376112088	1698.8648468274346
1626.73883469959	476.52831234159646	1.237314337646694	1699.8648468274346
1629.88105827148	477.76655050006593	1.2391623077535345	1700.8648468274346
1633.028483990888	479.0066376142579	1.241012249323052	1701.8648468274346
1636.1811181692788	480.2485756563301	1.2428641637465692	1702.8648468274346
1639.3389671222892	481.4923665998326	1.2447180524154078	1703.8648468274346
1642.5020371697285	482.73801241970637	1.2465739167208898	1704.8648468274346
1645.6703346355848	483.98551509228366	1.248431758054338	1705.8648468274346
1648.843865848015	485.23487659528826	1.2502915778070742	1706.8648468274346
1652.0226371393542	486.4860989078346	1.252153377370421	1707.8648468274346
1655.2066548461075	487.73918401042965	1.2540171581356996	1708.8648468274346
1658.3959253089565	488.9941338849708	1.2558829214942326	1709.8648468274346
1661.5904548727576	490.25095051474636	1.257750668837343	1710.8648468274346
1664.7902498865385	491.50963588443733	1.2596204015563517	1711.8648468274346
1667.9953167035014	492.77019198011476	1.2614921210425811	1712.8648468274346
1671.2056616810253	494.03262078924183	1.2633658286873541	1713.8648468274346
1674.4212911806594	495.2969243006727	1.2652415258819922	1714.8648468274346
1677.6422115681294	496.563104504653	1.2671192140178178	1715.8648468274346
1680.8684292133332	497.83116339281935	1.268998894486153	1716.8648468274346
1684.0999504903452	499.10110295819993	1.27088056867832	1717.8648468274346
1687.3367817774106	500.3729251952143	1.272764237985641	1718.8648468274346
1690.5789294569513	501.6466320996734	1.274649903799438	1719.8648468274346
1693.826399915561	502.9222256687789	1.276537567511033	1720.8648468274346
1697.0791995440084	504.19970790112507	1.2784272305117486	1721.8648468274346
1700.3373347372367	505.47908079669605	1.2803188941929067	1722.8648468274346
1703.6008118943619	506.76034635686824	1.2822125599458296	1723.8648468274346
1706.869637418675	508.04350658440876	1.284108229161839	1724.8648468274346
1710.1438177176403	509.3285634834766	1.2860059032322577	1725.8648468274346
1713.4233592028963	510.6155190596219	1.2879055835484075	1726.8648468274346
1716.7082682902555	511.9043753197858	1.2898072715016107	1727.8648468274346
1719.9985513997044	513.1951342723011	1.291710968483189	1728.8648468274346
1723.2942149554037	514.4877979268919	1.2936166758844654	1729.8648468274346
1726.595265385687	515.7823682946737	1.2955243950967614	1730.8648468274346
1729.901709123063	517.078847388153	1.2974341275113994	1731.8648468274346
1733.2135526042136	518.3772372212277	1.2993458745197013	1732.8648468274346
1736.5308022699958	519.6775398091875	1.30125963751299	1733.8648468274346
1739.8534645654386	520.9797571687126	1.3031754178825863	1734.8648468274346
1743.181545939748	522.2838913178753	1.305093217019814	1735.8648468274346
1746.5150528463	523.5899442761387	1.3070130363159937	1736.8648468274346
1749.8539917426488	524.897918064357	1.3089348771624487	1737.8648468274346
1753.1983690905186	526.2078147047773	1.3108587409505006	1738.8648468274346
1756.5481913558115	527.519636221036	1.312784629071472	1739.8648468274346
1759.9034650085982	528.8333846381616	1.3147125429166842	1740.8648468274346
1763.2641965231312	530.1490619825745	1.3166424838774604	1741.8648468274346
1766.6303923778287	531.4666702820856	1.3185744533451218	1742.8648468274346
1770.002059055288	532.7862115658975	1.3205084527109916	1743.8648468274346
1773.3792030422794	534.1076878646041	1.322444483366391	1744.8648468274346
1776.7618308297465	535.4311012101905	1.3243825467026424	1745.8648468274346
1780.149948912806	536.7564536360333	1.3263226441110683	1746.8648468274346
1783.5435637907517	538.0837471769003	1.3282647769829907	1747.8648468274346
1786.942681967047	539.4129838689508	1.3302089467097318	1748.8648468274346
1790.3473099493342	540.7441657497353	1.3321551546826136	1749.8648468274346
1793.757454249423	542.0772948581954	1.3341034022929579	1750.8648468274346
1797.1731213833064	543.4123732346642	1.3360536909320877	1751.8648468274346
1800.5943178711418	544.7494029208661	1.3380060219913243	1752.8648468274346
1804.0210502372665	546.0883859599173	1.3399603968619909	1753.8648468274346
1807.45332501019	547.4293243963243	1.3419168169354085	1754.8648468274346
1810.8911487225962	548.772220275986	1.3438752836029004	1755.8648468274346
1814.3345279113398	550.1170756461921	1.3458357982557874	1756.8648468274346
1817.7834691174562	551.4638925556233	1.3477983622853928	1757.8648468274346
1821.237978886148	552.8126730543521	1.3497629770830384	1758.8648468274346
1824.6980637667968	554.1634191938425	1.3517296440400464	1759.8648468274346
1828.1637303129532	555.5161330269493	1.3536983645477387	1760.8648468274346
1831.6349850823467	556.8708166079188	1.3556691399974379	1761.8648468274346
1835.1118346368778	558.2274719923884	1.3576419717804655	1762.8648468274346
1838.5942855426226	559.5861012373875	1.3596168612881443	1763.8648468274346
1842.0823443698282	560.9467064013368	1.361593809911796	1764.8648468274346
1845.5760176929193	562.3092895440471	1.363572819042743	1765.8648468274346
1849.0753120904935	563.6738527267217	1.3655538900723077	1766.8648468274346
1852.580234145321	565.0403980119551	1.3675370243918117	1767.8648468274346
1856.0907904443463	566.4089274637327	1.3695222233925772	1768.8648468274346
1859.6069875786898	567.779443147431	1.371509488465927	1769.8648468274346
1863.1288321436446	569.1519471298188	1.3734988210031829	1770.8648468274346
1866.6563307386755	570.5264414790558	1.3754902223956664	1771.8648468274346
1870.1894899674267	571.9029282646925	1.377483694034701	1772.8648468274346
1873.7283164377095	573.281409557671	1.3794792373116076	1773.8648468274346
1877.2728167615157	574.6618874303255	1.381476853617709	1774.8648468274346
1880.822997555007	576.0443639563802	1.3834765443443273	1775.8648468274346
1884.3788654385203	577.4288412109514	1.3854783108827844	1776.8648468274346
1887.9404270365662	578.8153212705467	1.387482154624403	1777.8648468274346
1891.5076889778297	580.2038062130653	1.3894880769605047	1778.8648468274346
1895.0806578951688	581.5942981177963	1.3914960792824116	1779.8648468274346
1898.6593404256173	582.9867990654221	1.3935061629814463	1780.8648468274346
1902.2437432103811	584.3813111380153	1.3955183294489308	1781.8648468274346
1905.833872894841	585.7778364190401	1.3975325800761873	1782.8648468274346
1909.4297361285517	587.1763769933514	1.3995489162545378	1783.8648468274346
1913.0313395652413	588.5769349471966	1.4015673393753043	1784.8648468274346
1916.6386898628125	589.9795123682134	1.4035878508298096	1785.8648468274346
1920.2517936833415	591.3841113454313	1.405610452009375	1786.8648468274346
1923.8706576930801	592.7907339692707	1.4076351443053234	1787.8648468274346
1927.4952885624507	594.1993823315441	1.4096619291089765	1788.8648468274346
1931.1256929660535	595.610058525455	1.4116908078116568	1789.8648468274346
1934.7618775826588	597.0227646455978	1.413721781804686	1790.8648468274346
1938.403849095215	598.4375027879585	1.4157548524793868	1791.8648468274346
1942.0516141908413	599.8542750499143	1.4177900212270809	1792.8648468274346
1945.7051795608322	601.2730835302342	1.4198272894390909	1793.8648468274346
1949.3645519006554	602.6939303290777	1.4218666585067383	1794.8648468274346
1953.0297379099534	604.1168175479962	1.4239081298213456	1795.8648468274346
1956.7007442925428	605.5417472899331	1.4259517047742354	1796.8648468274346
1960.3775777564122	606.9687216592215	1.427997384756729	1797.8648468274346
1964.060245013728	608.3977427615869	1.4300451711601496	1798.8648468274346
1967.7487527808264	609.8288127041458	1.4320950653758184	1799.8648468274346
1971.4431077782206	611.2619335954062	1.434147068795058	1800.8648468274346
1975.143316730595	612.6971075452676	1.4362011828091905	1801.8648468274346
1978.84938636681	614.1343366650202	1.438257408809538	1802.8648468274346
1982.5613234199013	615.5736230673459	1.440315748187423	1803.8648468274346
1986.279134627075	617.0149688663178	1.4423762023341669	1804.8648468274346
1990.0028267297125	618.4583761774009	1.4444387726410923	1805.8648468274346
1993.732406473372	619.9038471174504	1.4465034604995217	1806.8648468274346
1997.4678806077804	621.3513838047143	1.4485702673007768	1807.8648468274346
2001.2092558868435	622.8009883588303	1.4506391944361798	1808.8648468274346
2004.9565390686375	624.2526629008286	1.452710243297053	1809.8648468274346
2008.7097369154153	625.7064095531299	1.4547834152747185	1810.8648468274346
2012.4688561936014	627.1622304395472	1.4568587117604983	1811.8648468274346
2016.2339036737967	628.6201276852839	1.4589361341457148	1812.8648468274346
2020.0048861307737	630.0801034169356	1.4610156838216901	1813.8648468274346
2023.78181034348	631.5421597624879	1.463097362179746	1814.8648468274346
2027.5646830950395	633.0062988513193	1.465181170611206	1815.8648468274346
2031.3535111727438	634.4725228141987	1.4672671105073904	1816.8648468274346
2035.1483013680631	635.9408337832864	1.4693551832596219	1817.8648468274346
2038.9490604766438	637.4112338921337	1.4714453902592235	1818.8648468274346
2042.7557952983002	638.8837252756844	1.4735377328975168	1819.8648468274346
2046.5685126370247	640.3583100702724	1.4756322125658237	1820.8648468274346
2050.3872193009825	641.834990413623	1.4777288306554666	1821.8648468274346
2054.211922102514	643.3137684448538	1.4798275885577679	1822.8648468274346
2058.042627858129	644.7946463044733	1.481928487664049	1823.8648468274346
2061.8793433885185	646.2776261343807	1.4840315293656332	1824.8648468274346
2065.722075518543	647.7627100778667	1.486136715053842	1825.8648468274346
2069.5708310772366	649.249900279614	1.4882440461199973	1826.8648468274346
2073.4256168978072	650.7391988856966	1.4903535239554215	1827.8648468274346
2077.2864398176403	652.2306080435785	1.492465149951437	1828.8648468274346
2081.1533066782927	653.7241299021166	1.4945789254993658	1829.8648468274346
2085.026224325493	655.2197666115584	1.4966948519905299	1830.8648468274346
2088.9051996091484	656.7175203235425	1.4988129308162514	1831.8648468274346
2092.790239383338	658.2173931910994	1.5009331633678533	1832.8648468274346
2096.681350506313	659.7193873686507	1.5030555510366566	1833.8648468274346
2100.5785398405005	661.2235050120091	1.5051800952139835	1834.8648468274346
2104.4818142525028	662.7297482783788	1.5073067972911574	1835.8648468274346
2108.3911806130945	664.238119326355	1.5094356586594992	1836.8648468274346
2112.3066457972227	665.7486203159249	1.5115666807103318	1837.8648468274346
2116.228216684012	667.261253408467	1.5136998648349769	1838.8648468274346
2120.1559001567566	668.7760207667501	1.5158352124247567	1839.8648468274346
2124.08970310293	670.2929245549352	1.5179727248709936	1840.8648468274346
2128.0296324141755	671.8119669385745	1.5201124035650098	1841.8648468274346
2131.975694986312	673.3331500846118	1.5222542498981273	1842.8648468274346
2135.927897719331	674.8564761613814	1.5243982652616679	1843.8648468274346
2139.886247517401	676.381947338609	1.5265444510469544	1844.8648468274346
2143.8507512888605	677.9095657874128	1.5286928086453084	1845.8648468274346
2147.821415946224	679.439333680301	1.5308433394480523	1846.8648468274346
2151.798248406182	680.9712531911738	1.5329960448465085	1847.8648468274346
2155.7812555895953	682.505326495323	1.535150926231999	1848.8648468274346
2159.770444421502	684.0415557694307	1.537307984995846	1849.8648468274346
2163.7658218311094	685.5799431915714	1.539467222529371	1850.8648468274346
2167.7673947518033	687.1204909412099	1.541628640223897	1851.8648468274346
2171.775170121143	688.6632011992033	1.5437922394707462	1852.8648468274346
2175.789154880859	690.2080761477993	1.5459580216612396	1853.8648468274346
2179.8093559768586	691.7551179706371	1.5481259881867009	1854.8648468274346
2183.835780359221	693.304328852748	1.5502961404384512	1855.8648468274346
2187.868434982201	694.8557109805536	1.5524684798078128	1856.8648468274346
2191.9073268042275	696.4092665418668	1.5546430076861086	1857.8648468274346
2195.952462787901	697.9649977258925	1.5568197254646596	1858.8648468274346
2200.0038498999984	699.5229067232265	1.558998634534789	1859.8648468274346
2204.0614951114694	701.0829957258564	1.5611797362878184	1860.8648468274346
2208.125405397438	702.6452669271604	1.56336303211507	1861.8648468274346
2212.195587737202	704.2097225219085	1.565548523407866	1862.8648468274346
2216.2720491142336	705.7763647062615	1.5677362115575284	1863.8648468274346
2220.3547965161797	707.3451956777726	1.56992609795538	1864.8648468274346
2224.443836934857	708.9162176353855	1.572118183992742	1865.8648468274346
2228.5391773662614	710.489432779435	1.5743124710609373	1866.8648468274346
2232.640824810561	712.0648433116481	1.5765089605512879	1867.8648468274346
2236.7487862720973	713.6424514351423	1.5787076538551157	1868.8648468274346
2240.863068759385	715.2222593544267	1.5809085523637432	1869.8648468274346
2244.9836792851147	716.8042692754019	1.5831116574684923	1870.8648468274346
2249.1106248661495	718.3884834053595	1.5853169705606849	1871.8648468274346
2253.243912523528	719.9749039529827	1.5875244930316437	1872.8648468274346
2257.383549282459	721.5635331283461	1.5897342262726906	1873.8648468274346
2261.529542172332	723.1543731429151	1.591946171675148	1874.8648468274346
2265.6818982267037	724.7474262095474	1.5941603306303376	1875.8648468274346
2269.840624483308	726.3426945424907	1.596376704529582	1876.8648468274346
2274.005727984052	727.940180357385	1.5985952947642028	1877.8648468274346
2278.1772157750192	729.5398858712614	1.600816102725523	1878.8648468274346
2282.355094906463	731.1418133025418	1.603039129804864	1879.8648468274346
2286.539372432812	732.7459648710408	1.605264377393548	1880.8648468274346
2290.7300554126723	734.3523427979626	1.6074918468828978	1881.8648468274346
2294.9271509088185	735.9609493059039	1.609721539664235	1882.8648468274346
2299.130665988203	737.5717866188521	1.611953457128882	1883.8648468274346
2303.3406077219506	739.1848569621865	1.6141876006681608	1884.8648468274346
2307.5569831853604	740.8001625626772	1.6164239716733937	1885.8648468274346
2311.779799457906	742.4177056484857	1.6186625715359027	1886.8648468274346
2316.0090636232353	744.0374884491655	1.62090340164701	1887.8648468274346
2320.244782769167	745.6595131956594	1.623146463398038	1888.8648468274346
2324.4869639876983	747.2837821203047	1.6253917581803083	1889.8648468274346
2328.7356143749967	748.9102974568278	1.6276392873851435	1890.8648468274346
2332.990741031405	750.5390614403467	1.6298890524038654	1891.8648468274346
2337.252351061441	752.1700763073708	1.6321410546277966	1892.8648468274346
2341.5204515737955	753.8033442958013	1.6343952954482592	1893.8648468274346
2345.795049681334	755.4388676449298	1.636651776256575	1894.8648468274346
2350.076152501095	757.0766485954405	1.6389104984440668	1895.8648468274346
2354.3637671542892	758.716689389408	1.6411714634020558	1896.8648468274346
2358.6579007663063	760.3589922702987	1.6434346725218651	1897.8648468274346
2362.958560466705	762.0035594829695	1.6457001271948164	1898.8648468274346
2367.2657533892207	763.6503932736697	1.6479678288122317	1899.8648468274346
2371.579486671763	765.2994958900391	1.6502377787654336	1900.8648468274346
2375.8997674564116	766.9508695811096	1.6525099784457438	1901.8648468274346
2380.2266028894273	768.6045165973035	1.6547844292444849	1902.8648468274346
2384.5600001212365	770.2604391904354	1.6570611325529785	1903.8648468274346
2388.8999663064455	771.91863961371	1.659340089762547	1904.8648468274346
2393.246508603834	773.5791201217245	1.6616213022645132	1905.8648468274346
2397.599634176353	775.2418829704667	1.6639047714501984	1906.8648468274346
2401.959350191129	776.9069304173164	1.666190498710925	1907.8648468274346
2406.3256638194625	778.5742647210441	1.6684784854380152	1908.8648468274346
2410.698582236828	780.243888141812	1.6707687330227912	1909.8648468274346
2415.078112622874	781.9158029411726	1.673061242856575	1910.8648468274346
2419.464262161422	783.5900113820717	1.675356016330689	1911.8648468274346
2423.85703804047	785.2665157288449	1.6776530548364557	1912.8648468274346
2428.2564474521846	786.945318247219	1.679952359765196	1913.8648468274346
2432.6624975929144	788.626421204313	1.6822539325082333	1914.8648468274346
2437.075195663175	790.3098268686371	1.6845577744568891	1915.8648468274346
2441.494548867658	791.9955375100926	1.6868638870024857	1916.8648468274346
2445.920564415231	793.6835553999717	1.6891722715363455	1917.8648468274346
2450.3532495189343	795.3738828109585	1.6914829294497906	1918.8648468274346
2454.79261139598	797.0665220171285	1.6937958621341427	1919.8648468274346
2459.238657267758	798.7614752939477	1.6961110709807246	1920.8648468274346
2463.691394359829	800.458744918274	1.6984285573808577	1921.8648468274346
2468.150829901929	802.1583331683572	1.7007483227258648	1922.8648468274346
2472.616971127969	803.8602423238381	1.7030703684070683	1923.8648468274346
2477.0898252760317	805.5644746657474	1.7053946958157895	1924.8648468274346
2481.569399588375	807.2710324765092	1.707721306343351	1925.8648468274346
2486.055701311431	808.9799180399375	1.7100502013810748	1926.8648468274346
2490.5487376958054	810.6911336412387	1.7123813823202834	1927.8648468274346
2495.0485159962777	812.4046815670091	1.7147148505522987	1928.8648468274346
2499.5550434718016	814.1205641052378	1.7170506074684428	1929.8648468274346
2504.0683273855057	815.8387835453043	1.719388654460038	1930.8648468274346
2508.58837500469	817.5593421779802	1.7217289929184063	1931.8648468274346
2513.115193600831	819.2822422954273	1.72407162423487	1932.8648468274346
2517.6487904495784	821.0074861911996	1.7264165498007515	1933.8648468274346
2522.189172830755	822.7350761602426	1.7287637710073722	1934.8648468274346
2526.736348028359	824.4650144988917	1.731113289246055	1935.8648468274346
2531.2903233305615	826.1973035048755	1.7334651059081219	1936.8648468274346
2535.8511060297074	827.931945477313	1.7358192223848947	1937.8648468274346
2540.418703422317	829.6689427167139	1.7381756400676958	1938.8648468274346
2544.9931228090836	831.4082975249808	1.7405343603478474	1939.8648468274346
2549.5743714948735	833.1500122054058	1.7428953846166717	1940.8648468274346
2554.1624567887284	834.8940890626741	1.7452587142654905	1941.8648468274346
2558.757386003863	836.6405304028609	1.7476243506856264	1942.8648468274346
2563.3591664576693	838.3893385334328	1.7499922952684017	1943.8648468274346
2567.967805471707	840.1405157632488	1.7523625494051376	1944.8648468274346
2572.5833103717155	841.8940644025583	1.7547351144871577	1945.8648468274346
2577.205688487604	843.6499867630021	1.7571099919057827	1946.8648468274346
2581.8349471534593	845.4082851576122	1.7594871830523355	1947.8648468274346
2586.471093707539	847.168961900813	1.761866689318138	1948.8648468274346
2591.1141354922775	848.932019308419	1.7642485120945128	1949.8648468274346
2595.7640798542807	850.6974596976362	1.7666326527727816	1950.8648468274346
2600.420934144331	852.4652853870622	1.7690191127442672	1951.8648468274346
2605.084705717382	854.235498696686	1.771407893400291	1952.8648468274346
2609.7554019325617	856.0081019478882	1.7737989961321752	1953.8648468274346
2614.4330301531745	857.7830974634396	1.7761924223312424	1954.8648468274346
2619.117597746697	859.5604875675033	1.7785881733888145	1955.8648468274346
2623.8091120847794	861.3402745856339	1.7809862506962137	1956.8648468274346
2628.507580543247	863.1224608447761	1.7833866556447622	1957.8648468274346
2633.213010502098	864.9070486732675	1.7857893896257822	1958.8648468274346
2637.9254093455056	866.6940404008357	1.7881944540305958	1959.8648468274346
2642.644784461817	868.4834383586003	1.7906018502505252	1960.8648468274346
2647.371143243551	870.2752448790723	1.7930115796768924	1961.8648468274346
2652.1044930874023	872.0694622961535	1.7954236437010196	1962.8648468274346
2656.8448413942415	873.8660929451371	1.7978380437142287	1963.8648468274346
2661.592195569109	875.6651391627087	1.8002547811078426	1964.8648468274346
2666.3465630212227	877.4666032869435	1.8026738572731829	1965.8648468274346
2671.1079511639723	879.2704876573092	1.8050952736015717	1966.8648468274346
2675.8763674149222	881.0767946146649	1.8075190314843317	1967.8648468274346
2680.6518191958107	882.8855265012598	1.8099451323127844	1968.8648468274346
2685.434313932551	884.6966856607362	1.8123735774782526	1969.8648468274346
2690.223859055229	886.5102744381261	1.8148043683720578	1970.8648468274346
2695.0204619981037	888.3262951798534	1.8172375063855224	1971.8648468274346
2699.8241301996104	890.1447502337338	1.8196729929099684	1972.8648468274346
2704.6348711023575	891.9656419489739	1.8221108293367185	1973.8648468274346
2709.452692153127	893.7889726761717	1.8245510170570944	1974.8648468274346
2714.277600802875	895.6147447673168	1.8269935574624185	1975.8648468274346
2719.1096045067316	897.4429605757889	1.829438451944013	1976.8648468274346
2723.9487107239993	899.2736224563605	1.8318857018931993	1977.8648468274346
2728.794926918159	901.1067327651949	1.8343353087013008	1978.8648468274346
2733.648260556861	902.9422938598467	1.8367872737596385	1979.8648468274346
2738.5087191119324	904.7803080992611	1.8392415984595354	1980.8648468274346
2743.3763100593715	906.6207778437764	1.841698284192313	1981.8648468274346
2748.2510408793532	908.4637054551208	1.8441573323492944	1982.8648468274346
2753.132919056224	910.3090932964137	1.8466187443218003	1983.8648468274346
2758.0219520785085	912.1569437321666	1.8490825215011542	1984.8648468274346
2762.9181474389	914.0072591282819	1.8515486652786777	1985.8648468274346
2767.8215126342693	915.8600418520538	1.854017177045693	1986.8648468274346
2772.732055165661	917.715294272167	1.8564880581935224	1987.8648468274346
2777.6497825382903	919.5730187586984	1.8589613101134876	1988.8648468274346
2782.5747022615506	921.433217683115	1.8614369341969108	1989.8648468274346
2787.506821849008	923.2958934182768	1.863914931835115	1990.8648468274346
2792.4461488184006	925.1610483384341	1.8663953044194217	1991.8648468274346
2797.392690691642	927.0286848192281	1.8688780533411529	1992.8648468274346
2802.346454994822	928.898805237693	1.8713631799916313	1993.8648468274346
2807.3074492581995	930.7714119722517	1.8738506857621784	1994.8648468274346
2812.275681016212	932.6465074027209	1.876340572044117	1995.8648468274346
2817.251157807466	934.5240939103074	1.8788328402287686	1996.8648468274346
2822.2338871747497	936.4041738776095	1.8813274917074563	1997.8648468274346
2827.2238766650153	938.2867496886174	1.8838245278715011	1998.8648468274346
2832.2211338293964	940.1718237287114	1.886323950112226	1999.8648468274346
2837.2256662231985	942.0593983846645	1.8888257598209526	2000.8648468274346
2842.2374814059017	943.9494760446399	1.8913299583890038	2001.8648468274346
2847.256586941157	945.8420590981926	1.893836547207701	2002.8648468274346
2852.2829903967927	947.7371499362695	1.8963455276683665	2003.8648468274346
2857.3166993448103	949.6347509512074	1.898856901162323	2004.8648468274346
2862.357721361385	951.5348645367355	1.9013706690808923	2005.8648468274346
2867.406064026866	953.4374930879742	1.9038868328153962	2006.8648468274346
2872.461734925775	955.3426390014351	1.9064053937571575	2007.8648468274346
2877.52474164681	957.2503046750215	1.908926353297498	2008.8648468274346
2882.5950917828413	959.1604925080268	1.9114497128277395	2009.8648468274346
2887.6727929309163	961.0732049011373	1.9139754737392052	2010.8648468274346
2892.7578526922493	962.9884442564297	1.9165036374232158	2011.8648468274346
2897.8502786722374	964.906212977372	1.9190342052710945	2012.8648468274346
2902.950078480447	966.8265134688236	1.9215671786741637	2013.8648468274346
2908.0572597306164	968.7493481370357	1.9241025590237446	2014.8648468274346
2913.171830040663	970.6747193896504	1.9266403477111602	2015.8648468274346
2918.2937970326734	972.602629635701	1.9291805461277318	2016.8648468274346
2923.423168332912	974.5330812856124	1.9317231556647825	2017.8648468274346
2928.559951571814	976.4660767512011	1.9342681777136337	2018.8648468274346
2933.7041543839932	978.4016184456743	1.9368156136656083	2019.8648468274346
2938.8557844082306	980.3397087836306	1.9393654649120275	2020.8648468274346
2944.014849287486	982.2803501810602	1.9419177328442143	2021.8648468274346
2949.1813566688925	984.2235450553444	1.9444724188534903	2022.8648468274346
2954.355314203756	986.1692958252564	1.947029524331178	2023.8648468274346
2959.536729547557	988.1176049109603	1.9495890506685993	2024.8648468274346
2964.7256103599484	990.0684747340109	1.9521509992570762	2025.8648468274346
2969.921964304764	992.0219077173555	1.9547153714879322	2026.8648468274346
2975.1257990500008	993.9779062853313	1.9572821687524875	2027.8648468274346
2980.337122267838	995.9364728636685	1.9598513924420657	2028.8648468274346
2985.5559416346223	997.8976098794876	1.962423043947988	2029.8648468274346
2990.782264830883	999.8613197613004	1.9649971246615774	2030.8648468274346
2996.0160995413153	1001.8276049390103	1.9675736359741551	2031.8648468274346
3001.257453454791	1003.7964678439122	1.970152579277044	2032.8648468274346
3006.506334264358	1005.7679109086915	1.972733955961566	2033.8648468274346
3011.7627496672358	1007.7419365674261	1.9753177674190434	2034.8648468274346
3017.0267073648183	1009.7185472555846	1.9779040150407983	2035.8648468274346
3022.298215062675	1011.6977454100263	1.9804927002181532	2036.8648468274346
3027.5772804705443	1013.679533469003	1.9830838243424291	2037.8648468274346
3032.863911302345	1015.6639138721574	1.985677388804949	2038.8648468274346
3038.158115276168	1017.6508890605227	1.9882733949970353	2039.8648468274346
3043.459900114275	1019.6404614765248	1.9908718443100097	2040.8648468274346
3048.7692735431056	1021.63263356398	1.9934727381351949	2041.8648468274346
3054.086243293271	1023.6274077680966	1.9960760778639124	2042.8648468274346
3059.410817099557	1025.624786535473	1.9986818648874844	2043.8648468274346
3064.743002700923	1027.6247723141003	2.0012901005972337	2044.8648468274346
3070.0828078405025	1029.6273675533598	2.0039007863844813	2045.8648468274346
3075.430240265605	1031.6325747040255	2.0065139236405507	2046.8648468274346
3080.7853077277105	1033.6403962182612	2.009129513756763	2047.8648468274346
3086.1480179824775	1035.6508345496227	2.0117475581244415	2048.8648468274346
3091.5183787897313	1037.6638921530575	2.0143680581349073	2049.8648468274346
3096.896397913476	1039.6795714849038	2.016991015179482	2050.8648468274346
3102.2820831218946	1041.6978750028918	2.01961643064949	2051.8648468274346
3107.6754421873325	1043.7188051661417	2.022244305936251	2052.8648468274346
3113.076482886319	1045.742364435167	2.0248746424310893	2053.8648468274346
3118.4852129995515	1047.7685552718704	2.0275074415253256	2054.8648468274346
3123.901640311904	1049.7973801395478	2.0301427046102827	2055.8648468274346
3129.3257726124248	1051.828841502885	2.0327804330772823	2056.8648468274346
3134.757617694333	1053.8629418279606	2.035420628317646	2057.8648468274346
3140.1971833550274	1055.8996835822422	2.0380632917226977	2058.8648468274346
3145.6444773960748	1057.939069234591	2.040708424683759	2059.8648468274346
3151.0995076232193	1059.9811012552582	2.0433560285921506	2060.8648468274346
3156.5622818463776	1062.025782115888	2.046006104839196	2061.8648468274346
3162.0328078796415	1064.0731142895138	2.048658654816218	2062.8648468274346
3167.511093541274	1066.123100250561	2.051313679914536	2063.8648468274346
3172.9971466537186	1068.1757424748469	2.0539711815254753	2064.8648468274346
3178.4909750435845	1070.23104343958	2.0566311610403565	2065.8648468274346
3183.9925865416626	1072.2890056233593	2.0592936198505023	2066.8648468274346
3189.5019889829105	1074.3496315061764	2.0619585593472345	2067.8648468274346
3195.019190206463	1076.4129235694131	2.0646259809218748	2068.8648468274346
3200.5441980556325	1078.4788842958433	2.0672958859657466	2069.8648468274346
3206.077020377899	1080.5475161696318	2.069968275870171	2070.8648468274346
3211.61766502492	1082.6188216763344	2.0726431520264703	2071.8648468274346
3217.1661398525275	1084.692803302899	2.0753205158259673	2072.8648468274346
3222.722452720726	1086.7694635376643	2.0780003686599837	2073.8648468274346
3228.286611493691	1088.848804870361	2.0806827119198408	2074.8648468274346
3233.85862403978	1090.9308297921098	2.0833675469968624	2075.8648468274346
3239.4384982315164	1093.0155407954244	2.086054875282369	2076.8648468274346
3245.0262419456044	1095.1029403742073	2.0887446981676843	2077.8648468274346
3250.621863062914	1097.1930310237562	2.091437017044129	2078.8648468274346
3256.225369468497	1099.2858152407568	2.0941318333030265	2079.8648468274346
3261.836769051579	1101.3812955232868	2.0968291483356998	2080.8648468274346
3267.45606970555	1103.4794743708164	2.0995289635334684	2081.8648468274346
3273.083279327984	1105.580354284206	2.102231280287656	2082.8648468274346
3278.7184058206262	1107.683937765708	2.104936099989585	2083.8648468274346
3284.361457089392	1109.7902273189652	2.1076434240305764	2084.8648468274346
3290.0124410443777	1111.8992254490126	2.1103532538019536	2085.8648468274346
3295.6713655998456	1114.0109346622762	2.1130655906950375	2086.8648468274346
3301.33823867424	1116.1253574665736	2.1157804361011516	2087.8648468274346
3307.013068190174	1118.2424963711132	2.1184977914116176	2088.8648468274346
3312.695862074434	1120.3623538864954	2.121217658017757	2089.8648468274346
3318.3866282579843	1122.4849325247114	2.1239400373108928	2090.8648468274346
3324.0853746759617	1124.6102347991432	2.126664930682347	2091.8648468274346
3329.7921092676715	1126.7382632245658	2.1293923395234406	2092.8648468274346
3335.506839976607	1128.8690203171436	2.1321222652254983	2093.8648468274346
3341.2295747504177	1131.0025085944337	2.134854709179839	2094.8648468274346
3346.960321540939	1133.1387305753844	2.1375896727777874	2095.8648468274346
3352.699088304179	1135.2776887803345	2.140327157410665	2096.8648468274346
3358.445883000313	1137.4193857310147	2.1430671644697936	2097.8648468274346
3364.2007135937006	1139.5638239505465	2.145809695346496	2098.8648468274346
3369.963588052863	1141.7110059634438	2.1485547514320924	2099.8648468274346
3375.7345143505086	1143.860934295611	2.1513023341179074	2100.8648468274346
3381.51350046351	1146.0136114743436	2.154052444795262	2101.8648468274346
3387.300554372919	1148.1690400283292	2.1568050848554785	2102.8648468274346
3393.0956840639565	1150.327222487646	2.159560255689879	2103.8648468274346
3398.8988975260236	1152.4881613837642	2.162317958689786	2104.8648468274346
3404.7102027526903	1154.6518592495445	2.1650781952465215	2105.8648468274346
3410.5296077417	1156.81831861924	2.167840966751407	2106.8648468274346
3416.3571204949776	1158.9875420284939	2.1706062745957655	2107.8648468274346
3422.1927490186144	1161.1595320143417	2.1733741201709194	2108.8648468274346
3428.036501322877	1163.3342911152101	2.1761445048681898	2109.8648468274346
3433.888385422207	1165.5118218709156	2.178917430078899	2110.8648468274346
3439.7484093352205	1167.692126822669	2.1816928971943694	2111.8648468274346
3445.616581084709	1169.8752085130695	2.1844709076059243	2112.8648468274346
3451.4929086976317	1172.0610694861098	2.187251462704884	2113.8648468274346
3457.3774002051314	1174.2497122871723	2.1900345638825724	2114.8648468274346
3463.270063642516	1176.441139463032	2.1928202125303105	2115.8648468274346
3469.170907049269	1178.6353535618537	2.1956084100394193	2116.8648468274346
3475.0799384690563	1180.8323571331948	2.1983991578012243	2117.8648468274346
3480.997165949705	1183.0321527280043	2.201192457207045	2118.8648468274346
3486.9225975432264	1185.2347428986209	2.2039883096482042	2119.8648468274346
3492.856241305797	1187.440130198776	2.2067867165160235	2120.8648468274346
3498.79810529778	1189.6483171835926	2.209587679201827	2121.8648468274346
3504.748197583695	1191.859306409583	2.2123911990969347	2122.8648468274346
3510.706526232254	1194.0731004346533	2.2151972775926705	2123.8648468274346
3516.6730993163264	1196.289701818099	2.2180059160803545	2124.8648468274346
3522.6479249129707	1198.5091131206082	2.220817115951311	2125.8648468274346
3528.6310111034063	1200.7313369042597	2.2236308785968606	2126.8648468274346
3534.6223659730344	1202.9563757325236	2.226447205408326	2127.8648468274346
3540.621997611426	1205.184232170262	2.229266097777029	2128.8648468274346
3546.629914112332	1207.4149087837272	2.232087557094293	2129.8648468274346
3552.6461235736706	1209.6484081405638	2.234911584751439	2130.8648468274346
3558.670634097537	1211.884732809807	2.2377381821397897	2131.8648468274346
3564.7034537902023	1214.1238853618843	2.240567350650667	2132.8648468274346
3570.744590762104	1216.365868368613	2.2433990916753928	2133.8648468274346
3576.794053127865	1218.6106844032033	2.2462334066052896	2134.8648468274346
3582.851849006271	1220.8583360402558	2.249070296831679	2135.8648468274346
3588.9179865202914	1223.108825855763	2.2519097637458847	2136.8648468274346
3594.9924737970605	1225.3621564271075	2.254751808739227	2137.8648468274346
3601.0753189678953	1227.6183303330647	2.2575964332030294	2138.8648468274346
3607.166530168278	1229.8773501538008	2.2604436385286126	2139.8648468274346
3613.266115537871	1232.1392184708732	2.2632934261073	2140.8648468274346
3619.3740832205117	1234.4039378672303	2.266145797330414	2141.8648468274346
3625.490441364205	1236.6715109272131	2.269000753589276	2142.8648468274346
3631.6151981211337	1238.9419402365515	2.271858296275208	2143.8648468274346
3637.7483616476566	1241.2152283823684	2.2747184267795326	2144.8648468274346
3643.8899401043027	1243.4913779531798	2.2775811464935725	2145.8648468274346
3650.039941655775	1245.7703915388897	2.280446456808648	2146.8648468274346
3656.1983744709532	1248.052271730795	2.2833143591160834	2147.8648468274346
3662.3652467228903	1250.337021121583	2.2861848548071992	2148.8648468274346
3668.540566588811	1252.624642305334	2.289057945273319	2149.8648468274346
3674.7243422501183	1254.9151378775186	2.2919336319057644	2150.8648468274346
3680.9165818923825	1257.208510434998	2.294811916095856	2151.8648468274346
3687.117293705356	1259.5047625760267	2.297692799234919	2152.8648468274346
3693.326485882958	1261.8038969002484	2.300576282714273	2153.8648468274346
3699.5441666232846	1264.1059160086995	2.303462367925241	2154.8648468274346
3705.770344128607	1266.4108225038067	2.306351056259145	2155.8648468274346
3712.0050266053704	1268.718618989389	2.309242349107308	2156.8648468274346
3718.248222264191	1271.0293080706565	2.3121362478610514	2157.8648468274346
3724.4999393198614	1273.34289235421	2.315032753911698	2158.8648468274346
3730.7601859913484	1275.6593744480424	2.317931868650569	2159.8648468274346
3737.028970501789	1277.9787569615378	2.3208335934689868	2160.8648468274346
3743.306301078497	1280.3010425054704	2.3237379297582725	2161.8648468274346
3749.592185952968	1282.6262336920079	2.3266448789097516	2162.8648468274346
3755.8866333608557	1284.9543331347074	2.329554442314744	2163.8648468274346
3762.189651541997	1287.2853434485191	2.332466621364571	2164.8648468274346
3768.501248740403	1289.6192672497823	2.335381417450556	2165.8648468274346
3774.821433204259	1291.9561071562293	2.338298831964021	2166.8648468274346
3781.1502131859197	1294.2958657869835	2.3412188662962885	2167.8648468274346
3787.487596941918	1296.6385457625586	2.3441415218386794	2168.8648468274346
3793.833592732961	1298.9841497048612	2.3470667999825174	2169.8648468274346
3800.188208823927	1301.3326802371882	2.349994702119124	2170.8648468274346
3806.5514534838676	1303.6841399842278	2.352925229639821	2171.8648468274346
3812.9233349860147	1306.0385315720596	2.355858383935931	2172.8648468274346
3819.3038616077656	1308.3958576281552	2.358794166398776	2173.8648468274346
3825.6930416306986	1310.7561207813765	2.3617325784196783	2174.8648468274346
3832.090883340562	1313.1193236619777	2.3646736213899597	2175.8648468274346
3838.497395027278	1315.4854689016038	2.3676172967009426	2176.8648468274346
3844.9125849849465	1317.8545591332897	2.370563605743949	2177.8648468274346
3851.3364615118385	1320.2265969914652	2.373512549910302	2178.8648468274346
3857.769032910396	1322.6015851119487	2.376464130591322	2179.8648468274346
3864.210307487241	1324.97952613195	2.3794183491783327	2180.8648468274346
3870.6602935531673	1327.3604226900711	2.382375207062655	2181.8648468274346
3877.1189994231404	1329.744277426305	2.3853347056356125	2182.8648468274346
3883.5864334162998	1332.1310929820359	2.388296846288526	2183.8648468274346
3890.0626038559667	1334.5208720000392	2.3912616304127186	2184.8648468274346
3896.547519069625	1336.913617124482	2.394229059399512	2185.8648468274346
3903.041187388939	1339.309331000923	2.397199134640229	2186.8648468274346
3909.5436171497468	1341.708016276311	2.4001718575261903	2187.8648468274346
3916.054816692059	1344.1096755989875	2.40314722944872	2188.8648468274346
3922.574794360059	1346.5143116186846	2.4061252517991387	2189.8648468274346
3929.1035585021064	1348.9219269865257	2.409105925968769	2190.8648468274346
3935.6411174707346	1351.3325243550257	2.412089253348933	2191.8648468274346
3942.1874796226502	1353.7461063780906	2.4150752353309533	2192.8648468274346
3948.742653318736	1356.162675711019	2.418063873306152	2193.8648468274346
3955.306646924042	1358.5822350104972	2.42105516866585	2194.8648468274346
3961.879468807801	1361.0047869346085	2.424049122801371	2195.8648468274346
3968.4611273434143	1363.4303341428226	2.4270457371040366	2196.8648468274346
3975.0516309084605	1365.858879296003	2.430045012965169	2197.8648468274346
3981.6509878846873	1368.2904250564031	2.433046951776091	2198.8648468274346
3988.25920665802	1370.724974087669	2.436051554928123	2199.8648468274346
3994.8762956185597	1373.1625290548368	2.439058823812589	2200.8648468274346
4001.5022631605757	1375.6030926243352	2.44206875982081	2201.8648468274346
4008.1371176825164	1378.0466674639833	2.4450813643441087	2202.8648468274346
4014.7808675870033	1380.4932562429922	2.4480966387738077	2203.8648468274346
4021.433521280827	1382.9428616319638	2.4511145845012274	2204.8648468274346
4028.095087174958	1385.3954863028912	2.4541352029176915	2205.8648468274346
4034.76557368454	1387.8511329291596	2.4571584954145225	2206.8648468274346
4041.4449892288876	1390.3098041855442	2.460184463383041	2207.8648468274346
4048.133342231493	1392.7715027482132	2.4632131082145707	2208.8648468274346
4054.8306411200183	1395.2362312947248	2.4662444313004324	2209.8648468274346
4061.5368943263034	1397.7039925040294	2.469278434031949	2210.8648468274346
4068.252110286359	1400.174789056467	2.4723151178004428	2211.8648468274346
4074.9762974403748	1402.6486236337726	2.475354483997236	2212.8648468274346
4081.7094642327065	1405.1254989190684	2.4783965340136502	2213.8648468274346
4088.4516191118882	1407.60541759687	2.4814412692410075	2214.8648468274346
4095.202770530631	1410.0883823530846	2.4844886910706308	2215.8648468274346
4101.962926945817	1412.5743958750095	2.4875388008938417	2216.8648468274346
4108.732096818501	1415.0634608513342	2.490591600101963	2217.8648468274346
4115.510288613911	1417.5555799721387	2.4936470900863155	2218.8648468274346
4122.297510801454	1420.0507559288958	2.4967052722382226	2219.8648468274346
4129.0937718547075	1422.5489914144682	2.499766147949006	2220.8648468274346
4135.899080251422	1425.0502891231108	2.502829718609988	2221.8648468274346
4142.713444473524	1427.5546517504686	2.505895985612491	2222.8648468274346
4149.536873007114	1430.0620819935798	2.5089649503478366	2223.8648468274346
4156.369374342464	1432.5725825508725	2.512036614207347	2224.8648468274346
4163.210956974024	1435.0861561221664	2.515110978582345	2225.8648468274346
4170.061629400414	1437.6028054086728	2.518188044864152	2226.8648468274346
4176.921400124431	1440.1225331129942	2.5212678144440908	2227.8648468274346
4183.79027765304	1442.645341939124	2.5243502887134817	2228.8648468274346
4190.668270497395	1445.1712345924473	2.5274354690636507	2229.8648468274346
4197.5553871728025	1447.700213779742	2.530523356885916	2230.8648468274346
4204.451636198759	1450.2322822091742	2.5336139535716016	2231.8648468274346
4211.357026098931	1452.7674425903033	2.5367072605120295	2232.8648468274346
4218.271565401155	1455.3056976340804	2.539803279098522	2233.8648468274346
4225.195262637449	1457.8470500528465	2.5429020107224014	2234.8648468274346
4232.128126343995	1460.3915025603346	2.546003456774989	2235.8648468274346
4239.070165061158	1462.9390578716695	2.549107618647608	2236.8648468274346
4246.0213873334715	1465.489718703367	2.5522144977315793	2237.8648468274346
4252.981801709648	1468.0434877733337	2.5553240954182272	2238.8648468274346
4259.951416742566	1470.6003678008683	2.558436413098871	2239.8648468274346
4266.930240989286	1473.1603615066601	2.561551452164835	2240.8648468274346
4273.918283011037	1475.72347161279	2.5646692140074405	2241.8648468274346
4280.915551373225	1478.2897008427312	2.567789700018009	2242.8648468274346
4287.922054645432	1480.859051921346	2.5709129115878646	2243.8648468274346
4294.9378014014055	1483.4315275748907	2.5740388501083276	2244.8648468274346
4301.962800219078	1486.0071305310096	2.577167516970721	2245.8648468274346
4308.997059680549	1488.5858635187424	2.580298913566367	2246.8648468274346
4316.040588372092	1491.1677292685172	2.583433041286588	2247.8648468274346
4323.0933948841575	1493.752730512154	2.5865699015227053	2248.8648468274346
4330.155487811366	1496.3408699828651	2.589709495666041	2249.8648468274346
4337.226875752518	1498.9321504152526	2.5928518251079185	2250.8648468274346
4344.307567310581	1501.5265745453107	2.5959968912396594	2251.8648468274346
4351.397571092702	1504.1241451104254	2.599144695452585	2252.8648468274346
4358.496895710198	1506.7248648493737	2.6022952391380185	2253.8648468274346
4365.6055497785665	1509.328736502323	2.605448523687282	2254.8648468274346
4372.723541917467	1511.9357628108328	2.6086045504916964	2255.8648468274346
4379.850880750745	1514.545946517855	2.6117633209425857	2256.8648468274346
4386.987574906414	1517.159290367731	2.6149248364312707	2257.8648468274346
4394.133633016665	1519.7757971061942	2.6180890983490746	2258.8648468274346
4401.289063717853	1522.3954694803695	2.6212561080873176	2259.8648468274346
4408.453875650524	1525.0183102387732	2.624425867037324	2260.8648468274346
4415.628077459383	1527.6443221313116	2.627598376590415	2261.8648468274346
4422.811677793317	1530.273507909285	2.6307736381379137	2262.8648468274346
4430.004685305385	1532.9058703253822	2.633951653071141	2263.8648468274346
4437.207108652815	1535.5414121336858	2.6371324227814195	2264.8648468274346
4444.4189564970175	1538.180136089668	2.6403159486600716	2265.8648468274346
4451.640237503572	1540.8220449501928	2.6435022320984194	2266.8648468274346
4458.870960342233	1543.4671414735153	2.646691274487785	2267.8648468274346
4466.111133686925	1546.1154284192826	2.6498830772194895	2268.8648468274346
4473.360766215756	1548.7669085485322	2.653077641684857	2269.8648468274346
4480.6198666109985	1551.421584623694	2.6562749692752075	2270.8648468274346
4487.888443559105	1554.0794594085883	2.659475061381866	2271.8648468274346
4495.1665057507	1556.740535668427	2.6626779193961516	2272.8648468274346
4502.454061880579	1559.4048161698136	2.665883544709389	2273.8648468274346
4509.751120647714	1562.0723036807428	2.669091938712898	2274.8648468274346
4517.057690755256	1564.7430009706	2.672303102798003	2275.8648468274346
4524.373780910519	1567.4169108101628	2.6755170383560247	2276.8648468274346
4531.699399824999	1570.0940359716005	2.6787337467782857	2277.8648468274346
4539.034556214366	1572.774379228471	2.681953229456108	2278.8648468274346
4546.379258798459	1575.4579433557274	2.685175487780814	2279.8648468274346
4553.733516301298	1578.144731129712	2.688400523143726	2280.8648468274346
4561.097337451067	1580.834745328158	2.691628336936165	2281.8648468274346
4568.470730980134	1583.5279887301913	2.6948589305494552	2282.8648468274346
4575.853705625036	1586.224464116328	2.6980923053749173	2283.8648468274346
4583.246270126485	1588.9241742684758	2.7013284628038736	2284.8648468274346
4590.648433229368	1591.6271219699338	2.7045674042276464	2285.8648468274346
4598.06020368274	1594.3333100053935	2.707809131037558	2286.8648468274346
4605.4815902398395	1597.042741160935	2.71105364462493	2287.8648468274346
4612.912601658072	1599.755418224033	2.714300946381086	2288.8648468274346
4620.353246699019	1602.4713439835507	2.7175510376973464	2289.8648468274346
4627.803534128437	1605.1905212297452	2.7208039199650345	2290.8648468274346
4635.263472716256	1607.9129527542618	2.724059594575472	2291.8648468274346
4642.7330712365765	1610.6386413501405	2.7273180629199807	2292.8648468274346
4650.212338467679	1613.3675898118104	2.730579326389883	2293.8648468274346
4657.701283192013	1616.0998009350928	2.7338433863765017	2294.8648468274346
4665.199914196206	1618.8352775171988	2.7371102442711583	2295.8648468274346
4672.708240271057	1621.574022356734	2.7403799014651753	2296.8648468274346
4680.226270211538	1624.3160382536926	2.743652359349875	2297.8648468274346
4687.754012816795	1627.0613280094612	2.746927619316579	2298.8648468274346
4695.291476890154	1629.8098944268168	2.7502056827566097	2299.8648468274346
4702.838671239107	1632.561740309929	2.7534865510612896	2300.8648468274346
4710.395604675321	1635.316868464358	2.75677022562194	2301.8648468274346
4717.962286014642	1638.0752816970555	2.7600567078298837	2302.8648468274346
4725.538724077089	1640.8369828163643	2.763345999076443	2303.8648468274346
4733.124927686851	1643.6019746320187	2.7666381007529397	2304.8648468274346
4740.720905672292	1646.3702599551443	2.769933014250696	2305.8648468274346
4748.326666865952	1649.141841598258	2.773230740961034	2306.8648468274346
4755.942220104544	1651.9167223752675	2.7765312822752763	2307.8648468274346
4763.567574228954	1654.6949051014735	2.7798346395847444	2308.8648468274346
4771.2027380842455	1657.4763925935658	2.783140814280761	2309.8648468274346
4778.847720519652	1660.2611876696274	2.7864498077546482	2310.8648468274346
4786.5025303885795	1663.0492931491317	2.789761621397727	2311.8648468274346
4794.167176548617	1665.8407118529426	2.793076256601321	2312.8648468274346
4801.841667861516	1668.6354466033176	2.7963937147567526	2313.8648468274346
4809.526013193209	1671.4335002239036	2.799713997255343	2314.8648468274346
4817.220221413802	1674.2348755397402	2.8030371054884142	2315.8648468274346
4824.924301397572	1677.0395753772561	2.8063630408472893	2316.8648468274346
4832.638262022972	1679.8476025642733	2.8096918047232897	2317.8648468274346
4840.362112172628	1682.6589599300053	2.8130233985077373	2318.8648468274346
4848.095860733343	1685.4736503050556	2.8163578235919555	2319.8648468274346
4855.839516596088	1688.29167652142	2.819695081367265	2320.8648468274346
4863.593088656015	1691.1130414124846	2.82303517322499	2321.8648468274346
4871.3565858124475	1693.9377478130277	2.8263781005564503	2322.8648468274346
4879.130016968877	1696.7657985592195	2.829723864752969	2323.8648468274346
4886.913391032975	1699.5971964886194	2.8330724672058683	2324.8648468274346
4894.7067169165875	1702.4319444401804	2.836423909306471	2325.8648468274346
4902.510003535732	1705.2700452542454	2.839778192446097	2326.8648468274346
4910.323259810604	1708.1115017725492	2.843135318016072	2327.8648468274346
4918.146494665565	1710.9563168382174	2.846495287407715	2328.8648468274346
4925.979717029159	1713.8044932957682	2.84985810201235	2329.8648468274346
4933.822935834098	1716.6560339911102	2.8532237632212984	2330.8648468274346
4941.676160017271	1719.5109417715432	2.856592272425883	2331.8648468274346
4949.539398519742	1722.3692194857579	2.8599636310174255	2332.8648468274346
4957.412660286743	1725.2308699838375	2.8633378403872474	2333.8648468274346
4965.295954267687	1728.0958961172553	2.866714901926672	2334.8648468274346