9.742712e-8	7.78799e-13	1.047129e-10	930.428808666363
9.969651e-8	8.092866e-13	1.0715190000000001e-10	930.4297850677403
1.020188e-7	8.409501e-13	1.096478e-10	930.4303501766565
1.043951e-7	8.73834e-13	1.1220180000000002e-10	930.4304728979391
1.068268e-7	9.079846e-13	1.148154e-10	930.4301338026083
1.093151e-7	9.434498e-13	1.174898e-10	930.4300752048265
1.118614e-7	9.802794e-13	1.202264e-10	930.4310890070733
1.14467e-7	1.018525e-12	1.230269e-10	930.4308124889759
1.171333e-7	1.05824e-12	1.258925e-10	930.4315844073315
1.198618e-7	1.09948e-12	1.28825e-10	930.4319773335923
1.226537e-7	1.142303e-12	1.318257e-10	930.4319438698221
1.255107e-7	1.186768e-12	1.348963e-10	930.4323896800727
1.284343e-7	1.232937e-12	1.380384e-10	930.4333644623524
1.314259e-7	1.280874e-12	1.412538e-10	930.4328865772108
1.344873e-7	1.330647e-12	1.4454399999999998e-10	930.4338516091987
1.376199e-7	1.382322e-12	1.479108e-10	930.4343044726957
1.408255e-7	1.435974e-12	1.513561e-10	930.4344917317505
1.441058e-7	1.491674e-12	1.548817e-10	930.4345941063405
1.474625e-7	1.549501e-12	1.584893e-10	930.435363781656
1.508974e-7	1.609534e-12	1.62181e-10	930.4358065001448
1.544122e-7	1.671855e-12	1.6595870000000001e-10	930.4355351964074
1.58009e-7	1.736551e-12	1.698244e-10	930.4360065514733
1.616896e-7	1.80371e-12	1.737801e-10	930.43682049901
1.654558e-7	1.873423e-12	1.7782789999999997e-10	930.4370878979058
1.693098e-7	1.945787e-12	1.8197010000000002e-10	930.4371750468895
1.732536e-7	2.0209e-12	1.862087e-10	930.4378415186832
1.772893e-7	2.098865e-12	1.905461e-10	930.4383499058758
1.814189e-7	2.179788e-12	1.9498450000000002e-10	930.4384696629733
1.856447e-7	2.263778e-12	1.9952619999999999e-10	930.4390289495815
1.89969e-7	2.350951e-12	2.041738e-10	930.4394146114731
1.94394e-7	2.441423e-12	2.089296e-10	930.4399253289146
1.989221e-7	2.535318e-12	2.1379620000000003e-10	930.4404630110357
2.035557e-7	2.632763e-12	2.187762e-10	930.4409381047847
2.082971e-7	2.733888e-12	2.238721e-10	930.441238046188
2.131491e-7	2.838831e-12	2.290868e-10	930.4418186949225
2.18114e-7	2.947732e-12	2.344229e-10	930.4421527589667
2.231946e-7	3.060738e-12	2.398833e-10	930.4426808285529
2.2839360000000003e-7	3.178e-12	2.454709e-10	930.4433967529349
2.337136e-7	3.299676e-12	2.511886e-10	930.443896243699
2.391576e-7	3.425927e-12	2.570396e-10	930.4442814531302
2.447283e-7	3.556923e-12	2.630268e-10	930.4445665726839
2.504289e-7	3.692838e-12	2.691535e-10	930.4452397535234
2.562622e-7	3.833852e-12	2.754229e-10	930.445630526728
2.622314e-7	3.980154e-12	2.818383e-10	930.4462174019641
2.683397e-7	4.131936e-12	2.884032e-10	930.4467909371325
2.745902e-7	4.289401e-12	2.951209e-10	930.4474518781965
2.809863e-7	4.452756e-12	3.019952e-10	930.4477447191213
2.875314e-7	4.622216e-12	3.090295e-10	930.448459503057
2.94229e-7	4.798006e-12	3.162278e-10	930.4488663109314
3.010826e-7	4.980355e-12	3.2359370000000006e-10	930.4494505146422
3.080958e-7	5.169504e-12	3.3113109999999996e-10	930.4501132753766
3.152724e-7	5.3657e-12	3.3884420000000004e-10	930.4505306568625
3.226162e-7	5.5692e-12	3.4673690000000003e-10	930.4512130090568
3.30131e-7	5.780271e-12	3.548134e-10	930.4518382648456
3.378209e-7	5.999186e-12	3.6307810000000007e-10	930.4524265881088
3.456899e-7	6.226231e-12	3.715352e-10	930.4532282028728
3.537422e-7	6.461702e-12	3.801894e-10	930.4537730457502
3.619821e-7	6.705902e-12	3.890451e-10	930.4546077100059
3.704139e-7	6.95915e-12	3.9810719999999997e-10	930.4550612247153
3.790421e-7	7.221772e-12	4.0738029999999993e-10	930.4556989427324
3.878713e-7	7.494107e-12	4.168694e-10	930.456382999088
3.969062e-7	7.776505e-12	4.265795e-10	930.4572219363565
4.061515e-7	8.069331e-12	4.365158e-10	930.4578879641928
4.156121e-7	8.372959e-12	4.466836e-10	930.4583220852522
4.252932e-7	8.68778e-12	4.570882e-10	930.4591275381862
4.351997e-7	9.014195e-12	4.677351000000001e-10	930.459814102042
4.453371e-7	9.352621e-12	4.786301e-10	930.4606054257767
4.557105e-7	9.703489e-12	4.897788e-10	930.4612684113728
4.6632559999999994e-7	1.006725e-11	5.011871999999999e-10	930.4620454193562
4.77188e-7	1.044435e-11	5.128614e-10	930.4627806849962
4.883034e-7	1.083529e-11	5.248075e-10	930.4635228917269
4.996777e-7	1.124055e-11	5.370318e-10	930.4643422419305
5.113169e-7	1.166065e-11	5.495409e-10	930.4649765831806
5.232273e-7	1.209611e-11	5.623413e-10	930.465886304278
5.354151e-7	1.254748e-11	5.754399000000001e-10	930.4666698989764
5.478868e-7	1.301533e-11	5.888436999999999e-10	930.4673130238125
5.606491e-7	1.350025e-11	6.025595999999999e-10	930.4682893609197
5.737086e-7	1.400285e-11	6.16595e-10	930.469113194236
5.870723e-7	1.452374e-11	6.309573e-10	930.4699759238857
6.007473e-7	1.506358e-11	6.456542e-10	930.4707745725187
6.147409e-7	1.562305e-11	6.606934000000001e-10	930.4717181222031
6.290604e-7	1.620283e-11	6.760829999999999e-10	930.4724461789453
6.437135e-7	1.680365e-11	6.918309999999999e-10	930.4733434176845
6.587079e-7	1.742624e-11	7.079458e-10	930.4742343834796
6.740516e-7	1.807139e-11	7.244359999999999e-10	930.4751163525833
6.897527e-7	1.873987e-11	7.413102e-10	930.4761216964235
7.058195e-7	1.943253e-11	7.585775999999999e-10	930.4768985137447
7.222606e-7	2.01502e-11	7.762471000000001e-10	930.4778725743387
7.390847e-7	2.089377e-11	7.943281999999999e-10	930.4788546724138
7.563007e-7	2.166414e-11	8.128305e-10	930.4798037721271
7.739177e-7	2.246226e-11	8.317638000000001e-10	930.4806992802523
7.919451e-7	2.32891e-11	8.51138e-10	930.4817657066186
8.103925e-7	2.414567e-11	8.709636e-10	930.482795917074
8.292695e-7	2.5033e-11	8.912509e-10	930.4838098901218
8.485863e-7	2.595218e-11	9.120107999999999e-10	930.4848716484498
8.68353e-7	2.690431e-11	9.332542999999998e-10	930.4858325431771
8.885802e-7	2.789054e-11	9.549926e-10	930.486886013567
9.092785e-7	2.891207e-11	9.772372e-10	930.4879225535009
9.304590000000001e-7	2.997011e-11	1.0000000000000003e-9	930.48897011
9.521329e-7	3.106595e-11	1.023293e-9	930.4900609600573
9.743117e-7	3.220089e-11	1.047129e-9	930.4907999778443
9.970071e-7	3.33763e-11	1.071519e-9	930.4925776397806
1.020231e-6	3.459357e-11	1.096478e-9	930.4934468087824
1.043996e-6	3.585415e-11	1.122018e-9	930.4947462072801
1.068315e-6	3.715955e-11	1.148154e-9	930.4955254695799
1.0932e-6	3.851132e-11	1.174898e-9	930.4965293327591
1.118665e-6	3.991105e-11	1.202264e-9	930.4985519403393
1.144723e-6	4.13604e-11	1.230269e-9	930.4992326068526
1.171388e-6	4.286109e-11	1.2589250000000002e-9	930.5009123577655
1.198674e-6	4.441488e-11	1.28825e-9	930.5013893887057
1.226596e-6	4.60236e-11	1.3182569999999998e-9	930.5029471491522
1.255168e-6	4.768913e-11	1.348963e-9	930.5041644062884
1.284406e-6	4.941343e-11	1.380384e-9	930.5058689683452
1.314324e-6	5.119851e-11	1.412538e-9	930.5060809054341
1.34494e-6	5.304646e-11	1.4454400000000001e-9	930.5076976284039
1.376269e-6	5.495944e-11	1.479108e-9	930.5094417987057
1.408328e-6	5.693966e-11	1.513561e-9	930.51085464015
1.441133e-6	5.898942e-11	1.548817e-9	930.5114738668287
1.474703e-6	6.11111e-11	1.584893e-9	930.5133602710088
1.509055e-6	6.330715e-11	1.62181e-9	930.5148612661162
1.544207e-6	6.558011e-11	1.659587e-9	930.5161947580934
1.580177e-6	6.79326e-11	1.6982440000000002e-9	930.5170120430279
1.616986e-6	7.036732e-11	1.7378010000000003e-9	930.5187229838168
1.654652e-6	7.288706e-11	1.778279e-9	930.520400375869
1.693196e-6	7.549472e-11	1.819701e-9	930.5218245854677
1.732637e-6	7.819327e-11	1.8620869999999998e-9	930.523221133062
1.772997e-6	8.098581e-11	1.905461e-9	930.5244168261643
1.814298e-6	8.38755e-11	1.949845e-9	930.5262087499264
1.85656e-6	8.686564e-11	1.995262e-9	930.5278533044784
1.8998069999999998e-6	8.995962e-11	2.041738e-9	930.5292645873271
1.944061e-6	9.316096e-11	2.089296e-9	930.5307438295005
1.989346e-6	9.647326e-11	2.1379620000000006e-9	930.5321952682041
2.035687e-6	9.990029e-11	2.187762e-9	930.5339887474048
2.083106e-6	1.034459e-10	2.238721e-9	930.5355360940467
2.13163e-6	1.071141e-10	2.290868e-9	930.536859434939
2.181285e-6	1.109089e-10	2.344229e-9	930.5387438257952
2.232096e-6	1.148347e-10	2.398833e-9	930.5403230237371
2.284091e-6	1.188959e-10	2.454709e-9	930.5420299921495
2.337297e-6	1.230969e-10	2.511886e-9	930.5438610271327
2.391743e-6	1.274425e-10	2.5703959999999997e-9	930.545504467016
2.447457e-6	1.319375e-10	2.630268e-9	930.5473577217227
2.504468e-6	1.365869e-10	2.691535e-9	930.5487712030496
2.562808e-6	1.413959e-10	2.754229e-9	930.5505809066713
2.622507e-6	1.463698e-10	2.818383e-9	930.5525082290093
2.683597e-6	1.515141e-10	2.8840319999999994e-9	930.5543468657769
2.746109e-6	1.568345e-10	2.9512089999999995e-9	930.5562006960538
2.810078e-6	1.623369e-10	3.019952e-9	930.5579482389123
2.875537e-6	1.680272e-10	3.0902949999999996e-9	930.5600362424946
2.942521e-6	1.739118e-10	3.162278e-9	930.5617380255626
3.011065e-6	1.799971e-10	3.235937e-9	930.5635422135845
3.081206e-6	1.862899e-10	3.311311e-9	930.5656550834398
3.152981e-6	1.927969e-10	3.388442e-9	930.5674398145223
3.226428e-6	1.995252e-10	3.467369e-9	930.5694101781495
3.301586e-6	2.064823e-10	3.548134e-9	930.5715292319851
3.378494e-6	2.136757e-10	3.630781e-9	930.5732501354393
3.457195e-6	2.211132e-10	3.7153519999999994e-9	930.575652912564
3.537728e-6	2.288028e-10	3.801894e-9	930.5774445052913
3.620138e-6	2.36753e-10	3.890451e-9	930.579707339843
3.704468e-6	2.449722e-10	3.981072e-9	930.5817559190086
3.790762e-6	2.534695e-10	4.073803e-9	930.5838965458075
3.879066e-6	2.622538e-10	4.168694e-9	930.5859949902775
3.969427e-6	2.713348e-10	4.265795000000001e-9	930.5881634724594
4.061893e-6	2.807222e-10	4.365158e-9	930.5903067426196
4.156514e-6	2.90426e-10	4.466836e-9	930.5925773858721
4.253338e-6	3.004567e-10	4.570882e-9	930.5946766291495
4.352418e-6	3.108249e-10	4.677351e-9	930.5970034962097
4.453806e-6	3.215419e-10	4.786301e-9	930.599129035136
4.538835e-6	3.306119e-10	4.877671e-9	930.6010208355586
4.675023e-6	3.30612e-10	5.024015000107458e-9	930.601045558184
4.772363e-6	3.407815e-10	5.128614e-9	930.6030404120879
4.883534e-6	3.525066e-10	5.248075000000001e-9	930.6053184453347
4.997294e-6	3.646249e-10	5.370318e-9	930.6075775959636
5.113705e-6	3.771492e-10	5.4954089999999994e-9	930.6099235197962
5.232827e-6	3.900928e-10	5.623413e-9	930.6122621262211
5.354725e-6	4.034695e-10	5.754399e-9	930.6147296181581
5.479462e-6	4.172934e-10	5.888437e-9	930.6169520706429
5.607105e-6	4.31579e-10	6.025596000000001e-9	930.6194074411893
5.737721e-6	4.463415e-10	6.16595e-9	930.6217762875144
5.871381e-6	4.615965e-10	6.309573e-9	930.6244014452324
6.008154e-6	4.773598e-10	6.456542e-9	930.6268525473853
6.148113e-6	4.936482e-10	6.606933999999999e-9	930.6293430810722
6.291332e-6	5.104787e-10	6.76083e-9	930.631664854759
6.437888e-6	5.278688e-10	6.918310000000001e-9	930.634196617382
6.587859e-6	5.458369e-10	7.079458e-9	930.6368986015597
6.741322e-6	5.644017e-10	7.24436e-9	930.6393389754237
6.898361e-6	5.835826e-10	7.413102e-9	930.642068947655
7.059059e-6	6.033995e-10	7.585776e-9	930.6447223725035
7.2235e-6	6.238732e-10	7.762471e-9	930.6474540387977
7.391771e-6	6.450248e-10	7.943282e-9	930.6500795011433
7.563963e-6	6.668763e-10	8.128305e-9	930.6528084637573
7.740166e-6	6.894505e-10	8.317637999999998e-9	930.6554878320024
7.920474e-6	7.127707e-10	8.51138e-9	930.6583386830338
8.104983e-6	7.36861e-10	8.709636e-9	930.6611505922866
8.293789e-6	7.617464e-10	8.912509e-9	930.6639405805929
8.486994e-6	7.874525e-10	9.120108e-9	930.6667697904454
8.684701e-6	8.140058e-10	9.332543e-9	930.669701259346
8.887013e-6	8.414337e-10	9.549926e-9	930.6725972222193
9.094038e-6	8.697645e-10	9.772371999999998e-9	930.6755580426126
9.305886e-6	8.990271e-10	1.e-8	930.67850271
9.522669e-6	9.292518e-10	1.023293e-8	930.6814618882372
9.744502e-6	9.604694e-10	1.047129e-8	930.6840388720016
9.971504e-6	9.927119e-10	1.071519e-8	930.6878097261924
0.00001020379	1.026012e-9	1.0964780000000002e-8	930.6904481439664
0.00001044149	1.060405e-9	1.1220179999999998e-8	930.6936613316362
0.00001068473	1.095924e-9	1.148154e-8	930.6962240256969
0.00001093364	1.132607e-9	1.174898e-8	930.6997379346973
0.00001118834	1.170491e-9	1.202264e-8	930.7032807270284
0.00001144898	1.209614e-9	1.230269e-8	930.7061800305462
0.00001171569	1.250016e-9	1.258925e-8	930.7099323629286
0.00001198861	1.291738e-9	1.28825e-8	930.7123413933631
0.00001226789	1.334822e-9	1.318257e-8	930.7156967116427
0.00001255368	1.379313e-9	1.3489630000000002e-8	930.7193238806401
0.00001284613	1.425255e-9	1.3803840000000001e-8	930.7232809855808
0.00001314539	1.472695e-9	1.4125379999999998e-8	930.7263022304534
0.00001345162	1.52168e-9	1.44544e-8	930.729859419969
0.00001376498	1.57226e-9	1.479108e-8	930.733405539014
0.00001408565	1.624487e-9	1.513561e-8	930.7371481559052
0.00001441378	1.678413e-9	1.548817e-8	930.7399397733883
0.00001474956	1.734091e-9	1.584893e-8	930.7438477550221
0.00001509316	1.791579e-9	1.6218099999999996e-8	930.7472255689632
0.00001544477	1.850934e-9	1.6595870000000003e-8	930.7508997117957
0.00001580457	1.912216e-9	1.6982440000000004e-8	930.7544861633544
0.00001617275	1.975486e-9	1.737801e-8	930.7582102899008
0.00001654951	2.040808e-9	1.778279e-8	930.7623161494905
0.00001693504	2.108247e-9	1.819701e-8	930.7654525111543
0.00001732956	2.17787e-9	1.8620870000000003e-8	930.7695005657631
0.00001773327	2.249748e-9	1.9054609999999996e-8	930.7731697473735
0.00001814639	2.323952e-9	1.949845e-8	930.7772644492253
0.00001856912	2.400556e-9	1.995262e-8	930.7810481029559
0.00001900171	2.479638e-9	2.041738e-8	930.7849311713843
0.00001944438	2.561274e-9	2.089296e-8	930.7891880327153
0.00001989735	2.645548e-9	2.137962e-8	930.7927618919325
0.00002036089	2.732543e-9	2.187762e-8	930.7969762250191
0.00002083522	2.822346e-9	2.238721e-8	930.801218463578
0.0000213206	2.915045e-9	2.290868e-8	930.8050505310651
0.00002181729	3.010733e-9	2.344229e-8	930.8092653490764
0.00002232555	3.109505e-9	2.398833e-8	930.8134207341653
0.00002284565	3.211459e-9	2.4547090000000004e-8	930.8175208955521
0.00002337787	3.316696e-9	2.5118860000000003e-8	930.8219678759307
0.00002392249	3.42532e-9	2.5703959999999997e-8	930.8260408123884
0.0000244798	3.53744e-9	2.6302680000000005e-8	930.8305252544607
0.00002505009	3.653165e-9	2.691535e-8	930.8347528454952
0.00002563367	3.77261e-9	2.754229e-8	930.8391789498985
0.00002623084	3.895894e-9	2.8183830000000005e-8	930.8435331181034
0.00002684193	4.023137e-9	2.8840320000000005e-8	930.8479634414597
0.00002746725	4.154466e-9	2.9512090000000002e-8	930.852557917789
0.00002810714	4.29001e-9	3.019952e-8	930.8568483869942
0.00002876195	4.429903e-9	3.090295e-8	930.8619372260578
0.000029432	4.574283e-9	3.162278e-8	930.8661124354026
0.00003011767	4.723291e-9	3.235937e-8	930.8708201364859
0.00003081931	4.877074e-9	3.311311e-8	930.8756282330471
0.0000315373	5.035783e-9	3.388442e-8	930.8802034386305
0.00003227202	5.199575e-9	3.4673690000000004e-8	930.8850478561699
0.00003302385	5.36861e-9	3.548134e-8	930.8898313874276
0.00003379321	5.543054e-9	3.630781000000001e-8	930.8948420188383
0.00003458048	5.723078e-9	3.715352e-8	930.8997661056071
0.0000353861	5.908859e-9	3.801894e-8	930.9046716978434
0.00003621049	6.100579e-9	3.890451e-8	930.9098245678972
0.00003705408	6.298425e-9	3.981072e-8	930.9145482674014
0.00003791733	6.502591e-9	4.073803e-8	930.9196490601042
0.0000388007	6.713277e-9	4.168694e-8	930.9249677956693
0.00003970464	6.930689e-9	4.265795e-8	930.9301241386424
0.00004062964	7.155039e-9	4.3651580000000004e-8	930.9352614269632
0.0000415762	7.386547e-9	4.466836000000001e-8	930.9405258442439
0.00004254481	7.625437e-9	4.570882e-8	930.9458313953413
0.00004353598	7.871944e-9	4.677351000000001e-8	930.9511290471894
0.00004455025	8.126309e-9	4.786301e-8	930.9564172625165
0.00004558815	8.388777e-9	4.897787999999999e-8	930.9618704811234
0.00004665024	8.659607e-9	5.011872e-8	930.9675029011116
0.00004773706	8.93906e-9	5.1286140000000005e-8	930.9727552122268
0.00004884922	9.22741e-9	5.248074999999999e-8	930.9784522896492
0.00004998728	9.524937e-9	5.370317999999999e-8	930.984067181869
0.00005115186	9.831929e-9	5.495409e-8	930.9897030230143
0.00005234357	1.014869e-8	5.623413e-8	930.9954415583561
0.00005356305	1.047552e-8	5.7543990000000006e-8	931.0012308844068
0.00005481094	1.081274e-8	5.888436999999999e-8	931.0068654890932
0.00005608791	1.116067e-8	6.025596e-8	931.0128105170013
0.000057394629999999996	1.151966e-8	6.16595e-8	931.0187345015772
0.00005873179	1.189006e-8	6.309573e-8	931.0246519059214
0.00006010011	1.227221e-8	6.456542e-8	931.0306075605178
0.00006150031	1.26665e-8	6.606934e-8	931.0366427150628
0.00006293314	1.30733e-8	6.76083e-8	931.0426870665287
0.00006439935	1.349302e-8	6.91831e-8	931.0488113426546
0.00006589972	1.392604e-8	7.079457999999999e-8	931.0549768075465
0.00006743505	1.43728e-8	7.24436e-8	931.0611675841619
0.00006900616	1.483373e-8	7.413102e-8	931.0676384865607
0.00007061387	1.530926e-8	7.585776e-8	931.0738843329938
0.00007225904	1.579987e-8	7.762470999999999e-8	931.0803205577195
0.00007394254	1.630602e-8	7.943281999999999e-8	931.0867475182173
0.00007566527	1.682821e-8	8.128305e-8	931.0932378890802
0.00007742814	1.736693e-8	8.317638000000002e-8	931.0997536800711
0.00007923208	1.792272e-8	8.51138e-8	931.1063860384567
0.00008107806	1.849609e-8	8.709636e-8	931.1130349190254
0.00008296705	1.908762e-8	8.912509e-8	931.1198184484302
0.00008490005	1.969786e-8	9.120108000000001e-8	931.1265596854773
0.00008687809	2.03274e-8	9.332543e-8	931.1333191821351
0.00008890223	2.097686e-8	9.549926000000002e-8	931.1402712439865
0.00009097352	2.164686e-8	9.772372e-8	931.1471857600181
0.00009309308	2.233804e-8	9.999999999999998e-8	931.1541804000001
0.00009526202	2.305107e-8	1.0232929999999999e-7	931.1611734859908
0.00009748151	2.378664e-8	1.0471290000000001e-7	931.1679519906335
0.0000997527	2.454544e-8	1.071519e-7	931.1756995442918
0.0001020768	2.532822e-8	1.0964780000000002e-7	931.1826431538069
0.0001044551	2.613572e-8	1.1220180000000002e-7	931.1903705644651
0.0001068888	2.696873e-8	1.148154e-7	931.1971105792429
0.0001093792	2.782803e-8	1.174898e-7	931.2044792824568
0.0001119276	2.871447e-8	1.202264e-7	931.2123998556058
0.0001145354	2.962888e-8	1.230269e-7	931.2193421113595
0.000117204	3.057214e-8	1.2589249999999996e-7	931.2276119705305
0.0001199348	3.154517e-8	1.28825e-7	931.2349712400544
0.0001227291	3.254889e-8	1.318257e-7	931.242154526773
0.0001255886	3.358427e-8	1.348963e-7	931.2500362871333
0.0001285148	3.465231e-8	1.3803839999999998e-7	931.2586375240514
0.0001315091	3.575401e-8	1.412538e-7	931.265948314311
0.0001345732	3.689045e-8	1.44544e-7	931.2741480102943
0.0001377086	3.806271e-8	1.479108e-7	931.281980152903
0.0001409172	3.927191e-8	1.513561e-7	931.2903273141949
0.0001442005	4.051922e-8	1.548817e-7	931.2980114500293
0.0001475603	4.180582e-8	1.584893e-7	931.3064403716844
0.0001509984	4.313295e-8	1.62181e-7	931.314598812438
0.0001522496	4.361852e-8	1.6352440000000002e-7	931.3180083216938
0.0001581168	4.397829e-8	1.698244e-7	931.3195176311532
0.0001618009	4.537383e-8	1.7378009999999998e-7	931.3280049326708
0.0001655708	4.681333e-8	1.778279e-7	931.336496297825
0.0001694285	4.829814e-8	1.8197010000000003e-7	931.3442051194124
0.0001733762	4.982969e-8	1.862087e-7	931.3529909719579
0.0001774158	5.140945e-8	1.905461e-7	931.3610168352959
0.0001815496	5.303892e-8	1.949845e-7	931.3696161489759
0.0001857796	5.471966e-8	1.995262e-7	931.378032859845
0.0001901083	5.645329e-8	2.0417380000000003e-7	931.3866582783883
0.0001945378	5.824145e-8	2.089296e-7	931.3952711822548
0.0001990706	6.008585e-8	2.1379619999999998e-7	931.4042337983557
0.000203709	6.198825e-8	2.1877620000000004e-7	931.4129610533503
0.0002084554	6.395048e-8	2.238721e-7	931.421782705393
0.0002133125	6.597441e-8	2.290868e-7	931.4306822130301
0.0002182827	6.806196e-8	2.3442290000000002e-7	931.4395562890827
0.0002233688	7.021512e-8	2.398833e-7	931.4488133188096
0.0002285734	7.243597e-8	2.454709e-7	931.458009768164
0.0002338992	7.47266e-8	2.511886e-7	931.4671390341758
0.0002393492	7.708921e-8	2.570396e-7	931.4762752898774
0.0002449262	7.952605e-8	2.630268e-7	931.4857879501252
0.0002506332	8.203945e-8	2.691535e-7	931.4953714144532
0.0002564731	8.463179e-8	2.754229e-7	931.5047216117468
0.0002624491	8.730556e-8	2.818383e-7	931.5142958213982
0.0002685644	9.006329e-8	2.884032e-7	931.5238641249474
0.0002748222	9.290762e-8	2.951209e-7	931.5338480602355
0.0002812258	9.584125e-8	3.019952e-7	931.5434193987189
0.0002877787	9.886699e-8	3.090295e-7	931.5536768819806
0.0002944843	1.019877e-7	3.1622779999999993e-7	931.5635364759203
0.0003013461	1.052064e-7	3.235937e-7	931.5734713005846
0.0003083678	1.085261e-7	3.311311e-7	931.5836721467721
0.0003155532	1.119499e-7	3.388442e-7	931.5937823341818
0.000322906	1.154813e-7	3.4673689999999997e-7	931.603995132909
0.0003304302	1.191234e-7	3.548134e-7	931.6145427427488
0.0003381298	1.228797e-7	3.630781e-7	931.6251233550028
0.0003460087	1.267539e-7	3.715352e-7	931.6356940069205
0.0003540713	1.307497e-7	3.801894e-7	931.646304973258
0.0003623218	1.348707e-7	3.890451e-7	931.6572055527752
0.0003707645	1.39121e-7	3.9810719999999996e-7	931.6677040756862
0.000379404	1.435046e-7	4.073803e-7	931.6785927056364
0.0003882449	1.480256e-7	4.1686939999999994e-7	931.6896985002976
0.0003972918	1.526884e-7	4.2657950000000004e-7	931.7008632622992
0.0004065495	1.574974e-7	4.365158e-7	931.7119733123062
0.000416023	1.624571e-7	4.466836e-7	931.7231640024393
0.0004257172	1.675723e-7	4.570882e-7	931.7343398932635
0.0004356374	1.728478e-7	4.677351e-7	931.7458702586143
0.0004457888	1.782886e-7	4.786301e-7	931.7572977545709
0.0004561768	1.839e-7	4.897788e-7	931.7689944930241
0.0004668068	1.896872e-7	5.011872000000001e-7	931.7805546510366
0.0004776847	1.956557e-7	5.128614e-7	931.7924018068038
0.000488816	2.018113e-7	5.248074999999999e-7	931.80415923934
0.0005002068	2.081596e-7	5.370318e-7	931.8162529667703
0.000511863	2.147069e-7	5.495409e-7	931.8281985926798
0.0005237909	2.214592e-7	5.623413e-7	931.8404307135186
0.0005359968	2.28423e-7	5.754399e-7	931.8526973885542
0.0005484872	2.35605e-7	5.888437e-7	931.864949900967
0.0005612686	2.430119e-7	6.025596e-7	931.8772979469582
0.000574348	2.506507e-7	6.165950000000001e-7	931.8898964474249
0.0005877322	2.585287e-7	6.309573e-7	931.9025688426141
0.0006014284	2.666534e-7	6.456542e-7	931.9153401309865
0.0006154438	2.750324e-7	6.606934e-7	931.9282323692048
0.0006297858	2.836738e-7	6.76083e-7	931.9410099055883
0.0006444621	2.925858e-7	6.918309999999999e-7	931.9540260554962
0.0006594805	3.017767e-7	7.079458e-7	931.9672165581036
0.0006748489	3.112553e-7	7.244360000000001e-7	931.9804030997907
0.0006905755	3.210305e-7	7.413102e-7	931.9938272804017
0.0007066687	3.311117e-7	7.585776e-7	932.0072352518714
0.0007231369	3.415085e-7	7.762470999999999e-7	932.0207553754467
0.000739989	3.522305e-7	7.943282000000001e-7	932.0344292195593
0.0007707905	3.569864e-7	8.273756e-7	932.0404014815036
0.0007748804	3.595303e-7	8.317637999999999e-7	932.0433641137063
0.0007929382	3.708164e-7	8.51138e-7	932.0568655141705
0.0008114169	3.824555e-7	8.709635999999999e-7	932.07035919756
0.0008303263	3.944589e-7	8.912509000000001e-7	932.0840617383948
0.0008420832	4.019687e-7	9.038643999999999e-7	932.0924341084792
0.0008694773	4.088093e-7	9.332543e-7	932.0997602689856
0.0008897397	4.216374e-7	9.549926e-7	932.1133351190365
0.0009104744	4.348669e-7	9.772372e-7	932.1270894108411
0.0009316923	4.485103e-7	1.e-6	932.1408103
0.0009534047999999999	4.625804e-7	1.023293e-6	932.154700950754
0.0009756234	4.770906e-7	1.047129e-6	932.1683294035405
0.0009983599	4.920546e-7	1.071519e-6	932.1831480356392
0.001021626	5.074866e-7	1.096478e-6	932.1969858036367
0.001045435	5.234013e-7	1.122018e-6	932.2117838572999
0.001069799	5.398137e-7	1.1481539999999999e-6	932.2258283296492
0.00109473	5.567393e-7	1.174898e-6	932.2398534170626
0.001120243	5.741942e-7	1.2022639999999998e-6	932.2554731739451
0.00114635	5.921948e-7	1.230269e-6	932.2694425365507
0.001173066	6.107583e-7	1.2589250000000002e-6	932.2848925074964
0.001200405	6.299022e-7	1.28825e-6	932.2995553658066
0.001228381	6.496446e-7	1.3182569999999998e-6	932.3149011156398
0.001257009	6.700042e-7	1.348963e-6	932.3302449362956
0.001286304	6.910003e-7	1.3803840000000001e-6	932.3456373733686
0.001316283	7.126527e-7	1.4125380000000002e-6	932.3612198043521
0.00134696	7.34982e-7	1.44544e-6	932.3769800199246
0.001378352	7.580093e-7	1.479108e-6	932.3930431719658
0.001410476	7.817563e-7	1.513561e-6	932.4089060830717
0.001443348	8.062455e-7	1.5488170000000002e-6	932.4240665617693
0.001476987	8.315002e-7	1.584893e-6	932.4405497405818
0.00151141	8.575441e-7	1.62181e-6	932.4566651457322
0.001546636	8.84402e-7	1.6595870000000002e-6	932.4732008626243
0.001582683	9.120992e-7	1.6982439999999998e-6	932.4897359861128
0.00161957	9.406619e-7	1.7378009999999997e-6	932.5064618445956
0.001657316	9.701172e-7	1.7782789999999998e-6	932.523027713874
0.001695943	1.000493e-6	1.8197010000000002e-6	932.5397375722715
0.001735471	1.031818e-6	1.8620869999999998e-6	932.5572961950758
0.001739608	1.03511e-6	1.866524e-6	932.5586544828782
0.00181731	1.051185e-6	1.949845e-6	932.567042508507
0.001859665	1.084093e-6	1.995262e-6	932.5838376113012
0.001903008	1.11803e-6	2.041738e-6	932.6005736289377
0.001947361	1.153027e-6	2.089296e-6	932.6175070454354
0.001992748	1.189118e-6	2.137962e-6	932.6344986487131
0.002039193	1.226336e-6	2.1877619999999994e-6	932.6514200356346
0.002086721	1.264716e-6	2.238721e-6	932.6690177114523
0.002135357	1.304296e-6	2.290868e-6	932.6863424693173
0.002185127	1.345112e-6	2.3442290000000005e-6	932.7041479309399
0.002236057	1.387203e-6	2.398833e-6	932.721953966783
0.002288174	1.430608e-6	2.4547090000000004e-6	932.7397292306338
0.002341506	1.47537e-6	2.511886e-6	932.7578441059826
0.002396082	1.52153e-6	2.5703960000000003e-6	932.7759341362187
0.00245193	1.569131e-6	2.630268e-6	932.7943506137017
0.00250908	1.618219e-6	2.691535e-6	932.812770036429
0.002567562	1.66884e-6	2.7542290000000004e-6	932.8312351659937
0.002627408	1.721042e-6	2.818383e-6	932.850163373821
0.002688649	1.774875e-6	2.8840319999999994e-6	932.8689400811087
0.002751317	1.830388e-6	2.951209e-6	932.8879750637791
0.002815447	1.887635e-6	3.019952e-6	932.9070909074052
0.002881072	1.94667e-6	3.090295e-6	932.9266849928567
0.002948227	2.007549e-6	3.1622780000000004e-6	932.9459803976753
0.003016947	2.070328e-6	3.235937e-6	932.9654217619192
0.00308727	2.135068e-6	3.311311e-6	932.9854755412584
0.003159232	2.201829e-6	3.388442e-6	933.0051477935878
0.003232872	2.270675e-6	3.467369e-6	933.0252058549291
0.003308229	2.34167e-6	3.548134e-6	933.0455585950249
0.003385343	2.414882e-6	3.630781e-6	933.0658836211823
0.003464255	2.49038e-6	3.715352e-6	933.0866577379478
0.003545007	2.568235e-6	3.801894e-6	933.1073499155948
0.003627641	2.648521e-6	3.890451e-6	933.1281954200168
0.003712203	2.731313e-6	3.981072e-6	933.1492404558369
0.003798736	2.81669e-6	4.073803e-6	933.170477315668
0.003887286	2.904733e-6	4.168694e-6	933.191722155668
0.003977901	2.995524e-6	4.265795e-6	933.2132753683661
0.004070629	3.089149e-6	4.365158e-6	933.2349823305365
0.00416552	3.185697e-6	4.466836e-6	933.2569400354076
0.004262622	3.285258e-6	4.570882e-6	933.2787978337661
0.004361989	3.387928e-6	4.677351e-6	933.3011202280951
0.004463673	3.493802e-6	4.786301e-6	933.3234165590504
0.004567728	3.602982e-6	4.897788e-6	933.346029268723
0.00467421	3.715569e-6	5.011872000000001e-6	933.368922630107
0.004783174	3.83167e-6	5.128614e-6	933.3916863308489
0.004894679	3.951396e-6	5.2480750000000006e-6	933.4147084407139
0.005008784	4.074858e-6	5.370318000000001e-6	933.4379934298116
0.00512555	4.202174e-6	5.495409e-6	933.4613991424478
0.005245039	4.333463e-6	5.623413e-6	933.4851384737347
0.005367314	4.46885e-6	5.754399000000001e-6	933.5089294294677
0.00549244	4.608463e-6	5.888436999999999e-6	933.5326951787038
0.005620485	4.752432e-6	6.025596e-6	933.5570177622263
0.005751515	4.900895e-6	6.165950000000001e-6	933.5813451292987
0.005885601	5.053992e-6	6.309573000000001e-6	933.6059654116054
0.006022814	5.211866e-6	6.456542e-6	933.6307060342826
0.006163226	5.374667e-6	6.606934e-6	933.655560506583
0.006306914	5.542549e-6	6.76083e-6	933.680709173282
0.006349596	5.592666e-6	6.8065439999999995e-6	933.6880311065352
0.006604413	5.624687e-6	7.079458e-6	933.6926198305013
0.006758382	5.800371e-6	7.24436e-6	933.7170393243848
0.006915942	5.981537e-6	7.413101999999999e-6	933.7418447769908
0.007077177	6.168356e-6	7.5857760000000005e-6	933.7667439692393
0.007242171	6.361006e-6	7.762471e-6	933.7918307198829
0.007411014	6.559667e-6	7.943282e-6	933.8172391462371
0.007583794	6.764527e-6	8.128305e-6	933.8427294497438
0.007760603	6.97578e-6	8.317638e-6	933.8683385836218
0.007941535	7.193624e-6	8.511379999999998e-6	933.8942244383402
0.008126688	7.418266e-6	8.709636e-6	933.9203459249043
0.008316158	7.649917e-6	8.912509000000001e-6	933.9466492544357
0.008510047	7.888797e-6	9.120108e-6	933.9731280594484
0.008708458	8.13513e-6	9.332543e-6	933.999782267277
0.008911497	8.389149e-6	9.549926e-6	934.0267295264908
0.009119271	8.651094e-6	9.772372e-6	934.053891317277
0.00933189	8.921211e-6	0.00001	934.0811211
0.009549469	9.199757e-6	0.00001023293	934.1086821663004
0.009772122	9.486993e-6	0.00001047129	934.1360035869504
0.009999969	9.783191e-6	0.000010715190000000001	934.1646943264655
0.01023313	0.00001008863	0.00001096478	934.1928091580496
0.01047173	0.0000104036	0.00001122018	934.2215187278636
0.01071589	0.0000107284	0.00001148154	934.2490989884633
0.01096575	0.00001106332	0.00001174898	934.2779815779753
0.01122144	0.0000114087	0.00001202264	934.3079972451973
0.01148309	0.00001176485	0.000012302690000000001	934.3367060374601
0.01175084	0.00001213212	0.00001258925	934.3663935500526
0.01202484	0.00001251084	0.000012882499999999999	934.3955629730254
0.01230523	0.00001290138	0.00001318257	934.4256377929341
0.01259216	0.0000133041	0.000013489630000000003	934.4558820367942
0.01288579	0.00001371938	0.00001380384	934.487025349468
0.01318626	0.00001414762	0.00001412538	934.5169914012932
0.01349374	0.00001458922	0.000014454400000000002	934.5479037524906
0.0138084	0.00001504459	0.00001479108	934.5798001227768
0.01413039	0.00001551417	0.000015135610000000002	934.6107735334089
0.0144599	0.0000159984	0.00001548817	934.6422721341514
0.01479709	0.00001649773	0.00001584893	934.6743111364617
0.01514215	0.00001701264	0.0000162181	934.7064477343215
0.01549526	0.00001754362	0.00001659587	934.7388006775179
0.01561285	0.00001772134	0.00001672167	934.7494203629183
0.01622636	0.00001772535	0.00001737801	934.7494534759734
0.01660474	0.00001827855	0.00001778279	934.7812435506464
0.01699195	0.00001884901	0.00001819701	934.8128626626021
0.01738819	0.00001943727	0.00001862087	934.8450029456195
0.01779367	0.00002004387	0.00001905461	934.8768549972947
0.01820861	0.0000206694	0.00001949845	934.9091543173945
0.01863323	0.00002131444	0.000019952619999999997	934.942099834508
0.01906776	0.0000219796	0.00002041738	934.9749869963726
0.01951243	0.0000226655	0.00002089296	935.0085148298758
0.01996746	0.0000233728	0.00002137962	935.0415395596367
0.02043312	0.00002410216	0.00002187762	935.0753034379425
0.02090964	0.00002485428	0.00002238721	935.1095683651514
0.02139727	0.00002562985	0.000022908679999999995	935.1433539601584
0.02189629	0.00002642961	0.00002344229	935.1782445315708
0.02240694	0.00002725432	0.00002398833	935.2128439120188
0.02292951	0.00002810475	0.00002454709	935.2479153333451
0.02346427	0.00002898171	0.00002511886	935.2833572064974
0.02401151	0.00002988602	0.00002570396	935.3187610002506
0.02457152	0.00003081853	0.00002630268	935.354820497379
0.02514459	0.00003178013	0.000026915349999999996	935.3907762670744
0.02573104	0.00003277172	0.00002754229	935.4273635198816
0.02633116	0.00003379424	0.00002818383	935.4638542738867
0.02694529	0.00003484865	0.000028840319999999997	935.5006688552693
0.02757376	0.00003593595	0.00002951209	935.5384843974113
0.02821688	0.00003705715	0.00003019952	935.5757028588533
0.02887501	0.00003821333	0.00003090295	935.6136980450085
0.0295485	0.00003940557	0.00003162278	935.6516274027774
0.03023771	0.00004063499	0.00003235937	935.6901877261517
0.03094299	0.00004190275	0.00003311311	935.7288623750533
0.03166474	0.00004321006	0.00003388442	935.7678266294656
0.03240333	0.00004455813	0.00003467368999999999	935.8071820449453
0.03315915	0.00004594825	0.00003548134	935.8467929903436
0.03393262	0.00004738172	0.000036307810000000006	935.8868441803568
0.03472413	0.0000488599	0.00003715352	935.9271988226151
0.03553411	0.00005038418	0.00003801894	935.9675514362053
0.03561557	0.00005053811	0.00003810597000000001	935.9716629703953
0.03721117	0.00005064854	0.00003981072	935.9744948094383
0.03807912	0.0000522286	0.00004073803	936.0135627569622
0.03896734	0.00005385794	0.000041686940000000005	936.05330446418
0.03987628	0.00005553809	0.00004265795	936.0932274054426
0.04080643	0.00005727064	0.00004365157999999999	936.1333688265122
0.04175829	0.00005905722	0.00004466836	936.1737753523972
0.04273236	0.00006089952	0.00004570882000000001	936.2144881447387
0.04372916	0.00006279928	0.00004677351	936.2555703003687
0.04474923	0.00006475828	0.00004786301	936.2969081969563
0.04579311	0.00006677837	0.00004897788000000001	936.3387792611684
0.04686135	0.00006886146	0.00005011872	936.3808864232766
0.04795452	0.00007100952	0.00005128614	936.4231646210848
0.0490732	0.00007322456	0.000052480750000000004	936.465743343988
0.05021799	0.00007550868	0.00005370318	936.5087631682146
0.05138951	0.00007786403	0.00005495409	936.5522025749129
0.0543213	0.00007956368	0.00005808442	936.5827132301572
0.05507053	0.00008102877	0.000058884370000000006	936.6077750343596
0.05635521	0.00008355627	0.00006025596	936.6503540894545
0.05766986	0.0000861626	0.0000616595	936.6930091875544
0.05901521	0.0000888502	0.00006309573	936.736292614413
0.06039195	0.00009162162	0.00006456542	936.7796510887716
0.06180083	0.00009447946	0.00006606934	936.8234866581079
0.06324259	0.00009742642	0.00006760830000000001	936.8674618353073
0.064718	0.0001004653	0.0000691831	936.9118368503291
0.06622785	0.0001035989	0.00007079458	936.9565989373764
0.06777295	0.0001068303	0.0000724436	937.0017544683036
0.06935411	0.0001101624	0.00007413101999999999	937.0473035444542
0.0709025	0.0001134499	0.0000757834	937.0911030647873
0.07432237	0.0001161892	0.00007943282	937.12597890897
0.0760563	0.0001198131	0.00008128305	937.1709489247758
0.07783072	0.0001235501	0.00008317637999999999	937.2164321169063
0.07964655	0.0001274036	0.00008511380000000001	937.262272392961
0.08150477	0.0001313772	0.00008709636	937.3083697183213
0.08340637	0.0001354748	0.00008912509	937.3549558266924
0.08535236	0.0001397002	0.00009120108	937.4018399782108
0.08734377	0.0001440573	0.00009332543	937.4489600530103
0.08938168	0.0001485503	0.00009549926000000002	937.4965868845475
0.09146716	0.0001531833	0.00009772372000000001	937.5445725971136
0.09360132	0.0001579609	0.00010000000000000002	937.592809
0.09578532	0.0001628874	0.0001023293	937.6415884795459
0.09802029	0.0001679676	0.00010471289999999999	937.69017570901
0.1003075	0.0001732062	0.0001071519	937.7407792115678
0.1008452	0.0001744436	0.0001077254	937.7513901085538
0.105043	0.0001766863	0.0001122018	937.7718209511792
0.107494	0.0001821968	0.00011481539999999999	937.8201600133781
0.1100021	0.0001878791	0.0001174898	937.8684711353667
0.1125689	0.0001937385	0.0001202264	937.9191134393112
0.1151955	0.0001997807	0.0001230269	937.9678810081374
0.1178835	0.0002060113	0.0001258925	938.0186373294678
0.1206342	0.0002124361	0.000128825	938.06820182418
0.1234492	0.0002190613	0.0001318257	938.1195115975111
0.1263299	0.0002258931	0.00013489629999999998	938.1709735552421
0.1292778	0.0002329379	0.0001380384	938.2225373519253
0.1322946	0.0002402024	0.0001412538	938.2742439495433
0.1353818	0.0002476934	0.000144544	938.3266922182864
0.1385411	0.000255418	0.0001479108	938.3798748975736
0.1417742	0.0002633835	0.0001513561	938.4331619274014
0.1450827	0.0002715973	0.0001548817	938.4859366858708
0.1484686	0.0002800673	0.0001584893	938.5407551172225
0.1519335	0.0002888014	0.000162181	938.5951584957547
0.1554793	0.0002978078	0.00016595869999999998	938.649843605668
0.1580418	0.000304359	0.0001686886	938.6891526754032
0.1666209	0.0003123413	0.0001778279	938.7348177648163
0.1705093	0.0003220817	0.0001819701	938.7881948737733
0.1744886	0.0003321258	0.0001862087	938.8429530951023
0.1785609	0.0003424831	0.0001905461	938.8981621770271
0.1827282	0.0003531634	0.0001949845	938.9534214258057
0.1869928	0.0003641767	0.0001995262	939.0093967609266
0.1913571	0.0003755334	0.00020417380000000001	939.0658027621565
0.1958232	0.0003872442	0.00020892960000000002	939.1222890389873
0.2003937	0.0003993201	0.00021379619999999997	939.1795555767595
0.2050709	0.0004117726	0.0002187762	939.2368667158494
0.2098573	0.0004246134	0.0002238721	939.2948625576836
0.2147556	0.0004378545	0.0002290868	939.3533564570284
0.2195833	0.0004510029	0.00023422600000000003	939.4102401099792
0.2301469	0.0004577091	0.0002454709	939.4376649126231
0.2355185	0.0004719822	0.0002511886	939.4951928550897
0.2410156	0.0004867003	0.00025703960000000007	939.5528949624882
0.2466411	0.0005018774	0.0002630268	939.611390930506
0.2477387	0.0005048519	0.0002641949	939.622800818638
0.252398	0.0005128182	0.0002691535	939.6527193590274
0.2582891	0.0005205402	0.00027542290000000003	939.6809059813108
0.2643176	0.0005274976	0.00028183829999999996	939.7058440957101
0.2704868	0.0005340658	0.0002884032	939.7290522435256
0.2767997	0.0005404122	0.00029512090000000004	939.7508349967759
0.2832599	0.0005466289	0.0003019952	939.7716549799468
0.2898706	0.0005527728	0.0003090295	939.7917441538751
0.2966355	0.0005588853	0.0003162277999999999	939.811064365625
0.3035582	0.0005650021	0.0003235937	939.8304172794464
0.3106422	0.0005711428	0.00033113110000000006	939.8493309749521
0.3178913	0.0005773289	0.0003388442	939.867434354786
0.3253095	0.0005835763	0.0003467369	939.8857643936944
0.3329006	0.0005899026	0.0003548134	939.9039117462869
0.3406687	0.0005963157	0.00036307810000000006	939.9217845967576
0.3486178	0.0006028331	0.0003715352	939.9395618503979
0.3567523	0.0006094621	0.0003801894	939.9571952821411
0.3650764	0.0006162136	0.00038904510000000006	939.9748604981788
0.3735945	0.0006230992	0.0003981072	939.9920403348646
0.3823113	0.0006301256	0.0004073803	940.0096803895525
0.3912312	0.0006373026	0.0004168694	940.0270266898937
0.4003591	0.0006446377	0.0004265795	940.0445584000169
0.4096997	0.0006521454	0.00043651579999999995	940.0618383114655
0.4192582	0.0006598278	0.00044668359999999995	940.079348782897
0.4290394	0.0006677003	0.0004570882	940.0966822158175
0.4390486	0.0006757658	0.00046773510000000003	940.1141068951208
0.4492912	0.0006840339	0.0004786301	940.1315000874371
0.4597726	0.0006925184	0.0004897788	940.1491416124993
0.4814738	0.0007011234	0.0005128614	940.1661411835635
0.4927052	0.0007103862	0.0005248075	940.1839459230289
0.5041984	0.000719897	0.0005370318000000002	940.2018595546855
0.5159596	0.0007296677	0.0005495409000000001	940.2198593407696
0.5279949	0.0007397086	0.0005623413	940.2379099667764
0.5403108	0.0007500283	0.0005754399	940.2560168316447
0.5529139	0.00076064	0.0005888437	940.2742017958244
0.5658108	0.0007715486	0.0006025596	940.2926259908562
0.5790083	0.0007827725	0.000616595	940.311018577835
0.5925135	0.0007943171	0.0006309573	940.3295866455622
0.6063335	0.0008061996	0.0006456542	940.3480990288608
0.6204758	0.0008184282	0.0006606934	940.3669360099557
0.6349477	0.0008310163	0.0006760829999999998	940.3855980700596
0.6497571	0.0008439751	0.000691831	940.4046293097592
0.6649117	0.0008573187	0.0007079458	940.4237142165404
0.6804196	0.0008710643	0.000724436	940.4428607910154
0.696289	0.000885219	0.0007413102	940.4621965271759
0.7125285	0.0008998009	0.0007585776000000001	940.4816341795487
0.7291465	0.000914823	0.0007762470999999999	940.5011922105732
0.746152	0.0009303016	0.0007943282	940.5209353010506
0.763554	0.0009462505	0.0008128305	940.5408021721624
0.7813617	0.0009626869	0.0008317638	940.5607540265639
0.7995845	0.0009796285	0.000851138	940.5808793638635
0.8182323	0.0009970903	0.0008709636	940.6011804626507
0.8373148	0.001015088	0.0008912509	940.6216453750567
0.8568422	0.001033644	0.0009120108	940.6421985353682
0.8768249	0.001052771	0.0009332543	940.6628729168459
0.8972736	0.001072492	0.0009549926	940.6838251940383
0.918199	0.001092826	0.0009772372	940.7049035791924
0.9396123	0.001113792	0.001	940.7260919999999
0.9615248	0.001135411	0.001023293	940.7473822258141
0.9839483000000001	0.001157703	0.001047129	940.7685232669519
1.006895	0.001180692	0.001071519	940.7912430857504
1.030376	0.001204401	0.0010964779999999997	940.8126756761195
1.054405	0.001228849	0.001122018	940.8350391883197
1.078994	0.001254065	0.001148154	940.8564225704914
1.104157	0.001280069	0.001174898	940.8791818523822
1.129906	0.001306894	0.001202264	940.9022427686433
1.16078	0.00132275	0.001235078	940.9144604632257
1.183219	0.001346557	0.001258925	940.9341755863138
1.210811	0.001376049	0.0012882500000000001	940.9563741509802
1.239047	0.001406466	0.0013182569999999998	940.9799955547363
1.267942	0.00143784	0.001348963	941.00419359167
1.29751	0.001470201	0.0013803839999999997	941.0281494134966
1.327767	0.001503579	0.0014125380000000003	941.0511993305665
1.35873	0.001538007	0.0014454399999999999	941.0753867334513
1.390415	0.001573518	0.001479108	941.0999859374704
1.422839	0.001610144	0.001513561	941.1243709371475
1.456019	0.001647922	0.001548817	941.148581142898
1.489973	0.001686887	0.0015848930000000002	941.1738754603623
1.524719	0.001727076	0.00162181	941.1990775738219
1.560275	0.001768526	0.0016595869999999997	941.2242479604867
1.59666	0.001811274	0.001698244	941.2494753404104
1.633894	0.001855364	0.0017378009999999998	941.2754187619872
1.671996	0.001900836	0.001778279	941.3015820352149
1.710986	0.00194773	0.0018197009999999997	941.3270257036733
1.750886	0.001996089	0.0018620869999999997	941.3534861690135
1.791717	0.002045964	0.001905461	941.3800460885843
1.833499	0.002097391	0.001949845	941.4063122966185
1.876257	0.002150423	0.0019952620000000003	941.4339685715461
1.920011	0.002205108	0.002041738	941.4607104339539
1.964786	0.002261495	0.0020892960000000005	941.4881831009104
2.010605	0.002319635	0.002137962	941.5156279671949
2.057492	0.002379577	0.002187762	941.5428081299519
2.105474	0.002441381	0.002238721	941.5712726150334
2.154574	0.002505096	0.002290868	941.599034077913
2.20482	0.00257078	0.002344229	941.6276225573524
2.256237	0.002638495	0.002398833	941.6560031481974
2.301204	0.002668723	0.002446585	941.6687844485273
2.362697	0.002750976	0.002511886	941.7019625890665
2.417796	0.002825259	0.0025703959999999995	941.730869095657
2.474181	0.002901822	0.0026302680000000003	941.7606198303748
2.53188	0.002980741	0.002691535	941.7899975292909
2.590926	0.003062081	0.0027542289999999995	941.8200451015512
2.651348	0.003145909	0.002818383	941.8499575820605
2.71318	0.003232301	0.0028840319999999995	941.8800835080888
2.776455	0.003321329	0.0029512089999999998	941.9110367988169
2.841205	0.003413069	0.0030199520000000002	941.9414841692849
2.907466	0.003507598	0.003090295	941.9727236396526
2.975272	0.003604995	0.0031622780000000006	942.0035161361524
3.04466	0.003705343	0.003235937	942.0348242255643
3.115667	0.003808728	0.0033113109999999995	942.066670270476
3.18833	0.003915228	0.003388442	942.0982351180867
3.262688	0.004024937	0.003467369	942.1301675708585
3.338781	0.004137945	0.0035481339999999997	942.1625409299648
3.416649	0.004254343	0.003630781	942.1949004911064
3.496333	0.004374226	0.003715352	942.2276075052915
3.577877	0.004497692	0.003801894	942.260539615255
3.661322	0.004624845	0.003890451	942.2935400034597
3.7467149999999996	0.004755782	0.0039810719999999996	942.3267858506451
3.834099	0.004890608	0.004073803	942.3601504540107
3.923522	0.005029431	0.004168694	942.3938123066841
4.015032	0.005172367	0.004265795	942.4279335973715
4.108676	0.005319531	0.004365158	942.461998168222
4.204505	0.005471035	0.004466836	942.4962176807029
4.302569	0.005626999	0.004570882	942.5305660920585
4.402922	0.005787548	0.004677350999999999	942.5654709257442
4.505616	0.005952815	0.004786301000000001	942.6003118065495
4.610706	0.006122923	0.004897788	942.6355168904821
4.718247	0.00629801	0.005011872	942.6707246314352
4.828298	0.006478212	0.005128614	942.706199374724
4.940916	0.006663677	0.005248075	942.7418009460611
5.056163	0.006854551	0.005370318	942.7779790693959
5.174097	0.007050987	0.005495408999999999	942.8138992020431
5.294784	0.007253135	0.005623413	942.850389078661
5.418287	0.007461169	0.005754399	942.8870276461538
5.544671	0.007675242	0.005888437	942.9236046849105
5.674004	0.007895537	0.006025596	942.9605863054874
5.806355	0.008122233	0.006165950000000001	942.9977915811837
5.941794	0.008355513	0.006309573000000001	943.0352122084964
6.080393	0.008595563	0.006456542	943.0727102836162
6.222227	0.008842591	0.006606933999999999	943.1106154534009
6.36737	0.009096805	0.00676083	943.1485194865129
6.5159	0.009358412	0.00691831	943.1867626631359
6.667895	0.00962764	0.007079458	943.2251226011933
6.823438	0.009904727	0.007244359999999999	943.2638255139171
6.98261	0.01018992	0.007413102000000001	943.3028063015995
7.145496	0.01048345	0.007585776	943.3417820404926
7.312184	0.01078561	0.007762471	943.3812519235177
7.482761	0.01109666	0.007943282	943.4208252961433
7.657319	0.01141689	0.008128305000000002	943.4606464693437
7.83595	0.01174662	0.008317638	943.5006212100118
8.01875	0.01208616	0.00851138	943.5410192001768
8.205816	0.01243585	0.008709636	943.5815515137486
8.397247	0.01279603	0.008912509	943.6223884879106
8.593146	0.01316708	0.009120108	943.663504862004
8.793617	0.0135494	0.009332543	943.7048830099149
8.998766	0.01394338	0.009549926	943.746514894461
9.208703	0.01434949	0.009772372	943.788518283995
9.42354	0.01476816	0.01	943.8308159999998
9.643391	0.01519989	0.01023293	943.8734448491292
9.868373	0.0156452	0.01047129	943.9160027083578
10.09861	0.01610465	0.01071519	943.9603637453001
10.33421	0.01657878	0.010964780000000002	944.0033251921151
10.57532	0.01706825	0.01122018	944.0479787311789
10.82205	0.01757369	0.01148154	944.0914450500544
11.07455	0.01809581	0.01174898	944.1369216732007
11.33293	0.01863534	0.01202264	944.1824208326956
11.59735	0.01919308	0.012302689999999998	944.2278948750234
11.86794	0.01976985	0.012589249999999998	944.2746668784877
12.14485	0.02036656	0.0128825	944.3210991655346
12.42822	0.02098417	0.013182570000000001	944.3685237400598
12.7182	0.02162368	0.01348963	944.4160944369859
13.01496	0.02228617	0.01380384	944.4651756322878
13.31864	0.02297282	0.01412538	944.5135507858904
13.62941	0.02368485	0.014454399999999997	944.5632367998672
13.94744	0.02442358	0.01479108	944.6141579925198
14.2729	0.02519041	0.01513561	944.6656203483044
14.60595	0.02598686	0.01548817	944.7169588143724
14.94678	0.02681453	0.01584893	944.7700589251135
15.29557	0.02767513	0.0162181	944.8236926643689
15.6525	0.02857048	0.01659587	944.8778810631803
16.01777	0.02950255	0.01698244	944.9332693064129
16.39157	0.03047343	0.01737801	944.9898711072213
16.7741	0.03148534	0.01778279	945.0477309803467
17.16556	0.03254067	0.01819701	945.1058536539794
19.2685	0.03356891	0.02042203	945.159169289243
19.71362	0.03472316	0.020892959999999995	945.2151901884654
20.17363	0.03594039	0.021379619999999995	945.272665744293
20.64438	0.03721237	0.02187762	945.3309989843502
21.12614	0.03854236	0.02238721	945.3916928460491
21.61914	0.03993383	0.02290868	945.4527205408605
22.12366	0.04139046	0.023442290000000005	945.5155814555659
22.63997	0.04291622	0.02398833	945.5800474647465
23.16834	0.0445153	0.02454709	945.6459115927795
23.70906	0.04619217	0.02511886	945.7137851797415
24.26241	0.04795161	0.025703960000000005	945.7827358119137
24.82869	0.04979869	0.02630268	945.8537567274515
25.40821	0.05173879	0.026915349999999998	945.9267217405682
26.00127	0.05377769	0.027542289999999997	946.0015013275948
26.60819	0.05592147	0.02818383	946.0783530840203
27.22931	0.05817664	0.02884032	946.1575544238067
27.86494	0.06055009	0.02951209	946.2389851074594
28.51544	0.06304915	0.030199519999999997	946.3226286378062
28.938069372043127	0.06472036789388955	0.0306460961054758	946.3774944650596
324.90028049414195	0.06482844335379814	0.343733691086132	946.3784341025887
325.464196555648	0.35299809725003684	0.3439733305144941	947.2164431049373
326.1387413018797	0.6973272266622956	0.3446850884153795	948.2164431049373
326.8149094183791	1.0423685943775212	0.3453978072064556	949.2164431049373
327.4927033171176	1.3881231615439873	0.3461114874038667	950.2164431049373
328.1721254116151	1.734591889826092	0.3468261295237578	951.2164431049373
328.85317811693983	2.081775741404371	0.34754173408227323	952.2164431049373
329.53586384970856	2.4296756789755563	0.34825830159555776	953.2164431049373
330.22018502808635	2.77829266575246	0.3489758325797559	954.2164431049373
330.9061440717867	3.1276276654640753	0.34969432755101226	955.2164431049373
331.5937434020717	3.4776816423555488	0.3504137870254714	956.2164431049373
332.2829854417519	3.828455561188136	0.35113421151927804	957.2164431049373
332.9738726151859	4.179950387239273	0.35185560154857665	958.2164431049373
333.66640734828127	4.532167086302522	0.352577957629512	959.2164431049373
334.3605920684936	4.885106624687566	0.3533012802782285	960.2164431049373
335.05642920482705	5.238769969220286	0.3540255700108709	961.2164431049373
335.75392118783424	5.593158087242642	0.3547508273435837	962.2164431049373
336.45307044961623	5.948271946612849	0.3554770527925116	963.2164431049373
337.15387942382256	6.3041125157051425	0.35620424687379926	964.2164431049373
337.8563505456509	6.6606807634099425	0.356932410103591	965.2164431049373
338.5604862518479	7.0179776591338765	0.3576615429980317	966.2164431049373
339.2662889807082	7.376004172799597	0.3583916460732659	967.2164431049373
339.9737611720749	7.734761274846051	0.3591227198454381	968.2164431049373
340.6829052673398	8.094249936228195	0.359854764830693	969.2164431049373
341.3937237094428	8.454471128417168	0.3605877815451751	970.2164431049373
342.10621894287266	8.815425823400318	0.3613217705050292	971.2164431049373
342.8203934136661	9.177114993681045	0.3620567322263998	972.2164431049373
343.5362495694086	9.539539612279	0.36279266722543146	973.2164431049373
344.2537898592338	9.902700652729848	0.36352957601826874	974.2164431049373
344.9730167338243	10.266599089085531	0.3642674591210564	975.2164431049373
345.6939326454104	10.631235895914017	0.3650063170499389	976.2164431049373
346.4165400477714	10.996612048299482	0.36574615032106084	977.2164431049373
347.1408413962348	11.362728521842271	0.36648695945056703	978.2164431049373
347.86683914767667	11.729586292658809	0.3672287449546019	979.2164431049373
348.59453576052124	12.097186337381686	0.36797150734931	980.2164431049373
349.3239336947415	12.465529633159704	0.36871524715083603	981.2164431049373
350.05503541185874	12.834617157657675	0.3694599648753246	982.2164431049373
350.78784337494255	13.204449889056704	0.3702056610389203	983.2164431049373
351.5223600486113	13.575028806053936	0.37095233615776774	984.2164431049373
352.2585878990312	13.946354887862697	0.3716999907480114	985.2164431049373
352.9965293939176	14.318429114212478	0.37244862532579615	986.2164431049373
353.7361870025339	14.691252465348867	0.37319824040726635	987.2164431049373
354.47756319569197	15.06482592203362	0.37394883650856675	988.2164431049373
355.2206604457519	15.439150465544657	0.37470041414584176	989.2164431049373
355.9654812266227	15.814227077676009	0.37545297383523624	990.2164431049373
356.7120280137615	16.190056740737887	0.3762065160928946	991.2164431049373
357.46030328417385	16.5666404375566	0.37696104143496156	992.2164431049373
358.2103095164139	16.94397915147465	0.3777165503775816	993.2164431049373
358.9620491905839	17.322073866350664	0.37847304343689947	994.2164431049373
359.7155247883351	17.70092556655939	0.37923052112905964	995.2164431049373
360.47073879286665	18.08053523699178	0.3799889839702068	996.2164431049373
361.2276936889264	18.46090386305484	0.3807484324764855	997.2164431049373
361.98639196281056	18.842032430671836	0.3815088671640404	998.2164431049373
362.74683610236383	19.223921926282074	0.3822702885490161	999.2164431049373
363.50902859697925	19.606573336841066	0.38303269714755717	1000.2164431049373
364.2729719375983	19.98998764982042	0.3837960934758082	1001.2164431049373
365.03866861671094	20.374165853207955	0.3845604780499138	1002.2164431049373
365.80612112835564	20.759108935507584	0.38532585138601855	1003.2164431049373
366.5753319681192	21.14481788573937	0.38609221400026716	1004.2164431049373
367.3463036331368	21.53129369343955	0.38685956640880415	1005.2164431049373
368.1190386220923	21.918537348660465	0.3876279091277741	1006.2164431049373
368.89353943521763	22.30654984197062	0.38839724267332165	1007.2164431049373
369.6698085742934	22.69533216445467	0.38916756756159143	1008.2164431049373
370.44784854264867	23.084885307713435	0.38993888430872803	1009.2164431049373
371.22766184516087	23.4752102638638	0.390711193430876	1010.2164431049373
372.00925098825587	23.8663080255389	0.39148449544418	1011.2164431049373
372.79261847990773	24.258179585887916	0.39225879086478455	1012.2164431049373
373.5777668296396	24.650825938576276	0.39303408020883446	1013.2164431049373
374.36469854852237	25.04424807778547	0.39381036399247416	1014.2164431049373
375.15341614917554	25.438446998213138	0.39458764273184815	1015.2164431049373
375.94392214576726	25.833423695073122	0.39536591694310125	1016.2164431049373
376.7362190540141	26.229179164095328	0.396145187142378	1017.2164431049373
377.5303093911809	26.625714401525926	0.39692545384582295	1018.2164431049373
378.32619567608094	27.023030404127113	0.3977067175695808	1019.2164431049373
379.1238804290759	27.42112816917725	0.398488978829796	1020.2164431049373
379.92336617207616	27.8200086944709	0.39927223814261337	1021.2164431049373
380.72465542854025	28.219672978318727	0.40005649602417725	1022.2164431049373
381.52775072347526	28.62012201954755	0.40084175299063246	1023.2164431049373
382.3326545834367	29.021356817500333	0.4016280095581235	1024.2164431049373
383.1393695365285	29.423378372036183	0.40241526624279506	1025.2164431049373
383.9478981124029	29.826187683530335	0.40320352356079153	1026.2164431049373
384.7582428422611	30.229785752874278	0.4039927820282579	1027.2164431049373
385.57040625885173	30.634173581475423	0.4047830421613383	1028.2164431049373
386.38439089647295	31.03935217125752	0.4055743044761777	1029.2164431049373
387.20019929097055	31.445322524660426	0.4063665694889205	1030.2164431049373
388.0178339797394	31.85208564464004	0.40715983771571146	1031.2164431049373
388.8372975017222	32.259642534668544	0.4079541096726951	1032.2164431049373
389.6585923974106	32.667994198734235	0.40874938587601606	1033.2164431049373
390.481721208844	33.07714164134144	0.40954566684181876	1034.2164431049373
391.30668647961113	33.487085867510714	0.410342953086248	1035.2164431049373
392.13349075484837	33.89782788277883	0.41114124512544836	1036.2164431049373
392.9621365812412	34.30936869319861	0.4119405434755645	1037.2164431049373
393.79262650702276	34.72170930533899	0.41274084865274074	1038.2164431049373
394.6249630819754	35.13485072628511	0.41354216117312204	1039.2164431049373
395.4591488574295	35.548793963638374	0.4143444815528528	1040.2164431049373
396.2951863862639	35.963540025516025	0.4151478103080777	1041.2164431049373
397.13307822290574	36.37908992055172	0.41595214795494123	1042.2164431049373
397.972826923331	36.795444657895175	0.41675749500958814	1043.2164431049373
398.8144350450639	37.21260524721221	0.417563851988163	1044.2164431049373
399.6579051471768	37.630572698684844	0.4183712194068103	1045.2164431049373
400.5032397902908	38.04934802301125	0.41917959778167474	1046.2164431049373
401.3504415365756	38.46893223140566	0.419988987628901	1047.2164431049373
402.1995129497488	38.889326335598554	0.4207993894646335	1048.2164431049373
403.05045659507704	39.31053134783647	0.421610803805017	1049.2164431049373
403.903275039375	39.732548280882185	0.42242323116619607	1050.2164431049373
404.75797085100567	40.155378148014506	0.42323667206431514	1051.2164431049373
405.614546599881	40.57902196302848	0.42405112701551906	1052.2164431049373
406.47300485746086	41.00348074023529	0.4248665965359523	1053.2164431049373
407.33334819675383	41.42875549446222	0.4256830811417595	1054.2164431049373
408.195579192317	41.85484724105265	0.4265005813490852	1055.2164431049373
409.0597004202557	42.28175699586623	0.42731909767407417	1056.2164431049373
409.9257144582236	42.70948577527875	0.4281386306328709	1057.2164431049373
410.79362388542296	43.138034596181996	0.4289591807416199	1058.2164431049373
411.6634312826045	43.567404475984006	0.42978074851646586	1059.2164431049373
412.5351392320676	43.99759643260899	0.43060333447355353	1060.2164431049373
413.4087503176593	44.42861148449725	0.43142693912902724	1061.2164431049373
414.2842671247761	44.8604506506052	0.4322515629990318	1062.2164431049373
415.161692240362	45.29311495040554	0.4330772065997117	1063.2164431049373
416.0410282529102	45.72660540388691	0.4339038704472116	1064.2164431049373
416.9222777524616	46.16092303155426	0.434731555057676	1065.2164431049373
417.8054433306063	46.59606885442864	0.43556026094724976	1066.2164431049373
418.6905275804823	47.03204389404718	0.43638998863207723	1067.2164431049373
419.57753309677616	47.46884917246328	0.43722073862830313	1068.2164431049373
420.4664624757229	47.90648571224631	0.43805251145207197	1069.2164431049373
421.3573183151061	48.344954536481964	0.4388853076195285	1070.2164431049373
422.2501032142573	48.784256668771974	0.4397191276468171	1071.2164431049373
423.1448197740573	49.22439313323423	0.4405539720500826	1072.2164431049373
424.0414705969345	49.66536495450285	0.44138984134546955	1073.2164431049373
424.94005828686636	50.10717315772794	0.44222673604912244	1074.2164431049373
425.8405854493782	50.5498187685759	0.443064656677186	1075.2164431049373
426.74305469154444	50.99330281322915	0.44390360374580484	1076.2164431049373
427.64746862198723	51.43762631838641	0.44474357777112344	1077.2164431049373
428.5538298508776	51.88279031126237	0.4455845792692864	1078.2164431049373
429.462140989935	52.32879581958795	0.44642660875643847	1079.2164431049373
430.3724046524271	52.7756438716103	0.44726966674872415	1080.2164431049373
431.2846234531704	53.223335496092545	0.4481137537622881	1081.2164431049373
432.19880000852913	53.671871722313966	0.44895887031327486	1082.2164431049373
433.1149369364168	54.12125358007026	0.4498050169178292	1083.2164431049373
434.03303685629464	54.57148209967289	0.4506521940920954	1084.2164431049373
434.9531023891727	55.02255831194975	0.4515004023522184	1085.2164431049373
435.8751361576094	55.47448324824467	0.4523496422143425	1086.2164431049373
436.7991407857117	55.9272579404178	0.4531999141946126	1087.2164431049373
437.7251188991346	56.38088342084532	0.45405121880917304	1088.2164431049373
438.653073125082	56.83536072241961	0.45490355657416864	1089.2164431049373
439.58300609230594	57.29069087854921	0.45575692800574397	1090.2164431049373
440.51492043110704	57.7468749231587	0.45661133362004347	1091.2164431049373
441.4488187733342	58.203913890688895	0.45746677393321183	1092.2164431049373
442.3847037523849	58.66180881609681	0.45832324946139374	1093.2164431049373
443.3225780032051	59.1205607348554	0.45918076072073366	1094.2164431049373
444.262444162289	59.580170682954005	0.4600393082273763	1095.2164431049373
445.20430486767935	60.04063969689797	0.46089889249746624	1096.2164431049373
446.1481627589674	60.50196881370884	0.46175951404714816	1097.2164431049373
447.0940204772926	60.96415907092417	0.4626211733925664	1098.2164431049373
448.04188066534306	61.427211506597885	0.4634838710498658	1099.2164431049373
448.99174596735526	61.891127159299955	0.464347607535191	1100.2164431049373
449.9436190291142	62.35590706811634	0.46521238336468645	1101.2164431049373
450.89750249795287	62.821552272649384	0.4660781990544967	1102.2164431049373
451.8533990227536	63.28806381301753	0.46694505512076667	1103.2164431049373
452.811311253946	63.75544272985515	0.4678129520796406	1104.2164431049373
453.77124184350913	64.223690064313	0.46868189044726316	1105.2164431049373
454.7331934449699	64.69280685805795	0.4695518707397792	1106.2164431049373
455.69716871340387	65.16279415327291	0.4704228934733332	1107.2164431049373
456.66317030543485	65.63365299265702	0.47129495916406966	1108.2164431049373
457.6312008792354	66.10538441942548	0.4721680683281332	1109.2164431049373
458.6012630945262	66.5779894773098	0.47304222148166863	1110.2164431049373
459.5733596125767	67.05146921055739	0.4739174191408203	1111.2164431049373
460.5474930962041	67.525824663932	0.4747936618217328	1112.2164431049373
461.52366620977506	68.00105688271351	0.47567095004055104	1113.2164431049373
462.50188161920386	68.4771669126978	0.47654928431341936	1114.2164431049373
463.48214199195326	68.95415580019706	0.4774286651564823	1115.2164431049373
464.4644499970351	69.43202459203953	0.4783090930858847	1116.2164431049373
465.448808305009	69.91077433556967	0.4791905686177711	1117.2164431049373
466.4352195879833	70.39040607864797	0.4800730922682861	1118.2164431049373
467.42368651961453	70.87092086965114	0.4809566645535741	1119.2164431049373
468.41421177510813	71.35231975747209	0.48184128598978	1120.2164431049373
469.40679803121736	71.83460379151975	0.48272695709304814	1121.2164431049373
470.4014479662447	72.31777402171923	0.4836136783795234	1122.2164431049373
471.3981642600401	72.80183149851192	0.48450145036535025	1123.2164431049373
472.39694959400265	73.28677727285512	0.48539027356667314	1124.2164431049373
473.39780665107963	73.77261239622246	0.48628014849963686	1125.2164431049373
474.40073811576684	74.25933792060363	0.487171075680386	1126.2164431049373
475.4057466741085	74.74695489850453	0.48806305562506513	1127.2164431049373
476.41283501369713	75.23546438294713	0.48895608884981884	1128.2164431049373
477.4220058236737	75.72486742746958	0.4898501758707917	1129.2164431049373
478.4332617947282	76.2151650861262	0.4907453172041285	1130.2164431049373
479.44660561909785	76.70635841348735	0.49164151336597356	1131.2164431049373
480.4620399905692	77.19844846463965	0.49253876487247167	1132.2164431049373
481.4795676044773	77.69143629518592	0.4934370722397674	1133.2164431049373
482.4991911577053	78.18532296124485	0.49433643598400534	1134.2164431049373
483.52091334868464	78.68010951945158	0.4952368566213301	1135.2164431049373
484.5447368773955	79.17579702695724	0.49613833466788626	1136.2164431049373
485.5706644453665	79.67238654142915	0.4970408706398185	1137.2164431049373
486.5986987556745	80.16987912105071	0.4979444650532713	1138.2164431049373
487.6288425129449	80.66827582452157	0.49884911842438934	1139.2164431049373
488.6610984233517	81.16757771105745	0.4997548312693173	1140.2164431049373
489.69546919461675	81.66778584039022	0.5006616041041996	1141.2164431049373
490.7319575360109	82.16890127276784	0.5015694374451809	1142.2164431049373
491.77056615835374	82.67092506895466	0.5024783318084061	1143.2164431049373
492.81129777401213	83.17385829023084	0.5033882877100192	1144.2164431049373
493.8541550969026	83.67770199839285	0.5042993056661653	1145.2164431049373
494.89914084248926	84.18245725575338	0.5052113861929889	1146.2164431049373
495.9462577277849	84.68812512514111	0.5061245298066345	1147.2164431049373
496.99550847135106	85.19470666990097	0.5070387370232466	1148.2164431049373
498.0468957932973	85.70220295389396	0.5079540083589702	1149.2164431049373
499.10042241528214	86.21061504149733	0.5088703443299497	1150.2164431049373
500.15609106051147	86.71994399760436	0.5097877454523294	1151.2164431049373
501.21390445374107	87.2301908876245	0.5107062122422544	1152.2164431049373
502.273865321274	87.74135677748345	0.5116257452158691	1153.2164431049373
503.3359763909622	88.25344273362288	0.5125463448893179	1154.2164431049373
504.4002403922059	88.7664498230007	0.5134680117787457	1155.2164431049373
505.46666005595415	89.28037911309107	0.514390746400297	1156.2164431049373
506.53523811470393	89.79523167188407	0.5153145492701163	1157.2164431049373
507.6059773025009	90.31100856788606	0.5162394209043484	1158.2164431049373
508.678880354939	90.82771087011957	0.5171653618191376	1159.2164431049373
509.75395000916114	91.34533964812326	0.5180923725306289	1160.2164431049373
510.8311890038579	91.86389597195182	0.5190204535549666	1161.2164431049373
511.91060007926853	92.38338091217616	0.5199496054082954	1162.2164431049373
512.9921859771812	92.90379553988345	0.52087982860676	1163.2164431049373
514.075949440932	93.42514092667679	0.5218111236665048	1164.2164431049373
515.1618932154055	93.9474181446756	0.5227434911036746	1165.2164431049373
516.2500200470349	94.47062826651536	0.523676931434414	1166.2164431049373
517.3403326838015	94.99477236534769	0.5246114451748672	1167.2164431049373
518.4328338752359	95.51985151484037	0.5255470328411794	1168.2164431049373
519.5275263724158	96.04586678917734	0.5264836949494948	1169.2164431049373
520.6244129279685	96.57281926305875	0.5274214320159583	1170.2164431049373
521.7234962960689	97.10071001170071	0.5283602445567142	1171.2164431049373
522.8247792324408	97.62954011083563	0.5293001330879072	1172.2164431049373
523.9282644943567	98.15931063671208	0.5302410981256821	1173.2164431049373
525.0339548406366	98.6900226660946	0.5311831401861831	1174.2164431049373
526.1418530316499	99.22167727626403	0.5321262597855552	1175.2164431049373
527.2519618293142	99.75427554501739	0.533070457439943	1176.2164431049373
528.3642839970948	100.28781855066764	0.5340157336654907	1177.2164431049373
529.4788223000063	100.82230737204414	0.5349620889783432	1178.2164431049373
530.5955795046117	101.35774308849214	0.5359095238946451	1179.2164431049373
531.7145583790219	101.8941267798733	0.5368580389305411	1180.2164431049373
532.8357616928963	102.43145952656515	0.5378076346021754	1181.2164431049373
533.9591922174434	102.96974240946157	0.5387583114256931	1182.2164431049373
535.0848527254194	103.50897650997256	0.5397100699172385	1183.2164431049373
536.212745991129	104.04916291002414	0.5406629105929561	1184.2164431049373
537.3428747904261	104.59030269205854	0.5416168339689909	1185.2164431049373
538.4752419007123	105.1323969390343	0.5425718405614872	1186.2164431049373
539.6098501009375	105.67544673442575	0.5435279308865897	1187.2164431049373
540.7467021716004	106.21945316222369	0.5444851054604429	1188.2164431049373
541.8858008947485	106.76441730693492	0.5454433647991916	1189.2164431049373
543.027149053977	107.31034025358244	0.5464027094189804	1190.2164431049373
544.1707494344298	107.85722308770528	0.5473631398359536	1191.2164431049373
545.3166048227993	108.4050668953588	0.5483246565662561	1192.2164431049373
546.4647180073266	108.95387276311428	0.5492872601260325	1193.2164431049373
547.6150917778004	109.50364177805938	0.5502509510314271	1194.2164431049373
548.7677289255591	110.0543750277977	0.5512157297985848	1195.2164431049373
549.9226322434881	110.60607360044924	0.5521815969436501	1196.2164431049373
551.0798045260224	111.15873858464974	0.5531485529827677	1197.2164431049373
552.2392485691447	111.71237106955147	0.5541165984320819	1198.2164431049373
553.4009671703868	112.26697214482263	0.5550857338077377	1199.2164431049373
554.5649631288281	112.82254290064779	0.5560559596258796	1200.2164431049373
555.7312392450972	113.37908442772729	0.557027276402652	1201.2164431049373
556.8997983213707	113.93659781727797	0.5579996846541997	1202.2164431049373
558.0706431613738	114.49508416103268	0.5589731848966673	1203.2164431049373
559.2437765703801	115.05454455124033	0.5599477776461992	1204.2164431049373
560.4192013552115	115.6149800806661	0.5609234634189403	1205.2164431049373
561.5969203242385	116.17639184259136	0.5619002427310349	1206.2164431049373
562.7769362873801	116.73878093081336	0.5628781160986278	1207.2164431049373
563.9592520561034	117.30214843964578	0.5638570840378635	1208.2164431049373
565.1438704434244	117.86649546391831	0.5648371470648867	1209.2164431049373
566.3307942639071	118.43182309897688	0.565818305695842	1210.2164431049373
567.5200263336644	118.9981324406834	0.566800560446874	1211.2164431049373
568.711569470357	119.56542458541603	0.5677839118341272	1212.2164431049373
569.9054264931946	120.13370063006911	0.5687683603737463	1213.2164431049373
571.1016002229348	120.70296167205305	0.5697539065818757	1214.2164431049373
572.3000934818847	121.27320880929443	0.5707405509746605	1215.2164431049373
573.5009090938985	121.84444314023597	0.5717282940682449	1216.2164431049373
574.7040498843792	122.41666576383656	0.5727171363787733	1217.2164431049373
575.909518680279	122.98987777957117	0.5737070784223908	1218.2164431049373
577.1173183100979	123.56408028743107	0.5746981207152417	1219.2164431049373
578.3274516038845	124.1392743879235	0.575690263773471	1220.2164431049373
579.5399213932353	124.71546118207183	0.5766835081132227	1221.2164431049373
580.7547305112959	125.29264177141582	0.5776778542506417	1222.2164431049373
581.9718817927603	125.8708172580111	0.5786733027018727	1223.2164431049373
583.1913780738707	126.44998874442953	0.5796698539830601	1224.2164431049373
584.4132221924178	127.0301573337592	0.5806675086103487	1225.2164431049373
585.6374169877406	127.61132412960433	0.581666267099883	1226.2164431049373
586.8639653007268	128.19349023608513	0.5826661299678076	1227.2164431049373
588.0928699738124	128.77665675783814	0.5836670977302671	1228.2164431049373
589.3241338509815	129.36082480001588	0.5846691709034061	1229.2164431049373
590.5577597777677	129.94599546828718	0.5856723500033694	1230.2164431049373
591.7937506012515	130.53216986883692	0.5866766355463012	1231.2164431049373
593.0321091700634	131.11934910836615	0.5876820280483466	1232.2164431049373
594.2728383343807	131.70753429409203	0.5886885280256496	1233.2164431049373
595.5159409459307	132.29672653374794	0.5896961359943553	1234.2164431049373
596.7614198579881	132.8869269355833	0.5907048524706082	1235.2164431049373
598.0092779253766	133.4781366083637	0.5917146779705529	1236.2164431049373
599.2595180044676	134.07035666137102	0.5927256130103338	1237.2164431049373
600.5121429531821	134.66358820440308	0.5937376581060957	1238.2164431049373
601.7671556309884	135.2578323477739	0.5947508137739832	1239.2164431049373
603.024558898904	135.8530902023138	0.5957650805301409	1240.2164431049373
604.2843556194941	136.449362879369	0.5967804588907132	1241.2164431049373
605.5465486568734	137.04665149080205	0.5977969493718449	1242.2164431049373
606.8111408767038	137.64495714899158	0.5988145524896806	1243.2164431049373
608.0781351461968	138.24428096683232	0.5998332687603649	1244.2164431049373
609.3475343341113	138.8446240577353	0.6008530987000423	1245.2164431049373
610.6193413107553	139.44598753562752	0.6018740428248577	1246.2164431049373
611.893558947985	140.04837251495212	0.6028961016509553	1247.2164431049373
613.170190119205	140.65178011066854	0.6039192756944798	1248.2164431049373
614.4492376993687	141.25621143825225	0.604943565471576	1249.2164431049373
615.7307045649774	141.86166761369492	0.6059689714983885	1250.2164431049373
617.014593594081	142.4681497535043	0.6069954942910616	1251.2164431049373
618.3009076662784	143.07565897470437	0.6080231343657403	1252.2164431049373
619.5896496627157	143.68419639483523	0.6090518922385688	1253.2164431049373
620.8808224660885	144.29376313195297	0.610081768425692	1254.2164431049373
622.1744289606407	144.90436030463007	0.6111127634432544	1255.2164431049373
623.4704720321643	145.515989031955	0.6121448778074006	1256.2164431049373
624.7689545679997	146.12865043353247	0.6131781120342752	1257.2164431049373
626.0698794570362	146.7423456294832	0.6142124666400228	1258.2164431049373
627.3732495897112	147.35707574044412	0.615247942140788	1259.2164431049373
628.6790678580105	147.9728418875685	0.6162845390527155	1260.2164431049373
629.9873371554684	148.58964519252535	0.6173222578919498	1261.2164431049373
631.2980603771678	149.20748677750015	0.6183610991746356	1262.2164431049373
632.6112404197397	149.8263677651945	0.6194010634169175	1263.2164431049373
633.9268801813635	150.44628927882596	0.6204421511349397	1264.2164431049373
635.2449825617678	151.06725244212834	0.6214843628448474	1265.2164431049373
636.5655504622288	151.68925837935166	0.6225276990627849	1266.2164431049373
637.8885867855714	152.31230821526196	0.6235721603048969	1267.2164431049373
639.2140944361686	152.93640307514156	0.6246177470873278	1268.2164431049373
640.5420763199429	153.56154408478878	0.6256644599262225	1269.2164431049373
641.8725353443641	154.1877323705182	0.6267122993377254	1270.2164431049373
643.2054744184511	154.81496905916046	0.6277612658379812	1271.2164431049373
644.5408964527704	155.44325527806245	0.6288113599431343	1272.2164431049373
645.8788043594379	156.0725921550871	0.6298625821693297	1273.2164431049373
647.2192010521179	156.7029808186135	0.6309149330327116	1274.2164431049373
648.5620894460224	157.33442239753694	0.6319684130494247	1275.2164431049373
649.9074724579124	157.96691802126887	0.633023022735614	1276.2164431049373
651.2553530060967	158.60046881973673	0.6340787626074236	1277.2164431049373
652.6057340104334	159.23507592338427	0.6351356331809982	1278.2164431049373
653.9586183923286	159.8707404631714	0.6361936349724826	1279.2164431049373
655.3140090747368	160.50746357057392	0.6372527684980211	1280.2164431049373
656.671908982161	161.14524637758413	0.6383130342737587	1281.2164431049373
658.0323210406526	161.7840900167102	0.6393744328158397	1282.2164431049373
659.3952481778113	162.42399562097665	0.6404369646404089	1283.2164431049373
660.7606933227856	163.06496432392393	0.6415006302636107	1284.2164431049373
662.1286594062724	163.70699725960878	0.6425654302015898	1285.2164431049373
663.4991493605165	164.35009556260408	0.643631364970491	1286.2164431049373
664.8721661193115	164.99426036799878	0.6446984350864584	1287.2164431049373
666.2477126179997	165.63949281139804	0.6457666410656371	1288.2164431049373
667.6257917934715	166.28579402892322	0.6468359834241716	1289.2164431049373
669.0064065841657	166.9331651572116	0.6479064626782063	1290.2164431049373
670.3895599300695	167.5816073334168	0.648978079343886	1291.2164431049373
671.7752547727185	168.23112169520857	0.650050833937355	1292.2164431049373
673.1634940551977	168.88170938077286	0.6511247269747584	1293.2164431049373
674.5542807221389	169.53337152881147	0.6521997589722404	1294.2164431049373
675.9476177197234	170.18610927854274	0.6532759304459457	1295.2164431049373
677.3435079956812	170.83992376970082	0.6543532419120192	1296.2164431049373
678.7419544992895	171.49481614253625	0.6554316938866049	1297.2164431049373
680.142960181375	172.15078753781557	0.6565112868858479	1298.2164431049373
681.5465279943124	172.80783909682157	0.6575920214258927	1299.2164431049373
682.9526608920252	173.46597196135303	0.6586738980228838	1300.2164431049373
684.3613618299848	174.12518727372498	0.6597569171929659	1301.2164431049373
685.7726337652111	174.78548617676864	0.6608410794522834	1302.2164431049373
687.1864796562731	175.44686981383143	0.6619263853169813	1303.2164431049373
688.6029024632876	176.1093393287765	0.6630128353032039	1304.2164431049373
690.0219051479199	176.77289586598363	0.6641004299270957	1305.2164431049373
691.4434906733841	177.4375405703487	0.6651891697048018	1306.2164431049373
692.867662004442	178.10327458728324	0.6662790551524662	1307.2164431049373
694.2944221074046	178.7700990627156	0.6673700867862338	1308.2164431049373
695.7237739501311	179.43801514308984	0.6684622651222494	1309.2164431049373
697.155720502029	180.10702397536625	0.6695555906766573	1310.2164431049373
698.5902647340538	180.7771267070213	0.6706500639656019	1311.2164431049373
700.0274096187109	181.44832448604762	0.6717456855052283	1312.2164431049373
701.4671581300527	182.120618460954	0.672842455811681	1313.2164431049373
702.9095132436803	182.79400978076535	0.6739403754011044	1314.2164431049373
704.3544779367436	183.46849959502265	0.6750394447896432	1315.2164431049373
705.8020551879409	184.14408905378303	0.6761396644934421	1316.2164431049373
707.2522479775187	184.82077930761994	0.6772410350286455	1317.2164431049373
708.7050592872718	185.49857150762284	0.678343556911398	1318.2164431049373
710.1604921005442	186.17746680539733	0.6794472306578445	1319.2164431049373
711.6185494022275	186.8574663530652	0.6805520567841294	1320.2164431049373
713.0792341787621	187.53857130326423	0.6816580358063974	1321.2164431049373
714.5425494181367	188.22078280914866	0.6827651682407929	1322.2164431049373
716.0084981098885	188.90410202438858	0.6838734546034606	1323.2164431049373
717.4770832451031	189.5885301031704	0.6849828954105452	1324.2164431049373
718.9483078164147	190.2740682001965	0.6860934911781913	1325.2164431049373
720.422174818006	190.96071747068567	0.6872052424225434	1326.2164431049373
721.8986872456076	191.6484790703726	0.688318149659746	1327.2164431049373
723.3778480964987	192.33735415550817	0.689432213405944	1328.2164431049373
724.859660369508	193.02734388285958	0.6905474341772819	1329.2164431049373
726.3441270650106	193.71844940970985	0.691663812489904	1330.2164431049373
727.8312511849321	194.41067189385845	0.6927813488599553	1331.2164431049373
729.321035732745	195.1040124936209	0.6939000438035804	1332.2164431049373
730.8134837134714	195.79847236782885	0.6950198978369236	1333.2164431049373
732.3085981336808	196.49405267583003	0.6961409114761297	1334.2164431049373
733.8063820014917	197.19075457748843	0.6972630852373431	1335.2164431049373
735.3068383265713	197.88857923318412	0.698386419636709	1336.2164431049373
736.8099701201345	198.58752780381334	0.6995109151903713	1337.2164431049373
738.3157803949448	199.2876014507884	0.7006365724144747	1338.2164431049373
739.8242721653153	199.98880133603782	0.7017633918251643	1339.2164431049373
741.3354484471056	200.6911286220063	0.7028913739385843	1340.2164431049373
742.8493122577253	201.3945844716546	0.7040205192708794	1341.2164431049373
744.3658666161311	202.09917004845968	0.705150828338194	1342.2164431049373
745.88511454283	202.8048865164147	0.706282301656673	1343.2164431049373
747.4070590598758	203.5117350400288	0.7074149397424611	1344.2164431049373
748.9317031908708	204.2197167843274	0.7085487431117024	1345.2164431049373
750.4590499609668	204.9288329148521	0.709683712280542	1346.2164431049373
751.9891023968632	205.63908459766046	0.7108198477651242	1347.2164431049373
753.5218635268081	206.35047299932629	0.7119571500815938	1348.2164431049373
755.0573363805977	207.06299928693963	0.7130956197460951	1349.2164431049373
756.5955239895775	207.77666462810654	0.7142352572747732	1350.2164431049373
758.1364293866403	208.4914701909493	0.7153760631837723	1351.2164431049373
759.6800556062285	209.20741714410624	0.7165180379892372	1352.2164431049373
761.2264056843318	209.92450665673195	0.7176611822073125	1353.2164431049373
762.7754826584886	210.64273989849707	0.7188054963541424	1354.2164431049373
764.3272895677866	211.36211803958852	0.719950980945872	1355.2164431049373
765.8818294528613	212.08264225070926	0.7210976364986459	1356.2164431049373
767.4391053558965	212.80431370307824	0.7222454635286084	1357.2164431049373
768.9991203206241	213.52713356843086	0.7233944625519041	1358.2164431049373
770.5618773923256	214.25110301901853	0.724544634084678	1359.2164431049373
772.1273796178303	214.97622322760876	0.7256959786430743	1360.2164431049373
773.6956300455155	215.70249536748528	0.7268484967432378	1361.2164431049373
775.2666317253074	216.4299206124479	0.7280021889013131	1362.2164431049373
776.8403877086807	217.1585001368126	0.7291570556334447	1363.2164431049373
778.4169010486584	217.8882351154115	0.7303130974557772	1364.2164431049373
779.9961747998116	218.61912672359298	0.7314703148844554	1365.2164431049373
781.5782120182606	219.3511761372213	0.7326287084356237	1366.2164431049373
783.1630157616736	220.08438453267703	0.7337882786254267	1367.2164431049373
784.7505890892671	220.81875308685701	0.7349490259700092	1368.2164431049373
786.3409350618065	221.55428297717404	0.7361109509855156	1369.2164431049373
787.9340567416052	222.2909753815571	0.7372740541880907	1370.2164431049373
789.5299571925257	223.02883147845128	0.738438336093879	1371.2164431049373
791.1286394799777	223.76785244681795	0.7396037972190248	1372.2164431049373
792.7301066709206	224.50803946613453	0.7407704380796732	1373.2164431049373
794.3343618338616	225.2493937163945	0.7419382591919687	1374.2164431049373
795.9414080388567	225.99191637810767	0.7431072610720556	1375.2164431049373
797.5512483575098	226.73560863229997	0.7442774442360789	1376.2164431049373
799.1638858629734	227.4804716605132	0.7454488092001827	1377.2164431049373
800.7793236299492	228.22650664480577	0.7466213564805122	1378.2164431049373
802.3975647346863	228.97371476775172	0.7477950865932117	1379.2164431049373
804.0186122549824	229.72209721244167	0.7489700000544257	1380.2164431049373
805.642469270184	230.47165516248214	0.7501460973802988	1381.2164431049373
807.2691388611863	231.22238980199586	0.7513233790869759	1382.2164431049373
808.8986241104325	231.97430231562174	0.7525018456906015	1383.2164431049373
810.5309281019138	232.72739388851483	0.7536814977073201	1384.2164431049373
812.1660539211703	233.48166570634612	0.7548623356532761	1385.2164431049373
813.8040046552908	234.23711895530312	0.7560443600446145	1386.2164431049373
815.4447833929128	234.99375482208916	0.7572275713974798	1387.2164431049373
817.0883932242205	235.75157449392395	0.7584119702280163	1388.2164431049373
818.7348372409488	236.51057915854318	0.7595975570523691	1389.2164431049373
820.3841185363792	237.2707700041987	0.7607843323866824	1390.2164431049373
822.0362402053431	238.03214821965855	0.7619722967471011	1391.2164431049373
823.6912053442194	238.7947149942069	0.7631614506497695	1392.2164431049373
825.3490170509353	239.55847151764425	0.7643517946108325	1393.2164431049373
827.0096784249671	240.32341898028682	0.7655433291464344	1394.2164431049373
828.6731925673397	241.0895585729673	0.7667360547727201	1395.2164431049373
830.3395625806252	241.85689148703455	0.7679299720058341	1396.2164431049373
832.0087915689451	242.6254189143533	0.7691250813619207	1397.2164431049373
833.6808826379695	243.39514204730472	0.7703213833571251	1398.2164431049373
835.3558388949165	244.166062078786	0.7715188785075915	1399.2164431049373
837.0336634485523	244.9381802022104	0.7727175673294644	1400.2164431049373
838.7143594091922	245.71149761150747	0.7739174503388887	1401.2164431049373
840.3979298887	246.48601550112272	0.775118528052009	1402.2164431049373
842.0843780004867	247.26173506601805	0.7763208009849696	1403.2164431049373
843.7737068595137	248.0386575016713	0.7775242696539153	1404.2164431049373
845.4659195822893	248.81678400407662	0.7787289345749907	1405.2164431049373
847.1610192868709	249.59611576974407	0.7799347962643406	1406.2164431049373
848.859009092864	250.3766539957001	0.7811418552381093	1407.2164431049373
850.5598921214221	251.15839987948715	0.7823501120124413	1408.2164431049373
852.263671495249	251.94135461916386	0.7835595671034817	1409.2164431049373
853.9703503385949	252.72551941330505	0.7847702210273747	1410.2164431049373
855.679931777259	253.5108954610016	0.785982074300265	1411.2164431049373
857.3924189385891	254.29748396186062	0.7871951274382972	1412.2164431049373
859.1078149514823	255.0852861160053	0.788409380957616	1413.2164431049373
860.8261229463824	255.87430312407503	0.7896248353743659	1414.2164431049373
862.5473460552828	256.6645361872252	0.7908414912046915	1415.2164431049373
864.271487411725	257.45598650712765	0.7920593489647374	1416.2164431049373
865.9985501507992	258.24865528596996	0.7932784091706483	1417.2164431049373
867.7285374091439	259.0425437264562	0.7944986723385687	1418.2164431049373
869.4614523249453	259.83765303180655	0.7957201389846433	1419.2164431049373
871.1972980379394	260.633984405757	0.7969428096250166	1420.2164431049373
872.9360776894096	261.43153905256	0.7981666847758333	1421.2164431049373
874.677794422188	262.2303181769842	0.7993917649532379	1422.2164431049373
876.4224513806553	263.03032298431407	0.8006180506733751	1423.2164431049373
878.1700517107403	263.83155468035056	0.8018455424523894	1424.2164431049373
879.9205985599209	264.6340144714105	0.8030742408064254	1425.2164431049373
881.674095077223	265.43770356432714	0.8043041462516279	1426.2164431049373
883.4305444132204	266.24262316644956	0.8055352593041414	1427.2164431049373
885.1899497200361	267.04877448564315	0.8067675804801103	1428.2164431049373
886.9523141513417	267.8561587302897	0.8080011102956796	1429.2164431049373
888.717640862356	268.66477710928643	0.8092358492669934	1430.2164431049373
890.4859330098476	269.4746308320476	0.8104717979101967	1431.2164431049373
892.2571937521334	270.28572110850297	0.8117089567414342	1432.2164431049373
894.0314262490774	271.09804914909853	0.81294732627685	1433.2164431049373
895.8086336620936	271.91161616479667	0.8141869070325891	1434.2164431049373
897.5888191541434	272.7264233670759	0.815427699524796	1435.2164431049373
899.3719858897374	273.5424719679305	0.8166697042696153	1436.2164431049373
901.1581370349343	274.3597631798713	0.8179129217831915	1437.2164431049373
902.9472757573404	275.17829821592517	0.8191573525816694	1438.2164431049373
904.7394052261122	275.99807828963503	0.8204029971811935	1439.2164431049373
906.5345286119532	276.81910461506	0.8216498560979084	1440.2164431049373
908.3326490871161	277.6413784067753	0.8228979298479587	1441.2164431049373
910.1337698254015	278.4649008798724	0.8241472189474892	1442.2164431049373
911.9378940021583	279.2896732499588	0.825397723912644	1443.2164431049373
913.745024794285	280.11569673315825	0.8266494452595682	1444.2164431049373
915.555165380227	280.9429725461105	0.8279023835044063	1445.2164431049373
917.3683189399798	281.7715019059717	0.8291565391633028	1446.2164431049373
919.184488655085	282.6012860304139	0.8304119127524022	1447.2164431049373
921.0036777086355	283.43232613762535	0.8316685047878494	1448.2164431049373
922.8258892852699	284.26462344631045	0.8329263157857887	1449.2164431049373
924.6511265711772	285.0981791756898	0.8341853462623647	1450.2164431049373
926.4793927540943	285.9329945455001	0.8354455967337224	1451.2164431049373
928.310691023306	286.7690707759941	0.8367070677160061	1452.2164431049373
930.1450245696465	287.6064090879411	0.8379697597253606	1453.2164431049373
931.9823965854966	288.44501070262606	0.8392336732779302	1454.2164431049373
933.8228102647879	289.2848768418501	0.8404988088898596	1455.2164431049373
935.6662688029987	290.12600872793087	0.8417651670772935	1456.2164431049373
937.5127753971569	290.9684075837019	0.8430327483563765	1457.2164431049373
939.3623332458375	291.8120746325129	0.8443015532432532	1458.2164431049373
941.2149455491652	292.65701109822976	0.845571582254068	1459.2164431049373
943.0706155088129	293.50321820523436	0.8468428359049658	1460.2164431049373
944.9293463280015	294.3506971784251	0.8481153147120913	1461.2164431049373
946.7911412114998	295.199449243216	0.8493890191915885	1462.2164431049373
948.6560033656266	296.04947562553775	0.8506639498596026	1463.2164431049373
950.5239359982482	296.90077755183677	0.851940107232278	1464.2164431049373
952.394942318779	297.7533562490759	0.8532174918257592	1465.2164431049373
954.269025538182	298.607212944734	0.8544961041561908	1466.2164431049373
956.14618886897	299.462348866806	0.8557759447397177	1467.2164431049373
958.0264355252021	300.3187652438032	0.8570570140924844	1468.2164431049373
959.9097687224876	301.1764633047528	0.8583393127306352	1469.2164431049373
961.7961916779823	302.03544427919826	0.8596228411703148	1470.2164431049373
963.685707610393	302.8957093971993	0.8609075999276682	1471.2164431049373
965.5783197399728	303.7572598893315	0.8621935895188395	1472.2164431049373
967.4740312885241	304.6200969866869	0.8634808104599737	1473.2164431049373
969.3728454793974	305.48422192087355	0.8647692632672151	1474.2164431049373
971.2747655374922	306.3496359240155	0.8660589484567085	1475.2164431049373
973.1797946892558	307.2163402287531	0.8673498665445983	1476.2164431049373
975.0879361626847	308.0843360682428	0.8686420180470293	1477.2164431049373
976.9991931873224	308.95362467615735	0.869935403480146	1478.2164431049373
978.913568994263	309.82420728668546	0.871230023360093	1479.2164431049373
980.8310668161467	310.6960851345318	0.872525878203015	1480.2164431049373
982.7516898871643	311.56925945491787	0.8738229685250568	1481.2164431049373
984.6754414430532	312.44373148358045	0.8751212948423625	1482.2164431049373
986.6023247211001	313.3195024567731	0.8764208576710769	1483.2164431049373
988.5323429601401	314.1965736112651	0.8777216575273447	1484.2164431049373
990.4654994005573	315.07494618434225	0.8790236949273105	1485.2164431049373
992.4017972842826	315.9546214138063	0.8803269703871186	1486.2164431049373
994.3412398547973	316.8356005379752	0.8816314844229144	1487.2164431049373
996.2838303571298	317.71788479568295	0.8829372375508417	1488.2164431049373
998.229572037857	318.60147542627965	0.8842442302870452	1489.2164431049373
1000.1784681451048	319.4863736696318	0.8855524631476698	1490.2164431049373
1002.1305219285473	320.3725807661218	0.8868619366488599	1491.2164431049373
1004.0857366394075	321.26009795664834	0.8881726513067604	1492.2164431049373
1006.0441155304554	322.1489264826263	0.8894846076375156	1493.2164431049373
1008.0056618560111	323.03906758598646	0.8907978061572701	1494.2164431049373
1009.9703788719421	323.93052250917594	0.8921122473821687	1495.2164431049373
1011.9382698356649	324.82329249515783	0.8934279318283558	1496.2164431049373
1013.9093380061443	325.7173787874117	0.8947448600119761	1497.2164431049373
1015.8835866438925	326.612782629933	0.896063032449174	1498.2164431049373
1017.8610190109725	327.5095052672333	0.8973824496560947	1499.2164431049373
1019.841638370993	328.4075479443404	0.8987031121488821	1500.2164431049373
1021.8254479891133	329.3069119067985	0.9000250204436814	1501.2164431049373
1023.8124511320399	330.2075984006673	0.9013481750566368	1502.2164431049373
1025.8026510680281	331.1096086725232	0.9026725765038929	1503.2164431049373
1027.7960510668815	332.01294396945843	0.9039982253015943	1504.2164431049373
1029.7926543999524	332.9176055390818	0.905325121965886	1505.2164431049373
1031.792464340142	333.82359462951774	0.9066532670129123	1506.2164431049373
1033.7954841618982	334.7309124894073	0.9079826609588177	1507.2164431049373
1035.8017171412191	335.63956036790717	0.9093133043197471	1508.2164431049373
1037.8111665556505	336.5495395146904	0.9106451976118447	1509.2164431049373
1039.8238356842867	337.46085117994664	0.9119783413512556	1510.2164431049373
1041.839727807771	338.3734966143809	0.9133127360541239	1511.2164431049373
1043.8588462082937	339.2874770692147	0.9146483822365947	1512.2164431049373
1045.8811941695947	340.2027937961859	0.9159852804148121	1513.2164431049373
1047.9067749769624	341.1194480475484	0.9173234311049212	1514.2164431049373
1049.935591917233	342.0374410760719	0.9186628348230663	1515.2164431049373
1051.9676482787918	342.95677413504256	0.9200034920853919	1516.2164431049373
1054.0029473515717	343.87744847826264	0.9213454034080427	1517.2164431049373
1056.0414924270547	344.7994653600507	0.9226885693071636	1518.2164431049373
1058.0832867982706	345.72282603524116	0.9240329902988987	1519.2164431049373
1060.1283337597993	346.64753175918474	0.9253786668993931	1520.2164431049373
1062.1766366077666	347.57358378774836	0.9267255996247912	1521.2164431049373
1064.2281986398489	348.50098337731475	0.9280737889912375	1522.2164431049373
1066.2830231552698	349.42973178478314	0.9294232355148767	1523.2164431049373
1068.3411134548014	350.35983026756895	0.9307739397118533	1524.2164431049373
1070.402472840765	351.2912800836034	0.932125902098312	1525.2164431049373
1072.4671046170297	352.22408249133406	0.9334791231903974	1526.2164431049373
1074.5350120890137	353.15823874972483	0.9348336035042544	1527.2164431049373
1076.6061985636823	354.0937501182553	0.9361893435560269	1528.2164431049373
1078.680667349551	355.03061785692154	0.9375463438618601	1529.2164431049373
1080.7584217566816	355.9688432262357	0.9389046049378983	1530.2164431049373
1082.8394650966861	356.90842748722616	0.9402641273002862	1531.2164431049373
1084.923800682725	357.8493719014371	0.9416249114651685	1532.2164431049373
1087.0114318295057	358.7916777309293	0.9429869579486896	1533.2164431049373
1089.1023618532859	359.7353462382794	0.9443502672669944	1534.2164431049373
1091.1965940718696	360.68037868658035	0.9457148399362273	1535.2164431049373
1093.2941318046112	361.62677633944094	0.9470806764725327	1536.2164431049373
1095.3949783724127	362.57454046098644	0.9484477773920557	1537.2164431049373
1097.499137097724	363.5236723158581	0.9498161432109403	1538.2164431049373
1099.6066113045451	364.47417316921343	0.9511857744453317	1539.2164431049373
1101.7174043184227	365.42604428672604	0.9525566716113743	1540.2164431049373
1103.8315194664522	366.37928693458554	0.9539288352252123	1541.2164431049373
1105.9489600772783	367.3339023794978	0.9553022658029909	1542.2164431049373
1108.0697294810934	368.2898918886848	0.9566769638608544	1543.2164431049373
1110.193831009639	369.24725672988484	0.9580529299149474	1544.2164431049373
1112.3212679962041	370.2059981713521	0.9594301644814145	1545.2164431049373
1114.452043775627	371.16611748185716	0.9608086680764004	1546.2164431049373
1116.5861616842944	372.1276159306866	0.96218844121605	1547.2164431049373
1118.72362506014	373.0904947876429	0.9635694844165071	1548.2164431049373
1120.8644372426481	374.05475532304513	0.964951798193917	1549.2164431049373
1123.0086015728502	375.0203988077284	0.9663353830644241	1550.2164431049373
1125.1561213933257	375.98742651304383	0.9677202395441727	1551.2164431049373
1127.307000048204	376.9558397108585	0.9691063681493078	1552.2164431049373
1129.461240883162	377.92563967355625	0.9704937693959741	1553.2164431049373
1131.6188472454246	378.89682767403644	0.9718824438003159	1554.2164431049373
1133.7798224837659	379.8694049857149	0.9732723918784778	1555.2164431049373
1135.9441699485085	380.8433728825234	0.9746636141466044	1556.2164431049373
1138.1118929915224	381.81873263891003	0.9760561111208405	1557.2164431049373
1140.282994966228	382.7954855298391	0.9774498833173306	1558.2164431049373
1142.4574792275912	383.7736328307908	0.9788449312522192	1559.2164431049373
1144.6353491321295	384.7531758177618	0.9802412554416512	1560.2164431049373
1146.8166080379067	385.7341157672644	0.981638856401771	1561.2164431049373
1149.0012593045358	386.7164539563276	0.983037734648723	1562.2164431049373
1151.189306293178	387.70019166249614	0.9844378906986522	1563.2164431049373
1153.380752366543	388.6853301638312	0.9858393250677029	1564.2164431049373
1155.575600888889	389.6718707389099	0.9872420382720197	1565.2164431049373
1157.773855226023	390.6598146668257	0.9886460308277475	1566.2164431049373
1159.9755187453	391.64916322718807	0.9900513032510307	1567.2164431049373
1162.1805948156234	392.6399177001224	0.991457856058014	1568.2164431049373
1164.3890868074448	393.6320793662707	0.9928656897648419	1569.2164431049373
1166.600998092765	394.62564950679075	0.994274804887659	1570.2164431049373
1168.8163320451317	395.62062940335665	0.9956852019426098	1571.2164431049373
1171.035092039644	396.6170203381586	0.9970968814458392	1572.2164431049373
1173.257281452946	397.6148235939031	0.9985098439134915	1573.2164431049373
1175.4829036632332	398.6140404538126	0.9999240898617119	1574.2164431049373
1177.7119620502467	399.61467220162547	1.001339619806644	1575.2164431049373
1179.9444599952783	400.6167201215968	1.0027564342644333	1576.2164431049373
1182.1804008811666	401.6201854984973	1.0041745337512238	1577.2164431049373
1184.4197880923002	402.62506961761426	1.0055939187831604	1578.2164431049373
1186.6626250146155	403.6313737647507	1.0070145898763878	1579.2164431049373
1188.9089150355967	404.6390992262262	1.0084365475470505	1580.2164431049373
1191.158661544277	405.64824728887606	1.0098597923112929	1581.2164431049373
1193.4118679312385	406.658819240052	1.0112843246852599	1582.2164431049373
1195.6685375886107	407.67081636762185	1.012710145185096	1583.2164431049373
1197.9286739100717	408.6842399599695	1.0141372543269458	1584.2164431049373
1200.1922802908484	409.6990913059951	1.0155656526269536	1585.2164431049373
1202.459360127717	410.7153716951148	1.0169953406012644	1586.2164431049373
1204.7299168190007	411.7330824172612	1.018426318766023	1587.2164431049373
1207.0039537645716	412.7522247628825	1.0198585876373734	1588.2164431049373
1209.2814743658505	413.77280002294344	1.0212921477314605	1589.2164431049373
1211.5624820258063	414.794809488925	1.022726999564429	1590.2164431049373
1213.8469801489564	415.818254452824	1.0241631436524234	1591.2164431049373
1216.1349721413662	416.8431362071536	1.0256005805115882	1592.2164431049373
1218.4264614106514	417.8694560449429	1.0270393106580682	1593.2164431049373
1220.7214513659733	418.8972152597376	1.028479334608008	1594.2164431049373
1223.0199454180447	419.92641514559887	1.0299206528775522	1595.2164431049373
1225.3219469791234	420.95705699710453	1.031363265982845	1596.2164431049373
1227.627459463019	421.98914210934845	1.0328071744400313	1597.2164431049373
1229.9364862850873	423.0226717779406	1.034252378765256	1598.2164431049373
1232.249030862233	424.057647299007	1.0356988794746633	1599.2164431049373
1234.5650966129106	425.0940699691901	1.0371466770843982	1600.2164431049373
1236.8846869571205	426.131941085648	1.0385957721106047	1601.2164431049373
1239.2078053164134	427.1712619460555	1.0400461650694277	1602.2164431049373
1241.5344551138887	428.21203384860314	1.041497856477012	1603.2164431049373
1243.8646397741923	429.25425809199777	1.042950846849502	1604.2164431049373
1246.1983627235209	430.2979359754625	1.0444051367030422	1605.2164431049373
1248.5356273896177	431.3430687987363	1.0458607265537776	1606.2164431049373
1250.8764372017756	432.3896578620745	1.0473176169178526	1607.2164431049373
1253.2207955908355	433.4377044662486	1.0487758083114116	1608.2164431049373
1255.568705989186	434.48720991254584	1.0502353012505994	1609.2164431049373
1257.920171830765	435.53817550277023	1.0516960962515605	1610.2164431049373
1260.2751965510595	436.59060253924156	1.0531581938304397	1611.2164431049373
1262.6337835871032	437.6444923247959	1.0546215945033812	1612.2164431049373
1264.9959363774788	438.699846162785	1.05608629878653	1613.2164431049373
1267.3616583623193	439.75666535707785	1.0575523071960309	1614.2164431049373
1269.730952983303	440.81495121205796	1.059019620248028	1615.2164431049373
1272.1038236836587	441.8747050326267	1.0604882384586658	1616.2164431049373
1274.4802739081638	442.93592812420025	1.0619581623440895	1617.2164431049373
1276.8603071031425	443.9986217927118	1.0634293924204432	1618.2164431049373
1279.2439267164689	445.0627873446101	1.0649019292038717	1619.2164431049373
1281.631136197565	446.1284260868607	1.06637577321052	1620.2164431049373
1284.0219389974015	447.1955393269444	1.0678509249565318	1621.2164431049373
1286.416338568497	448.26412837285886	1.0693273849580525	1622.2164431049373
1288.814338364919	449.3341945331176	1.0708051537312262	1623.2164431049373
1291.215941842283	450.4057391167506	1.0722842317921977	1624.2164431049373
1293.6211524577536	451.47876343330336	1.0737646196571118	1625.2164431049373
1296.0299736700435	452.55326879283814	1.0752463178421128	1626.2164431049373
1298.4424089394133	453.6292565059331	1.0767293268633455	1627.2164431049373
1300.8584617276733	454.70672788368233	1.0782136472369546	1628.2164431049373
1303.278135498181	455.7856842376964	1.0796992794790843	1629.2164431049373
1305.7014337158423	456.8661268801021	1.0811862241058794	1630.2164431049373
1308.1283598471127	457.94805712354173	1.0826744816334846	1631.2164431049373
1310.5589173599951	459.0314762811746	1.0841640525780443	1632.2164431049373
1312.9931097240415	460.11638566667557	1.0856549374557034	1633.2164431049373
1315.4309404103517	461.2027865942358	1.0871471367826062	1634.2164431049373
1317.8724128915749	462.29068037856257	1.0886406510748978	1635.2164431049373
1320.3175306419073	463.3800683348795	1.0901354808487222	1636.2164431049373
1322.7662971370942	464.47095177892584	1.091631626620224	1637.2164431049373
1325.2187158544302	465.5633320269578	1.0931290889055483	1638.2164431049373
1327.6747902727575	466.6572103957469	1.0946278682208395	1639.2164431049373
1330.1345238724664	467.7525882025816	1.096127965082242	1640.2164431049373
1332.5979201354967	468.84946676526556	1.097629380005901	1641.2164431049373
1335.0649825453352	469.9478474021196	1.0991321135079601	1642.2164431049373
1337.5357145870184	471.0477314319796	1.1006361661045647	1643.2164431049373
1340.0101197471306	472.14912017419897	1.1021415383118593	1644.2164431049373
1342.4882015138046	473.25201494864564	1.1036482306459883	1645.2164431049373
1344.9699633767223	474.35641707570517	1.1051562436230964	1646.2164431049373
1347.455408827113	475.4623278762783	1.1066655777593284	1647.2164431049373
1349.9445413577546	476.56974867178224	1.1081762335708283	1648.2164431049373
1352.437364462974	477.6786807841504	1.1096882115737412	1649.2164431049373
1354.9338816386467	478.7891255358322	1.1112015122842116	1650.2164431049373
1357.4340963821955	479.90108424979326	1.112716136218384	1651.2164431049373
1359.9380121925933	481.0145582495155	1.1142320838924034	1652.2164431049373
1362.4456325703595	482.1295488589968	1.115749355822414	1653.2164431049373
1364.9569610175633	483.24605740275126	1.1172679525245606	1654.2164431049373
1367.4720010378214	484.3640852058087	1.1187878745149873	1655.2164431049373
1369.9907561363004	485.4836335937159	1.1203091223098394	1656.2164431049373
1372.5132298197138	486.6047038925352	1.1218316964252613	1657.2164431049373
1375.0394255963247	487.7272974288454	1.1233555973773974	1658.2164431049373
1377.569346975943	488.85141552974096	1.1248808256823923	1659.2164431049373
1380.1029974699293	489.9770595228333	1.126407381856391	1660.2164431049373
1382.6403805911905	491.10423073624884	1.1279352664155378	1661.2164431049373
1385.1814998541834	492.2329304986314	1.1294644798759772	1662.2164431049373
1387.7263587749126	493.36316013913984	1.1309950227538539	1663.2164431049373
1390.274960870931	494.4949209874502	1.1325268955653125	1664.2164431049373
1392.8273096613411	495.6282143737538	1.134060098826498	1665.2164431049373
1395.3834086667912	496.7630416287584	1.1355946330535542	1666.2164431049373
1397.9432614094812	497.89940408368835	1.1371304987626265	1667.2164431049373
1400.5068714131578	499.0373030702832	1.1386676964698592	1668.2164431049373
1403.074242203115	500.17673992079943	1.1402062266913964	1669.2164431049373
1405.645377306198	501.31771596800945	1.1417460899433833	1670.2164431049373
1408.220280250799	502.46023254520156	1.1432872867419646	1671.2164431049373
1410.7989545668577	503.6042909861809	1.1448298176032845	1672.2164431049373
1413.3814037858642	504.74989262526793	1.1463736830434883	1673.2164431049373
1415.9676314408546	505.89703879729973	1.1479188835787193	1674.2164431049373
1418.5576410664153	507.04573083762904	1.149465419725123	1675.2164431049373
1421.1514361986817	508.19597008212554	1.1510132919988443	1676.2164431049373
1423.7490203753355	509.3477578671746	1.1525625009160272	1677.2164431049373
1426.3503971356079	510.5010955296776	1.1541130469928162	1678.2164431049373
1428.955570020279	511.65598440705213	1.1556649307453566	1679.2164431049373
1431.564542571677	512.8124258372322	1.1572181526897924	1680.2164431049373
1434.1773183336782	513.9704211586677	1.1587727133422685	1681.2164431049373
1436.793900851707	515.1299717103249	1.1603286132189292	1682.2164431049373
1439.4142936727371	516.2910788316858	1.1618858528359195	1683.2164431049373
1442.0385003452911	517.4537438627488	1.1634444327093838	1684.2164431049373
1444.6665244194382	518.6179681440287	1.1650043533554666	1685.2164431049373
1447.2983694467976	519.7837530165559	1.1665656152903126	1686.2164431049373
1449.9340389805363	520.9510998218777	1.1681282190300666	1687.2164431049373
1452.5735365753696	522.1200099020565	1.1696921650908727	1688.2164431049373
1455.2168657875627	523.2904845996718	1.1712574539888763	1689.2164431049373
1457.8640301749258	524.4625252578186	1.172824086240221	1690.2164431049373
1460.5150332968215	525.6361332201086	1.174392062361052	1691.2164431049373
1463.169878714159	526.8113098306692	1.1759613828675142	1692.2164431049373
1465.8285699893952	527.9880564341445	1.1775320482757516	1693.2164431049373
1468.4911106865366	529.1663743756935	1.179104059101909	1694.2164431049373
1471.1575043711384	530.3462650009928	1.1806774158621314	1695.2164431049373
1473.8277546103025	531.5277296562344	1.1822521190725626	1696.2164431049373
1476.5018649726815	532.7107696881267	1.183828169249348	1697.2164431049373
1479.179839028474	533.8953864438939	1.1854055669086314	1698.2164431049373
1481.8616803494292	535.0815812712767	1.186984312566558	1699.2164431049373
1484.5473925088443	536.2693555185322	1.1885644067392727	1700.2164431049373
1487.2369790815635	537.4587105344324	1.1901458499429194	1701.2164431049373
1489.9304436439802	538.649647668267	1.1917286426936426	1702.2164431049373
1492.6277897740379	539.8421682698408	1.1933127855075878	1703.2164431049373
1495.3290210512257	541.0362736894751	1.1948982789008986	1704.2164431049373
1498.0341410565832	542.2319652780077	1.1964851233897202	1705.2164431049373
1500.743153372698	543.4292443867919	1.1980733194901974	1706.2164431049373
1503.4560615837052	544.6281123676974	1.1996628677184744	1707.2164431049373
1506.17286927529	545.8285705731101	1.2012537685906959	1708.2164431049373
1508.8935800346835	547.0306203559321	1.2028460226230062	1709.2164431049373
1511.6181974506678	548.2342630695814	1.20443963033155	1710.2164431049373
1514.3467251135728	549.4395000679926	1.2060345922324727	1711.2164431049373
1517.0791666152757	550.6463327056159	1.207630908841918	1712.2164431049373
1519.8155255492034	551.8547623374182	1.2092285806760308	1713.2164431049373
1522.5558055103304	553.0647903188817	1.210827608250956	1714.2164431049373
1525.3000100951801	554.2764180060055	1.2124279920828376	1715.2164431049373
1528.0481429018243	555.489646755305	1.2140297326878207	1716.2164431049373
1530.800207529882	556.704477923811	1.2156328305820492	1717.2164431049373
1533.5562075805242	557.920912869071	1.2172372862816687	1718.2164431049373
1536.316146656466	559.1389529491482	1.2188431003028233	1719.2164431049373
1539.0800283619728	560.3585995226225	1.2204502731616576	1720.2164431049373
1541.8478563028593	561.5798539485895	1.222058805374316	1721.2164431049373
1544.6196340864883	562.8027175866611	1.2236686974569437	1722.2164431049373
1547.3953653217684	564.0271917969656	1.2252799499256846	1723.2164431049373
1550.175053619161	565.2532779401465	1.2268925632966838	1724.2164431049373
1552.9587025906717	566.4809773773648	1.2285065380860856	1725.2164431049373
1555.7463158498579	567.7102914702969	1.2301218748100347	1726.2164431049373
1558.537897011825	568.9412215811353	1.2317385739846762	1727.2164431049373
1561.3334496932234	570.1737690725885	1.2333566361261539	1728.2164431049373
1564.1329775122558	571.4079353078819	1.2349760617506127	1729.2164431049373
1566.9364840886724	572.6437216507561	1.2365968513741974	1730.2164431049373
1569.7439730437704	573.8811294654686	1.2382190055130524	1731.2164431049373
1572.5554480003975	575.1201601167927	1.2398425246833225	1732.2164431049373
1575.370912582948	576.3608149700178	1.241467409401152	1733.2164431049373
1578.1903704173649	577.6030953909496	1.2430936601826856	1734.2164431049373
1581.0138251311414	578.8470027459098	1.2447212775440681	1735.2164431049373
1583.8412803533179	580.0925384017364	1.2463502620014442	1736.2164431049373
1586.6727397144816	581.3397037257835	1.247980614070958	1737.2164431049373
1589.5082068467711	582.588500085921	1.2496123342687544	1738.2164431049373
1592.3476853838713	583.8389288505357	1.2512454231109778	1739.2164431049373
1595.1911789610178	585.0909913885299	1.2528798811137736	1740.2164431049373
1598.0386912149909	586.3446890693223	1.2545157087932852	1741.2164431049373
1600.8902257841232	587.6000232628475	1.2561529066656578	1742.2164431049373
1603.7457863082939	588.8569953395564	1.2577914752470363	1743.2164431049373
1606.6053764289304	590.1156066704165	1.2594314150535648	1744.2164431049373
1609.4689997890089	591.3758586269107	1.2610727266013881	1745.2164431049373
1612.3366600330553	592.6377525810384	1.2627154104066511	1746.2164431049373
1615.2083608071403	593.9012899053154	1.2643594669854978	1747.2164431049373
1618.0841057588884	595.1664719727727	1.2660048968540734	1748.2164431049373
1620.963898537468	596.4333001569587	1.2676517005285222	1749.2164431049373
1623.8477427935968	597.701775831937	1.2692998785249883	1750.2164431049373
1626.7356421795441	598.971900372288	1.2709494313596175	1751.2164431049373
1629.6276003491225	600.2436751531076	1.272600359548553	1752.2164431049373
1632.5236209576972	601.5171015500086	1.2742526636079408	1753.2164431049373
1635.423707662181	602.7921809391191	1.2759063440539247	1754.2164431049373
1638.327864121033	604.0689146970841	1.2775614014026493	1755.2164431049373
1641.2360939942632	605.347304201064	1.2792178361702593	1756.2164431049373
1644.1484009434287	606.6273508287362	1.2808756488728994	1757.2164431049373
1647.0647886316358	607.9090559582936	1.2825348400267143	1758.2164431049373
1649.985260723538	609.1924209684454	1.284195410147848	1759.2164431049373
1652.9098208853393	610.4774472384171	1.285857359752446	1760.2164431049373
1655.83847278479	611.7641361479502	1.2875206893566524	1761.2164431049373
1658.7712200911901	613.0524890773023	1.2891853994766118	1762.2164431049373
1661.708066475388	614.3425074072472	1.2908514906284687	1763.2164431049373
1664.649015609779	615.6341925190752	1.292518963328368	1764.2164431049373
1667.5940711683102	616.9275457945921	1.2941878180924544	1765.2164431049373
1670.5432368264724	618.2225686161203	1.295858055436872	1766.2164431049373
1673.4965162613091	619.5192623664982	1.2975296758777657	1767.2164431049373
1676.4539131514107	620.8176284290801	1.2992026799312801	1768.2164431049373
1679.4154311769144	622.1176681877369	1.3008770681135597	1769.2164431049373
1682.3810740195088	623.4193830268554	1.3025528409407494	1770.2164431049373
1685.3508453624293	624.7227743313387	1.3042299989289934	1771.2164431049373
1688.324748890459	626.0278434866058	1.3059085425944366	1772.2164431049373
1691.3027882899316	627.3345918785922	1.3075884724532238	1773.2164431049373
1694.2849672487266	628.6430208937488	1.3092697890214988	1774.2164431049373
1697.2712894562742	629.9531319190437	1.310952492815407	1775.2164431049373
1700.2617586035515	631.2649263419603	1.3126365843510925	1776.2164431049373
1703.2563783830844	632.5784055504985	1.3143220641447	1777.2164431049373
1706.2551524889493	633.8935709331743	1.3160089327123745	1778.2164431049373
1709.258084616767	635.2104238790199	1.3176971905702601	1779.2164431049373
1712.26517846371	636.5289657775836	1.3193868382345018	1780.2164431049373
1715.2764377284993	637.8491980189299	1.321077876221244	1781.2164431049373
1718.291866111401	639.171121993639	1.3227703050466313	1782.2164431049373
1721.3114673142336	640.4947390928079	1.3244641252268083	1783.2164431049373
1724.3352450403615	641.8200507080495	1.3261593372779197	1784.2164431049373
1727.3632029946975	643.1470582314928	1.3278559417161098	1785.2164431049373
1730.3953448837062	644.4757630557829	1.329553939057524	1786.2164431049373
1733.4316744153955	645.8061665740811	1.3312533298183058	1787.2164431049373
1736.472195299325	647.1382701800646	1.3329541145146004	1788.2164431049373
1739.5169112466033	648.4720752679275	1.3346562936625526	1789.2164431049373
1742.5658259698855	649.807583232379	1.3363598677783066	1790.2164431049373
1745.6189431833748	651.1447954686454	1.338064837378007	1791.2164431049373
1748.676266602825	652.4837133724683	1.3397712029777988	1792.2164431049373
1751.7377999455377	653.8243383401064	1.3414789650938264	1793.2164431049373
1754.8035469303609	655.1666717683336	1.3431881242422343	1794.2164431049373
1757.8735112776933	656.5107150544404	1.344898680939167	1795.2164431049373
1760.9476967094813	657.8564695962334	1.3466106357007694	1796.2164431049373
1764.02610694922	659.2039367920355	1.3483239890431862	1797.2164431049373
1767.108745721952	660.5531180406854	1.3500387414825612	1798.2164431049373
1770.195616754269	661.9040147415383	1.3517548935350399	1799.2164431049373
1773.2867237743128	663.2566282944653	1.3534724457167668	1800.2164431049373
1776.3820705117705	664.6109600998537	1.3551913985438861	1801.2164431049373
1779.4816606978795	665.9670115586068	1.3569117525325427	1802.2164431049373
1782.585498065424	667.3247840721447	1.358633508198881	1803.2164431049373
1785.69358634874	668.6842790424025	1.3603566660590456	1804.2164431049373
1788.805929283708	670.0454978718327	1.3620812266291813	1805.2164431049373
1791.9225306077594	671.408441963403	1.3638071904254325	1806.2164431049373
1795.0433940598737	672.7731127205977	1.365534557963944	1807.2164431049373
1798.1685233805792	674.139511547417	1.3672633297608605	1808.2164431049373
1801.2979223119498	675.5076398483775	1.368993506332326	1809.2164431049373
1804.4315945976116	676.8774990285118	1.3707250881944857	1810.2164431049373
1807.569543982737	678.2490904933687	1.3724580758634841	1811.2164431049373
1810.7117742140479	679.6224156490131	1.3741924698554657	1812.2164431049373
1813.8582890398134	680.9974759020263	1.3759282706865754	1813.2164431049373
1817.009092209852	682.3742726595048	1.3776654788729572	1814.2164431049373
1820.1641874755294	683.7528073290624	1.3794040949307558	1815.2164431049373
1823.3235785897623	685.1330813188287	1.3811441193761165	1816.2164431049373
1826.4872693070129	686.5150960374492	1.382885552725183	1817.2164431049373
1829.6552633832941	687.8988528940856	1.3846283954941006	1818.2164431049373
1832.8275645761662	689.2843532984161	1.3863726481990137	1819.2164431049373
1836.0041766447375	690.6715986606345	1.388118311356067	1820.2164431049373
1839.1851033496655	692.0605903914511	1.3898653854814047	1821.2164431049373
1842.3703484531557	693.4513299020921	1.3916138710911719	1822.2164431049373
1845.5599157189617	694.8438186043003	1.3933637687015126	1823.2164431049373
1848.753808912388	696.238057910334	1.395115078828572	1824.2164431049373
1851.952031800283	697.6340492329683	1.3968678019884941	1825.2164431049373
1855.1545881510476	699.031793985494	1.3986219386974243	1826.2164431049373
1858.3614817346302	700.4312935817184	1.4003774894715069	1827.2164431049373
1861.5727163225256	701.8325494359642	1.402134454826886	1828.2164431049373
1864.7882956877795	703.2355629630711	1.4038928352797067	1829.2164431049373
1868.0082236049846	704.6403355783946	1.4056526313461135	1830.2164431049373
1871.2325038502827	706.0468686978065	1.4074138435422507	1831.2164431049373
1874.4611402013636	707.4551637376946	1.4091764723842635	1832.2164431049373
1877.6941364374663	708.8652221149626	1.4109405183882964	1833.2164431049373
1880.9314963393772	710.2770452470306	1.4127059820704935	1834.2164431049373
1884.173223689432	711.6906345518349	1.4144728639469997	1835.2164431049373
1887.4193222715135	713.105991447828	1.4162411645339594	1836.2164431049373
1890.6697958710545	714.5231173539783	1.4180108843475177	1837.2164431049373
1893.9246482750364	715.9420136897706	1.4197820239038188	1838.2164431049373
1897.1838832719873	717.3626818752057	1.4215545837190076	1839.2164431049373
1900.4475046519851	718.7851233308004	1.4233285643092286	1840.2164431049373
1903.7155162066554	720.2093394775878	1.425103966190626	1841.2164431049373
1906.9879217291725	721.6353317371172	1.4268807898793447	1842.2164431049373
1910.2647250142602	723.0631015314544	1.4286590358915296	1843.2164431049373
1913.5459298581873	724.4926502831802	1.4304387047433247	1844.2164431049373
1916.8315400587765	725.9239794153928	1.432219796950875	1845.2164431049373
1920.1215594153944	727.3570903517061	1.4340023130303254	1846.2164431049373
1923.415991728957	728.7919845162495	1.4357862534978199	1847.2164431049373
1926.7148408019304	730.2286633336696	1.4375716188695034	1848.2164431049373
1930.0181104383269	731.6671282291287	1.4393584096615202	1849.2164431049373
1933.3258044437086	733.1073806283048	1.441146626390015	1850.2164431049373
1936.6379266251872	734.549421957393	1.442936269571133	1851.2164431049373
1939.9544807914197	735.9932536431033	1.4447273397210183	1852.2164431049373
1943.275470752614	737.4388771126634	1.4465198373558157	1853.2164431049373
1946.6009003205247	738.8862937938154	1.4483137629916694	1854.2164431049373
1949.9307733084572	740.335505114819	1.4501091171447242	1855.2164431049373
1953.265093531263	741.7865125044493	1.451905900331125	1856.2164431049373
1956.6038648053432	743.2393173919976	1.4537041130670159	1857.2164431049373
1959.9470909486467	744.6939212072718	1.4555037558685417	1858.2164431049373
1963.2947757806726	746.1503253805954	1.4573048292518473	1859.2164431049373
1966.6469231224658	747.6085313428082	1.4591073337330773	1860.2164431049373
1970.0035367966204	749.0685405252663	1.4609112698283757	1861.2164431049373
1973.3646206272813	750.5303543598416	1.4627166380538879	1862.2164431049373
1976.7301784401382	751.9939742789229	1.4645234389257578	1863.2164431049373
1980.100214062432	753.4594017154141	1.4663316729601303	1864.2164431049373
1983.474731322951	754.9266381027359	1.46814134067315	1865.2164431049373
1986.8537340520313	756.3956848748253	1.4699524425809616	1866.2164431049373
1990.2372260815587	757.8665434661349	1.4717649791997094	1867.2164431049373
1993.625211244966	759.3392153116338	1.4735789510455382	1868.2164431049373
1997.0176933772368	760.813701846807	1.4753943586345928	1869.2164431049373
2000.4146763149008	762.290004507656	1.4772112024830177	1870.2164431049373
2003.8161638960362	763.7681247306982	1.479029483106957	1871.2164431049373
2007.2221599602708	765.2480639529672	1.480849201022556	1872.2164431049373
2010.6326683487814	766.7298236120126	1.4826703567459592	1873.2164431049373
2014.0476929042907	768.2134051459002	1.4844929507933107	1874.2164431049373
2017.467237471073	769.6988099932125	1.4863169836807557	1875.2164431049373
2020.8913058949483	771.1860395930473	1.4881424559244383	1876.2164431049373
2024.3199020232862	772.675095385019	1.4899693680405035	1877.2164431049373
2027.7530297050048	774.1659788092577	1.4917977205450956	1878.2164431049373
2031.190692790571	775.6586913064106	1.4936275139543596	1879.2164431049373
2034.6328951319986	777.1532343176402	1.4954587487844395	1880.2164431049373
2038.079640582852	778.6496092846253	1.4972914255514806	1881.2164431049373
2041.530932998242	780.1478176495609	1.4991255447716267	1882.2164431049373
2044.9867762348294	781.6478608551582	1.5009611069610234	1883.2164431049373
2048.4471741508223	783.1497403446448	1.5027981126358143	1884.2164431049373
2051.9121306059774	784.6534575617635	1.5046365623121445	1885.2164431049373
2055.381649461602	786.159013950775	1.506476456506159	1886.2164431049373
2058.8557345805475	787.6664109564539	1.5083177957340015	1887.2164431049373
2062.3343898272183	789.1756500240929	1.5101605805118172	1888.2164431049373
2065.817619067563	790.6867325994996	1.5120048113557507	1889.2164431049373
2069.3054261690836	792.1996601289985	1.5138504887819464	1890.2164431049373
2072.7978150008253	793.7144340594295	1.5156976133065492	1891.2164431049373
2076.2947894333843	795.2310558381497	1.517546185445703	1892.2164431049373
2079.796353338906	796.7495269130313	1.5193962057155532	1893.2164431049373
2083.302510591083	798.2698487324631	1.521247674632244	1894.2164431049373
2086.813265065158	799.7920227453501	1.5231005927119203	1895.2164431049373
2090.3286206379175	801.3160504011133	1.5249549604707262	1896.2164431049373
2093.8485811877026	802.84193314969	1.5268107784248068	1897.2164431049373
2097.3731505943983	804.3696724415333	1.5286680470903062	1898.2164431049373
2100.9023327394416	805.899269727613	1.5305267669833698	1899.2164431049373
2104.436131505814	807.4307264594148	1.5323869386201414	1900.2164431049373
2107.9745507780494	808.9640440889402	1.5342485625167661	1901.2164431049373
2111.5175944422267	810.4992240687069	1.5361116391893883	1902.2164431049373
2115.065266385974	812.0362678517495	1.5379761691541523	1903.2164431049373
2118.61757049847	813.575176891618	1.5398421529272033	1904.2164431049373
2122.1745106704407	815.1159526423786	1.5417095910246856	1905.2164431049373
2125.736090794159	816.6585965586142	1.5435784839627438	1906.2164431049373
2129.3023147634476	818.2031100954231	1.5454488322575224	1907.2164431049373
2132.8731864736787	819.7494947084202	1.5473206364251664	1908.2164431049373
2136.44870982177	821.2977518537364	1.54919389698182	1909.2164431049373
2140.0288887061915	822.8478829880189	1.5510686144436279	1910.2164431049373
2143.6137270269573	824.3998895684308	1.5529447893267347	1911.2164431049373
2147.203228685633	825.9537730526514	1.5548224221472848	1912.2164431049373
2150.797397585333	827.5095348988767	1.5567015134214242	1913.2164431049373
2154.3962376307168	829.0671765658177	1.5585820636652952	1914.2164431049373
2157.999752727995	830.6266995127024	1.560464073395044	1915.2164431049373
2161.6079467849277	832.188105199275	1.5623475431268146	1916.2164431049373
2165.2208237108193	833.7513950857955	1.5642324733767516	1917.2164431049373
2168.8383874165265	835.31657063304	1.5661188646610003	1918.2164431049373
2172.460641814453	836.883633302301	1.5680067174957044	1919.2164431049373
2176.087590818551	838.4525845553869	1.5698960323970088	1920.2164431049373
2179.719238344321	840.0234258546226	1.5717868098810586	1921.2164431049373
2183.3555883088115	841.5961586628487	1.5736790504639977	1922.2164431049373
2186.9966446306216	843.1707844434223	1.5755727546619709	1923.2164431049373
2190.642411229896	844.7473046602163	1.5774679229911233	1924.2164431049373
2194.292892028328	846.3257207776202	1.5793645559675984	1925.2164431049373
2197.948090949163	847.9060342605394	1.581262654107542	1926.2164431049373
2201.6080119171907	849.4882465743952	1.5831622179270983	1927.2164431049373
2205.2726588587507	851.0723591851255	1.5850632479424114	1928.2164431049373
2208.942035701731	852.6583735591839	1.5869657446696266	1929.2164431049373
2212.616146375569	854.2462911635407	1.588869708624888	1930.2164431049373
2216.294994811248	855.8361134656817	1.5907751403243402	1931.2164431049373
2219.9785849413042	857.4278419336096	1.5926820402841286	1932.2164431049373
2223.666920699817	859.0214780358423	1.594590409020397	1933.2164431049373
2227.360006022418	860.6170232414145	1.5965002470492904	1934.2164431049373
2231.057844846284	862.214479019877	1.5984115548869529	1935.2164431049373
2234.760441110144	863.8138468412968	1.6003243330495291	1936.2164431049373
2238.467798754273	865.4151281762564	1.6022385820531646	1937.2164431049373
2242.1799217204953	867.0183244958555	1.604154302414003	1938.2164431049373
2245.8968139521835	868.623437271709	1.6060714946481895	1939.2164431049373
2249.6184793942575	870.2304679759485	1.6079901592718684	1940.2164431049373
2253.344921993187	871.8394180812212	1.609910296801184	1941.2164431049373
2257.076145696991	873.4502890606914	1.6118319077522818	1942.2164431049373
2260.812154455233	875.0630823880384	1.6137549926413053	1943.2164431049373
2264.5529522190295	876.6777995374586	1.6156795519843996	1944.2164431049373
2268.298542941044	878.2944419836639	1.61760558629771	1945.2164431049373
2272.0489305754863	879.9130112018829	1.6195330960973802	1946.2164431049373
2275.8041190781178	881.5335086678596	1.6214620818995547	1947.2164431049373
2279.5641124062467	883.1559358578548	1.623392544220379	1948.2164431049373
2283.328914518728	884.7802942486452	1.6253244835759966	1949.2164431049373
2287.098529375968	886.4065853175239	1.6272579004825527	1950.2164431049373
2290.872960939922	888.0348105422993	1.6291927954561924	1951.2164431049373
2294.65221317409	889.6649714012972	1.6311291690130594	1952.2164431049373
2298.4362900435235	891.2970693733587	1.6330670216692993	1953.2164431049373
2302.2251955148204	892.931105937841	1.6350063539410553	1954.2164431049373
2306.0189335561286	894.567082574618	1.636947166344473	1955.2164431049373
2309.817508137145	896.2050007640793	1.638889459395697	1956.2164431049373
2313.6209232291117	897.8448619871305	1.6408332336108713	1957.2164431049373
2317.4291828048226	899.4866677251944	1.642778489506141	1958.2164431049373
2321.2422908386197	901.1304194602085	1.6447252275976512	1959.2164431049373
2325.060251306392	902.7761186746271	1.6466734484015455	1960.2164431049373
2328.883068185577	904.423766851421	1.648623152433969	1961.2164431049373
2332.7107454551606	906.0733654740768	1.650574340211066	1962.2164431049373
2336.5432870956774	907.7249160265967	1.6525270122489812	1963.2164431049373
2340.380697089213	909.3784199935002	1.6544811690638597	1964.2164431049373
2344.2229794193963	911.0338788598222	1.6564368111718455	1965.2164431049373
2348.0701380714095	912.6912941111138	1.6583939390890834	1966.2164431049373
2351.922177031981	914.3506672334422	1.6603525533317183	1967.2164431049373
2355.779100289387	916.011999713391	1.6623126544158942	1968.2164431049373
2359.6409118334536	917.6752930380599	1.6642742428577564	1969.2164431049373
2363.507615655554	919.3405486950644	1.6662373191734487	1970.2164431049373
2367.379215748611	921.0077681725365	1.6682018838791164	1971.2164431049373
2371.255716107095	922.6769529591246	1.670167937490904	1972.2164431049373
2375.1371207270254	924.3481045439926	1.6721354805249555	1973.2164431049373
2379.02343360597	926.0212244168208	1.6741045134974162	1974.2164431049373
2382.9146587430446	927.6963140678056	1.6760750369244306	1975.2164431049373
2386.8108001389132	929.3733749876598	1.6780470513221428	1976.2164431049373
2390.71186179579	931.0524086676121	1.680020557206698	1977.2164431049373
2394.6178477174362	932.7334165994075	1.6819955550942407	1978.2164431049373
2398.5287619091605	934.4164002753071	1.6839720455009153	1979.2164431049373
2402.444608377821	936.1013611880879	1.6859500289428664	1980.2164431049373
2406.3653911318256	937.7883008310432	1.6879295059362387	1981.2164431049373
2410.291114181129	939.4772206979828	1.6899104769971767	1982.2164431049373
2414.2217815372337	941.1681222832322	1.6918929426418252	1983.2164431049373
2418.157397213193	942.861007081633	1.6938769033863283	1984.2164431049373
2422.097965223607	944.5558765885435	1.6958623597468314	1985.2164431049373
2426.0434895846242	946.2527322998375	1.6978493122394789	1986.2164431049373
2429.993974313942	947.9515757119052	1.6998377613804148	1987.2164431049373
2433.949423430806	949.6524083216531	1.7018277076857842	1988.2164431049373
2437.9098409560106	951.3552316265036	1.7038191516717316	1989.2164431049373
2441.875230911897	953.0600471243954	1.7058120938544012	1990.2164431049373
2445.845597322358	954.7668563137831	1.7078065347499387	1991.2164431049373
2449.820944212832	956.4756606936381	1.7098024748744876	1992.2164431049373
2453.8012756103076	958.1864617634474	1.711799914744193	1993.2164431049373
2457.7865955433217	959.899261023214	1.7137988548751997	1994.2164431049373
2461.7769080419566	961.614059973457	1.7157992957836516	1995.2164431049373
2465.7722171378473	963.3308601152124	1.717801237985694	1996.2164431049373
2469.7725268641757	965.0496629500315	1.719804681997471	1997.2164431049373
2473.77784125567	966.7704699799824	1.7218096283351274	1998.2164431049373
2477.7881643486107	968.4932827076493	1.7238160775148084	1999.2164431049373
2481.803500180822	970.2181026361314	1.7258240300526573	2000.2164431049373
2485.823852791683	971.944931269046	1.7278334864648197	2001.2164431049373
2489.8492262221152	973.6737701105246	1.7298444472674401	2002.2164431049373
2493.8796245145913	975.4046206652163	1.7318569129766628	2003.2164431049373
2497.9150517131316	977.1374844382855	1.7338708841086328	2004.2164431049373
2501.9555118633043	978.8723629354133	1.735886361179494	2005.2164431049373
2506.001009012228	980.6092576627964	1.7379033447053918	2006.2164431049373
2510.0515472085694	982.3481701271478	1.7399218352024703	2007.2164431049373
2514.107130502542	984.0891018356971	1.7419418331868743	2008.2164431049373
2518.1677629459073	985.8320542961894	1.7439633391747482	2009.2164431049373
2522.23344859198	987.5770290168864	1.7459863536822373	2010.2164431049373
2526.304191495616	989.3240275065655	1.7480108772254852	2011.2164431049373
2530.379995713226	991.0730512745212	1.7500369103206372	2012.2164431049373
2534.460865302764	992.8241018305632	1.7520644534838377	2013.2164431049373
2538.5468043237374	994.5771806850171	1.754093507231231	2014.2164431049373
2542.6378168372	996.3322893487255	1.7561240720789624	2015.2164431049373
2546.7339069057507	998.0894293330472	1.7581561485431758	2016.2164431049373
2550.8350785935413	999.8486021498561	1.760189737140016	2017.2164431049373
2554.9413359662713	1001.6098093115434	1.7622248383856278	2018.2164431049373
2559.0526830911876	1003.3730523310157	1.764261452796156	2019.2164431049373
2563.1691240370847	1005.138332721696	1.7662995808877446	2020.2164431049373
2567.290662874307	1006.9056519975238	1.7683392231765385	2021.2164431049373
2571.417303674748	1008.6750116729536	1.7703803801786824	2022.2164431049373
2575.549050511847	1010.4464132629574	1.7724230524103206	2023.2164431049373
2579.685907460594	1012.2198582830227	1.7744672403875978	2024.2164431049373
2583.8278785975276	1013.9953482491533	1.776512944626659	2025.2164431049373
2587.9749680007335	1015.7728846778689	1.778560165643649	2026.2164431049373
2592.1271797498453	1017.5524690862054	1.7806089039547113	2027.2164431049373
2596.2845179260466	1019.334102991715	1.7826591600759911	2028.2164431049373
2600.44698661207	1021.1177879124659	1.7847109345236332	2029.2164431049373
2604.614589892193	1022.9035253670431	1.786764227813782	2030.2164431049373
2608.787331852247	1024.6913168745461	1.7888190404625823	2031.2164431049373
2612.9652165796065	1026.481163954593	1.7908753729861784	2032.2164431049373
2617.1482481631974	1028.2730681273158	1.7929332259007151	2033.2164431049373
2621.3364306934927	1030.0670309133636	1.7949925997223368	2034.2164431049373
2625.5297682625164	1031.8630538339014	1.7970534949671886	2035.2164431049373
2629.728264963837	1033.661138410611	1.7991159121514144	2036.2164431049373
2633.931924892574	1035.4612861656897	1.8011798517911592	2037.2164431049373
2638.140752145396	1037.2634986218507	1.8032453144025677	2038.2164431049373
2642.3547508205174	1039.067777302324	1.8053123005017846	2039.2164431049373
2646.5739250177016	1040.8741237308557	1.8073808106049538	2040.2164431049373
2650.798278838263	1042.6825394317073	1.8094508452282203	2041.2164431049373
2655.027816385063	1044.4930259296573	1.8115224048877292	2042.2164431049373
2659.26254176251	1046.30558475	1.8135954900996245	2043.2164431049373
2663.5024590765615	1048.1202174185462	1.8156701013800507	2044.2164431049373
2667.7475724347264	1049.9369254616215	1.817746239245153	2045.2164431049373
2671.9978859460575	1051.75571040607	1.8198239042110758	2046.2164431049373
2676.253403721158	1053.5765737792497	1.8219030967939633	2047.2164431049373
2680.514129872181	1055.3995171090355	1.8239838175099605	2048.2164431049373
2684.780068512826	1057.2245419238193	1.826066066875212	2049.2164431049373
2689.0512237583403	1059.0516497525082	1.8281498454058625	2050.2164431049373
2693.327599725522	1060.8808421245249	1.8302351536180557	2051.2164431049373
2697.6092005327173	1062.7121205698102	1.8323219920279374	2052.2164431049373
2701.896030299819	1064.5454866188186	1.8344103611516516	2053.2164431049373
2706.18809314827	1066.380941802523	1.8365002615053432	2054.2164431049373
2710.4853932010606	1068.218487652411	1.838591693605156	2055.2164431049373
2714.7879345827314	1070.0581257004876	1.8406846579672362	2056.2164431049373
2719.095721419368	1071.8998574792722	1.842779155107727	2057.2164431049373
2723.408757838607	1073.7436845218012	1.8448751855427734	2058.2164431049373
2727.7270479696335	1075.5896083616278	1.84697274978852	2059.2164431049373
2732.0505959431794	1077.4376305328205	1.8490718483611108	2060.2164431049373
2736.379405891528	1079.2877525699641	1.851172481776692	2061.2164431049373
2740.7134819485077	1081.1399760081606	1.853274650551407	2062.2164431049373
2745.052828249497	1082.9943023830256	1.8553783552014003	2063.2164431049373
2749.3974489314223	1084.8507332306938	1.8574835962428173	2064.2164431049373
2753.7473481327584	1086.7092700878138	1.8595903741918016	2065.2164431049373
2758.1025299935304	1088.5699144915518	1.861698689564499	2066.2164431049373
2762.462998655308	1090.4326679795893	1.863808542877053	2067.2164431049373
2766.828758261213	1092.2975320901246	1.8659199346456088	2068.2164431049373
2771.1998129559147	1094.1645083618714	1.868032865386311	2069.2164431049373
2775.57616688563	1096.03359833406	1.8701473356153038	2070.2164431049373
2779.957824198123	1097.9048035464366	1.8722633458487319	2071.2164431049373
2784.34478904271	1099.7781255392642	1.8743808966027404	2072.2164431049373
2788.7370655702525	1101.653565853321	1.8764999883934737	2073.2164431049373
2793.134657933162	1103.531126029902	1.878620621737076	2074.2164431049373
2797.537570285397	1105.4108076108182	1.8807427971496924	2075.2164431049373
2801.9458067824653	1107.2926121383969	1.882866515147467	2076.2164431049373
2806.359371581426	1109.1765411554802	1.8849917762465451	2077.2164431049373
2810.77826884088	1111.062596205429	1.8871185809630706	2078.2164431049373
2815.202502720983	1112.9507788321173	1.8892469298131882	2079.2164431049373
2819.6320773834354	1114.8410905799385	1.891376823313043	2080.2164431049373
2824.066996991487	1116.733532993799	1.893508261978779	2081.2164431049373
2828.5072657099386	1118.6281076191233	1.8956412463265417	2082.2164431049373
2832.952887705135	1120.5248160018516	1.897775776872475	2083.2164431049373
2837.4038671449703	1122.4236596884398	1.899911854132723	2084.2164431049373
2841.8602081988915	1124.3246402258603	1.9020494786234314	2085.2164431049373
2846.321915037888	1126.2277591616019	1.9041886508607437	2086.2164431049373
2850.788991834502	1128.1330180436694	1.9063293713608058	2087.2164431049373
2855.261442762824	1130.0404184205834	1.9084716406397617	2088.2164431049373
2859.739271998488	1131.9499618413806	1.9106154592137556	2089.2164431049373
2864.2224837186827	1133.8616498556148	1.9127608275989325	2090.2164431049373
2868.71108210214	1135.7754840133541	1.9149077463114368	2091.2164431049373
2873.2050713291455	1137.6914658651854	1.9170562158674136	2092.2164431049373
2877.704455581529	1139.609596962209	1.919206236783007	2093.2164431049373
2882.2092390426687	1141.529878856043	1.9213578095743613	2094.2164431049373
2886.719425897496	1143.4523130988216	1.9235109347576218	2095.2164431049373
2891.2350203324854	1145.3769012431944	1.9256656128489331	2096.2164431049373
2895.756026535663	1147.303644842328	1.9278218443644397	2097.2164431049373
2900.2824486965997	1149.2325454499035	1.9299796298202854	2098.2164431049373
2904.8142910064203	1151.1636046201202	1.9321389697326161	2099.2164431049373
2909.3515576577925	1153.0968239076929	1.934299864617575	2100.2164431049373
2913.894252844938	1155.0322048678518	1.9364623149913083	2101.2164431049373
2918.4423807636213	1156.969749056344	1.9386263213699595	2102.2164431049373
2922.9959456111587	1158.909458029432	1.9407918842696732	2103.2164431049373
2927.5549515864163	1160.851333343896	1.9429590042065947	2104.2164431049373
2932.1194028898026	1162.7953765570296	1.9451276816968677	2105.2164431049373
2936.6893037232817	1164.7415892266458	1.9472979172566376	2106.2164431049373
2941.2646582903612	1166.6899729110712	1.9494697114020483	2107.2164431049373
2945.8454707961	1168.6405291691506	1.9516430646492453	2108.2164431049373
2950.4317454471056	1170.5932595602428	1.953817977514373	2109.2164431049373
2955.0234864515287	1172.5481656442241	1.955994450513575	2110.2164431049373
2959.620698019074	1174.5052489814866	1.9581724841629966	2111.2164431049373
2964.2233843609947	1176.464511132939	1.9603520789787823	2112.2164431049373
2968.8315496900887	1178.425953660005	1.9625332354770773	2113.2164431049373
2973.4451982207056	1180.3895781246256	1.9647159541740253	2114.2164431049373
2978.064334168741	1182.355386089258	1.9669002355857717	2115.2164431049373
2982.6889617516413	1184.3233791168745	1.9690860802284607	2116.2164431049373
2987.3190851883996	1186.2935587709637	1.9712734886182366	2117.2164431049373
2991.9547086995585	1188.265926615532	1.9734624612712446	2118.2164431049373
2996.5958365072083	1190.2404842150995	1.9756529987036286	2119.2164431049373
3001.2424728349874	1192.2172331347044	1.9778451014315341	2120.2164431049373
3005.8946219080826	1194.1961749398997	1.9800387699711048	2121.2164431049373
3010.5522879532314	1196.1773111967557	1.982234004838486	2122.2164431049373
3015.2154751987177	1198.1606434718578	1.9844308065498224	2123.2164431049373
3019.8841878743733	1200.146173332309	1.9866291756212575	2124.2164431049373
3024.55843021158	1202.133902345726	1.9888291125689372	2125.2164431049373
3029.238206443267	1204.123832080244	1.9910306179090052	2126.2164431049373
3033.923520803912	1206.1159641045138	1.9932336921576068	2127.2164431049373
3038.614377529543	1208.110299987701	1.995438335830886	2128.2164431049373
3043.3107808577324	1210.106841299489	1.9976445494449877	2129.2164431049373
3048.0127350276057	1212.1055896100765	1.9998523335160565	2130.2164431049373
3052.7202442798334	1214.1065464901785	2.0020616885602367	2131.2164431049373
3057.4333128566377	1216.109713511027	2.004272615093674	2132.2164431049373
3062.151945001783	1218.1150922443678	2.006485113632511	2133.2164431049373
3066.876144960591	1220.1226842624656	2.0086991846928943	2134.2164431049373
3071.6059169799237	1222.1324911380993	2.0109148287909675	2135.2164431049373
3076.3412653081978	1224.1445144445654	2.0131320464428755	2136.2164431049373
3081.082194195373	1226.1587557556752	2.0153508381647627	2137.2164431049373
3085.8287078929607	1228.175216645757	2.0175712044727736	2138.2164431049373
3090.580810654021	1230.1938986896553	2.019793145883053	2139.2164431049373
3095.338506733162	1232.2148034627292	2.0220166629117453	2140.2164431049373
3100.1018003865383	1234.2379325408567	2.024241756074996	2141.2164431049373
3104.870695871854	1236.2632875004297	2.0264684258889485	2142.2164431049373
3109.645197448364	1238.2908699183567	2.0286966728697475	2143.2164431049373
3114.4253093768693	1240.3206813720635	2.030926497533539	2144.2164431049373
3119.211035919718	1242.35272343949	2.0331579003964655	2145.2164431049373
3124.0023813408106	1244.3869976990945	2.0353908819746738	2146.2164431049373
3128.799349905591	1246.4235057298501	2.0376254427843064	2147.2164431049373
3133.6019458810574	1248.462249111246	2.0398615833415095	2148.2164431049373
3138.4101735357526	1250.5032294232878	2.0420993041624276	2149.2164431049373
3143.224037139765	1252.5464482464972	2.044338605763204	2150.2164431049373
3148.043540964741	1254.5919071619128	2.046579488659985	2151.2164431049373
3152.868689283863	1256.639607751088	2.048821953368913	2152.2164431049373
3157.6994863718733	1258.6895515960935	2.0510660004061347	2153.2164431049373
3162.5359365050567	1260.741740279515	2.053311630287794	2154.2164431049373
3167.3780439612465	1262.796175384456	2.0555588435300356	2155.2164431049373
3172.2258130198234	1264.852858494534	2.0578076406490036	2156.2164431049373
3177.079247961721	1266.9117911938847	2.060058022160843	2157.2164431049373
3181.938353069418	1268.9729750671588	2.0623099885816987	2158.2164431049373
3186.8031326269424	1271.036411699523	2.0645635404277143	2159.2164431049373
3191.673590919871	1273.1021026766614	2.0668186782150357	2160.2164431049373
3196.5497322353262	1275.1700495847722	2.069075402459806	2161.2164431049373
3201.4315608619845	1277.2402540105722	2.0713337136781718	2162.2164431049373
3206.319081090066	1279.3127175412924	2.073593612386276	2163.2164431049373
3211.21229721134	1281.38744176468	2.075855099100264	2164.2164431049373
3216.1112135191247	1283.4644282689999	2.0781181743362795	2165.2164431049373
3221.0158343082894	1285.5436786430316	2.0803828386104684	2166.2164431049373
3225.9261638752478	1287.6251944760725	2.0826490924389747	2167.2164431049373
3230.842206517964	1289.7089773579332	2.0849169363379425	2168.2164431049373
3235.7639665359493	1291.7950288789434	2.087186370823517	2169.2164431049373
3240.691448230266	1293.8833506299482	2.0894573964118432	2170.2164431049373
3245.6246559035208	1295.973944202307	2.0917300136190646	2171.2164431049373
3250.563593859874	1298.0668111878979	2.094004222961327	2172.2164431049373
3255.508266405029	1300.1619531791132	2.096280024954774	2173.2164431049373
3260.458677846243	1302.2593717688633	2.098557420115551	2174.2164431049373
3265.414832492317	1304.3590685505726	2.1008364089598017	2175.2164431049373
3270.3767346536015	1306.4610451181825	2.103116992003671	2176.2164431049373
3275.3443886419977	1308.5653030661515	2.1053991697633045	2177.2164431049373
3280.317798770954	1310.6718439894532	2.107682942754846	2178.2164431049373
3285.296969355465	1312.7806694835774	2.1099683114944394	2179.2164431049373
3290.281904712077	1314.8917811445301	2.1122552764982303	2180.2164431049373
3295.272609158884	1317.0051805688338	2.1145438382823634	2181.2164431049373
3300.269087015527	1319.120869353527	2.1168339973629826	2182.2164431049373
3305.271342603194	1321.238849096164	2.119125754256232	2183.2164431049373
3310.27938024463	1323.359121394816	2.121419109478259	2184.2164431049373
3315.2932042641155	1325.4816878480685	2.1237140635452048	2185.2164431049373
3320.31281898749	1327.6065500550264	2.1260106169732156	2186.2164431049373
3325.3382287421355	1329.7337096153076	2.128308770278436	2187.2164431049373
3330.369437856988	1331.8631681290478	2.1306085239770107	2188.2164431049373
3335.406450662524	1333.9949271968985	2.1329098785850844	2189.2164431049373
3340.449271490773	1336.1289884200264	2.1352128346188004	2190.2164431049373
3345.4979046753147	1338.2653534001165	2.1375173925943045	2191.2164431049373
3350.5523545512765	1340.4040237393676	2.139823553027741	2192.2164431049373
3355.61262545533	1342.5450010404966	2.142131316435255	2193.2164431049373
3360.6787217257006	1344.6882869067347	2.1444406833329905	2194.2164431049373
3365.7506477021593	1346.8338829418312	2.1467516542370926	2195.2164431049373
3370.8284077260246	1348.98179075005	2.149064229663705	2196.2164431049373
3375.912006140164	1351.1320119361715	2.151378410128973	2197.2164431049373
3381.0014472889998	1353.2845481054928	2.1536941961490412	2198.2164431049373
3386.0967355184907	1355.4394008638267	2.1560115882400535	2199.2164431049373
3391.1978751761553	1357.596571817502	2.158330586918156	2200.2164431049373
3396.3048706110526	1359.7560625733638	2.160651192699492	2201.2164431049373
3401.417726173793	1361.9178747387741	2.1629734061002064	2202.2164431049373
3406.53644621654	1364.0820099216098	2.1652972276364446	2203.2164431049373
3411.661035092993	1366.2484697302643	2.1676226578243494	2204.2164431049373
3416.7914971584173	1368.4172557736479	2.169949697180068	2205.2164431049373
3421.927836769609	1370.5883696611854	2.1722783462197417	2206.2164431049373
3427.0700582849254	1372.7618130028206	2.174608605459518	2207.2164431049373
3432.2181660642646	1374.9375874090101	2.17694047541554	2208.2164431049373
3437.3721644690795	1377.1156944907289	2.1792739566039527	2209.2164431049373
3442.532057862366	1379.2961358594678	2.1816090495409015	2210.2164431049373
3447.6978506086716	1381.4789131272323	2.1839457547425294	2211.2164431049373
3452.8695470740904	1383.6640279065464	2.186284072724982	2212.2164431049373
3458.0471516262637	1385.851481810448	2.1886240040044034	2213.2164431049373
3463.230668634388	1388.0412764524926	2.1909655490969393	2214.2164431049373
3468.4201024691993	1390.233413446752	2.193308708518733	2215.2164431049373
3473.6154575029886	1392.427894407812	2.19565348278593	2216.2164431049373
3478.816738109593	1394.6247209507774	2.1979998724146745	2217.2164431049373
3484.0239486643964	1396.823894691267	2.2003478779211108	2218.2164431049373
3489.2370935443328	1399.0254172454177	2.202697499821384	2219.2164431049373
3494.456177127885	1401.2292902298798	2.205048738631638	2220.2164431049373
3499.6812037950845	1403.435515261823	2.2074015948680192	2221.2164431049373
3504.9121779275106	1405.6440939589302	2.2097560690466707	2222.2164431049373
3510.149103908289	1407.8550279394024	2.2121121616837365	2223.2164431049373
3515.3919861220966	1410.0683188219557	2.214469873295363	2224.2164431049373
3520.64082895516	1412.2839682258234	2.216829204397693	2225.2164431049373
3525.8956367952496	1414.5019777707535	2.2191901555068725	2226.2164431049373
3531.1564140316864	1416.7223490770114	2.2215527271390454	2227.2164431049373
3536.4231650553434	1418.945083765378	2.2239169198103568	2228.2164431049373
3541.6958942586366	1421.1701834571506	2.226282734036951	2229.2164431049373
3546.9746060355315	1423.3976497741423	2.228650170334972	2230.2164431049373
3552.259304781545	1425.6274843386832	2.231019229220565	2231.2164431049373
3557.5499948937418	1427.859688773618	2.2333899112098754	2232.2164431049373
3562.846680770731	1430.0942647023094	2.2357622168190465	2233.2164431049373
3568.1493668126745	1432.3312137486344	2.2381361465642233	2234.2164431049373
3573.4580574212814	1434.5705375369887	2.2405117009615507	2235.2164431049373
3578.7727569998087	1436.8122376922809	2.242888880527173	2236.2164431049373
3584.0934699530626	1439.0563158399373	2.245267685777235	2237.2164431049373
3589.4202006873948	1441.3027736059018	2.247648117227881	2238.2164431049373
3594.752953610711	1443.5516126166322	2.250030175395256	2239.2164431049373
3600.0917331324604	1445.8028344991033	2.2524138607955044	2240.2164431049373
3605.436543663643	1448.0564408808061	2.2547991739447704	2241.2164431049373
3610.7873896168076	1450.312433389748	2.2571861153591994	2242.2164431049373
3616.14427540605	1452.5708136544522	2.2595746855549366	2243.2164431049373
3621.5072054470124	1454.831583303957	2.261964885048124	2244.2164431049373
3626.876184156891	1457.0947439678193	2.264356714354909	2245.2164431049373
3632.251215954427	1459.3602972761098	2.266750173991434	2246.2164431049373
3637.63230525991	1461.6282448594177	2.2691452644738455	2247.2164431049373
3643.0194564951785	1463.8985883488451	2.271541986318287	2248.2164431049373
3648.412674083619	1466.1713293760133	2.2739403400409035	2249.2164431049373
3653.8119624501664	1468.4464695730583	2.276340326157839	2250.2164431049373
3659.217326021307	1470.7240105726326	2.2787419451852386	2251.2164431049373
3664.62876922507	1473.0039540079044	2.281145197639247	2252.2164431049373
3670.0462964910384	1475.2863015125583	2.2835500840360092	2253.2164431049373
3675.4699122503403	1477.571054720796	2.285956604891669	2254.2164431049373
3680.899620935652	1479.858215267334	2.288364760722371	2255.2164431049373
3686.335426981202	1482.1477847874048	2.29077455204426	2256.2164431049373
3691.777334822763	1484.4397649167581	2.293185979373481	2257.2164431049373
3697.2253488976567	1486.7341572916591	2.2955990432261775	2258.2164431049373
3702.6794736447587	1489.0309635488904	2.2980137441184962	2259.2164431049373
3708.139713504483	1491.330185325748	2.3004300825665793	2260.2164431049373
3713.606072918802	1493.631824260047	2.302848059086573	2261.2164431049373
3719.0785563312297	1495.9358819901174	2.305267674194621	2262.2164431049373
3724.557168186831	1498.2423601548046	2.307688928406868	2263.2164431049373
3730.041912932225	1500.5512603934715	2.31011182223946	2264.2164431049373
3735.532795015566	1502.8625843459956	2.3125363562085397	2265.2164431049373
3741.0298188865677	1505.1763336527727	2.314962530830253	2266.2164431049373
3746.5329889964873	1507.4925099547122	2.3173903466207433	2267.2164431049373
3752.0423097981347	1509.8111148932421	2.3198198040961566	2268.2164431049373
3757.5577857458634	1512.1321501103052	2.3222509037726367	2269.2164431049373
3763.079421295579	1514.4556172483603	2.3246836461663283	2270.2164431049373
3768.6072209047315	1516.7815179503825	2.327118031793376	2271.2164431049373
3774.1411890323243	1519.1098538598633	2.329554061169924	2272.2164431049373
3779.6813301389034	1521.4406266208107	2.3319917348121177	2273.2164431049373
3785.2276486865703	1523.773837877748	2.3344310532361012	2274.2164431049373
3790.78014913897	1526.1094892757155	2.3368720169580195	2275.2164431049373
3796.3388359612964	1528.4475824602691	2.339314626494017	2276.2164431049373
3801.9037136202937	1530.7881190774801	2.3417588823602378	2277.2164431049373
3807.4747865842523	1533.1311007739382	2.344204785072827	2278.2164431049373
3813.052059323012	1535.476529196747	2.3466523351479296	2279.2164431049373
3818.635536307963	1537.8244059935269	2.3491015331016896	2280.2164431049373
3824.225222012039	1540.174732812415	2.351552379450251	2281.2164431049373
3829.821120909727	1542.5275113020643	2.35400487470976	2282.2164431049373
3835.423237477062	1544.8827431116438	2.35645901939636	2283.2164431049373
3841.0315761916245	1547.240429890838	2.358914814026196	2284.2164431049373
3846.6461415325443	1549.6005732898489	2.3613722591154125	2285.2164431049373
3852.2669379805025	1551.963174959394	2.3638313551801544	2286.2164431049373
3857.893970017726	1554.3282365507068	2.3662921027365664	2287.2164431049373
3863.5272421279883	1556.6957597155363	2.3687545023007917	2288.2164431049373
3869.1667587966163	1559.0657461061494	2.371218554388977	2289.2164431049373
3874.8125245104816	1561.438197375328	2.373684259517266	2290.2164431049373
3880.464543758005	1563.8131151763696	2.3761516182018023	2291.2164431049373
3886.122821029157	1566.190501163089	2.378620630958732	2292.2164431049373
3891.7873608154555	1568.5703569898164	2.3810912983041987	2293.2164431049373
3897.4581676099647	1570.952684311399	2.383563620754347	2294.2164431049373
3903.135245907304	1573.337484783199	2.386037598825323	2295.2164431049373
3908.818600203634	1575.7247600610954	2.3885132330332697	2296.2164431049373
3914.5082349966665	1578.1145118014833	2.3909905238943328	2297.2164431049373
3920.2041547856606	1580.5067416612735	2.393469471924655	2298.2164431049373
3925.9063640714253	1582.9014512978943	2.395950077640383	2299.2164431049373
3931.61486735632	1585.298642369288	2.3984323415576605	2300.2164431049373
3937.3296691442465	1587.6983165339152	2.400916264192632	2301.2164431049373
3943.0507739406635	1590.1004754507517	2.403401846061443	2302.2164431049373
3948.7781862525703	1592.505120779288	2.405889087680237	2303.2164431049373
3954.511910588516	1594.9122541795343	2.408377989565159	2304.2164431049373
3960.251951458603	1597.3218773120127	2.4108685522323534	2305.2164431049373
3965.998313374477	1599.7339918377652	2.4133607761979654	2306.2164431049373
3971.751000849336	1602.1485994183465	2.415854661978139	2307.2164431049373
3977.510018397922	1604.5657017158314	2.4183502100890193	2308.2164431049373
3983.2753705365303	1606.9853003928074	2.4208474210467505	2309.2164431049373
3989.047061783	1609.4073971123792	2.423346295367477	2310.2164431049373
3994.825096656724	1611.8319935381687	2.4258468335673444	2311.2164431049373
4000.609479678637	1614.259091334312	2.428349036162496	2312.2164431049373
4006.4002153712295	1616.6886921654639	2.430852903669078	2313.2164431049373
4012.1973082585314	1619.1207976967928	2.433358436603233	2314.2164431049373
4018.000762866133	1621.555409593985	2.4358656354811075	2315.2164431049373
4023.810583721159	1623.992529523242	2.4383745008188447	2316.2164431049373
4029.6267753522948	1626.4321591512814	2.4408850331325898	2317.2164431049373
4035.4493422897704	1628.8743001453379	2.443397232938488	2318.2164431049373
4041.278289065357	1631.3189541731608	2.4459111007526824	2319.2164431049373
4047.1136202123857	1633.766122903018	2.4484266370913192	2320.2164431049373
4052.9553402657293	1636.2158080036902	2.450943842470542	2321.2164431049373
4058.8034537618087	1638.668011144478	2.4534627174064956	2322.2164431049373
4064.6579652385967	1641.1227339951947	2.455983262415325	2323.2164431049373
4070.518879235611	1643.5799782261715	2.458505478013174	2324.2164431049373
4076.3862002939222	1646.039745508256	2.4610293647161883	2325.2164431049373
4082.2599329561444	1648.5020375128108	2.463554923040511	2326.2164431049373
4088.1400817664435	1650.966855911716	2.4660821535022883	2327.2164431049373
4094.026651270533	1653.434202377367	2.4686110566176644	2328.2164431049373
4099.919646015673	1655.9040785826744	2.471141632902783	2329.2164431049373
4105.819070550674	1658.3764862010678	2.4736738828737894	2330.2164431049373
4111.724929425894	1660.8514269064897	2.476207807046828	2331.2164431049373
4117.637227193243	1663.3289023734008	2.478743405938044	2332.2164431049373
4123.555968406172	1665.8089142767767	2.481280680063581	2333.2164431049373
4129.481157619689	1668.2914642921116	2.483819629939585	2334.2164431049373
4135.412799390341	1670.7765540954122	2.486360256082199	2335.2164431049373
4141.350898276233	1673.2641853632033	2.488902559007568	2336.2164431049373
4147.295458837015	1675.7543597725266	2.4914465392318377	2337.2164431049373
4153.246485633878	1678.2470790009386	2.493992197271151	2338.2164431049373
4159.203983229577	1680.7423447265128	2.4965395336416543	2339.2164431049373
4165.1679561884	1683.2401586278377	2.499088548859491	2340.2164431049373
4171.138409076192	1685.7405223840192	2.5016392434408066	2341.2164431049373
4177.115346460344	1688.2434376746794	2.504191617901745	2342.2164431049373
4183.098772909794	1690.7489061799547	2.5067456727584503	2343.2164431049373
4189.088692995032	1693.2569295805004	2.509301408527068	2344.2164431049373
4195.0851112880955	1695.7675095574848	2.511858825723743	2345.2164431049373
4201.088032362568	1698.2806477925958	2.5144179248646186	2346.2164431049373
4207.097460793581	1700.7963459680343	2.5169787064658404	2347.2164431049373
4213.113401157821	1703.3146057665197	2.519541171043553	2348.2164431049373
4219.135858033515	1705.8354288712856	2.522105319113901	2349.2164431049373
4225.164836000443	1708.3588169660836	2.5246711511930284	2350.2164431049373
4231.200339639931	1710.88477173518	2.5272386677970804	2351.2164431049373
4237.242373534855	1713.413294863358	2.5298078694422004	2352.2164431049373
4243.290942269639	1715.9443880359167	2.532378756644535	2353.2164431049373
4249.346050430256	1718.4780529386717	2.534951329920227	2354.2164431049373
4255.407702604229	1721.0142912579536	2.5375255897854228	2355.2164431049373
4261.475903380623	1723.5531046806109	2.540101536756266	2356.2164431049373
4267.550657350058	1726.0944948940069	2.5426791713489005	2357.2164431049373
4273.6319691047	1728.6384635860215	2.545258494079472	2358.2164431049373
4279.719843238263	1731.1850124450505	2.547839505464124	2359.2164431049373
4285.814284346012	1733.7341431600064	2.550422206019003	2360.2164431049373
4291.915297024757	1736.285857420317	2.5530065962602517	2361.2164431049373
4298.02288587286	1738.8401569159278	2.555592676704016	2362.2164431049373
4304.137055490224	1741.397043337298	2.558180447866439	2363.2164431049373
4310.25781047831	1743.9565183754057	2.5607699102636667	2364.2164431049373