9.742712e-8	7.78799e-13	1.047129e-10	930.428808666363
9.969651e-8	8.092866e-13	1.0715190000000001e-10	930.4297850677403
1.020188e-7	8.409501e-13	1.096478e-10	930.4303501766565
1.043951e-7	8.73834e-13	1.1220180000000002e-10	930.4304728979391
1.068268e-7	9.079846e-13	1.148154e-10	930.4301338026083
1.093151e-7	9.434498e-13	1.174898e-10	930.4300752048265
1.118614e-7	9.802794e-13	1.202264e-10	930.4310890070733
1.14467e-7	1.018525e-12	1.230269e-10	930.4308124889759
1.171333e-7	1.05824e-12	1.258925e-10	930.4315844073315
1.198618e-7	1.09948e-12	1.28825e-10	930.4319773335923
1.226537e-7	1.142303e-12	1.318257e-10	930.4319438698221
1.255107e-7	1.186768e-12	1.348963e-10	930.4323896800727
1.284343e-7	1.232937e-12	1.380384e-10	930.4333644623524
1.314259e-7	1.280874e-12	1.412538e-10	930.4328865772108
1.344873e-7	1.330647e-12	1.4454399999999998e-10	930.4338516091987
1.376199e-7	1.382322e-12	1.479108e-10	930.4343044726957
1.408255e-7	1.435974e-12	1.513561e-10	930.4344917317505
1.441058e-7	1.491674e-12	1.548817e-10	930.4345941063405
1.474625e-7	1.549501e-12	1.584893e-10	930.435363781656
1.508974e-7	1.609534e-12	1.62181e-10	930.4358065001448
1.544122e-7	1.671855e-12	1.6595870000000001e-10	930.4355351964074
1.58009e-7	1.736551e-12	1.698244e-10	930.4360065514733
1.616896e-7	1.80371e-12	1.737801e-10	930.43682049901
1.654558e-7	1.873423e-12	1.7782789999999997e-10	930.4370878979058
1.693098e-7	1.945787e-12	1.8197010000000002e-10	930.4371750468895
1.732536e-7	2.0209e-12	1.862087e-10	930.4378415186832
1.772893e-7	2.098865e-12	1.905461e-10	930.4383499058758
1.814189e-7	2.179788e-12	1.9498450000000002e-10	930.4384696629733
1.856447e-7	2.263778e-12	1.9952619999999999e-10	930.4390289495815
1.89969e-7	2.350951e-12	2.041738e-10	930.4394146114731
1.94394e-7	2.441423e-12	2.089296e-10	930.4399253289146
1.989221e-7	2.535318e-12	2.1379620000000003e-10	930.4404630110357
2.035557e-7	2.632763e-12	2.187762e-10	930.4409381047847
2.082971e-7	2.733888e-12	2.238721e-10	930.441238046188
2.131491e-7	2.838831e-12	2.290868e-10	930.4418186949225
2.18114e-7	2.947732e-12	2.344229e-10	930.4421527589667
2.231946e-7	3.060738e-12	2.398833e-10	930.4426808285529
2.2839360000000003e-7	3.178e-12	2.454709e-10	930.4433967529349
2.337136e-7	3.299676e-12	2.511886e-10	930.443896243699
2.391576e-7	3.425927e-12	2.570396e-10	930.4442814531302
2.447283e-7	3.556923e-12	2.630268e-10	930.4445665726839
2.504289e-7	3.692838e-12	2.691535e-10	930.4452397535234
2.562622e-7	3.833852e-12	2.754229e-10	930.445630526728
2.622314e-7	3.980154e-12	2.818383e-10	930.4462174019641
2.683397e-7	4.131936e-12	2.884032e-10	930.4467909371325
2.745902e-7	4.289401e-12	2.951209e-10	930.4474518781965
2.809863e-7	4.452756e-12	3.019952e-10	930.4477447191213
2.875314e-7	4.622216e-12	3.090295e-10	930.448459503057
2.94229e-7	4.798006e-12	3.162278e-10	930.4488663109314
3.010826e-7	4.980355e-12	3.2359370000000006e-10	930.4494505146422
3.080958e-7	5.169504e-12	3.3113109999999996e-10	930.4501132753766
3.152724e-7	5.3657e-12	3.3884420000000004e-10	930.4505306568625
3.226162e-7	5.5692e-12	3.4673690000000003e-10	930.4512130090568
3.30131e-7	5.780271e-12	3.548134e-10	930.4518382648456
3.378209e-7	5.999186e-12	3.6307810000000007e-10	930.4524265881088
3.456899e-7	6.226231e-12	3.715352e-10	930.4532282028728
3.537422e-7	6.461702e-12	3.801894e-10	930.4537730457502
3.619821e-7	6.705902e-12	3.890451e-10	930.4546077100059
3.704139e-7	6.95915e-12	3.9810719999999997e-10	930.4550612247153
3.790421e-7	7.221772e-12	4.0738029999999993e-10	930.4556989427324
3.878713e-7	7.494107e-12	4.168694e-10	930.456382999088
3.969062e-7	7.776505e-12	4.265795e-10	930.4572219363565
4.061515e-7	8.069331e-12	4.365158e-10	930.4578879641928
4.156121e-7	8.372959e-12	4.466836e-10	930.4583220852522
4.252932e-7	8.68778e-12	4.570882e-10	930.4591275381862
4.351997e-7	9.014195e-12	4.677351000000001e-10	930.459814102042
4.453371e-7	9.352621e-12	4.786301e-10	930.4606054257767
4.557105e-7	9.703489e-12	4.897788e-10	930.4612684113728
4.6632559999999994e-7	1.006725e-11	5.011871999999999e-10	930.4620454193562
4.77188e-7	1.044435e-11	5.128614e-10	930.4627806849962
4.883034e-7	1.083529e-11	5.248075e-10	930.4635228917269
4.996777e-7	1.124055e-11	5.370318e-10	930.4643422419305
5.113169e-7	1.166065e-11	5.495409e-10	930.4649765831806
5.232273e-7	1.209611e-11	5.623413e-10	930.465886304278
5.354151e-7	1.254748e-11	5.754399000000001e-10	930.4666698989764
5.478868e-7	1.301533e-11	5.888436999999999e-10	930.4673130238125
5.606491e-7	1.350025e-11	6.025595999999999e-10	930.4682893609197
5.737086e-7	1.400285e-11	6.16595e-10	930.469113194236
5.870723e-7	1.452374e-11	6.309573e-10	930.4699759238857
6.007473e-7	1.506358e-11	6.456542e-10	930.4707745725187
6.147409e-7	1.562305e-11	6.606934000000001e-10	930.4717181222031
6.290604e-7	1.620283e-11	6.760829999999999e-10	930.4724461789453
6.437135e-7	1.680365e-11	6.918309999999999e-10	930.4733434176845
6.587079e-7	1.742624e-11	7.079458e-10	930.4742343834796
6.740516e-7	1.807139e-11	7.244359999999999e-10	930.4751163525833
6.897527e-7	1.873987e-11	7.413102e-10	930.4761216964235
7.058195e-7	1.943253e-11	7.585775999999999e-10	930.4768985137447
7.222606e-7	2.01502e-11	7.762471000000001e-10	930.4778725743387
7.390847e-7	2.089377e-11	7.943281999999999e-10	930.4788546724138
7.563007e-7	2.166414e-11	8.128305e-10	930.4798037721271
7.739177e-7	2.246226e-11	8.317638000000001e-10	930.4806992802523
7.919451e-7	2.32891e-11	8.51138e-10	930.4817657066186
8.103925e-7	2.414567e-11	8.709636e-10	930.482795917074
8.292695e-7	2.5033e-11	8.912509e-10	930.4838098901218
8.485863e-7	2.595218e-11	9.120107999999999e-10	930.4848716484498
8.68353e-7	2.690431e-11	9.332542999999998e-10	930.4858325431771
8.885802e-7	2.789054e-11	9.549926e-10	930.486886013567
9.092785e-7	2.891207e-11	9.772372e-10	930.4879225535009
9.304590000000001e-7	2.997011e-11	1.0000000000000003e-9	930.48897011
9.521329e-7	3.106595e-11	1.023293e-9	930.4900609600573
9.743117e-7	3.220089e-11	1.047129e-9	930.4907999778443
9.970071e-7	3.33763e-11	1.071519e-9	930.4925776397806
1.020231e-6	3.459357e-11	1.096478e-9	930.4934468087824
1.043996e-6	3.585415e-11	1.122018e-9	930.4947462072801
1.068315e-6	3.715955e-11	1.148154e-9	930.4955254695799
1.0932e-6	3.851132e-11	1.174898e-9	930.4965293327591
1.118665e-6	3.991105e-11	1.202264e-9	930.4985519403393
1.144723e-6	4.13604e-11	1.230269e-9	930.4992326068526
1.171388e-6	4.286109e-11	1.2589250000000002e-9	930.5009123577655
1.198674e-6	4.441488e-11	1.28825e-9	930.5013893887057
1.226596e-6	4.60236e-11	1.3182569999999998e-9	930.5029471491522
1.255168e-6	4.768913e-11	1.348963e-9	930.5041644062884
1.284406e-6	4.941343e-11	1.380384e-9	930.5058689683452
1.314324e-6	5.119851e-11	1.412538e-9	930.5060809054341
1.34494e-6	5.304646e-11	1.4454400000000001e-9	930.5076976284039
1.376269e-6	5.495944e-11	1.479108e-9	930.5094417987057
1.408328e-6	5.693966e-11	1.513561e-9	930.51085464015
1.441133e-6	5.898942e-11	1.548817e-9	930.5114738668287
1.474703e-6	6.11111e-11	1.584893e-9	930.5133602710088
1.509055e-6	6.330715e-11	1.62181e-9	930.5148612661162
1.544207e-6	6.558011e-11	1.659587e-9	930.5161947580934
1.580177e-6	6.79326e-11	1.6982440000000002e-9	930.5170120430279
1.616986e-6	7.036732e-11	1.7378010000000003e-9	930.5187229838168
1.654652e-6	7.288706e-11	1.778279e-9	930.520400375869
1.693196e-6	7.549472e-11	1.819701e-9	930.5218245854677
1.732637e-6	7.819327e-11	1.8620869999999998e-9	930.523221133062
1.772997e-6	8.098581e-11	1.905461e-9	930.5244168261643
1.814298e-6	8.38755e-11	1.949845e-9	930.5262087499264
1.85656e-6	8.686564e-11	1.995262e-9	930.5278533044784
1.8998069999999998e-6	8.995962e-11	2.041738e-9	930.5292645873271
1.944061e-6	9.316096e-11	2.089296e-9	930.5307438295005
1.989346e-6	9.647326e-11	2.1379620000000006e-9	930.5321952682041
2.035687e-6	9.990029e-11	2.187762e-9	930.5339887474048
2.083106e-6	1.034459e-10	2.238721e-9	930.5355360940467
2.13163e-6	1.071141e-10	2.290868e-9	930.536859434939
2.181285e-6	1.109089e-10	2.344229e-9	930.5387438257952
2.232096e-6	1.148347e-10	2.398833e-9	930.5403230237371
2.284091e-6	1.188959e-10	2.454709e-9	930.5420299921495
2.337297e-6	1.230969e-10	2.511886e-9	930.5438610271327
2.391743e-6	1.274425e-10	2.5703959999999997e-9	930.545504467016
2.447457e-6	1.319375e-10	2.630268e-9	930.5473577217227
2.504468e-6	1.365869e-10	2.691535e-9	930.5487712030496
2.562808e-6	1.413959e-10	2.754229e-9	930.5505809066713
2.622507e-6	1.463698e-10	2.818383e-9	930.5525082290093
2.683597e-6	1.515141e-10	2.8840319999999994e-9	930.5543468657769
2.746109e-6	1.568345e-10	2.9512089999999995e-9	930.5562006960538
2.810078e-6	1.623369e-10	3.019952e-9	930.5579482389123
2.875537e-6	1.680272e-10	3.0902949999999996e-9	930.5600362424946
2.942521e-6	1.739118e-10	3.162278e-9	930.5617380255626
3.011065e-6	1.799971e-10	3.235937e-9	930.5635422135845
3.081206e-6	1.862899e-10	3.311311e-9	930.5656550834398
3.152981e-6	1.927969e-10	3.388442e-9	930.5674398145223
3.226428e-6	1.995252e-10	3.467369e-9	930.5694101781495
3.301586e-6	2.064823e-10	3.548134e-9	930.5715292319851
3.378494e-6	2.136757e-10	3.630781e-9	930.5732501354393
3.457195e-6	2.211132e-10	3.7153519999999994e-9	930.575652912564
3.537728e-6	2.288028e-10	3.801894e-9	930.5774445052913
3.620138e-6	2.36753e-10	3.890451e-9	930.579707339843
3.704468e-6	2.449722e-10	3.981072e-9	930.5817559190086
3.790762e-6	2.534695e-10	4.073803e-9	930.5838965458075
3.879066e-6	2.622538e-10	4.168694e-9	930.5859949902775
3.969427e-6	2.713348e-10	4.265795000000001e-9	930.5881634724594
4.061893e-6	2.807222e-10	4.365158e-9	930.5903067426196
4.156514e-6	2.90426e-10	4.466836e-9	930.5925773858721
4.253338e-6	3.004567e-10	4.570882e-9	930.5946766291495
4.352418e-6	3.108249e-10	4.677351e-9	930.5970034962097
4.453806e-6	3.215419e-10	4.786301e-9	930.599129035136
4.538835e-6	3.306119e-10	4.877671e-9	930.6010208355586
4.675023e-6	3.30612e-10	5.024015000107458e-9	930.601045558184
4.772363e-6	3.407815e-10	5.128614e-9	930.6030404120879
4.883534e-6	3.525066e-10	5.248075000000001e-9	930.6053184453347
4.997294e-6	3.646249e-10	5.370318e-9	930.6075775959636
5.113705e-6	3.771492e-10	5.4954089999999994e-9	930.6099235197962
5.232827e-6	3.900928e-10	5.623413e-9	930.6122621262211
5.354725e-6	4.034695e-10	5.754399e-9	930.6147296181581
5.479462e-6	4.172934e-10	5.888437e-9	930.6169520706429
5.607105e-6	4.31579e-10	6.025596000000001e-9	930.6194074411893
5.737721e-6	4.463415e-10	6.16595e-9	930.6217762875144
5.871381e-6	4.615965e-10	6.309573e-9	930.6244014452324
6.008154e-6	4.773598e-10	6.456542e-9	930.6268525473853
6.148113e-6	4.936482e-10	6.606933999999999e-9	930.6293430810722
6.291332e-6	5.104787e-10	6.76083e-9	930.631664854759
6.437888e-6	5.278688e-10	6.918310000000001e-9	930.634196617382
6.587859e-6	5.458369e-10	7.079458e-9	930.6368986015597
6.741322e-6	5.644017e-10	7.24436e-9	930.6393389754237
6.898361e-6	5.835826e-10	7.413102e-9	930.642068947655
7.059059e-6	6.033995e-10	7.585776e-9	930.6447223725035
7.2235e-6	6.238732e-10	7.762471e-9	930.6474540387977
7.391771e-6	6.450248e-10	7.943282e-9	930.6500795011433
7.563963e-6	6.668763e-10	8.128305e-9	930.6528084637573
7.740166e-6	6.894505e-10	8.317637999999998e-9	930.6554878320024
7.920474e-6	7.127707e-10	8.51138e-9	930.6583386830338
8.104983e-6	7.36861e-10	8.709636e-9	930.6611505922866
8.293789e-6	7.617464e-10	8.912509e-9	930.6639405805929
8.486994e-6	7.874525e-10	9.120108e-9	930.6667697904454
8.684701e-6	8.140058e-10	9.332543e-9	930.669701259346
8.887013e-6	8.414337e-10	9.549926e-9	930.6725972222193
9.094038e-6	8.697645e-10	9.772371999999998e-9	930.6755580426126
9.305886e-6	8.990271e-10	1.e-8	930.67850271
9.522669e-6	9.292518e-10	1.023293e-8	930.6814618882372
9.744502e-6	9.604694e-10	1.047129e-8	930.6840388720016
9.971504e-6	9.927119e-10	1.071519e-8	930.6878097261924
0.00001020379	1.026012e-9	1.0964780000000002e-8	930.6904481439664
0.00001044149	1.060405e-9	1.1220179999999998e-8	930.6936613316362
0.00001068473	1.095924e-9	1.148154e-8	930.6962240256969
0.00001093364	1.132607e-9	1.174898e-8	930.6997379346973
0.00001118834	1.170491e-9	1.202264e-8	930.7032807270284
0.00001144898	1.209614e-9	1.230269e-8	930.7061800305462
0.00001171569	1.250016e-9	1.258925e-8	930.7099323629286
0.00001198861	1.291738e-9	1.28825e-8	930.7123413933631
0.00001226789	1.334822e-9	1.318257e-8	930.7156967116427
0.00001255368	1.379313e-9	1.3489630000000002e-8	930.7193238806401
0.00001284613	1.425255e-9	1.3803840000000001e-8	930.7232809855808
0.00001314539	1.472695e-9	1.4125379999999998e-8	930.7263022304534
0.00001345162	1.52168e-9	1.44544e-8	930.729859419969
0.00001376498	1.57226e-9	1.479108e-8	930.733405539014
0.00001408565	1.624487e-9	1.513561e-8	930.7371481559052
0.00001441378	1.678413e-9	1.548817e-8	930.7399397733883
0.00001474956	1.734091e-9	1.584893e-8	930.7438477550221
0.00001509316	1.791579e-9	1.6218099999999996e-8	930.7472255689632
0.00001544477	1.850934e-9	1.6595870000000003e-8	930.7508997117957
0.00001580457	1.912216e-9	1.6982440000000004e-8	930.7544861633544
0.00001617275	1.975486e-9	1.737801e-8	930.7582102899008
0.00001654951	2.040808e-9	1.778279e-8	930.7623161494905
0.00001693504	2.108247e-9	1.819701e-8	930.7654525111543
0.00001732956	2.17787e-9	1.8620870000000003e-8	930.7695005657631
0.00001773327	2.249748e-9	1.9054609999999996e-8	930.7731697473735
0.00001814639	2.323952e-9	1.949845e-8	930.7772644492253
0.00001856912	2.400556e-9	1.995262e-8	930.7810481029559
0.00001900171	2.479638e-9	2.041738e-8	930.7849311713843
0.00001944438	2.561274e-9	2.089296e-8	930.7891880327153
0.00001989735	2.645548e-9	2.137962e-8	930.7927618919325
0.00002036089	2.732543e-9	2.187762e-8	930.7969762250191
0.00002083522	2.822346e-9	2.238721e-8	930.801218463578
0.0000213206	2.915045e-9	2.290868e-8	930.8050505310651
0.00002181729	3.010733e-9	2.344229e-8	930.8092653490764
0.00002232555	3.109505e-9	2.398833e-8	930.8134207341653
0.00002284565	3.211459e-9	2.4547090000000004e-8	930.8175208955521
0.00002337787	3.316696e-9	2.5118860000000003e-8	930.8219678759307
0.00002392249	3.42532e-9	2.5703959999999997e-8	930.8260408123884
0.0000244798	3.53744e-9	2.6302680000000005e-8	930.8305252544607
0.00002505009	3.653165e-9	2.691535e-8	930.8347528454952
0.00002563367	3.77261e-9	2.754229e-8	930.8391789498985
0.00002623084	3.895894e-9	2.8183830000000005e-8	930.8435331181034
0.00002684193	4.023137e-9	2.8840320000000005e-8	930.8479634414597
0.00002746725	4.154466e-9	2.9512090000000002e-8	930.852557917789
0.00002810714	4.29001e-9	3.019952e-8	930.8568483869942
0.00002876195	4.429903e-9	3.090295e-8	930.8619372260578
0.000029432	4.574283e-9	3.162278e-8	930.8661124354026
0.00003011767	4.723291e-9	3.235937e-8	930.8708201364859
0.00003081931	4.877074e-9	3.311311e-8	930.8756282330471
0.0000315373	5.035783e-9	3.388442e-8	930.8802034386305
0.00003227202	5.199575e-9	3.4673690000000004e-8	930.8850478561699
0.00003302385	5.36861e-9	3.548134e-8	930.8898313874276
0.00003379321	5.543054e-9	3.630781000000001e-8	930.8948420188383
0.00003458048	5.723078e-9	3.715352e-8	930.8997661056071
0.0000353861	5.908859e-9	3.801894e-8	930.9046716978434
0.00003621049	6.100579e-9	3.890451e-8	930.9098245678972
0.00003705408	6.298425e-9	3.981072e-8	930.9145482674014
0.00003791733	6.502591e-9	4.073803e-8	930.9196490601042
0.0000388007	6.713277e-9	4.168694e-8	930.9249677956693
0.00003970464	6.930689e-9	4.265795e-8	930.9301241386424
0.00004062964	7.155039e-9	4.3651580000000004e-8	930.9352614269632
0.0000415762	7.386547e-9	4.466836000000001e-8	930.9405258442439
0.00004254481	7.625437e-9	4.570882e-8	930.9458313953413
0.00004353598	7.871944e-9	4.677351000000001e-8	930.9511290471894
0.00004455025	8.126309e-9	4.786301e-8	930.9564172625165
0.00004558815	8.388777e-9	4.897787999999999e-8	930.9618704811234
0.00004665024	8.659607e-9	5.011872e-8	930.9675029011116
0.00004773706	8.93906e-9	5.1286140000000005e-8	930.9727552122268
0.00004884922	9.22741e-9	5.248074999999999e-8	930.9784522896492
0.00004998728	9.524937e-9	5.370317999999999e-8	930.984067181869
0.00005115186	9.831929e-9	5.495409e-8	930.9897030230143
0.00005234357	1.014869e-8	5.623413e-8	930.9954415583561
0.00005356305	1.047552e-8	5.7543990000000006e-8	931.0012308844068
0.00005481094	1.081274e-8	5.888436999999999e-8	931.0068654890932
0.00005608791	1.116067e-8	6.025596e-8	931.0128105170013
0.000057394629999999996	1.151966e-8	6.16595e-8	931.0187345015772
0.00005873179	1.189006e-8	6.309573e-8	931.0246519059214
0.00006010011	1.227221e-8	6.456542e-8	931.0306075605178
0.00006150031	1.26665e-8	6.606934e-8	931.0366427150628
0.00006293314	1.30733e-8	6.76083e-8	931.0426870665287
0.00006439935	1.349302e-8	6.91831e-8	931.0488113426546
0.00006589972	1.392604e-8	7.079457999999999e-8	931.0549768075465
0.00006743505	1.43728e-8	7.24436e-8	931.0611675841619
0.00006900616	1.483373e-8	7.413102e-8	931.0676384865607
0.00007061387	1.530926e-8	7.585776e-8	931.0738843329938
0.00007225904	1.579987e-8	7.762470999999999e-8	931.0803205577195
0.00007394254	1.630602e-8	7.943281999999999e-8	931.0867475182173
0.00007566527	1.682821e-8	8.128305e-8	931.0932378890802
0.00007742814	1.736693e-8	8.317638000000002e-8	931.0997536800711
0.00007923208	1.792272e-8	8.51138e-8	931.1063860384567
0.00008107806	1.849609e-8	8.709636e-8	931.1130349190254
0.00008296705	1.908762e-8	8.912509e-8	931.1198184484302
0.00008490005	1.969786e-8	9.120108000000001e-8	931.1265596854773
0.00008687809	2.03274e-8	9.332543e-8	931.1333191821351
0.00008890223	2.097686e-8	9.549926000000002e-8	931.1402712439865
0.00009097352	2.164686e-8	9.772372e-8	931.1471857600181
0.00009309308	2.233804e-8	9.999999999999998e-8	931.1541804000001
0.00009526202	2.305107e-8	1.0232929999999999e-7	931.1611734859908
0.00009748151	2.378664e-8	1.0471290000000001e-7	931.1679519906335
0.0000997527	2.454544e-8	1.071519e-7	931.1756995442918
0.0001020768	2.532822e-8	1.0964780000000002e-7	931.1826431538069
0.0001044551	2.613572e-8	1.1220180000000002e-7	931.1903705644651
0.0001068888	2.696873e-8	1.148154e-7	931.1971105792429
0.0001093792	2.782803e-8	1.174898e-7	931.2044792824568
0.0001119276	2.871447e-8	1.202264e-7	931.2123998556058
0.0001145354	2.962888e-8	1.230269e-7	931.2193421113595
0.000117204	3.057214e-8	1.2589249999999996e-7	931.2276119705305
0.0001199348	3.154517e-8	1.28825e-7	931.2349712400544
0.0001227291	3.254889e-8	1.318257e-7	931.242154526773
0.0001255886	3.358427e-8	1.348963e-7	931.2500362871333
0.0001285148	3.465231e-8	1.3803839999999998e-7	931.2586375240514
0.0001315091	3.575401e-8	1.412538e-7	931.265948314311
0.0001345732	3.689045e-8	1.44544e-7	931.2741480102943
0.0001377086	3.806271e-8	1.479108e-7	931.281980152903
0.0001409172	3.927191e-8	1.513561e-7	931.2903273141949
0.0001442005	4.051922e-8	1.548817e-7	931.2980114500293
0.0001475603	4.180582e-8	1.584893e-7	931.3064403716844
0.0001509984	4.313295e-8	1.62181e-7	931.314598812438
0.0001522496	4.361852e-8	1.6352440000000002e-7	931.3180083216938
0.0001581168	4.397829e-8	1.698244e-7	931.3195176311532
0.0001618009	4.537383e-8	1.7378009999999998e-7	931.3280049326708
0.0001655708	4.681333e-8	1.778279e-7	931.336496297825
0.0001694285	4.829814e-8	1.8197010000000003e-7	931.3442051194124
0.0001733762	4.982969e-8	1.862087e-7	931.3529909719579
0.0001774158	5.140945e-8	1.905461e-7	931.3610168352959
0.0001815496	5.303892e-8	1.949845e-7	931.3696161489759
0.0001857796	5.471966e-8	1.995262e-7	931.378032859845
0.0001901083	5.645329e-8	2.0417380000000003e-7	931.3866582783883
0.0001945378	5.824145e-8	2.089296e-7	931.3952711822548
0.0001990706	6.008585e-8	2.1379619999999998e-7	931.4042337983557
0.000203709	6.198825e-8	2.1877620000000004e-7	931.4129610533503
0.0002084554	6.395048e-8	2.238721e-7	931.421782705393
0.0002133125	6.597441e-8	2.290868e-7	931.4306822130301
0.0002182827	6.806196e-8	2.3442290000000002e-7	931.4395562890827
0.0002233688	7.021512e-8	2.398833e-7	931.4488133188096
0.0002285734	7.243597e-8	2.454709e-7	931.458009768164
0.0002338992	7.47266e-8	2.511886e-7	931.4671390341758
0.0002393492	7.708921e-8	2.570396e-7	931.4762752898774
0.0002449262	7.952605e-8	2.630268e-7	931.4857879501252
0.0002506332	8.203945e-8	2.691535e-7	931.4953714144532
0.0002564731	8.463179e-8	2.754229e-7	931.5047216117468
0.0002624491	8.730556e-8	2.818383e-7	931.5142958213982
0.0002685644	9.006329e-8	2.884032e-7	931.5238641249474
0.0002748222	9.290762e-8	2.951209e-7	931.5338480602355
0.0002812258	9.584125e-8	3.019952e-7	931.5434193987189
0.0002877787	9.886699e-8	3.090295e-7	931.5536768819806
0.0002944843	1.019877e-7	3.1622779999999993e-7	931.5635364759203
0.0003013461	1.052064e-7	3.235937e-7	931.5734713005846
0.0003083678	1.085261e-7	3.311311e-7	931.5836721467721
0.0003155532	1.119499e-7	3.388442e-7	931.5937823341818
0.000322906	1.154813e-7	3.4673689999999997e-7	931.603995132909
0.0003304302	1.191234e-7	3.548134e-7	931.6145427427488
0.0003381298	1.228797e-7	3.630781e-7	931.6251233550028
0.0003460087	1.267539e-7	3.715352e-7	931.6356940069205
0.0003540713	1.307497e-7	3.801894e-7	931.646304973258
0.0003623218	1.348707e-7	3.890451e-7	931.6572055527752
0.0003707645	1.39121e-7	3.9810719999999996e-7	931.6677040756862
0.000379404	1.435046e-7	4.073803e-7	931.6785927056364
0.0003882449	1.480256e-7	4.1686939999999994e-7	931.6896985002976
0.0003972918	1.526884e-7	4.2657950000000004e-7	931.7008632622992
0.0004065495	1.574974e-7	4.365158e-7	931.7119733123062
0.000416023	1.624571e-7	4.466836e-7	931.7231640024393
0.0004257172	1.675723e-7	4.570882e-7	931.7343398932635
0.0004356374	1.728478e-7	4.677351e-7	931.7458702586143
0.0004457888	1.782886e-7	4.786301e-7	931.7572977545709
0.0004561768	1.839e-7	4.897788e-7	931.7689944930241
0.0004668068	1.896872e-7	5.011872000000001e-7	931.7805546510366
0.0004776847	1.956557e-7	5.128614e-7	931.7924018068038
0.000488816	2.018113e-7	5.248074999999999e-7	931.80415923934
0.0005002068	2.081596e-7	5.370318e-7	931.8162529667703
0.000511863	2.147069e-7	5.495409e-7	931.8281985926798
0.0005237909	2.214592e-7	5.623413e-7	931.8404307135186
0.0005359968	2.28423e-7	5.754399e-7	931.8526973885542
0.0005484872	2.35605e-7	5.888437e-7	931.864949900967
0.0005612686	2.430119e-7	6.025596e-7	931.8772979469582
0.000574348	2.506507e-7	6.165950000000001e-7	931.8898964474249
0.0005877322	2.585287e-7	6.309573e-7	931.9025688426141
0.0006014284	2.666534e-7	6.456542e-7	931.9153401309865
0.0006154438	2.750324e-7	6.606934e-7	931.9282323692048
0.0006297858	2.836738e-7	6.76083e-7	931.9410099055883
0.0006444621	2.925858e-7	6.918309999999999e-7	931.9540260554962
0.0006594805	3.017767e-7	7.079458e-7	931.9672165581036
0.0006748489	3.112553e-7	7.244360000000001e-7	931.9804030997907
0.0006905755	3.210305e-7	7.413102e-7	931.9938272804017
0.0007066687	3.311117e-7	7.585776e-7	932.0072352518714
0.0007231369	3.415085e-7	7.762470999999999e-7	932.0207553754467
0.000739989	3.522305e-7	7.943282000000001e-7	932.0344292195593
0.0007707905	3.569864e-7	8.273756e-7	932.0404014815036
0.0007748804	3.595303e-7	8.317637999999999e-7	932.0433641137063
0.0007929382	3.708164e-7	8.51138e-7	932.0568655141705
0.0008114169	3.824555e-7	8.709635999999999e-7	932.07035919756
0.0008303263	3.944589e-7	8.912509000000001e-7	932.0840617383948
0.0008420832	4.019687e-7	9.038643999999999e-7	932.0924341084792
0.0008694773	4.088093e-7	9.332543e-7	932.0997602689856
0.0008897397	4.216374e-7	9.549926e-7	932.1133351190365
0.0009104744	4.348669e-7	9.772372e-7	932.1270894108411
0.0009316923	4.485103e-7	1.e-6	932.1408103
0.0009534047999999999	4.625804e-7	1.023293e-6	932.154700950754
0.0009756234	4.770906e-7	1.047129e-6	932.1683294035405
0.0009983599	4.920546e-7	1.071519e-6	932.1831480356392
0.001021626	5.074866e-7	1.096478e-6	932.1969858036367
0.001045435	5.234013e-7	1.122018e-6	932.2117838572999
0.001069799	5.398137e-7	1.1481539999999999e-6	932.2258283296492
0.00109473	5.567393e-7	1.174898e-6	932.2398534170626
0.001120243	5.741942e-7	1.2022639999999998e-6	932.2554731739451
0.00114635	5.921948e-7	1.230269e-6	932.2694425365507
0.001173066	6.107583e-7	1.2589250000000002e-6	932.2848925074964
0.001200405	6.299022e-7	1.28825e-6	932.2995553658066
0.001228381	6.496446e-7	1.3182569999999998e-6	932.3149011156398
0.001257009	6.700042e-7	1.348963e-6	932.3302449362956
0.001286304	6.910003e-7	1.3803840000000001e-6	932.3456373733686
0.001316283	7.126527e-7	1.4125380000000002e-6	932.3612198043521
0.00134696	7.34982e-7	1.44544e-6	932.3769800199246
0.001378352	7.580093e-7	1.479108e-6	932.3930431719658
0.001410476	7.817563e-7	1.513561e-6	932.4089060830717
0.001443348	8.062455e-7	1.5488170000000002e-6	932.4240665617693
0.001476987	8.315002e-7	1.584893e-6	932.4405497405818
0.00151141	8.575441e-7	1.62181e-6	932.4566651457322
0.001546636	8.84402e-7	1.6595870000000002e-6	932.4732008626243
0.001582683	9.120992e-7	1.6982439999999998e-6	932.4897359861128
0.00161957	9.406619e-7	1.7378009999999997e-6	932.5064618445956
0.001657316	9.701172e-7	1.7782789999999998e-6	932.523027713874
0.001695943	1.000493e-6	1.8197010000000002e-6	932.5397375722715
0.001735471	1.031818e-6	1.8620869999999998e-6	932.5572961950758
0.001739608	1.03511e-6	1.866524e-6	932.5586544828782
0.00181731	1.051185e-6	1.949845e-6	932.567042508507
0.001859665	1.084093e-6	1.995262e-6	932.5838376113012
0.001903008	1.11803e-6	2.041738e-6	932.6005736289377
0.001947361	1.153027e-6	2.089296e-6	932.6175070454354
0.001992748	1.189118e-6	2.137962e-6	932.6344986487131
0.002039193	1.226336e-6	2.1877619999999994e-6	932.6514200356346
0.002086721	1.264716e-6	2.238721e-6	932.6690177114523
0.002135357	1.304296e-6	2.290868e-6	932.6863424693173
0.002185127	1.345112e-6	2.3442290000000005e-6	932.7041479309399
0.002236057	1.387203e-6	2.398833e-6	932.721953966783
0.002288174	1.430608e-6	2.4547090000000004e-6	932.7397292306338
0.002341506	1.47537e-6	2.511886e-6	932.7578441059826
0.002396082	1.52153e-6	2.5703960000000003e-6	932.7759341362187
0.00245193	1.569131e-6	2.630268e-6	932.7943506137017
0.00250908	1.618219e-6	2.691535e-6	932.812770036429
0.002567562	1.66884e-6	2.7542290000000004e-6	932.8312351659937
0.002627408	1.721042e-6	2.818383e-6	932.850163373821
0.002688649	1.774875e-6	2.8840319999999994e-6	932.8689400811087
0.002751317	1.830388e-6	2.951209e-6	932.8879750637791
0.002815447	1.887635e-6	3.019952e-6	932.9070909074052
0.002881072	1.94667e-6	3.090295e-6	932.9266849928567
0.002948227	2.007549e-6	3.1622780000000004e-6	932.9459803976753
0.003016947	2.070328e-6	3.235937e-6	932.9654217619192
0.00308727	2.135068e-6	3.311311e-6	932.9854755412584
0.003159232	2.201829e-6	3.388442e-6	933.0051477935878
0.003232872	2.270675e-6	3.467369e-6	933.0252058549291
0.003308229	2.34167e-6	3.548134e-6	933.0455585950249
0.003385343	2.414882e-6	3.630781e-6	933.0658836211823
0.003464255	2.49038e-6	3.715352e-6	933.0866577379478
0.003545007	2.568235e-6	3.801894e-6	933.1073499155948
0.003627641	2.648521e-6	3.890451e-6	933.1281954200168
0.003712203	2.731313e-6	3.981072e-6	933.1492404558369
0.003798736	2.81669e-6	4.073803e-6	933.170477315668
0.003887286	2.904733e-6	4.168694e-6	933.191722155668
0.003977901	2.995524e-6	4.265795e-6	933.2132753683661
0.004070629	3.089149e-6	4.365158e-6	933.2349823305365
0.00416552	3.185697e-6	4.466836e-6	933.2569400354076
0.004262622	3.285258e-6	4.570882e-6	933.2787978337661
0.004361989	3.387928e-6	4.677351e-6	933.3011202280951
0.004463673	3.493802e-6	4.786301e-6	933.3234165590504
0.004567728	3.602982e-6	4.897788e-6	933.346029268723
0.00467421	3.715569e-6	5.011872000000001e-6	933.368922630107
0.004783174	3.83167e-6	5.128614e-6	933.3916863308489
0.004894679	3.951396e-6	5.2480750000000006e-6	933.4147084407139
0.005008784	4.074858e-6	5.370318000000001e-6	933.4379934298116
0.00512555	4.202174e-6	5.495409e-6	933.4613991424478
0.005245039	4.333463e-6	5.623413e-6	933.4851384737347
0.005367314	4.46885e-6	5.754399000000001e-6	933.5089294294677
0.00549244	4.608463e-6	5.888436999999999e-6	933.5326951787038
0.005620485	4.752432e-6	6.025596e-6	933.5570177622263
0.005751515	4.900895e-6	6.165950000000001e-6	933.5813451292987
0.005885601	5.053992e-6	6.309573000000001e-6	933.6059654116054
0.006022814	5.211866e-6	6.456542e-6	933.6307060342826
0.006163226	5.374667e-6	6.606934e-6	933.655560506583
0.006306914	5.542549e-6	6.76083e-6	933.680709173282
0.006349596	5.592666e-6	6.8065439999999995e-6	933.6880311065352
0.006604413	5.624687e-6	7.079458e-6	933.6926198305013
0.006758382	5.800371e-6	7.24436e-6	933.7170393243848
0.006915942	5.981537e-6	7.413101999999999e-6	933.7418447769908
0.007077177	6.168356e-6	7.5857760000000005e-6	933.7667439692393
0.007242171	6.361006e-6	7.762471e-6	933.7918307198829
0.007411014	6.559667e-6	7.943282e-6	933.8172391462371
0.007583794	6.764527e-6	8.128305e-6	933.8427294497438
0.007760603	6.97578e-6	8.317638e-6	933.8683385836218
0.007941535	7.193624e-6	8.511379999999998e-6	933.8942244383402
0.008126688	7.418266e-6	8.709636e-6	933.9203459249043
0.008316158	7.649917e-6	8.912509000000001e-6	933.9466492544357
0.008510047	7.888797e-6	9.120108e-6	933.9731280594484
0.008708458	8.13513e-6	9.332543e-6	933.999782267277
0.008911497	8.389149e-6	9.549926e-6	934.0267295264908
0.009119271	8.651094e-6	9.772372e-6	934.053891317277
0.00933189	8.921211e-6	0.00001	934.0811211
0.009549469	9.199757e-6	0.00001023293	934.1086821663004
0.009772122	9.486993e-6	0.00001047129	934.1360035869504
0.009999969	9.783191e-6	0.000010715190000000001	934.1646943264655
0.01023313	0.00001008863	0.00001096478	934.1928091580496
0.01047173	0.0000104036	0.00001122018	934.2215187278636
0.01071589	0.0000107284	0.00001148154	934.2490989884633
0.01096575	0.00001106332	0.00001174898	934.2779815779753
0.01122144	0.0000114087	0.00001202264	934.3079972451973
0.01148309	0.00001176485	0.000012302690000000001	934.3367060374601
0.01175084	0.00001213212	0.00001258925	934.3663935500526
0.01202484	0.00001251084	0.000012882499999999999	934.3955629730254
0.01230523	0.00001290138	0.00001318257	934.4256377929341
0.01259216	0.0000133041	0.000013489630000000003	934.4558820367942
0.01288579	0.00001371938	0.00001380384	934.487025349468
0.01318626	0.00001414762	0.00001412538	934.5169914012932
0.01349374	0.00001458922	0.000014454400000000002	934.5479037524906
0.0138084	0.00001504459	0.00001479108	934.5798001227768
0.01413039	0.00001551417	0.000015135610000000002	934.6107735334089
0.0144599	0.0000159984	0.00001548817	934.6422721341514
0.01479709	0.00001649773	0.00001584893	934.6743111364617
0.01514215	0.00001701264	0.0000162181	934.7064477343215
0.01549526	0.00001754362	0.00001659587	934.7388006775179
0.01561285	0.00001772134	0.00001672167	934.7494203629183
0.01622636	0.00001772535	0.00001737801	934.7494534759734
0.01660474	0.00001827855	0.00001778279	934.7812435506464
0.01699195	0.00001884901	0.00001819701	934.8128626626021
0.01738819	0.00001943727	0.00001862087	934.8450029456195
0.01779367	0.00002004387	0.00001905461	934.8768549972947
0.01820861	0.0000206694	0.00001949845	934.9091543173945
0.01863323	0.00002131444	0.000019952619999999997	934.942099834508
0.01906776	0.0000219796	0.00002041738	934.9749869963726
0.01951243	0.0000226655	0.00002089296	935.0085148298758
0.01996746	0.0000233728	0.00002137962	935.0415395596367
0.02043312	0.00002410216	0.00002187762	935.0753034379425
0.02090964	0.00002485428	0.00002238721	935.1095683651514
0.02139727	0.00002562985	0.000022908679999999995	935.1433539601584
0.02189629	0.00002642961	0.00002344229	935.1782445315708
0.02240694	0.00002725432	0.00002398833	935.2128439120188
0.02292951	0.00002810475	0.00002454709	935.2479153333451
0.02346427	0.00002898171	0.00002511886	935.2833572064974
0.02401151	0.00002988602	0.00002570396	935.3187610002506
0.02457152	0.00003081853	0.00002630268	935.354820497379
0.02514459	0.00003178013	0.000026915349999999996	935.3907762670744
0.02573104	0.00003277172	0.00002754229	935.4273635198816
0.02633116	0.00003379424	0.00002818383	935.4638542738867
0.02694529	0.00003484865	0.000028840319999999997	935.5006688552693
0.02757376	0.00003593595	0.00002951209	935.5384843974113
0.02821688	0.00003705715	0.00003019952	935.5757028588533
0.02887501	0.00003821333	0.00003090295	935.6136980450085
0.0295485	0.00003940557	0.00003162278	935.6516274027774
0.03023771	0.00004063499	0.00003235937	935.6901877261517
0.03094299	0.00004190275	0.00003311311	935.7288623750533
0.03166474	0.00004321006	0.00003388442	935.7678266294656
0.03240333	0.00004455813	0.00003467368999999999	935.8071820449453
0.03315915	0.00004594825	0.00003548134	935.8467929903436
0.03393262	0.00004738172	0.000036307810000000006	935.8868441803568
0.03472413	0.0000488599	0.00003715352	935.9271988226151
0.03553411	0.00005038418	0.00003801894	935.9675514362053
0.03561557	0.00005053811	0.00003810597000000001	935.9716629703953
0.03721117	0.00005064854	0.00003981072	935.9744948094383
0.03807912	0.0000522286	0.00004073803	936.0135627569622
0.03896734	0.00005385794	0.000041686940000000005	936.05330446418
0.03987628	0.00005553809	0.00004265795	936.0932274054426
0.04080643	0.00005727064	0.00004365157999999999	936.1333688265122
0.04175829	0.00005905722	0.00004466836	936.1737753523972
0.04273236	0.00006089952	0.00004570882000000001	936.2144881447387
0.04372916	0.00006279928	0.00004677351	936.2555703003687
0.04474923	0.00006475828	0.00004786301	936.2969081969563
0.04579311	0.00006677837	0.00004897788000000001	936.3387792611684
0.04686135	0.00006886146	0.00005011872	936.3808864232766
0.04795452	0.00007100952	0.00005128614	936.4231646210848
0.0490732	0.00007322456	0.000052480750000000004	936.465743343988
0.05021799	0.00007550868	0.00005370318	936.5087631682146
0.05138951	0.00007786403	0.00005495409	936.5522025749129
0.0543213	0.00007956368	0.00005808442	936.5827132301572
0.05507053	0.00008102877	0.000058884370000000006	936.6077750343596
0.05635521	0.00008355627	0.00006025596	936.6503540894545
0.05766986	0.0000861626	0.0000616595	936.6930091875544
0.05901521	0.0000888502	0.00006309573	936.736292614413
0.06039195	0.00009162162	0.00006456542	936.7796510887716
0.06180083	0.00009447946	0.00006606934	936.8234866581079
0.06324259	0.00009742642	0.00006760830000000001	936.8674618353073
0.064718	0.0001004653	0.0000691831	936.9118368503291
0.06622785	0.0001035989	0.00007079458	936.9565989373764
0.06777295	0.0001068303	0.0000724436	937.0017544683036
0.06935411	0.0001101624	0.00007413101999999999	937.0473035444542
0.0709025	0.0001134499	0.0000757834	937.0911030647873
0.07432237	0.0001161892	0.00007943282	937.12597890897
0.0760563	0.0001198131	0.00008128305	937.1709489247758
0.07783072	0.0001235501	0.00008317637999999999	937.2164321169063
0.07964655	0.0001274036	0.00008511380000000001	937.262272392961
0.08150477	0.0001313772	0.00008709636	937.3083697183213
0.08340637	0.0001354748	0.00008912509	937.3549558266924
0.08535236	0.0001397002	0.00009120108	937.4018399782108
0.08734377	0.0001440573	0.00009332543	937.4489600530103
0.08938168	0.0001485503	0.00009549926000000002	937.4965868845475
0.09146716	0.0001531833	0.00009772372000000001	937.5445725971136
0.09360132	0.0001579609	0.00010000000000000002	937.592809
0.09578532	0.0001628874	0.0001023293	937.6415884795459
0.09802029	0.0001679676	0.00010471289999999999	937.69017570901
0.1003075	0.0001732062	0.0001071519	937.7407792115678
0.1008452	0.0001744436	0.0001077254	937.7513901085538
0.105043	0.0001766863	0.0001122018	937.7718209511792
0.107494	0.0001821968	0.00011481539999999999	937.8201600133781
0.1100021	0.0001878791	0.0001174898	937.8684711353667
0.1125689	0.0001937385	0.0001202264	937.9191134393112
0.1151955	0.0001997807	0.0001230269	937.9678810081374
0.1178835	0.0002060113	0.0001258925	938.0186373294678
0.1206342	0.0002124361	0.000128825	938.06820182418
0.1234492	0.0002190613	0.0001318257	938.1195115975111
0.1263299	0.0002258931	0.00013489629999999998	938.1709735552421
0.1292778	0.0002329379	0.0001380384	938.2225373519253
0.1322946	0.0002402024	0.0001412538	938.2742439495433
0.1353818	0.0002476934	0.000144544	938.3266922182864
0.1385411	0.000255418	0.0001479108	938.3798748975736
0.1417742	0.0002633835	0.0001513561	938.4331619274014
0.1450827	0.0002715973	0.0001548817	938.4859366858708
0.1484686	0.0002800673	0.0001584893	938.5407551172225
0.1519335	0.0002888014	0.000162181	938.5951584957547
0.1554793	0.0002978078	0.00016595869999999998	938.649843605668
0.1580418	0.000304359	0.0001686886	938.6891526754032
0.1666209	0.0003123413	0.0001778279	938.7348177648163
0.1705093	0.0003220817	0.0001819701	938.7881948737733
0.1744886	0.0003321258	0.0001862087	938.8429530951023
0.1785609	0.0003424831	0.0001905461	938.8981621770271
0.1827282	0.0003531634	0.0001949845	938.9534214258057
0.1869928	0.0003641767	0.0001995262	939.0093967609266
0.1913571	0.0003755334	0.00020417380000000001	939.0658027621565
0.1958232	0.0003872442	0.00020892960000000002	939.1222890389873
0.2003937	0.0003993201	0.00021379619999999997	939.1795555767595
0.2050709	0.0004117726	0.0002187762	939.2368667158494
0.2098573	0.0004246134	0.0002238721	939.2948625576836
0.2147556	0.0004378545	0.0002290868	939.3533564570284
0.2195833	0.0004510029	0.00023422600000000003	939.4102401099792
0.2301469	0.0004577091	0.0002454709	939.4376649126231
0.2355185	0.0004719822	0.0002511886	939.4951928550897
0.2410156	0.0004867003	0.00025703960000000007	939.5528949624882
0.2466411	0.0005018774	0.0002630268	939.611390930506
0.2477387	0.0005048519	0.0002641949	939.622800818638
0.252398	0.0005128182	0.0002691535	939.6527193590274
0.2582891	0.0005205402	0.00027542290000000003	939.6809059813108
0.2643176	0.0005274976	0.00028183829999999996	939.7058440957101
0.2704868	0.0005340658	0.0002884032	939.7290522435256
0.2767997	0.0005404122	0.00029512090000000004	939.7508349967759
0.2832599	0.0005466289	0.0003019952	939.7716549799468
0.2898706	0.0005527728	0.0003090295	939.7917441538751
0.2966355	0.0005588853	0.0003162277999999999	939.811064365625
0.3035582	0.0005650021	0.0003235937	939.8304172794464
0.3106422	0.0005711428	0.00033113110000000006	939.8493309749521
0.3178913	0.0005773289	0.0003388442	939.867434354786
0.3253095	0.0005835763	0.0003467369	939.8857643936944
0.3329006	0.0005899026	0.0003548134	939.9039117462869
0.3406687	0.0005963157	0.00036307810000000006	939.9217845967576
0.3486178	0.0006028331	0.0003715352	939.9395618503979
0.3567523	0.0006094621	0.0003801894	939.9571952821411
0.3650764	0.0006162136	0.00038904510000000006	939.9748604981788
0.3735945	0.0006230992	0.0003981072	939.9920403348646
0.3823113	0.0006301256	0.0004073803	940.0096803895525
0.3912312	0.0006373026	0.0004168694	940.0270266898937
0.4003591	0.0006446377	0.0004265795	940.0445584000169
0.4096997	0.0006521454	0.00043651579999999995	940.0618383114655
0.4192582	0.0006598278	0.00044668359999999995	940.079348782897
0.4290394	0.0006677003	0.0004570882	940.0966822158175
0.4390486	0.0006757658	0.00046773510000000003	940.1141068951208
0.4492912	0.0006840339	0.0004786301	940.1315000874371
0.4597726	0.0006925184	0.0004897788	940.1491416124993
0.4814738	0.0007011234	0.0005128614	940.1661411835635
0.4927052	0.0007103862	0.0005248075	940.1839459230289
0.5041984	0.000719897	0.0005370318000000002	940.2018595546855
0.5159596	0.0007296677	0.0005495409000000001	940.2198593407696
0.5279949	0.0007397086	0.0005623413	940.2379099667764
0.5403108	0.0007500283	0.0005754399	940.2560168316447
0.5529139	0.00076064	0.0005888437	940.2742017958244
0.5658108	0.0007715486	0.0006025596	940.2926259908562
0.5790083	0.0007827725	0.000616595	940.311018577835
0.5925135	0.0007943171	0.0006309573	940.3295866455622
0.6063335	0.0008061996	0.0006456542	940.3480990288608
0.6204758	0.0008184282	0.0006606934	940.3669360099557
0.6349477	0.0008310163	0.0006760829999999998	940.3855980700596
0.6497571	0.0008439751	0.000691831	940.4046293097592
0.6649117	0.0008573187	0.0007079458	940.4237142165404
0.6804196	0.0008710643	0.000724436	940.4428607910154
0.696289	0.000885219	0.0007413102	940.4621965271759
0.7125285	0.0008998009	0.0007585776000000001	940.4816341795487
0.7291465	0.000914823	0.0007762470999999999	940.5011922105732
0.746152	0.0009303016	0.0007943282	940.5209353010506
0.763554	0.0009462505	0.0008128305	940.5408021721624
0.7813617	0.0009626869	0.0008317638	940.5607540265639
0.7995845	0.0009796285	0.000851138	940.5808793638635
0.8182323	0.0009970903	0.0008709636	940.6011804626507
0.8373148	0.001015088	0.0008912509	940.6216453750567
0.8568422	0.001033644	0.0009120108	940.6421985353682
0.8768249	0.001052771	0.0009332543	940.6628729168459
0.8972736	0.001072492	0.0009549926	940.6838251940383
0.918199	0.001092826	0.0009772372	940.7049035791924
0.9396123	0.001113792	0.001	940.7260919999999
0.9615248	0.001135411	0.001023293	940.7473822258141
0.9839483000000001	0.001157703	0.001047129	940.7685232669519
1.006895	0.001180692	0.001071519	940.7912430857504
1.030376	0.001204401	0.0010964779999999997	940.8126756761195
1.054405	0.001228849	0.001122018	940.8350391883197
1.078994	0.001254065	0.001148154	940.8564225704914
1.104157	0.001280069	0.001174898	940.8791818523822
1.129906	0.001306894	0.001202264	940.9022427686433
1.16078	0.00132275	0.001235078	940.9144604632257
1.183219	0.001346557	0.001258925	940.9341755863138
1.210811	0.001376049	0.0012882500000000001	940.9563741509802
1.239047	0.001406466	0.0013182569999999998	940.9799955547363
1.267942	0.00143784	0.001348963	941.00419359167
1.29751	0.001470201	0.0013803839999999997	941.0281494134966
1.327767	0.001503579	0.0014125380000000003	941.0511993305665
1.35873	0.001538007	0.0014454399999999999	941.0753867334513
1.390415	0.001573518	0.001479108	941.0999859374704
1.422839	0.001610144	0.001513561	941.1243709371475
1.456019	0.001647922	0.001548817	941.148581142898
1.489973	0.001686887	0.0015848930000000002	941.1738754603623
1.524719	0.001727076	0.00162181	941.1990775738219
1.560275	0.001768526	0.0016595869999999997	941.2242479604867
1.59666	0.001811274	0.001698244	941.2494753404104
1.633894	0.001855364	0.0017378009999999998	941.2754187619872
1.671996	0.001900836	0.001778279	941.3015820352149
1.710986	0.00194773	0.0018197009999999997	941.3270257036733
1.750886	0.001996089	0.0018620869999999997	941.3534861690135
1.791717	0.002045964	0.001905461	941.3800460885843
1.833499	0.002097391	0.001949845	941.4063122966185
1.876257	0.002150423	0.0019952620000000003	941.4339685715461
1.920011	0.002205108	0.002041738	941.4607104339539
1.964786	0.002261495	0.0020892960000000005	941.4881831009104
2.010605	0.002319635	0.002137962	941.5156279671949
2.057492	0.002379577	0.002187762	941.5428081299519
2.105474	0.002441381	0.002238721	941.5712726150334
2.154574	0.002505096	0.002290868	941.599034077913
2.20482	0.00257078	0.002344229	941.6276225573524
2.256237	0.002638495	0.002398833	941.6560031481974
2.301204	0.002668723	0.002446585	941.6687844485273
2.362697	0.002750976	0.002511886	941.7019625890665
2.417796	0.002825259	0.0025703959999999995	941.730869095657
2.474181	0.002901822	0.0026302680000000003	941.7606198303748
2.53188	0.002980741	0.002691535	941.7899975292909
2.590926	0.003062081	0.0027542289999999995	941.8200451015512
2.651348	0.003145909	0.002818383	941.8499575820605
2.71318	0.003232301	0.0028840319999999995	941.8800835080888
2.776455	0.003321329	0.0029512089999999998	941.9110367988169
2.841205	0.003413069	0.0030199520000000002	941.9414841692849
2.907466	0.003507598	0.003090295	941.9727236396526
2.975272	0.003604995	0.0031622780000000006	942.0035161361524
3.04466	0.003705343	0.003235937	942.0348242255643
3.115667	0.003808728	0.0033113109999999995	942.066670270476
3.18833	0.003915228	0.003388442	942.0982351180867
3.262688	0.004024937	0.003467369	942.1301675708585
3.338781	0.004137945	0.0035481339999999997	942.1625409299648
3.416649	0.004254343	0.003630781	942.1949004911064
3.496333	0.004374226	0.003715352	942.2276075052915
3.577877	0.004497692	0.003801894	942.260539615255
3.661322	0.004624845	0.003890451	942.2935400034597
3.7467149999999996	0.004755782	0.0039810719999999996	942.3267858506451
3.834099	0.004890608	0.004073803	942.3601504540107
3.923522	0.005029431	0.004168694	942.3938123066841
4.015032	0.005172367	0.004265795	942.4279335973715
4.108676	0.005319531	0.004365158	942.461998168222
4.204505	0.005471035	0.004466836	942.4962176807029
4.302569	0.005626999	0.004570882	942.5305660920585
4.402922	0.005787548	0.004677350999999999	942.5654709257442
4.505616	0.005952815	0.004786301000000001	942.6003118065495
4.610706	0.006122923	0.004897788	942.6355168904821
4.718247	0.00629801	0.005011872	942.6707246314352
4.828298	0.006478212	0.005128614	942.706199374724
4.940916	0.006663677	0.005248075	942.7418009460611
5.056163	0.006854551	0.005370318	942.7779790693959
5.174097	0.007050987	0.005495408999999999	942.8138992020431
5.294784	0.007253135	0.005623413	942.850389078661
5.418287	0.007461169	0.005754399	942.8870276461538
5.544671	0.007675242	0.005888437	942.9236046849105
5.674004	0.007895537	0.006025596	942.9605863054874
5.806355	0.008122233	0.006165950000000001	942.9977915811837
5.941794	0.008355513	0.006309573000000001	943.0352122084964
6.080393	0.008595563	0.006456542	943.0727102836162
6.222227	0.008842591	0.006606933999999999	943.1106154534009
6.36737	0.009096805	0.00676083	943.1485194865129
6.5159	0.009358412	0.00691831	943.1867626631359
6.667895	0.00962764	0.007079458	943.2251226011933
6.823438	0.009904727	0.007244359999999999	943.2638255139171
6.98261	0.01018992	0.007413102000000001	943.3028063015995
7.145496	0.01048345	0.007585776	943.3417820404926
7.312184	0.01078561	0.007762471	943.3812519235177
7.482761	0.01109666	0.007943282	943.4208252961433
7.657319	0.01141689	0.008128305000000002	943.4606464693437
7.83595	0.01174662	0.008317638	943.5006212100118
8.01875	0.01208616	0.00851138	943.5410192001768
8.205816	0.01243585	0.008709636	943.5815515137486
8.397247	0.01279603	0.008912509	943.6223884879106
8.593146	0.01316708	0.009120108	943.663504862004
8.793617	0.0135494	0.009332543	943.7048830099149
8.998766	0.01394338	0.009549926	943.746514894461
9.208703	0.01434949	0.009772372	943.788518283995
9.42354	0.01476816	0.01	943.8308159999998
9.643391	0.01519989	0.01023293	943.8734448491292
9.868373	0.0156452	0.01047129	943.9160027083578
10.09861	0.01610465	0.01071519	943.9603637453001
10.33421	0.01657878	0.010964780000000002	944.0033251921151
10.57532	0.01706825	0.01122018	944.0479787311789
10.82205	0.01757369	0.01148154	944.0914450500544
11.07455	0.01809581	0.01174898	944.1369216732007
11.33293	0.01863534	0.01202264	944.1824208326956
11.59735	0.01919308	0.012302689999999998	944.2278948750234
11.86794	0.01976985	0.012589249999999998	944.2746668784877
12.14485	0.02036656	0.0128825	944.3210991655346
12.42822	0.02098417	0.013182570000000001	944.3685237400598
12.7182	0.02162368	0.01348963	944.4160944369859
13.01496	0.02228617	0.01380384	944.4651756322878
13.31864	0.02297282	0.01412538	944.5135507858904
13.62941	0.02368485	0.014454399999999997	944.5632367998672
13.94744	0.02442358	0.01479108	944.6141579925198
14.2729	0.02519041	0.01513561	944.6656203483044
14.60595	0.02598686	0.01548817	944.7169588143724
14.94678	0.02681453	0.01584893	944.7700589251135
15.29557	0.02767513	0.0162181	944.8236926643689
15.6525	0.02857048	0.01659587	944.8778810631803
16.01777	0.02950255	0.01698244	944.9332693064129
16.39157	0.03047343	0.01737801	944.9898711072213
16.7741	0.03148534	0.01778279	945.0477309803467
17.16556	0.03254067	0.01819701	945.1058536539794
19.2685	0.03356891	0.02042203	945.159169289243
19.71362	0.03472316	0.020892959999999995	945.2151901884654
20.17363	0.03594039	0.021379619999999995	945.272665744293
20.64438	0.03721237	0.02187762	945.3309989843502
21.12614	0.03854236	0.02238721	945.3916928460491
21.61914	0.03993383	0.02290868	945.4527205408605
22.12366	0.04139046	0.023442290000000005	945.5155814555659
22.63997	0.04291622	0.02398833	945.5800474647465
23.16834	0.0445153	0.02454709	945.6459115927795
23.70906	0.04619217	0.02511886	945.7137851797415
24.26241	0.04795161	0.025703960000000005	945.7827358119137
24.82869	0.04979869	0.02630268	945.8537567274515
25.40821	0.05173879	0.026915349999999998	945.9267217405682
26.00127	0.05377769	0.027542289999999997	946.0015013275948
26.60819	0.05592147	0.02818383	946.0783530840203
27.22931	0.05817664	0.02884032	946.1575544238067
27.86494	0.06055009	0.02951209	946.2389851074594
28.51544	0.06304915	0.030199519999999997	946.3226286378062
29.18115	0.06568159	0.030902949999999995	946.4090512394448
29.86242	0.0684557	0.03162278	946.4972940392969
30.55964	0.07138017	0.03235936999999999	946.5888912546816
31.27316	0.07446432	0.03311311	946.6831813743862
32.00338	0.07771794	0.03388442	946.7801998676679
32.75068	0.08115149	0.03467369	946.8802279192092
33.51548	0.08477594	0.03548134	946.9838495389406
34.29817	0.08860299	0.03630781	947.090253859982
35.09919	0.09264497	0.03715352	947.2005605390822
35.91896	0.09691487	0.03801894	947.3140195386825
36.75793	0.1014265	0.03890451	947.4314546051345
37.61655	0.1061944	0.039810719999999994	947.5524280897205
38.49528	0.1112339	0.04073803000000001	947.6774871048011
39.3946	0.1165612	0.041686940000000006	947.8067039701162
40.315	0.1221934	0.04265795	947.9403815701411
41.25697	0.1281485	0.04365158	948.0783627992389
42.22103	0.1344456	0.04466836	948.2209689364015
43.20769	0.1411047	0.04570882	948.3682733441817
44.2175	0.1481469	0.046773510000000004	948.5207952107935
45.25099	0.1555945	0.04786301	948.6779978944074
46.30874	0.163471	0.04897788	948.8408032360732
47.39131	0.1718011	0.05011871999999999	949.0088952790495
48.4993	0.1806108	0.05128614	949.1825822727153
49.6333	0.1899278	0.05248075000000001	949.3619622432986
50.79395	0.199781	0.05370318000000001	949.5476990375616
51.98187	0.2102012	0.054954090000000004	949.7395225723873
53.1977	0.2212206	0.05623413	949.9377086477554
54.44212	0.2328734	0.05754399	950.1425500734308
55.71581	0.245196	0.05888436999999999	950.3541601956513
57.01946	0.2582266	0.06025595999999999	950.5729657282036
58.35378	0.272006	0.061659500000000006	950.7989198744718
59.71952	0.2865773	0.06309573	951.0326182136255
61.11742	0.3019865	0.06456542	951.2740178875937
62.54825	0.3182824	0.06606934	951.5235417820127
64.0128	0.3355173	0.0676083	951.7813241865275
65.51187	0.3537469	0.06918309999999998	952.0477819004932
67.0463	0.3730309	0.07079458000000001	952.3233402896099
68.61693	0.3934335	0.0724436	952.6081461992502
70.22464	0.4150234	0.07413102	952.9028927431457
71.87031	0.4378751	0.07585776	953.2074912309565
73.55486	0.4620685	0.07762471	953.5227700045515
75.27923	0.4876904	0.07943282000000002	953.8490563472378
77.04438	0.5148349	0.08128304999999998	954.1868187771006
78.8513	0.543604	0.08317638	954.5366605279047
80.701	0.574109	0.08511379999999999	954.8993112750222
82.59451	0.606471	0.08709636	955.2750654562373
84.5329	0.6408227	0.08912508999999999	955.6649277997924
86.51727	0.6773087	0.09120108	956.069584921582
88.54874	0.7160882	0.09332543	956.4898677670169
90.62846	0.7573353	0.09549926	956.9267374427823
92.75761	0.8012418	0.09772372	957.3811946577556
94.93741	0.8480183	0.09999999999999999	957.854283
97.16912	0.8978966	0.1023293	958.3473804667872
99.454	0.9511327	0.1047129	958.8611594177986
101.7934	1.008008	0.1071519	959.3988347383482
104.1886	1.068834	0.1096478	959.9593790299485
106.6411	1.133952	0.1122018	960.5465509465979
109.1524	1.203741	0.1148154	961.1614905317579
111.7237	1.277711	0.11748980000000002	961.7976283898686
114.3568	1.356167	0.1202264	962.4588859019318
117.053	1.440037	0.1230269	963.1473848402261
119.8141	1.529994	0.1258925	963.8707150942273
122.6417	1.62671	0.128825	964.6296138171939
125.5375	1.730898	0.1318257	965.429335857879
128.5032	1.843323	0.1348963	966.2720400781933
131.5408	1.964819	0.1380384	967.1628981500799
134.652	2.096295	0.1412538	968.1034775701607
137.8389	2.238744	0.144544	969.1003708213415
141.1035	2.39325	0.1479108	970.157351592987
144.4479	2.560999	0.1513561	971.2783231068984
147.8743	2.743288	0.1548817	972.468587315351
151.3849	2.941531	0.1584893	973.7340691138139
154.9821	3.157272	0.162181	975.079522262164
158.6683	3.392194	0.16595869999999996	976.5109873721594
162.4461	3.648128	0.1698244	978.0351233391668
166.3181	3.927065	0.1737801	979.6585742556254
170.2871	4.231165	0.17782789999999998	981.3885503905743
174.356	4.562775	0.1819701	983.231723233652
178.5276	4.924429	0.18620869999999998	985.1957991221678
182.8053	5.318875	0.19054610000000002	987.2895587996815
187.1922	5.74907	0.19498450000000003	989.5210644948701
191.6917	6.218209	0.19952619999999996	991.8993545709787
196.3075	6.729724	0.2041738	994.4332916368311
201.0432	7.287304	0.20892960000000002	997.1325460825083
205.9028	7.894903	0.2137962	1000.007030059468
210.8904	8.556756	0.2187762	1003.0668601063553
216.0102	9.277386	0.22387210000000002	1006.3227441025479
221.2668	10.06162	0.2290868	1009.7850247155226
226.6649	10.91459	0.2344229	1013.4653653717278
232.2094	11.84176	0.23988330000000002	1017.3745316993721
237.9056	12.84892	0.24547090000000002	1021.5244250947871
243.759	13.94221	0.2511886	1025.9271718541368
249.7752	15.1281	0.25703960000000003	1030.5933404813889
255.9603	16.41344	0.2630268	1035.5360746509482
262.3206	17.80544	0.2691535	1040.766848656993
268.8628	19.31167	0.27542289999999997	1046.2981473218094
275.5939	20.94009	0.2818383	1052.1422744885988
282.5212	22.69904	0.2884032	1058.310864789295
289.6525	24.59725	0.29512089999999996	1064.8169953398758
296.9957	26.64383	0.3019952	1071.6711060308241
304.5595	28.84832	0.30902949999999996	1078.8867082268846
312.3528	31.22063	0.31622780000000006	1086.4744655593215
320.3849	33.7711	0.3235937	1094.4465235262614
328.6656	36.51048	0.3311311	1102.8142025922662
337.2042	39.23176	0.3388442	1110.9411345981428
346.0014	41.71985	0.3467369	1118.2001396447854
355.0618	44.24768	0.35481339999999995	1125.4069885748397
364.393	46.8655	0.3630781	1132.6998240874345
374.0039	49.59754	0.3715352	1140.1381080446752
383.9035	52.38609	0.3801894	1147.5585326681912
394.0975	55.11349	0.3890451	1154.6501678083082
404.5934	57.9141	0.39810719999999994	1161.766227789902
415.4	60.81419	0.40738030000000003	1168.9671542782014
426.5276	63.87291	0.41686940000000006	1176.38884024589
437.9876	67.10739	0.4265795	1184.0582822193753
449.7922	70.53074	0.43651579999999995	1191.9910802770485
461.9537	74.15509	0.4466836	1200.1980596556489
474.4854	77.99235	0.45708819999999994	1208.6895920743525
487.4009	82.05461	0.4677351	1217.47439950519
500.7146	86.35422	0.47863009999999995	1226.5605944966687
514.4415	90.90394	0.48977880000000007	1235.956803356944
528.5971	95.71696	0.5011872	1245.6704002017607
543.1978	100.807	0.5128614	1255.7092423021113
558.2604	106.1883	0.5248075	1266.0808010556252
573.8028	111.8758	0.5370318	1276.7932923152784
589.8434	117.8848	0.5495409000000001	1287.8535519376264
606.4014	124.2315	0.5623413	1299.2695005684268
623.4971	130.9326	0.5754399	1311.0486429599339
641.1514	138.0058	0.5888437	1323.1986688487964
659.3861	145.4693	0.6025596	1335.7274533506727
678.2241	153.3421	0.616595	1348.6424638539072
697.6892	161.6443	0.6309573	1361.9519102164281
717.8063	170.3965	0.6456542000000001	1375.6633194672938
738.6013	179.6204	0.6606934	1389.784883578374
760.1012	189.3388	0.6760829999999999	1404.3246169479191
782.3342	199.5753	0.6918310000000001	1419.2909829134571
805.3298	210.3546	0.7079458	1434.6923168412045
829.1187	221.7025	0.724436	1450.536969449337
853.7328	233.646	0.7413102	1466.8337222393538
879.2057	246.2132	0.7585776	1483.5909997869696
905.5722	259.4336	0.7762471	1500.818231720286
913.3780199793943	263.4097456726708	0.7814176650426219	1505.881488152328
591.1947612501654	263.4102986488767	0.568099353723462	1505.8821099726006
591.5987875844726	263.6402997632932	0.5677793408760747	1506.2877878369882
592.5967231805652	264.20841021725187	0.5684416342464785	1507.2877878369882
593.5959290821459	264.7771831662022	0.5691043308646869	1508.2877878369882
594.596406142806	265.3466190134075	0.569767430761914	1509.2877878369882
595.5981552162306	265.9167181621627	0.5704309339693743	1510.2877878369882
596.6011771561979	266.4874810157934	0.5710948405182816	1511.2877878369882
597.6054728165801	267.05890797765676	0.5717591504398503	1512.2877878369882
598.6110430513432	267.63099945114107	0.5724238637652946	1513.2877878369882
599.6178887145461	268.20375583966575	0.5730889805258286	1514.2877878369882
600.6260106603421	268.77717754668146	0.5737545007526665	1515.2877878369882
601.635409742978	269.35126497567023	0.5744204244770226	1516.2877878369882
602.6460868167941	269.9260185301451	0.5750867517301108	1517.2877878369882
603.6580427362242	270.5014386136504	0.5757534825431456	1518.2877878369882
604.6712783557957	271.0775256297618	0.5764206169473409	1519.2877878369882
605.6857945301304	271.65427998208594	0.5770881549739111	1520.2877878369882
606.7015921139429	272.2317020742608	0.5777560966540702	1521.2877878369882
607.7186719620416	272.8097923099556	0.5784244420190325	1522.2877878369882
608.737034929329	273.3885510928709	0.5790931911000122	1523.2877878369882
609.7566818708004	273.96797882673815	0.5797623439282233	1524.2877878369882
610.7776136415462	274.5480759153201	0.5804319005348803	1525.2877878369882
611.7998310967483	275.1288427624111	0.581101860951197	1526.2877878369882
612.8233350916845	275.7102797718362	0.5817722252083878	1527.2877878369882
613.8481264817246	276.2923873474519	0.5824429933376668	1528.2877878369882
614.8742061223327	276.87516589314595	0.5831141653702483	1529.2877878369882
615.9015748690667	277.45861581283725	0.5837857413373464	1530.2877878369882
616.9302335775778	278.0427375104759	0.5844577212701753	1531.2877878369882
617.9601831036108	278.62753139004326	0.585130105199949	1532.2877878369882
618.9914243030045	279.2129978555518	0.5858028931578819	1533.2877878369882
620.0239580316911	279.79913731104546	0.5864760851751882	1534.2877878369882
621.0577851456966	280.3859501605991	0.587149681283082	1535.2877878369882
622.0929065011404	280.97343680831887	0.5878236815127775	1536.2877878369882
623.1293229542354	281.5615976583423	0.5884980858954887	1537.2877878369882
624.1670353612891	282.15043311483794	0.5891728944624302	1538.2877878369882
625.2060445787012	282.7399435820056	0.5898481072448156	1539.2877878369882
626.2463514629665	283.33012946407644	0.5905237242738597	1540.2877878369882
627.2879568706721	283.92099116531256	0.5911997455807761	1541.2877878369882
628.3308616584998	284.5125290900077	0.5918761711967795	1542.2877878369882
629.3750666832245	285.10474364248637	0.5925530011530837	1543.2877878369882
630.420572801715	285.6976352271044	0.593230235480903	1544.2877878369882
631.4673808709333	286.2912042482491	0.5939078742114516	1545.2877878369882
632.5154917479357	286.88545111033864	0.5945859173759438	1546.2877878369882
633.5649062898714	287.48037621782265	0.5952643650055934	1547.2877878369882
634.6156253539842	288.07597997518195	0.595943217131615	1548.2877878369882
635.6676497976107	288.6722627869284	0.5966224737852226	1549.2877878369882
636.7209804781813	289.26922505760524	0.5973021349976304	1550.2877878369882
637.7756182532203	289.86686719178704	0.5979822008000526	1551.2877878369882
638.8315639803454	290.4651895940791	0.5986626712237033	1552.2877878369882
639.8888185172684	291.06419266911854	0.5993435462997968	1553.2877878369882
640.9473827217938	291.66387682157324	0.6000248260595471	1554.2877878369882
642.0072574518206	292.2642424561426	0.6007065105341685	1555.2877878369882
643.0684435653417	292.865289977557	0.6013885997548752	1556.2877878369882
644.1309419204424	293.4670197905781	0.6020710937528814	1557.2877878369882
645.1947533753029	294.0694322999989	0.6027539925594012	1558.2877878369882
646.2598787881958	294.67252791064345	0.6034372962056487	1559.2877878369882
647.3263190174889	295.2763070273671	0.6041210047228384	1560.2877878369882
648.3940749216424	295.88077005505653	0.6048051181421841	1561.2877878369882
649.4631473592107	296.48591739862934	0.6054896364949003	1562.2877878369882
650.5335371888409	297.09174946303455	0.6061745598122008	1563.2877878369882
651.6052452692757	297.69826665325235	0.6068598881253002	1564.2877878369882
652.6782724593494	298.30546937429415	0.6075456214654124	1565.2877878369882
653.7526196179912	298.9133580312026	0.6082317598637517	1566.2877878369882
654.8282876042234	299.5219330290515	0.6089183033515322	1567.2877878369882
655.9052772771624	300.1311947729459	0.6096052519599682	1568.2877878369882
656.9835894960174	300.74114366802206	0.6102926057202737	1569.2877878369882
658.063225120092	301.3517801194474	0.6109803646636629	1570.2877878369882
659.1441850087838	301.9631045324208	0.6116685288213503	1571.2877878369882
660.2264700215826	302.575117312172	0.6123570982245498	1572.2877878369882
661.3100810180731	303.1878188639621	0.6130460729044755	1573.2877878369882
662.3950188579332	303.80120959308357	0.6137354528923418	1574.2877878369882
663.4812844009344	304.4152899048599	0.6144252382193627	1575.2877878369882
664.5688785069422	305.0300602046457	0.6151154289167524	1576.2877878369882
665.6578020359151	305.6455208978272	0.6158060250157253	1577.2877878369882
666.7480558479058	306.26167238982146	0.6164970265474953	1578.2877878369882
667.8396408030607	306.87851508607685	0.6171884335432768	1579.2877878369882
668.9325577616194	307.4960493920731	0.6178802460342838	1580.2877878369882
670.0268075839149	308.11427571332086	0.6185724640517305	1581.2877878369882
671.1223911303753	308.7331944553625	0.6192650876268314	1582.2877878369882
672.2193092615203	309.3528060237709	0.6199581167908003	1583.2877878369882
673.3175628379649	309.97311082415075	0.6206515515748514	1584.2877878369882
674.4171527204169	310.5941092621377	0.621345392010199	1585.2877878369882
675.518079769678	311.21580174339863	0.6220396381280573	1586.2877878369882
676.6203448466434	311.83818867363175	0.6227342899596404	1587.2877878369882
677.7239488123023	312.4612704585663	0.6234293475361625	1588.2877878369882
678.8288925277369	313.08504750396276	0.6241248108888379	1589.2877878369882
679.9351768541237	313.70952021561305	0.6248206800488806	1590.2877878369882
681.0428026527327	314.3346889993401	0.6255169550475048	1591.2877878369882
682.1517707849268	314.9605542609979	0.6262136359159247	1592.2877878369882
683.2620821121641	315.5871164064722	0.6269107226853546	1593.2877878369882
684.3737374959946	316.2143758416794	0.6276082153870086	1594.2877878369882
685.4867377980631	316.84233297256736	0.6283061140521009	1595.2877878369882
686.6010838801074	317.4709882051152	0.6290044187118455	1596.2877878369882
687.7167766039595	318.100341945333	0.6297031293974569	1597.2877878369882
688.8338168315449	318.7303945992624	0.6304022461401491	1598.2877878369882
689.9522054248825	319.3611465729761	0.6311017689711362	1599.2877878369882
691.0719432460845	319.9925982725778	0.6318016979216325	1600.2877878369882
692.193031157358	320.624750104203	0.6325020330228524	1601.2877878369882
693.3154700210022	321.25760247401763	0.6332027743060096	1602.2877878369882
694.4392606994109	321.89115578821935	0.6339039218023184	1603.2877878369882
695.5644040550715	322.525410453037	0.6346054755429932	1604.2877878369882
696.6909009505648	323.1603668747305	0.6353074355592481	1605.2877878369882
697.8187522485649	323.7960254595911	0.636009801882297	1606.2877878369882
698.9479588118409	324.4323866139411	0.6367125745433546	1607.2877878369882
700.0785215032537	325.0694507441342	0.6374157535736348	1608.2877878369882
701.2104411857594	325.70721825655517	0.6381193390043518	1609.2877878369882
702.3437187224063	326.3456895576202	0.6388233308667196	1610.2877878369882
703.4783549763376	326.9848650537763	0.6395277291919527	1611.2877878369882
704.6143508107896	327.62474515150205	0.6402325340112649	1612.2877878369882
705.7517070890926	328.2653302573072	0.6409377453558709	1613.2877878369882
706.8904246746699	328.9066207777326	0.6416433632569845	1614.2877878369882
708.0305044310387	329.5486171193504	0.6423493877458198	1615.2877878369882
709.1719472218102	330.1913196887639	0.6430558188535913	1616.2877878369882
710.3147539106886	330.83472889260764	0.6437626566115129	1617.2877878369882
711.4589253614729	331.4788451375474	0.644469901050799	1618.2877878369882
712.604462438054	332.1236688302801	0.6451775522026637	1619.2877878369882
713.7513660044182	332.769200377534	0.6458856100983211	1620.2877878369882
714.8996369246444	333.4154401860685	0.6465940747689856	1621.2877878369882
716.0492760629049	334.06238866267404	0.647302946245871	1622.2877878369882
717.2002842834665	334.7100462141727	0.6480122245601918	1623.2877878369882
718.3526624506896	335.35841324741733	0.648721909743162	1624.2877878369882
719.5064114290275	336.00749016929234	0.6494320018259959	1625.2877878369882
720.661532083028	336.6572773867131	0.6501425008399078	1626.2877878369882
721.8180252773313	337.3077753066262	0.6508534068161116	1627.2877878369882
722.9758918766728	337.9589843360098	0.6515647197858215	1628.2877878369882
724.1351327458801	338.6109048818728	0.6522764397802518	1629.2877878369882
725.2957487498761	339.26353735125554	0.6529885668306168	1630.2877878369882
726.4577407536754	339.9168821512297	0.6537011009681304	1631.2877878369882
727.6211096223878	340.5709396888979	0.654414042224007	1632.2877878369882
728.7858562212161	341.22571037139414	0.6551273906294607	1633.2877878369882
729.9519814154564	341.8811946058837	0.6558411462157057	1634.2877878369882
731.1194860704992	342.53739279956295	0.656555309013956	1635.2877878369882
732.2883710518284	343.1943053596594	0.657269879055426	1636.2877878369882
733.458637225021	343.851932693432	0.6579848563713298	1637.2877878369882
734.6302854557485	344.5102752081706	0.6587002409928817	1638.2877878369882
735.8033166097753	345.1693333111967	0.6594160329512957	1639.2877878369882
736.9777315529598	345.8291074098625	0.6601322322777861	1640.2877878369882
738.1535311512542	346.4895979115521	0.660848839003567	1641.2877878369882
739.3307162707041	347.15080522368	0.6615658531598525	1642.2877878369882
740.5092877774487	347.8127297536923	0.6622832747778571	1643.2877878369882
741.6892465377208	348.4753719090666	0.6630011038887946	1644.2877878369882
742.870593417847	349.1387320973113	0.6637193405238795	1645.2877878369882
744.0533292842475	349.80281072596614	0.6644379847143257	1646.2877878369882
745.2374550034367	350.4676082026021	0.6651570364913476	1647.2877878369882
746.4229714420212	351.1331249348214	0.6658764958861592	1648.2877878369882
747.6098794667029	351.7993613302574	0.6665963629299748	1649.2877878369882
748.7981799442762	352.4663177965748	0.6673166376540086	1650.2877878369882
749.9878737416294	353.1339947414692	0.6680373200894748	1651.2877878369882
751.1789617257448	353.80239257266794	0.6687584102675873	1652.2877878369882
752.371444763698	354.47151169792903	0.6694799082195605	1653.2877878369882
753.5653237226587	355.14135252504207	0.6702018139766087	1654.2877878369882
754.7605994698893	355.8119154618277	0.6709241275699459	1655.2877878369882
755.9572728727469	356.4832009161378	0.6716468490307863	1656.2877878369882
757.1553447986819	357.15520929585546	0.6723699783903442	1657.2877878369882
758.3548161152372	357.8279410088951	0.6730935156798336	1658.2877878369882
759.5556876900516	358.5013964632022	0.6738174609304688	1659.2877878369882
760.7579603908558	359.1755760667536	0.674541814173464	1660.2877878369882
761.9616350854743	359.850480227557	0.6752665754400332	1661.2877878369882
763.1667126418263	360.5261093536518	0.6759917447613908	1662.2877878369882
764.3731939279235	361.2024638531085	0.6767173221687508	1663.2877878369882
765.5810798118719	361.87954413402844	0.6774433076933275	1664.2877878369882
766.7903711618703	362.5573506045446	0.678169701366335	1665.2877878369882
768.0010688462125	363.23588367282105	0.6788965032189875	1666.2877878369882
769.2131737332852	363.91514374705287	0.6796237132824994	1667.2877878369882
770.426686691568	364.5951312354667	0.6803513315880845	1668.2877878369882
771.6416085896354	365.27584654632017	0.6810793581669572	1669.2877878369882
772.8579402961554	365.9572900879021	0.6818077930503317	1670.2877878369882
774.0756826798888	366.63946226853267	0.682536636269422	1671.2877878369882
775.2948366096903	367.3223634965632	0.6832658878554424	1672.2877878369882
776.515402954509	368.00599418037626	0.6839955478396071	1673.2877878369882
777.7373825833865	368.6903547283856	0.6847256162531303	1674.2877878369882
778.9607763654592	369.37544554903604	0.6854560931272261	1675.2877878369882
780.1855851699565	370.06126705080396	0.686186978493109	1676.2877878369882
781.4118098662011	370.74781964219665	0.6869182723819924	1677.2877878369882
782.6394513236105	371.43510373175263	0.6876499748250913	1678.2877878369882
783.8685104116944	372.12311972804196	0.6883820858536195	1679.2877878369882
785.098988000057	372.8118680396655	0.6891146054987912	1680.2877878369882
786.3308849583965	373.5013490752555	0.6898475337918206	1681.2877878369882
787.564202156504	374.19156324347557	0.690580870763922	1682.2877878369882
788.798940464264	374.8825109530201	0.6913146164463094	1683.2877878369882
790.0351007516554	375.57419261261526	0.692048770870197	1684.2877878369882
791.2726838887509	376.26660863101813	0.6927833340667992	1685.2877878369882
792.5116907457161	376.95975941701687	0.6935183060673299	1686.2877878369882
793.7521221928106	377.6536453794311	0.6942536869030034	1687.2877878369882
794.9939791003873	378.3482669271116	0.6949894766050337	1688.2877878369882
796.2372623388931	379.0436244689404	0.6957256752046354	1689.2877878369882
797.4819727788689	379.7397184138305	0.6964622827330224	1690.2877878369882
798.7281112909483	380.43654917072644	0.6971992992214088	1691.2877878369882
799.9756787458597	381.1341171486037	0.6979367247010089	1692.2877878369882
801.2246760144242	381.8324227564692	0.6986745592030369	1693.2877878369882
802.4751039675565	382.5314664033609	0.699412802758707	1694.2877878369882
803.7269634762656	383.23124849834824	0.7001514553992332	1695.2877878369882
804.9802554116541	383.93176945053136	0.70089051715583	1696.2877878369882
806.2349806449174	384.6330296690423	0.7016299880597113	1697.2877878369882
807.4911400473457	385.3350295630437	0.7023698681420913	1698.2877878369882
808.748734490322	386.03776954172974	0.7031101574341844	1699.2877878369882
810.0077648453229	386.74125001432583	0.7038508559672045	1700.2877878369882
811.2682319839193	387.4454713900882	0.7045919637723659	1701.2877878369882
812.5301367777759	388.15043407830495	0.7053334808808829	1702.2877878369882
813.7934800986496	388.8561384882949	0.7060754073239695	1703.2877878369882
815.0582628183922	389.5625850294082	0.70681774313284	1704.2877878369882
816.324485808949	390.26977411102627	0.7075604883387084	1705.2877878369882
817.5921499423587	390.9777061425616	0.7083036429727891	1706.2877878369882
818.8612560907535	391.6863815334583	0.7090472070662962	1707.2877878369882
820.1318051263595	392.3958006931911	0.7097911806504437	1708.2877878369882
821.4037979214967	393.10596403126635	0.7105355637564461	1709.2877878369882
822.677235348578	393.8168719572217	0.7112803564155173	1710.2877878369882
823.9521182801107	394.5285248806255	0.7120255586588717	1711.2877878369882
825.2284475886951	395.24092321107787	0.7127711705177233	1712.2877878369882
826.5062241470263	395.9540673582098	0.7135171920232865	1713.2877878369882
827.7854488278911	396.66795773168377	0.7142636232067753	1714.2877878369882
829.0661225041717	397.3825947411931	0.7150104640994039	1715.2877878369882
830.3482460488427	398.0979787964627	0.7157577147323864	1716.2877878369882
831.6318203349739	398.8141103072485	0.7165053751369372	1717.2877878369882
832.9168462357268	399.5309896833375	0.7172534453442704	1718.2877878369882
834.2033246243582	400.24861733454827	0.7180019253855999	1719.2877878369882
835.4912563742175	400.9669936707305	0.7187508152921405	1720.2877878369882
836.780642358748	401.6861191017648	0.7195001150951057	1721.2877878369882
838.071483451487	402.40599403756323	0.72024982482571	1722.2877878369882
839.363780526065	403.1266188880692	0.7209999445151676	1723.2877878369882
840.6575344562069	403.84799406325686	0.7217504741946926	1724.2877878369882
841.9527461157298	404.57011997313225	0.7225014138954994	1725.2877878369882
843.2494163785459	405.2929970277321	0.7232527636488018	1726.2877878369882
844.5475461186604	406.01662563712443	0.7240045234858142	1727.2877878369882
845.8471362101718	406.74100621140866	0.7247566934377507	1728.2877878369882
847.1481875272731	407.4661391607154	0.7255092735358257	1729.2877878369882
848.4507009442502	408.1920248952061	0.7262622638112531	1730.2877878369882
849.7546773354829	408.918663825074	0.7270156642952472	1731.2877878369882
851.0601175754454	409.6460563605432	0.7277694750190223	1732.2877878369882
852.3670225387037	410.374202911869	0.7285236960137924	1733.2877878369882
853.6753930999191	411.1031038893381	0.7292783273107717	1734.2877878369882
854.9852301338459	411.8327597032684	0.7300333689411743	1735.2877878369882
856.2965345153324	412.56317076400876	0.7307888209362147	1736.2877878369882
857.6093071193197	413.2943374819394	0.7315446833271066	1737.2877878369882
858.9235488208441	414.02626026747197	0.7323009561450647	1738.2877878369882
860.2392604950334	414.758939531049	0.7330576394213029	1739.2877878369882
861.556443017111	415.4923756831445	0.7338147331870354	1740.2877878369882
862.8750972623927	416.2265691342634	0.7345722374734762	1741.2877878369882
864.195224106289	416.961520294942	0.7353301523118398	1742.2877878369882
865.5168244243031	417.6972295757481	0.7360884777333404	1743.2877878369882
866.8398990920318	418.4336973872801	0.7368472137691918	1744.2877878369882
868.1644489851665	419.1709241401683	0.7376063604506085	1745.2877878369882
869.4904749794912	419.9089102450736	0.7383659178088047	1746.2877878369882
870.8179779508844	420.64765611268854	0.7391258858749943	1747.2877878369882
872.1469587753178	421.38716215373665	0.7398862646803916	1748.2877878369882
873.4774183288562	422.1274287789728	0.7406470542562109	1749.2877878369882
874.8093574876594	422.868456399183	0.7414082546336663	1750.2877878369882
876.1427771279796	423.61024542518436	0.7421698658439719	1751.2877878369882
877.4776781261637	424.35279626782557	0.7429318879183423	1752.2877878369882
878.814061358651	425.09610933798615	0.743694320887991	1753.2877878369882
880.1519277019751	425.8401850465771	0.7444571647841327	1754.2877878369882
881.4912780327636	426.58502380454036	0.7452204196379812	1755.2877878369882
882.8321132277378	427.3306260228493	0.7459840854807511	1756.2877878369882
884.1744341637115	428.0769921125085	0.7467481623436564	1757.2877878369882
885.518241717593	428.82412248455375	0.7475126502579111	1758.2877878369882
886.8635367663843	429.57201755005195	0.7482775492547296	1759.2877878369882
888.2103201871807	430.32067772010123	0.749042859365326	1760.2877878369882
889.5585928571713	431.07010340583093	0.7498085806209144	1761.2877878369882
890.908355653639	431.82029501840185	0.750574713052709	1762.2877878369882
892.2596094539603	432.5712529690055	0.7513412566919242	1763.2877878369882
893.6123551356046	433.3229776688652	0.7521082115697739	1764.2877878369882
894.9665935761367	434.07546952923497	0.7528755777174726	1765.2877878369882
896.3223256532126	434.8287289614004	0.753643355166234	1766.2877878369882
897.6795522445843	435.5827563766782	0.7544115439472727	1767.2877878369882
899.0382742280959	436.33755218641613	0.7551801440918028	1768.2877878369882
900.3984924816855	437.09311680199335	0.7559491556310383	1769.2877878369882
901.7602078833852	437.8494506348202	0.7567185785961934	1770.2877878369882
903.1234213113211	438.60655409633813	0.7574884130184827	1771.2877878369882
904.488133643711	439.36442759801986	0.7582586589291197	1772.2877878369882
905.8543457588688	440.12307155136955	0.7590293163593191	1773.2877878369882
907.2220585352011	440.8824863679221	0.759800385340295	1774.2877878369882
908.5912728512072	441.6426724592442	0.7605718659032614	1775.2877878369882
909.9619895854815	442.40363023693305	0.7613437580794327	1776.2877878369882
911.3342096167106	443.16536011261786	0.7621160619000227	1777.2877878369882
912.7079338236762	443.92786249795836	0.7628887773962459	1778.2877878369882
914.0831630852533	444.6911378046459	0.7636619045993167	1779.2877878369882
915.459898280409	445.4551864444031	0.7644354435404487	1780.2877878369882
916.8381402882069	446.2200088289833	0.7652093942508567	1781.2877878369882
918.2178899878007	446.9856053701715	0.7659837567617541	1782.2877878369882
919.5991482584411	447.751976479784	0.7667585311043558	1783.2877878369882
920.9819159794702	448.51912256966796	0.7675337173098755	1784.2877878369882
922.3661940303249	449.28704405170186	0.7683093154095278	1785.2877878369882
923.7519832905352	450.05574133779544	0.7690853254345266	1786.2877878369882
925.1392846397254	450.82521483988967	0.7698617474160863	1787.2877878369882
926.5280989576117	451.5954649699568	0.7706385813854206	1788.2877878369882
927.9184271240065	452.3664921400002	0.7714158273737441	1789.2877878369882
929.3102700188138	453.1382967620543	0.7721934854122711	1790.2877878369882
930.7036285220328	453.9108792481852	0.7729715555322154	1791.2877878369882
932.0985035137544	454.6842400104897	0.7737500377647913	1792.2877878369882
933.494895874165	455.45837946109606	0.7745289321412132	1793.2877878369882
934.8928064835434	456.23329801216386	0.775308238692695	1794.2877878369882
936.2922362222635	457.0089960758835	0.7760879574504511	1795.2877878369882
937.6931859707909	457.78547406447717	0.7768680884456954	1796.2877878369882
939.0956566096861	458.5627323901979	0.7776486317096424	1797.2877878369882
940.4996490196031	459.34077146532985	0.7784295872735061	1798.2877878369882
941.9051640812896	460.1195917021887	0.7792109551685007	1799.2877878369882
943.3122026755859	460.89919351312085	0.7799927354258402	1800.2877878369882
944.7207656834282	461.6795773105048	0.7807749280767391	1801.2877878369882
946.1308539858439	462.4607435067494	0.7815575331524115	1802.2877878369882
947.5424684639552	463.24269251429496	0.7823405506840714	1803.2877878369882
948.9556099989786	464.0254247456132	0.7831239807029333	1804.2877878369882
950.3702794722223	464.8089406132069	0.783907823240211	1805.2877878369882
951.7864777650896	465.59324052961017	0.7846920783271187	1806.2877878369882
953.2042057590781	466.37832490738816	0.785476745994871	1807.2877878369882
954.6234643357776	467.1641941591373	0.7862618262746819	1808.2877878369882
956.0442543768714	467.95084869748524	0.7870473191977654	1809.2877878369882
957.4665767641377	468.7382889350909	0.7878332247953357	1810.2877878369882
958.8904323794479	469.52651528464446	0.788619543098607	1811.2877878369882
960.3158221047664	470.3155281588672	0.7894062741387937	1812.2877878369882
961.7427468221522	471.10532797051144	0.7901934179471098	1813.2877878369882
963.1712074137565	471.89591513236104	0.7909809745547695	1814.2877878369882
964.6012047618265	472.6872900572311	0.7917689439929869	1815.2877878369882
966.0327397487001	473.47945315796767	0.7925573262929763	1816.2877878369882
967.4658132568115	474.2724048474481	0.7933461214859517	1817.2877878369882
968.9004261686874	475.06614553858105	0.7941353296031277	1818.2877878369882
970.3365793669477	475.8606756443061	0.794924950675718	1819.2877878369882
971.7742737343066	476.65599557759464	0.795714984734937	1820.2877878369882
973.213510153572	477.4521057514487	0.796505431811999	1821.2877878369882
974.6542895076444	478.2490065789016	0.7972962919381178	1822.2877878369882
976.0966126795199	479.0466984730184	0.7980875651445081	1823.2877878369882
977.540480552286	479.84518184689455	0.7988792514623835	1824.2877878369882
978.9858940091254	480.6444571136573	0.7996713509229585	1825.2877878369882
980.4328539333144	481.44452468646506	0.8004638635574475	1826.2877878369882
981.8813612082215	482.2453849785072	0.8012567893970641	1827.2877878369882
983.3314167173107	483.04703840300465	0.8020501284730229	1828.2877878369882
984.7830213441387	483.8494853732092	0.8028438808165382	1829.2877878369882
986.2361759723556	484.652726302404	0.8036380464588239	1830.2877878369882
987.6908814857051	485.45676160390343	0.8044326254310941	1831.2877878369882
989.1471387680265	486.2615916910531	0.8052276177645633	1832.2877878369882
990.6049487032493	487.06721697723003	0.8060230234904454	1833.2877878369882
992.0643121753996	487.87363787584195	0.8068188426399547	1834.2877878369882
993.5252300685958	488.6808548003282	0.8076150752443053	1835.2877878369882
994.9877032670498	489.4888681641592	0.8084117213347116	1836.2877878369882
996.4517326550683	490.29767838083677	0.8092087809423876	1837.2877878369882
997.9173191170509	491.1072858638936	0.8100062540985475	1838.2877878369882
999.3844635374896	491.91769102689375	0.8108041408344054	1839.2877878369882
1000.8531668009725	492.72889428343274	0.8116024411811757	1840.2877878369882
1002.3234297921794	493.54089604713687	0.8124011551700724	1841.2877878369882
1003.7952533958846	494.353696731664	0.8132002828323096	1842.2877878369882
1005.2686384969566	495.1672967507029	0.8139998241991018	1843.2877878369882
1006.743585980356	495.9816965179741	0.8147997793016628	1844.2877878369882
1008.2200967311376	496.79689644722873	0.815600148171207	1845.2877878369882
1009.6981716344513	497.6128969522492	0.8164009308389487	1846.2877878369882
1011.1778115755386	498.4296984468496	0.8172021273361018	1847.2877878369882
1012.6590174397353	499.2473013448749	0.8180037376938805	1848.2877878369882
1014.1417901124722	500.06570606020136	0.8188057619434993	1849.2877878369882
1015.6261304792713	500.88491300673627	0.8196082001161721	1850.2877878369882
1017.1120394257497	501.7049225984185	0.820411052243113	1851.2877878369882
1018.5995178376193	502.5257352492177	0.8212143183555365	1852.2877878369882
1020.0885666006827	503.34735137313504	0.8220179984846565	1853.2877878369882
1021.5791866008387	504.16977138420293	0.8228220926616874	1854.2877878369882
1023.0713787240784	504.99299569648485	0.8236266009178431	1855.2877878369882
1024.5651438564869	505.8170247240754	0.824431523284338	1856.2877878369882
1026.060482884243	506.64185888110075	0.8252368597923863	1857.2877878369882
1027.55739669362	507.46749858171785	0.826042610473202	1858.2877878369882
1029.0558861709824	508.293944240115	0.8268487753579994	1859.2877878369882
1030.555952202791	509.1211962705122	0.8276553544779928	1860.2877878369882
1032.0575956755988	509.94925508715994	0.8284623478643959	1861.2877878369882
1033.5608174760534	510.7781211043402	0.8292697555484234	1862.2877878369882
1035.0656184908944	511.6077947363663	0.8300775775612894	1863.2877878369882
1036.5719996069568	512.4382763975827	0.8308858139342078	1864.2877878369882
1038.0799617111686	513.2695665023651	0.8316944646983931	1865.2877878369882
1039.5895056905513	514.1016654651204	0.8325035298850594	1866.2877878369882
1041.1006324322193	514.9345737002866	0.8333130095254205	1867.2877878369882
1042.6133428233823	515.768291622333	0.8341229036506912	1868.2877878369882
1044.1276377513423	516.60281964576	0.8349332122920852	1869.2877878369882
1045.6435181034963	517.4381581850995	0.8357439354808169	1870.2877878369882
1047.1609847673333	518.2743076549144	0.8365550732481005	1871.2877878369882
1048.6800386304367	519.1112684697989	0.8373666256251501	1872.2877878369882
1050.200680580484	519.9490410443784	0.8381785926431797	1873.2877878369882
1051.7229115052457	520.7876257933093	0.838990974333404	1874.2877878369882
1053.2467322925859	521.6270231312797	0.8398037707270365	1875.2877878369882
1054.772143830463	522.4672334730083	0.840616981855292	1876.2877878369882
1056.2991470069287	523.3082572332456	0.8414306077493844	1877.2877878369882
1057.8277427101277	524.1500948267728	0.8422446484405277	1878.2877878369882
1059.3579318282998	524.9927466684027	0.8430591039599366	1879.2877878369882
1060.8897152497766	525.8362131729792	0.8438739743388246	1880.2877878369882
1062.4230938629848	526.6804947553773	0.8446892596084064	1881.2877878369882
1063.9580685564445	527.5255918305032	0.8455049597998959	1882.2877878369882
1065.4946402187686	528.3715048132948	0.8463210749445075	1883.2877878369882
1067.0328097386646	529.2182341187204	0.8471376050734551	1884.2877878369882
1068.5725780049333	530.0657801617801	0.8479545502179533	1885.2877878369882
1070.1139459064689	530.9141433575053	0.8487719104092158	1886.2877878369882
1071.6569143322595	531.7633241209579	0.849589685678457	1887.2877878369882
1073.2014841713872	532.613322867232	0.8504078760568914	1888.2877878369882
1074.7476563130265	533.464140011452	0.8512264815757326	1889.2877878369882
1076.2954316464477	534.3157759687738	0.8520455022661951	1890.2877878369882
1077.8448110610118	535.1682311543851	0.8528649381594929	1891.2877878369882
1079.3957954461764	536.0215059835042	0.8536847892868404	1892.2877878369882
1080.948385691491	536.8756008713806	0.8545050556794518	1893.2877878369882
1082.502582686599	537.7305162332952	0.855325737368541	1894.2877878369882
1084.0583873212377	538.5862524845602	0.8561468343853225	1895.2877878369882
1085.6158004852384	539.4428100405188	0.8569683467610102	1896.2877878369882
1087.1748230685246	540.3001893165456	0.8577902745268184	1897.2877878369882
1088.7354559611153	541.1583907280462	0.8586126177139615	1898.2877878369882
1090.2977000531214	542.0174146904577	0.8594353763536531	1899.2877878369882
1091.8615562347493	542.8772616192482	0.860258550477108	1900.2877878369882
1093.4270253962977	543.7379319299168	0.86108214011554	1901.2877878369882
1094.994108428159	544.5994260379947	0.8619061453001634	1902.2877878369882
1096.5628062208198	545.4617443590431	0.8627305660621924	1903.2877878369882
1098.1331196648603	546.3248873086553	0.8635554024328412	1904.2877878369882
1099.7050496509535	547.1888553024554	0.8643806544433239	1905.2877878369882
1101.2785970698667	548.0536487560989	0.8652063221248547	1906.2877878369882
1102.8537628124623	548.9192680852725	0.866032405508648	1907.2877878369882
1104.4305477696926	549.785713705694	0.8668589046259174	1908.2877878369882
1106.0089528326075	550.6529860331126	0.8676858195078778	1909.2877878369882
1107.5889788923482	551.5210854833085	0.8685131501857428	1910.2877878369882
1109.1706268401497	552.3900124720931	0.8693408966907269	1911.2877878369882
1110.7538975673424	553.2597674153093	0.8701690590540443	1912.2877878369882
1112.3387919653483	554.130350728831	0.8709976373069089	1913.2877878369882
1113.925310925683	555.0017628285633	0.8718266314805351	1914.2877878369882
1115.5134553399587	555.8740041304428	0.8726560416061372	1915.2877878369882
1117.1032260998768	556.7470750504367	0.8734858677149292	1916.2877878369882
1118.6946240972359	557.6209760045441	0.874316109838125	1917.2877878369882
1120.287650223927	558.4957074087948	0.8751467680069394	1918.2877878369882
1121.8823053719336	559.3712696792503	0.875977842252586	1919.2877878369882
1123.4785904333355	560.2476632320028	0.8768093326062794	1920.2877878369882
1125.0765063003037	561.1248884831759	0.8776412390992335	1921.2877878369882
1126.676053865104	562.0029458489246	0.8784735617626627	1922.2877878369882
1128.2772340200954	562.8818357454351	0.879306300627781	1923.2877878369882
1129.8800476577308	563.7615585889246	0.8801394557258025	1924.2877878369882
1131.4844956705572	564.6421147956414	0.8809730270879418	1925.2877878369882
1133.090578951214	565.5235047818657	0.8818070147454127	1926.2877878369882
1134.6982983924352	566.4057289639079	0.8826414187294295	1927.2877878369882
1136.3076548870479	567.2887877581103	0.8834762390712062	1928.2877878369882
1137.9186493279744	568.1726815808464	0.8843114758019575	1929.2877878369882
1139.5312826082277	569.0574108485209	0.8851471289528969	1930.2877878369882
1141.1455556209173	569.9429759775694	0.8859831985552391	1931.2877878369882
1142.7614692592444	570.8293773844589	0.886819684640198	1932.2877878369882
1144.3790244165057	571.7166154856877	0.8876565872389879	1933.2877878369882
1145.9982219860894	572.6046906977853	0.888493906382823	1934.2877878369882
1147.6190628614786	573.4936034373121	0.8893316421029173	1935.2877878369882
1149.2415479362503	574.3833541208604	0.8901697944304852	1936.2877878369882
1150.8656781040743	575.2739431650527	0.8910083633967407	1937.2877878369882
1152.4914542587146	576.1653709865437	0.8918473490328982	1938.2877878369882
1154.1188772940288	577.057638002019	0.8926867513701716	1939.2877878369882
1155.7479481039677	577.9507446281949	0.8935265704397753	1940.2877878369882
1157.3786675825759	578.8446912818197	0.8943668062729234	1941.2877878369882
1159.0110366239924	579.7394783796724	0.89520745890083	1942.2877878369882
1160.6450561224488	580.6351063385632	0.8960485283547095	1943.2877878369882
1162.280726972271	581.531575575334	0.8968900146657759	1944.2877878369882
1163.9180500678785	582.4288865068576	0.8977319178652434	1945.2877878369882
1165.5570263037837	583.3270395500377	0.8985742379843261	1946.2877878369882
1167.1976565745936	584.2260351218099	0.8994169750542383	1947.2877878369882
1168.8399417750081	585.1258736391403	0.9002601291061942	1948.2877878369882
1170.483882799822	586.0265555190266	0.9011037001714081	1949.2877878369882
1172.1294805439218	586.9280811784979	0.9019476882810938	1950.2877878369882
1173.7767359022898	587.830451034614	0.9027920934664659	1951.2877878369882
1175.4256497699992	588.7336655044664	0.9036369157587382	1952.2877878369882
1177.07622304222	589.6377250051776	0.9044821551891251	1953.2877878369882
1178.7284566142139	590.5426299539012	0.9053278117888408	1954.2877878369882
1180.3823513813359	591.4483807678221	0.9061738855890993	1955.2877878369882
1182.0379082390364	592.3549778641567	0.9070203766211151	1956.2877878369882
1183.6951280828582	593.2624216601521	0.9078672849161021	1957.2877878369882
1185.3540118084375	594.1707125730869	0.9087146105052745	1958.2877878369882
1187.0145603115047	595.079851020271	0.9095623534198465	1959.2877878369882
1188.6767744878846	595.9898374190454	0.9104105136910324	1960.2877878369882
1190.3406552334934	596.9006721867823	0.9112590913500461	1961.2877878369882
1192.0062034443438	597.8123557408852	0.9121080864281021	1962.2877878369882
1193.6734200165401	598.7248884987887	0.9129574989564145	1963.2877878369882
1195.3423058462804	599.6382708779586	0.9138073289661975	1964.2877878369882
1197.0128618298575	600.5525032958919	0.9146575764886651	1965.2877878369882
1198.685088863657	601.4675861701172	0.9155082415550316	1966.2877878369882
1200.358987844158	602.3835199181938	0.9163593241965111	1967.2877878369882
1202.0345596679344	603.3003049577122	0.917210824444318	1968.2877878369882
1203.7118052316528	604.2179417062948	0.9180627423296663	1969.2877878369882
1205.390725432073	605.1364305815945	0.9189150778837702	1970.2877878369882
1207.071321166049	606.0557720012956	0.9197678311378439	1971.2877878369882
1208.753593330529	606.9759663831139	0.9206210021231014	1972.2877878369882
1210.4375428225542	607.8970141447961	0.9214745908707573	1973.2877878369882
1212.1231705392595	608.8189157041201	0.9223285974120253	1974.2877878369882
1213.8104773778737	609.7416714788949	0.92318302177812	1975.2877878369882
1215.4994642357185	610.6652818869617	0.9240378640002553	1976.2877878369882
1217.1901320102106	611.5897473461914	0.9248931241096455	1977.2877878369882
1218.8824815988585	612.5150682744871	0.9257488021375047	1978.2877878369882
1220.5765138992665	613.441245089783	0.9266048981150472	1979.2877878369882
1222.2722298091307	614.3682782100442	0.9274614120734871	1980.2877878369882
1223.9696302262419	615.2961680532673	0.9283183440440386	1981.2877878369882
1225.668716048484	616.2249150374801	0.9291756940579158	1982.2877878369882
1227.3694881738347	617.1545195807413	0.9300334621463329	1983.2877878369882
1229.0719475003652	618.0849821011412	0.9308916483405041	1984.2877878369882
1230.776094926241	619.0163030168013	0.9317502526716437	1985.2877878369882
1232.4819313497208	619.9484827458739	0.9326092751709658	1986.2877878369882
1234.1894576691566	620.8815217065429	0.9334687158696846	1987.2877878369882
1235.898674782994	621.8154203170235	0.934328574799014	1988.2877878369882
1237.6095835897734	622.7501789955617	0.9351888519901685	1989.2877878369882
1239.3221849881277	623.6857981604348	0.9360495474743624	1990.2877878369882
1241.0364798767837	624.6222782299517	0.9369106612828095	1991.2877878369882
1242.7524691545623	625.5596196224523	0.9377721934467242	1992.2877878369882
1244.4701537203773	626.4978227563074	0.9386341439973208	1993.2877878369882
1246.1895344732363	627.4368880499195	0.9394965129658132	1994.2877878369882
1247.910612312241	628.3768159217221	0.9403593003834156	1995.2877878369882
1249.6333881365872	629.31760679018	0.9412225062813425	1996.2877878369882
1251.3578628455625	630.2592610737886	0.9420861306908077	1997.2877878369882
1253.08403733855	631.2017791910757	0.9429501736430257	1998.2877878369882
1254.8119125150251	632.1451615605994	0.9438146351692103	1999.2877878369882
1256.5414892745582	633.0894086009492	0.9446795153005759	2000.2877878369882
1258.272768516812	634.0345207307461	0.9455448140683369	2001.2877878369882
1260.005751141544	634.9804983686417	0.946410531503707	2002.2877878369882
1261.7404380486041	635.9273419333197	0.9472766676379006	2003.2877878369882
1263.4768301379381	636.8750518434941	0.9481432225021323	2004.2877878369882
1265.2149283095814	637.8236285179111	0.9490101961276155	2005.2877878369882
1266.9547334636677	638.7730723753469	0.949877588545565	2006.2877878369882
1268.696246500421	639.7233838346101	0.9507453997871947	2007.2877878369882
1270.4394683201606	640.6745633145396	0.9516136298837188	2008.2877878369882
1272.184399823299	641.6266112340061	0.9524822788663516	2009.2877878369882
1273.9310419103415	642.5795280119114	0.9533513467663071	2010.2877878369882
1275.6793954818886	643.5333140671883	0.9542208336147995	2011.2877878369882
1277.429461438634	644.4879698188009	0.9550907394430432	2012.2877878369882
1279.1812406813638	645.4434956857447	0.9559610642822522	2013.2877878369882
1280.9347341109592	646.3998920870462	0.9568318081636407	2014.2877878369882
1282.6899426283946	647.3571594417632	0.9577029711184231	2015.2877878369882
1284.4468671347377	648.3152981689846	0.958574553177813	2016.2877878369882
1286.2055085311497	649.2743086878307	0.9594465543730251	2017.2877878369882
1287.9658677188866	650.234191417453	0.9603189747352735	2018.2877878369882
1289.7279455992973	651.1949467770339	0.9611918142957723	2019.2877878369882
1291.4917430738235	652.1565751857876	0.9620650730857356	2020.2877878369882
1293.257261044002	653.119077062959	0.9629387511363777	2021.2877878369882
1295.0245004114622	654.0824528278245	0.9638128484789127	2022.2877878369882
1296.793462077928	655.0467028996911	0.9646873651445549	2023.2877878369882
1298.5641469452164	656.0118276978982	0.9655623011645184	2024.2877878369882
1300.336555915238	656.9778276418155	0.9664376565700173	2025.2877878369882
1302.1106898899973	657.9447031508439	0.967313431392266	2026.2877878369882
1303.8865497715917	658.912454644416	0.9681896256624785	2027.2877878369882
1305.6641364622137	659.8810825419953	0.969066239411869	2028.2877878369882
1307.4434508641482	660.8505872630765	0.9699432726716517	2029.2877878369882
1309.2244938797742	661.8209692271856	0.9708207254730408	2030.2877878369882
1311.0072664115646	662.7922288538801	0.9716985978472505	2031.2877878369882
1312.7917693620852	663.7643665627483	0.972576889825495	2032.2877878369882
1314.5780036339956	664.7373827734095	0.9734556014389881	2033.2877878369882
1316.36597013005	665.7112779055151	0.9743347327189447	2034.2877878369882
1318.1556697530957	666.6860523787467	0.9752142836965785	2035.2877878369882
1319.9471034060723	667.6617066128179	0.9760942544031036	2036.2877878369882
1321.7402719920156	668.638241027473	0.9769746448697345	2037.2877878369882
1323.5351764140526	669.6156560424878	0.977855455127685	2038.2877878369882
1325.331817575406	670.5939520776692	0.9787366852081697	2039.2877878369882
1327.13019637939	671.5731295528552	0.9796183351424024	2040.2877878369882
1328.930313729415	672.5531888879156	0.9805004049615976	2041.2877878369882
1330.7321705289828	673.5341305027506	0.9813828946969693	2042.2877878369882
1332.53576768169	674.515954817292	0.9822658043797319	2043.2877878369882
1334.3411060912263	675.4986622515029	0.9831491340410992	2044.2877878369882
1336.1481866613753	676.4822532253773	0.9840328837122856	2045.2877878369882
1337.9570102960142	677.4667281589411	0.9849170534245052	2046.2877878369882
1339.7675778991145	678.4520874722506	0.9858016432089723	2047.2877878369882
1341.5798903747395	679.4383315853937	0.9866866530969012	2048.287787836988
1343.3939486270488	680.4254609184894	0.9875720831195056	2049.287787836988
1345.209753560293	681.413475891688	0.9884579333080001	2050.287787836988
1347.0273060788177	682.402376925171	0.9893442036935987	2051.287787836988
1348.8466070870625	683.3921644391512	0.9902308943075158	2052.287787836988
1350.6676574895603	684.3828388538726	0.9911180051809653	2053.287787836988
1352.4904581909368	685.3744005896101	0.9920055363451615	2054.287787836988
1354.315010095912	686.3668500666702	0.9928934878313185	2055.287787836988
1356.1413141093	687.3601877053903	0.9937818596706507	2056.287787836988
1357.9693711360078	688.3544139261396	0.994670651894372	2057.287787836988
1359.7991820810366	689.3495291493177	0.9955598645336967	2058.287787836988
1361.6307478494807	690.345533795356	0.996449497619839	2059.287787836988
1363.4640693465285	691.3424282847168	0.9973395511840133	2060.287787836988
1365.2991474774615	692.3402130378936	0.9982300252574332	2061.287787836988
1367.135983147656	693.3388884754116	0.9991209198713136	2062.287787836988
1368.9745772625806	694.3384550178268	1.000012235056868	2063.287787836988
1370.8149307277981	695.3389130857264	1.0009039708453111	2064.287787836988
1372.6570444489648	696.3402630997289	1.0017961272678568	2065.287787836988
1374.500919331831	697.3425054804839	1.002688704355719	2066.287787836988
1376.3465562822403	698.3456406486724	1.0035817021401128	2067.287787836988
1378.1939562061302	699.3496690250067	1.0044751206522515	2068.287787836988
1380.0431200095318	700.3545910302299	1.0053689599233495	2069.287787836988
1381.89404859857	701.3604070851169	1.0062632199846215	2070.287787836988
1383.7467428794619	702.3671176104729	1.0071579008672809	2071.287787836988
1385.6012037585208	703.3747230271355	1.0080530026025423	2072.287787836988
1387.4574321421508	704.3832237559726	1.0089485252216197	2073.287787836988
1389.3154289368529	705.3926202178839	1.0098444687557275	2074.287787836988
1391.1751950492185	706.4029128337996	1.0107408332360799	2075.287787836988
1393.0367313859347	707.4141020246818	1.0116376186938907	2076.287787836988
1394.900038853782	708.4261882115235	1.0125348251603743	2077.287787836988
1396.7651183596338	709.439171815349	1.013432452666745	2078.287787836988
1398.6319708104572	710.453053257214	1.014330501244217	2079.287787836988
1400.5005971133137	711.4678329582049	1.0152289709240043	2080.287787836988
1402.3709981753582	712.4835113394399	1.016127861737321	2081.287787836988
1404.243174903838	713.5000888220677	1.0170271737153815	2082.287787836988
1406.1171282060966	714.5175658272692	1.0179269068894001	2083.287787836988
1407.9928589895692	715.5359427762559	1.0188270612905908	2084.287787836988
1409.8703681617844	716.55522009027	1.0197276369501675	2085.287787836988
1411.749656630365	717.575398190586	1.0206286338993447	2086.287787836988
1413.6307253030282	718.5964774985091	1.0215300521693365	2087.287787836988
1415.513575087585	719.6184584353755	1.0224318917913573	2088.287787836988
1417.398206891937	720.6413414225528	1.0233341527966207	2089.287787836988
1419.2846216240841	721.6651268814401	1.0242368352163416	2090.287787836988
1421.1728201921162	722.6898152334674	1.0251399390817335	2091.287787836988
1423.0628035042182	723.7154069000958	1.0260434644240113	2092.287787836988
1424.9545724686684	724.7419023028181	1.0269474112743886	2093.287787836988
1426.8481279938387	725.7693018631577	1.0278517796640796	2094.287787836988
1428.7434709881963	726.7976060026697	1.028756569624299	2095.287787836988
1430.640602360299	727.8268151429403	1.0296617811862605	2096.287787836988
1432.5395230187999	728.8569297055867	1.0305674143811785	2097.287787836988
1434.4402338724462	729.8879501122574	1.031473469240267	2098.287787836988
1436.3427358300783	730.9198767846323	1.0323799457947402	2099.287787836988
1438.2470298006288	731.9527101444223	1.0332868440758125	2100.287787836988
1440.1531166931265	732.9864506133698	1.0341941641146977	2101.287787836988
1442.0609974166928	734.021098613248	1.0351019059426103	2102.287787836988
1443.9706728805418	735.0566545658618	1.0360100695907646	2103.287787836988
1445.8821439939823	736.0931188930467	1.0369186550903744	2104.287787836988
1447.795411666416	737.1304920166701	1.0378276624726541	2105.287787836988
1449.7104768073402	738.16877435863	1.038737091768818	2106.287787836988
1451.6273403263417	739.207966340856	1.0396469430100796	2107.287787836988
1453.5460031331068	740.2480683853089	1.0405572162276542	2108.287787836988
1455.466466137409	741.2890809139806	1.041467911452755	2109.287787836988
1457.3887302491207	742.331004348894	1.0423790287165966	2110.287787836988
1459.3127963782056	743.3738391121036	1.0432905680503932	2111.287787836988
1461.2386654347206	744.4175856256952	1.0442025294853587	2112.287787836988
1463.1663383288176	745.4622443117852	1.0451149130527078	2113.287787836988
1465.0958159707413	746.5078155925219	1.0460277187836542	2114.287787836988
1467.027099270831	747.554299890084	1.0469409467094124	2115.287787836988
1468.9601891395175	748.6016976266826	1.0478545968611963	2116.287787836988
1470.8950864873277	749.650009224559	1.0487686692702203	2117.287787836988
1472.8317922248802	750.6992351059858	1.0496831639676985	2118.287787836988
1474.7703072628888	751.7493756932674	1.0505980809848448	2119.287787836988
1476.7106325121606	752.8004314087391	1.0515134203528738	2120.287787836988
1478.652768883595	753.8524026747674	1.0524291821029994	2121.287787836988
1480.5967172881872	754.9052899137496	1.0533453662664363	2122.287787836988
1482.5424786370247	755.9590935481152	1.0542619728743983	2123.287787836988
1484.4900538412874	757.0138140003239	1.055179001958099	2124.287787836988
1486.439443812252	758.069451692867	1.0560964535487536	2125.287787836988
1488.3906494612866	759.1260070482673	1.0570143276775756	2126.287787836988
1490.343671699853	760.1834804890786	1.0579326243757796	2127.287787836988
1492.2985114395071	761.2418724378857	1.0588513436745792	2128.287787836988
1494.2551695918992	762.301183317305	1.0597704856051893	2129.287787836988
1496.2136470687722	763.3614135499838	1.0606900501988237	2130.287787836988
1498.1739447819625	764.4225635586007	1.0616100374866966	2131.287787836988
1500.1360636434015	765.4846337658656	1.0625304475000221	2132.287787836988
1502.1000045651122	766.5476245945197	1.0634512802700145	2133.287787836988
1504.065768459214	767.611536467335	1.0643725358278882	2134.287787836988
1506.0333562379158	768.6763698071152	1.0652942142048567	2135.287787836988
1508.0027688135253	769.7421250366948	1.066216315432135	2136.287787836988
1509.9740070984392	770.8088025789398	1.0671388395409367	2137.287787836988
1511.947072005151	771.8764028567476	1.0680617865624762	2138.287787836988
1513.9219644462464	772.9449262930461	1.0689851565279678	2139.287787836988
1515.898685334405	774.0143733107952	1.0699089494686254	2140.287787836988
1517.8772355823996	775.0847443329855	1.0708331654156633	2141.287787836988
1519.8576161030985	776.156039782639	1.071757804400296	2142.287787836988
1521.8398278094598	777.2282600828089	1.072682866453737	2143.287787836988
1523.8238716145406	778.3014056565798	1.073608351607201	2144.287787836988
1525.809748431486	779.3754769270673	1.0745342598919019	2145.287787836988
1527.7974591735401	780.4504743174177	1.0754605913390543	2146.287787836988
1529.7870047540362	781.5263982508098	1.0763873459798718	2147.287787836988
1531.7783860864033	782.6032491504525	1.077314523845569	2148.287787836988
1533.7716040841642	783.6810274395863	1.07824212496736	2149.287787836988
1535.7666596609347	784.7597335414829	1.0791701493764587	2150.287787836988
1537.7635537304245	785.8393678794455	1.0800985971040797	2151.287787836988
1539.762287206438	786.9199308768077	1.0810274681814371	2152.287787836988
1541.7628610028703	788.0014229569352	1.0819567626397448	2153.287787836988
1543.7652760337126	789.0838445432247	1.0828864805102172	2154.287787836988
1545.7695332130506	790.1671960591035	1.0838166218240683	2155.287787836988
1547.775633455061	791.2514779280309	1.0847471866125127	2156.287787836988
1549.783577674015	792.336690573497	1.085678174906764	2157.287787836988
1551.7933667842783	793.4228344190234	1.086609586738037	2158.287787836988
1553.80500170031	794.5099098881626	1.0875414221375455	2159.287787836988
1555.8184833366622	795.5979174044983	1.0884736811365034	2160.287787836988
1557.8338126079805	796.6868573916458	1.0894063637661255	2161.287787836988
1559.8509904290054	797.7767302732511	1.0903394700576254	2162.287787836988
1561.8700177145708	798.8675364729922	1.091273000042218	2163.287787836988
1563.8908953796029	799.9592764145773	1.0922069537511168	2164.287787836988
1565.9136243391224	801.0519505217463	1.0931413312155362	2165.287787836988
1567.9382055082442	802.1455592182706	1.0940761324666906	2166.287787836988
1569.9646398021753	803.2401029279524	1.0950113575357938	2167.287787836988
1571.9929281362179	804.3355820746252	1.09594700645406	2168.287787836988
1574.0230714257673	805.4319970821539	1.0968830792527036	2169.287787836988
1576.0550705863131	806.5293483744344	1.097819575962939	2170.287787836988
1578.0889265334363	807.6276363753941	1.09875649661598	2171.287787836988
1580.1246401828141	808.7268615089911	1.0996938412430408	2172.287787836988
1582.1622124502162	809.8270241992152	1.1006316098753357	2173.287787836988
1584.2016442515053	810.9281248700872	1.1015698025440788	2174.287787836988
1586.24293650264	812.0301639456592	1.1025084192804844	2175.287787836988
1588.2860901196702	813.1331418500145	1.1034474601157664	2176.287787836988
1590.3311060187405	814.2370590072675	1.1043869250811396	2177.287787836988
1592.3779851160882	815.3419158415638	1.1053268142078174	2178.287787836988
1594.426728328046	816.4477127770806	1.1062671275270144	2179.287787836988
1596.477336571038	817.5544502380258	1.1072078650699446	2180.287787836988
1598.5298107615854	818.6621286486388	1.1081490268678227	2181.287787836988
1600.5841518162983	819.7707484331902	1.109090612951862	2182.287787836988
1602.6403606518843	820.8803100159818	1.1100326233532776	2183.287787836988
1604.6984381851432	821.9908138213461	1.110975058103283	2184.287787836988
1606.758385332968	823.1022602736481	1.1119179172330924	2185.287787836988
1608.8202030123464	824.2146497972826	1.1128612007739207	2186.287787836988
1610.8838921403592	825.3279828166767	1.1138049087569812	2187.287787836988
1612.9494536341806	826.4422597562879	1.1147490412134886	2188.287787836988
1615.016888411079	827.5574810406054	1.115693598174657	2189.287787836988
1617.0861973884157	828.673647094149	1.1166385796717002	2190.287787836988
1619.157381483647	829.790758341471	1.1175839857358332	2191.287787836988
1621.2304416143209	830.9088152071536	1.1185298163982693	2192.287787836988
1623.3053786980804	832.0278181158108	1.119476071690223	2193.287787836988
1625.3821936526617	833.1477674920875	1.1204227516429088	2194.287787836988
1627.4608873958955	834.2686637606604	1.1213698562875405	2195.287787836988
1629.5414608457047	835.390507346237	1.1223173856553323	2196.287787836988
1631.6239149201065	836.5132986735559	1.1232653397774985	2197.287787836988
1633.708250537213	837.6370381673871	1.1242137186852534	2198.287787836988
1635.7944686152264	838.7617262525322	1.125162522409811	2199.287787836988
1637.8825700724474	839.8873633538227	1.1261117509823855	2200.287787836988
1639.9725558272664	841.0139498961232	1.1270614044341911	2201.287787836988
1642.064426798169	842.1414863043282	1.128011482796442	2202.287787836988
1644.1581839037347	843.2699730033635	1.1289619861003524	2203.287787836988
1646.2538280626356	844.3994104181866	1.1299129143771363	2204.287787836988
1648.3513601936384	845.5297989737855	1.1308642676580078	2205.287787836988
1650.450781215603	846.6611390951808	1.1318160459741815	2206.287787836988
1652.5520920474835	847.7934312074229	1.1327682493568714	2207.287787836988
1654.6552936083276	848.9266757355939	1.1337208778372916	2208.287787836988
1656.7603868172748	850.0608731048073	1.1346739314466565	2209.287787836988
1658.867372593561	851.1960237402072	1.1356274102161799	2210.287787836988
1660.976251856514	852.33212806697	1.1365813141770762	2211.287787836988
1663.087025525555	853.4691865103024	1.1375356433605595	2212.287787836988
1665.1996945202006	854.6071994954423	1.1384903977978442	2213.287787836988
1667.3142597600602	855.7461674476598	1.1394455775201444	2214.287787836988
1669.430722164835	856.8860907922547	1.140401182558674	2215.287787836988
1671.5490826543235	858.0269699545593	1.1413572129446474	2216.287787836988
1673.6693421484142	859.1688053599369	1.1423136687092788	2217.287787836988
1675.7915015670915	860.3115974337812	1.1432705498837823	2218.287787836988
1677.915561830432	861.4553466015183	1.1442278564993722	2219.287787836988
1680.0415238586083	862.600053288604	1.1451855885872626	2220.287787836988
1682.1693885718844	863.7457179205271	1.1461437461786677	2221.287787836988
1684.2991568906177	864.8923409228062	1.1471023293048015	2222.287787836988
1686.4308297352604	866.0399227209922	1.1480613379968785	2223.287787836988
1688.5644080263596	867.1884637406658	1.1490207722861128	2224.287787836988
1690.6998926845536	868.3379644074404	1.1499806322037185	2225.287787836988
1692.8372846305745	869.4884251469598	1.1509409177809096	2226.287787836988
1694.9765847852486	870.6398463848991	1.1519016290489004	2227.287787836988
1697.1177940694986	871.7922285469649	1.1528627660389053	2228.287787836988
1699.260913404336	872.9455720588948	1.1538243287821384	2229.287787836988
1701.4059437108695	874.0998773464572	1.1547863173098136	2230.287787836988
1703.5528859102988	875.255144835453	1.1557487316531454	2231.287787836988
1705.7017409239197	876.4113749517123	1.1567115718433476	2232.287787836988
1707.8525096731203	877.5685681210989	1.157674837911635	2233.287787836988
1710.005193079383	878.7267247695055	1.1586385298892212	2234.287787836988
1712.1597920642823	879.8858453228576	1.1596026478073207	2235.287787836988
1714.316307549489	881.0459302071109	1.1605671916971476	2236.287787836988
1716.4747404567659	882.2069798482528	1.1615321615899161	2237.287787836988
1718.6350917079683	883.368994672302	1.1624975575168401	2238.287787836988
1720.7973622250472	884.5319751053082	1.1634633795091343	2239.287787836988
1722.9615529300468	885.6959215733525	1.1644296275980124	2240.287787836988
1725.1276647451039	886.860834502547	1.165396301814689	2241.287787836988
1727.295698592451	888.026714319035	1.1663634021903777	2242.287787836988
1729.4656553944105	889.1935614489911	1.1673309287562932	2243.287787836988
1731.6375360734037	890.3613763186214	1.1682988815436497	2244.287787836988
1733.8113415519404	891.5301593541627	1.169267260583661	2245.287787836988
1735.987072752628	892.6999109818834	1.1702360659075415	2246.287787836988
1738.1647305981649	893.8706316280828	1.1712052975465053	2247.287787836988
1740.3443160113434	895.0423217190918	1.1721749555317664	2248.287787836988
1742.525829915052	896.2149816812721	1.1731450398945396	2249.287787836988
1744.7092732322699	897.388611941017	1.1741155506660386	2250.287787836988
1746.8946468860715	898.5632129247509	1.1750864878774776	2251.287787836988
1749.0819517996247	899.7387850589291	1.176057851560071	2252.287787836988
1751.271188896189	900.9153287700385	1.1770296417450326	2253.287787836988
1753.4623590991205	902.0928444845969	1.1780018584635767	2254.287787836988
1755.6554633318683	903.2713326291539	1.178974501746918	2255.287787836988
1757.850502517973	904.4507936302895	1.17994757162627	2256.287787836988
1760.0474775810721	905.6312279146156	1.180921068132847	2257.287787836988
1762.2463894448942	906.8126359087747	1.1818949912978636	2258.287787836988
1764.4472390332628	907.9950180394411	1.1828693411525337	2259.287787836988
1766.6500272700935	909.17837473332	1.1838441177280714	2260.287787836988
1768.854755079398	910.3627064171479	1.1848193210556912	2261.287787836988
1771.0614233852796	911.5480135176924	1.1857949511666066	2262.287787836988
1773.2700331119368	912.7342964617527	1.1867710080920326	2263.287787836988
1775.480585183659	913.9215556761585	1.1877474918631827	2264.287787836988
1777.6930805248328	915.1097915877713	1.1887244025112718	2265.287787836988
1779.9075200599361	916.2990046234837	1.1897017400675132	2266.287787836988
1782.123904713542	917.4891952102196	1.1906795045631218	2267.287787836988
1784.3422354103154	918.6803637749337	1.1916576960293115	2268.287787836988
1786.5625130750163	919.8725107446121	1.1926363144972965	2269.287787836988
1788.7847386324975	921.0656365462722	1.1936153599982908	2270.287787836988
1791.008913007706	922.2597416069633	1.194594832563509	2271.287787836988
1793.2350371256828	923.4548263537645	1.195574732224165	2272.287787836988
1795.4631119115609	924.6508912137871	1.1965550590114729	2273.287787836988
1797.6931382905686	925.8479366141735	1.1975358129566471	2274.287787836988
1799.9251171880276	927.0459629820967	1.1985169940909017	2275.287787836988
1802.1590495293522	928.2449707447619	1.1994986024454508	2276.287787836988
1804.394936240052	929.4449603294048	1.2004806380515087	2277.287787836988
1806.6327782457272	930.6459321632926	1.2014631009402894	2278.287787836988
1808.8725764720757	931.8478866737235	1.2024459911430072	2279.287787836988
1811.1143318448871	933.050824288027	1.2034293086908763	2280.287787836988
1813.3580452900437	934.2547454335642	1.204413053615111	2281.287787836988
1815.603717733524	935.4596505377265	1.2053972259469254	2282.287787836988
1817.851350101396	936.6655400279375	1.2063818257175334	2283.287787836988
1820.1009433198255	937.8724143316517	1.2073668529581494	2284.287787836988
1822.3524983150699	939.0802738763543	1.2083523076999876	2285.287787836988
1824.6060160134805	940.2891190895623	1.2093381899742621	2286.287787836988
1826.8614973415026	941.498950398824	1.2103244998121871	2287.287787836988
1829.1189432256754	942.7097682317184	1.211311237244977	2288.287787836988
1831.3783545926306	943.9215730158561	1.212298402303846	2289.287787836988
1833.6397323690933	945.1343651788785	1.2132859950200074	2290.287787836988
1835.9030774818852	946.3481451484588	1.2142740154246767	2291.287787836988
1838.1683908579182	947.5629133523009	1.215262463549067	2292.287787836988
1840.4356734241999	948.7786702181405	1.216251339424393	2293.287787836988
1842.7049261078303	949.9954161737438	1.217240643081869	2294.287787836988
1844.976149836004	951.2131516469088	1.2182303745527088	2295.287787836988
1847.2493455360081	952.4318770654642	1.2192205338681266	2296.287787836988
1849.5245141352257	953.6515928572701	1.2202111210593372	2297.287787836988
1851.8016565611308	954.8722994502185	1.221202136157554	2298.287787836988
1854.0807737412918	956.0939972722315	1.2221935791939913	2299.287787836988
1856.3618666033726	957.316686751263	1.2231854501998638	2300.287787836988
1858.6449360751276	958.5403683152981	1.224177749206385	2301.287787836988
1860.9299830844075	959.7650423923529	1.2251704762447697	2302.287787836988
1863.2170085591558	960.9907094104752	1.2261636313462319	2303.287787836988
1865.506013427409	962.2173697977436	1.2271572145419856	2304.287787836988
1867.7969986172975	963.4450239822678	1.228151225863245	2305.287787836988
1870.089965057046	964.6736723921888	1.2291456653412243	2306.287787836988
1872.3849136749725	965.9033154556794	1.2301405330071375	2307.287787836988
1874.681845399489	967.1339536009428	1.2311358288921994	2308.287787836988
1876.9807611591	968.3655872562141	1.2321315530276238	2309.287787836988
1879.281661882405	969.5982168497588	1.2331277054446248	2310.287787836988
1881.5845484980948	970.8318428098742	1.2341242861744164	2311.287787836988
1883.8894219349572	972.0664655648889	1.2351212952482131	2312.287787836988
1886.1962831218718	973.3020855431622	1.2361187326972292	2313.287787836988
1888.5051329878124	974.5387031730854	1.2371165985526786	2314.287787836988
1890.8159724618454	975.7763188830802	1.2381148928457755	2315.287787836988
1893.128802473131	977.0149331015999	1.2391136156077343	2316.287787836988
1895.4436239509237	978.254546257129	1.2401127668697687	2317.287787836988
1897.7604378245726	979.495158778183	1.2411123466630933	2318.287787836988
1900.079245023519	980.7367710933092	1.2421123550189224	2319.287787836988
1902.4000464772973	981.9793836310859	1.2431127919684701	2320.287787836988
1904.7228431155372	983.2229968201215	1.2441136575429501	2321.287787836988
1907.0476358679607	984.4676110890572	1.245114951773577	2322.287787836988
1909.3744256643852	985.7132268665642	1.2461166746915648	2323.287787836988
1911.7032134347187	986.9598445813465	1.2471188263281279	2324.287787836988
1914.0340001089664	988.2074646621371	1.2481214067144804	2325.287787836988
1916.366786617225	989.4560875377024	1.2491244158818364	2326.287787836988
1918.7015738896844	990.7057136368384	1.25012785386141	2327.287787836988
1921.0383628566294	991.9563433883729	1.2511317206844155	2328.287787836988
1923.3771544484387	993.2079772211655	1.2521360163820672	2329.287787836988
1925.7179495955838	994.4606155641058	1.2531407409855793	2330.287787836988
1928.0607492286292	995.7142588461156	1.2541458945261654	2331.287787836988
1930.4055542782348	996.9689074961474	1.2551514770350405	2332.287787836988
1932.7523656751534	998.2245619431856	1.2561574885434181	2333.287787836988
1935.1011843502308	999.4812226162444	1.2571639290825127	2334.287787836988
1937.4520112344067	1000.738889944371	1.2581707986835386	2335.287787836988
1939.8048472587152	1001.9975643566427	1.25917809737771	2336.287787836988
1942.1596933542824	1003.257246282168	1.2601858251962406	2337.287787836988
1944.516550452331	1004.517936150087	1.261193982170345	2338.287787836988
1946.8754194841736	1005.7796343895707	1.2622025683312372	2339.287787836988
1949.2363013812198	1007.0423414298219	1.2632115837101314	2340.287787836988
1951.5991970749708	1008.3060577000742	1.264221028338242	2341.287787836988
1953.9641074970227	1009.570783629592	1.2652309022467834	2342.287787836988
1956.331033579063	1010.8365196476716	1.2662412054669687	2343.287787836988
1958.6999762528753	1012.1032661836402	1.2672519380300131	2344.287787836988
1961.070936450336	1013.3710236668563	1.2682630999671303	2345.287787836988
1963.4439151034144	1014.6397925267097	1.2692746913095345	2346.287787836988
1965.8189131441752	1015.9095731926208	1.2702867120884402	2347.287787836988
1968.1959315047754	1017.1803660940423	1.2712991623350616	2348.287787836988
1970.5749711174658	1018.4521716604575	1.2723120420806124	2349.287787836988
1972.9560329145902	1019.7249903213802	1.2733253513563072	2350.287787836988
1975.3391178285879	1020.9988225063569	1.2743390901933598	2351.287787836988
1977.7242267919903	1022.2736686449645	1.2753532586229848	2352.287787836988
1980.1113607374239	1023.549529166811	1.2763678566763963	2353.287787836988
1982.5005205976051	1024.8264045015355	1.277382884384808	2354.287787836988
1984.8917073053494	1026.1042950788094	1.2783983417794347	2355.287787836988
1987.2849217935611	1027.3832013283336	1.27941422889149	2356.287787836988
1989.6801649952429	1028.663123679842	1.280430545752189	2357.287787836988
1992.077437843486	1029.9440625630982	1.2814472923927447	2358.287787836988
1994.4767412714796	1031.2260184078975	1.2824644688443723	2359.287787836988
1996.8780762125034	1032.5089916440677	1.2834820751382854	2360.287787836988
1999.2814435999323	1033.7929827014657	1.2845001113056984	2361.287787836988
2001.686844367234	1035.0779920099808	1.285518577377825	2362.287787836988
2004.0942794479715	1036.3640199995332	1.28653747338588	2363.287787836988
2006.5037497758005	1037.6510671000747	1.2875567993610777	2364.287787836988
2008.9152562844688	1038.939133741588	1.2885765553346316	2365.287787836988
2011.3287999078204	1040.2282203540872	1.2895967413377563	2366.287787836988
2013.7443815797913	1041.5183273676173	1.2906173574016657	2367.287787836988
2016.1620022344123	1042.8094552122545	1.2916384035575743	2368.287787836988
2018.5816628058067	1044.1016043181066	1.2926598798366964	2369.287787836988
2021.0033642281915	1045.3947751153128	1.2936817862702459	2370.287787836988
2023.4271074358778	1046.6889680340425	1.2947041228894367	2371.287787836988
2025.8528933632713	1047.9841835044972	1.2957268897254834	2372.287787836988
2028.2807229448688	1049.2804219569095	1.2967500868096002	2373.287787836988
2030.7105971152635	1050.5776838215427	1.297773714173001	2374.287787836988
2033.1425168091407	1051.8759695286924	1.2987977718469004	2375.287787836988
2035.5764829612797	1053.1752795086838	1.299822259862512	2376.287787836988
2038.0124965065531	1054.475614191875	1.3008471782510505	2377.287787836988
2040.450558379927	1055.776974008654	1.3018725270437297	2378.287787836988
2042.8906695164635	1057.0793593894407	1.302898306271764	2379.287787836988
2045.3328308513146	1058.3827707646863	1.3039245159663677	2380.287787836988
2047.7770433197284	1059.687208564873	1.3049511561587548	2381.287787836988
2050.2233078570457	1060.9926732205136	1.3059782268801392	2382.287787836988
2052.671625398702	1062.299165162153	1.3070057281617358	2383.287787836988
2055.1219968802243	1063.6066848203677	1.3080336600347577	2384.287787836988
2057.5744232372363	1064.9152326257636	1.3090620225304204	2385.287787836988
2060.028905405453	1066.2248090089795	1.3100908156799371	2386.287787836988
2062.485444320684	1067.535414400685	1.3111200395145226	2387.287787836988
2064.9440409188314	1068.8470492315805	1.3121496940653905	2388.287787836988
2067.404696135892	1070.1597139323983	1.3131797793637552	2389.287787836988
2069.8674109079566	1071.473408933901	1.3142102954408308	2390.287787836988
2072.33218617121	1072.7881346668833	1.315241242327832	2391.287787836988
2074.7990228619283	1074.1038915621705	1.3162726200559725	2392.287787836988
2077.267921916482	1075.4206800506192	1.3173044286564661	2393.287787836988
2079.7388842713385	1076.7385005631181	1.318336668160528	2394.287787836988
2082.211910863054	1078.0573535305855	1.3193693385993717	2395.287787836988
2084.6870026282813	1079.377239383972	1.3204024400042114	2396.287787836988
2087.164160503766	1080.6981585542596	1.3214359724062614	2397.287787836988
2089.6433854263482	1082.0201114724605	1.322469935836736	2398.287787836988
2092.1246783329607	1083.3430985696198	1.3235043303268492	2399.287787836988
2094.608040160629	1084.6671202768116	1.324539155907815	2400.287787836988
2097.0934718464764	1085.9921770251426	1.3255744126108482	2401.287787836988
2099.5809743277127	1087.318269245751	1.3266101004671622	2402.287787836988
2102.070548541649	1088.645397369805	1.3276462195079717	2403.287787836988
2104.562195425685	1089.9735618285056	1.328682769764491	2404.287787836988
2107.055915917315	1091.302763053083	1.3297197512679335	2405.287787836988
2109.5517109541292	1092.6330014748005	1.3307571640495144	2406.287787836988
2112.0495814738088	1093.964277524952	1.331795008140447	2407.287787836988
2114.549528414129	1095.2965916348617	1.3328332835719459	2408.287787836988
2117.051552712961	1096.6299442358866	1.3338719903752256	2409.287787836988
2119.555655308267	1097.9643357594132	1.3349111285814996	2410.287787836988
2122.0618371381033	1099.2997666368608	1.3359506982219824	2411.287787836988
2124.570099140621	1100.636237299679	1.3369906993278884	2412.287787836988
2127.0804422540627	1101.9737481793488	1.3380311319304312	2413.287787836988
2129.592867416768	1103.3122997073826	1.3390719960608257	2414.287787836988
2132.107375567168	1104.6518923153233	1.3401132917502856	2415.287787836988
2134.623967643787	1105.9925264347467	1.3411550190300252	2416.287787836988
2137.142644585243	1107.3342024972571	1.3421971779312585	2417.287787836988
2139.6634073302494	1108.676920934493	1.3432397684852	2418.287787836988
2142.1862568176125	1110.0206821781223	1.3442827907230641	2419.287787836988
2144.7111939862293	1111.3654866598442	1.345326244676064	2420.287787836988
2147.2382197750962	1112.7113348113899	1.346370130375415	2421.287787836988
2149.7673351232975	1114.058227064521	1.3474144478523304	2422.287787836988
2152.298540970014	1115.4061638510307	1.3484591971380249	2423.287787836988
2154.831838254522	1116.7551456027438	1.3495043782637126	2424.287787836988
2157.367227916187	1118.1051727515153	1.3505499912606074	2425.287787836988
2159.904710894471	1119.4562457292325	1.3515960361599237	2426.287787836988
2162.444288128929	1120.8083649678128	1.352642512992876	2427.287787836988
2164.9859605592105	1122.1615308992064	1.3536894217906779	2428.287787836988
2167.5297291250563	1123.515743955393	1.354736762584544	2429.287787836988
2170.0755947663038	1124.8710045683845	1.355784535405688	2430.287787836988
2172.623558422882	1126.227313170224	1.3568327402853249	2431.287787836988
2175.1736210348136	1127.5846701929852	1.3578813772546678	2432.287787836988
2177.725783542216	1128.9430760687735	1.3589304463449317	2433.287787836988
2180.2800468853006	1130.3025312297257	1.3599799475873307	2434.287787836988
2182.8364120043702	1131.6630361080092	1.3610298810130785	2435.287787836988
2185.3948798398237	1133.0245911358234	1.36208024665339	2436.287787836988
2187.9554513321505	1134.387196745398	1.3631310445394786	2437.287787836988
2190.518127421938	1135.7508533689947	1.3641822747025592	2438.287787836988
2193.0829090498646	1137.115561438906	1.3652339371738451	2439.287787836988
2195.649797156702	1138.4813213874556	1.3662860319845513	2440.287787836988
2198.2187926833167	1139.8481336469988	1.367338559165892	2441.287787836988
2200.789896570668	1141.2159986499214	1.3683915187490807	2442.287787836988
2203.363109759808	1142.5849168286413	1.369444910765332	2443.287787836988
2205.9384331918864	1143.9548886156067	1.37049873524586	2444.287787836988
2208.5158678081416	1145.325914443298	1.3715529922218788	2445.287787836988
2211.09541454991	1146.697994744226	1.372607681724603	2446.287787836988
2213.677074358616	1148.0711299509333	1.3736628037852459	2447.287787836988
2216.260848175785	1149.4453204959932	1.3747183584350229	2448.287787836988
2218.8467369430296	1150.82056681201	1.375774345705147	2449.287787836988
2221.434741602059	1152.1968693316205	1.3768307656268333	2450.287787836988
2224.024863094677	1153.5742284874914	1.3778876182312954	2451.287787836988
2226.6171023627785	1154.952644712321	1.3789449035497476	2452.287787836988
2229.211460348354	1156.3321184388392	1.3800026216134045	2453.287787836988
2231.8079379934848	1157.7126500998068	1.3810607724534794	2454.287787836988
2234.4065362403517	1159.0942401280154	1.3821193561011873	2455.287787836988