9.742712e-8	7.78799e-13	1.047129e-10	930.428808666363
9.969651e-8	8.092866e-13	1.0715190000000001e-10	930.4297850677403
1.020188e-7	8.409501e-13	1.096478e-10	930.4303501766565
1.043951e-7	8.73834e-13	1.1220180000000002e-10	930.4304728979391
1.068268e-7	9.079846e-13	1.148154e-10	930.4301338026083
1.093151e-7	9.434498e-13	1.174898e-10	930.4300752048265
1.118614e-7	9.802794e-13	1.202264e-10	930.4310890070733
1.14467e-7	1.018525e-12	1.230269e-10	930.4308124889759
1.171333e-7	1.05824e-12	1.258925e-10	930.4315844073315
1.198618e-7	1.09948e-12	1.28825e-10	930.4319773335923
1.226537e-7	1.142303e-12	1.318257e-10	930.4319438698221
1.255107e-7	1.186768e-12	1.348963e-10	930.4323896800727
1.284343e-7	1.232937e-12	1.380384e-10	930.4333644623524
1.314259e-7	1.280874e-12	1.412538e-10	930.4328865772108
1.344873e-7	1.330647e-12	1.4454399999999998e-10	930.4338516091987
1.376199e-7	1.382322e-12	1.479108e-10	930.4343044726957
1.408255e-7	1.435974e-12	1.513561e-10	930.4344917317505
1.441058e-7	1.491674e-12	1.548817e-10	930.4345941063405
1.474625e-7	1.549501e-12	1.584893e-10	930.435363781656
1.508974e-7	1.609534e-12	1.62181e-10	930.4358065001448
1.544122e-7	1.671855e-12	1.6595870000000001e-10	930.4355351964074
1.58009e-7	1.736551e-12	1.698244e-10	930.4360065514733
1.616896e-7	1.80371e-12	1.737801e-10	930.43682049901
1.654558e-7	1.873423e-12	1.7782789999999997e-10	930.4370878979058
1.693098e-7	1.945787e-12	1.8197010000000002e-10	930.4371750468895
1.732536e-7	2.0209e-12	1.862087e-10	930.4378415186832
1.772893e-7	2.098865e-12	1.905461e-10	930.4383499058758
1.814189e-7	2.179788e-12	1.9498450000000002e-10	930.4384696629733
1.856447e-7	2.263778e-12	1.9952619999999999e-10	930.4390289495815
1.89969e-7	2.350951e-12	2.041738e-10	930.4394146114731
1.94394e-7	2.441423e-12	2.089296e-10	930.4399253289146
1.989221e-7	2.535318e-12	2.1379620000000003e-10	930.4404630110357
2.035557e-7	2.632763e-12	2.187762e-10	930.4409381047847
2.082971e-7	2.733888e-12	2.238721e-10	930.441238046188
2.131491e-7	2.838831e-12	2.290868e-10	930.4418186949225
2.18114e-7	2.947732e-12	2.344229e-10	930.4421527589667
2.231946e-7	3.060738e-12	2.398833e-10	930.4426808285529
2.2839360000000003e-7	3.178e-12	2.454709e-10	930.4433967529349
2.337136e-7	3.299676e-12	2.511886e-10	930.443896243699
2.391576e-7	3.425927e-12	2.570396e-10	930.4442814531302
2.447283e-7	3.556923e-12	2.630268e-10	930.4445665726839
2.504289e-7	3.692838e-12	2.691535e-10	930.4452397535234
2.562622e-7	3.833852e-12	2.754229e-10	930.445630526728
2.622314e-7	3.980154e-12	2.818383e-10	930.4462174019641
2.683397e-7	4.131936e-12	2.884032e-10	930.4467909371325
2.745902e-7	4.289401e-12	2.951209e-10	930.4474518781965
2.809863e-7	4.452756e-12	3.019952e-10	930.4477447191213
2.875314e-7	4.622216e-12	3.090295e-10	930.448459503057
2.94229e-7	4.798006e-12	3.162278e-10	930.4488663109314
3.010826e-7	4.980355e-12	3.2359370000000006e-10	930.4494505146422
3.080958e-7	5.169504e-12	3.3113109999999996e-10	930.4501132753766
3.152724e-7	5.3657e-12	3.3884420000000004e-10	930.4505306568625
3.226162e-7	5.5692e-12	3.4673690000000003e-10	930.4512130090568
3.30131e-7	5.780271e-12	3.548134e-10	930.4518382648456
3.378209e-7	5.999186e-12	3.6307810000000007e-10	930.4524265881088
3.456899e-7	6.226231e-12	3.715352e-10	930.4532282028728
3.537422e-7	6.461702e-12	3.801894e-10	930.4537730457502
3.619821e-7	6.705902e-12	3.890451e-10	930.4546077100059
3.704139e-7	6.95915e-12	3.9810719999999997e-10	930.4550612247153
3.790421e-7	7.221772e-12	4.0738029999999993e-10	930.4556989427324
3.878713e-7	7.494107e-12	4.168694e-10	930.456382999088
3.969062e-7	7.776505e-12	4.265795e-10	930.4572219363565
4.061515e-7	8.069331e-12	4.365158e-10	930.4578879641928
4.156121e-7	8.372959e-12	4.466836e-10	930.4583220852522
4.252932e-7	8.68778e-12	4.570882e-10	930.4591275381862
4.351997e-7	9.014195e-12	4.677351000000001e-10	930.459814102042
4.453371e-7	9.352621e-12	4.786301e-10	930.4606054257767
4.557105e-7	9.703489e-12	4.897788e-10	930.4612684113728
4.6632559999999994e-7	1.006725e-11	5.011871999999999e-10	930.4620454193562
4.77188e-7	1.044435e-11	5.128614e-10	930.4627806849962
4.883034e-7	1.083529e-11	5.248075e-10	930.4635228917269
4.996777e-7	1.124055e-11	5.370318e-10	930.4643422419305
5.113169e-7	1.166065e-11	5.495409e-10	930.4649765831806
5.232273e-7	1.209611e-11	5.623413e-10	930.465886304278
5.354151e-7	1.254748e-11	5.754399000000001e-10	930.4666698989764
5.478868e-7	1.301533e-11	5.888436999999999e-10	930.4673130238125
5.606491e-7	1.350025e-11	6.025595999999999e-10	930.4682893609197
5.737086e-7	1.400285e-11	6.16595e-10	930.469113194236
5.870723e-7	1.452374e-11	6.309573e-10	930.4699759238857
6.007473e-7	1.506358e-11	6.456542e-10	930.4707745725187
6.147409e-7	1.562305e-11	6.606934000000001e-10	930.4717181222031
6.290604e-7	1.620283e-11	6.760829999999999e-10	930.4724461789453
6.437135e-7	1.680365e-11	6.918309999999999e-10	930.4733434176845
6.587079e-7	1.742624e-11	7.079458e-10	930.4742343834796
6.740516e-7	1.807139e-11	7.244359999999999e-10	930.4751163525833
6.897527e-7	1.873987e-11	7.413102e-10	930.4761216964235
7.058195e-7	1.943253e-11	7.585775999999999e-10	930.4768985137447
7.222606e-7	2.01502e-11	7.762471000000001e-10	930.4778725743387
7.390847e-7	2.089377e-11	7.943281999999999e-10	930.4788546724138
7.563007e-7	2.166414e-11	8.128305e-10	930.4798037721271
7.739177e-7	2.246226e-11	8.317638000000001e-10	930.4806992802523
7.919451e-7	2.32891e-11	8.51138e-10	930.4817657066186
8.103925e-7	2.414567e-11	8.709636e-10	930.482795917074
8.292695e-7	2.5033e-11	8.912509e-10	930.4838098901218
8.485863e-7	2.595218e-11	9.120107999999999e-10	930.4848716484498
8.68353e-7	2.690431e-11	9.332542999999998e-10	930.4858325431771
8.885802e-7	2.789054e-11	9.549926e-10	930.486886013567
9.092785e-7	2.891207e-11	9.772372e-10	930.4879225535009
9.304590000000001e-7	2.997011e-11	1.0000000000000003e-9	930.48897011
9.521329e-7	3.106595e-11	1.023293e-9	930.4900609600573
9.743117e-7	3.220089e-11	1.047129e-9	930.4907999778443
9.970071e-7	3.33763e-11	1.071519e-9	930.4925776397806
1.020231e-6	3.459357e-11	1.096478e-9	930.4934468087824
1.043996e-6	3.585415e-11	1.122018e-9	930.4947462072801
1.068315e-6	3.715955e-11	1.148154e-9	930.4955254695799
1.0932e-6	3.851132e-11	1.174898e-9	930.4965293327591
1.118665e-6	3.991105e-11	1.202264e-9	930.4985519403393
1.144723e-6	4.13604e-11	1.230269e-9	930.4992326068526
1.171388e-6	4.286109e-11	1.2589250000000002e-9	930.5009123577655
1.198674e-6	4.441488e-11	1.28825e-9	930.5013893887057
1.226596e-6	4.60236e-11	1.3182569999999998e-9	930.5029471491522
1.255168e-6	4.768913e-11	1.348963e-9	930.5041644062884
1.284406e-6	4.941343e-11	1.380384e-9	930.5058689683452
1.314324e-6	5.119851e-11	1.412538e-9	930.5060809054341
1.34494e-6	5.304646e-11	1.4454400000000001e-9	930.5076976284039
1.376269e-6	5.495944e-11	1.479108e-9	930.5094417987057
1.408328e-6	5.693966e-11	1.513561e-9	930.51085464015
1.441133e-6	5.898942e-11	1.548817e-9	930.5114738668287
1.474703e-6	6.11111e-11	1.584893e-9	930.5133602710088
1.509055e-6	6.330715e-11	1.62181e-9	930.5148612661162
1.544207e-6	6.558011e-11	1.659587e-9	930.5161947580934
1.580177e-6	6.79326e-11	1.6982440000000002e-9	930.5170120430279
1.616986e-6	7.036732e-11	1.7378010000000003e-9	930.5187229838168
1.654652e-6	7.288706e-11	1.778279e-9	930.520400375869
1.693196e-6	7.549472e-11	1.819701e-9	930.5218245854677
1.732637e-6	7.819327e-11	1.8620869999999998e-9	930.523221133062
1.772997e-6	8.098581e-11	1.905461e-9	930.5244168261643
1.814298e-6	8.38755e-11	1.949845e-9	930.5262087499264
1.85656e-6	8.686564e-11	1.995262e-9	930.5278533044784
1.8998069999999998e-6	8.995962e-11	2.041738e-9	930.5292645873271
1.944061e-6	9.316096e-11	2.089296e-9	930.5307438295005
1.989346e-6	9.647326e-11	2.1379620000000006e-9	930.5321952682041
2.035687e-6	9.990029e-11	2.187762e-9	930.5339887474048
2.083106e-6	1.034459e-10	2.238721e-9	930.5355360940467
2.13163e-6	1.071141e-10	2.290868e-9	930.536859434939
2.181285e-6	1.109089e-10	2.344229e-9	930.5387438257952
2.232096e-6	1.148347e-10	2.398833e-9	930.5403230237371
2.284091e-6	1.188959e-10	2.454709e-9	930.5420299921495
2.337297e-6	1.230969e-10	2.511886e-9	930.5438610271327
2.391743e-6	1.274425e-10	2.5703959999999997e-9	930.545504467016
2.447457e-6	1.319375e-10	2.630268e-9	930.5473577217227
2.504468e-6	1.365869e-10	2.691535e-9	930.5487712030496
2.562808e-6	1.413959e-10	2.754229e-9	930.5505809066713
2.622507e-6	1.463698e-10	2.818383e-9	930.5525082290093
2.683597e-6	1.515141e-10	2.8840319999999994e-9	930.5543468657769
2.746109e-6	1.568345e-10	2.9512089999999995e-9	930.5562006960538
2.810078e-6	1.623369e-10	3.019952e-9	930.5579482389123
2.875537e-6	1.680272e-10	3.0902949999999996e-9	930.5600362424946
2.942521e-6	1.739118e-10	3.162278e-9	930.5617380255626
3.011065e-6	1.799971e-10	3.235937e-9	930.5635422135845
3.081206e-6	1.862899e-10	3.311311e-9	930.5656550834398
3.152981e-6	1.927969e-10	3.388442e-9	930.5674398145223
3.226428e-6	1.995252e-10	3.467369e-9	930.5694101781495
3.301586e-6	2.064823e-10	3.548134e-9	930.5715292319851
3.378494e-6	2.136757e-10	3.630781e-9	930.5732501354393
3.457195e-6	2.211132e-10	3.7153519999999994e-9	930.575652912564
3.537728e-6	2.288028e-10	3.801894e-9	930.5774445052913
3.620138e-6	2.36753e-10	3.890451e-9	930.579707339843
3.704468e-6	2.449722e-10	3.981072e-9	930.5817559190086
3.790762e-6	2.534695e-10	4.073803e-9	930.5838965458075
3.879066e-6	2.622538e-10	4.168694e-9	930.5859949902775
3.969427e-6	2.713348e-10	4.265795000000001e-9	930.5881634724594
4.061893e-6	2.807222e-10	4.365158e-9	930.5903067426196
4.156514e-6	2.90426e-10	4.466836e-9	930.5925773858721
4.253338e-6	3.004567e-10	4.570882e-9	930.5946766291495
4.352418e-6	3.108249e-10	4.677351e-9	930.5970034962097
4.453806e-6	3.215419e-10	4.786301e-9	930.599129035136
4.538835e-6	3.306119e-10	4.877671e-9	930.6010208355586
4.675023e-6	3.30612e-10	5.024015000107458e-9	930.601045558184
4.772363e-6	3.407815e-10	5.128614e-9	930.6030404120879
4.883534e-6	3.525066e-10	5.248075000000001e-9	930.6053184453347
4.997294e-6	3.646249e-10	5.370318e-9	930.6075775959636
5.113705e-6	3.771492e-10	5.4954089999999994e-9	930.6099235197962
5.232827e-6	3.900928e-10	5.623413e-9	930.6122621262211
5.354725e-6	4.034695e-10	5.754399e-9	930.6147296181581
5.479462e-6	4.172934e-10	5.888437e-9	930.6169520706429
5.607105e-6	4.31579e-10	6.025596000000001e-9	930.6194074411893
5.737721e-6	4.463415e-10	6.16595e-9	930.6217762875144
5.871381e-6	4.615965e-10	6.309573e-9	930.6244014452324
6.008154e-6	4.773598e-10	6.456542e-9	930.6268525473853
6.148113e-6	4.936482e-10	6.606933999999999e-9	930.6293430810722
6.291332e-6	5.104787e-10	6.76083e-9	930.631664854759
6.437888e-6	5.278688e-10	6.918310000000001e-9	930.634196617382
6.587859e-6	5.458369e-10	7.079458e-9	930.6368986015597
6.741322e-6	5.644017e-10	7.24436e-9	930.6393389754237
6.898361e-6	5.835826e-10	7.413102e-9	930.642068947655
7.059059e-6	6.033995e-10	7.585776e-9	930.6447223725035
7.2235e-6	6.238732e-10	7.762471e-9	930.6474540387977
7.391771e-6	6.450248e-10	7.943282e-9	930.6500795011433
7.563963e-6	6.668763e-10	8.128305e-9	930.6528084637573
7.740166e-6	6.894505e-10	8.317637999999998e-9	930.6554878320024
7.920474e-6	7.127707e-10	8.51138e-9	930.6583386830338
8.104983e-6	7.36861e-10	8.709636e-9	930.6611505922866
8.293789e-6	7.617464e-10	8.912509e-9	930.6639405805929
8.486994e-6	7.874525e-10	9.120108e-9	930.6667697904454
8.684701e-6	8.140058e-10	9.332543e-9	930.669701259346
8.887013e-6	8.414337e-10	9.549926e-9	930.6725972222193
9.094038e-6	8.697645e-10	9.772371999999998e-9	930.6755580426126
9.305886e-6	8.990271e-10	1.e-8	930.67850271
9.522669e-6	9.292518e-10	1.023293e-8	930.6814618882372
9.744502e-6	9.604694e-10	1.047129e-8	930.6840388720016
9.971504e-6	9.927119e-10	1.071519e-8	930.6878097261924
0.00001020379	1.026012e-9	1.0964780000000002e-8	930.6904481439664
0.00001044149	1.060405e-9	1.1220179999999998e-8	930.6936613316362
0.00001068473	1.095924e-9	1.148154e-8	930.6962240256969
0.00001093364	1.132607e-9	1.174898e-8	930.6997379346973
0.00001118834	1.170491e-9	1.202264e-8	930.7032807270284
0.00001144898	1.209614e-9	1.230269e-8	930.7061800305462
0.00001171569	1.250016e-9	1.258925e-8	930.7099323629286
0.00001198861	1.291738e-9	1.28825e-8	930.7123413933631
0.00001226789	1.334822e-9	1.318257e-8	930.7156967116427
0.00001255368	1.379313e-9	1.3489630000000002e-8	930.7193238806401
0.00001284613	1.425255e-9	1.3803840000000001e-8	930.7232809855808
0.00001314539	1.472695e-9	1.4125379999999998e-8	930.7263022304534
0.00001345162	1.52168e-9	1.44544e-8	930.729859419969
0.00001376498	1.57226e-9	1.479108e-8	930.733405539014
0.00001408565	1.624487e-9	1.513561e-8	930.7371481559052
0.00001441378	1.678413e-9	1.548817e-8	930.7399397733883
0.00001474956	1.734091e-9	1.584893e-8	930.7438477550221
0.00001509316	1.791579e-9	1.6218099999999996e-8	930.7472255689632
0.00001544477	1.850934e-9	1.6595870000000003e-8	930.7508997117957
0.00001580457	1.912216e-9	1.6982440000000004e-8	930.7544861633544
0.00001617275	1.975486e-9	1.737801e-8	930.7582102899008
0.00001654951	2.040808e-9	1.778279e-8	930.7623161494905
0.00001693504	2.108247e-9	1.819701e-8	930.7654525111543
0.00001732956	2.17787e-9	1.8620870000000003e-8	930.7695005657631
0.00001773327	2.249748e-9	1.9054609999999996e-8	930.7731697473735
0.00001814639	2.323952e-9	1.949845e-8	930.7772644492253
0.00001856912	2.400556e-9	1.995262e-8	930.7810481029559
0.00001900171	2.479638e-9	2.041738e-8	930.7849311713843
0.00001944438	2.561274e-9	2.089296e-8	930.7891880327153
0.00001989735	2.645548e-9	2.137962e-8	930.7927618919325
0.00002036089	2.732543e-9	2.187762e-8	930.7969762250191
0.00002083522	2.822346e-9	2.238721e-8	930.801218463578
0.0000213206	2.915045e-9	2.290868e-8	930.8050505310651
0.00002181729	3.010733e-9	2.344229e-8	930.8092653490764
0.00002232555	3.109505e-9	2.398833e-8	930.8134207341653
0.00002284565	3.211459e-9	2.4547090000000004e-8	930.8175208955521
0.00002337787	3.316696e-9	2.5118860000000003e-8	930.8219678759307
0.00002392249	3.42532e-9	2.5703959999999997e-8	930.8260408123884
0.0000244798	3.53744e-9	2.6302680000000005e-8	930.8305252544607
0.00002505009	3.653165e-9	2.691535e-8	930.8347528454952
0.00002563367	3.77261e-9	2.754229e-8	930.8391789498985
0.00002623084	3.895894e-9	2.8183830000000005e-8	930.8435331181034
0.00002684193	4.023137e-9	2.8840320000000005e-8	930.8479634414597
0.00002746725	4.154466e-9	2.9512090000000002e-8	930.852557917789
0.00002810714	4.29001e-9	3.019952e-8	930.8568483869942
0.00002876195	4.429903e-9	3.090295e-8	930.8619372260578
0.000029432	4.574283e-9	3.162278e-8	930.8661124354026
0.00003011767	4.723291e-9	3.235937e-8	930.8708201364859
0.00003081931	4.877074e-9	3.311311e-8	930.8756282330471
0.0000315373	5.035783e-9	3.388442e-8	930.8802034386305
0.00003227202	5.199575e-9	3.4673690000000004e-8	930.8850478561699
0.00003302385	5.36861e-9	3.548134e-8	930.8898313874276
0.00003379321	5.543054e-9	3.630781000000001e-8	930.8948420188383
0.00003458048	5.723078e-9	3.715352e-8	930.8997661056071
0.0000353861	5.908859e-9	3.801894e-8	930.9046716978434
0.00003621049	6.100579e-9	3.890451e-8	930.9098245678972
0.00003705408	6.298425e-9	3.981072e-8	930.9145482674014
0.00003791733	6.502591e-9	4.073803e-8	930.9196490601042
0.0000388007	6.713277e-9	4.168694e-8	930.9249677956693
0.00003970464	6.930689e-9	4.265795e-8	930.9301241386424
0.00004062964	7.155039e-9	4.3651580000000004e-8	930.9352614269632
0.0000415762	7.386547e-9	4.466836000000001e-8	930.9405258442439
0.00004254481	7.625437e-9	4.570882e-8	930.9458313953413
0.00004353598	7.871944e-9	4.677351000000001e-8	930.9511290471894
0.00004455025	8.126309e-9	4.786301e-8	930.9564172625165
0.00004558815	8.388777e-9	4.897787999999999e-8	930.9618704811234
0.00004665024	8.659607e-9	5.011872e-8	930.9675029011116
0.00004773706	8.93906e-9	5.1286140000000005e-8	930.9727552122268
0.00004884922	9.22741e-9	5.248074999999999e-8	930.9784522896492
0.00004998728	9.524937e-9	5.370317999999999e-8	930.984067181869
0.00005115186	9.831929e-9	5.495409e-8	930.9897030230143
0.00005234357	1.014869e-8	5.623413e-8	930.9954415583561
0.00005356305	1.047552e-8	5.7543990000000006e-8	931.0012308844068
0.00005481094	1.081274e-8	5.888436999999999e-8	931.0068654890932
0.00005608791	1.116067e-8	6.025596e-8	931.0128105170013
0.000057394629999999996	1.151966e-8	6.16595e-8	931.0187345015772
0.00005873179	1.189006e-8	6.309573e-8	931.0246519059214
0.00006010011	1.227221e-8	6.456542e-8	931.0306075605178
0.00006150031	1.26665e-8	6.606934e-8	931.0366427150628
0.00006293314	1.30733e-8	6.76083e-8	931.0426870665287
0.00006439935	1.349302e-8	6.91831e-8	931.0488113426546
0.00006589972	1.392604e-8	7.079457999999999e-8	931.0549768075465
0.00006743505	1.43728e-8	7.24436e-8	931.0611675841619
0.00006900616	1.483373e-8	7.413102e-8	931.0676384865607
0.00007061387	1.530926e-8	7.585776e-8	931.0738843329938
0.00007225904	1.579987e-8	7.762470999999999e-8	931.0803205577195
0.00007394254	1.630602e-8	7.943281999999999e-8	931.0867475182173
0.00007566527	1.682821e-8	8.128305e-8	931.0932378890802
0.00007742814	1.736693e-8	8.317638000000002e-8	931.0997536800711
0.00007923208	1.792272e-8	8.51138e-8	931.1063860384567
0.00008107806	1.849609e-8	8.709636e-8	931.1130349190254
0.00008296705	1.908762e-8	8.912509e-8	931.1198184484302
0.00008490005	1.969786e-8	9.120108000000001e-8	931.1265596854773
0.00008687809	2.03274e-8	9.332543e-8	931.1333191821351
0.00008890223	2.097686e-8	9.549926000000002e-8	931.1402712439865
0.00009097352	2.164686e-8	9.772372e-8	931.1471857600181
0.00009309308	2.233804e-8	9.999999999999998e-8	931.1541804000001
0.00009526202	2.305107e-8	1.0232929999999999e-7	931.1611734859908
0.00009748151	2.378664e-8	1.0471290000000001e-7	931.1679519906335
0.0000997527	2.454544e-8	1.071519e-7	931.1756995442918
0.0001020768	2.532822e-8	1.0964780000000002e-7	931.1826431538069
0.0001044551	2.613572e-8	1.1220180000000002e-7	931.1903705644651
0.0001068888	2.696873e-8	1.148154e-7	931.1971105792429
0.0001093792	2.782803e-8	1.174898e-7	931.2044792824568
0.0001119276	2.871447e-8	1.202264e-7	931.2123998556058
0.0001145354	2.962888e-8	1.230269e-7	931.2193421113595
0.000117204	3.057214e-8	1.2589249999999996e-7	931.2276119705305
0.0001199348	3.154517e-8	1.28825e-7	931.2349712400544
0.0001227291	3.254889e-8	1.318257e-7	931.242154526773
0.0001255886	3.358427e-8	1.348963e-7	931.2500362871333
0.0001285148	3.465231e-8	1.3803839999999998e-7	931.2586375240514
0.0001315091	3.575401e-8	1.412538e-7	931.265948314311
0.0001345732	3.689045e-8	1.44544e-7	931.2741480102943
0.0001377086	3.806271e-8	1.479108e-7	931.281980152903
0.0001409172	3.927191e-8	1.513561e-7	931.2903273141949
0.0001442005	4.051922e-8	1.548817e-7	931.2980114500293
0.0001475603	4.180582e-8	1.584893e-7	931.3064403716844
0.0001509984	4.313295e-8	1.62181e-7	931.314598812438
0.0001522496	4.361852e-8	1.6352440000000002e-7	931.3180083216938
0.0001581168	4.397829e-8	1.698244e-7	931.3195176311532
0.0001618009	4.537383e-8	1.7378009999999998e-7	931.3280049326708
0.0001655708	4.681333e-8	1.778279e-7	931.336496297825
0.0001694285	4.829814e-8	1.8197010000000003e-7	931.3442051194124
0.0001733762	4.982969e-8	1.862087e-7	931.3529909719579
0.0001774158	5.140945e-8	1.905461e-7	931.3610168352959
0.0001815496	5.303892e-8	1.949845e-7	931.3696161489759
0.0001857796	5.471966e-8	1.995262e-7	931.378032859845
0.0001901083	5.645329e-8	2.0417380000000003e-7	931.3866582783883
0.0001945378	5.824145e-8	2.089296e-7	931.3952711822548
0.0001990706	6.008585e-8	2.1379619999999998e-7	931.4042337983557
0.000203709	6.198825e-8	2.1877620000000004e-7	931.4129610533503
0.0002084554	6.395048e-8	2.238721e-7	931.421782705393
0.0002133125	6.597441e-8	2.290868e-7	931.4306822130301
0.0002182827	6.806196e-8	2.3442290000000002e-7	931.4395562890827
0.0002233688	7.021512e-8	2.398833e-7	931.4488133188096
0.0002285734	7.243597e-8	2.454709e-7	931.458009768164
0.0002338992	7.47266e-8	2.511886e-7	931.4671390341758
0.0002393492	7.708921e-8	2.570396e-7	931.4762752898774
0.0002449262	7.952605e-8	2.630268e-7	931.4857879501252
0.0002506332	8.203945e-8	2.691535e-7	931.4953714144532
0.0002564731	8.463179e-8	2.754229e-7	931.5047216117468
0.0002624491	8.730556e-8	2.818383e-7	931.5142958213982
0.0002685644	9.006329e-8	2.884032e-7	931.5238641249474
0.0002748222	9.290762e-8	2.951209e-7	931.5338480602355
0.0002812258	9.584125e-8	3.019952e-7	931.5434193987189
0.0002877787	9.886699e-8	3.090295e-7	931.5536768819806
0.0002944843	1.019877e-7	3.1622779999999993e-7	931.5635364759203
0.0003013461	1.052064e-7	3.235937e-7	931.5734713005846
0.0003083678	1.085261e-7	3.311311e-7	931.5836721467721
0.0003155532	1.119499e-7	3.388442e-7	931.5937823341818
0.000322906	1.154813e-7	3.4673689999999997e-7	931.603995132909
0.0003304302	1.191234e-7	3.548134e-7	931.6145427427488
0.0003381298	1.228797e-7	3.630781e-7	931.6251233550028
0.0003460087	1.267539e-7	3.715352e-7	931.6356940069205
0.0003540713	1.307497e-7	3.801894e-7	931.646304973258
0.0003623218	1.348707e-7	3.890451e-7	931.6572055527752
0.0003707645	1.39121e-7	3.9810719999999996e-7	931.6677040756862
0.000379404	1.435046e-7	4.073803e-7	931.6785927056364
0.0003882449	1.480256e-7	4.1686939999999994e-7	931.6896985002976
0.0003972918	1.526884e-7	4.2657950000000004e-7	931.7008632622992
0.0004065495	1.574974e-7	4.365158e-7	931.7119733123062
0.000416023	1.624571e-7	4.466836e-7	931.7231640024393
0.0004257172	1.675723e-7	4.570882e-7	931.7343398932635
0.0004356374	1.728478e-7	4.677351e-7	931.7458702586143
0.0004457888	1.782886e-7	4.786301e-7	931.7572977545709
0.0004561768	1.839e-7	4.897788e-7	931.7689944930241
0.0004668068	1.896872e-7	5.011872000000001e-7	931.7805546510366
0.0004776847	1.956557e-7	5.128614e-7	931.7924018068038
0.000488816	2.018113e-7	5.248074999999999e-7	931.80415923934
0.0005002068	2.081596e-7	5.370318e-7	931.8162529667703
0.000511863	2.147069e-7	5.495409e-7	931.8281985926798
0.0005237909	2.214592e-7	5.623413e-7	931.8404307135186
0.0005359968	2.28423e-7	5.754399e-7	931.8526973885542
0.0005484872	2.35605e-7	5.888437e-7	931.864949900967
0.0005612686	2.430119e-7	6.025596e-7	931.8772979469582
0.000574348	2.506507e-7	6.165950000000001e-7	931.8898964474249
0.0005877322	2.585287e-7	6.309573e-7	931.9025688426141
0.0006014284	2.666534e-7	6.456542e-7	931.9153401309865
0.0006154438	2.750324e-7	6.606934e-7	931.9282323692048
0.0006297858	2.836738e-7	6.76083e-7	931.9410099055883
0.0006444621	2.925858e-7	6.918309999999999e-7	931.9540260554962
0.0006594805	3.017767e-7	7.079458e-7	931.9672165581036
0.0006748489	3.112553e-7	7.244360000000001e-7	931.9804030997907
0.0006905755	3.210305e-7	7.413102e-7	931.9938272804017
0.0007066687	3.311117e-7	7.585776e-7	932.0072352518714
0.0007231369	3.415085e-7	7.762470999999999e-7	932.0207553754467
0.000739989	3.522305e-7	7.943282000000001e-7	932.0344292195593
0.0007707905	3.569864e-7	8.273756e-7	932.0404014815036
0.0007748804	3.595303e-7	8.317637999999999e-7	932.0433641137063
0.0007929382	3.708164e-7	8.51138e-7	932.0568655141705
0.0008114169	3.824555e-7	8.709635999999999e-7	932.07035919756
0.0008303263	3.944589e-7	8.912509000000001e-7	932.0840617383948
0.0008420832	4.019687e-7	9.038643999999999e-7	932.0924341084792
0.0008694773	4.088093e-7	9.332543e-7	932.0997602689856
0.0008897397	4.216374e-7	9.549926e-7	932.1133351190365
0.0009104744	4.348669e-7	9.772372e-7	932.1270894108411
0.0009316923	4.485103e-7	1.e-6	932.1408103
0.0009534047999999999	4.625804e-7	1.023293e-6	932.154700950754
0.0009756234	4.770906e-7	1.047129e-6	932.1683294035405
0.0009983599	4.920546e-7	1.071519e-6	932.1831480356392
0.001021626	5.074866e-7	1.096478e-6	932.1969858036367
0.001045435	5.234013e-7	1.122018e-6	932.2117838572999
0.001069799	5.398137e-7	1.1481539999999999e-6	932.2258283296492
0.00109473	5.567393e-7	1.174898e-6	932.2398534170626
0.001120243	5.741942e-7	1.2022639999999998e-6	932.2554731739451
0.00114635	5.921948e-7	1.230269e-6	932.2694425365507
0.001173066	6.107583e-7	1.2589250000000002e-6	932.2848925074964
0.001200405	6.299022e-7	1.28825e-6	932.2995553658066
0.001228381	6.496446e-7	1.3182569999999998e-6	932.3149011156398
0.001257009	6.700042e-7	1.348963e-6	932.3302449362956
0.001286304	6.910003e-7	1.3803840000000001e-6	932.3456373733686
0.001316283	7.126527e-7	1.4125380000000002e-6	932.3612198043521
0.00134696	7.34982e-7	1.44544e-6	932.3769800199246
0.001378352	7.580093e-7	1.479108e-6	932.3930431719658
0.001410476	7.817563e-7	1.513561e-6	932.4089060830717
0.001443348	8.062455e-7	1.5488170000000002e-6	932.4240665617693
0.001476987	8.315002e-7	1.584893e-6	932.4405497405818
0.00151141	8.575441e-7	1.62181e-6	932.4566651457322
0.001546636	8.84402e-7	1.6595870000000002e-6	932.4732008626243
0.001582683	9.120992e-7	1.6982439999999998e-6	932.4897359861128
0.00161957	9.406619e-7	1.7378009999999997e-6	932.5064618445956
0.001657316	9.701172e-7	1.7782789999999998e-6	932.523027713874
0.001695943	1.000493e-6	1.8197010000000002e-6	932.5397375722715
0.001735471	1.031818e-6	1.8620869999999998e-6	932.5572961950758
0.001739608	1.03511e-6	1.866524e-6	932.5586544828782
0.00181731	1.051185e-6	1.949845e-6	932.567042508507
0.001859665	1.084093e-6	1.995262e-6	932.5838376113012
0.001903008	1.11803e-6	2.041738e-6	932.6005736289377
0.001947361	1.153027e-6	2.089296e-6	932.6175070454354
0.001992748	1.189118e-6	2.137962e-6	932.6344986487131
0.002039193	1.226336e-6	2.1877619999999994e-6	932.6514200356346
0.002086721	1.264716e-6	2.238721e-6	932.6690177114523
0.002135357	1.304296e-6	2.290868e-6	932.6863424693173
0.002185127	1.345112e-6	2.3442290000000005e-6	932.7041479309399
0.002236057	1.387203e-6	2.398833e-6	932.721953966783
0.002288174	1.430608e-6	2.4547090000000004e-6	932.7397292306338
0.002341506	1.47537e-6	2.511886e-6	932.7578441059826
0.002396082	1.52153e-6	2.5703960000000003e-6	932.7759341362187
0.00245193	1.569131e-6	2.630268e-6	932.7943506137017
0.00250908	1.618219e-6	2.691535e-6	932.812770036429
0.002567562	1.66884e-6	2.7542290000000004e-6	932.8312351659937
0.002627408	1.721042e-6	2.818383e-6	932.850163373821
0.002688649	1.774875e-6	2.8840319999999994e-6	932.8689400811087
0.002751317	1.830388e-6	2.951209e-6	932.8879750637791
0.002815447	1.887635e-6	3.019952e-6	932.9070909074052
0.002881072	1.94667e-6	3.090295e-6	932.9266849928567
0.002948227	2.007549e-6	3.1622780000000004e-6	932.9459803976753
0.003016947	2.070328e-6	3.235937e-6	932.9654217619192
0.00308727	2.135068e-6	3.311311e-6	932.9854755412584
0.003159232	2.201829e-6	3.388442e-6	933.0051477935878
0.003232872	2.270675e-6	3.467369e-6	933.0252058549291
0.003308229	2.34167e-6	3.548134e-6	933.0455585950249
0.003385343	2.414882e-6	3.630781e-6	933.0658836211823
0.003464255	2.49038e-6	3.715352e-6	933.0866577379478
0.003545007	2.568235e-6	3.801894e-6	933.1073499155948
0.003627641	2.648521e-6	3.890451e-6	933.1281954200168
0.003712203	2.731313e-6	3.981072e-6	933.1492404558369
0.003798736	2.81669e-6	4.073803e-6	933.170477315668
0.003887286	2.904733e-6	4.168694e-6	933.191722155668
0.003977901	2.995524e-6	4.265795e-6	933.2132753683661
0.004070629	3.089149e-6	4.365158e-6	933.2349823305365
0.00416552	3.185697e-6	4.466836e-6	933.2569400354076
0.004262622	3.285258e-6	4.570882e-6	933.2787978337661
0.004361989	3.387928e-6	4.677351e-6	933.3011202280951
0.004463673	3.493802e-6	4.786301e-6	933.3234165590504
0.004567728	3.602982e-6	4.897788e-6	933.346029268723
0.00467421	3.715569e-6	5.011872000000001e-6	933.368922630107
0.004783174	3.83167e-6	5.128614e-6	933.3916863308489
0.004894679	3.951396e-6	5.2480750000000006e-6	933.4147084407139
0.005008784	4.074858e-6	5.370318000000001e-6	933.4379934298116
0.00512555	4.202174e-6	5.495409e-6	933.4613991424478
0.005245039	4.333463e-6	5.623413e-6	933.4851384737347
0.005367314	4.46885e-6	5.754399000000001e-6	933.5089294294677
0.00549244	4.608463e-6	5.888436999999999e-6	933.5326951787038
0.005620485	4.752432e-6	6.025596e-6	933.5570177622263
0.005751515	4.900895e-6	6.165950000000001e-6	933.5813451292987
0.005885601	5.053992e-6	6.309573000000001e-6	933.6059654116054
0.006022814	5.211866e-6	6.456542e-6	933.6307060342826
0.006163226	5.374667e-6	6.606934e-6	933.655560506583
0.006306914	5.542549e-6	6.76083e-6	933.680709173282
0.006349596	5.592666e-6	6.8065439999999995e-6	933.6880311065352
0.006604413	5.624687e-6	7.079458e-6	933.6926198305013
0.006758382	5.800371e-6	7.24436e-6	933.7170393243848
0.006915942	5.981537e-6	7.413101999999999e-6	933.7418447769908
0.007077177	6.168356e-6	7.5857760000000005e-6	933.7667439692393
0.007242171	6.361006e-6	7.762471e-6	933.7918307198829
0.007411014	6.559667e-6	7.943282e-6	933.8172391462371
0.007583794	6.764527e-6	8.128305e-6	933.8427294497438
0.007760603	6.97578e-6	8.317638e-6	933.8683385836218
0.007941535	7.193624e-6	8.511379999999998e-6	933.8942244383402
0.008126688	7.418266e-6	8.709636e-6	933.9203459249043
0.008316158	7.649917e-6	8.912509000000001e-6	933.9466492544357
0.008510047	7.888797e-6	9.120108e-6	933.9731280594484
0.008708458	8.13513e-6	9.332543e-6	933.999782267277
0.008911497	8.389149e-6	9.549926e-6	934.0267295264908
0.009119271	8.651094e-6	9.772372e-6	934.053891317277
0.00933189	8.921211e-6	0.00001	934.0811211
0.009549469	9.199757e-6	0.00001023293	934.1086821663004
0.009772122	9.486993e-6	0.00001047129	934.1360035869504
0.009999969	9.783191e-6	0.000010715190000000001	934.1646943264655
0.01023313	0.00001008863	0.00001096478	934.1928091580496
0.01047173	0.0000104036	0.00001122018	934.2215187278636
0.01071589	0.0000107284	0.00001148154	934.2490989884633
0.01096575	0.00001106332	0.00001174898	934.2779815779753
0.01122144	0.0000114087	0.00001202264	934.3079972451973
0.01148309	0.00001176485	0.000012302690000000001	934.3367060374601
0.01175084	0.00001213212	0.00001258925	934.3663935500526
0.01202484	0.00001251084	0.000012882499999999999	934.3955629730254
0.01230523	0.00001290138	0.00001318257	934.4256377929341
0.01259216	0.0000133041	0.000013489630000000003	934.4558820367942
0.01288579	0.00001371938	0.00001380384	934.487025349468
0.01318626	0.00001414762	0.00001412538	934.5169914012932
0.01349374	0.00001458922	0.000014454400000000002	934.5479037524906
0.0138084	0.00001504459	0.00001479108	934.5798001227768
0.01413039	0.00001551417	0.000015135610000000002	934.6107735334089
0.0144599	0.0000159984	0.00001548817	934.6422721341514
0.01479709	0.00001649773	0.00001584893	934.6743111364617
0.01514215	0.00001701264	0.0000162181	934.7064477343215
0.01549526	0.00001754362	0.00001659587	934.7388006775179
0.01561285	0.00001772134	0.00001672167	934.7494203629183
0.01622636	0.00001772535	0.00001737801	934.7494534759734
0.01660474	0.00001827855	0.00001778279	934.7812435506464
0.01699195	0.00001884901	0.00001819701	934.8128626626021
0.01738819	0.00001943727	0.00001862087	934.8450029456195
0.01779367	0.00002004387	0.00001905461	934.8768549972947
0.01820861	0.0000206694	0.00001949845	934.9091543173945
0.01863323	0.00002131444	0.000019952619999999997	934.942099834508
0.01906776	0.0000219796	0.00002041738	934.9749869963726
0.01951243	0.0000226655	0.00002089296	935.0085148298758
0.01996746	0.0000233728	0.00002137962	935.0415395596367
0.02043312	0.00002410216	0.00002187762	935.0753034379425
0.02090964	0.00002485428	0.00002238721	935.1095683651514
0.02139727	0.00002562985	0.000022908679999999995	935.1433539601584
0.02189629	0.00002642961	0.00002344229	935.1782445315708
0.02240694	0.00002725432	0.00002398833	935.2128439120188
0.02292951	0.00002810475	0.00002454709	935.2479153333451
0.02346427	0.00002898171	0.00002511886	935.2833572064974
0.02401151	0.00002988602	0.00002570396	935.3187610002506
0.02457152	0.00003081853	0.00002630268	935.354820497379
0.02514459	0.00003178013	0.000026915349999999996	935.3907762670744
0.02573104	0.00003277172	0.00002754229	935.4273635198816
0.02633116	0.00003379424	0.00002818383	935.4638542738867
0.02694529	0.00003484865	0.000028840319999999997	935.5006688552693
0.02757376	0.00003593595	0.00002951209	935.5384843974113
0.02821688	0.00003705715	0.00003019952	935.5757028588533
0.02887501	0.00003821333	0.00003090295	935.6136980450085
0.0295485	0.00003940557	0.00003162278	935.6516274027774
0.03023771	0.00004063499	0.00003235937	935.6901877261517
0.03094299	0.00004190275	0.00003311311	935.7288623750533
0.03166474	0.00004321006	0.00003388442	935.7678266294656
0.03240333	0.00004455813	0.00003467368999999999	935.8071820449453
0.03315915	0.00004594825	0.00003548134	935.8467929903436
0.03393262	0.00004738172	0.000036307810000000006	935.8868441803568
0.03472413	0.0000488599	0.00003715352	935.9271988226151
0.03553411	0.00005038418	0.00003801894	935.9675514362053
0.03561557	0.00005053811	0.00003810597000000001	935.9716629703953
0.03721117	0.00005064854	0.00003981072	935.9744948094383
0.03807912	0.0000522286	0.00004073803	936.0135627569622
0.03896734	0.00005385794	0.000041686940000000005	936.05330446418
0.03987628	0.00005553809	0.00004265795	936.0932274054426
0.04080643	0.00005727064	0.00004365157999999999	936.1333688265122
0.04175829	0.00005905722	0.00004466836	936.1737753523972
0.04273236	0.00006089952	0.00004570882000000001	936.2144881447387
0.04372916	0.00006279928	0.00004677351	936.2555703003687
0.04474923	0.00006475828	0.00004786301	936.2969081969563
0.04579311	0.00006677837	0.00004897788000000001	936.3387792611684
0.04686135	0.00006886146	0.00005011872	936.3808864232766
0.04795452	0.00007100952	0.00005128614	936.4231646210848
0.0490732	0.00007322456	0.000052480750000000004	936.465743343988
0.05021799	0.00007550868	0.00005370318	936.5087631682146
0.05138951	0.00007786403	0.00005495409	936.5522025749129
0.0543213	0.00007956368	0.00005808442	936.5827132301572
0.05507053	0.00008102877	0.000058884370000000006	936.6077750343596
0.05635521	0.00008355627	0.00006025596	936.6503540894545
0.05766986	0.0000861626	0.0000616595	936.6930091875544
0.05901521	0.0000888502	0.00006309573	936.736292614413
0.06039195	0.00009162162	0.00006456542	936.7796510887716
0.06180083	0.00009447946	0.00006606934	936.8234866581079
0.06324259	0.00009742642	0.00006760830000000001	936.8674618353073
0.064718	0.0001004653	0.0000691831	936.9118368503291
0.06622785	0.0001035989	0.00007079458	936.9565989373764
0.06777295	0.0001068303	0.0000724436	937.0017544683036
0.06935411	0.0001101624	0.00007413101999999999	937.0473035444542
0.0709025	0.0001134499	0.0000757834	937.0911030647873
0.07432237	0.0001161892	0.00007943282	937.12597890897
0.0760563	0.0001198131	0.00008128305	937.1709489247758
0.07783072	0.0001235501	0.00008317637999999999	937.2164321169063
0.07964655	0.0001274036	0.00008511380000000001	937.262272392961
0.08150477	0.0001313772	0.00008709636	937.3083697183213
0.08340637	0.0001354748	0.00008912509	937.3549558266924
0.08535236	0.0001397002	0.00009120108	937.4018399782108
0.08734377	0.0001440573	0.00009332543	937.4489600530103
0.08938168	0.0001485503	0.00009549926000000002	937.4965868845475
0.09146716	0.0001531833	0.00009772372000000001	937.5445725971136
0.09360132	0.0001579609	0.00010000000000000002	937.592809
0.09578532	0.0001628874	0.0001023293	937.6415884795459
0.09802029	0.0001679676	0.00010471289999999999	937.69017570901
0.1003075	0.0001732062	0.0001071519	937.7407792115678
0.1008452	0.0001744436	0.0001077254	937.7513901085538
0.105043	0.0001766863	0.0001122018	937.7718209511792
0.107494	0.0001821968	0.00011481539999999999	937.8201600133781
0.1100021	0.0001878791	0.0001174898	937.8684711353667
0.1125689	0.0001937385	0.0001202264	937.9191134393112
0.1151955	0.0001997807	0.0001230269	937.9678810081374
0.1178835	0.0002060113	0.0001258925	938.0186373294678
0.1206342	0.0002124361	0.000128825	938.06820182418
0.1234492	0.0002190613	0.0001318257	938.1195115975111
0.1263299	0.0002258931	0.00013489629999999998	938.1709735552421
0.1292778	0.0002329379	0.0001380384	938.2225373519253
0.1322946	0.0002402024	0.0001412538	938.2742439495433
0.1353818	0.0002476934	0.000144544	938.3266922182864
0.1385411	0.000255418	0.0001479108	938.3798748975736
0.1417742	0.0002633835	0.0001513561	938.4331619274014
0.1450827	0.0002715973	0.0001548817	938.4859366858708
0.1484686	0.0002800673	0.0001584893	938.5407551172225
0.1519335	0.0002888014	0.000162181	938.5951584957547
0.1554793	0.0002978078	0.00016595869999999998	938.649843605668
0.1580418	0.000304359	0.0001686886	938.6891526754032
0.1666209	0.0003123413	0.0001778279	938.7348177648163
0.1705093	0.0003220817	0.0001819701	938.7881948737733
0.1744886	0.0003321258	0.0001862087	938.8429530951023
0.1785609	0.0003424831	0.0001905461	938.8981621770271
0.1827282	0.0003531634	0.0001949845	938.9534214258057
0.1869928	0.0003641767	0.0001995262	939.0093967609266
0.1913571	0.0003755334	0.00020417380000000001	939.0658027621565
0.1958232	0.0003872442	0.00020892960000000002	939.1222890389873
0.2003937	0.0003993201	0.00021379619999999997	939.1795555767595
0.2050709	0.0004117726	0.0002187762	939.2368667158494
0.2098573	0.0004246134	0.0002238721	939.2948625576836
0.2147556	0.0004378545	0.0002290868	939.3533564570284
0.2195833	0.0004510029	0.00023422600000000003	939.4102401099792
0.2301469	0.0004577091	0.0002454709	939.4376649126231
0.2355185	0.0004719822	0.0002511886	939.4951928550897
0.2410156	0.0004867003	0.00025703960000000007	939.5528949624882
0.2466411	0.0005018774	0.0002630268	939.611390930506
0.2477387	0.0005048519	0.0002641949	939.622800818638
0.252398	0.0005128182	0.0002691535	939.6527193590274
0.2582891	0.0005205402	0.00027542290000000003	939.6809059813108
0.2643176	0.0005274976	0.00028183829999999996	939.7058440957101
0.2704868	0.0005340658	0.0002884032	939.7290522435256
0.2767997	0.0005404122	0.00029512090000000004	939.7508349967759
0.2832599	0.0005466289	0.0003019952	939.7716549799468
0.2898706	0.0005527728	0.0003090295	939.7917441538751
0.2966355	0.0005588853	0.0003162277999999999	939.811064365625
0.3035582	0.0005650021	0.0003235937	939.8304172794464
0.3106422	0.0005711428	0.00033113110000000006	939.8493309749521
0.3178913	0.0005773289	0.0003388442	939.867434354786
0.3253095	0.0005835763	0.0003467369	939.8857643936944
0.3329006	0.0005899026	0.0003548134	939.9039117462869
0.3406687	0.0005963157	0.00036307810000000006	939.9217845967576
0.3486178	0.0006028331	0.0003715352	939.9395618503979
0.3567523	0.0006094621	0.0003801894	939.9571952821411
0.3650764	0.0006162136	0.00038904510000000006	939.9748604981788
0.3735945	0.0006230992	0.0003981072	939.9920403348646
0.3823113	0.0006301256	0.0004073803	940.0096803895525
0.3912312	0.0006373026	0.0004168694	940.0270266898937
0.4003591	0.0006446377	0.0004265795	940.0445584000169
0.4096997	0.0006521454	0.00043651579999999995	940.0618383114655
0.4192582	0.0006598278	0.00044668359999999995	940.079348782897
0.4290394	0.0006677003	0.0004570882	940.0966822158175
0.4390486	0.0006757658	0.00046773510000000003	940.1141068951208
0.4492912	0.0006840339	0.0004786301	940.1315000874371
0.4597726	0.0006925184	0.0004897788	940.1491416124993
0.4814738	0.0007011234	0.0005128614	940.1661411835635
0.4927052	0.0007103862	0.0005248075	940.1839459230289
0.5041984	0.000719897	0.0005370318000000002	940.2018595546855
0.5159596	0.0007296677	0.0005495409000000001	940.2198593407696
0.5279949	0.0007397086	0.0005623413	940.2379099667764
0.5403108	0.0007500283	0.0005754399	940.2560168316447
0.5529139	0.00076064	0.0005888437	940.2742017958244
0.5658108	0.0007715486	0.0006025596	940.2926259908562
0.5790083	0.0007827725	0.000616595	940.311018577835
0.5925135	0.0007943171	0.0006309573	940.3295866455622
0.6063335	0.0008061996	0.0006456542	940.3480990288608
0.6204758	0.0008184282	0.0006606934	940.3669360099557
0.6349477	0.0008310163	0.0006760829999999998	940.3855980700596
0.6497571	0.0008439751	0.000691831	940.4046293097592
0.6649117	0.0008573187	0.0007079458	940.4237142165404
0.6804196	0.0008710643	0.000724436	940.4428607910154
0.696289	0.000885219	0.0007413102	940.4621965271759
0.7125285	0.0008998009	0.0007585776000000001	940.4816341795487
0.7291465	0.000914823	0.0007762470999999999	940.5011922105732
0.746152	0.0009303016	0.0007943282	940.5209353010506
0.763554	0.0009462505	0.0008128305	940.5408021721624
0.7813617	0.0009626869	0.0008317638	940.5607540265639
0.7995845	0.0009796285	0.000851138	940.5808793638635
0.8182323	0.0009970903	0.0008709636	940.6011804626507
0.8373148	0.001015088	0.0008912509	940.6216453750567
0.8568422	0.001033644	0.0009120108	940.6421985353682
0.8768249	0.001052771	0.0009332543	940.6628729168459
0.8972736	0.001072492	0.0009549926	940.6838251940383
0.918199	0.001092826	0.0009772372	940.7049035791924
0.9396123	0.001113792	0.001	940.7260919999999
0.9615248	0.001135411	0.001023293	940.7473822258141
0.9839483000000001	0.001157703	0.001047129	940.7685232669519
1.006895	0.001180692	0.001071519	940.7912430857504
1.030376	0.001204401	0.0010964779999999997	940.8126756761195
1.054405	0.001228849	0.001122018	940.8350391883197
1.078994	0.001254065	0.001148154	940.8564225704914
1.104157	0.001280069	0.001174898	940.8791818523822
1.129906	0.001306894	0.001202264	940.9022427686433
1.16078	0.00132275	0.001235078	940.9144604632257
1.183219	0.001346557	0.001258925	940.9341755863138
1.210811	0.001376049	0.0012882500000000001	940.9563741509802
1.239047	0.001406466	0.0013182569999999998	940.9799955547363
1.267942	0.00143784	0.001348963	941.00419359167
1.29751	0.001470201	0.0013803839999999997	941.0281494134966
1.327767	0.001503579	0.0014125380000000003	941.0511993305665
1.35873	0.001538007	0.0014454399999999999	941.0753867334513
1.390415	0.001573518	0.001479108	941.0999859374704
1.422839	0.001610144	0.001513561	941.1243709371475
1.456019	0.001647922	0.001548817	941.148581142898
1.489973	0.001686887	0.0015848930000000002	941.1738754603623
1.524719	0.001727076	0.00162181	941.1990775738219
1.560275	0.001768526	0.0016595869999999997	941.2242479604867
1.59666	0.001811274	0.001698244	941.2494753404104
1.633894	0.001855364	0.0017378009999999998	941.2754187619872
1.671996	0.001900836	0.001778279	941.3015820352149
1.710986	0.00194773	0.0018197009999999997	941.3270257036733
1.750886	0.001996089	0.0018620869999999997	941.3534861690135
1.791717	0.002045964	0.001905461	941.3800460885843
1.833499	0.002097391	0.001949845	941.4063122966185
1.876257	0.002150423	0.0019952620000000003	941.4339685715461
1.920011	0.002205108	0.002041738	941.4607104339539
1.964786	0.002261495	0.0020892960000000005	941.4881831009104
2.010605	0.002319635	0.002137962	941.5156279671949
2.057492	0.002379577	0.002187762	941.5428081299519
2.105474	0.002441381	0.002238721	941.5712726150334
2.154574	0.002505096	0.002290868	941.599034077913
2.20482	0.00257078	0.002344229	941.6276225573524
2.256237	0.002638495	0.002398833	941.6560031481974
2.301204	0.002668723	0.002446585	941.6687844485273
2.362697	0.002750976	0.002511886	941.7019625890665
2.417796	0.002825259	0.0025703959999999995	941.730869095657
2.474181	0.002901822	0.0026302680000000003	941.7606198303748
2.53188	0.002980741	0.002691535	941.7899975292909
2.590926	0.003062081	0.0027542289999999995	941.8200451015512
2.651348	0.003145909	0.002818383	941.8499575820605
2.71318	0.003232301	0.0028840319999999995	941.8800835080888
2.776455	0.003321329	0.0029512089999999998	941.9110367988169
2.841205	0.003413069	0.0030199520000000002	941.9414841692849
2.907466	0.003507598	0.003090295	941.9727236396526
2.975272	0.003604995	0.0031622780000000006	942.0035161361524
3.04466	0.003705343	0.003235937	942.0348242255643
3.115667	0.003808728	0.0033113109999999995	942.066670270476
3.18833	0.003915228	0.003388442	942.0982351180867
3.262688	0.004024937	0.003467369	942.1301675708585
3.338781	0.004137945	0.0035481339999999997	942.1625409299648
3.416649	0.004254343	0.003630781	942.1949004911064
3.496333	0.004374226	0.003715352	942.2276075052915
3.577877	0.004497692	0.003801894	942.260539615255
3.661322	0.004624845	0.003890451	942.2935400034597
3.7467149999999996	0.004755782	0.0039810719999999996	942.3267858506451
3.834099	0.004890608	0.004073803	942.3601504540107
3.923522	0.005029431	0.004168694	942.3938123066841
4.015032	0.005172367	0.004265795	942.4279335973715
4.108676	0.005319531	0.004365158	942.461998168222
4.204505	0.005471035	0.004466836	942.4962176807029
4.302569	0.005626999	0.004570882	942.5305660920585
4.402922	0.005787548	0.004677350999999999	942.5654709257442
4.505616	0.005952815	0.004786301000000001	942.6003118065495
4.610706	0.006122923	0.004897788	942.6355168904821
4.718247	0.00629801	0.005011872	942.6707246314352
4.828298	0.006478212	0.005128614	942.706199374724
4.940916	0.006663677	0.005248075	942.7418009460611
5.056163	0.006854551	0.005370318	942.7779790693959
5.174097	0.007050987	0.005495408999999999	942.8138992020431
5.294784	0.007253135	0.005623413	942.850389078661
5.418287	0.007461169	0.005754399	942.8870276461538
5.544671	0.007675242	0.005888437	942.9236046849105
5.674004	0.007895537	0.006025596	942.9605863054874
5.806355	0.008122233	0.006165950000000001	942.9977915811837
5.941794	0.008355513	0.006309573000000001	943.0352122084964
6.080393	0.008595563	0.006456542	943.0727102836162
6.222227	0.008842591	0.006606933999999999	943.1106154534009
6.36737	0.009096805	0.00676083	943.1485194865129
6.5159	0.009358412	0.00691831	943.1867626631359
6.667895	0.00962764	0.007079458	943.2251226011933
6.823438	0.009904727	0.007244359999999999	943.2638255139171
6.98261	0.01018992	0.007413102000000001	943.3028063015995
7.145496	0.01048345	0.007585776	943.3417820404926
7.312184	0.01078561	0.007762471	943.3812519235177
7.482761	0.01109666	0.007943282	943.4208252961433
7.657319	0.01141689	0.008128305000000002	943.4606464693437
7.83595	0.01174662	0.008317638	943.5006212100118
8.01875	0.01208616	0.00851138	943.5410192001768
8.205816	0.01243585	0.008709636	943.5815515137486
8.397247	0.01279603	0.008912509	943.6223884879106
8.593146	0.01316708	0.009120108	943.663504862004
8.793617	0.0135494	0.009332543	943.7048830099149
8.998766	0.01394338	0.009549926	943.746514894461
9.208703	0.01434949	0.009772372	943.788518283995
9.42354	0.01476816	0.01	943.8308159999998
9.643391	0.01519989	0.01023293	943.8734448491292
9.868373	0.0156452	0.01047129	943.9160027083578
10.09861	0.01610465	0.01071519	943.9603637453001
10.33421	0.01657878	0.010964780000000002	944.0033251921151
10.57532	0.01706825	0.01122018	944.0479787311789
10.82205	0.01757369	0.01148154	944.0914450500544
11.07455	0.01809581	0.01174898	944.1369216732007
11.33293	0.01863534	0.01202264	944.1824208326956
11.59735	0.01919308	0.012302689999999998	944.2278948750234
11.86794	0.01976985	0.012589249999999998	944.2746668784877
12.14485	0.02036656	0.0128825	944.3210991655346
12.42822	0.02098417	0.013182570000000001	944.3685237400598
12.7182	0.02162368	0.01348963	944.4160944369859
13.01496	0.02228617	0.01380384	944.4651756322878
13.31864	0.02297282	0.01412538	944.5135507858904
13.62941	0.02368485	0.014454399999999997	944.5632367998672
13.94744	0.02442358	0.01479108	944.6141579925198
14.2729	0.02519041	0.01513561	944.6656203483044
14.60595	0.02598686	0.01548817	944.7169588143724
14.94678	0.02681453	0.01584893	944.7700589251135
15.29557	0.02767513	0.0162181	944.8236926643689
15.6525	0.02857048	0.01659587	944.8778810631803
16.01777	0.02950255	0.01698244	944.9332693064129
16.39157	0.03047343	0.01737801	944.9898711072213
16.7741	0.03148534	0.01778279	945.0477309803467
17.16556	0.03254067	0.01819701	945.1058536539794
19.2685	0.03356891	0.02042203	945.159169289243
19.71362	0.03472316	0.020892959999999995	945.2151901884654
20.17363	0.03594039	0.021379619999999995	945.272665744293
20.64438	0.03721237	0.02187762	945.3309989843502
21.12614	0.03854236	0.02238721	945.3916928460491
21.61914	0.03993383	0.02290868	945.4527205408605
22.12366	0.04139046	0.023442290000000005	945.5155814555659
22.63997	0.04291622	0.02398833	945.5800474647465
23.16834	0.0445153	0.02454709	945.6459115927795
23.70906	0.04619217	0.02511886	945.7137851797415
24.26241	0.04795161	0.025703960000000005	945.7827358119137
24.82869	0.04979869	0.02630268	945.8537567274515
25.40821	0.05173879	0.026915349999999998	945.9267217405682
26.00127	0.05377769	0.027542289999999997	946.0015013275948
26.60819	0.05592147	0.02818383	946.0783530840203
27.22931	0.05817664	0.02884032	946.1575544238067
27.86494	0.06055009	0.02951209	946.2389851074594
28.51544	0.06304915	0.030199519999999997	946.3226286378062
29.18115	0.06568159	0.030902949999999995	946.4090512394448
29.86242	0.0684557	0.03162278	946.4972940392969
30.55964	0.07138017	0.03235936999999999	946.5888912546816
31.27316	0.07446432	0.03311311	946.6831813743862
32.00338	0.07771794	0.03388442	946.7801998676679
32.75068	0.08115149	0.03467369	946.8802279192092
33.51548	0.08477594	0.03548134	946.9838495389406
34.29817	0.08860299	0.03630781	947.090253859982
35.09919	0.09264497	0.03715352	947.2005605390822
35.91896	0.09691487	0.03801894	947.3140195386825
36.75793	0.1014265	0.03890451	947.4314546051345
37.61655	0.1061944	0.039810719999999994	947.5524280897205
38.49528	0.1112339	0.04073803000000001	947.6774871048011
39.3946	0.1165612	0.041686940000000006	947.8067039701162
40.315	0.1221934	0.04265795	947.9403815701411
41.25697	0.1281485	0.04365158	948.0783627992389
42.22103	0.1344456	0.04466836	948.2209689364015
43.20769	0.1411047	0.04570882	948.3682733441817
44.2175	0.1481469	0.046773510000000004	948.5207952107935
45.25099	0.1555945	0.04786301	948.6779978944074
46.30874	0.163471	0.04897788	948.8408032360732
47.39131	0.1718011	0.05011871999999999	949.0088952790495
48.4993	0.1806108	0.05128614	949.1825822727153
49.6333	0.1899278	0.05248075000000001	949.3619622432986
50.79395	0.199781	0.05370318000000001	949.5476990375616
51.98187	0.2102012	0.054954090000000004	949.7395225723873
53.1977	0.2212206	0.05623413	949.9377086477554
54.44212	0.2328734	0.05754399	950.1425500734308
55.71581	0.245196	0.05888436999999999	950.3541601956513
57.01946	0.2582266	0.06025595999999999	950.5729657282036
58.35378	0.272006	0.061659500000000006	950.7989198744718
59.71952	0.2865773	0.06309573	951.0326182136255
61.11742	0.3019865	0.06456542	951.2740178875937
62.54825	0.3182824	0.06606934	951.5235417820127
64.0128	0.3355173	0.0676083	951.7813241865275
65.51187	0.3537469	0.06918309999999998	952.0477819004932
67.0463	0.3730309	0.07079458000000001	952.3233402896099
68.61693	0.3934335	0.0724436	952.6081461992502
70.22464	0.4150234	0.07413102	952.9028927431457
71.87031	0.4378751	0.07585776	953.2074912309565
73.55486	0.4620685	0.07762471	953.5227700045515
75.27923	0.4876904	0.07943282000000002	953.8490563472378
77.04438	0.5148349	0.08128304999999998	954.1868187771006
78.8513	0.543604	0.08317638	954.5366605279047
80.701	0.574109	0.08511379999999999	954.8993112750222
82.59451	0.606471	0.08709636	955.2750654562373
84.5329	0.6408227	0.08912508999999999	955.6649277997924
86.51727	0.6773087	0.09120108	956.069584921582
88.54874	0.7160882	0.09332543	956.4898677670169
90.62846	0.7573353	0.09549926	956.9267374427823
92.75761	0.8012418	0.09772372	957.3811946577556
94.93741	0.8480183	0.09999999999999999	957.854283
97.16912	0.8978966	0.1023293	958.3473804667872
99.454	0.9511327	0.1047129	958.8611594177986
101.7934	1.008008	0.1071519	959.3988347383482
104.1886	1.068834	0.1096478	959.9593790299485
106.6411	1.133952	0.1122018	960.5465509465979
109.1524	1.203741	0.1148154	961.1614905317579
111.7237	1.277711	0.11748980000000002	961.7976283898686
114.3568	1.356167	0.1202264	962.4588859019318
117.053	1.440037	0.1230269	963.1473848402261
119.8141	1.529994	0.1258925	963.8707150942273
122.6417	1.62671	0.128825	964.6296138171939
125.5375	1.730898	0.1318257	965.429335857879
128.5032	1.843323	0.1348963	966.2720400781933
131.5408	1.964819	0.1380384	967.1628981500799
134.652	2.096295	0.1412538	968.1034775701607
137.8389	2.238744	0.144544	969.1003708213415
141.1035	2.39325	0.1479108	970.157351592987
144.4479	2.560999	0.1513561	971.2783231068984
147.8743	2.743288	0.1548817	972.468587315351
151.3849	2.941531	0.1584893	973.7340691138139
154.9821	3.157272	0.162181	975.079522262164
158.6683	3.392194	0.16595869999999996	976.5109873721594
162.4461	3.648128	0.1698244	978.0351233391668
166.3181	3.927065	0.1737801	979.6585742556254
170.2871	4.231165	0.17782789999999998	981.3885503905743
174.356	4.562775	0.1819701	983.231723233652
178.5276	4.924429	0.18620869999999998	985.1957991221678
182.8053	5.318875	0.19054610000000002	987.2895587996815
187.1922	5.74907	0.19498450000000003	989.5210644948701
191.6917	6.218209	0.19952619999999996	991.8993545709787
196.3075	6.729724	0.2041738	994.4332916368311
201.0432	7.287304	0.20892960000000002	997.1325460825083
205.9028	7.894903	0.2137962	1000.007030059468
210.8904	8.556756	0.2187762	1003.0668601063553
216.0102	9.277386	0.22387210000000002	1006.3227441025479
221.2668	10.06162	0.2290868	1009.7850247155226
226.6649	10.91459	0.2344229	1013.4653653717278
232.2094	11.84176	0.23988330000000002	1017.3745316993721
237.9056	12.84892	0.24547090000000002	1021.5244250947871
243.759	13.94221	0.2511886	1025.9271718541368
249.7752	15.1281	0.25703960000000003	1030.5933404813889
255.9603	16.41344	0.2630268	1035.5360746509482
262.3206	17.80544	0.2691535	1040.766848656993
268.8628	19.31167	0.27542289999999997	1046.2981473218094
275.5939	20.94009	0.2818383	1052.1422744885988
282.5212	22.69904	0.2884032	1058.310864789295
289.6525	24.59725	0.29512089999999996	1064.8169953398758
296.9957	26.64383	0.3019952	1071.6711060308241
304.5595	28.84832	0.30902949999999996	1078.8867082268846
312.3528	31.22063	0.31622780000000006	1086.4744655593215
320.2320216873432	33.72255583968305	0.323453501750078	1094.294788018687
640.2795942144519	33.723506268516125	0.6166888713835801	1094.2951904731751
641.5687373365777	34.15715374257343	0.617101270391919	1095.
643.4017206573797	34.77509141887913	0.6187744635732289	1096.
645.2388911003195	35.39470343394851	0.6204499494387128	1097.
647.0802632628515	36.01599208502557	0.6221277371109992	1098.
648.9258517697986	36.63895967847975	0.6238078357127192	1099.
650.7756712733526	37.263608529801786	0.625490254366504	1100.
652.6297364530687	37.88994096360466	0.6271750021949805	1101.
654.4880620158767	38.51795931362403	0.6288620883207812	1102.
656.3506626960693	39.1476659227194	0.6305515218665354	1103.
658.217553255306	39.779063142871564	0.6322433119548712	1104.
660.0887484826212	40.412153335184485	0.6339374677084213	1105.
661.9642631944107	41.04693886988434	0.6356339982498147	1106.
663.8441122344402	41.683422126320465	0.6373329127016807	1107.
665.728310473844	42.32160549296486	0.6390342201866508	1108.
667.6168728111218	42.96149136741269	0.640737929827353	1109.
669.5098141721439	43.60308215637929	0.6424440507464175	1110.
671.4071495101496	44.24638027570563	0.6441525920664763	1111.
673.3088938057397	44.891388150353805	0.6458635629101561	1112.
675.2150620668931	45.538108214407885	0.6475769724000906	1113.
677.125669328947	46.18654291107646	0.6492928296589078	1114.
679.0407306546094	46.836694692689434	0.6510111438092365	1115.
680.9602611339587	47.488566020699636	0.6527319239737084	1116.
682.8842758844412	48.14215936568257	0.654455179274954	1117.
684.8127900508653	48.797477207336215	0.6561809188356005	1118.
686.7458188054145	49.45452203448167	0.6579091517782807	1119.
688.6833773476365	50.11329634506137	0.6596398872256231	1120.
690.6254809044472	50.773802646141576	0.6613731343002578	1121.
692.5721447301312	51.43604345391191	0.6631089021248155	1122.
694.5233841063402	52.1000212936824	0.6648471998219256	1123.
696.4792143420932	52.76573869988715	0.6665880365142174	1124.
698.4396507737788	53.43319821608338	0.6683314213243219	1125.
700.404708765152	54.10240239494942	0.670077363374868	1126.
702.3744037073379	54.77335379828742	0.6718258717884873	1127.
704.348751018827	55.44605499702175	0.6735769556878091	1128.
706.3277661454777	56.120508571199025	0.6753306241954622	1129.
708.3114645605185	56.79671710998946	0.6770868864340778	1130.
710.2998617645444	57.47468321168503	0.678845751526286	1131.
712.2929732855168	58.154409483700874	0.6806072285947153	1132.
714.2908146787679	58.83589854257389	0.6823713267619964	1133.
716.293401526998	59.519153013965024	0.6841380551507612	1134.
718.30074944027	60.20417553265679	0.6859074228836359	1135.
720.3128740560214	60.89096874255506	0.6876794390832539	1136.
722.3297910390538	61.57953529668657	0.6894541128722431	1137.
724.351516081537	62.26987785720303	0.6912314533732338	1138.
726.37806490301	62.96199909537813	0.693011469708857	1139.
728.4094532503782	63.65590169160646	0.6947941710017411	1140.
730.4456968979166	64.35158833540822	0.6965795663745178	1141.
732.4868116472658	65.04906172542314	0.6983676649498154	1142.
734.5328133274356	65.74832456941613	0.7001584758502641	1143.
736.5837177948051	66.44937958427317	0.7019520081984951	1144.
738.6395409331203	67.1522294960032	0.7037482711171381	1145.
740.7002986534917	67.85687703973827	0.705547273728822	1146.
742.7660068944028	68.56332495973265	0.7073490251561774	1147.
744.8366816217026	69.27157600936312	0.7091535345218345	1148.
746.9123388286071	69.98163295113	0.7109608109484222	1149.
748.9929945357026	70.6934985566545	0.7127708635585712	1150.
751.0786647909408	71.40717560668281	0.7145837014749117	1151.
753.1693656696439	72.12266689108105	0.7163993338200738	1152.
755.2651132745004	72.83997520883986	0.7182177697166874	1153.
757.365923735565	73.5591033680721	0.7200390182873804	1154.
759.4718132102648	74.28005418601333	0.7218630886547865	1155.
761.5827978833904	75.00283048902156	0.723689989941533	1156.
763.6988939671014	75.72743511257727	0.7255197312702495	1157.
765.8201177009278	76.45387090128361	0.7273523217635676	1158.
767.9464853517652	77.18214070886688	0.7291877705441174	1159.
770.0780132138752	77.91224739817562	0.7310260867345266	1160.
772.2147176088934	78.64419384118037	0.732867279457428	1161.
774.3566148858176	79.37798291897525	0.73471135783545	1162.
776.5037214210138	80.11361752177686	0.7365583309912216	1163.
778.6560536182196	80.85110054892448	0.7384082080473746	1164.
780.8136279085375	81.59043490887916	0.740260998126538	1165.
782.9764607504394	82.33162351922624	0.7421167103513429	1166.
785.1445686297648	83.0746693066717	0.7439753538444185	1167.
787.3179680597182	83.81957520704509	0.7458369377283933	1168.
789.4966755808769	84.56634416529937	0.7477014711258994	1169.
791.6807077611838	85.31497913550902	0.7495689631595663	1170.
793.870081195947	86.06548308087122	0.7514394229520223	1171.
796.0648125078487	86.81785897370673	0.7533128596259004	1172.
798.2649183469325	87.57210979545835	0.7551892823038284	1173.
800.4704153906137	88.32823853669015	0.757068700108436	1174.
802.6813203436745	89.08624819709121	0.7589511221623537	1175.
804.8976499382666	89.8461417854719	0.7608365575882128	1176.
807.1194209339046	90.6079223197653	0.7627250155086407	1177.
809.3466501174776	91.37159282702851	0.7646165050462699	1178.
811.5793543032378	92.13715634343816	0.7665110353237283	1179.
813.8175503328066	92.90461591429676	0.7684086154636471	1180.
816.0612550751753	93.67397459402741	0.7703092545886561	1181.
818.3104854266999	94.44523544617687	0.7722129618213844	1182.
820.5652583111073	95.21840154341339	0.7741197462844638	1183.
822.8255906794893	95.99347596752955	0.7760296171005225	1184.
825.0914995103067	96.77046180943944	0.7779425833921909	1185.
827.3630018093904	97.54936216917986	0.7798586542820996	1186.
829.6401146099347	98.33018015591051	0.7817778388928773	1187.
831.9228549725062	99.11291888791379	0.7837001463471549	1188.
834.2112399850375	99.89758149259342	0.785625585767562	1189.
836.5052867628292	100.68417110647852	0.7875541662767294	1190.
838.8050124485494	101.47269087521772	0.7894858969972858	1191.
841.1104342122362	102.2631439535844	0.7914207870518628	1192.
843.4215692512894	103.0555335054737	0.7933588455630876	1193.
845.7384347904863	103.84986270390391	0.7953000816535929	1194.
848.0610480819641	104.64613473101508	0.7972445044460077	1195.
850.3894264052315	105.44435277807065	0.7991921230629617	1196.
852.7235870671639	106.24452004545651	0.8011429466270847	1197.
855.0635474020064	107.04663974268192	0.8030969842610087	1198.
857.4093247713686	107.85071508837609	0.8050542450873599	1199.
859.7609365642306	108.65674931029434	0.8070147382287707	1200.
862.1184001969409	109.46474564531309	0.8089784728078717	1201.
864.4817331132126	110.2747073394305	0.8109454579472906	1202.
866.8509527841316	111.08663764776861	0.8129157027696592	1203.
869.2260767081466	111.90053983457165	0.8148892163976065	1204.
871.6071224110779	112.71641717320654	0.8168660079537631	1205.
873.9941074461135	113.53427294616267	0.8188460865607596	1206.
876.3870493938039	114.35411044505236	0.8208294613412233	1207.
878.7859658620755	115.17593297061057	0.8228161414177864	1208.
881.1908744862185	115.9997438326941	0.8248061359130792	1209.
883.6017929288896	116.8255463502835	0.8267994539497296	1210.
886.0187388801155	117.65334385148185	0.8287961046503693	1211.
888.4417300572923	118.4831396735135	0.8307960971376285	1212.
890.8707842051799	119.31493716272644	0.8327994405341355	1213.
893.3059190959088	120.14873967459198	0.8348061439625214	1214.
895.7471525289766	120.98455057370325	0.8368162165454156	1215.
898.1945023312501	121.82237323377512	0.8388296674054483	1216.
900.6479863569625	122.66221103764724	0.8408465056652505	1217.
903.1076224877143	123.50406737728008	0.8428667404474504	1218.
905.573428632476	124.3479456537575	0.8448903808746788	1219.
908.0454227275854	125.19384927728515	0.8469174360695662	1220.
910.5236227367445	126.04178166719294	0.8489479151547399	1221.
913.0080466510308	126.89174625193255	0.8509818272528342	1222.
915.4987124888826	127.74374646907722	0.8530191814864758	1223.
917.9956382961091	128.59778576532426	0.8550599869782953	1224.
920.4988421458879	129.4538675964941	0.8571042528509238	1225.
923.008342138763	130.31199542752756	0.8591519882269907	1226.
925.5241564026455	131.17217273249003	0.8612032022291243	1227.
928.0463030928186	132.03440299456884	0.863257903979957	1228.
930.5748003919289	132.89868970607404	0.8653161026021179	1229.
933.1096665099917	133.76503636843745	0.8673778072182352	1230.
935.6509196843949	134.6334464922154	0.8694430269509423	1231.
938.1985781798849	135.50392359708576	0.8715117709228659	1232.
940.752660288586	136.3764712118491	0.8735840482566384	1233.
943.3131843299843	137.25109287442774	0.8756598680748882	1234.
945.8801686509355	138.12779213186786	0.8777392395002455	1235.
948.453631625664	139.00657254033786	0.8798221716553414	1236.
951.0335916557601	139.88743766512948	0.8819086736628048	1237.
953.6200671701827	140.77039108065537	0.883998754645265	1238.
956.2130766252599	141.65543637045266	0.8860924237253531	1239.
958.8126385046876	142.54257712717936	0.8881896900256989	1240.
961.4187713195265	143.4318169526182	0.8902905626689321	1241.
964.0314936082104	144.32315945767232	0.8923950507776834	1242.
966.6508239365357	145.21660826236985	0.8945031634745821	1243.
969.2767808976696	146.1121669958584	0.8966149098822571	1244.
971.9093831121472	147.00983929641166	0.8987302991233403	1245.
974.5486492278692	147.90962881142423	0.9008493403204603	1246.
977.1945979201087	148.81153919741223	0.902972042596248	1247.
979.8472478915037	149.71557412001675	0.9050984150733337	1248.
982.5066178720567	150.62173725399998	0.9072284668743449	1249.
985.1727266191456	151.5300322832477	0.9093622071219145	1250.
987.8455929175097	152.44046290076676	0.9114996449386705	1251.
990.5252355792609	153.35303280868902	0.913640789447244	1252.
993.2116734438746	154.26774571826672	0.9157856497702643	1253.
995.9049253781991	155.18460534987526	0.9179342350303621	1254.
998.6050102764439	156.1036154330136	0.9200865543501653	1255.
1001.3119470601946	157.02477970630298	0.9222426168523072	1256.
1004.0257546783978	157.94810191748638	0.9244024316594146	1257.
1006.7464521073716	158.87358582343086	0.9265660078941198	1258.
1009.4740583508019	159.80123519012477	0.9287333546790522	1259.
1012.2085924397384	160.73105379267963	0.9309044811368397	1260.
1014.9500734326048	161.6630454153301	0.9330793963901147	1261.
1017.6985204151897	162.59721385143257	0.9352581095615076	1262.
1020.4539525006458	163.5335629034671	0.9374406297736444	1263.
1023.2163888295026	164.47209638303457	0.939626966149159	1264.
1025.9858485696518	165.41281811086037	0.9418171278106815	1265.
1028.76235091635	166.35573191679214	0.9440111238808386	1266.
1031.545915092227	167.30084163979973	0.9462089634822624	1267.
1034.3365603472826	168.24815112797478	0.9484106557375847	1268.
1037.1343059588744	169.19766423853343	0.9506162097694308	1269.
1039.9391712317374	170.14938483781316	0.9528256347004334	1270.
1042.751175497971	171.103316801275	0.9550389396532224	1271.
1045.5703381170451	172.05946401350184	0.95725613375043	1272.
1048.3966784757904	173.01783036819825	0.9594772261146809	1273.
1051.2302159884134	173.97841976819382	0.9617022258686085	1274.
1054.0709700964867	174.94123612543945	0.963931142134844	1275.
1056.9189602689453	175.90628336100872	0.9661639840360139	1276.
1059.774206002097	176.8735654050979	0.9684007606947493	1277.
1062.6367268196232	177.8430861970246	0.9706414812336837	1278.
1065.5065422725565	178.81484968523273	0.9728861547754413	1279.
1068.383671939313	179.78885982728434	0.9751347904426542	1280.
1071.2681354256747	180.7651205898669	0.9773873973579561	1281.
1074.1599523647806	181.7436359487906	0.9796439846439711	1282.
1077.0591424171494	182.72440988898552	0.9819045614233319	1283.
1079.9657252706638	183.70744640450948	0.9841691368186707	1284.
1082.8797206405725	184.69274949853616	0.9864377199526135	1285.
1085.801148269492	185.68032318336782	0.9887103199477916	1286.
1088.7300279274123	186.6701714804267	0.9909869459268368	1287.
1091.666379411684	187.66229842025677	0.9932676070123763	1288.
1094.6102225470281	188.6567080425275	0.9955523123270407	1289.
1097.5615771855391	189.65340439602824	0.9978410709934633	1290.
1100.5204632066684	190.65239153867287	1.000133892134269	1291.
1103.4869005172445	191.65367353749616	1.0024307848720904	1292.
1106.4609090514632	192.65725446865645	1.0047317583295587	1293.
1109.4425087708792	193.66313841743568	1.0070368216293004	1294.
1112.4317196644251	194.67132947823666	1.0093459838939474	1295.
1115.4285617484002	195.68183175458626	1.0116592542461316	1296.
1118.433055066465	196.69464935913265	1.0139766418084792	1297.
1121.4452196896532	197.70978641364718	1.0162981557036215	1298.
1124.4650757163681	198.72724704902475	1.0186238050541898	1299.
1127.4926432723773	199.74703540528162	1.0209535989828145	1300.
1130.5279425108129	200.76915563155717	1.0232875466121216	1301.
1133.5709936121843	201.79361188611392	1.025625657064745	1302.
1136.6218167843635	202.82040833633528	1.0279679394633146	1303.
1139.6804322625862	203.8495491587296	1.0303144029304572	1304.
1142.7468603094635	204.881038538927	1.032665056588805	1305.
1145.8211212149731	205.91488067167893	1.0350199095609893	1306.
1148.9032352964537	206.95107976086092	1.0373789709696362	1307.
1151.99322289862	207.9896400194707	1.0397422499373783	1308.
1155.091104393553	209.03056566963005	1.0421097555868468	1309.
1158.196900180696	210.0738609425798	1.0444814970406684	1310.
1161.310630686865	211.11953007868715	1.0468574834214737	1311.
1164.432316366248	212.16757732743963	1.049237723851896	1312.
1167.56197770039	213.21800694744843	1.051622227454561	1313.
1170.6996351982134	214.27082320644695	1.0540110033521009	1314.
1173.8453093960056	215.32603038129173	1.056404060667146	1315.
1176.9990208574186	216.3836327579611	1.0588014085223252	1316.
1180.160790173476	217.44363463155696	1.0612030560402679	1317.
1183.3306379625687	218.50604030630348	1.0636090123436057	1318.
1186.5085848704557	219.57085409554657	1.0660192865549676	1319.
1189.6946515702607	220.63808032175666	1.0684338877969828	1320.
1192.8888587624829	221.7077233165246	1.0708528251922842	1321.
1196.091227174978	222.77978742056666	1.0732761078634985	1322.
1199.3017775629792	223.8542769837186	1.0757037449332558	1323.
1202.5205307090855	224.93119636494066	1.0781357455241887	1324.
1205.7475074232625	226.01054993231446	1.0805721187589263	1325.
1208.9827285428414	227.092342063047	1.0830128737600968	1326.
1212.2262149325234	228.17657714346478	1.0854580196503303	1327.
1215.4779874843844	229.26325956901792	1.0879075655522605	1328.
1218.7380671178516	230.35239374428056	1.090361520588512	1329.
1222.0064747797378	231.44398408294728	1.092819893881718	1330.
1225.283231444214	232.5380350078367	1.0952826945545082	1331.
1228.5683581128196	233.63455095089012	1.097749931729512	1332.
1231.8618758144648	234.73353635317017	1.1002216145293588	1333.
1235.163805605428	235.83499566486444	1.102697752076681	1334.
1238.4741685693498	236.93893334528093	1.1051783534941055	1335.
1241.7929858172438	238.04535386285124	1.1076634279042628	1336.
1245.120278487495	239.1542616951283	1.1101529844297855	1337.
1248.4560677458467	240.26566132878907	1.1126470321933004	1338.
1251.8003747854154	241.37955725963502	1.1151455803174386	1339.
1255.15322082669	242.49595399258533	1.1176486379248325	1340.
1258.5146271175154	243.61485604168683	1.1201562141381074	1341.
1261.8846149331148	244.73626793010453	1.1226683180798953	1342.
1265.26320557608	245.86019419012973	1.125184958872829	1343.
1268.650420376358	246.98663936317462	1.1277061456395332	1344.
1272.0462806912792	248.11560799977406	1.1302318875026418	1345.
1275.450807905534	249.24710465958606	1.1327621935847847	1346.
1278.8640234311779	250.38113391139132	1.135297073008589	1347.
1282.2859487076403	251.5177003330923	1.1378365348966861	1348.
1285.7166052017205	252.6568085117142	1.1403805883717086	1349.
1289.1560144075752	253.79846304340526	1.1429292425562818	1350.
1292.6041978467379	254.94266853343697	1.1454825065730385	1351.
1296.0611770681076	256.089429596203	1.148040389544608	1352.
1299.5269736479509	257.23875085521877	1.1506029005936216	1353.
1303.001609189901	258.39063694312335	1.1531700488427061	1354.
1306.4851053249608	259.545092501678	1.1557418434144937	1355.
1309.9774837115042	260.7021221817672	1.1583182934316163	1356.
1313.478766035263	261.86173064339755	1.1608994080166992	1357.
1316.988974009348	263.0239225556984	1.1634851962923758	1358.
1320.5081293742342	264.1887025969195	1.1660756673812758	1359.
1324.0362538977574	265.3560754544392	1.1686708304060272	1360.
1327.5733693751313	266.5260458247517	1.1712706944892601	1361.
1331.1194976289353	267.698618413478	1.1738752687536076	1362.
1334.6746605091134	268.87379793535956	1.176484562321697	1363.
1338.238879892976	270.0515891142627	1.1790985843161574	1364.
1341.81217768521	271.2319966831751	1.181717343859623	1365.
1345.3945758178588	272.41502538420673	1.1843408500747183	1366.
1348.9860962503426	273.6006799685897	1.1869691120840762	1367.
1352.5867609694483	274.78896519668024	1.189602139010328	1368.
1356.1965919893255	275.9798858379568	1.1922399399761008	1369.
1359.8156113514947	277.1734466710195	1.1948825241040248	1370.
1363.4438411248498	278.36965248359274	1.197529900516734	1371.
1367.0813034056396	279.56850807252295	1.2001820783368529	1372.
1370.7280203174923	280.77001824377703	1.2028390666870132	1373.
1374.384014011403	281.9741878124478	1.205500874689848	1374.
1378.0493066657282	283.18102160274793	1.2081675114679826	1375.
1381.7239204861967	284.3905244480152	1.2108389861440494	1376.
1385.407877705904	285.60270119070947	1.213515307840678	1377.
1389.1012005853177	286.8175566824111	1.2161964856804999	1378.
1392.8039114122644	288.03509578382636	1.2188825287861427	1379.
1396.5160325019474	289.2553233647791	1.2215734462802366	1380.
1400.2375861969317	290.4782443042236	1.224269247285413	1381.
1403.968594867155	291.70386349022874	1.2269699409243007	1382.
1407.7090809099186	292.932185819991	1.2296755363195295	1383.
1411.4590667498974	294.1632161998268	1.2323860425937312	1384.
1415.2185748391244	295.3969595451799	1.2351014688695336	1385.
1418.987627657013	296.6334207806076	1.2378218242695675	1386.
1422.766247710334	297.8726048398007	1.2405471179164635	1387.
1426.5544575332324	299.1145166655642	1.2432773589328505	1388.
1430.3522796872162	300.3591612098303	1.2460125564413582	1389.
1434.159736761168	301.6065434336524	1.248752719564619	1390.
1437.9768513713316	302.85666830720584	1.2514978574252602	1391.
1441.8036461613192	304.10954080978945	1.2542479791459114	1392.
1445.6401438021203	305.3651659298248	1.2570030938492067	1393.
1449.4863669920755	306.62354866485566	1.2597632106577699	1394.
1453.3423384569082	307.8846940215499	1.262528338694235	1395.
1457.208080949706	309.1486070156948	1.2652984870812327	1396.
1461.083617250919	310.4152926722036	1.2680736649413902	1397.
1464.96897016837	311.68475602510944	1.270853881397339	1398.
1468.864162537253	312.9570021175705	1.2736391455717104	1399.
1472.769217220116	314.23203600186616	1.27642946658713	1400.
1476.6841571068908	315.50986273939907	1.2792248535662312	1401.
1480.6090051148722	316.7904874006945	1.2820253156316452	1402.
1484.5437841887147	318.073915065399	1.2848308619059967	1403.
1488.4885173004532	319.3601508222837	1.2876415015119207	1404.
1492.443227449483	320.6491997692401	1.2904572435720452	1405.
1496.4079376625696	321.94106701328656	1.2932780972090017	1406.
1500.382670993842	323.235757670559	1.2961040715454164	1407.
1504.3674505248064	324.5332768663179	1.2989351757039236	1408.
1508.3622993643285	325.83362973494786	1.3017714188071512	1409.
1512.367240648642	327.1368214199547	1.304612809977728	1410.
1516.382297541354	328.44285707396693	1.3074593583382859	1411.
1520.4074932334406	329.7517418587354	1.310311073011456	1412.
1524.4428509432328	331.06348094513487	1.3131679631198638	1413.
1528.4883939164451	332.3780795131606	1.3160300377861427	1414.
1532.5441454261522	333.6955427519342	1.3188973061329232	1415.
1536.610128772797	335.0158758596949	1.3217697772828334	1416.
1540.68636728419	336.3390840438078	1.3246474603585021	1417.
1544.7728843155146	337.6651725207603	1.3275303644825636	1418.
1548.8697032493124	338.99414651616326	1.330418498777643	1419.
1552.9768474955026	340.32601126474765	1.333311872366373	1420.
1557.09434049137	341.6607720103684	1.336210494371385	1421.
1561.2222057015597	342.99843400600366	1.3391143739153044	1422.
1565.360466618094	344.3390025137537	1.3420235201207644	1423.
1569.5091467603638	345.68248280483976	1.3449379421103957	1424.
1573.6682696751163	347.0288801596098	1.3478576490068255	1425.
1577.8378589364788	348.37819986752993	1.3507826499326852	1426.
1582.0179381459425	349.7304472271926	1.3537129540106063	1427.
1586.2085309323625	351.08562754630884	1.3566485703632152	1428.
1590.4096609519652	352.44374614171784	1.3595895081131442	1429.
1594.6213518883465	353.80480833937554	1.3625357763830221	1430.
1598.8436274524706	355.1688194743642	1.3654873842954824	1431.
1603.0765113826624	356.5357848908884	1.3684443409731504	1432.
1607.3200274446212	357.905709942273	1.3714066555386566	1433.
1611.574199431418	359.27859999096927	1.3743743371146353	1434.
1615.8390511634775	360.65446040854704	1.377347394823711	1435.
1620.1146064886084	362.033296575702	1.3803258377885168	1436.
1624.4008892819807	363.41511388225035	1.3833096751316845	1437.
1628.6979234461237	364.79991772713174	1.3862989159758383	1438.
1633.0057329109472	366.18771351840996	1.3892935694436117	1439.
1637.3243416337277	367.5785066732683	1.3922936446576362	1440.
1641.653773599102	368.97230261801406	1.3952991507405388	1441.
1645.9940528190787	370.36910678807953	1.3983100968149502	1442.
1650.3452033330382	371.7689246280156	1.401326492003502	1443.
1654.707249207719	373.1717615914986	1.4043483454288213	1444.
1659.0802145372395	374.57762314132606	1.4073756662135404	1445.
1663.4641234430778	375.9865147494197	1.4104084634802883	1446.
1667.859000074082	377.3984418968221	1.4134467463516955	1447.
1672.264868606468	378.8134100736993	1.416490523950392	1448.
1676.681753243823	380.2314247793388	1.4195398053990074	1449.
1681.109678217093	381.65249152215483	1.4225945998201706	1450.
1685.5486677846006	383.07661581967795	1.4256549163365122	1451.
1689.9987462320382	384.5038031985664	1.4287207640706647	1452.
1694.4599378724547	385.93405919459974	1.4317921521452543	1453.
1698.9322670462784	387.3673893526784	1.4348690896829135	1454.
1703.4157581212953	388.8037992268273	1.4379515858062701	1455.
1707.9104354926708	390.2432943801937	1.4410396496379567	1456.
1712.4163235829278	391.68588038504686	1.4441332903006003	1457.
1716.9334468419643	393.13156282277896	1.4472325169168334	1458.
1721.461829747041	394.5803472839066	1.4503373386092857	1459.
1726.0014968027904	396.032239368064	1.4534477645005852	1460.
1730.5524725412097	397.4872446840145	1.4565638037133635	1461.
1735.1147815216673	398.94536884963964	1.4596854653702511	1462.
1739.688448330894	400.4066174919444	1.4628127585938744	1463.
1744.2734975829972	401.87099624705706	1.4659456925068675	1464.
1748.8699539194458	403.338510760228	1.4690842762318592	1465.
1753.477842009076	404.8091666858322	1.4722285188914794	1466.
1758.097186548096	406.28296968736413	1.475378429608357	1467.
1762.7280122600796	407.7599254374418	1.4785340175051234	1468.
1767.3703438959647	409.2400396178082	1.4816952917044066	1469.
1772.0242062340667	410.72331791932584	1.4848622613288383	1470.
1776.6896240800634	412.2097660419813	1.4880349355010498	1471.
1781.3666222669917	413.6993896948843	1.4912133233436657	1472.
1786.0552256552746	415.19219459626675	1.494397433979322	1473.
1790.7554591326916	416.68818647348144	1.4975872765306466	1474.
1795.4673476143862	418.18737106300705	1.5007828601202666	1475.
1800.1909160428822	419.68975411044266	1.5039841938708163	1476.
1804.926189388063	421.1953413705105	1.5071912869049244	1477.
1809.6731926471748	422.70413860705503	1.5104041483452164	1478.
1814.4319508448498	424.2161515930434	1.513622787314329	1479.
1819.2024890330713	425.73138611056675	1.5168472129348904	1480.
1823.9848322911894	427.24984795083856	1.5200774343295258	1481.
1828.77900572594	428.77154291419174	1.5233134606208711	1482.
1833.5850344714063	430.29647681008646	1.5265553009315527	1483.
1838.402943689055	431.8246554571019	1.5298029643842028	1484.
1843.232758567713	433.3560846829423	1.5330564601014514	1485.
1848.0745043235684	434.890770324434	1.5363157972059236	1486.
1852.9282062001976	436.42871822752386	1.5395809848202564	1487.
1857.793889468523	437.9699342472859	1.542852032067076	1488.
1862.6715794268484	439.51442424791003	1.5461289480690121	1489.
1867.5613014008404	441.06219410271524	1.5494117419486955	1490.
1872.463080743535	442.61324969414045	1.5527004228287566	1491.
1877.3769428353335	444.16759691374773	1.5559949998318237	1492.
1882.3029130840105	445.72524166221956	1.559295482080529	1493.
1887.2410169247005	447.28618984936475	1.5626018786975004	1494.
1892.1912798199146	448.8504473941116	1.5659141988053689	1495.
1897.1537272595288	450.4180202245143	1.5692324515267666	1496.
1902.1283847607783	451.9889142777447	1.5725566459843172	1497.
1907.1152778682817	453.56313550010145	1.5758867913006567	1498.
1912.1144321540146	455.1406898470068	1.579222896598413	1499.
1917.125873217325	456.7215832830002	1.5825649710002168	1500.
1922.149626684924	458.30582178174836	1.585913023628696	1501.
1927.1857182108965	459.8934113260407	1.5892670636064832	1502.
1932.234173476692	461.4843579077856	1.5926271000562062	1503.
1937.295018191125	463.07866752801874	1.595993142100495	1504.
1942.3682780903905	464.6763461968926	1.5993651988619817	1505.
1947.4539789380328	466.27739993368823	1.6027432794632945	1506.
1952.5521465249763	467.8818347668066	1.6061273930270623	1507.
1957.662806669517	469.4896567337705	1.6095175486759201	1508.
1962.785985217302	471.1008718812277	1.6129137555324915	1509.
1967.9217080413614	472.7154862649463	1.6163160227194089	1510.
1973.0700010420892	474.3335059498181	1.619724359359303	1511.
1978.2308901472493	475.9549370098566	1.6231387745748052	1512.
1983.404401311966	477.5797855281994	1.6265592774885427	1513.
1988.5905605187331	479.20805759710765	1.6299858772231444	1514.
1993.7893937774256	480.83975931796067	1.6334185829012453	1515.
1999.000927125267	482.4748968012659	1.63685740364547	1516.
2004.2251866268648	484.1134761666476	1.6403023485784525	1517.
2009.462198374184	485.75550354285815	1.6437534268228209	1518.
2014.7119884865574	487.40098506777167	1.647210647501204	1519.
2019.9745831106952	489.04992688837956	1.6506740197362335	1520.
2025.250008420669	490.7023351608036	1.6541435526505408	1521.
2030.5382906179125	492.3582160502815	1.6576192553667504	1522.
2035.8394559312387	494.0175757311795	1.6611011370074973	1523.
2041.1535306168257	495.6804203869797	1.6645892066954104	1524.
2046.4805409582164	497.3467562102919	1.6680834735531205	1525.
2051.8205132663147	499.01658940285006	1.6715839467032536	1526.
2057.1734738794116	500.6899261755043	1.675090635268445	1527.
2062.5394491631446	502.3667727482325	1.6786035483713198	1528.
2067.918465510533	504.04713535013343	1.6821226951345105	1529.
2073.310549341964	505.73102021942896	1.6856480846806488	1530.
2078.7157271051797	507.41843360346365	1.6891797261323598	1531.
2084.1340252753066	509.1093817587034	1.6927176286122778	1532.
2089.5654703548275	510.80387095073866	1.6962618012430308	1533.
2095.010088873599	512.5019074542806	1.6998122531472486	1534.
2100.467907388845	514.2034975531647	1.7033689934475635	1535.
2105.9389524851554	515.9086475403478	1.7069320312666036	1536.
2111.4232507744828	517.6173637179118	1.710501375726997	1537.
2116.920828896157	519.3296523970571	1.7140770359513748	1538.
2122.431713516875	521.0455198981108	1.717659021062369	1539.
2127.955931330702	522.7649725505185	1.721247340182611	1540.
2133.493509059057	524.4880166928529	1.7248420024347242	1541.
2139.0444734507446	526.2146586728063	1.728443016941343	1542.
2144.608851281936	527.9449048471943	1.7320503928251005	1543.
2150.1866693561524	529.6787615819562	1.7356641392086196	1544.
2155.777954504302	531.4162352521521	1.7392842652145335	1545.
2161.3827335846536	533.1573322419672	1.7429107799654728	1546.
2167.001033482845	534.9020589447059	1.7465436925840665	1547.
2172.632881111881	536.6504217627989	1.750183012192946	1548.
2178.2783034121358	538.4024271077965	1.7538287479147403	1549.
2183.9373273513493	540.1580814003732	1.757480908872079	1550.
2189.6099799246276	541.9173910703262	1.7611395041875912	1551.
2195.2962881544536	543.6803625565749	1.76480454298391	1552.
2200.996279090664	545.4470023071626	1.7684760343836619	1553.
2206.7099798104773	547.2173167792516	1.772153987509478	1554.
2212.437417418475	548.991312439131	1.7758384114839911	1555.
2218.1786190466	550.7689957622097	1.7795293154298264	1556.
2223.9336118541696	552.5503732330212	1.7832267084696154	1557.
2229.702423027875	554.3354513452209	1.7869305997259923	1558.
2235.4850797817553	556.1242366015872	1.7906409983215799	1559.
2241.281609357241	557.9167355140185	1.7943579133790122	1560.
2247.0920390231176	559.7129546035399	1.7980813540209208	1561.
2252.9163960755377	561.5129004002961	1.801811329369932	1562.
2258.7547078380267	563.3165794435558	1.8055478485486773	1563.
2264.6070016614767	565.1239982817106	1.8092909206797874	1564.
2270.473304924145	566.9351634722743	1.813040554885891	1565.
2276.3536450316615	568.7500815818817	1.816796760289619	1566.
2282.2480494170186	570.5687591862929	1.8205595460136	1567.
2288.1565455405816	572.3912028703894	1.8243289211804665	1568.
2294.07916089008	574.217419228175	1.8281048949128458	1569.
2300.0159229806104	576.0474148627777	1.8318874763333683	1570.
2305.9668593546467	577.8811963864459	1.8356766745646675	1571.
2311.9319975820154	579.7187704205521	1.8394724987293687	1572.
2317.9113652599226	581.56014359559	1.8432749579501033	1573.
2323.904990012939	583.4053225511784	1.847084061349503	1574.
2329.912899493001	585.2543139360564	1.8508998180501957	1575.
2335.935121379415	587.1071244080863	1.8547222371748102	1576.
2341.9716833788566	588.9637606342553	1.8585513278459809	1577.
2348.022613225365	590.8242292906684	1.862387099186333	1578.
2354.0879386803513	592.6885370625582	1.8662295603184988	1579.
2360.167687532598	594.5566906442773	1.870078720365111	1580.
2366.261887598242	596.4286967393004	1.873934588448794	1581.
2372.370566720799	598.3045620602279	1.877797173692179	1582.
2378.4937527711595	600.184293328779	1.8816664852179015	1583.
2384.6314736475583	602.0678972757987	1.885542532148584	1584.
2390.7837572756202	603.9553806412518	1.8894253236068597	1585.
2396.950631608332	605.8467501742293	1.8933148687153603	1586.
2403.1321246260427	607.7420126329407	1.8972111765967128	1587.
2409.3282643364732	609.6411747847205	1.901114256373548	1588.
2415.539078774718	611.5442434060269	1.905024117168499	1589.
2421.7645960032255	613.4512252824384	1.9089407681041912	1590.
2428.004844111823	615.3621272086571	1.9128642183032554	1591.
2434.259851217705	617.276955988506	1.9167944768883238	1592.
2440.5296454654313	619.1957184349358	1.9207315529820255	1593.
2446.8142550269245	621.1184213700149	1.9246754557069883	1594.
2453.113708101488	623.0450716249343	1.9286261941858447	1595.
2459.428032915784	624.9756760400114	1.9325837775412253	1596.
2465.75725772384	626.9102414646836	1.9365482148957573	1597.
2472.101410807061	628.84877475751	1.9405195153720722	1598.
2478.4605204742106	630.791282786176	1.9444976880927998	1599.
2484.8346150614284	632.7377724274847	1.9484827421805706	1600.
2491.2237229322113	634.6882505673666	1.9524746867580127	1601.
2497.627872477437	636.6427241008723	1.9564735309477586	1602.
2504.0470921153396	638.6011999321745	1.9604792838724352	1603.
2510.48141029153	640.5636849745688	1.964491954654675	1604.
2516.9308554789845	642.5301861504768	1.9685115524171097	1605.
2523.3954561780397	644.5007103914377	1.9725380862823645	1606.
2529.8752409164103	646.4752646381162	1.9765715653730718	1607.
2536.370238249175	648.4538558402992	1.9806119988118622	1608.
2542.880476758776	650.4364909568967	1.984659395721363	1609.
2549.4059850550334	652.4231769559397	1.9887137652242073	1610.
2555.9467917751294	654.4139208145834	1.992775116443025	1611.
2562.502925583607	656.4087295191061	1.9968434585004422	1612.
2569.07441517239	658.4076100649058	2.0009188005190923	1613.
2575.6612892607673	660.4105694565055	2.005001151621607	1614.
2582.263576595383	662.4176147075509	2.0090905209306094	1615.
2588.8813059502672	664.4287528408104	2.013186917568736	1616.
2595.514506126805	666.4439908881723	2.0172903506586133	1617.
2602.1632059537615	668.4633358906517	2.021400829322876	1618.
2608.827434287252	670.4867948983829	2.0255183626841475	1619.
2615.5072200107716	672.5143749706267	2.0296429598650603	1620.
2622.202592035188	674.5460831757614	2.0337746299882475	1621.
2628.9135792987227	676.581926591291	2.0379133821763338	1622.
2635.6402107669737	678.6219123038436	2.0420592255519514	1623.
2642.3825154329134	680.6660474091659	2.0462121692377337	1624.
2649.1405223168676	682.7143390121296	2.050372222356306	1625.
2655.9142604665367	684.7667942267299	2.054539394030299	1626.
2662.7037589569927	686.8234201760829	2.0587136933823453	1627.
2669.5090468906674	688.8842239924275	2.062895129535071	1628.
2676.330153397368	690.9492128171269	2.067083711611108	1629.
2683.167107634271	693.0183938006649	2.0712794487330894	1630.
2690.0199387859066	695.0917741026492	2.0754823500236395	1631.
2696.888676064191	697.1693608918094	2.0796924246053923	1632.
2703.773348708396	699.2511613459978	2.083909681600976	1633.
2710.673985985165	701.3371826521902	2.08813413013302	1634.
2717.590617188511	703.4274320064837	2.0923657793241555	1635.
2724.523271639814	705.5219166140992	2.0966046382970127	1636.
2731.4719786878186	707.6206436893794	2.10085071617422	1637.
2738.436767708643	709.7236204557898	2.1051040220784083	1638.
2745.4176681057725	711.8308541459187	2.1093645651322097	1639.
2752.4147093100537	713.9423520014784	2.113632354458251	1640.
2759.4279207797035	716.0581212733005	2.1179073991791615	1641.
2766.4573320003174	718.1781692213422	2.122189708417576	1642.
2773.50297248484	720.3025031146831	2.1264792912961186	1643.
2780.5648717735976	722.4311302315227	2.1307761569374213	1644.
2787.6430594342855	724.564057859186	2.1350803144641164	1645.
2794.737565061959	726.7012932941202	2.1393917729988328	1646.
2801.8484182790417	728.8428438418941	2.1437105416641993	1647.
2808.9756487353307	730.9887168171995	2.1480366295828457	1648.
2816.11928610799	733.1389195438514	2.1523700458774053	1649.
2823.2793601015414	735.2934593547875	2.1567107996705026	1650.
2830.455900447892	737.452343592066	2.1610589000847718	1651.
2837.6489369063033	739.6155796068715	2.1654143562428416	1652.
2844.8584992634055	741.7831747595078	2.16977717726734	1653.
2852.0846173332043	743.9551364194022	2.174147372280899	1654.
2859.327320957073	746.1314719651068	2.1785249504061506	1655.
2866.5866400037416	748.3121887842922	2.182909920765721	1656.
2873.862604369317	750.4972942737577	2.187302292482242	1657.
2881.1552439772763	752.6867958394178	2.1917020746783438	1658.
2888.464588778456	754.8807008963149	2.1961092764766548	1659.
2895.7906687510645	757.0790168686126	2.2005239069998055	1660.
2903.1335139006837	759.281751189596	2.2049459753704275	1661.
2910.4931542602503	761.488911301677	2.209375490711148	1662.
2917.869619890085	763.7005046563831	2.213812462144599	1663.
2925.262940877868	765.9165387143703	2.2182568987934124	1664.
2932.6731473386385	768.1370209454162	2.2227088097802135	1665.
2940.1002694148215	770.3619588284182	2.2271682042276346	1666.
2947.544337276198	772.5913598513989	2.2316350912583065	1667.
2955.005381119918	774.8252315115033	2.236109479994857	1668.
2962.483431170503	777.0635813149984	2.240591379559917	1669.
2969.978517679841	779.3064167772741	2.245080799076117	1670.
2977.4906709271904	781.553745422842	2.2495777476660876	1671.
2985.0199212191706	783.8055747853373	2.254082234452457	1672.
2992.5662988897734	786.0619124075197	2.2585942685578564	1673.
3000.1298343003605	788.322765841267	2.263113859104915	1674.
3007.710557839657	790.5881426475839	2.267641015216263	1675.
3015.3084999237567	792.8580503965959	2.27217574601453	1676.
3022.9236909961305	795.1324966675493	2.2767180606223496	1677.
3030.556161527596	797.4114890488177	2.2812679681623447	1678.
3038.2059420163637	799.6950351378919	2.2858254777571503	1679.
3045.873062987994	801.9831425413913	2.290390598529396	1680.
3053.5575549954233	804.2758188750522	2.2949633396017104	1681.
3061.259448618954	806.5730717637357	2.2995437100967244	1682.
3068.9787744662567	808.874908841427	2.304131719137067	1683.
3076.7155631723695	811.1813377512321	2.3087273758453692	1684.
3084.4698453996966	813.4923661453813	2.3133306893442596	1685.
3092.2416518380155	815.808001685225	2.3179416687563705	1686.
3100.0310132044665	818.1282520412383	2.32256032320433	1687.
3107.837960243557	820.4531248930198	2.327186661810768	1688.
3115.662523727169	822.7826279292872	2.331820693698316	1689.
3123.504734454539	825.1167688478854	2.3364624279896002	1690.
3131.3646232522915	827.4555553557757	2.3411118738072547	1691.
3139.2422209744063	829.7989951690492	2.34576904027391	1692.
3147.137558502226	832.1470960129141	2.350433936512191	1693.
3155.0506667444706	834.4998656217049	2.3551065716447317	1694.
3162.981576637232	836.8573117388755	2.3597869547941634	1695.
3170.9303191439512	839.2194421170061	2.3644750950831117	1696.
3178.8969252554543	841.5862645177963	2.369171001634208	1697.
3186.881425989928	843.9577867120693	2.3738746835700812	1698.
3194.883852392937	846.3340164797719	2.3785861500133665	1699.
3202.9042355373986	848.7149616099728	2.383305410086689	1700.
3210.942606523603	851.1006299008636	2.3880324729126787	1701.
3218.998996479221	853.4910291597571	2.3927673476139706	1702.
3227.073436559267	855.8861672030907	2.3975100433131873	1703.
3235.1659579461448	858.286051856423	2.402260569132962	1704.
3243.2765918496198	860.6906909544368	2.4070189341959276	1705.
3251.405369506818	863.100092340937	2.41178514762471	1706.
3259.5523221822414	865.514263868849	2.4165592185419396	1707.
3267.7174811677587	867.9332134002252	2.4213411560702482	1708.
3275.9008777826084	870.356948806234	2.4261309693322657	1709.
3284.102543373383	872.7854779671748	2.430928667450619	1710.
3292.322509314071	875.2188087724617	2.435734259547944	1711.
3300.5608070059943	877.6569491206383	2.4405477547468646	1712.
3308.8174678778687	880.0999069193631	2.445369162170013	1713.
3317.0925233857697	882.5476900854255	2.4501984909400205	1714.
3325.3860050131343	885.000306544734	2.4550357501795146	1715.
3333.6979442707734	887.4577642323165	2.459880949011125	1716.
3342.028372696879	889.9200710923274	2.4647340965574873	1717.
3350.3773218569786	892.3872350780439	2.4695952019412237	1718.
3358.744823343998	894.8592641518635	2.474464274284969	1719.
3367.130908778221	897.3361662853072	2.4793413227113534	1720.
3375.535609807289	899.8179494590208	2.4842263563430036	1721.
3383.9589581062237	902.3046216627695	2.489119384302551	1722.
3392.4009853774114	904.7961908954435	2.494020415712626	1723.
3400.861723350613	907.2926651650519	2.4989294596958613	1724.
3409.341203782934	909.7940524887335	2.50384652537488	1725.
3417.839458458883	912.3003608927415	2.50877162187232	1726.
3426.356519190301	914.8115984124584	2.513704758310804	1727.
3434.8924178164234	917.3277730923851	2.5186459438129676	1728.
3443.447186203841	919.8488929861473	2.5235951875014386	1729.
3452.0208562465123	922.3749661564902	2.5285524984988452	1730.
3460.6134598657673	924.9060006752879	2.533517885927819	1731.
3469.2250290103075	927.4420046235314	2.538491358910992	1732.
3477.8555956561895	929.982986091336	2.5434729265709892	1733.
3486.505191806852	932.528953177939	2.5484625980304445	1734.
3495.173849493094	935.0799139917049	2.5534603824119877	1735.
3503.861600773088	937.6358766501121	2.5584662888382486	1736.
3512.568477732362	940.1968492797691	2.563480326431854	1737.
3521.294512483826	942.7628400164049	2.568502504315438	1738.
3530.03973716775	945.3338570048713	2.5735328316116277	1739.
3538.8041839517755	947.9099083991409	2.578571317443055	1740.
3547.587885030909	950.4910023623097	2.583617970932348	1741.
3556.3908726275295	953.0771470665995	2.58867280120214	1742.
3565.2131789913756	955.6683506933487	2.593735817375057	1743.
3574.0548363995604	958.2646214330234	2.598807028573729	1744.
3582.91587715657	960.8659674852115	2.603886443920791	1745.
3591.7963335942404	963.4723970586228	2.6089740725388673	1746.
3600.6962380717923	966.0839183710877	2.6140699235505895	1747.
3609.6156229758144	968.7005396495629	2.619174006078591	1748.
3618.554520720253	971.3222691301244	2.624286329245498	1749.
3627.5129637464224	973.9491150579743	2.6294069021739404	1750.
3636.4909845230177	976.5810856874336	2.634535733986551	1751.
3645.488615546087	979.2181892819494	2.6396728338059567	1752.
3654.5058893390524	981.860434114089	2.644818210754787	1753.
3663.542838452715	984.5078284655424	2.6499718739556766	1754.
3672.5994954652197	987.160380627125	2.6551338325312503	1755.
3681.675892982099	989.818098898771	2.6603040956041397	1756.
3690.772063636251	992.4809915895398	2.665482672296978	1757.
3699.8880400879298	995.1490670176117	2.6706695717323896	1758.
3709.0238550247677	997.8223335102934	2.675864803033008	1759.
3718.179541161767	1000.5007994040075	2.6810683753214626	1760.
3727.355131241293	1003.1844730443063	2.6862802977203852	1761.
3736.5506580330702	1005.8733627858596	2.6915005793524003	1762.
3745.766154334209	1008.5674769924626	2.696729229340143	1763.
3755.0016529691757	1011.2668240370331	2.701966256806241	1764.
3764.2571867898077	1013.9714123016092	2.707211670873324	1765.
3773.532788675315	1016.6812501773543	2.712465480664026	1766.
3782.8284915322592	1019.3963460645527	2.717727695300969	1767.
3792.144328294592	1022.1167083726127	2.72299832390679	1768.
3801.480331923616	1024.842345520064	2.728277375604115	1769.
3810.836535408018	1027.5732659345585	2.73356485951558	1770.
3820.212971763829	1030.3094780528731	2.7388607847638067	1771.
3829.6096740344656	1033.0509903209054	2.7441651604714288	1772.
3839.0266752907137	1035.7978111936777	2.7494779957610778	1773.
3848.4640086307163	1038.5499491353294	2.7547992997553816	1774.
3857.9217071799885	1041.30741261913	2.7601290815769683	1775.
3867.3998040914257	1044.0702101274674	2.7654673503484766	1776.
3876.8983325452637	1046.8383501518515	2.7708141151925236	1777.
3886.417325749134	1049.611841192917	2.77616938523175	1778.
3895.95681693802	1052.3906917604204	2.78153316958878	1779.
3905.516839374275	1055.1749103732413	2.786905477386245	1780.
3915.0974263476246	1057.9645055593815	2.7922863177467754	1781.
3924.6986111751676	1060.7594858559632	2.797675699793002	1782.
3934.32042720135	1063.5598598092365	2.8030736326475534	1783.
3943.9629077980053	1066.3656359745687	2.808480125433057	1784.
3953.626086364332	1069.1768229164531	2.8138951872721485	1785.
3963.309996326888	1071.993429208505	2.8193188272874536	1786.
3973.0146711396055	1074.8154634334614	2.824751054601604	1787.
3982.7401442837863	1077.6429341831827	2.8301918783372297	1788.
3992.4864492680927	1080.4758500586508	2.83564130761696	1789.
4002.2536196285573	1083.3142196699719	2.8410993515634235	1790.
4012.0416889285925	1086.1580516363738	2.846566019299255	1791.
4021.8506907589535	1089.0073545862074	2.8520413199470767	1792.
4031.680658737795	1091.8621371569457	2.857525262629526	1793.
4041.5316265106094	1094.7224079951866	2.863017856469229	1794.
4051.403627750281	1097.588175756645	2.8685191105888173	1795.
4061.2966961570464	1100.4594491061644	2.8740290341109187	1796.
4071.210865458511	1103.3362367177083	2.879547636158163	1797.
4081.1461694096643	1106.2185472743631	2.8850749258531856	1798.
4091.1026417928433	1109.1063894683375	2.8906109123186106	1799.
4101.0803164177605	1111.9997720009646	2.8961556046770696	1800.
4111.079227121504	1114.8987035826976	2.901709012051194	1801.
4121.099407768515	1117.8031929331137	2.9072711435636123	1802.
4131.140892250617	1120.7132487809117	2.9128420083369537	1803.
4141.203714486996	1123.6288798639152	2.9184216154938536	1804.
4151.287908424196	1126.5500949290686	2.9240099741569328	1805.
4161.3935080361425	1129.4769027324378	2.9296070934488263	1806.
4171.52054732413	1132.4093120392167	2.9352129824921676	1807.
4181.669060316805	1135.347331623715	2.940827650409579	1808.
4191.839081070197	1138.2909702693678	2.9464511063236944	1809.
4202.030643667702	1141.2402367687346	2.9520833593571467	1810.
4212.243782220067	1144.1951399234968	2.9577244186325586	1811.
4222.478530865442	1147.1556885444547	2.963374293272569	1812.
4232.734923769303	1150.121891451537	2.969032992399802	1813.
4243.01299512452	1153.0937574737914	2.9747005251368854	1814.
4253.312779151328	1156.071295449388	2.980376900606455	1815.
4263.634310097327	1159.0545142256228	2.98606212793114	1816.
4273.9776222374785	1162.04342265891	2.991756216233565	1817.
4284.342749874124	1165.0380296147891	2.997459174636365	1818.
4294.729727336965	1168.038343967924	3.00317101226217	1819.
4305.138588983068	1171.044374602096	3.008891738233606	1820.
4315.569369196877	1174.0561304102134	3.0146213616733064	1821.
4326.0221023901995	1177.0736202943058	3.020359891703899	1822.
4336.4968230022105	1180.0968531655258	3.0261073374480176	1823.
4346.993565499452	1183.1258379441465	3.031863708028288	1824.
4357.512364375831	1186.1605835595687	3.0376290125673417	1825.
4368.053254152637	1189.2010989503092	3.0434032601878123	1826.
4378.616269378498	1192.2473930640112	3.0491864600123204	1827.
4389.201444629446	1195.2994748574424	3.054978621163505	1828.
4399.808814508853	1198.3573532964888	3.0607797527639917	1829.
4410.438413647473	1201.4210373561605	3.066589863936411	1830.
4421.090276703421	1204.4905360205935	3.072408963803394	1831.
4431.764438362187	1207.5658582830406	3.0782370614875703	1832.
4442.460933336623	1210.6470131458814	3.0840741661115683	1833.
4453.179796366952	1213.7340096206176	3.089920286798021	1834.
4463.921062220764	1216.8268567278724	3.095775432669557	1835.
4474.6847656930095	1219.925563497393	3.1016396128488033	1836.
4485.47094160602	1223.0301389680467	3.107512836458392	1837.
4496.279624809491	1226.1405921878272	3.1133951126209567	1838.
4507.110850180479	1229.2569322138474	3.119286450459123	1839.
4517.964652623413	1232.3791681123448	3.1251868590955194	1840.
4528.841067070093	1235.5073089586785	3.1310963476527824	1841.
4539.740128479677	1238.6413638373324	3.137014925253533	1842.
4550.661871838708	1241.7813418419082	3.14294260102041	1843.
4561.606332161086	1244.9272520751356	3.148879384076041	1844.
4572.573544488062	1248.0791036488636	3.1548252835430493	1845.
4583.563543888294	1251.2369056840653	3.160780308544073	1846.
4594.576365457776	1254.400667310838	3.16674446820174	1847.
4605.612044319882	1257.5703976683963	3.1727177716386787	1848.
4616.67061562535	1260.746105905083	3.1787002279775187	1849.
4627.752114552285	1263.927801178359	3.184691846340888	1850.
4638.856576306175	1267.1154926548124	3.190692635851425	1851.
4649.984036119854	1270.3091895101516	3.196702605631753	1852.
4661.134529253531	1273.5089009292078	3.202721764804499	1853.
4672.308090994798	1276.7146361059322	3.2087501224923027	1854.
4683.504756658588	1279.9264042434042	3.214787687817786	1855.
4694.724561587221	1283.1442145538213	3.220834469903579	1856.
4705.9675411503895	1286.3680762585063	3.2268904778723186	1857.
4717.2337307451335	1289.5979985879012	3.2329557208466273	1858.
4728.523165795873	1292.8339907815753	3.2390302079491384	1859.
4739.8358817543985	1296.0760620882156	3.24511394830248	1860.
4751.17191409986	1299.3242217656389	3.2512069510292854	1861.
4762.531298338786	1302.5784790807747	3.2573092252521807	1862.
4773.9140700050675	1305.8388433096816	3.2634207800937993	1863.
4785.320264659956	1309.1053237375427	3.2695416246767692	1864.
4796.749917892082	1312.3779296586572	3.27567176812372	1865.
4808.20306531744	1315.656670376452	3.2818112195572837	1866.
4819.679742579389	1318.9415552034734	3.287959988100086	1867.
4831.17998534866	1322.2325934613964	3.2941180828747623	1868.
4842.703829323361	1325.5297944810081	3.300285513003942	1869.
4854.251310228933	1328.8331676022299	3.3064622876102483	1870.
4865.822463818234	1332.142722174097	3.3126484158163176	1871.
4877.417325871463	1335.4584675547694	3.3188439067447817	1872.
4889.035932196174	1338.7804131115336	3.325048769518263	1873.
4900.678318627316	1342.108568220795	3.331263013259397	1874.
4912.344521027192	1345.4429422680832	3.337486647090813	1875.
4924.034575285471	1348.7835446480476	3.3437196801351377	1876.
4935.748517319203	1352.130384764464	3.3499621215150057	1877.
4947.486383072787	1355.483472030231	3.3562139803530453	1878.
4959.248208518006	1358.8428158673646	3.3624752657718844	1879.
4971.0340296540035	1362.2084257070087	3.3687459868941545	1880.
4982.843882507289	1365.5803109894273	3.3750261528424854	1881.
4994.677803131748	1368.9584811640084	3.3813157727395087	1882.
5006.53582760862	1372.342945689266	3.3876148557078523	1883.
5018.417992046534	1375.7337140328223	3.393923410870146	1884.
5030.324332581461	1379.130795671444	3.4002414473490212	1885.
5042.254885376762	1382.5342000910018	3.406568974267106	1886.
5054.209686623152	1385.9439367864993	3.412906000747032	1887.
5066.188772538726	1389.360015262056	3.419252535911431	1888.
5078.192179368928	1392.7824450309222	3.425608588882927	1889.
5090.219943386586	1396.2112356154662	3.431974168784155	1890.
5102.272100891901	1399.6463965471753	3.438349284737745	1891.
5114.348688212418	1403.0879373666671	3.4447339458663233	1892.
5126.449741703072	1406.5358676236751	3.451128161292523	1893.
5138.575297746163	1409.9901968770569	3.457531940138976	1894.
5150.725392751338	1413.4509346947993	3.4639452915283044	1895.
5162.900063155639	1416.9180906540028	3.4703682245831438	1896.
5175.099345423468	1420.3916743408968	3.476800748426127	1897.
5187.3232760465835	1423.871695350827	3.483242872179879	1898.
5199.571891544124	1427.3581632882656	3.4896946049670294	1899.
5211.845228462595	1430.851087766811	3.496155955910213	1900.
5224.143323375857	1434.3504784091788	3.5026269341320546	1901.
5236.466212885152	1437.85634484721	3.5091075487551855	1902.
5248.813933619093	1441.368696721865	3.5155978089022373	1903.
5261.186522233649	1444.88754368323	3.5220977236958397	1904.
5273.584015412164	1448.4128953905124	3.5286073022586226	1905.
5286.006449865343	1451.944761512043	3.535126553713214	1906.
5298.453862331268	1455.4831517252765	3.541655487182247	1907.
5310.92628957538	1459.028075716788	3.548194111788348	1908.
5323.423768390495	1462.579543182274	3.5547424366541485	1909.
5335.946335596796	1466.1375638265577	3.56130047090228	1910.
5348.494028041833	1469.70214736358	3.5678682236553705	1911.
5361.0668826005185	1473.2733035164097	3.5744457040360498	1912.
5373.664936175147	1476.8510420172338	3.581032921166953	1913.
5386.288225695356	1480.4353726073664	3.587629884170701	1914.
5398.936788118174	1484.0263050372428	3.5942366021699304	1915.
5411.610660427993	1487.6238490664155	3.6008530842872695	1916.
5424.309879636571	1491.2280144635624	3.607479339645348	1917.
5437.034482783022	1494.8388110064925	3.6141153773667956	1918.
5449.784506933845	1498.4562484821263	3.620761206574242	1919.
5462.5599891829015	1502.0803366865111	3.627416836390319	1920.
5475.360966651414	1505.7110854248167	3.6340822759376525	1921.
5488.187476487993	1509.3485045113375	3.6407575343388814	1922.
5501.039555868582	1512.9926037694868	3.6474426207166246	1923.
5513.9172419965225	1516.6433930318044	3.6541375441935173	1924.
5526.82057210252	1520.300882139949	3.660842313892191	1925.
5539.74958344463	1523.965080944704	3.667556938935272	1926.
5552.704313308294	1527.6359993059732	3.67428142844539	1927.
5565.684799006321	1531.3136470927902	3.6810157915451818	1928.
5578.691077878874	1534.9980341833016	3.68776003735727	1929.
5591.723187293493	1538.6891704647833	3.6945141750042882	1930.
5604.7811646450855	1542.387065833629	3.7012782136088624	1931.
5617.865047355931	1546.0917301953614	3.7080521622936296	1932.
5630.974872875665	1549.8031734646192	3.7148360301812122	1933.
5644.110678681306	1553.5214055651659	3.7216298263942456	1934.
5657.272502277227	1557.2464364298894	3.7284335600553575	1935.
5670.460381195174	1560.9782760007993	3.735247240287176	1936.
5683.674352994268	1564.716934229029	3.7420708762123365	1937.
5696.9144552609805	1568.4624210748298	3.748904476953463	1938.
5710.180725609177	1572.2147465075814	3.7557480516331907	1939.
5723.473201680058	1575.9739205057813	3.762601609374144	1940.
5736.791921142222	1579.7399530570574	3.7694651592989583	1941.
5750.136921691615	1583.5128541581498	3.7763387105302595	1942.
5763.5082410515615	1587.2926338149264	3.7832222721906774	1943.
5776.905916972751	1591.0793020423807	3.7901158534028454	1944.
5790.329987233245	1594.8728688646252	3.797019463289393	1945.
5803.780489638458	1598.6733443148942	3.8039331109729453	1946.
5817.257462021206	1602.4807384355436	3.810856805576142	1947.
5830.76094224162	1606.2950612780578	3.817790556221601	1948.
5844.290968187251	1610.1163229030408	3.82473437203196	1949.
5857.847577772985	1613.9445333802187	3.8316882621298483	1950.
5871.430808941091	1617.779702788438	3.838652235637893	1951.
5885.040699661199	1621.6218412156732	3.8456263016787258	1952.
5898.67728793032	1625.4709587590132	3.8526104693749783	1953.
5912.3406117728055	1629.327065524682	3.8596047478492768	1954.
5926.0307092404	1633.190171628014	3.8666091462242527	1955.
5939.747618412212	1637.0602871934711	3.8736236736225376	1956.
5953.491377394712	1640.9374223546406	3.880648339166761	1957.
5967.2620243217325	1644.8215872542273	3.88768315197955	1958.
5981.059597354488	1648.712792044064	3.8947281211835385	1959.
5994.884134681556	1652.6110468851007	3.901783255901355	1960.
6008.735674518879	1656.516361947411	3.9088485652556297	1961.
6022.614255109757	1660.428747410197	3.9159240583689883	1962.
6036.519914724893	1664.3482134617757	3.9230097443640695	1963.
6050.45269166231	1668.2747702995935	3.930105632363494	1964.
6064.412624247438	1672.2084281302127	3.9372117314898976	1965.
6078.399750833057	1676.1491971693217	3.9443280508659093	1966.
6092.414109799314	1680.0970876417337	3.9514545996141575	1967.
6106.455739553731	1684.0521097813821	3.9585913868572735	1968.
6120.524678531199	1688.0142738313211	3.9657384217178873	1969.
6134.620965193967	1691.9835900437315	3.9728957133186285	1970.
6148.744638031658	1695.9600686799117	3.980063270782125	1971.
6162.895735561261	1699.9437200102916	3.9872411032310104	1972.
6177.0742963271405	1703.9345543144123	3.9944292197879125	1973.
6191.2803589010155	1707.9325818809452	4.001627629575461	1974.
6205.513961881987	1711.9378130076816	4.008836341716288	1975.
6219.775143896514	1715.9502580015346	4.01605536533302	1976.
6234.063943598425	1719.969927178547	4.023284709548291	1977.
6248.380399668918	1723.9968308638713	4.030524383484726	1978.
6262.724550816563	1728.0309793917954	4.037774396264961	1979.
6277.0964357772855	1732.0723831057235	4.045034757011621	1980.
6291.496093314396	1736.1210523581826	4.052305474847339	1981.
6305.92356221856	1740.1769975108223	4.059586558894743	1982.
6320.378881307812	1744.2402289344168	4.066878018276464	1983.
6334.86208942756	1748.3107570088619	4.074179862115132	1984.
6349.373225450581	1752.3885921231745	4.081492099533378	1985.
6363.912328277002	1756.4737446754957	4.0888147396538255	1986.
6378.479436834348	1760.5662250730907	4.096147791599114	1987.
6393.074590077494	1764.6660437323412	4.103491264491868	1988.
6407.697826988675	1768.7732110787642	4.11084516745472	1989.
6422.349186577508	1772.8877375469815	4.1182095096102955	1990.
6437.028707880972	1777.0096335807552	4.125584300081229	1991.
6451.736429963418	1781.1389096329585	4.1329695479901485	1992.
6466.47239191656	1785.275576165589	4.140365262459683	1993.
6481.236632859488	1789.4196436497732	4.147771452612467	1994.
6496.029191938643	1793.5711225657496	4.155188127571124	1995.
6510.850108327856	1797.7300234028908	4.16261529645829	1996.
6525.699421228309	1801.896356659685	4.1700529683965915	1997.
6540.577169868556	1806.0701328437426	4.177501152508658	1998.
6555.483393504522	1810.2513624718013	4.18495985791712	1999.
6570.418131419509	1814.440056069714	4.192429093744611	2000.
6585.381422924152	1818.63622417247	4.199908869113754	2001.
6600.373307356503	1822.8398773241652	4.207399193147186	2002.
6615.393824081942	1827.0510260780256	4.214900074967533	2003.
6630.443012493238	1831.2696809964018	4.222411523697424	2004.
6645.520912010516	1835.4958526507644	4.229933548459492	2005.
6660.627562081289	1839.7295516217064	4.2374661583763675	2006.
6675.763002180406	1843.970788498943	4.245009362570677	2007.
6690.92727181011	1848.2195738813143	4.252563170165052	2008.
6706.120410500002	1852.475918376781	4.2601275902821225	2009.
6721.342457807062	1856.7398326024277	4.2677026320445215	2010.
6736.59345331561	1861.0113271844602	4.2752883045748735	2011.
6751.873436637364	1865.2904127582078	4.28288461699581	2012.
6767.182447411397	1869.5770999681217	4.290491578429965	2013.
6782.520525304149	1873.8713994677782	4.298109197999963	2014.
6797.8877100094205	1878.173321919876	4.305737484828436	2015.
6813.284041248414	1882.482877996229	4.313376448038017	2016.
6828.709558769652	1886.8000783777843	4.321026096751332	2017.
6844.164302349053	1891.124933754607	4.32868644009101	2018.
6859.6483117899015	1895.4574548258843	4.336357487179686	2019.
6875.161626922852	1899.7976522999234	4.344039247139987	2020.
6890.704287605912	1904.1455368941624	4.351731729094544	2021.
6906.27633372447	1908.501119335152	4.359434942165985	2022.
6921.877805191275	1912.8644103585739	4.367148895476939	2023.
6937.508741946457	1917.2354207092276	4.374873598150041	2024.
6953.169183957499	1921.614161141034	4.382609059307917	2025.
6968.8591712192565	1926.0006424170451	4.390355288073199	2026.
6984.578743753948	1930.3948753094246	4.398112293568511	2027.
7000.3279416111845	1934.7968705994654	4.405880084916493	2028.
7016.106804867907	1939.2066390775835	4.413658671239769	2029.
7031.915373628452	1943.6241915433134	4.421448061660968	2030.
7047.753688024523	1948.0495388053118	4.429248265302725	2031.
7063.621788215167	1952.4826916813668	4.437059291287664	2032.
7079.519714386827	1956.923660998376	4.444881148738418	2033.
7095.447506753302	1961.372457592373	4.452713846777618	2034.
7111.405205555756	1965.829092308501	4.460557394527891	2035.
7127.392851062725	1970.2935760010391	4.468411801111868	2036.
7143.410483570108	1974.7659195333767	4.4762770756521775	2037.
7159.4581434012	1979.2461337780346	4.4841532272714595	2038.
7175.535870906607	1983.734229616654	4.49204026509233	2039.
7191.643706464347	1988.2302179399962	4.499938198237423	2040.
7207.7816904798065	1992.7341096479445	4.507847035829373	2041.
7223.94986338572	1997.2459156495102	4.515766786990808	2042.
7240.148265642193	2001.7656468628234	4.523697460844355	2043.
7256.376937736719	2006.2933142151383	4.53163906651265	2044.
7272.635920184131	2010.8289286428267	4.539591613118317	2045.
7288.925253526644	2015.3725010913927	4.547555109783987	2046.
7305.244978333844	2019.9240425154553	4.555529565632291	2047.
7321.595135202682	2024.4835638787604	4.56351498978586	2048.
7337.975764757474	2029.0510761541714	4.5715113913673235	2049.
7354.386907649907	2033.6265903236786	4.57951877949931	2050.
7370.8286045590385	2038.2101173783926	4.587537163304452	2051.
7387.3008961912765	2042.8016683185529	4.5955665519053746	2052.
7403.803823280433	2047.4012541535108	4.603606954424716	2053.
7420.337426587637	2052.00888590175	4.611658379985096	2054.
7436.901746901437	2056.6245745908686	4.619720837709151	2055.
7453.496825037717	2061.2483312575964	4.627794336719511	2056.
7470.122701839741	2065.8801669477766	4.635878886138803	2057.
7486.779418178143	2070.5200927163846	4.6439744950896635	2058.
7503.46701495091	2075.168119627508	4.652081172694714	2059.
7520.185533083404	2079.824258754366	4.660198928076587	2060.
7536.935013528365	2084.488521179293	4.668327770357912	2061.
7553.71549726589	2089.1609179937564	4.676467708661322	2062.
7570.527025303462	2093.8414602983316	4.684618752109449	2063.
7587.369638675898	2098.5301592027295	4.692780909824917	2064.
7604.243378445412	2103.227025825779	4.700954190930359	2065.
7621.148285701569	2107.93207129543	4.709138604548402	2066.
7638.084401561319	2112.6453067487546	4.7173341598016805	2067.
7655.051767168955	2117.3667433319524	4.7255408658128175	2068.
7672.05042369618	2122.0963922003393	4.733758731704455	2069.
7689.080412342005	2126.834264518361	4.741987766599211	2070.
7706.141774332859	2131.5803714595804	4.750227979619719	2071.
7723.234550922526	2136.3347242066848	4.758479379888616	2072.
7740.358783392142	2141.0973339514803	4.76674197652852	2073.
7757.514513050223	2145.8682118949064	4.775015778662068	2074.
7774.701781232664	2150.6473692470117	4.783300795411892	2075.
7791.920629302701	2155.4348172269756	4.791597035900615	2076.
7809.171098650965	2160.2305670630985	4.799904509250872	2077.
7826.453230695434	2165.034629992806	4.808223224585294	2078.
7843.767066881473	2169.8470172626376	4.816553191026507	2079.
7861.1126486817875	2174.6677401282686	4.824894417697143	2080.
7878.490017596484	2179.496809854484	4.833246913719831	2081.
7895.899215153014	2184.3342377151994	4.841610688217202	2082.
7913.3402829062115	2189.180034993451	4.8499857503118875	2083.
7930.813262438253	2194.034212981397	4.8583721091265115	2084.
7948.318195358722	2198.8967829803178	4.866769773783712	2085.
7965.855123304528	2203.767756300619	4.875178753406111	2086.
7983.424087939987	2208.647144261825	4.883599057116344	2087.
8001.025130956758	2213.5349581925875	4.892030694037043	2088.
8018.6582940738635	2218.431209430678	4.900473673290829	2089.
8036.32361903772	2223.335909322989	4.908928004000339	2090.
8054.021147622091	2228.249069225537	4.917393695288201	2091.
8071.750921628115	2233.170700503465	4.925870756277046	2092.
8089.5129828842955	2238.1008145310325	4.934359196089503	2093.
8107.307373246508	2243.039422691626	4.942859023848202	2094.
8125.134134597995	2247.9865363777526	4.951370248675774	2095.
8142.993308849355	2252.9421669910425	4.959892879694847	2096.
8160.884937938587	2257.9063259422464	4.968426926028055	2097.
8178.809063831005	2262.8790246512435	4.976972396798022	2098.
8196.765728519338	2267.860274547029	4.985529301127379	2099.
8214.754974023675	2272.8500870677244	4.994097648138762	2100.
8232.776842391442	2277.848473660574	5.002677446954792	2101.
8250.831375697482	2282.8554457819437	5.011268706698109	2102.
8268.918616043953	2287.8710148973223	5.019871436491334	2103.
8287.038605560432	2292.8951924813173	5.0284856454571045	2104.
8305.191386403812	2297.9279900176666	5.037111342718042	2105.
8323.377000758403	2302.9694189992265	5.0457485373967845	2106.
8341.595490835845	2308.019490927973	5.054397238615955	2107.
8359.846898875181	2313.0782173150114	5.063057455498193	2108.
8378.13126714278	2318.1456096805655	5.071729197166119	2109.
8396.448637932415	2323.2216795539803	5.080412472742367	2110.
8414.799053565204	2328.3064384737286	5.089107291349565	2111.
8433.18255638965	2333.399897987398	5.097813662110344	2112.
8451.59918878161	2338.502069651708	5.106531594147334	2113.
8470.048993144326	2343.6129650324906	5.115261096583168	2114.
8488.532011908386	2348.7325957047137	5.124002178540472	2115.
8507.048287531758	2353.860973252455	5.132754849141877	2116.
8525.597862499779	2358.998109268921	5.141519117510013	2117.
8544.180779325154	2364.1440153564376	5.1502949927675115	2118.
8562.797080547945	2369.2987031264597	5.159082484037	2119.
8581.446808735589	2374.462184199558	5.167881600441108	2120.
8600.130006482916	2379.6344702054253	5.176692351102471	2121.
8618.846716412067	2384.8155727828894	5.185514745143712	2122.
8637.596981172605	2390.005503579882	5.194348791687464	2123.
8656.380843441435	2395.204274253471	5.203194499856359	2124.
8675.19834592283	2400.4118964698423	5.212051878773023	2125.
8694.049531348439	2405.628381904308	5.220920937560088	2126.
8712.934442477275	2410.853742241295	5.229801685340183	2127.
8731.85312209572	2416.0879891743593	5.23869413123594	2128.
8750.805613017525	2421.331134406179	5.247598284369987	2129.
8769.791958083795	2426.583189648554	5.256514153864952	2130.
8788.812200163036	2431.844166622404	5.265441748843472	2131.
8807.866382151089	2437.1140770577745	5.274381078428172	2132.
8826.954546971165	2442.3929326938364	5.2833321517416785	2133.
8846.076737573872	2447.680745278875	5.29229497790663	2134.
8865.232996937162	2452.977526570308	5.301269566045653	2135.
8884.423368066342	2458.283288334666	5.310255925281371	2136.
8903.647893994123	2463.5980423476108	5.3192540647364215	2137.
8922.906617780565	2468.92180039392	5.328263993533435	2138.
8942.19958251308	2474.254574267498	5.337285720795034	2139.
8961.52683130648	2479.596375771373	5.346319255643856	2140.
8980.888407302926	2484.9472167176905	5.35536460720253	2141.
9000.284353671945	2490.3071089277205	5.364421784593681	2142.
9019.714713610436	2495.6760642318613	5.373490796939942	2143.
9039.179530342677	2501.0540944696268	5.3825716533639465	2144.
9058.678847120285	2506.441211489657	5.391664362988317	2145.
9078.21270722228	2511.8374271497114	5.400768934935689	2146.
9097.78115395502	2517.2427533166765	5.40988537832869	2147.
9117.38423065226	2522.65720186656	5.419013702289952	2148.
9137.021980675094	2528.080784684488	5.428153915942104	2149.
9156.694447412003	2533.5135136647123	5.437306028407773	2150.
9176.401674278826	2538.9554007106144	5.446470048809596	2151.
9196.14370471878	2544.4064577346862	5.4556459862701985	2152.
9215.920582202434	2549.8666966585497	5.464833849912209	2153.
9235.73235022774	2555.3361294129445	5.474033648858256	2154.
9255.579052320023	2560.814767937739	5.4832453922309785	2155.
9275.460732031941	2566.3026241819225	5.492469089152998	2156.
9295.377432943555	2571.7997101036044	5.5017047487469455	2157.
9315.329198662286	2577.306037670016	5.510952380135452	2158.
9335.316072822941	2582.8216188575125	5.520211992441155	2159.
9355.338099087629	2588.346465651579	5.5294835947866705	2160.