9.742712e-8	7.78799e-13	1.047129e-10	930.428808666363
9.969651e-8	8.092866e-13	1.0715190000000001e-10	930.4297850677403
1.020188e-7	8.409501e-13	1.096478e-10	930.4303501766565
1.043951e-7	8.73834e-13	1.1220180000000002e-10	930.4304728979391
1.068268e-7	9.079846e-13	1.148154e-10	930.4301338026083
1.093151e-7	9.434498e-13	1.174898e-10	930.4300752048265
1.118614e-7	9.802794e-13	1.202264e-10	930.4310890070733
1.14467e-7	1.018525e-12	1.230269e-10	930.4308124889759
1.171333e-7	1.05824e-12	1.258925e-10	930.4315844073315
1.198618e-7	1.09948e-12	1.28825e-10	930.4319773335923
1.226537e-7	1.142303e-12	1.318257e-10	930.4319438698221
1.255107e-7	1.186768e-12	1.348963e-10	930.4323896800727
1.284343e-7	1.232937e-12	1.380384e-10	930.4333644623524
1.314259e-7	1.280874e-12	1.412538e-10	930.4328865772108
1.344873e-7	1.330647e-12	1.4454399999999998e-10	930.4338516091987
1.376199e-7	1.382322e-12	1.479108e-10	930.4343044726957
1.408255e-7	1.435974e-12	1.513561e-10	930.4344917317505
1.441058e-7	1.491674e-12	1.548817e-10	930.4345941063405
1.474625e-7	1.549501e-12	1.584893e-10	930.435363781656
1.508974e-7	1.609534e-12	1.62181e-10	930.4358065001448
1.544122e-7	1.671855e-12	1.6595870000000001e-10	930.4355351964074
1.58009e-7	1.736551e-12	1.698244e-10	930.4360065514733
1.616896e-7	1.80371e-12	1.737801e-10	930.43682049901
1.654558e-7	1.873423e-12	1.7782789999999997e-10	930.4370878979058
1.693098e-7	1.945787e-12	1.8197010000000002e-10	930.4371750468895
1.732536e-7	2.0209e-12	1.862087e-10	930.4378415186832
1.772893e-7	2.098865e-12	1.905461e-10	930.4383499058758
1.814189e-7	2.179788e-12	1.9498450000000002e-10	930.4384696629733
1.856447e-7	2.263778e-12	1.9952619999999999e-10	930.4390289495815
1.89969e-7	2.350951e-12	2.041738e-10	930.4394146114731
1.94394e-7	2.441423e-12	2.089296e-10	930.4399253289146
1.989221e-7	2.535318e-12	2.1379620000000003e-10	930.4404630110357
2.035557e-7	2.632763e-12	2.187762e-10	930.4409381047847
2.082971e-7	2.733888e-12	2.238721e-10	930.441238046188
2.131491e-7	2.838831e-12	2.290868e-10	930.4418186949225
2.18114e-7	2.947732e-12	2.344229e-10	930.4421527589667
2.231946e-7	3.060738e-12	2.398833e-10	930.4426808285529
2.2839360000000003e-7	3.178e-12	2.454709e-10	930.4433967529349
2.337136e-7	3.299676e-12	2.511886e-10	930.443896243699
2.391576e-7	3.425927e-12	2.570396e-10	930.4442814531302
2.447283e-7	3.556923e-12	2.630268e-10	930.4445665726839
2.504289e-7	3.692838e-12	2.691535e-10	930.4452397535234
2.562622e-7	3.833852e-12	2.754229e-10	930.445630526728
2.622314e-7	3.980154e-12	2.818383e-10	930.4462174019641
2.683397e-7	4.131936e-12	2.884032e-10	930.4467909371325
2.745902e-7	4.289401e-12	2.951209e-10	930.4474518781965
2.809863e-7	4.452756e-12	3.019952e-10	930.4477447191213
2.875314e-7	4.622216e-12	3.090295e-10	930.448459503057
2.94229e-7	4.798006e-12	3.162278e-10	930.4488663109314
3.010826e-7	4.980355e-12	3.2359370000000006e-10	930.4494505146422
3.080958e-7	5.169504e-12	3.3113109999999996e-10	930.4501132753766
3.152724e-7	5.3657e-12	3.3884420000000004e-10	930.4505306568625
3.226162e-7	5.5692e-12	3.4673690000000003e-10	930.4512130090568
3.30131e-7	5.780271e-12	3.548134e-10	930.4518382648456
3.378209e-7	5.999186e-12	3.6307810000000007e-10	930.4524265881088
3.456899e-7	6.226231e-12	3.715352e-10	930.4532282028728
3.537422e-7	6.461702e-12	3.801894e-10	930.4537730457502
3.619821e-7	6.705902e-12	3.890451e-10	930.4546077100059
3.704139e-7	6.95915e-12	3.9810719999999997e-10	930.4550612247153
3.790421e-7	7.221772e-12	4.0738029999999993e-10	930.4556989427324
3.878713e-7	7.494107e-12	4.168694e-10	930.456382999088
3.969062e-7	7.776505e-12	4.265795e-10	930.4572219363565
4.061515e-7	8.069331e-12	4.365158e-10	930.4578879641928
4.156121e-7	8.372959e-12	4.466836e-10	930.4583220852522
4.252932e-7	8.68778e-12	4.570882e-10	930.4591275381862
4.351997e-7	9.014195e-12	4.677351000000001e-10	930.459814102042
4.453371e-7	9.352621e-12	4.786301e-10	930.4606054257767
4.557105e-7	9.703489e-12	4.897788e-10	930.4612684113728
4.6632559999999994e-7	1.006725e-11	5.011871999999999e-10	930.4620454193562
4.77188e-7	1.044435e-11	5.128614e-10	930.4627806849962
4.883034e-7	1.083529e-11	5.248075e-10	930.4635228917269
4.996777e-7	1.124055e-11	5.370318e-10	930.4643422419305
5.113169e-7	1.166065e-11	5.495409e-10	930.4649765831806
5.232273e-7	1.209611e-11	5.623413e-10	930.465886304278
5.354151e-7	1.254748e-11	5.754399000000001e-10	930.4666698989764
5.478868e-7	1.301533e-11	5.888436999999999e-10	930.4673130238125
5.606491e-7	1.350025e-11	6.025595999999999e-10	930.4682893609197
5.737086e-7	1.400285e-11	6.16595e-10	930.469113194236
5.870723e-7	1.452374e-11	6.309573e-10	930.4699759238857
6.007473e-7	1.506358e-11	6.456542e-10	930.4707745725187
6.147409e-7	1.562305e-11	6.606934000000001e-10	930.4717181222031
6.290604e-7	1.620283e-11	6.760829999999999e-10	930.4724461789453
6.437135e-7	1.680365e-11	6.918309999999999e-10	930.4733434176845
6.587079e-7	1.742624e-11	7.079458e-10	930.4742343834796
6.740516e-7	1.807139e-11	7.244359999999999e-10	930.4751163525833
6.897527e-7	1.873987e-11	7.413102e-10	930.4761216964235
7.058195e-7	1.943253e-11	7.585775999999999e-10	930.4768985137447
7.222606e-7	2.01502e-11	7.762471000000001e-10	930.4778725743387
7.390847e-7	2.089377e-11	7.943281999999999e-10	930.4788546724138
7.563007e-7	2.166414e-11	8.128305e-10	930.4798037721271
7.739177e-7	2.246226e-11	8.317638000000001e-10	930.4806992802523
7.919451e-7	2.32891e-11	8.51138e-10	930.4817657066186
8.103925e-7	2.414567e-11	8.709636e-10	930.482795917074
8.292695e-7	2.5033e-11	8.912509e-10	930.4838098901218
8.485863e-7	2.595218e-11	9.120107999999999e-10	930.4848716484498
8.68353e-7	2.690431e-11	9.332542999999998e-10	930.4858325431771
8.885802e-7	2.789054e-11	9.549926e-10	930.486886013567
9.092785e-7	2.891207e-11	9.772372e-10	930.4879225535009
9.304590000000001e-7	2.997011e-11	1.0000000000000003e-9	930.48897011
9.521329e-7	3.106595e-11	1.023293e-9	930.4900609600573
9.743117e-7	3.220089e-11	1.047129e-9	930.4907999778443
9.970071e-7	3.33763e-11	1.071519e-9	930.4925776397806
1.020231e-6	3.459357e-11	1.096478e-9	930.4934468087824
1.043996e-6	3.585415e-11	1.122018e-9	930.4947462072801
1.068315e-6	3.715955e-11	1.148154e-9	930.4955254695799
1.0932e-6	3.851132e-11	1.174898e-9	930.4965293327591
1.118665e-6	3.991105e-11	1.202264e-9	930.4985519403393
1.144723e-6	4.13604e-11	1.230269e-9	930.4992326068526
1.171388e-6	4.286109e-11	1.2589250000000002e-9	930.5009123577655
1.198674e-6	4.441488e-11	1.28825e-9	930.5013893887057
1.226596e-6	4.60236e-11	1.3182569999999998e-9	930.5029471491522
1.255168e-6	4.768913e-11	1.348963e-9	930.5041644062884
1.284406e-6	4.941343e-11	1.380384e-9	930.5058689683452
1.314324e-6	5.119851e-11	1.412538e-9	930.5060809054341
1.34494e-6	5.304646e-11	1.4454400000000001e-9	930.5076976284039
1.376269e-6	5.495944e-11	1.479108e-9	930.5094417987057
1.408328e-6	5.693966e-11	1.513561e-9	930.51085464015
1.441133e-6	5.898942e-11	1.548817e-9	930.5114738668287
1.474703e-6	6.11111e-11	1.584893e-9	930.5133602710088
1.509055e-6	6.330715e-11	1.62181e-9	930.5148612661162
1.544207e-6	6.558011e-11	1.659587e-9	930.5161947580934
1.580177e-6	6.79326e-11	1.6982440000000002e-9	930.5170120430279
1.616986e-6	7.036732e-11	1.7378010000000003e-9	930.5187229838168
1.654652e-6	7.288706e-11	1.778279e-9	930.520400375869
1.693196e-6	7.549472e-11	1.819701e-9	930.5218245854677
1.732637e-6	7.819327e-11	1.8620869999999998e-9	930.523221133062
1.772997e-6	8.098581e-11	1.905461e-9	930.5244168261643
1.814298e-6	8.38755e-11	1.949845e-9	930.5262087499264
1.85656e-6	8.686564e-11	1.995262e-9	930.5278533044784
1.8998069999999998e-6	8.995962e-11	2.041738e-9	930.5292645873271
1.944061e-6	9.316096e-11	2.089296e-9	930.5307438295005
1.989346e-6	9.647326e-11	2.1379620000000006e-9	930.5321952682041
2.035687e-6	9.990029e-11	2.187762e-9	930.5339887474048
2.083106e-6	1.034459e-10	2.238721e-9	930.5355360940467
2.13163e-6	1.071141e-10	2.290868e-9	930.536859434939
2.181285e-6	1.109089e-10	2.344229e-9	930.5387438257952
2.232096e-6	1.148347e-10	2.398833e-9	930.5403230237371
2.284091e-6	1.188959e-10	2.454709e-9	930.5420299921495
2.337297e-6	1.230969e-10	2.511886e-9	930.5438610271327
2.391743e-6	1.274425e-10	2.5703959999999997e-9	930.545504467016
2.447457e-6	1.319375e-10	2.630268e-9	930.5473577217227
2.504468e-6	1.365869e-10	2.691535e-9	930.5487712030496
2.562808e-6	1.413959e-10	2.754229e-9	930.5505809066713
2.622507e-6	1.463698e-10	2.818383e-9	930.5525082290093
2.683597e-6	1.515141e-10	2.8840319999999994e-9	930.5543468657769
2.746109e-6	1.568345e-10	2.9512089999999995e-9	930.5562006960538
2.810078e-6	1.623369e-10	3.019952e-9	930.5579482389123
2.875537e-6	1.680272e-10	3.0902949999999996e-9	930.5600362424946
2.942521e-6	1.739118e-10	3.162278e-9	930.5617380255626
3.011065e-6	1.799971e-10	3.235937e-9	930.5635422135845
3.081206e-6	1.862899e-10	3.311311e-9	930.5656550834398
3.152981e-6	1.927969e-10	3.388442e-9	930.5674398145223
3.226428e-6	1.995252e-10	3.467369e-9	930.5694101781495
3.301586e-6	2.064823e-10	3.548134e-9	930.5715292319851
3.378494e-6	2.136757e-10	3.630781e-9	930.5732501354393
3.457195e-6	2.211132e-10	3.7153519999999994e-9	930.575652912564
3.537728e-6	2.288028e-10	3.801894e-9	930.5774445052913
3.620138e-6	2.36753e-10	3.890451e-9	930.579707339843
3.704468e-6	2.449722e-10	3.981072e-9	930.5817559190086
3.790762e-6	2.534695e-10	4.073803e-9	930.5838965458075
3.879066e-6	2.622538e-10	4.168694e-9	930.5859949902775
3.969427e-6	2.713348e-10	4.265795000000001e-9	930.5881634724594
4.061893e-6	2.807222e-10	4.365158e-9	930.5903067426196
4.156514e-6	2.90426e-10	4.466836e-9	930.5925773858721
4.253338e-6	3.004567e-10	4.570882e-9	930.5946766291495
4.352418e-6	3.108249e-10	4.677351e-9	930.5970034962097
4.453806e-6	3.215419e-10	4.786301e-9	930.599129035136
4.538835e-6	3.306119e-10	4.877671e-9	930.6010208355586
4.675023e-6	3.30612e-10	5.024015000107458e-9	930.601045558184
4.772363e-6	3.407815e-10	5.128614e-9	930.6030404120879
4.883534e-6	3.525066e-10	5.248075000000001e-9	930.6053184453347
4.997294e-6	3.646249e-10	5.370318e-9	930.6075775959636
5.113705e-6	3.771492e-10	5.4954089999999994e-9	930.6099235197962
5.232827e-6	3.900928e-10	5.623413e-9	930.6122621262211
5.354725e-6	4.034695e-10	5.754399e-9	930.6147296181581
5.479462e-6	4.172934e-10	5.888437e-9	930.6169520706429
5.607105e-6	4.31579e-10	6.025596000000001e-9	930.6194074411893
5.737721e-6	4.463415e-10	6.16595e-9	930.6217762875144
5.871381e-6	4.615965e-10	6.309573e-9	930.6244014452324
6.008154e-6	4.773598e-10	6.456542e-9	930.6268525473853
6.148113e-6	4.936482e-10	6.606933999999999e-9	930.6293430810722
6.291332e-6	5.104787e-10	6.76083e-9	930.631664854759
6.437888e-6	5.278688e-10	6.918310000000001e-9	930.634196617382
6.587859e-6	5.458369e-10	7.079458e-9	930.6368986015597
6.741322e-6	5.644017e-10	7.24436e-9	930.6393389754237
6.898361e-6	5.835826e-10	7.413102e-9	930.642068947655
7.059059e-6	6.033995e-10	7.585776e-9	930.6447223725035
7.2235e-6	6.238732e-10	7.762471e-9	930.6474540387977
7.391771e-6	6.450248e-10	7.943282e-9	930.6500795011433
7.563963e-6	6.668763e-10	8.128305e-9	930.6528084637573
7.740166e-6	6.894505e-10	8.317637999999998e-9	930.6554878320024
7.920474e-6	7.127707e-10	8.51138e-9	930.6583386830338
8.104983e-6	7.36861e-10	8.709636e-9	930.6611505922866
8.293789e-6	7.617464e-10	8.912509e-9	930.6639405805929
8.486994e-6	7.874525e-10	9.120108e-9	930.6667697904454
8.684701e-6	8.140058e-10	9.332543e-9	930.669701259346
8.887013e-6	8.414337e-10	9.549926e-9	930.6725972222193
9.094038e-6	8.697645e-10	9.772371999999998e-9	930.6755580426126
9.305886e-6	8.990271e-10	1.e-8	930.67850271
9.522669e-6	9.292518e-10	1.023293e-8	930.6814618882372
9.744502e-6	9.604694e-10	1.047129e-8	930.6840388720016
9.971504e-6	9.927119e-10	1.071519e-8	930.6878097261924
0.00001020379	1.026012e-9	1.0964780000000002e-8	930.6904481439664
0.00001044149	1.060405e-9	1.1220179999999998e-8	930.6936613316362
0.00001068473	1.095924e-9	1.148154e-8	930.6962240256969
0.00001093364	1.132607e-9	1.174898e-8	930.6997379346973
0.00001118834	1.170491e-9	1.202264e-8	930.7032807270284
0.00001144898	1.209614e-9	1.230269e-8	930.7061800305462
0.00001171569	1.250016e-9	1.258925e-8	930.7099323629286
0.00001198861	1.291738e-9	1.28825e-8	930.7123413933631
0.00001226789	1.334822e-9	1.318257e-8	930.7156967116427
0.00001255368	1.379313e-9	1.3489630000000002e-8	930.7193238806401
0.00001284613	1.425255e-9	1.3803840000000001e-8	930.7232809855808
0.00001314539	1.472695e-9	1.4125379999999998e-8	930.7263022304534
0.00001345162	1.52168e-9	1.44544e-8	930.729859419969
0.00001376498	1.57226e-9	1.479108e-8	930.733405539014
0.00001408565	1.624487e-9	1.513561e-8	930.7371481559052
0.00001441378	1.678413e-9	1.548817e-8	930.7399397733883
0.00001474956	1.734091e-9	1.584893e-8	930.7438477550221
0.00001509316	1.791579e-9	1.6218099999999996e-8	930.7472255689632
0.00001544477	1.850934e-9	1.6595870000000003e-8	930.7508997117957
0.00001580457	1.912216e-9	1.6982440000000004e-8	930.7544861633544
0.00001617275	1.975486e-9	1.737801e-8	930.7582102899008
0.00001654951	2.040808e-9	1.778279e-8	930.7623161494905
0.00001693504	2.108247e-9	1.819701e-8	930.7654525111543
0.00001732956	2.17787e-9	1.8620870000000003e-8	930.7695005657631
0.00001773327	2.249748e-9	1.9054609999999996e-8	930.7731697473735
0.00001814639	2.323952e-9	1.949845e-8	930.7772644492253
0.00001856912	2.400556e-9	1.995262e-8	930.7810481029559
0.00001900171	2.479638e-9	2.041738e-8	930.7849311713843
0.00001944438	2.561274e-9	2.089296e-8	930.7891880327153
0.00001989735	2.645548e-9	2.137962e-8	930.7927618919325
0.00002036089	2.732543e-9	2.187762e-8	930.7969762250191
0.00002083522	2.822346e-9	2.238721e-8	930.801218463578
0.0000213206	2.915045e-9	2.290868e-8	930.8050505310651
0.00002181729	3.010733e-9	2.344229e-8	930.8092653490764
0.00002232555	3.109505e-9	2.398833e-8	930.8134207341653
0.00002284565	3.211459e-9	2.4547090000000004e-8	930.8175208955521
0.00002337787	3.316696e-9	2.5118860000000003e-8	930.8219678759307
0.00002392249	3.42532e-9	2.5703959999999997e-8	930.8260408123884
0.0000244798	3.53744e-9	2.6302680000000005e-8	930.8305252544607
0.00002505009	3.653165e-9	2.691535e-8	930.8347528454952
0.00002563367	3.77261e-9	2.754229e-8	930.8391789498985
0.00002623084	3.895894e-9	2.8183830000000005e-8	930.8435331181034
0.00002684193	4.023137e-9	2.8840320000000005e-8	930.8479634414597
0.00002746725	4.154466e-9	2.9512090000000002e-8	930.852557917789
0.00002810714	4.29001e-9	3.019952e-8	930.8568483869942
0.00002876195	4.429903e-9	3.090295e-8	930.8619372260578
0.000029432	4.574283e-9	3.162278e-8	930.8661124354026
0.00003011767	4.723291e-9	3.235937e-8	930.8708201364859
0.00003081931	4.877074e-9	3.311311e-8	930.8756282330471
0.0000315373	5.035783e-9	3.388442e-8	930.8802034386305
0.00003227202	5.199575e-9	3.4673690000000004e-8	930.8850478561699
0.00003302385	5.36861e-9	3.548134e-8	930.8898313874276
0.00003379321	5.543054e-9	3.630781000000001e-8	930.8948420188383
0.00003458048	5.723078e-9	3.715352e-8	930.8997661056071
0.0000353861	5.908859e-9	3.801894e-8	930.9046716978434
0.00003621049	6.100579e-9	3.890451e-8	930.9098245678972
0.00003705408	6.298425e-9	3.981072e-8	930.9145482674014
0.00003791733	6.502591e-9	4.073803e-8	930.9196490601042
0.0000388007	6.713277e-9	4.168694e-8	930.9249677956693
0.00003970464	6.930689e-9	4.265795e-8	930.9301241386424
0.00004062964	7.155039e-9	4.3651580000000004e-8	930.9352614269632
0.0000415762	7.386547e-9	4.466836000000001e-8	930.9405258442439
0.00004254481	7.625437e-9	4.570882e-8	930.9458313953413
0.00004353598	7.871944e-9	4.677351000000001e-8	930.9511290471894
0.00004455025	8.126309e-9	4.786301e-8	930.9564172625165
0.00004558815	8.388777e-9	4.897787999999999e-8	930.9618704811234
0.00004665024	8.659607e-9	5.011872e-8	930.9675029011116
0.00004773706	8.93906e-9	5.1286140000000005e-8	930.9727552122268
0.00004884922	9.22741e-9	5.248074999999999e-8	930.9784522896492
0.00004998728	9.524937e-9	5.370317999999999e-8	930.984067181869
0.00005115186	9.831929e-9	5.495409e-8	930.9897030230143
0.00005234357	1.014869e-8	5.623413e-8	930.9954415583561
0.00005356305	1.047552e-8	5.7543990000000006e-8	931.0012308844068
0.00005481094	1.081274e-8	5.888436999999999e-8	931.0068654890932
0.00005608791	1.116067e-8	6.025596e-8	931.0128105170013
0.000057394629999999996	1.151966e-8	6.16595e-8	931.0187345015772
0.00005873179	1.189006e-8	6.309573e-8	931.0246519059214
0.00006010011	1.227221e-8	6.456542e-8	931.0306075605178
0.00006150031	1.26665e-8	6.606934e-8	931.0366427150628
0.00006293314	1.30733e-8	6.76083e-8	931.0426870665287
0.00006439935	1.349302e-8	6.91831e-8	931.0488113426546
0.00006589972	1.392604e-8	7.079457999999999e-8	931.0549768075465
0.00006743505	1.43728e-8	7.24436e-8	931.0611675841619
0.00006900616	1.483373e-8	7.413102e-8	931.0676384865607
0.00007061387	1.530926e-8	7.585776e-8	931.0738843329938
0.00007225904	1.579987e-8	7.762470999999999e-8	931.0803205577195
0.00007394254	1.630602e-8	7.943281999999999e-8	931.0867475182173
0.00007566527	1.682821e-8	8.128305e-8	931.0932378890802
0.00007742814	1.736693e-8	8.317638000000002e-8	931.0997536800711
0.00007923208	1.792272e-8	8.51138e-8	931.1063860384567
0.00008107806	1.849609e-8	8.709636e-8	931.1130349190254
0.00008296705	1.908762e-8	8.912509e-8	931.1198184484302
0.00008490005	1.969786e-8	9.120108000000001e-8	931.1265596854773
0.00008687809	2.03274e-8	9.332543e-8	931.1333191821351
0.00008890223	2.097686e-8	9.549926000000002e-8	931.1402712439865
0.00009097352	2.164686e-8	9.772372e-8	931.1471857600181
0.00009309308	2.233804e-8	9.999999999999998e-8	931.1541804000001
0.00009526202	2.305107e-8	1.0232929999999999e-7	931.1611734859908
0.00009748151	2.378664e-8	1.0471290000000001e-7	931.1679519906335
0.0000997527	2.454544e-8	1.071519e-7	931.1756995442918
0.0001020768	2.532822e-8	1.0964780000000002e-7	931.1826431538069
0.0001044551	2.613572e-8	1.1220180000000002e-7	931.1903705644651
0.0001068888	2.696873e-8	1.148154e-7	931.1971105792429
0.0001093792	2.782803e-8	1.174898e-7	931.2044792824568
0.0001119276	2.871447e-8	1.202264e-7	931.2123998556058
0.0001145354	2.962888e-8	1.230269e-7	931.2193421113595
0.000117204	3.057214e-8	1.2589249999999996e-7	931.2276119705305
0.0001199348	3.154517e-8	1.28825e-7	931.2349712400544
0.0001227291	3.254889e-8	1.318257e-7	931.242154526773
0.0001255886	3.358427e-8	1.348963e-7	931.2500362871333
0.0001285148	3.465231e-8	1.3803839999999998e-7	931.2586375240514
0.0001315091	3.575401e-8	1.412538e-7	931.265948314311
0.0001345732	3.689045e-8	1.44544e-7	931.2741480102943
0.0001377086	3.806271e-8	1.479108e-7	931.281980152903
0.0001409172	3.927191e-8	1.513561e-7	931.2903273141949
0.0001442005	4.051922e-8	1.548817e-7	931.2980114500293
0.0001475603	4.180582e-8	1.584893e-7	931.3064403716844
0.0001509984	4.313295e-8	1.62181e-7	931.314598812438
0.0001522496	4.361852e-8	1.6352440000000002e-7	931.3180083216938
0.0001581168	4.397829e-8	1.698244e-7	931.3195176311532
0.0001618009	4.537383e-8	1.7378009999999998e-7	931.3280049326708
0.0001655708	4.681333e-8	1.778279e-7	931.336496297825
0.0001694285	4.829814e-8	1.8197010000000003e-7	931.3442051194124
0.0001733762	4.982969e-8	1.862087e-7	931.3529909719579
0.0001774158	5.140945e-8	1.905461e-7	931.3610168352959
0.0001815496	5.303892e-8	1.949845e-7	931.3696161489759
0.0001857796	5.471966e-8	1.995262e-7	931.378032859845
0.0001901083	5.645329e-8	2.0417380000000003e-7	931.3866582783883
0.0001945378	5.824145e-8	2.089296e-7	931.3952711822548
0.0001990706	6.008585e-8	2.1379619999999998e-7	931.4042337983557
0.000203709	6.198825e-8	2.1877620000000004e-7	931.4129610533503
0.0002084554	6.395048e-8	2.238721e-7	931.421782705393
0.0002133125	6.597441e-8	2.290868e-7	931.4306822130301
0.0002182827	6.806196e-8	2.3442290000000002e-7	931.4395562890827
0.0002233688	7.021512e-8	2.398833e-7	931.4488133188096
0.0002285734	7.243597e-8	2.454709e-7	931.458009768164
0.0002338992	7.47266e-8	2.511886e-7	931.4671390341758
0.0002393492	7.708921e-8	2.570396e-7	931.4762752898774
0.0002449262	7.952605e-8	2.630268e-7	931.4857879501252
0.0002506332	8.203945e-8	2.691535e-7	931.4953714144532
0.0002564731	8.463179e-8	2.754229e-7	931.5047216117468
0.0002624491	8.730556e-8	2.818383e-7	931.5142958213982
0.0002685644	9.006329e-8	2.884032e-7	931.5238641249474
0.0002748222	9.290762e-8	2.951209e-7	931.5338480602355
0.0002812258	9.584125e-8	3.019952e-7	931.5434193987189
0.0002877787	9.886699e-8	3.090295e-7	931.5536768819806
0.0002944843	1.019877e-7	3.1622779999999993e-7	931.5635364759203
0.0003013461	1.052064e-7	3.235937e-7	931.5734713005846
0.0003083678	1.085261e-7	3.311311e-7	931.5836721467721
0.0003155532	1.119499e-7	3.388442e-7	931.5937823341818
0.000322906	1.154813e-7	3.4673689999999997e-7	931.603995132909
0.0003304302	1.191234e-7	3.548134e-7	931.6145427427488
0.0003381298	1.228797e-7	3.630781e-7	931.6251233550028
0.0003460087	1.267539e-7	3.715352e-7	931.6356940069205
0.0003540713	1.307497e-7	3.801894e-7	931.646304973258
0.0003623218	1.348707e-7	3.890451e-7	931.6572055527752
0.0003707645	1.39121e-7	3.9810719999999996e-7	931.6677040756862
0.000379404	1.435046e-7	4.073803e-7	931.6785927056364
0.0003882449	1.480256e-7	4.1686939999999994e-7	931.6896985002976
0.0003972918	1.526884e-7	4.2657950000000004e-7	931.7008632622992
0.0004065495	1.574974e-7	4.365158e-7	931.7119733123062
0.000416023	1.624571e-7	4.466836e-7	931.7231640024393
0.0004257172	1.675723e-7	4.570882e-7	931.7343398932635
0.0004356374	1.728478e-7	4.677351e-7	931.7458702586143
0.0004457888	1.782886e-7	4.786301e-7	931.7572977545709
0.0004561768	1.839e-7	4.897788e-7	931.7689944930241
0.0004668068	1.896872e-7	5.011872000000001e-7	931.7805546510366
0.0004776847	1.956557e-7	5.128614e-7	931.7924018068038
0.000488816	2.018113e-7	5.248074999999999e-7	931.80415923934
0.0005002068	2.081596e-7	5.370318e-7	931.8162529667703
0.000511863	2.147069e-7	5.495409e-7	931.8281985926798
0.0005237909	2.214592e-7	5.623413e-7	931.8404307135186
0.0005359968	2.28423e-7	5.754399e-7	931.8526973885542
0.0005484872	2.35605e-7	5.888437e-7	931.864949900967
0.0005612686	2.430119e-7	6.025596e-7	931.8772979469582
0.000574348	2.506507e-7	6.165950000000001e-7	931.8898964474249
0.0005877322	2.585287e-7	6.309573e-7	931.9025688426141
0.0006014284	2.666534e-7	6.456542e-7	931.9153401309865
0.0006154438	2.750324e-7	6.606934e-7	931.9282323692048
0.0006297858	2.836738e-7	6.76083e-7	931.9410099055883
0.0006444621	2.925858e-7	6.918309999999999e-7	931.9540260554962
0.0006594805	3.017767e-7	7.079458e-7	931.9672165581036
0.0006748489	3.112553e-7	7.244360000000001e-7	931.9804030997907
0.0006905755	3.210305e-7	7.413102e-7	931.9938272804017
0.0007066687	3.311117e-7	7.585776e-7	932.0072352518714
0.0007231369	3.415085e-7	7.762470999999999e-7	932.0207553754467
0.000739989	3.522305e-7	7.943282000000001e-7	932.0344292195593
0.0007707905	3.569864e-7	8.273756e-7	932.0404014815036
0.0007748804	3.595303e-7	8.317637999999999e-7	932.0433641137063
0.0007929382	3.708164e-7	8.51138e-7	932.0568655141705
0.0008114169	3.824555e-7	8.709635999999999e-7	932.07035919756
0.0008303263	3.944589e-7	8.912509000000001e-7	932.0840617383948
0.0008420832	4.019687e-7	9.038643999999999e-7	932.0924341084792
0.0008694773	4.088093e-7	9.332543e-7	932.0997602689856
0.0008897397	4.216374e-7	9.549926e-7	932.1133351190365
0.0009104744	4.348669e-7	9.772372e-7	932.1270894108411
0.0009316923	4.485103e-7	1.e-6	932.1408103
0.0009534047999999999	4.625804e-7	1.023293e-6	932.154700950754
0.0009756234	4.770906e-7	1.047129e-6	932.1683294035405
0.0009983599	4.920546e-7	1.071519e-6	932.1831480356392
0.001021626	5.074866e-7	1.096478e-6	932.1969858036367
0.001045435	5.234013e-7	1.122018e-6	932.2117838572999
0.001069799	5.398137e-7	1.1481539999999999e-6	932.2258283296492
0.00109473	5.567393e-7	1.174898e-6	932.2398534170626
0.001120243	5.741942e-7	1.2022639999999998e-6	932.2554731739451
0.00114635	5.921948e-7	1.230269e-6	932.2694425365507
0.001173066	6.107583e-7	1.2589250000000002e-6	932.2848925074964
0.001200405	6.299022e-7	1.28825e-6	932.2995553658066
0.001228381	6.496446e-7	1.3182569999999998e-6	932.3149011156398
0.001257009	6.700042e-7	1.348963e-6	932.3302449362956
0.001286304	6.910003e-7	1.3803840000000001e-6	932.3456373733686
0.001316283	7.126527e-7	1.4125380000000002e-6	932.3612198043521
0.00134696	7.34982e-7	1.44544e-6	932.3769800199246
0.001378352	7.580093e-7	1.479108e-6	932.3930431719658
0.001410476	7.817563e-7	1.513561e-6	932.4089060830717
0.001443348	8.062455e-7	1.5488170000000002e-6	932.4240665617693
0.001476987	8.315002e-7	1.584893e-6	932.4405497405818
0.00151141	8.575441e-7	1.62181e-6	932.4566651457322
0.001546636	8.84402e-7	1.6595870000000002e-6	932.4732008626243
0.001582683	9.120992e-7	1.6982439999999998e-6	932.4897359861128
0.00161957	9.406619e-7	1.7378009999999997e-6	932.5064618445956
0.001657316	9.701172e-7	1.7782789999999998e-6	932.523027713874
0.001695943	1.000493e-6	1.8197010000000002e-6	932.5397375722715
0.001735471	1.031818e-6	1.8620869999999998e-6	932.5572961950758
0.001739608	1.03511e-6	1.866524e-6	932.5586544828782
0.00181731	1.051185e-6	1.949845e-6	932.567042508507
0.001859665	1.084093e-6	1.995262e-6	932.5838376113012
0.001903008	1.11803e-6	2.041738e-6	932.6005736289377
0.001947361	1.153027e-6	2.089296e-6	932.6175070454354
0.001992748	1.189118e-6	2.137962e-6	932.6344986487131
0.002039193	1.226336e-6	2.1877619999999994e-6	932.6514200356346
0.002086721	1.264716e-6	2.238721e-6	932.6690177114523
0.002135357	1.304296e-6	2.290868e-6	932.6863424693173
0.002185127	1.345112e-6	2.3442290000000005e-6	932.7041479309399
0.002236057	1.387203e-6	2.398833e-6	932.721953966783
0.002288174	1.430608e-6	2.4547090000000004e-6	932.7397292306338
0.002341506	1.47537e-6	2.511886e-6	932.7578441059826
0.002396082	1.52153e-6	2.5703960000000003e-6	932.7759341362187
0.00245193	1.569131e-6	2.630268e-6	932.7943506137017
0.00250908	1.618219e-6	2.691535e-6	932.812770036429
0.002567562	1.66884e-6	2.7542290000000004e-6	932.8312351659937
0.002627408	1.721042e-6	2.818383e-6	932.850163373821
0.002688649	1.774875e-6	2.8840319999999994e-6	932.8689400811087
0.002751317	1.830388e-6	2.951209e-6	932.8879750637791
0.002815447	1.887635e-6	3.019952e-6	932.9070909074052
0.002881072	1.94667e-6	3.090295e-6	932.9266849928567
0.002948227	2.007549e-6	3.1622780000000004e-6	932.9459803976753
0.003016947	2.070328e-6	3.235937e-6	932.9654217619192
0.00308727	2.135068e-6	3.311311e-6	932.9854755412584
0.003159232	2.201829e-6	3.388442e-6	933.0051477935878
0.003232872	2.270675e-6	3.467369e-6	933.0252058549291
0.003308229	2.34167e-6	3.548134e-6	933.0455585950249
0.003385343	2.414882e-6	3.630781e-6	933.0658836211823
0.003464255	2.49038e-6	3.715352e-6	933.0866577379478
0.003545007	2.568235e-6	3.801894e-6	933.1073499155948
0.003627641	2.648521e-6	3.890451e-6	933.1281954200168
0.003712203	2.731313e-6	3.981072e-6	933.1492404558369
0.003798736	2.81669e-6	4.073803e-6	933.170477315668
0.003887286	2.904733e-6	4.168694e-6	933.191722155668
0.003977901	2.995524e-6	4.265795e-6	933.2132753683661
0.004070629	3.089149e-6	4.365158e-6	933.2349823305365
0.00416552	3.185697e-6	4.466836e-6	933.2569400354076
0.004262622	3.285258e-6	4.570882e-6	933.2787978337661
0.004361989	3.387928e-6	4.677351e-6	933.3011202280951
0.004463673	3.493802e-6	4.786301e-6	933.3234165590504
0.004567728	3.602982e-6	4.897788e-6	933.346029268723
0.00467421	3.715569e-6	5.011872000000001e-6	933.368922630107
0.004783174	3.83167e-6	5.128614e-6	933.3916863308489
0.004894679	3.951396e-6	5.2480750000000006e-6	933.4147084407139
0.005008784	4.074858e-6	5.370318000000001e-6	933.4379934298116
0.00512555	4.202174e-6	5.495409e-6	933.4613991424478
0.005245039	4.333463e-6	5.623413e-6	933.4851384737347
0.005367314	4.46885e-6	5.754399000000001e-6	933.5089294294677
0.00549244	4.608463e-6	5.888436999999999e-6	933.5326951787038
0.005620485	4.752432e-6	6.025596e-6	933.5570177622263
0.005751515	4.900895e-6	6.165950000000001e-6	933.5813451292987
0.005885601	5.053992e-6	6.309573000000001e-6	933.6059654116054
0.006022814	5.211866e-6	6.456542e-6	933.6307060342826
0.006163226	5.374667e-6	6.606934e-6	933.655560506583
0.006306914	5.542549e-6	6.76083e-6	933.680709173282
0.006349596	5.592666e-6	6.8065439999999995e-6	933.6880311065352
0.006604413	5.624687e-6	7.079458e-6	933.6926198305013
0.006758382	5.800371e-6	7.24436e-6	933.7170393243848
0.006915942	5.981537e-6	7.413101999999999e-6	933.7418447769908
0.007077177	6.168356e-6	7.5857760000000005e-6	933.7667439692393
0.007242171	6.361006e-6	7.762471e-6	933.7918307198829
0.007411014	6.559667e-6	7.943282e-6	933.8172391462371
0.007583794	6.764527e-6	8.128305e-6	933.8427294497438
0.007760603	6.97578e-6	8.317638e-6	933.8683385836218
0.007941535	7.193624e-6	8.511379999999998e-6	933.8942244383402
0.008126688	7.418266e-6	8.709636e-6	933.9203459249043
0.008316158	7.649917e-6	8.912509000000001e-6	933.9466492544357
0.008510047	7.888797e-6	9.120108e-6	933.9731280594484
0.008708458	8.13513e-6	9.332543e-6	933.999782267277
0.008911497	8.389149e-6	9.549926e-6	934.0267295264908
0.009119271	8.651094e-6	9.772372e-6	934.053891317277
0.00933189	8.921211e-6	0.00001	934.0811211
0.009549469	9.199757e-6	0.00001023293	934.1086821663004
0.009772122	9.486993e-6	0.00001047129	934.1360035869504
0.009999969	9.783191e-6	0.000010715190000000001	934.1646943264655
0.01023313	0.00001008863	0.00001096478	934.1928091580496
0.01047173	0.0000104036	0.00001122018	934.2215187278636
0.01071589	0.0000107284	0.00001148154	934.2490989884633
0.01096575	0.00001106332	0.00001174898	934.2779815779753
0.01122144	0.0000114087	0.00001202264	934.3079972451973
0.01148309	0.00001176485	0.000012302690000000001	934.3367060374601
0.01175084	0.00001213212	0.00001258925	934.3663935500526
0.01202484	0.00001251084	0.000012882499999999999	934.3955629730254
0.01230523	0.00001290138	0.00001318257	934.4256377929341
0.01259216	0.0000133041	0.000013489630000000003	934.4558820367942
0.01288579	0.00001371938	0.00001380384	934.487025349468
0.01318626	0.00001414762	0.00001412538	934.5169914012932
0.01349374	0.00001458922	0.000014454400000000002	934.5479037524906
0.0138084	0.00001504459	0.00001479108	934.5798001227768
0.01413039	0.00001551417	0.000015135610000000002	934.6107735334089
0.0144599	0.0000159984	0.00001548817	934.6422721341514
0.01479709	0.00001649773	0.00001584893	934.6743111364617
0.01514215	0.00001701264	0.0000162181	934.7064477343215
0.01549526	0.00001754362	0.00001659587	934.7388006775179
0.01561285	0.00001772134	0.00001672167	934.7494203629183
0.01622636	0.00001772535	0.00001737801	934.7494534759734
0.01660474	0.00001827855	0.00001778279	934.7812435506464
0.01699195	0.00001884901	0.00001819701	934.8128626626021
0.01738819	0.00001943727	0.00001862087	934.8450029456195
0.01779367	0.00002004387	0.00001905461	934.8768549972947
0.01820861	0.0000206694	0.00001949845	934.9091543173945
0.01863323	0.00002131444	0.000019952619999999997	934.942099834508
0.01906776	0.0000219796	0.00002041738	934.9749869963726
0.01951243	0.0000226655	0.00002089296	935.0085148298758
0.01996746	0.0000233728	0.00002137962	935.0415395596367
0.02043312	0.00002410216	0.00002187762	935.0753034379425
0.02090964	0.00002485428	0.00002238721	935.1095683651514
0.02139727	0.00002562985	0.000022908679999999995	935.1433539601584
0.02189629	0.00002642961	0.00002344229	935.1782445315708
0.02240694	0.00002725432	0.00002398833	935.2128439120188
0.02292951	0.00002810475	0.00002454709	935.2479153333451
0.02346427	0.00002898171	0.00002511886	935.2833572064974
0.02401151	0.00002988602	0.00002570396	935.3187610002506
0.02457152	0.00003081853	0.00002630268	935.354820497379
0.02514459	0.00003178013	0.000026915349999999996	935.3907762670744
0.02573104	0.00003277172	0.00002754229	935.4273635198816
0.02633116	0.00003379424	0.00002818383	935.4638542738867
0.02694529	0.00003484865	0.000028840319999999997	935.5006688552693
0.02757376	0.00003593595	0.00002951209	935.5384843974113
0.02821688	0.00003705715	0.00003019952	935.5757028588533
0.02887501	0.00003821333	0.00003090295	935.6136980450085
0.0295485	0.00003940557	0.00003162278	935.6516274027774
0.03023771	0.00004063499	0.00003235937	935.6901877261517
0.03094299	0.00004190275	0.00003311311	935.7288623750533
0.03166474	0.00004321006	0.00003388442	935.7678266294656
0.03240333	0.00004455813	0.00003467368999999999	935.8071820449453
0.03315915	0.00004594825	0.00003548134	935.8467929903436
0.03393262	0.00004738172	0.000036307810000000006	935.8868441803568
0.03472413	0.0000488599	0.00003715352	935.9271988226151
0.03553411	0.00005038418	0.00003801894	935.9675514362053
0.03561557	0.00005053811	0.00003810597000000001	935.9716629703953
0.03721117	0.00005064854	0.00003981072	935.9744948094383
0.03807912	0.0000522286	0.00004073803	936.0135627569622
0.03896734	0.00005385794	0.000041686940000000005	936.05330446418
0.03987628	0.00005553809	0.00004265795	936.0932274054426
0.04080643	0.00005727064	0.00004365157999999999	936.1333688265122
0.04175829	0.00005905722	0.00004466836	936.1737753523972
0.04273236	0.00006089952	0.00004570882000000001	936.2144881447387
0.04372916	0.00006279928	0.00004677351	936.2555703003687
0.04474923	0.00006475828	0.00004786301	936.2969081969563
0.04579311	0.00006677837	0.00004897788000000001	936.3387792611684
0.04686135	0.00006886146	0.00005011872	936.3808864232766
0.04795452	0.00007100952	0.00005128614	936.4231646210848
0.0490732	0.00007322456	0.000052480750000000004	936.465743343988
0.05021799	0.00007550868	0.00005370318	936.5087631682146
0.05138951	0.00007786403	0.00005495409	936.5522025749129
0.0543213	0.00007956368	0.00005808442	936.5827132301572
0.05507053	0.00008102877	0.000058884370000000006	936.6077750343596
0.05635521	0.00008355627	0.00006025596	936.6503540894545
0.05766986	0.0000861626	0.0000616595	936.6930091875544
0.05901521	0.0000888502	0.00006309573	936.736292614413
0.06039195	0.00009162162	0.00006456542	936.7796510887716
0.06180083	0.00009447946	0.00006606934	936.8234866581079
0.06324259	0.00009742642	0.00006760830000000001	936.8674618353073
0.064718	0.0001004653	0.0000691831	936.9118368503291
0.06622785	0.0001035989	0.00007079458	936.9565989373764
0.06777295	0.0001068303	0.0000724436	937.0017544683036
0.06935411	0.0001101624	0.00007413101999999999	937.0473035444542
0.0709025	0.0001134499	0.0000757834	937.0911030647873
0.07432237	0.0001161892	0.00007943282	937.12597890897
0.0760563	0.0001198131	0.00008128305	937.1709489247758
0.07783072	0.0001235501	0.00008317637999999999	937.2164321169063
0.07964655	0.0001274036	0.00008511380000000001	937.262272392961
0.08150477	0.0001313772	0.00008709636	937.3083697183213
0.08340637	0.0001354748	0.00008912509	937.3549558266924
0.08535236	0.0001397002	0.00009120108	937.4018399782108
0.08734377	0.0001440573	0.00009332543	937.4489600530103
0.08938168	0.0001485503	0.00009549926000000002	937.4965868845475
0.09146716	0.0001531833	0.00009772372000000001	937.5445725971136
0.09360132	0.0001579609	0.00010000000000000002	937.592809
0.09578532	0.0001628874	0.0001023293	937.6415884795459
0.09802029	0.0001679676	0.00010471289999999999	937.69017570901
0.1003075	0.0001732062	0.0001071519	937.7407792115678
0.1008452	0.0001744436	0.0001077254	937.7513901085538
0.105043	0.0001766863	0.0001122018	937.7718209511792
0.107494	0.0001821968	0.00011481539999999999	937.8201600133781
0.1100021	0.0001878791	0.0001174898	937.8684711353667
0.1125689	0.0001937385	0.0001202264	937.9191134393112
0.1151955	0.0001997807	0.0001230269	937.9678810081374
0.1178835	0.0002060113	0.0001258925	938.0186373294678
0.1206342	0.0002124361	0.000128825	938.06820182418
0.1234492	0.0002190613	0.0001318257	938.1195115975111
0.1263299	0.0002258931	0.00013489629999999998	938.1709735552421
0.1292778	0.0002329379	0.0001380384	938.2225373519253
0.1322946	0.0002402024	0.0001412538	938.2742439495433
0.1353818	0.0002476934	0.000144544	938.3266922182864
0.1385411	0.000255418	0.0001479108	938.3798748975736
0.1417742	0.0002633835	0.0001513561	938.4331619274014
0.1450827	0.0002715973	0.0001548817	938.4859366858708
0.1484686	0.0002800673	0.0001584893	938.5407551172225
0.1519335	0.0002888014	0.000162181	938.5951584957547
0.1554793	0.0002978078	0.00016595869999999998	938.649843605668
0.1580418	0.000304359	0.0001686886	938.6891526754032
0.1666209	0.0003123413	0.0001778279	938.7348177648163
0.1705093	0.0003220817	0.0001819701	938.7881948737733
0.1744886	0.0003321258	0.0001862087	938.8429530951023
0.1785609	0.0003424831	0.0001905461	938.8981621770271
0.1827282	0.0003531634	0.0001949845	938.9534214258057
0.1869928	0.0003641767	0.0001995262	939.0093967609266
0.1913571	0.0003755334	0.00020417380000000001	939.0658027621565
0.1958232	0.0003872442	0.00020892960000000002	939.1222890389873
0.2003937	0.0003993201	0.00021379619999999997	939.1795555767595
0.2050709	0.0004117726	0.0002187762	939.2368667158494
0.2098573	0.0004246134	0.0002238721	939.2948625576836
0.2147556	0.0004378545	0.0002290868	939.3533564570284
0.2195833	0.0004510029	0.00023422600000000003	939.4102401099792
0.2301469	0.0004577091	0.0002454709	939.4376649126231
0.2355185	0.0004719822	0.0002511886	939.4951928550897
0.2410156	0.0004867003	0.00025703960000000007	939.5528949624882
0.2466411	0.0005018774	0.0002630268	939.611390930506
0.2477387	0.0005048519	0.0002641949	939.622800818638
0.252398	0.0005128182	0.0002691535	939.6527193590274
0.2582891	0.0005205402	0.00027542290000000003	939.6809059813108
0.2643176	0.0005274976	0.00028183829999999996	939.7058440957101
0.2704868	0.0005340658	0.0002884032	939.7290522435256
0.2767997	0.0005404122	0.00029512090000000004	939.7508349967759
0.2832599	0.0005466289	0.0003019952	939.7716549799468
0.2898706	0.0005527728	0.0003090295	939.7917441538751
0.2966355	0.0005588853	0.0003162277999999999	939.811064365625
0.3035582	0.0005650021	0.0003235937	939.8304172794464
0.3106422	0.0005711428	0.00033113110000000006	939.8493309749521
0.3178913	0.0005773289	0.0003388442	939.867434354786
0.3253095	0.0005835763	0.0003467369	939.8857643936944
0.3329006	0.0005899026	0.0003548134	939.9039117462869
0.3406687	0.0005963157	0.00036307810000000006	939.9217845967576
0.3486178	0.0006028331	0.0003715352	939.9395618503979
0.3567523	0.0006094621	0.0003801894	939.9571952821411
0.3650764	0.0006162136	0.00038904510000000006	939.9748604981788
0.3735945	0.0006230992	0.0003981072	939.9920403348646
0.3823113	0.0006301256	0.0004073803	940.0096803895525
0.3912312	0.0006373026	0.0004168694	940.0270266898937
0.4003591	0.0006446377	0.0004265795	940.0445584000169
0.4096997	0.0006521454	0.00043651579999999995	940.0618383114655
0.4192582	0.0006598278	0.00044668359999999995	940.079348782897
0.4290394	0.0006677003	0.0004570882	940.0966822158175
0.4390486	0.0006757658	0.00046773510000000003	940.1141068951208
0.4492912	0.0006840339	0.0004786301	940.1315000874371
0.4597726	0.0006925184	0.0004897788	940.1491416124993
0.4814738	0.0007011234	0.0005128614	940.1661411835635
0.4927052	0.0007103862	0.0005248075	940.1839459230289
0.5041984	0.000719897	0.0005370318000000002	940.2018595546855
0.5159596	0.0007296677	0.0005495409000000001	940.2198593407696
0.5279949	0.0007397086	0.0005623413	940.2379099667764
0.5403108	0.0007500283	0.0005754399	940.2560168316447
0.5529139	0.00076064	0.0005888437	940.2742017958244
0.5658108	0.0007715486	0.0006025596	940.2926259908562
0.5790083	0.0007827725	0.000616595	940.311018577835
0.5925135	0.0007943171	0.0006309573	940.3295866455622
0.6063335	0.0008061996	0.0006456542	940.3480990288608
0.6204758	0.0008184282	0.0006606934	940.3669360099557
0.6349477	0.0008310163	0.0006760829999999998	940.3855980700596
0.6497571	0.0008439751	0.000691831	940.4046293097592
0.6649117	0.0008573187	0.0007079458	940.4237142165404
0.6804196	0.0008710643	0.000724436	940.4428607910154
0.696289	0.000885219	0.0007413102	940.4621965271759
0.7125285	0.0008998009	0.0007585776000000001	940.4816341795487
0.7291465	0.000914823	0.0007762470999999999	940.5011922105732
0.746152	0.0009303016	0.0007943282	940.5209353010506
0.763554	0.0009462505	0.0008128305	940.5408021721624
0.7813617	0.0009626869	0.0008317638	940.5607540265639
0.7995845	0.0009796285	0.000851138	940.5808793638635
0.8182323	0.0009970903	0.0008709636	940.6011804626507
0.8373148	0.001015088	0.0008912509	940.6216453750567
0.8568422	0.001033644	0.0009120108	940.6421985353682
0.8768249	0.001052771	0.0009332543	940.6628729168459
0.8972736	0.001072492	0.0009549926	940.6838251940383
0.918199	0.001092826	0.0009772372	940.7049035791924
0.9396123	0.001113792	0.001	940.7260919999999
0.9615248	0.001135411	0.001023293	940.7473822258141
0.9839483000000001	0.001157703	0.001047129	940.7685232669519
1.006895	0.001180692	0.001071519	940.7912430857504
1.030376	0.001204401	0.0010964779999999997	940.8126756761195
1.054405	0.001228849	0.001122018	940.8350391883197
1.078994	0.001254065	0.001148154	940.8564225704914
1.104157	0.001280069	0.001174898	940.8791818523822
1.129906	0.001306894	0.001202264	940.9022427686433
1.16078	0.00132275	0.001235078	940.9144604632257
1.183219	0.001346557	0.001258925	940.9341755863138
1.210811	0.001376049	0.0012882500000000001	940.9563741509802
1.239047	0.001406466	0.0013182569999999998	940.9799955547363
1.267942	0.00143784	0.001348963	941.00419359167
1.29751	0.001470201	0.0013803839999999997	941.0281494134966
1.327767	0.001503579	0.0014125380000000003	941.0511993305665
1.35873	0.001538007	0.0014454399999999999	941.0753867334513
1.390415	0.001573518	0.001479108	941.0999859374704
1.422839	0.001610144	0.001513561	941.1243709371475
1.456019	0.001647922	0.001548817	941.148581142898
1.489973	0.001686887	0.0015848930000000002	941.1738754603623
1.524719	0.001727076	0.00162181	941.1990775738219
1.560275	0.001768526	0.0016595869999999997	941.2242479604867
1.59666	0.001811274	0.001698244	941.2494753404104
1.633894	0.001855364	0.0017378009999999998	941.2754187619872
1.671996	0.001900836	0.001778279	941.3015820352149
1.710986	0.00194773	0.0018197009999999997	941.3270257036733
1.750886	0.001996089	0.0018620869999999997	941.3534861690135
1.791717	0.002045964	0.001905461	941.3800460885843
1.833499	0.002097391	0.001949845	941.4063122966185
1.876257	0.002150423	0.0019952620000000003	941.4339685715461
1.920011	0.002205108	0.002041738	941.4607104339539
1.964786	0.002261495	0.0020892960000000005	941.4881831009104
2.010605	0.002319635	0.002137962	941.5156279671949
2.057492	0.002379577	0.002187762	941.5428081299519
2.105474	0.002441381	0.002238721	941.5712726150334
2.154574	0.002505096	0.002290868	941.599034077913
2.20482	0.00257078	0.002344229	941.6276225573524
2.256237	0.002638495	0.002398833	941.6560031481974
2.301204	0.002668723	0.002446585	941.6687844485273
2.362697	0.002750976	0.002511886	941.7019625890665
2.417796	0.002825259	0.0025703959999999995	941.730869095657
2.474181	0.002901822	0.0026302680000000003	941.7606198303748
2.53188	0.002980741	0.002691535	941.7899975292909
2.590926	0.003062081	0.0027542289999999995	941.8200451015512
2.651348	0.003145909	0.002818383	941.8499575820605
2.71318	0.003232301	0.0028840319999999995	941.8800835080888
2.776455	0.003321329	0.0029512089999999998	941.9110367988169
2.841205	0.003413069	0.0030199520000000002	941.9414841692849
2.907466	0.003507598	0.003090295	941.9727236396526
2.975272	0.003604995	0.0031622780000000006	942.0035161361524
3.04466	0.003705343	0.003235937	942.0348242255643
3.115667	0.003808728	0.0033113109999999995	942.066670270476
3.18833	0.003915228	0.003388442	942.0982351180867
3.262688	0.004024937	0.003467369	942.1301675708585
3.338781	0.004137945	0.0035481339999999997	942.1625409299648
3.416649	0.004254343	0.003630781	942.1949004911064
3.496333	0.004374226	0.003715352	942.2276075052915
3.577877	0.004497692	0.003801894	942.260539615255
3.661322	0.004624845	0.003890451	942.2935400034597
3.7467149999999996	0.004755782	0.0039810719999999996	942.3267858506451
3.834099	0.004890608	0.004073803	942.3601504540107
3.923522	0.005029431	0.004168694	942.3938123066841
4.015032	0.005172367	0.004265795	942.4279335973715
4.108676	0.005319531	0.004365158	942.461998168222
4.204505	0.005471035	0.004466836	942.4962176807029
4.302569	0.005626999	0.004570882	942.5305660920585
4.402922	0.005787548	0.004677350999999999	942.5654709257442
4.505616	0.005952815	0.004786301000000001	942.6003118065495
4.610706	0.006122923	0.004897788	942.6355168904821
4.718247	0.00629801	0.005011872	942.6707246314352
4.828298	0.006478212	0.005128614	942.706199374724
4.940916	0.006663677	0.005248075	942.7418009460611
5.056163	0.006854551	0.005370318	942.7779790693959
5.174097	0.007050987	0.005495408999999999	942.8138992020431
5.294784	0.007253135	0.005623413	942.850389078661
5.418287	0.007461169	0.005754399	942.8870276461538
5.544671	0.007675242	0.005888437	942.9236046849105
5.674004	0.007895537	0.006025596	942.9605863054874
5.806355	0.008122233	0.006165950000000001	942.9977915811837
5.941794	0.008355513	0.006309573000000001	943.0352122084964
6.080393	0.008595563	0.006456542	943.0727102836162
6.222227	0.008842591	0.006606933999999999	943.1106154534009
6.36737	0.009096805	0.00676083	943.1485194865129
6.5159	0.009358412	0.00691831	943.1867626631359
6.667895	0.00962764	0.007079458	943.2251226011933
6.823438	0.009904727	0.007244359999999999	943.2638255139171
6.98261	0.01018992	0.007413102000000001	943.3028063015995
7.145496	0.01048345	0.007585776	943.3417820404926
7.312184	0.01078561	0.007762471	943.3812519235177
7.482761	0.01109666	0.007943282	943.4208252961433
7.657319	0.01141689	0.008128305000000002	943.4606464693437
7.83595	0.01174662	0.008317638	943.5006212100118
8.01875	0.01208616	0.00851138	943.5410192001768
8.205816	0.01243585	0.008709636	943.5815515137486
8.397247	0.01279603	0.008912509	943.6223884879106
8.593146	0.01316708	0.009120108	943.663504862004
8.793617	0.0135494	0.009332543	943.7048830099149
8.998766	0.01394338	0.009549926	943.746514894461
9.208703	0.01434949	0.009772372	943.788518283995
9.42354	0.01476816	0.01	943.8308159999998
9.643391	0.01519989	0.01023293	943.8734448491292
9.868373	0.0156452	0.01047129	943.9160027083578
10.09861	0.01610465	0.01071519	943.9603637453001
10.33421	0.01657878	0.010964780000000002	944.0033251921151
10.57532	0.01706825	0.01122018	944.0479787311789
10.82205	0.01757369	0.01148154	944.0914450500544
11.07455	0.01809581	0.01174898	944.1369216732007
11.33293	0.01863534	0.01202264	944.1824208326956
11.59735	0.01919308	0.012302689999999998	944.2278948750234
11.86794	0.01976985	0.012589249999999998	944.2746668784877
12.14485	0.02036656	0.0128825	944.3210991655346
12.42822	0.02098417	0.013182570000000001	944.3685237400598
12.7182	0.02162368	0.01348963	944.4160944369859
13.01496	0.02228617	0.01380384	944.4651756322878
13.31864	0.02297282	0.01412538	944.5135507858904
13.62941	0.02368485	0.014454399999999997	944.5632367998672
13.94744	0.02442358	0.01479108	944.6141579925198
14.2729	0.02519041	0.01513561	944.6656203483044
14.60595	0.02598686	0.01548817	944.7169588143724
14.94678	0.02681453	0.01584893	944.7700589251135
15.29557	0.02767513	0.0162181	944.8236926643689
15.6525	0.02857048	0.01659587	944.8778810631803
16.01777	0.02950255	0.01698244	944.9332693064129
16.39157	0.03047343	0.01737801	944.9898711072213
16.7741	0.03148534	0.01778279	945.0477309803467
17.16556	0.03254067	0.01819701	945.1058536539794
19.2685	0.03356891	0.02042203	945.159169289243
19.71362	0.03472316	0.020892959999999995	945.2151901884654
20.17363	0.03594039	0.021379619999999995	945.272665744293
20.64438	0.03721237	0.02187762	945.3309989843502
21.12614	0.03854236	0.02238721	945.3916928460491
21.61914	0.03993383	0.02290868	945.4527205408605
22.12366	0.04139046	0.023442290000000005	945.5155814555659
22.63997	0.04291622	0.02398833	945.5800474647465
23.16834	0.0445153	0.02454709	945.6459115927795
23.70906	0.04619217	0.02511886	945.7137851797415
24.26241	0.04795161	0.025703960000000005	945.7827358119137
24.82869	0.04979869	0.02630268	945.8537567274515
25.40821	0.05173879	0.026915349999999998	945.9267217405682
26.00127	0.05377769	0.027542289999999997	946.0015013275948
26.60819	0.05592147	0.02818383	946.0783530840203
27.22931	0.05817664	0.02884032	946.1575544238067
27.86494	0.06055009	0.02951209	946.2389851074594
28.51544	0.06304915	0.030199519999999997	946.3226286378062
29.18115	0.06568159	0.030902949999999995	946.4090512394448
29.86242	0.0684557	0.03162278	946.4972940392969
30.55964	0.07138017	0.03235936999999999	946.5888912546816
31.27316	0.07446432	0.03311311	946.6831813743862
32.00338	0.07771794	0.03388442	946.7801998676679
32.75068	0.08115149	0.03467369	946.8802279192092
33.51548	0.08477594	0.03548134	946.9838495389406
34.29817	0.08860299	0.03630781	947.090253859982
35.09919	0.09264497	0.03715352	947.2005605390822
35.91896	0.09691487	0.03801894	947.3140195386825
36.75793	0.1014265	0.03890451	947.4314546051345
37.61655	0.1061944	0.039810719999999994	947.5524280897205
38.49528	0.1112339	0.04073803000000001	947.6774871048011
39.3946	0.1165612	0.041686940000000006	947.8067039701162
40.315	0.1221934	0.04265795	947.9403815701411
41.25697	0.1281485	0.04365158	948.0783627992389
42.22103	0.1344456	0.04466836	948.2209689364015
43.20769	0.1411047	0.04570882	948.3682733441817
44.2175	0.1481469	0.046773510000000004	948.5207952107935
45.25099	0.1555945	0.04786301	948.6779978944074
46.30874	0.163471	0.04897788	948.8408032360732
47.39131	0.1718011	0.05011871999999999	949.0088952790495
48.4993	0.1806108	0.05128614	949.1825822727153
49.6333	0.1899278	0.05248075000000001	949.3619622432986
50.79395	0.199781	0.05370318000000001	949.5476990375616
51.98187	0.2102012	0.054954090000000004	949.7395225723873
53.1977	0.2212206	0.05623413	949.9377086477554
54.44212	0.2328734	0.05754399	950.1425500734308
55.71581	0.245196	0.05888436999999999	950.3541601956513
57.01946	0.2582266	0.06025595999999999	950.5729657282036
58.35378	0.272006	0.061659500000000006	950.7989198744718
59.71952	0.2865773	0.06309573	951.0326182136255
61.11742	0.3019865	0.06456542	951.2740178875937
62.54825	0.3182824	0.06606934	951.5235417820127
64.0128	0.3355173	0.0676083	951.7813241865275
65.51187	0.3537469	0.06918309999999998	952.0477819004932
67.0463	0.3730309	0.07079458000000001	952.3233402896099
68.61693	0.3934335	0.0724436	952.6081461992502
70.22464	0.4150234	0.07413102	952.9028927431457
71.87031	0.4378751	0.07585776	953.2074912309565
73.55486	0.4620685	0.07762471	953.5227700045515
75.27923	0.4876904	0.07943282000000002	953.8490563472378
77.04438	0.5148349	0.08128304999999998	954.1868187771006
78.8513	0.543604	0.08317638	954.5366605279047
80.701	0.574109	0.08511379999999999	954.8993112750222
82.59451	0.606471	0.08709636	955.2750654562373
84.5329	0.6408227	0.08912508999999999	955.6649277997924
86.51727	0.6773087	0.09120108	956.069584921582
88.54874	0.7160882	0.09332543	956.4898677670169
90.62846	0.7573353	0.09549926	956.9267374427823
92.75761	0.8012418	0.09772372	957.3811946577556
94.93741	0.8480183	0.09999999999999999	957.854283
97.16912	0.8978966	0.1023293	958.3473804667872
99.454	0.9511327	0.1047129	958.8611594177986
101.7934	1.008008	0.1071519	959.3988347383482
104.1886	1.068834	0.1096478	959.9593790299485
106.6411	1.133952	0.1122018	960.5465509465979
109.1524	1.203741	0.1148154	961.1614905317579
111.7237	1.277711	0.11748980000000002	961.7976283898686
114.3568	1.356167	0.1202264	962.4588859019318
117.053	1.440037	0.1230269	963.1473848402261
119.8141	1.529994	0.1258925	963.8707150942273
122.6417	1.62671	0.128825	964.6296138171939
125.5375	1.730898	0.1318257	965.429335857879
128.5032	1.843323	0.1348963	966.2720400781933
131.5408	1.964819	0.1380384	967.1628981500799
134.652	2.096295	0.1412538	968.1034775701607
137.8389	2.238744	0.144544	969.1003708213415
141.1035	2.39325	0.1479108	970.157351592987
144.4479	2.560999	0.1513561	971.2783231068984
147.8743	2.743288	0.1548817	972.468587315351
151.3849	2.941531	0.1584893	973.7340691138139
154.9821	3.157272	0.162181	975.079522262164
158.6683	3.392194	0.16595869999999996	976.5109873721594
162.4461	3.648128	0.1698244	978.0351233391668
166.3181	3.927065	0.1737801	979.6585742556254
170.2871	4.231165	0.17782789999999998	981.3885503905743
174.356	4.562775	0.1819701	983.231723233652
178.5276	4.924429	0.18620869999999998	985.1957991221678
182.8053	5.318875	0.19054610000000002	987.2895587996815
187.1922	5.74907	0.19498450000000003	989.5210644948701
191.6917	6.218209	0.19952619999999996	991.8993545709787
196.3075	6.729724	0.2041738	994.4332916368311
201.0432	7.287304	0.20892960000000002	997.1325460825083
205.9028	7.894903	0.2137962	1000.007030059468
210.8904	8.556756	0.2187762	1003.0668601063553
216.0102	9.277386	0.22387210000000002	1006.3227441025479
221.2668	10.06162	0.2290868	1009.7850247155226
226.6649	10.91459	0.2344229	1013.4653653717278
232.2094	11.84176	0.23988330000000002	1017.3745316993721
237.9056	12.84892	0.24547090000000002	1021.5244250947871
243.759	13.94221	0.2511886	1025.9271718541368
249.7752	15.1281	0.25703960000000003	1030.5933404813889
255.9603	16.41344	0.2630268	1035.5360746509482
262.3206	17.80544	0.2691535	1040.766848656993
268.8628	19.31167	0.27542289999999997	1046.2981473218094
275.5939	20.94009	0.2818383	1052.1422744885988
282.5212	22.69904	0.2884032	1058.310864789295
289.6525	24.59725	0.29512089999999996	1064.8169953398758
296.9957	26.64383	0.3019952	1071.6711060308241
304.5595	28.84832	0.30902949999999996	1078.8867082268846
312.3528	31.22063	0.31622780000000006	1086.4744655593215
320.3849	33.7711	0.3235937	1094.4465235262614
328.6656	36.51048	0.3311311	1102.8142025922662
337.2042	39.23176	0.3388442	1110.9411345981428
346.0014	41.71985	0.3467369	1118.2001396447854
355.0618	44.24768	0.35481339999999995	1125.4069885748397
364.393	46.8655	0.3630781	1132.6998240874345
374.0039	49.59754	0.3715352	1140.1381080446752
383.9035	52.38609	0.3801894	1147.5585326681912
394.0975	55.11349	0.3890451	1154.6501678083082
404.5934	57.9141	0.39810719999999994	1161.766227789902
415.4	60.81419	0.40738030000000003	1168.9671542782014
426.5276	63.87291	0.41686940000000006	1176.38884024589
437.9876	67.10739	0.4265795	1184.0582822193753
449.7922	70.53074	0.43651579999999995	1191.9910802770485
461.9537	74.15509	0.4466836	1200.1980596556489
474.4854	77.99235	0.45708819999999994	1208.6895920743525
487.4009	82.05461	0.4677351	1217.47439950519
500.7146	86.35422	0.47863009999999995	1226.5605944966687
514.4415	90.90394	0.48977880000000007	1235.956803356944
528.5971	95.71696	0.5011872	1245.6704002017607
543.1978	100.807	0.5128614	1255.7092423021113
558.2604	106.1883	0.5248075	1266.0808010556252
573.8028	111.8758	0.5370318	1276.7932923152784
589.8434	117.8848	0.5495409000000001	1287.8535519376264
606.4014	124.2315	0.5623413	1299.2695005684268
623.4971	130.9326	0.5754399	1311.0486429599339
641.1514	138.0058	0.5888437	1323.1986688487964
659.3861	145.4693	0.6025596	1335.7274533506727
678.2241	153.3421	0.616595	1348.6424638539072
697.6892	161.6443	0.6309573	1361.9519102164281
717.8063	170.3965	0.6456542000000001	1375.6633194672938
738.6013	179.6204	0.6606934	1389.784883578374
760.1012	189.3388	0.6760829999999999	1404.3246169479191
782.3342	199.5753	0.6918310000000001	1419.2909829134571
805.3298	210.3546	0.7079458	1434.6923168412045
829.1187	221.7025	0.724436	1450.536969449337
853.7328	233.646	0.7413102	1466.8337222393538
879.2057	246.2132	0.7585776	1483.5909997869696
905.5722	259.4336	0.7762471	1500.818231720286
912.4272438379395	262.925437239924	0.7807878721581661	1505.2647658315007
737.7513584086332	262.92598129290303	0.6648064048927677	1505.2650378320834
738.3833263712951	263.24890023622464	0.6652042724477383	1505.751343
739.6856231989643	263.91453675214404	0.6660688670453758	1506.751343
740.9897583834486	264.581038185666	0.6669341076946496	1507.751343
742.2957335950784	265.2484051829675	0.6677999946463318	1508.751343
743.6035505049379	265.91663839047635	0.6686665281511952	1509.751343
744.9132107848629	266.5857384548712	0.6695337084600124	1510.751343
746.2247161074415	267.25570602308125	0.6704015358235557	1511.751343
747.5380681460144	267.92654174228676	0.6712700104925977	1512.751343
748.8532685746743	268.5982462599185	0.6721391327179109	1513.751343
750.1703190682667	269.27082022365823	0.6730089027502681	1514.751343
751.4892213023887	269.9442642814383	0.6738793208404416	1515.751343
752.8099769533906	270.61857908144214	0.674750387239204	1516.751343
754.132587698374	271.2937652721033	0.6756221021973277	1517.751343
755.4570552151938	271.96982350210675	0.6764944659655854	1518.751343
756.7833811824564	272.6467544203881	0.6773674787947495	1519.751343
758.1115672795213	273.32455867613345	0.6782411409355926	1520.751343
759.4416151864993	274.0032369187801	0.6791154526388873	1521.751343
760.773526584255	274.6827897980157	0.6799904141554061	1522.751343
762.1073031544038	275.3632179637789	0.6808660257359214	1523.751343
763.4429465793141	276.04452206625905	0.6817422876312058	1524.751343
764.780458542107	276.72670275589644	0.6826192000920319	1525.751343
766.1198407266551	277.4097606833818	0.6834967633691723	1526.751343
767.4610948175837	278.0936964996571	0.6843749777133994	1527.751343
768.8042225002707	278.7785108559146	0.6852538433754857	1528.751343
770.1492254608459	279.46420440359776	0.6861333606062039	1529.751343
771.4961053861916	280.1507777944002	0.6870135296563264	1530.751343
772.8448639639424	280.8382316802671	0.6878943507766258	1531.751343
774.1955028824852	281.5265667133938	0.6887758242178745	1532.751343
775.548023830959	282.2157835462267	0.6896579502308451	1533.751343
776.902428499256	282.905882831463	0.6905407290663104	1534.751343
778.2587185780192	283.59686522205044	0.6914241609750424	1535.751343
779.6168957586452	284.28873137118774	0.6923082462078142	1536.751343
780.9769617332828	284.9814819323243	0.6931929850153979	1537.751343
782.3389181948321	285.6751175591604	0.6940783776485662	1538.751343
783.7027668369468	286.3696389056469	0.6949644243580918	1539.751343
785.0685093540321	287.06504662598553	0.695851125394747	1540.751343
786.4361474412459	287.76134137462907	0.6967384810093044	1541.751343
787.8056827944981	288.4585238062805	0.6976264914525365	1542.751343
789.1771171104513	289.1565945758939	0.6985151569752158	1543.751343
790.5504520865202	289.8555543386743	0.699404477828115	1544.751343
791.9256894208713	290.5554037500771	0.7002944542620064	1545.751343
793.3028308124251	291.2561434658089	0.7011850865276629	1546.751343
794.6818779608519	291.9577741418267	0.7020763748758567	1547.751343
796.0628325665766	292.6602964343383	0.7029683195573604	1548.751343
797.4456963307753	293.36371099980266	0.7038609208229465	1549.751343
798.8304709553764	294.06801849492916	0.7047541789233877	1550.751343
800.2171581430612	294.773219576678	0.7056480941094564	1551.751343
801.6057595972627	295.4793149022602	0.7065426666319251	1552.751343
802.9962770221665	296.1863051291375	0.7074378967415664	1553.751343
804.3887121227109	296.89419091502276	0.7083337846891531	1554.751343
805.7830666045853	297.6029729178789	0.7092303307254573	1555.751343
807.1793421742329	298.31265179592015	0.7101275351012516	1556.751343
808.5775405388481	299.0232282076114	0.7110253980673087	1557.751343
809.9776634063785	299.73470281166846	0.711923919874401	1558.751343
811.3797124855234	300.4470762670575	0.7128231007733012	1559.751343
812.7836894857343	301.16034923299594	0.7137229410147816	1560.751343
814.1895961172157	301.87452236895155	0.714623440849615	1561.751343
815.5974340909239	302.58959633464315	0.7155246005285738	1562.751343
817.007205118568	303.3055717900403	0.7164264203024305	1563.751343
818.4189109126081	304.02244939536325	0.7173289004219576	1564.751343
819.8325531862583	304.74022981108305	0.7182320411379277	1565.751343
821.2481336534848	305.4589136979215	0.7191358427011135	1566.751343
822.6656540290048	306.1785017168513	0.7200403053622875	1567.751343
824.0851160282888	306.8989945290957	0.7209454293722217	1568.751343
825.5065213675591	307.6203927961289	0.7218512149816891	1569.751343
826.9298717637917	308.34269717967584	0.7227576624414623	1570.751343
828.3551689347132	309.0659083417122	0.7236647720023137	1571.751343
829.7824145988033	309.79002694446433	0.7245725439150158	1572.751343
831.2116104752936	310.51505365040975	0.7254809784303411	1573.751343
832.6427582841688	311.2409891222762	0.7263900757990622	1574.751343
834.0758597461653	311.96783402304254	0.7272998362719517	1575.751343
835.5109165827722	312.69558901593837	0.7282102600997821	1576.751343
836.9479305162306	313.42425476444396	0.7291213475333258	1577.751343
838.3869032695334	314.15383193229053	0.7300330988233554	1578.751343
839.8278365664273	314.8843211834598	0.7309455142206436	1579.751343
841.2707321314101	315.6157231821846	0.7318585939759628	1580.751343
842.7155916897325	316.3480385929481	0.7327723383400855	1581.751343
844.1624169673967	317.0812680804845	0.7336867475637843	1582.751343
845.6112096911584	317.8154123097791	0.7346018218978315	1583.751343
847.0619715885246	318.55047194606726	0.735517561593	1584.751343
848.5147043877553	319.2864476548357	0.7364339669000621	1585.751343
849.9694098178622	320.0233401018216	0.7373510380697904	1586.751343
851.4260896086105	320.76114995301305	0.7382687753529575	1587.751343
852.8847454905158	321.4998778746489	0.7391871790003358	1588.751343
854.345379194848	322.23952453321874	0.7401062492626979	1589.751343
855.807992453628	322.9800905954629	0.7410259863908164	1590.751343
857.2725869996291	323.7215767283725	0.7419463906354635	1591.751343
858.7391645663781	324.4639835991896	0.7428674622474123	1592.751343
860.2077268881528	325.2073118754068	0.743789201477435	1593.751343
861.6782756999838	325.9515622247675	0.7447116085763041	1594.751343
863.1508127376541	326.696735315266	0.7456346837947923	1595.751343
864.625339737699	327.4428318151471	0.7465584273836718	1596.751343
866.1018584374053	328.18985239290697	0.7474828395937154	1597.751343
867.5803705748142	328.93779771729186	0.7484079206756958	1598.751343
869.0608778887171	329.6866684572992	0.7493336708803853	1599.751343
870.5433821186579	330.4364652821771	0.7502600904585561	1600.751343
872.0278850049349	331.1871888614244	0.7511871796609815	1601.751343
873.5143882885961	331.9388398647908	0.7521149387384336	1602.751343
875.0028937114434	332.6914189622765	0.7530433679416848	1603.751343
876.4934030160306	333.44492682413295	0.7539724675215078	1604.751343
877.9859179456635	334.19936412086207	0.7549022377286754	1605.751343
879.4804402444006	334.9547315232164	0.7558326788139595	1606.751343
880.9769716570531	335.7110297021996	0.7567637910281333	1607.751343
882.4755139291831	336.4682593290659	0.7576955746219688	1608.751343
883.9760688071067	337.22642107532033	0.7586280298462389	1609.751343
885.4786380378911	337.9855156127188	0.7595611569517158	1610.751343
886.9832233693568	338.7455436132677	0.7604949561891724	1611.751343
888.4898265500759	339.5065057492247	0.7614294278093809	1612.751343
889.9984493293732	340.2684026930977	0.7623645720631143	1613.751343
891.5090934573251	341.0312351176457	0.7633003892011445	1614.751343
893.0217606847616	341.79500369587834	0.7642368794742447	1615.751343
894.5364527632632	342.5597091010561	0.7651740431331867	1616.751343
896.0531714451652	343.32535200669025	0.7661118804287437	1617.751343
897.571918483553	344.0919330865428	0.767050391611688	1618.751343
899.0926956322653	344.8594530146264	0.767989576932792	1619.751343
900.6155046458928	345.6279124652047	0.7689294366428283	1620.751343
902.1403472797787	346.39731211279195	0.7698699709925695	1621.751343
903.6672252900186	347.1676526321533	0.7708111802327882	1622.751343
905.1961404334603	347.9389346983046	0.7717530646142566	1623.751343
906.7270944677039	348.7111589865125	0.7726956243877476	1624.751343
908.2600891511017	349.4843261722943	0.7736388598040336	1625.751343
909.7951262427587	350.25843693141843	0.774582771113887	1626.751343
911.332207502532	351.03349193990357	0.7755273585680804	1627.751343
912.8713346910308	351.8094918740196	0.7764726224173867	1628.751343
914.4125095696168	352.586437410287	0.7774185629125778	1629.751343
915.9557339004043	353.3643292254769	0.7783651803044269	1630.751343
917.5010094462591	354.1431679966117	0.779312474843706	1631.751343
919.0483379708005	354.92295440096376	0.7802604467811878	1632.751343
920.5977212383993	355.70368911605703	0.781209096367645	1633.751343
922.1491610141787	356.4853728196657	0.7821584238538499	1634.751343
923.7026590640139	357.26800618981486	0.783108429490575	1635.751343
925.2582171545337	358.05158990478054	0.7840591135285931	1636.751343
926.8158370531178	358.83612464308936	0.7850104762186767	1637.751343
928.3755205278987	359.6216110835189	0.7859625178115981	1638.751343
929.9372693477617	360.40804990509713	0.78691523855813	1639.751343
931.5010852823439	361.19544178710316	0.7878686387090449	1640.751343
933.0669701020342	361.9837874090669	0.7888227185151152	1641.751343
934.6349255779754	362.7730874507687	0.7897774782271136	1642.751343
936.204953482061	363.56334259224	0.7907329180958127	1643.751343
937.777055586938	364.354553513763	0.791689038371985	1644.751343
939.3512336660043	365.1467208958702	0.7926458393064029	1645.751343
940.9274894934119	365.9398454193453	0.7936033211498388	1646.751343
942.5058248440637	366.7339277652231	0.7945614841530655	1647.751343
944.086241493616	367.52896861478837	0.7955203285668556	1648.751343
945.6687412184763	368.3249686495773	0.7964798546419813	1649.751343
947.2533257958053	369.1219285513763	0.7974400626292155	1650.751343
948.8399970035152	369.9198490022233	0.7984009527793304	1651.751343
950.428756620272	370.71873068440624	0.7993625253430989	1652.751343
952.0196064254918	371.51857428046424	0.8003247805712931	1653.751343
953.6125481993456	372.31938047318715	0.8012877187146858	1654.751343
955.2075837227542	373.12114994561557	0.8022513400240496	1655.751343
956.8047147773927	373.92388338104087	0.8032156447501569	1656.751343
958.4039431456871	374.7275814630052	0.8041806331437804	1657.751343
960.0052706108163	375.5322448753012	0.8051463054556922	1658.751343
961.6086989567125	376.3378743019729	0.8061126619366654	1659.751343
963.2142299680581	377.14447042731445	0.8070797028374721	1660.751343
964.8218654302897	377.9520339358714	0.808047428408885	1661.751343
966.4316071295951	378.7605655124395	0.8090158389016766	1662.751343
968.0434568529149	379.57006584206533	0.8099849345666195	1663.751343
969.6574163879419	380.380535610047	0.8109547156544861	1664.751343
971.2734875231217	381.1919755019323	0.8119251824160492	1665.751343
972.891672047651	382.0043862035206	0.812896335102081	1666.751343
974.51197175148	382.8177684008615	0.8138681739633542	1667.751343
976.134388425311	383.63212278025594	0.8148406992506414	1668.751343
977.7589238605983	384.44745002825505	0.8158139112147151	1669.751343
979.3855798495483	385.2637508316613	0.8167878101063478	1670.751343
981.0143581851202	386.0810258775272	0.8177623961763119	1671.751343
982.6452606610253	386.89927585315695	0.8187376696753801	1672.751343
984.2782890717281	387.7185014461046	0.819713630854325	1673.751343
985.9134452124433	388.5387033441757	0.8206902799639189	1674.751343
987.5507308791401	389.35988223542626	0.8216676172549344	1675.751343
989.190147868539	390.182038808163	0.8226456429781444	1676.751343
990.8316979781124	391.0051737509435	0.8236243573843207	1677.751343
992.4753830060865	391.8292877525762	0.8246037607242365	1678.751343
994.1212047514384	392.65438150212015	0.8255838532486641	1679.751343
995.7691650138975	393.48045568888523	0.8265646352083759	1680.751343
997.4192655939469	394.30751100243214	0.8275461068541445	1681.751343
999.0715082928209	395.1355481325726	0.8285282684367428	1682.751343
1000.7258949125061	395.9645677693684	0.8295111202069428	1683.751343
1002.3824272557421	396.79457060313257	0.8304946624155174	1684.751343
1004.0411071260196	397.62555732442905	0.8314788953132388	1685.751343
1005.7019363275836	398.4575286240724	0.83246381915088	1686.751343
1007.3649166654288	399.2904851931278	0.8334494341792129	1687.751343
1009.0300499453051	400.12442772291126	0.8344357406490106	1688.751343
1010.6973379737121	400.9593569049898	0.8354227388110453	1689.751343
1012.3667825579038	401.795273431181	0.8364104289160897	1690.751343
1014.0383855058849	402.63217799355317	0.8373988112149164	1691.751343
1015.7121486264133	403.47007128442567	0.8383878859582976	1692.751343
1017.3880737289996	404.30895399636825	0.8393776533970063	1693.751343
1019.0661626239054	405.1488268222016	0.8403681137818146	1694.751343
1020.7464171221459	405.9896904549976	0.8413592673634955	1695.751343
1022.4288390354877	406.83154558807803	0.8423511143928211	1696.751343
1024.11343017645	407.674392915016	0.843343655120564	1697.751343
1025.8001923583051	408.5182331296355	0.8443368897974969	1698.751343
1027.4891273950766	409.36306692601096	0.8453308186743922	1699.751343
1029.1802371015406	410.20889499846777	0.8463254420020225	1700.751343
1030.873523293226	411.05571804158217	0.8473207600311605	1701.751343
1032.5689877864127	411.90353675018093	0.8483167730125782	1702.751343
1034.2666323981355	412.7523518193416	0.8493134811970487	1703.751343
1035.9664589461784	413.6021639443929	0.8503108848353442	1704.751343
1037.6684692490808	414.4529738209139	0.8513089841782376	1705.751343
1039.3726651261316	415.30478214473453	0.852307779476501	1706.751343
1041.0790483973735	416.1575896119356	0.8533072709809073	1707.751343
1042.7876208836021	417.01139691884873	0.8543074589422288	1708.751343
1044.4983844063638	417.86620476205604	0.8553083436112381	1709.751343
1046.2113407879576	418.72201383839064	0.8563099252387075	1710.751343
1047.9264918514366	419.57882484493643	0.85731220407541	1711.751343
1049.6438394206034	420.43663847902815	0.8583151803721176	1712.751343
1051.3633853200156	421.2954554382509	0.8593188543796034	1713.751343
1053.0851313749815	422.1552764204411	0.8603232263486396	1714.751343
1054.809079411562	423.0161021236857	0.8613282965299988	1715.751343
1056.5352312565701	423.8779332463222	0.8623340651744533	1716.751343
1058.2635887375723	424.74077048693914	0.8633405325327762	1717.751343
1059.9941536828853	425.60461454437586	0.8643476988557394	1718.751343
1061.7269279215807	426.46946611772245	0.8653555643941158	1719.751343
1063.4619132834814	427.3353259063195	0.866364129398678	1720.751343
1065.1991115991605	428.20219460975886	0.8673733941201982	1721.751343
1066.938524699947	429.0700729278826	0.8683833588094494	1722.751343
1068.6801544179193	429.9389615607838	0.8693940237172035	1723.751343
1070.4240025859103	430.8088612088067	0.8704053890942336	1724.751343
1072.170071037503	431.6797725725458	0.8714174551913119	1725.751343
1073.918361607035	432.5516963528463	0.8724302222592111	1726.751343
1075.6688761295943	433.42463325080473	0.8734436905487037	1727.751343
1077.4216164410227	434.29858396776785	0.8744578603105622	1728.751343
1079.1765843779135	435.1735492053335	0.8754727317955591	1729.751343
1080.9337817776125	436.0495296653503	0.8764883052544671	1730.751343
1082.6932104782177	436.92652604991736	0.8775045809380586	1731.751343
1084.4548723185796	437.80453906138484	0.8785215590971062	1732.751343
1086.218769138301	438.6835694023537	0.8795392399823824	1733.751343
1087.9849027777364	439.56361777567525	0.8805576238446595	1734.751343
1089.753275077994	440.4446848844523	0.8815767109347104	1735.751343
1091.5238878809332	441.3267714320376	0.8825965015033075	1736.751343
1093.296743029166	442.2098781220353	0.8836169958012233	1737.751343
1095.071842366056	443.0940056583001	0.8846381940792303	1738.751343
1096.8491877357212	443.9791547449374	0.8856600965881012	1739.751343
1098.6287809830296	444.8653260863035	0.8866827035786083	1740.751343
1100.4106239536027	445.75252038700535	0.8877060153015242	1741.751343
1102.1947184938144	446.64073835190084	0.8887300320076217	1742.751343
1103.9810664507904	447.52998068609855	0.8897547539476729	1743.751343
1105.769669672409	448.4202480949578	0.8907801813724507	1744.751343
1107.5605300073007	449.31154128408855	0.8918063145327275	1745.751343
1109.3536493048484	450.20386095935214	0.892833153679276	1746.751343
1111.1490294151872	451.0972078268595	0.8938606990628681	1747.751343
1112.9466721892043	451.99158259297366	0.894888950934277	1748.751343
1114.7465794785403	452.8869859643077	0.8959179095442751	1749.751343
1116.5487531355866	453.7834186477254	0.8969475751436348	1750.751343
1118.3531950134877	454.6808813503417	0.8979779479831285	1751.751343
1120.1599069661413	455.5793747795218	0.8990090283135291	1752.751343
1121.9688908481953	456.4788996428825	0.900040816385609	1753.751343
1123.780148515052	457.3794566482906	0.9010733124501404	1754.751343
1125.5936818228647	458.2810465038639	0.9021065167578964	1755.751343
1127.4094926285397	459.183669917971	0.9031404295596492	1756.751343
1129.2275827897352	460.08732759923134	0.9041750511061715	1757.751343
1131.0479541648613	460.9920202565152	0.9052103816482355	1758.751343
1132.8706086130821	461.89774859894345	0.9062464214366142	1759.751343
1134.6955479943122	462.8045133358876	0.9072831707220795	1760.751343
1136.5227741692197	463.71231517697015	0.9083206297554045	1761.751343
1138.3522889992241	464.62115483206446	0.9093587987873617	1762.751343
1140.184094346498	465.5310330112947	0.9103976780687235	1763.751343
1142.018192073965	466.44195042503543	0.911437267850262	1764.751343
1143.854584045304	467.3539077839122	0.9124775683827506	1765.751343
1145.6932721249423	468.2669057988014	0.9135185799169612	1766.751343
1147.5342581780628	469.1809451808303	0.9145603027036665	1767.751343
1149.3775440705986	470.09602664137657	0.915602736993639	1768.751343
1151.223131669236	471.0121508920689	0.9166458830376516	1769.751343
1153.0710228414132	471.9293186447868	0.9176897410864762	1770.751343
1154.9212194553215	472.8475306116602	0.9187343113908857	1771.751343
1156.7737233799044	473.7667875050708	0.9197795942016528	1772.751343
1158.628536484856	474.6870900376494	0.9208255897695496	1773.751343
1160.4856606406252	475.6084389222791	0.9218722983453487	1774.751343
1162.345097718412	476.530834872093	0.9229197201798232	1775.751343
1164.2068495901683	477.45427860047516	0.9239678555237449	1776.751343
1166.070918128599	478.37877082106064	0.9250167046278867	1777.751343
1167.9373052071617	479.3043122477346	0.9260662677430211	1778.751343
1169.806012700065	480.2309035946339	0.9271165451199206	1779.751343
1171.6770424822707	481.15854557614523	0.9281675370093577	1780.751343
1173.550396429493	482.08723890690703	0.9292192436621052	1781.751343
1175.4260764181981	483.01698430180755	0.9302716653289353	1782.751343
1177.304084325605	483.94778247598646	0.9313248022606206	1783.751343
1179.1844220296837	484.879634144834	0.9323786547079336	1784.751343
1181.0670914091588	485.8125400239911	0.9334332229216472	1785.751343
1182.9520943435045	486.74650082934977	0.9344885071525335	1786.751343
1184.8394327129495	487.68151727705225	0.9355445076513652	1787.751343
1186.7291083984742	488.61759008349196	0.9366012246689148	1788.751343
1188.62112328181	489.5547199653132	0.9376586584559548	1789.751343
1190.5154792454427	490.49290763941065	0.9387168092632577	1790.751343
1192.4121781726096	491.4321538229301	0.9397756773415962	1791.751343
1194.3112219472998	492.37245923326776	0.9408352629417429	1792.751343
1196.2126124542551	493.313824588071	0.9418955663144701	1793.751343
1198.1163515789692	494.2562506052378	0.9429565877105502	1794.751343
1200.0224412076896	495.1997380029169	0.9440183273807561	1795.751343
1201.9308832274144	496.1442874995075	0.9450807855758603	1796.751343
1203.8416795258943	497.08989981366057	0.9461439625466351	1797.751343
1205.7548319916336	498.0365756642765	0.9472078585438533	1798.751343
1207.6703425138871	498.98431577050735	0.948272473818287	1799.751343
1209.5882129826634	499.9331208517557	0.9493378086207093	1800.751343
1211.5084452887227	500.882991627675	0.9504038632018923	1801.751343
1213.4310413235773	501.83392881816934	0.9514706378126087	1802.751343
1215.3560029794928	502.78593314339366	0.9525381327036309	1803.751343
1217.283332149486	503.73900532375364	0.9536063481257316	1804.751343
1219.2130307273267	504.69314607990566	0.9546752843296833	1805.751343
1221.1451006075372	505.6483561327571	0.9557449415662587	1806.751343
1223.079543685391	506.604636203466	0.9568153200862298	1807.751343
1225.0163618569154	507.5619870134409	0.9578864201403698	1808.751343
1226.9555570188884	508.52040928434167	0.9589582419794508	1809.751343
1228.8971310688416	509.4799037380785	0.9600307858542455	1810.751343
1230.8410859050591	510.4404710968125	0.9611040520155263	1811.751343
1232.787423426576	511.4021120829553	0.9621780407140658	1812.751343
1234.736145533181	512.36482741917	0.9632527522006367	1813.751343
1236.6872541254138	513.3286178283695	0.9643281867260111	1814.751343
1238.6407511045677	514.2934840337183	0.9654043445409619	1815.751343
1240.5966383726882	515.2594267586314	0.9664812258962616	1816.751343
1242.5549178325718	516.2264467267746	0.9675588310426827	1817.751343
1244.5155913877693	517.1945446620642	0.9686371602309978	1818.751343
1246.4786609425819	518.1637212886675	0.9697162137119792	1819.751343
1248.4441284020638	519.1339773310025	0.9707959917363996	1820.751343
1250.4119956720224	520.1053135137383	0.9718764945550316	1821.751343
1252.3822646590165	521.0777305617944	0.9729577224186475	1822.751343
1254.3549372703578	522.051229200341	0.9740396755780203	1823.751343
1256.3300154141089	523.0258101547993	0.9751223542839219	1824.751343
1258.3075009990864	524.0014741508412	0.9762057587871251	1825.751343
1260.287395934859	524.9782219143895	0.9772898893384028	1826.751343
1262.2697021317465	525.9560541716176	0.9783747461885269	1827.751343
1264.2544215008222	526.9349716489497	0.9794603295882705	1828.751343
1266.2415559539115	527.914975073061	0.9805466397884057	1829.751343
1268.2311074035915	528.896065170877	0.9816336770397052	1830.751343
1270.2230777631921	529.8782426695743	0.9827214415929415	1831.751343
1272.2174689467965	530.8615082965805	0.9838099336988875	1832.751343
1274.214282869238	531.8458627795732	0.9848991536083151	1833.751343
1276.2135214461036	532.8313068464818	0.9859891015719973	1834.751343
1278.2151865937326	533.8178412254855	0.9870797778407063	1835.751343
1280.2192802292168	534.8054666450153	0.9881711826652151	1836.751343
1282.2258042703995	535.7941838337516	0.9892633162962957	1837.751343
1284.2347606358767	536.783993520627	0.9903561789847208	1838.751343
1286.246151244998	537.7748964348239	0.9914497709812634	1839.751343
1288.2599780178623	538.7668933057757	0.9925440925366953	1840.751343
1290.276242875324	539.7599848631669	0.9936391439017895	1841.751343
1292.294947738988	540.7541718369328	0.9947349253273184	1842.751343
1294.316094531212	541.7494549572588	0.9958314370640546	1843.751343
1296.3396851751054	542.7458349545814	0.9969286793627704	1844.751343
1298.3657215945318	543.7433125595885	0.9980266524742387	1845.751343
1300.3942057141048	544.7418885032178	0.9991253566492317	1846.751343
1302.4251394591918	545.7415635166584	1.0002247921385221	1847.751343
1304.4585247559116	546.7423383313499	1.0013249591928826	1848.751343
1306.4943635311372	547.7442136789828	1.0024258580630856	1849.751343
1308.5326577124904	548.7471902914983	1.0035274889999033	1850.751343
1310.5734092283487	549.7512689010885	1.0046298522541086	1851.751343
1312.6166200078403	550.7564502401959	1.0057329480764738	1852.751343
1314.6622919808467	551.7627350415142	1.006836776717772	1853.751343
1316.7104270779998	552.7701240379879	1.007941338428775	1854.751343
1318.7610272306858	553.7786179628122	1.0090466334602555	1855.751343
1320.8140943710428	554.7882175494321	1.0101526620629864	1856.751343
1322.8696304319606	555.7989235315454	1.01125942448774	1857.751343
1324.9276373470818	556.8107366430987	1.0123669209852888	1858.751343
1326.9881170508008	557.8236576182903	1.0134751518064053	1859.751343
1329.051071478265	558.8376871915696	1.0145841172018624	1860.751343
1331.1165025653736	559.8528260976359	1.015693817422432	1861.751343
1333.1844122487787	560.8690750714397	1.0168042527188872	1862.751343
1335.2548024658836	561.8864348481826	1.0179154233420002	1863.751343
1337.3276751548458	562.9049061633162	1.0190273295425438	1864.751343
1339.4030322545723	563.9244897525436	1.02013997157129	1865.751343
1341.4808757047258	564.9451863518184	1.0212533496790122	1866.751343
1343.5612074457188	565.9669966973449	1.0223674641164822	1867.751343
1345.6440294187164	566.9899215255783	1.0234823151344725	1868.751343
1347.7293435656377	568.0139615732244	1.0245979029837564	1869.751343
1349.8171518291522	569.0391175772397	1.0257142279151057	1870.751343
1351.9074561526822	570.0653902748321	1.026831290179293	1871.751343
1354.0002584804035	571.0927804034595	1.0279490900270913	1872.751343
1356.0955607572428	572.1212887008311	1.0290676277092727	1873.751343
1358.1933649288792	573.1509159049067	1.03018690347661	1874.751343
1360.2936729417459	574.1816627538965	1.0313069175798757	1875.751343
1362.3964867430254	575.213529986262	1.032427670269842	1876.751343
1364.5018082806546	576.2465183407152	1.0335491617972816	1877.751343
1366.6096395033233	577.2806285562191	1.0346713924129674	1878.751343
1368.719982360472	578.3158613719875	1.0357943623676715	1879.751343
1370.8328388022935	579.3522175274845	1.0369180719121667	1880.751343
1372.9482107797346	580.3896977624253	1.0380425212972253	1881.751343
1375.066100244492	581.4283028167761	1.0391677107736197	1882.751343
1377.1865091490179	582.4680334307533	1.040293640592123	1883.751343
1379.3094394465136	583.5088903448245	1.0414203110035074	1884.751343
1381.4348930909348	584.5508742997081	1.0425477222585453	1885.751343
1383.5628720369887	585.593986036373	1.0436758746080095	1886.751343
1385.693378240134	586.6382262960392	1.0448047683026722	1887.751343
1387.826413656584	587.6835958201772	1.0459344035933063	1888.751343
1389.9619802433026	588.7300953505082	1.0470647807306843	1889.751343
1392.1000799580067	589.7777256290044	1.0481958999655785	1890.751343
1394.2407147591641	590.8264873978887	1.0493277615487613	1891.751343
1396.3838866059968	591.876381399635	1.0504603657310057	1892.751343
1398.5295974584792	592.9274083769673	1.051593712763084	1893.751343
1400.677849277336	593.9795690728613	1.052727802895769	1894.751343
1402.8286440240454	595.0328642305426	1.0538626363798325	1895.751343
1404.9819836608383	596.0872945934883	1.0549982134660476	1896.751343
1407.1378701506974	597.1428609054256	1.056134534405187	1897.751343
1409.2963054573577	598.199563910333	1.0572715994480226	1898.751343
1411.457291545307	599.2574043524398	1.0584094088453275	1899.751343
1413.6208303797857	600.3163829762257	1.0595479628478743	1900.751343
1415.7869239267839	601.3765005264211	1.060687261706435	1901.751343
1417.955574153048	602.4377577480075	1.0618273056717824	1902.751343
1420.126783026074	603.500155386217	1.0629680949946891	1903.751343
1422.3005525141104	604.563694186533	1.0641096299259276	1904.751343
1424.4768845861597	605.6283748946887	1.0652519107162703	1905.751343
1426.655781211975	606.6941982566688	1.06639493761649	1906.751343
1428.837244362062	607.7611650187084	1.067538710877359	1907.751343
1431.0212760076793	608.829275927294	1.0686832307496499	1908.751343
1433.2078781208374	609.8985317291617	1.0698284974841352	1909.751343
1435.3970526742999	610.9689331712998	1.0709745113315876	1910.751343
1437.5888016415809	612.0404810009462	1.0721212725427791	1911.751343
1439.7831269969492	613.1131759655901	1.0732687813684831	1912.751343
1441.9800307154244	614.1870188129717	1.0744170380594718	1913.751343
1444.1795147727782	615.2620102910812	1.0755660428665172	1914.751343
1446.3815811455352	616.3381511481604	1.0767157960403921	1915.751343
1448.5862318109725	617.4154421327013	1.0778662978318696	1916.751343
1450.7934687471202	618.4938839934468	1.0790175484917217	1917.751343
1453.003293932758	619.5734774793912	1.080169548270721	1918.751343
1455.215709347421	620.6542233397781	1.08132229741964	1919.751343
1457.4307169713952	621.7361223241039	1.0824757961892515	1920.751343
1459.6483187857182	622.8191751821138	1.0836300448303275	1921.751343
1461.8685167721815	623.9033826638052	1.084785043593641	1922.751343
1464.0913129133285	624.9887455194255	1.0859407927299647	1923.751343
1466.3167091924533	626.075264499473	1.0870972924900704	1924.751343
1468.5447075936056	627.1629403546972	1.0882545431247315	1925.751343
1470.7753101015842	628.2517738360978	1.0894125448847198	1926.751343
1473.008518701941	629.3417656949254	1.0905712980208084	1927.751343
1475.2443353809817	630.4329166826817	1.0917308027837693	1928.751343
1477.4827621257625	631.5252275511186	1.0928910594243755	1929.751343
1479.723800924093	632.6186990522399	1.0940520681933992	1930.751343
1481.9674537645346	633.7133319382987	1.095213829341613	1931.751343
1484.2137226364025	634.8091269617996	1.0963763431197897	1932.751343
1486.4626095297617	635.9060848754984	1.0975396097787016	1933.751343
1488.7141164354307	637.0042064324009	1.0987036295691213	1934.751343
1490.968245344981	638.1034923857641	1.099868402741821	1935.751343
1493.2249982507353	639.2039434890956	1.1010339295475737	1936.751343
1495.48437714577	640.3055604961537	1.102200210237152	1937.751343
1497.7463840239116	641.4083441609482	1.103367245061328	1938.751343
1500.0110208797419	642.5122952377384	1.1045350342708746	1939.751343
1502.2782897085915	643.6174144810353	1.105703578116564	1940.751343
1504.548192506547	644.7237026456004	1.106872876849169	1941.751343
1506.8207312704444	645.8311604864462	1.108042930719462	1942.751343
1509.0959079978736	646.9397887588354	1.1092137399782156	1943.751343
1511.3737246871765	648.0495882182823	1.1103853048762022	1944.751343
1513.6541833374463	649.1605596205512	1.1115576256641946	1945.751343
1515.9372859485304	650.2727037216576	1.112730702592965	1946.751343
1518.2230345210273	651.3860212778675	1.1139045359132862	1947.751343
1520.5114310562878	652.5005130456984	1.1150791258759307	1948.751343
1522.8024775564145	653.6161797819173	1.1162544727316708	1949.751343
1525.0961760242644	654.7330222435429	1.1174305767312793	1950.751343
1527.3925284634452	655.8510411878447	1.1186074381255287	1951.751343
1529.6915368783161	656.9702373723426	1.1197850571651913	1952.751343
1531.9932032739919	658.0906115548071	1.1209634341010402	1953.751343
1534.2975296563347	659.2121644932603	1.122142569183847	1954.751343
1536.6045180319643	660.334896945974	1.123322462664385	1955.751343
1538.914170408249	661.4588096714717	1.1245031147934266	1956.751343
1541.2264887933102	662.5839034285273	1.125684525821744	1957.751343
1543.541475196023	663.7101789761653	1.1268666960001101	1958.751343
1545.859131626014	664.8376370736611	1.1280496255792973	1959.751343
1548.1794600936616	665.9662784805412	1.1292333148100784	1960.751343
1550.502462610097	667.0961039565819	1.1304177639432251	1961.751343
1552.8281411872035	668.227114261812	1.131602973229511	1962.751343
1555.1564978376177	669.3593101565091	1.132788942919708	1963.751343
1557.4875345747269	670.4926924012029	1.1339756732645887	1964.751343
1559.8212534126721	671.6272617566735	1.1351631645149258	1965.751343
1562.1576563663452	672.7630189839515	1.1363514169214917	1966.751343
1564.4967454513921	673.8999648443189	1.137540430735059	1967.751343
1566.8385226842097	675.0381000993075	1.1387302062064002	1968.751343
1569.1829900819475	676.177425510701	1.1399207435862877	1969.751343
1571.5301496625084	677.3179418405332	1.1411120431254942	1970.751343
1573.8800034445458	678.4596498510888	1.1423041050747922	1971.751343
1576.2325534474667	679.6025503049032	1.1434969296849542	1972.751343
1578.58780169143	680.7466439647626	1.1446905172067527	1973.751343
1580.9457501973475	681.891931593704	1.1458848678909606	1974.751343
1583.3064009868826	683.0384139550155	1.14707998198835	1975.751343
1585.6697560824512	684.1860918122353	1.1482758597496936	1976.751343
1588.035817507221	685.3349659291532	1.149472501425764	1977.751343
1590.4045872851127	686.4850370698089	1.1506699072673334	1978.751343
1592.7760674407991	687.6363059984932	1.1518680775251746	1979.751343
1595.150259999706	688.7887734797482	1.1530670124500602	1980.751343
1597.5271669880105	689.9424402783661	1.1542667122927623	1981.751343
1599.906790432643	691.0973071593899	1.1554671773040543	1982.751343
1602.2891323612848	692.253374888114	1.156668407734708	1983.751343
1604.6741948023705	693.4106442300828	1.157870403835496	1984.751343
1607.0619797850868	694.5691159510918	1.1590731658571911	1985.751343
1609.4524893393736	695.7287908171877	1.1602766940505658	1986.751343
1611.845725495922	696.8896695946671	1.1614809886663924	1987.751343
1614.2416902861748	698.0517530500781	1.1626860499554434	1988.751343
1616.6403857423295	699.2150419502194	1.1638918781684917	1989.751343
1619.0418138973334	700.3795370621401	1.1650984735563097	1990.751343
1621.4459767848878	701.5452391531405	1.16630583636967	1991.751343
1623.8528764394443	702.7121489907715	1.1675139668593444	1992.751343
1626.26251489621	703.8802673428349	1.1687228652761064	1993.751343
1628.6748941911426	705.049594977383	1.1699325318707283	1994.751343
1631.0900163609506	706.2201326627192	1.1711429668939823	1995.751343
1633.5078834430967	707.3918811673975	1.1723541705966412	1996.751343
1635.9284974757966	708.5648412602225	1.1735661432294775	1997.751343
1638.351860498015	709.73901371025	1.1747788850432634	1998.751343
1640.777974549474	710.9143992867863	1.1759923962887722	1999.751343
1643.2068416706431	712.0909987593884	1.1772066772167757	2000.751343
1645.638463902747	713.2688128978643	1.178421728078047	2001.751343
1648.0728432877606	714.4478424722724	1.179637549123358	2002.751343
1650.509981868415	715.6280882529227	1.1808541406034818	2003.751343
1652.9498816881878	716.8095510103748	1.1820715027691904	2004.751343
1655.3925447913145	717.9922315154397	1.1832896358712568	2005.751343
1657.8379732227797	719.1761305391797	1.1845085401604534	2006.751343
1660.2861690283212	720.3612488529066	1.1857282158875526	2007.751343
1662.7371342544288	721.5475872281843	1.186948663303327	2008.751343
1665.190870948345	722.7351464368265	1.1881698826585492	2009.751343
1667.6473811580654	723.923927250898	1.1893918742039917	2010.751343
1670.106666932336	725.1139304427147	1.1906146381904272	2011.751343
1672.5687303206569	726.3051567848428	1.191838174868628	2012.751343
1675.033573373279	727.4976070500994	1.1930624844893667	2013.751343
1677.5011981412067	728.6912820115526	1.1942875673034157	2014.751343
1679.9716066761962	729.886182442521	1.1955134235615477	2015.751343
1682.4448010307565	731.0823091165742	1.1967400535145354	2016.751343
1684.9207832581483	732.2796628075321	1.197967457413151	2017.751343
1687.3995554123846	733.4782442894659	1.199195635508167	2018.751343
1689.881119548231	734.6780543366973	1.2004245880503561	2019.751343
1692.365477721206	735.8790937237991	1.201654315290491	2020.751343
1694.8526319875796	737.0813632255945	1.2028848174793443	2021.751343
1697.3425844043736	738.2848636171578	1.204116094867688	2022.751343
1699.835337029363	739.4895956738134	1.2053481477062948	2023.751343
1702.3308919210763	740.6955601711373	1.2065809762459376	2024.751343
1704.8292511387908	741.9027578849559	1.2078145807373886	2025.751343
1707.33041674254	743.1111895913464	1.2090489614314204	2026.751343
1709.8343907931078	744.3208560666363	1.2102841185788056	2027.751343
1712.3411753520304	745.5317580874053	1.211520052430317	2028.751343
1714.850772481596	746.7438964304821	1.2127567632367264	2029.751343
1717.3631842448472	747.9572718729473	1.213994251248807	2030.751343
1719.878412705575	749.1718851921319	1.215232516717331	2031.751343
1722.3964599283272	750.3877371656178	1.2164715598930709	2032.751343
1724.917327978401	751.6048285712374	1.2177113810267997	2033.751343
1727.441018921847	752.8231601870742	1.2189519803692894	2034.751343
1729.9675348254673	754.0427327914624	1.2201933581713127	2035.751343
1732.496877756817	755.2635471629869	1.221435514683642	2036.751343
1735.029049784204	756.4856040804833	1.2226784501570502	2037.751343
1737.564052976688	757.7089043230383	1.2239221648423095	2038.751343
1740.1018894040799	758.9334486699888	1.2251666589901928	2039.751343
1742.6425611369446	760.159237900923	1.2264119328514722	2040.751343
1745.186070246599	761.38627279568	1.2276579866769208	2041.751343
1747.732418805111	762.6145541343486	1.2289048207173103	2042.751343
1750.2816088853024	763.8440826972699	1.2301524352234139	2043.751343
1752.8336425607479	765.0748592650343	1.231400830446004	2044.751343
1755.3885219057702	766.3068846184842	1.2326500066358528	2045.751343
1757.9462489954506	767.5401595387121	1.2338999640437334	2046.751343
1760.5068259056181	768.7746848070614	1.2351507029204178	2047.751343
1763.0702547128562	770.0104612051261	1.236402223516679	2048.751343
1765.6365374944987	771.2474895147514	1.237654526083289	2049.751343
1768.205676328635	772.4857705180332	1.238907610871021	2050.751343
1770.7776732941018	773.7253049973174	1.2401614781306467	2051.751343
1773.3525304704945	774.966093735202	1.2414161281129394	2052.751343
1775.9302499381552	776.2081375145343	1.2426715610686712	2053.751343
1778.510833778182	777.4514371184141	1.2439277772486148	2054.751343
1781.0942840724233	778.6959933301898	1.245184776903543	2055.751343
1783.6806029034806	779.941806933463	1.2464425602842275	2056.751343
1786.269792354707	781.1888787120838	1.2477011276414416	2057.751343
1788.861854510209	782.437209450155	1.2489604792259579	2058.751343
1791.4567914548447	783.6867999320284	1.250220615288548	2059.751343
1794.0546052742243	784.9376509423082	1.2514815360799854	2060.751343
1796.655298054712	786.1897632658486	1.2527432418510425	2061.751343
1799.2588718834218	787.4431376877538	1.2540057328524912	2062.751343
1801.8653288482217	788.6977749933804	1.2552690093351049	2063.751343
1804.4746710377312	789.9536759683347	1.2565330715496554	2064.751343
1807.0869005413228	791.210841398474	1.2577979197469156	2065.751343
1809.702019449121	792.4692720699063	1.2590635541776578	2066.751343
1812.320029852003	793.7289687689907	1.260329975092655	2067.751343
1814.9409338415976	794.9899322823364	1.2615971827426793	2068.751343
1817.5647335102858	796.2521633968047	1.2628651773785033	2069.751343
1820.1914309512013	797.5156628995057	1.2641339592508996	2070.751343
1822.8210282582318	798.7804315778023	1.2654035286106409	2071.751343
1825.4535275260137	800.0464702193063	1.2666738857084991	2072.751343
1828.088930849939	801.3137796118821	1.2679450307952478	2073.751343
1830.7272403261504	802.5823605436437	1.2692169641216586	2074.751343
1833.3684580515428	803.8522138029555	1.2704896859385044	2075.751343
1836.0125861237648	805.1233401784343	1.2717631964965577	2076.751343
1838.659626641216	806.3957404589461	1.273037496046591	2077.751343
1841.309581703048	807.6694154336085	1.274312584839377	2078.751343
1843.9624534091658	808.9443658917894	1.275588463125688	2079.751343
1846.6182438602277	810.220592623108	1.2768651311562966	2080.751343
1849.2769551576412	811.4980964174335	1.2781425891819753	2081.751343
1851.9385894035674	812.7768780648872	1.2794208374534968	2082.751343
1854.6031487009232	814.0569383558395	1.2806998762216335	2083.751343
1857.270635153372	815.3382780809129	1.281979705737158	2084.751343
1859.9410508653332	816.6208980309801	1.2832603262508426	2085.751343
1862.6143979419783	817.9047989971641	1.2845417380134603	2086.751343
1865.2906784892295	819.1899817708401	1.2858239412757833	2087.751343
1867.9698946137626	820.4764471436326	1.287106936288584	2088.751343
1870.6520484230055	821.7641959074178	1.2883907233026353	2089.751343
1873.3371420251385	823.0532288543218	1.2896753025687095	2090.751343
1876.0251775290947	824.3435467767227	1.2909606743375794	2091.751343
1878.7161570445567	825.6351504672481	1.2922468388600168	2092.751343
1881.4100826819633	826.9280407187775	1.2935337963867952	2093.751343
1884.1069565525036	828.2222183244401	1.2948215471686866	2094.751343
1886.8067807681198	829.5176840776168	1.2961100914564638	2095.751343
1889.509557441505	830.8144387719386	1.2973994295008988	2096.751343
1892.2152886861052	832.1124832012878	1.2986895615527645	2097.751343
1894.923976616121	833.4118181597971	1.2999804878628338	2098.751343
1897.6356233465003	834.7124444418498	1.3012722086818784	2099.751343
1900.3502309929497	836.0143628420807	1.3025647242606717	2100.751343
1903.0678016719232	837.3175741553746	1.3038580348499855	2101.751343
1905.7883375006293	838.6220791768677	1.305152140700593	2102.751343
1908.511840597027	839.9278787019464	1.3064470420632661	2103.751343
1911.2383130798303	841.2349735262485	1.307742739188778	2104.751343
1913.967757068503	842.5433644456618	1.3090392323279003	2105.751343
1916.7001746832632	843.8530522563258	1.3103365217314065	2106.751343
1919.4355680450803	845.1640377546296	1.3116346076500685	2107.751343
1922.1739392756758	846.4763217372144	1.3129334903346592	2108.751343
1924.915290497523	847.7899050009712	1.3142331700359509	2109.751343
1927.6596238338502	849.1047883430423	1.3155336470047163	2110.751343
1930.4069414086357	850.4209725608202	1.316834921491728	2111.751343
1933.1572453466101	851.7384584519488	1.3181369937477583	2112.751343
1935.9105377732565	853.0572468143223	1.3194398640235798	2113.751343
1938.6668208148112	854.377338446086	1.3207435325699648	2114.751343
1941.4260965982621	855.698734145636	1.3220479996376864	2115.751343
1944.1883672513502	857.0214347116189	1.3233532654775166	2116.751343
1946.9536349025675	858.345440942932	1.3246593303402285	2117.751343
1949.7219016811587	859.6707536387237	1.3259661944765937	2118.751343
1952.493169717122	860.9973735983933	1.327273858137386	2119.751343
1955.2674411412067	862.3253016215903	1.328582321573377	2120.751343
1958.0447180849148	863.6545385082154	1.3298915850353394	2121.751343
1960.8250026805	864.9850850584198	1.3312016487740457	2122.751343
1963.60829706097	866.316942072606	1.3325125130402689	2123.751343
1966.3946033600828	867.6501103514267	1.333824178084781	2124.751343
1969.1839237123509	868.9845906957852	1.335136644158355	2125.751343
1971.976260253036	870.3203839068367	1.3364499115117627	2126.751343
1974.7716151181548	871.6574907859856	1.3377639803957773	2127.751343
1977.5699904444762	872.9959121348886	1.339078851061171	2128.751343
1980.3713883695195	874.335648755452	1.3403945237587165	2129.751343
1983.1758110315593	875.6767014498336	1.3417109987391864	2130.751343
1985.9832605696192	877.0190710204415	1.3430282762533532	2131.751343
1988.7937391234764	878.3627582699353	1.344346356551989	2132.751343
1991.607248833662	879.7077640012237	1.345665239885867	2133.751343
1994.4237918414578	881.0540890174689	1.3469849265057596	2134.751343
1997.2433702888966	882.4017341220812	1.3483054166624386	2135.751343
2000.0659863187673	883.750700118723	1.3496267106066775	2136.751343
2002.8916420746086	885.1009878113075	1.3509488085892485	2137.751343
2005.7203397007108	886.4525980039978	1.352271710860924	2138.751343
2008.5520813421176	887.8055315012093	1.3535954176724763	2139.751343
2011.3868691446264	889.1597891076063	1.3549199292746783	2140.751343
2014.2247052547846	890.5153716281056	1.3562452459183028	2141.751343
2017.0655918198922	891.8722798678737	1.3575713678541215	2142.751343
2019.909530988003	893.2305146323281	1.3588982953329076	2143.751343
2022.7565249079225	894.5900767271373	1.3602260286054335	2144.751343
2025.6065757292074	895.9509669582204	1.3615545679224716	2145.751343
2028.459685602169	897.3131861317474	1.3628839135347948	2146.751343
2031.3158566778682	898.676735054139	1.3642140656931752	2147.751343
2034.17509110812	900.041614532066	1.3655450246483853	2148.751343
2037.0373910454914	901.4078253724515	1.366876790651198	2149.751343
2039.9027586433015	902.7753683824682	1.3682093639523858	2150.751343
2042.7711960556217	904.1442443695391	1.3695427448027209	2151.751343
2045.6427054372762	905.5144541413401	1.3708769334529762	2152.751343
2048.5172889438395	906.8859985057953	1.3722119301539235	2153.751343
2051.3949487316427	908.2588782710816	1.3735477351563365	2154.751343
2054.2756869577647	909.6330942456253	1.374884348710987	2155.751343
2057.159505780039	911.0086472381047	1.3762217710686475	2156.751343
2060.0464073570515	912.3855380574473	1.3775600024800907	2157.751343
2062.9363938481397	913.7637675128332	1.3788990431960892	2158.751343
2065.829467413392	915.1433364136913	1.3802388934674152	2159.751343
2068.7256302136543	916.5242455697031	1.3815795535448419	2160.751343
2071.624884410518	917.9064957907999	1.3829210236791412	2161.751343
2074.5272321663315	919.2900878871642	1.384263304121086	2162.751343
2077.4326756441947	920.6750226692285	1.3856063951214486	2163.751343
2080.341217007958	922.0613009476767	1.3869502969310017	2164.751343
2083.2528584222255	923.4489235334437	1.3882950098005176	2165.751343
2086.1676020523537	924.8378912377143	1.389640533980769	2166.751343
2089.0854500644514	926.2282048719258	1.3909868697225285	2167.751343
2092.0064046253788	927.6198652477636	1.3923340172765684	2168.751343
2094.930467902751	929.0128731771665	1.3936819768936615	2169.751343
2097.8576420649306	930.407229472322	1.3950307488245801	2170.751343
2100.787929281038	931.8029349456704	1.3963803333200973	2171.751343
2103.721331720942	933.1999904099009	1.3977307306309847	2172.751343
2106.657851555266	934.5983966779546	1.3990819410080155	2173.751343
2109.5974909553834	935.9981545630226	1.400433964701962	2174.751343
2112.5402520934226	937.3992648785476	1.4017868019635968	2175.751343
2115.486137142263	938.8017284382227	1.4031404530436924	2176.751343
2118.435148275536	940.2055460559914	1.4044949181930213	2177.751343
2121.387287667626	941.6107185460488	1.4058501976623565	2178.751343
2124.342557493668	943.0172467228397	1.4072062917024697	2179.751343
2127.3009599295524	944.4251314010609	1.408563200564134	2180.751343
2130.2624971519194	945.8343733956585	1.4099209244981217	2181.751343
2133.2271713381624	947.2449735218315	1.4112794637552053	2182.751343
2136.1949846664274	948.6569325950271	1.4126388185861576	2183.751343
2139.165939315613	950.0702514309453	1.4139989892417513	2184.751343
2142.140037465368	951.4849308455356	1.4153599759727582	2185.751343
2145.117281296095	952.9009716549995	1.4167217790299511	2186.751343
2148.0976729889508	954.3183746757879	1.418084398664103	2187.751343
2151.081214725841	955.7371407246036	1.4194478351259863	2188.751343
2154.0679086894256	957.1572706183995	1.420812088666373	2189.751343
2157.057757063116	958.5787651743797	1.422177159536036	2190.751343
2160.0507620310786	960.0016252099983	1.4235430479857483	2191.751343
2163.046925778227	961.4258515429613	1.4249097542662814	2192.751343
2166.0462504902307	962.8514449912249	1.4262772786284084	2193.751343
2169.0487383535133	964.2784063729955	1.427645621322902	2194.751343
2172.0543915552453	965.7067365067317	1.4290147826005346	2195.751343
2175.0632122833536	967.136436211141	1.4303847627120785	2196.751343
2178.0752027265166	968.567506305184	1.4317555619083067	2197.751343
2181.0903650741648	969.9999476080696	1.4331271804399912	2198.751343
2184.1087015164803	971.4337609392594	1.434499618557905	2199.751343
2187.1302142443974	972.8689471184646	1.43587287651282	2200.751343
2190.1549054496054	974.3055069656475	1.4372469545555095	2201.751343
2193.1827773245427	975.7434413010219	1.4386218529367456	2202.751343
2196.2138320624026	977.1827509450508	1.439997571907301	2203.751343
2199.2480718571287	978.6234367184497	1.4413741117179484	2204.751343
2202.2854989034167	980.0654994421836	1.4427514726194595	2205.751343
2205.3261153967164	981.508939937469	1.4441296548626077	2206.751343
2208.3699235332297	982.953759025773	1.4455086586981651	2207.751343
2211.416925509909	984.3999575288132	1.4468884843769048	2208.751343
2214.467123524462	985.8475362685581	1.4482691321495986	2209.751343
2217.520519775344	987.2964960672275	1.4496506022670193	2210.751343
2220.5771164617686	988.7468377472906	1.4510328949799396	2211.751343
2223.6369157836966	990.1985621314693	1.4524160105391317	2212.751343
2226.6999199418447	991.6516700427347	1.4537999491953688	2213.751343
2229.766131137679	993.1061623043092	1.4551847111994227	2214.751343
2232.83555157342	994.5620397396665	1.4565702968020662	2215.751343
2235.9081834520402	996.0193031725298	1.4579567062540717	2216.751343
2238.9840289772637	997.4779534268746	1.4593439398062122	2217.751343
2242.063090353567	998.937991326926	1.4607319977092599	2218.751343
2245.14536978618	1000.3994176971603	1.4621208802139871	2219.751343
2248.2308694810827	1001.8622333623046	1.4635105875711667	2220.751343
2251.3195916450104	1003.326439147337	1.4649011200315714	2221.751343
2254.4115384854485	1004.7920358774859	1.4662924778459732	2222.751343
2257.5067122106348	1006.2590243782305	1.4676846612651446	2223.751343
2260.605115029561	1007.7274054753011	1.4690776705398587	2224.751343
2263.7067491519697	1009.1971799946791	1.470471505920888	2225.751343
2266.811616788355	1010.6683487625957	1.4718661676590044	2226.751343
2269.919720149967	1012.140912605533	1.473261656004981	2227.751343
2273.0310614488044	1013.614872350225	1.4746579712095902	2228.751343
2276.1456428976176	1015.0902288236553	1.476055113523604	2229.751343
2279.2634667099146	1016.566982853059	1.4774530831977961	2230.751343
2282.384535099951	1018.0451352659212	1.4788518804829378	2231.751343
2285.508850282735	1019.5246868899787	1.4802515056298025	2232.751343
2288.636414474029	1021.0056385532183	1.4816519588891623	2233.751343
2291.7672298903467	1022.4879910838781	1.48305324051179	2234.751343
2294.9012987489536	1023.9717453104465	1.4844553507484577	2235.751343
2298.0386232678698	1025.4569020616632	1.4858582898499384	2236.751343
2301.1792056658646	1026.9434621665182	1.4872620580670044	2237.751343
2304.3230481624623	1028.431426454253	1.4886666556504284	2238.751343
2307.4701529779377	1029.9207957543583	1.490072082850983	2239.751343
2310.6205223333177	1031.4115708965774	1.4914783399194398	2240.751343
2313.7741584503847	1032.9037527109035	1.4928854271065728	2241.751343
2316.931063551669	1034.3973420275802	1.4942933446631534	2242.751343
2320.0912398604555	1035.8923396771033	1.4957020928399547	2243.751343
2323.254689600783	1037.388746490217	1.4971116718877493	2244.751343
2326.421414997439	1038.8865632979193	1.4985220820573093	2245.751343
2329.5914182759657	1040.385790931456	1.4999333235994072	2246.751343
2332.764701662658	1041.8864302223258	1.5013453967648163	2247.751343
2335.94126738456	1043.388482002277	1.5027583018043082	2248.751343
2339.1211176694724	1044.8919471033093	1.504172038968656	2249.751343
2342.304254745946	1046.3968263576728	1.505586608508632	2250.751343
2345.4906808432834	1047.9031205978686	1.5070020106750093	2251.751343
2348.6803981915405	1049.4108306566486	1.5084182457185595	2252.751343
2351.8734090215235	1050.9199573670153	1.5098353138900553	2253.751343
2355.069715564795	1052.4305015622217	1.51125321544027	2254.751343
2358.2693200536673	1053.9424640757722	1.5126719506199755	2255.751343
2361.4722247212035	1055.4558457414219	1.5140915196799445	2256.751343
2364.6784318012224	1056.9706473931756	1.5155119228709493	2257.751343
2367.8879435282934	1058.486869865291	1.516933160443763	2258.751343
2371.1007621377366	1060.0045139922738	1.5183552326491574	2259.751343
2374.3168898656286	1061.5235806088838	1.5197781397379058	2260.751343
2377.536328948793	1063.0440705501278	1.52120188196078	2261.751343
2380.759081624812	1064.5659846512667	1.5226264595685532	2262.751343
2383.9851501320136	1066.0893237478103	1.5240518728119974	2263.751343
2387.2145367094827	1067.6140886755195	1.5254781219418854	2264.751343
2390.447243597055	1069.1402802704067	1.5269052072089897	2265.751343
2393.683273035318	1070.6678993687337	1.528333128864083	2266.751343
2396.9226272656124	1072.1969468070142	1.5297618871579373	2267.751343
2400.16530853003	1073.7274234220126	1.5311914823413255	2268.751343
2403.411319071418	1075.2593300507435	1.5326219146650204	2269.751343
2406.660661133371	1076.792667530473	1.534053184379794	2270.751343
2409.9133369602396	1078.3274366987175	1.535485291736419	2271.751343
2413.169348797126	1079.8636383932435	1.536918236985668	2272.751343
2416.4286988898853	1081.4012734520697	1.538352020378314	2273.751343
2419.691389485122	1082.9403427134646	1.5397866421651287	2274.751343
2422.957422830197	1084.4808470159485	1.5412221025968853	2275.751343
2426.22680117322	1086.0227871982902	1.5426584019243554	2276.751343
2429.4995267630557	1087.5661640995124	1.544095540398313	2277.751343
2432.775601849319	1089.1109785588865	1.5455335182695296	2278.751343
2436.0550286823777	1090.6572314159341	1.5469723357887775	2279.751343
2439.337809513354	1092.2049235104303	1.54841199320683	2280.751343
2442.62394659412	1093.7540556823978	1.5498524907744593	2281.751343
2445.9134421772997	1095.3046287721124	1.551293828742438	2282.751343
2449.206298516271	1096.8566436200997	1.5527360073615384	2283.751343
2452.5025178651654	1098.4101010671359	1.5541790268825335	2284.751343
2455.8021024788623	1099.965001954249	1.5556228875561953	2285.751343
2459.105054612998	1101.5213471227162	1.5570675896332968	2286.751343
2462.411376523957	1103.0791374140667	1.5585131333646098	2287.751343
2465.7210704688814	1104.6383736700807	1.559959519000908	2288.751343
2469.034138705659	1106.199056732787	1.5614067467929624	2289.751343
2472.3505834929374	1107.7611874444685	1.5628548169915475	2290.751343
2475.67040709011	1109.3247666476564	1.5643037298474343	2291.751343
2478.9936117573247	1110.8897951851327	1.5657534856113955	2292.751343
2482.320199755484	1112.456273899932	1.5672040845342041	2293.751343
2485.650173346239	1114.0242036353377	1.5686555268666325	2294.751343
2488.983534791997	1115.5935852348855	1.5701078128594532	2295.751343
2492.320286355913	1117.1644195423605	1.5715609427634387	2296.751343
2495.6604303018985	1118.7367074017995	1.5730149168293615	2297.751343
2499.003968894616	1120.31044965749	1.574469735307994	2298.751343
2502.350904399478	1121.88564715397	1.5759253984501091	2299.751343
2505.7012390826535	1123.462300736028	1.577381906506479	2300.751343
2509.0549752110614	1125.0404112487045	1.5788392597278766	2301.751343
2512.4121150523715	1126.619979537289	1.580297458365074	2302.751343
2515.7726608750095	1128.2010064473236	1.5817565026688443	2303.751343
2519.1366149481496	1129.7834928245995	1.5832163928899594	2304.751343
2522.5039795417215	1131.3674395151595	1.584677129279192	2305.751343
2525.8747569264065	1132.9528473652977	1.586138712087315	2306.751343
2529.2489493736357	1134.5397172215573	1.5876011415651003	2307.751343
2532.6265591555966	1136.1280499307345	1.5890644179633213	2308.751343
2536.007588545225	1137.7178463398743	1.5905285415327497	2309.751343
2539.3920398162127	1139.309107296274	1.5919935125241587	2310.751343
2542.7799152430002	1140.9018336474803	1.59345933118832	2311.751343
2546.1712171007835	1142.4960262412917	1.594925997776007	2312.751343
2549.5659476655082	1144.091685925757	1.5963935125379916	2313.751343
2552.964109213876	1145.6888135491763	1.5978618757250471	2314.751343
2556.365704023336	1147.287409960099	1.5993310875879452	2315.751343
2559.7707343720917	1148.887476007328	1.600801148377459	2316.751343
2563.179202539103	1150.4890125399133	1.6022720583443606	2317.751343
2566.591110804074	1152.092020407159	1.6037438177394225	2318.751343
2570.0064614474686	1153.6965004586186	1.605216426813418	2319.751343
2573.4252567504996	1155.3024535440957	1.6066898858171188	2320.751343
2576.847498995131	1156.9098805136462	1.608164195001298	2321.751343
2580.2731904640814	1158.5187822175753	1.6096393546167276	2322.751343
2583.7023334408213	1160.1291595064404	1.6111153649141805	2323.751343
2587.1349302095723	1161.7410132310479	1.612592226144429	2324.751343
2590.5709830553114	1163.354344242457	1.614069938558246	2325.751343
2594.010494263762	1164.969153391976	1.6155485024064036	2326.751343
2597.4534661214075	1166.5854415311649	1.617027917939675	2327.751343
2600.8999009154754	1168.2032095118338	1.6185081854088315	2328.751343
2604.3498009339532	1169.822458186045	1.6199893050646472	2329.751343
2607.803168465576	1171.4431884061094	1.6214712771578934	2330.751343
2611.2600057998325	1173.06540102459	1.6229541019393432	2331.751343
2614.720315226963	1174.689096894301	1.624437779659769	2332.751343
2618.184099037962	1176.314276868306	1.6259223105699432	2333.751343
2621.6513595245747	1177.940941799921	1.6274076949206389	2334.751343
2625.122098979298	1179.569092542711	1.6288939329626275	2335.751343
2628.5963196953844	1181.1987299504935	1.6303810249466828	2336.751343
2632.0740239668335	1182.8298548773353	1.6318689711235765	2337.751343
2635.555214088403	1184.4624681775554	1.6333577717440817	2338.751343
2639.039892355598	1186.0965707057217	1.6348474270589701	2339.751343
2642.5280610646796	1187.7321633166548	1.6363379373190152	2340.751343
2646.0197225126594	1189.369246865425	1.6378293027749893	2341.751343
2649.5148789973005	1191.0078222073535	1.6393215236776644	2342.751343
2653.0135328171204	1192.6478901980129	1.6408146002778135	2343.751343
2656.5156862713875	1194.2894516932256	1.6423085328262088	2344.751343
2660.021341660123	1195.9325075490651	1.6438033215736234	2345.751343
2663.5305012841	1197.5770586218557	1.645298966770829	2346.751343
2667.0431674448437	1199.2231057681736	1.646795468668599	2347.751343
2670.559342444634	1200.8706498448435	1.6482928275177053	2348.751343
2674.0790285865005	1202.519691708943	1.649791043568921	2349.751343
2677.602228174225	1204.170232217799	1.6512901170730179	2350.751343
2681.128943512344	1205.8222722289902	1.6527900482807694	2351.751343
2684.659176906144	1207.475812600345	1.6542908374429472	2352.751343
2688.192930661663	1209.1308541899443	1.6557924848103243	2353.751343
2691.7302070856967	1210.7873978561179	1.6572949906336734	2354.751343
2695.2710084857863	1212.4454444574474	1.6587983551637664	2355.751343
2698.815337170229	1214.104994852765	1.6603025786513763	2356.751343
2702.3631954480757	1215.7660499011527	1.6618076613472756	2357.751343
2705.9145856291248	1217.4286104619455	1.6633136035022367	2358.751343
2709.469510023932	1219.0926773947272	1.6648204053670326	2359.751343
2713.0279709438014	1220.7582515593333	1.6663280671924348	2360.751343
2716.589970700793	1222.4253338158494	1.6678365892292168	2361.751343
2720.155511607716	1224.0939250246122	1.669345971728151	2362.751343
2723.724595978133	1225.76402604621	1.670856214940009	2363.751343
2727.2972261263617	1227.4356377414801	1.672367319115565	2364.751343
2730.8734043674667	1229.1087609715123	1.67387928450559	2365.751343
2734.453133017268	1230.7833965976465	1.6753921113608574	2366.751343
2738.0364143923393	1232.459545481473	1.6769057999321395	2367.751343
2741.6232508100043	1234.137208484833	1.6784203504702087	2368.751343
2745.213644588339	1235.8163864698195	1.6799357632258376	2369.751343
2748.8075980461736	1237.497080298774	1.6814520384497986	2370.751343
2752.4051135030895	1239.179290834292	1.682969176392865	2371.751343
2756.0061932794188	1240.8630189392165	1.684487177305808	2372.751343
2759.610839696249	1242.5482654766438	1.6860060414394016	2373.751343
2763.219055075418	1244.2350313099191	1.687525769044417	2374.751343
2766.8308417395165	1245.9233173026398	1.6890463603716277	2375.751343
2770.4462020118863	1247.6131243186535	1.6905678156718054	2376.751343
2774.065138216625	1249.304453222058	1.6920901351957236	2377.751343
2777.687652678579	1250.9973048772029	1.6936133191941543	2378.751343
2781.3137477233486	1252.6916801486882	1.69513736791787	2379.751343
2784.9434256772834	1254.3875799013642	1.696662281617643	2380.751343
2788.5766888674916	1256.0850050003323	1.6981880605442465	2381.751343
2792.2135396218296	1257.783956310945	1.699714704948453	2382.751343
2795.853980268904	1259.4844346988054	1.701242215081034	2383.751343
2799.498013138078	1261.1864410297671	1.7027705911927629	2384.751343
2803.145640559466	1262.889976169934	1.7042998335344122	2385.751343
2806.7968648639335	1264.5950409856628	1.7058299423567544	2386.751343
2810.4516883830975	1266.3016363435581	1.7073609179105615	2387.751343
2814.110113449332	1268.009763110478	1.708892760446607	2388.751343
2817.7721423957582	1269.7194221535292	1.710425470215663	2389.751343
2821.43777755625	1271.4306143400704	1.7119590474685014	2390.751343
2825.1070212654367	1273.1433405377109	1.7134934924558953	2391.751343
2828.7798758587005	1274.8576016143106	1.7150288054286178	2392.751343
2832.4563436721687	1276.5733984379804	1.7165649866374402	2393.751343
2836.1364270427307	1278.2907318770813	1.7181020363331359	2394.751343
2839.8201283080216	1280.0096028002258	1.7196399547664774	2395.751343
2843.5074498064305	1281.7300120762768	1.7211787421882367	2396.751343
2847.198393877098	1283.4519605743485	1.7227183988491868	2397.751343
2850.892962859921	1285.1754491638053	1.7242589250001001	2398.751343
2854.5911590955434	1286.9004787142626	1.7258003208917492	2399.751343
2858.292984925364	1288.6270500955857	1.7273425867749064	2400.751343
2861.9984426915357	1290.355164177893	1.7288857229003447	2401.751343
2865.707534736959	1292.084821831551	1.7304297295188362	2402.751343
2869.420263405291	1293.8160239271785	1.7319746068811535	2403.751343
2873.1366310409385	1295.5487713356447	1.7335203552380691	2404.751343
2876.856639989064	1297.2830649280697	1.735066974840356	2405.751343
2880.5802925955772	1299.0189055758244	1.736614465938786	2406.751343
2884.3075912071436	1300.7562941505298	1.7381628287841322	2407.751343
2888.0385381711817	1302.4952315240585	1.739712063627167	2408.751343
2891.7731358358596	1304.2357185685335	1.7412621707186628	2409.751343
2895.511386550099	1305.977756156329	1.742813150309392	2410.751343
2899.253292663574	1307.721345160069	1.7443650026501274	2411.751343
2902.998856526712	1309.4664864526294	1.7459177279916416	2412.751343
2906.748080490692	1311.2131809071361	1.7474713265847068	2413.751343
2910.5009669074434	1312.9614293969662	1.749025798680096	2414.751343
2914.2575181296506	1314.7112327957473	1.7505811445285815	2415.751343
2918.0177365107484	1316.462591977358	1.7521373643809355	2416.751343
2921.7816244049254	1318.2155078159271	1.753694458487931	2417.751343
2925.5491841671223	1319.9699811858354	1.7552524271003405	2418.751343
2929.3204181530314	1321.7260129617136	1.7568112704689365	2419.751343
2933.095328719097	1323.4836040184423	1.758370988844491	2420.751343
2936.8739182225167	1325.2427552311551	1.7599315824777773	2421.751343
2940.6561890212406	1327.0034674752342	1.7614930516195673	2422.751343
2944.4421434739706	1328.7657416263137	1.7630553965206341	2423.751343
2948.2317839401594	1330.5295785602789	1.7646186174317497	2424.751343
2952.025112780016	1332.2949791532644	1.7661827146036873	2425.751343
2955.8221323544967	1334.0619442816567	1.7677476882872187	2426.751343
2959.6228450253143	1335.830474822093	1.769313538733117	2427.751343
2963.427253154931	1337.6005716514605	1.770880266192154	2428.751343
2967.235359106564	1339.3722356468986	1.7724478709151035	2429.751343
2971.04716524418	1341.1454676857954	1.7740163531527364	2430.751343
2974.862673932502	1342.9202686457927	1.7755857131558268	2431.751343
2978.681887537001	1344.6966394047795	1.7771559511751467	2432.751343
2982.5048084239	1346.4745808408984	1.778727067461468	2433.751343
2986.33143896018	1348.254093832542	1.7802990622655637	2434.751343
2990.1617815135687	1350.0351792583522	1.7818719358382065	2435.751343
2993.995838452547	1351.8178379972248	1.7834456884301684	2436.751343
2997.8336121463526	1353.6020709283025	1.7850203202922226	2437.751343
3001.67510496497	1355.3878789309829	1.7865958316751414	2438.751343
3005.5203192791387	1357.1752628849104	1.7881722228296972	2439.751343
3009.369257460349	1358.9642236699826	1.7897494940066627	2440.751343
3013.221921880845	1360.7547621663477	1.79132764545681	2441.751343
3017.078314913624	1362.5468792544043	1.7929066774309124	2442.751343
3020.9384389324327	1364.3405758148015	1.7944865901797415	2443.751343
3024.802296311771	1366.1358527284392	1.7960673839540706	2444.751343
3028.6698894268948	1367.9327108764685	1.797649059004672	2445.751343
3032.5412206538067	1369.7311511402909	1.7992316155823183	2446.751343
3036.416292369263	1371.531174401559	1.8008150539377816	2447.751343
3040.2951069507767	1373.3327815421758	1.802399374321835	2448.751343
3044.1776667766094	1375.1359734442958	1.8039845769852512	2449.751343
3048.063974225774	1376.9407509903228	1.8055706621788015	2450.751343
3051.9540316780385	1378.7471150629137	1.80715763015326	2451.751343
3055.8478415139202	1380.5550665449734	1.8087454811593977	2452.751343
3059.7454061146937	1382.36460631966	1.810334215447989	2453.751343
3063.646727862379	1384.1757352703805	1.8119238332698042	2454.751343
3067.551809139756	1385.988454280794	1.8135143348756178	2455.751343
3071.46065233035	1387.80276423481	1.8151057205162013	2456.751343
3075.373259818443	1389.6186660165886	1.8166979904423273	2457.751343
3079.289633989068	1391.43616051054	1.818291144904769	2458.751343
3083.209777228009	1393.255248601327	1.8198851841542978	2459.751343
3087.133691921806	1395.0759311738616	1.8214801084416874	2460.751343
3091.061380457747	1396.8982091133066	1.8230759180177094	2461.751343
3094.992845223876	1398.7220833050767	1.824672613133137	2462.751343
3098.928088608984	1400.5475546348362	1.826270194038742	2463.751343
3102.867113002625	1402.374623988501	1.827868660985298	2464.751343
3106.8099207950895	1404.2032922522376	1.8294680142235766	2465.751343
3110.7565143774355	1406.0335603124624	1.831068254004351	2466.751343
3114.706896141463	1407.8654290558438	1.8326693805783927	2467.751343
3118.6610684797315	1409.6988993693005	1.8342713941964757	2468.751343
3122.619033785546	1411.5339721400019	1.8358742951093714	2469.751343
3126.58079445297	1413.370648255368	1.8374780835678526	2470.751343
3130.5463528768164	1415.2089286030698	1.8390827598226922	2471.751343
3134.5157114526487	1417.048814071029	1.8406883241246623	2472.751343
3138.4888725767873	1418.8903055474182	1.8422947767245357	2473.751343
3142.4658386462997	1420.7334039206607	1.8439021178730846	2474.751343
3146.4466120590096	1422.578110079431	1.8455103478210821	2475.751343
3150.431195213492	1424.424424912653	1.8471194668193	2476.751343
3154.4195905090746	1426.2723493095034	1.8487294751185117	2477.751343
3158.4118003458334	1428.121884159407	1.8503403729694887	2478.751343
3162.407827124604	1429.9730303520428	1.8519521606230045	2479.751343
3166.407673246969	1431.8257887773375	1.8535648383298313	2480.751343
3170.411341115263	1433.6801603254705	1.8551784063407413	2481.751343
3174.4188331325777	1435.5361458868713	1.8567928649065075	2482.751343
3178.430151702751	1437.3937463522188	1.858408214277902	2483.751343
3182.4452992303795	1439.2529626124458	1.8600244547056979	2484.751343
3186.464278120806	1441.1137955587328	1.861641586440667	2485.751343
3190.4870907801296	1442.976246082513	1.8632596097335825	2486.751343
3194.5137396151986	1444.8403150754696	1.8648785248352164	2487.751343
3198.5442270336193	1446.7060034295364	1.8664983319963417	2488.751343
3202.5785554437434	1448.5733120368986	1.868119031467731	2489.751343
3206.6167272546786	1450.4422417899923	1.8697406235001561	2490.751343
3210.6587448762853	1452.312793581503	1.87136310834439	2491.751343
3214.7046107191754	1454.1849683043686	1.8729864862512056	2492.751343
3218.7543271947115	1456.0587668517765	1.8746107574713746	2493.751343
3222.8078967150113	1457.934190117166	1.8762359222556704	2494.751343
3226.865321692944	1459.8112389942262	1.8778619808548653	2495.751343
3230.9266045421277	1461.6899143768976	1.8794889335197311	2496.751343
3234.991747676941	1463.5702171593714	1.8811167805010411	2497.751343
3239.0607535125046	1465.4521482360885	1.8827455220495677	2498.751343
3243.1336244647	1467.335708501743	1.8843751584160835	2499.751343
3247.2103629501535	1469.220898851277	1.8860056898513604	2500.751343
3251.2909713862523	1471.1077201798855	1.8876371166061718	2501.751343
3255.375452191129	1472.9961733830128	1.8892694389312898	2502.751343
3259.4638077836717	1474.8862593563554	1.8909026570774872	2503.751343
3263.556040583519	1476.7779789958586	1.8925367712955359	2504.751343
3267.6521530110635	1478.6713331977203	1.8941717818362092	2505.751343
3271.7521474874497	1480.5663228583887	1.8958076889502793	2506.751343
3275.856026434574	1482.4629488745625	1.8974444928885186	2507.751343
3279.9637922750844	1484.3612121431906	1.8990821939016997	2508.751343
3284.075447432384	1486.2611135614743	1.9007207922405953	2509.751343
3288.1909943306246	1488.1626540268644	1.902360288155978	2510.751343
3292.310435394711	1490.065834437062	1.9040006818986197	2511.751343
3296.4337730503053	1491.9706556900207	1.9056419737192938	2512.751343
3300.561009723815	1493.8771186839435	1.9072841638687725	2513.751343
3304.692147842402	1495.785224317285	1.9089272525978278	2514.751343
3308.8271898339854	1497.6949734887494	1.910571240157233	2515.751343
3312.966138127228	1499.6063670972928	1.9122161267977604	2516.751343
3317.1089951515523	1501.5194060421225	1.913861912770182	2517.751343
3321.2557633371302	1503.434091222694	1.9155085983252713	2518.751343
3325.4064451148856	1505.350423538717	1.9171561837138	2519.751343
3329.561042916495	1507.2684038901498	1.9188046691865415	2520.751343
3333.7195591743875	1509.188033177202	1.9204540549942672	2521.751343
3337.8819963217443	1511.1093123003338	1.9221043413877503	2522.751343
3342.048356792499	1513.0322421602564	1.9237555286177637	2523.751343
3346.2186430213383	1514.9568236579316	1.925407616935079	2524.751343
3350.3928574437	1516.8830576945727	1.9270606065904694	2525.751343
3354.571002495775	1518.810945171642	1.9287144978347073	2526.751343
3358.7530806145055	1520.740486990855	1.9303692909185655	2527.751343
3362.9390942375876	1522.6716840541758	1.9320249860928154	2528.751343
3367.1290458034673	1524.6045372638214	1.933681583608231	2529.751343
3371.3229377513467	1526.5390475222566	1.9353390837155837	2530.751343
3375.5207725211767	1528.4752157321998	1.9369974866656472	2531.751343
3379.7225525536614	1530.413042796619	1.9386567927091929	2532.751343
3383.92828029026	1532.3525296187327	1.940317002096994	2533.751343
3388.137958173178	1534.2936771020115	1.941978115079823	2534.751343
3392.3515886453793	1536.2364861501746	1.9436401319084518	2535.751343
3396.569174150577	1538.180957667194	1.9453030528336537	2536.751343
3400.7907171332367	1540.127092557291	1.9469668781062008	2537.751343
3405.016220038578	1542.0748917249389	1.9486316079768657	2538.751343
3409.2456853125714	1544.0243560748609	1.9502972426964211	2539.751343
3413.479115401939	1545.9754865120317	1.9519637825156395	2540.751343
3417.716512754156	1547.9282839416758	1.9536312276852932	2541.751343
3421.9578798174525	1549.8827492692692	1.9552995784561549	2542.751343
3426.2032190408054	1551.8388834005386	1.956968835078997	2543.751343
3430.4525328739487	1553.7966872414618	1.9586389978045924	2544.751343
3434.705823767367	1555.7561616982657	1.9603100668837135	2545.751343
3438.963094172297	1557.7173076774302	1.9619820425671324	2546.751343
3443.2243465407287	1559.6801260856853	1.9636549251056223	2547.751343
3447.489583325402	1561.6446178300102	1.965328714749955	2548.751343
3451.7588069798117	1563.6107838176372	1.9670034117509039	2549.751343
3456.0320199582034	1565.5786249560479	1.9686790163592405	2550.751343
3460.3092247155782	1567.548142152975	1.9703555288257384	2551.751343
3464.590423707683	1569.5193363164021	1.9720329494011692	2552.751343
3468.8756193910244	1571.492208354564	1.9737112783363062	2553.751343
3473.164814222856	1573.466759175945	1.9753905158819214	2554.751343
3477.4580106611866	1575.4429896892816	1.9770706622887877	2555.751343
3481.7552111647756	1577.4209008035598	1.9787517178076772	2556.751343
3486.056418193135	1579.4004934280176	1.980433682689363	2557.751343
3490.3616342065316	1581.381768472143	1.982116557184617	2558.751343
3494.6708616659807	1583.3647268456752	1.9838003415442125	2559.751343
3498.9841030332523	1585.3493694586036	1.9854850360189213	2560.751343
3503.3013607708667	1587.3356972211684	1.9871706408595158	2561.751343
3507.6226373421	1589.3237110438615	1.9888571563167696	2562.751343
3511.947935210979	1591.3134118374242	1.9905445826414543	2563.751343
3516.2772568422797	1593.3048005128503	1.992232920084343	2564.751343
3520.610604701534	1595.2978779813827	1.9939221688962074	2565.751343
3524.947981255027	1597.2926451545156	1.9956123293278212	2566.751343
3529.2893889697925	1599.289102943995	1.997303401629956	2567.751343
3533.6348303136187	1601.2872522618163	1.9989953860533847	2568.751343
3537.9843077550463	1603.2870940202258	2.0006882828488797	2569.751343
3542.3378237633674	1605.2886291317216	2.0023820922672138	2570.751343
3546.695380808628	1607.2918585090513	2.004076814559159	2571.751343
3551.0569813616244	1609.2967830652149	2.0057724499754888	2572.751343
3555.4226278939063	1611.3034037134612	2.007468998766975	2573.751343
3559.7923228777736	1613.3117213672906	2.00916646118439	2574.751343
3564.166068786285	1615.3217369404556	2.0108648374785068	2575.751343
3568.543868093241	1617.3334513469565	2.012564127900097	2576.751343
3572.925723273206	1619.3468655010483	2.0142643326999345	2577.751343
3577.3116368014894	1621.3619803172332	2.0159654521287913	2578.751343
3581.701611154154	1623.3787967102658	2.01766748643744	2579.751343
3586.095648808015	1625.3973155951512	2.0193704358766524	2580.751343
3590.493752240641	1627.417537887146	2.021074300697202	2581.751343
3594.8959239303504	1629.4394645017562	2.02277908114986	2582.751343
3599.30216635622	1631.4630963547402	2.0244847774854007	2583.751343
3603.7124819980727	1633.488434362105	2.0261913899545956	2584.751343
3608.1268733364855	1635.515479440111	2.0278989188082175	2585.751343
3612.5453428527894	1637.5442325052668	2.029607364297039	2586.751343
3616.967893029064	1639.5746944743335	2.0313167266718324	2587.751343
3621.3945263481464	1641.606866264323	2.0330270061833704	2588.751343
3625.8252452936226	1643.6407487924962	2.0347382030824255	2589.751343
3630.260052349828	1645.6763429763669	2.0364503176197695	2590.751343
3634.698950001857	1647.7136497336985	2.038163350046176	2591.751343
3639.1419407355543	1649.752669982506	2.0398773006124173	2592.751343
3643.589027037513	1651.7934046410535	2.041592169569266	2593.751343
3648.0402113950836	1653.8358546278582	2.043307957167494	2594.751343
3652.495496296364	1655.880020861686	2.045024663657874	2595.751343
3656.95488423021	1657.925904261555	2.0467422892911795	2596.751343
3661.418377686225	1659.9735057467333	2.0484608343181825	2597.751343
3665.885979154768	1662.0228262367398	2.050180298989655	2598.751343
3670.357691126946	1664.0738666513444	2.0519006835563696	2599.751343
3674.8335160946217	1666.1266279105675	2.053621988269099	2600.751343
3679.3134565504115	1668.1811109346818	2.0553442133786164	2601.751343
3683.797514987682	1670.2373166442069	2.0570673591356936	2602.751343
3688.2856939005505	1672.295245959919	2.058791425791103	2603.751343
3692.777995783889	1674.354899802839	2.0605164135956175	2604.751343
3697.2744231333227	1676.4162790942435	2.06224232280001	2605.751343
3701.774978445225	1678.4793847556562	2.0639691536550524	2606.751343
3706.2796642167264	1680.5442177088537	2.0656969064115174	2607.751343
3710.7884829457066	1682.610778875863	2.067425581320178	2608.751343
3715.301437130797	1684.679069178962	2.0691551786318056	2609.751343
3719.8185292713865	1686.7490895406781	2.070885698597174	2610.751343
3724.339761867611	1688.8208408837913	2.072617141467055	2611.751343
3728.8651374203596	1690.8943241313307	2.0743495074922214	2612.751343
3733.394658431275	1692.969540206578	2.0760827969234454	2613.751343
3737.928327402753	1695.046490033063	2.0778170100115005	2614.751343
3742.4661468379363	1697.1251745345696	2.0795521470071576	2615.751343
3747.008119240729	1699.2055946351302	2.0812882081611908	2616.751343
3751.55424711578	1701.2877512590283	2.0830251937243713	2617.751343
3756.104532968495	1703.371645330799	2.084763103947473	2618.751343
3760.6589793050275	1705.4572777752269	2.0865019390812676	2619.751343
3765.2175886322893	1707.5446495173487	2.088241699376528	2620.751343
3769.7803634579377	1709.6337614824506	2.089982385084026	2621.751343
3774.3473062903877	1711.724614596071	2.091723996454535	2622.751343
3778.918419638803	1713.8172097839977	2.0934665337388267	2623.751343
3783.4937060131047	1715.9115479722702	2.0952099971876748	2624.751343
3788.0731679239598	1718.0076300871783	2.0969543870518508	2625.751343
3792.6568078827927	1720.1054570552624	2.0986997035821275	2626.751343
3797.2446284017765	1722.2050298033148	2.100445947029278	2627.751343
3801.8366319938386	1724.306349258377	2.102193117644074	2628.751343
3806.4328211726593	1726.4094163477423	2.1039412156772883	2629.751343
3811.0331984526683	1728.5142319989545	2.105690241379693	2630.751343
3815.6377663490493	1730.6207971398085	2.107440195002062	2631.751343
3820.2465273777416	1732.729112698349	2.1091910767951667	2632.751343
3824.8594840554315	1734.8391796028727	2.11094288700978	2633.751343
3829.4766388995627	1736.9509987819258	2.1126956258966745	2634.751343
3834.097994428325	1739.064571164307	2.1144492937066226	2635.751343
3838.7235531606625	1741.1798976790642	2.116203890690396	2636.751343
3843.353317616278	1743.296979255496	2.117959417098769	2637.751343
3847.9872903156192	1745.4158168231534	2.1197158731825128	2638.751343
3852.6254737798886	1747.5364113118362	2.1214732591924	2639.751343
3857.267870531042	1749.658763651597	2.1232315753792044	2640.751343
3861.914483091785	1751.7828747727372	2.1249908219936966	2641.751343
3866.565313985575	1753.9087456058107	2.1267509992866502	2642.751343
3871.220365736631	1756.0363770816205	2.128512107508838	2643.751343
3875.879640869911	1758.1657701312215	2.1302741469110327	2644.751343
3880.543141911132	1760.2969256859192	2.1320371177440056	2645.751343
3885.2108713867647	1762.42984467727	2.13380102025853	2646.751343
3889.8828318240294	1764.5645280370804	2.1355658547053786	2647.751343
3894.559025750898	1766.7009766974086	2.1373316213353237	2648.751343
3899.239455696098	1768.8391915905625	2.139098320399138	2649.751343
3903.924124189104	1770.9791736491018	2.1408659521475935	2650.751343
3908.6130337601526	1773.1209238058364	2.142634516831463	2651.751343
3913.3061869402204	1775.2644429938266	2.1444040147015193	2652.751343
3918.0035862610466	1777.409732146385	2.1461744460085352	2653.751343
3922.7052342551146	1779.5567921970728	2.1479458110032823	2654.751343
3927.4111334556674	1781.7056240797042	2.149718109936534	2655.751343
3932.1212863966944	1783.8562287283426	2.151491343059062	2656.751343
3936.835695612941	1786.0086070773025	2.15326551062164	2657.751343
3941.5543636399043	1788.1627600611491	2.1550406128750392	2658.751343
3946.277293013833	1790.3186886146996	2.1568166500700334	2659.751343
3951.004486271726	1792.47639367302	2.1585936224573943	2660.751343
3955.73594595134	1794.6358761714287	2.1603715302878945	2661.751343
3960.4716745911774	1796.797137045494	2.162150373812307	2662.751343
3965.211674730498	1798.960177231035	2.1639301532814033	2663.751343
3969.9559489093144	1801.124997664122	2.165710868945957	2664.751343
3974.7044996683867	1803.2915992810756	2.1674925210567406	2665.751343
3979.45732954923	1805.459983018468	2.169275109864526	2666.751343
3984.2144410941123	1807.6301498131204	2.1710586356200863	2667.751343
3988.9758368460543	1809.8021006021074	2.172843098574194	2668.751343
3993.7415193488246	1811.975836322752	2.174628498977621	2669.751343
3998.511491146951	1814.1513579126295	2.17641483708114	2670.751343
4003.2857547857097	1816.3286663095648	2.1782021131355243	2671.751343
4008.0643128111287	1818.5077624516343	2.1799903273915455	2672.751343
4012.8471677699904	1820.6886472771653	2.181779480099977	2673.751343
4017.6343222098258	1822.8713217247355	2.183569571511591	2674.751343
4022.425778678924	1825.0557867331731	2.1853606018771594	2675.751343
4027.2215397263203	1827.2420432415581	2.187152571447455	2676.751343
4032.0216079018082	1829.4300921892197	2.188945480473251	2677.751343
4036.8259857559287	1831.61993451574	2.1907393292053197	2678.751343
4041.6346758399786	1833.8115711609494	2.192534117894433	2679.751343
4046.447680706002	1836.0050030649313	2.1943298467913643	2680.751343
4051.2650029068027	1838.2002311680185	2.1961265161468857	2681.751343
4056.086644995931	1840.3972564107949	2.1979241262117695	2682.751343
4060.9126095276906	1842.5960797340952	2.1997226772367884	2683.751343
4065.74289905714	1844.7967020790052	2.201522169472715	2684.751343
4070.577516140089	1846.9991243868615	2.2033226031703226	2685.751343
4075.4164633330943	1849.2033475992503	2.205123978580382	2686.751343
4080.2597431934746	1851.4093726580097	2.2069262959536675	2687.751343
4085.1073582792947	1853.6172005052292	2.2087295555409505	2688.751343
4089.9593111493705	1855.8268320832462	2.2105337575930033	2689.751343
4094.8156043632757	1858.0382683346534	2.2123389023606	2690.751343
4099.6762404813335	1860.2515102022899	2.214144990094512	2691.751343
4104.541222064616	1862.4665586292483	2.2159520210455113	2692.751343
4109.410551674953	1864.6834145588703	2.2177599954643714	2693.751343
4114.284231874927	1866.9020789347496	2.219568913601865	2694.751343
4119.162265227865	1869.1225527007305	2.2213787757087635	2695.751343
4124.044654297853	1871.3448368009076	2.2231895820358405	2696.751343
4128.931401649733	1873.5689321796256	2.2250013328338683	2697.751343
4133.822509849087	1875.7948397814823	2.226814028353619	2698.751343
4138.71798146226	1878.0225605513237	2.2286276688458653	2699.751343
4143.617819056348	1880.2520954342485	2.2304422545613805	2700.751343
4148.522025199192	1882.4834453756048	2.232257785750936	2701.751343
4153.430602459395	1884.7166113209917	2.2340742626653047	2702.751343
4158.343553406305	1886.9515942162604	2.2358916855552593	2703.751343
4163.260880610028	1889.1883950075112	2.2377100546715725	2704.751343
4168.1825866414165	1891.4270146410963	2.2395293702650165	2705.751343
4173.108674072079	1893.6674540636172	2.2413496325863638	2706.751343
4178.039145474377	1895.9097142219282	2.2431708418863874	2707.751343
4182.974003421422	1898.1537960631329	2.244992998415859	2708.751343
4187.9132504870795	1900.3997005345868	2.2468161024255524	2709.751343
4192.8568892459625	1902.6474285838945	2.2486401541662384	2710.751343
4197.804922273447	1904.8969811589131	2.2504651538886913	2711.751343
4202.75735214565	1907.148359207749	2.2522911018436824	2712.751343
4207.714181439447	1909.4015636787615	2.254117998281985	2713.751343
4212.675412732464	1911.6565955205583	2.2559458434543713	2714.751343
4217.641048603081	1913.9134556819986	2.257774637611614	2715.751343
4222.611091630426	1916.1721451121934	2.2596043810044852	2716.751343
4227.585544394383	1918.4326647605033	2.2614350738837574	2717.751343
4232.564409475589	1920.69501557654	2.263266716500204	2718.751343
4237.547689455431	1922.959198510166	2.2650993091045963	2719.751343
4242.535386916053	1925.2252145114953	2.2669328519477085	2720.751343
4247.52750444034	1927.4930645308914	2.2687673452803114	2721.751343
4252.524044611944	1929.7627495189693	2.2706027893531786	2722.751343
4257.525010015257	1932.0342704265947	2.272439184417082	2723.751343
4262.5304032354325	1934.3076282048842	2.274276530722795	2724.751343
4267.540226858369	1936.582823805205	2.2761148285210893	2725.751343
4272.554483470722	1938.859858179174	2.2779540780627374	2726.751343
4277.573175659899	1941.1387322786616	2.2797942795985127	2727.751343
4282.596306014056	1943.4194470557861	2.281635433379187	2728.751343
4287.623877122106	1945.7020034629184	2.2834775396555322	2729.751343
4292.655891573713	1947.9864024526792	2.2853205986783225	2730.751343
4297.692351959292	1950.2726449779407	2.2871646106983294	2731.751343
4302.733260870012	1952.5607319918247	2.2890095759663254	2732.751343
4307.778620897791	1954.8506644477063	2.290855494733084	2733.751343
4312.828434635303	1957.1424432992078	2.292702367249376	2734.751343
4317.882704675974	1959.4360695002051	2.294550193765976	2735.751343
4322.941433613978	1961.7315440048237	2.2963989745336546	2736.751343
4328.004624044247	1964.0288677674396	2.2982487098031847	2737.751343
4333.072278562463	1966.3280417426806	2.3000993998253403	2738.751343
4338.144399765061	1968.6290668854247	2.3019510448508926	2739.751343
4343.220990249226	1970.9319441508005	2.3038036451306145	2740.751343
4348.3020526128985	1973.2366744941878	2.3056572009152787	2741.751343
4353.387589454767	1975.5432588712163	2.3075117124556574	2742.751343
4358.477603374277	1977.8516982377676	2.309367180002523	2743.751343
4363.572096971625	1980.161993549974	2.3112236038066487	2744.751343
4368.671072847757	1982.4741457642172	2.3130809841188062	2745.751343
4373.7745336043745	1984.7881558371314	2.314939321189769	2746.751343
4378.882481843932	1987.1040247256	2.316798615270309	2747.751343
4383.994920169631	1989.4217533867588	2.3186588666111985	2748.751343
4389.111851185431	1991.7413427779927	2.3205200754632105	2749.751343
4394.233277496042	1994.0627938569387	2.3223822420771176	2750.751343
4399.359201706926	1996.3861075814848	2.3242453667036918	2751.751343
4404.489626424299	1998.7112849097675	2.3261094495937065	2752.751343
4409.624554255122	2001.0383268001767	2.327974490997933	2753.751343
4414.763987807121	2003.367234211352	2.329840491167145	2754.751343
4419.907929688763	2005.6980081021825	2.331707450352115	2755.751343
4425.056382509273	2008.0306494318115	2.333575368803615	2756.751343
4430.209348878626	2010.3651591596295	2.3354442467724166	2757.751343
4435.36683140755	2012.701538245279	2.337314084509294	2758.751343
4440.528832707531	2015.0397876486543	2.3391848822650196	2759.751343
4445.695355390794	2017.3799083298982	2.3410566402903648	2760.751343
4450.866402070327	2019.7219012494083	2.342929358836103	2761.751343
4456.041975359872	2022.065767367828	2.3448030381530067	2762.751343
4461.222077873914	2024.4115076460546	2.346677678491848	2763.751343
4466.406712227692	2026.7591230452365	2.3485532801033995	2764.751343
4471.59588103721	2029.1086145267695	2.3504298432384343	2765.751343
4476.789586919208	2031.4599830523043	2.3523073681477245	2766.751343
4481.987832491185	2033.81322958374	2.3541858550820423	2767.751343
4487.190620371397	2036.168355083227	2.356065304292161	2768.751343
4492.397953178845	2038.5253605131663	2.3579457160288526	2769.751343
4497.6098335332845	2040.8842468362109	2.3598270905428897	2770.751343
4502.826264055224	2043.2450150152617	2.361709428085045	2771.751343
4508.047247365924	2045.6076660134736	2.3635927289060907	2772.751343
4513.272786087399	2047.9722007942498	2.3654769932567996	2773.751343
4518.502882842416	2050.338620321247	2.367362221387945	2774.751343
4523.7375402544885	2052.7069255583697	2.369248413550298	2775.751343
4528.976760947889	2055.077117469775	2.3711355699946317	2776.751343
4534.2205475476385	2057.4491970198706	2.373023690971719	2777.751343
4539.468902679511	2059.8231651733136	2.3749127767323315	2778.751343
4544.721828970038	2062.199022895013	2.3768028275272433	2779.751343
4549.979329046494	2064.576771150129	2.378693843607225	2780.751343
4555.241405536913	2066.956410904073	2.380585825223051	2781.751343
4560.508061070077	2069.3379431225044	2.382478772625493	2782.751343
4565.779298275524	2071.7213687713365	2.3843726860653227	2783.751343
4571.05511978354	2074.1066888167306	2.386267565793314	2784.751343
4576.33552822517	2076.4939042251026	2.388163412060239	2785.751343
4581.620526232204	2078.8830159631148	2.3900602251168697	2786.751343
4586.91011643719	2081.274024997683	2.3919580052139793	2787.751343
4592.204301473421	2083.666932295973	2.39385675260234	2788.751343
4597.5030839749525	2086.0617388254013	2.3957564675327245	2789.751343
4602.806466576584	2088.458445553636	2.397657150255905	2790.751343
4608.114451913871	2090.857053448595	2.3995588010226543	2791.751343
4613.4270426231205	2093.257563478446	2.4014614200837454	2792.751343
4618.744241341392	2095.6599766116105	2.40336500768995	2793.751343
4624.066050706498	2098.064293816758	2.4052695640920407	2794.751343
4629.392473357	2100.47051606281	2.4071750895407904	2795.751343
4634.723511932218	2102.8786443189388	2.409081584286972	2796.751343
4640.059169072217	2105.288679554567	2.410989048581357	2797.751343
4645.399447417821	2107.700622739368	2.412897482674719	2798.751343
4650.744349610602	2110.114474843266	2.41480688681783	2799.751343
4656.093878292884	2112.530236836437	2.416717261261462	2800.751343
4661.4480361077485	2114.947909689306	2.4186286062563886	2801.751343
4666.806825699024	2117.3674943725505	2.420540922053382	2802.751343
4672.17024971129	2119.7889918570972	2.422454208903214	2803.751343
4677.538310789889	2122.2124031141248	2.424368467056658	2804.751343
4682.9110115809	2124.6377291150616	2.4262836967644863	2805.751343
4688.288354731167	2127.0649708315887	2.4281998982774713	2806.751343
4693.670342888281	2129.4941292356357	2.430117071846386	2807.751343
4699.056978700585	2131.925205299384	2.4320352177220017	2808.751343
4704.448264817179	2134.3581999952653	2.4339543361550926	2809.751343
4709.844203887907	2136.7931142959633	2.4358744273964295	2810.751343
4715.244798563373	2139.2299491744116	2.4377954916967863	2811.751343
4720.650051494929	2141.6687056037936	2.439717529306935	2812.751343
4726.059965334685	2144.1093845575456	2.441640540477649	2813.751343
4731.474542735494	2146.551987009352	2.443564525459699	2814.751343
4736.893786350967	2148.996513933152	2.4454894845038595	2815.751343
4742.317698835471	2151.4429663031315	2.4474154178609018	2816.751343
4747.746282844113	2153.8913450937284	2.449342325781598	2817.751343
4753.179541032768	2156.341651279633	2.451270208516722	2818.751343
4758.617476058052	2158.7938858357834	2.4531990663170458	2819.751343
4764.060090577337	2161.2480497373717	2.4551288994333413	2820.751343
4769.50738724875	2163.7041439598393	2.457059708116382	2821.751343
4774.959368731165	2166.1621694788773	2.4589914926169403	2822.751343
4780.41603768421	2168.6221272704292	2.4609242531857873	2823.751343
4785.877396768269	2171.084018310688	2.4628579900736973	2824.751343
4791.343448644475	2173.5478435760997	2.4647927035314425	2825.751343
4796.814195974711	2176.0136040433586	2.466728393809795	2826.751343
4802.28964142162	2178.48130068941	2.4686650611595273	2827.751343
4807.76978764859	2180.950934491452	2.4706027058314124	2828.751343
4813.254637319764	2183.4225064269303	2.4725413280762227	2829.751343
4818.744193100034	2185.8960174735453	2.4744809281447298	2830.751343
4824.238457655054	2188.3714686092444	2.4764215062877075	2831.751343
4829.7374336512175	2190.848860812229	2.4783630627559274	2832.751343
4835.241123755682	2193.328195060949	2.480305597800163	2833.751343
4840.749530636348	2195.8094723341046	2.4822491116711864	2834.751343
4846.262656961873	2198.29269361065	2.4841936046197697	2835.751343
4851.780505401667	2200.777859869787	2.486139076896686	2836.751343
4857.3030786258905	2203.26497209097	2.4880855287527073	2837.751343
4862.830379305456	2205.7540312539027	2.4900329604386062	2838.751343
4868.362410112033	2208.2450383385403	2.491981372205156	2839.751343
4873.899173718039	2210.73799432509	2.4939307643031285	2840.751343
4879.440672796643	2213.232900194008	2.495881136983297	2841.751343
4884.9869100217675	2215.7297569260013	2.497832490496433	2842.751343
4890.537888068092	2218.2285655020287	2.4997848250933097	2843.751343
4896.093609611035	2220.729326903299	2.5017381410246986	2844.751343
4901.654077326785	2223.2320421112727	2.5036924385413735	2845.751343
4907.219293892273	2225.736712107661	2.505647717894107	2846.751343
4912.789261985182	2228.243337874423	2.5076039793336706	2847.751343
4918.363984283948	2230.751920393774	2.509561223110838	2848.751343
4923.943463467761	2233.262460648174	2.5115194494763804	2849.751343
4929.527702216563	2235.7749596203394	2.513478658681071	2850.751343
4935.116703211048	2238.289418293233	2.515438850975683	2851.751343
4940.71046913266	2240.805837650071	2.517400026610988	2852.751343
4946.309002663602	2243.324218674319	2.519362185837759	2853.751343
4951.912306486819	2245.8445623496937	2.521325328906768	2854.751343
4957.520383286019	2248.3668696601635	2.5232894560687886	2855.751343
4963.133235745653	2250.891141589946	2.5252545675745917	2856.751343
4968.750866550932	2253.417379123511	2.5272206636749512	2857.751343
4974.373278387815	2255.945583245578	2.529187744620639	2858.751343
4980.000473943015	2258.475754941118	2.5311558106624283	2859.751343
4985.632455903995	2261.007895195352	2.533124862051091	2860.751343
4991.269226958974	2263.5420049937525	2.5350948990373996	2861.751343
4996.910789796922	2266.0780853220426	2.5370659218721268	2862.751343
5002.557147107557	2268.6161371661965	2.5390379308060456	2863.751343
5008.208301581355	2271.1561615124383	2.5410109260899274	2864.751343
5013.864255909543	2273.698159347243	2.542984907974546	2865.751343
5019.525012784099	2276.2421316573377	2.5449598767106734	2866.751343
5025.190574897755	2278.788079429699	2.546935832549082	2867.751343
5030.860944943991	2281.3360036515537	2.5489127757405443	2868.751343
5036.5361256170445	2283.8859053103806	2.550890706535833	2869.751343
5042.216119611902	2286.43778539391	2.5528696251857204	2870.751343
5047.9009296243075	2288.991644890121	2.554849531940979	2871.751343
5053.59055835075	2291.5474847872442	2.5568304270523825	2872.751343
5059.285008488476	2294.1053060737613	2.5588123107707017	2873.751343
5064.984282735483	2296.6651097384047	2.560795183346711	2874.751343
5070.688383790517	2299.226896770157	2.5627790450311805	2875.751343
5076.397314353085	2301.790668158253	2.564763896074885	2876.751343
5082.111077123434	2304.356424892177	2.5667497367285956	2877.751343
5087.829674802579	2306.9241679616644	2.5687365672430857	2878.751343
5093.553110092271	2309.493898356701	2.5707243878691273	2879.751343
5099.281385695026	2312.065617067523	2.5727131988574934	2880.751343
5105.0145043141065	2314.6393250846204	2.5747030004589564	2881.751343
5110.752468653526	2317.215023398729	2.576693792924288	2882.751343
5116.495281418055	2319.79271300084	2.5786855765042622	2883.751343
5122.24294531321	2322.3723948821926	2.5806783514496496	2884.751343
5127.99546304527	2324.954070034278	2.5826721180112253	2885.751343
5133.7528373212535	2327.5377394488373	2.5846668764397593	2886.751343
5139.515070848942	2330.1234041178636	2.5866626269860262	2887.751343
5145.282166336861	2332.711065033599	2.588659369900797	2888.751343
5151.054126494299	2335.3007231885385	2.590657105434846	2889.751343
5156.830954031285	2337.8923795754254	2.592655833838943	2890.751343
5162.612651658604	2340.486035187256	2.5946555553638624	2891.751343
5168.399222087798	2343.081691017277	2.596656270260377	2892.751343
5174.1906680311595	2345.6793480589845	2.5986579787792583	2893.751343
5179.9869922017315	2348.279007306127	2.6006606811712802	2894.751343
5185.788197313305	2350.8806697527016	2.6026643776872134	2895.751343
5191.594286080433	2353.484336392959	2.6046690685778313	2896.751343
5197.405261218413	2356.0900082214	2.606674754093907	2897.751343
5203.2211254433005	2358.697686232773	2.608681434486212	2898.751343
5209.0418814719	2361.3073714220805	2.61068911000552	2899.751343
5214.867532021767	2363.9190647845758	2.6126977809026024	2900.751343
5220.6980798112145	2366.532767315762	2.614707447428233	2901.751343
5226.533527559299	2369.1484800113926	2.6167181098331826	2902.751343
5232.373877985841	2371.7662038674716	2.618729768368225	2903.751343
5238.2191338114035	2374.3859398802556	2.6207424232841325	2904.751343
5244.069297757304	2377.0076890462506	2.6227560748316776	2905.751343
5249.924372545621	2379.631452362213	2.624770723261633	2906.751343
5255.784360899168	2382.2572308251515	2.6267863688247703	2907.751343
5261.6492655415295	2384.8850254323247	2.628803011771864	2908.751343
5267.519089197028	2387.5148371812406	2.6308206523536843	2909.751343
5273.39383459075	2390.14666706966	2.6328392908210057	2910.751343
5279.273504448521	2392.780516095594	2.634858927424599	2911.751343
5285.158101496932	2395.416385257305	2.6368795624152384	2912.751343
5291.047628463318	2398.0542755533043	2.6389011960436948	2913.751343
5296.942088075768	2400.6941879823553	2.6409238285607417	2914.751343
5302.841483063127	2403.336123543472	2.642947460217152	2915.751343
5308.74581615499	2405.9800832359197	2.644972091263698	2916.751343
5314.655090081698	2408.626068059213	2.6469977219511507	2917.751343
5320.569307574355	2411.2740790131193	2.649024352530285	2918.751343
5326.4884713648125	2413.924117097655	2.651051983251872	2919.751343
5332.412584185669	2416.576183313087	2.6530806143666843	2920.751343
5338.34164877029	2419.2302786599357	2.655110246125495	2921.751343
5344.275667852775	2421.8864041389697	2.6571408787790762	2922.751343
5350.214644167991	2424.5445607512092	2.6591725125782015	2923.751343
5356.158580451545	2427.204749497925	2.661205147773641	2924.751343
5362.107479439805	2429.8669713806385	2.663238784616169	2925.751343
5368.061343869892	2432.5312274011226	2.6652734233565583	2926.751343
5374.02017647967	2435.1975185614015	2.667309064245581	2927.751343
5379.983980007766	2437.865845863748	2.669345707534009	2928.751343
5385.952757193553	2440.5362103106863	2.6713833534726157	2929.751343
5391.92651077716	2443.2086129049935	2.673422002312174	2930.751343
5397.905243499457	2445.8830546496947	2.675461654303454	2931.751343
5403.8889581020885	2448.5595365480676	2.677502309697231	2932.751343
5409.877657327431	2451.2380596036396	2.679543968744276	2933.751343
5415.871343918622	2453.9186248201913	2.681586631695363	2934.751343
5421.870020619552	2456.6012332017485	2.6836302988012632	2935.751343
5427.873690174856	2459.2858857525953	2.685674970312749	2936.751343
5433.882355329932	2461.97258347726	2.687720646480593	2937.751343
5439.896018830925	2464.6613273805256	2.6897673275555696	2938.751343
5445.914683424733	2467.352118467424	2.691815013788449	2939.751343
5451.938351859004	2470.0449577432382	2.6938637054300045	2940.751343
5457.967026882144	2472.739846213503	2.6959134027310094	2941.751343
5464.000711243303	2475.436784884004	2.6979641059422352	2942.751343
5470.039407692391	2478.135774760775	2.700015815314455	2943.751343
5476.083118980068	2480.8368168501033	2.702068531098441	2944.751343
5482.131847857742	2483.5399121585265	2.704122253544966	2945.751343
5488.185597077584	2486.2450616928313	2.7061769829048026	2946.751343
5494.244369392503	2488.952266460057	2.708232719428723	2947.751343
5500.30816755617	2491.661527467493	2.7102894633674994	2948.751343
5506.376994323008	2494.372845722681	2.712347214971906	2949.751343
5512.450852448187	2497.086222233409	2.714405974492713	2950.751343
5518.529744687634	2499.801658007722	2.716465742180694	2951.751343
5524.613673798028	2502.51915405391	2.7185265182866223	2952.751343
5530.702642536798	2505.238711380518	2.7205883030612696	2953.751343
5536.796653662128	2507.9603309963395	2.722651096755409	2954.751343
5542.895709932951	2510.6840139104183	2.724714899619812	2955.751343
5548.999814108955	2513.4097611320526	2.7267797119052526	2956.751343
5555.108968950577	2516.137573670787	2.728845533862501	2957.751343
5561.223177219013	2518.867452536418	2.730912365742332	2958.751343
5567.342441676205	2521.5993987389957	2.7329802077955176	2959.751343
5573.466765084853	2524.3334132888176	2.735049060272831	2960.751343
5579.596150208399	2527.069497196433	2.7371189234250424	2961.751343
5585.73059981105	2529.8076514726426	2.739189797502926	2962.751343
5591.870116657753	2532.5478771284975	2.741261682757254	2963.751343
5598.01470351422	2535.2901751753	2.743334579438799	2964.751343
5604.164363146908	2538.0345466246013	2.7454084877983345	2965.751343
5610.319098323023	2540.7809924882054	2.747483408086631	2966.751343
5616.478911810533	2543.5295137781677	2.7495593405544625	2967.751343
5622.643806378151	2546.280111506792	2.7516362854526015	2968.751343
5628.813784795342	2549.0327866866332	2.75371424303182	2969.751343
5634.988849832329	2551.787540330499	2.7557932135428906	2970.751343
5641.16900426008	2554.5443734514465	2.7578731972365857	2971.751343
5647.354250850322	2557.3032870627835	2.759954194363678	2972.751343
5653.544592375534	2560.0642821780684	2.7620362051749408	2973.751343
5659.740031608943	2562.8273598111114	2.7641192299211457	2974.751343
5665.940571324527	2565.592520975973	2.766203268853066	2975.751343
5672.146214297023	2568.359766686963	2.768288322221473	2976.751343
5678.356963301916	2571.1290979586447	2.7703743902771403	2977.751343
5684.57282111544	2573.90051580583	2.7724614732708392	2978.751343
5690.793790514594	2576.6740212435834	2.7745495714533446	2979.751343
5697.019874277115	2579.4496152872166	2.7766386850754263	2980.751343
5703.251075181497	2582.2272989522967	2.7787288143878586	2981.751343
5709.487396006993	2585.00707325464	2.780819959641414	2982.751343
5715.728839533599	2587.7889392103107	2.782912121086864	2983.751343
5721.9754085420645	2590.572897835628	2.785005298974981	2984.751343
5728.2271058138995	2593.358950147158	2.7870994935565396	2985.751343
5734.483934131358	2596.1470971617223	2.7891947050823105	2986.751343
5740.745896277447	2598.937339896388	2.7912909338030665	2987.751343
5747.012995035931	2601.729679368477	2.7933881799695803	2988.751343
5753.285233191325	2604.524116595559	2.7954864438326243	2989.751343
5759.562613528889	2607.320652595458	2.7975857256429726	2990.751343
5765.845138834647	2610.1192883862445	2.7996860256513942	2991.751343
5772.132811895365	2612.9200249862433	2.8017873441086647	2992.751343
5778.425635498573	2615.7228634140283	2.803889681265556	2993.751343
5784.723612432535	2618.527804688425	2.80599303737284	2994.751343
5791.026745486291	2621.3348498285077	2.8080974126812897	2995.751343
5797.335037449613	2624.143999853604	2.8102028074416774	2996.751343
5803.648491113036	2626.9552557832926	2.8123092219047763	2997.751343
5809.967109267842	2629.7686186373985	2.8144166563213573	2998.751343
5816.290894706068	2632.584089436003	2.816525110942194	2999.751343
5822.619850220506	2635.4016691994348	2.8186345860180597	3000.751343
5828.953978604699	2638.2213589482744	2.820745081799726	3001.751343
5835.293282652934	2641.043159703353	2.8228565985379652	3002.751343
5841.637765160262	2643.8670724857525	2.8249691364835505	3003.751343
5847.987428922479	2646.693098316806	2.8270826958872535	3004.751343
5854.34227673614	2649.521238218097	2.8291972769998486	3005.751343
5860.702311398544	2652.351493211459	2.8313128800721064	3006.751343
5867.067535707748	2655.1838643189776	2.8334295053548004	3007.751343
5873.43795246256	2658.0183525629895	2.835547153098703	3008.751343
5879.813564462539	2660.8549589660797	2.8376658235545866	3009.751343
5886.194374507995	2663.6936845510854	2.8397855169732233	3010.751343
5892.580385399996	2666.5345303410963	2.841906233605386	3011.751343
5898.97159994036	2669.377497359452	2.844027973701848	3012.751343
5905.368020931652	2672.2225866297395	2.8461507375133808	3013.751343
5911.769651177198	2675.0697991758	2.848274525290757	3014.751343
5918.176493481067	2677.9191360217255	2.85039933728475	3015.751343
5924.588550648092	2680.770598191859	2.8525251737461317	3016.751343
5931.005825483846	2683.6241867107915	2.8546520349256745	3017.751343
5937.428320794659	2686.4799026033666	2.8567799210741507	3018.751343
5943.85603938762	2689.3377468946787	2.8589088324423333	3019.751343
5950.288984070561	2692.1977206100746	2.861038769280996	3020.751343
5956.727157652068	2695.059824775148	2.863169731840909	3021.751343
5963.1705629414855	2697.9240604157467	2.8653017203728464	3022.751343
5969.6192027489005	2700.790428557969	2.8674347351275804	3023.751343
5976.073079885162	2703.65893022816	2.8695687763558824	3024.751343
5982.532197161866	2706.5295664529212	2.8717038443085268	3025.751343
5988.996557391361	2709.402338259102	2.873839939236285	3026.751343
5995.466163386752	2712.277246673803	2.8759770613899307	3027.751343
6001.94101796189	2715.154292724374	2.878115211020235	3028.751343
6008.421123931381	2718.033477438419	2.8802543883779705	3029.751343
6014.906484110583	2720.914801843789	2.8823945937139106	3030.751343
6021.39710131561	2723.79826696859	2.8845358272788273	3031.751343
6027.892978363325	2726.683873841174	2.8866780893234933	3032.751343
6034.394118071341	2729.5716234901465	2.8888213800986815	3033.751343
6040.900523258027	2732.4615169443655	2.8909656998551636	3034.751343
6047.412196742506	2735.353555232935	2.8931110488437133	3035.751343
6053.929141344646	2738.247739385213	2.8952574273151015	3036.751343
6060.4513598850735	2741.144070430809	2.897404835520102	3037.751343
6066.978855185169	2744.0425493995817	2.8995532737094876	3038.751343
6073.511630067058	2746.94317732164	2.9017027421340296	3039.751343
6080.049687353624	2749.8459552273453	2.903853241044501	3040.751343
6086.593029868501	2752.7508841473073	2.9060047706916747	3041.751343
6093.141660436075	2755.657965112391	2.9081573313263234	3042.751343
6099.695581881485	2758.5671991537065	2.910310923199219	3043.751343
6106.2547970306205	2761.478587302619	2.9124655465611333	3044.751343
6112.819308710129	2764.392130590743	2.9146212016628414	3045.751343
6119.389119747404	2767.3078300499415	2.9167778887551132	3046.751343
6125.964232970592	2770.225686712333	2.9189356080887228	3047.751343
6132.5446512085955	2773.1457016102827	2.9210943599144414	3048.751343
6139.130377291067	2776.0678757764103	2.9232541444830438	3049.751343
6145.721414048412	2778.9922102435803	2.9254149620453003	3050.751343
6152.317764311784	2781.9187060449144	2.9275768128519837	3051.751343
6158.919430913101	2784.8473642137824	2.9297396971538676	3052.751343
6165.526416685017	2787.7781857838045	2.9319036152017244	3053.751343
6172.138724460948	2790.711171788852	2.934068567246326	3054.751343
6178.756357075062	2793.6463232630463	2.9362345535384446	3055.751343
6185.379317362276	2796.5836412407607	2.938401574328853	3056.751343
6192.007608158266	2799.523126756621	2.940569629868326	3057.751343
6198.6412322994465	2802.464780845498	2.9427387204076316	3058.751343
6205.280192623002	2805.4086045425192	2.944908846197546	3059.751343
6211.924491966861	2808.3545988830606	2.9470800074888412	3060.751343
6218.574133169697	2811.3027649027476	2.9492522045322884	3061.751343
6225.229119070949	2814.2531036374585	2.9514254375786617	3062.751343
6231.889452510799	2817.2056161233227	2.953599706878732	3063.751343
6238.555136330184	2820.1603033967185	2.955775012683273	3064.751343
6245.2261733707965	2823.117166494275	2.9579513552430567	3065.751343
6251.902566475077	2826.0762064528726	2.9601287348088556	3066.751343
6258.584318486221	2829.037424309644	2.962307151631443	3067.751343
6265.27143224817	2832.0008211019717	2.9644866059615906	3068.751343
6271.963910605633	2834.9663978674876	2.966667098050072	3069.751343
6278.661756404052	2837.9341556440745	2.9688486281476574	3070.751343
6285.364972489637	2840.9040954698694	2.9710311965051224	3071.751343
6292.07356170934	2843.8762183832555	2.973214803373237	3072.751343
6298.787526910871	2846.8505254228694	2.975399449002775	3073.751343
6305.506870942689	2849.827017627598	2.9775851336445087	3074.751343
6312.231596654012	2852.8056960365802	2.979771857549211	3075.751343
6318.961706894799	2855.7865616892013	2.981959620967654	3076.751343
6325.697204515771	2858.7696156251027	2.98414842415061	3077.751343
6332.438092368393	2861.754858884174	2.986338267348851	3078.751343
6339.184373304896	2864.7422925065557	2.9885291508131515	3079.751343
6345.93605017825	2867.7319175326393	2.9907210747942825	3080.751343
6352.693125842182	2870.7237350030664	2.992914039543017	3081.751343
6359.455603151169	2873.717745958731	2.9951080453101278	3082.751343
6366.223484960445	2876.7139514407772	2.9973030923463866	3083.751343
6372.996774125995	2879.712352490598	2.999499180902567	3084.751343
6379.77547350455	2882.712950149839	3.00169631122944	3085.751343
6386.559585953604	2885.715745460397	3.0038944835777794	3086.751343
6393.349114331398	2888.7207394644183	3.0060936981983577	3087.751343
6400.14406149692	2891.7279332043013	3.008293955341947	3088.751343
6406.944430309918	2894.737327722694	3.01049525525932	3089.751343
6413.750223630892	2897.748924062495	3.0126975982012496	3090.751343
6420.561444321087	2900.7627232668547	3.0149009844185075	3091.751343
6427.37809524251	2903.778726379174	3.0171054141618665	3092.751343
6434.200179257914	2906.796934443104	3.0193108876820998	3093.751343
6441.027699230806	2909.8173485025477	3.0215174052299796	3094.751343
6447.8606580254445	2912.839969601657	3.023724967056278	3095.751343
6454.699058506844	2915.864798784836	3.0259335734117676	3096.751343
6461.542903540767	2918.8918370967403	3.0281432245472217	3097.751343
6468.392195993723	2921.9210855822744	3.030353920713411	3098.751343
6475.246938732993	2924.952545286594	3.032565662161111	3099.751343
6482.107134626587	2927.986217255107	3.034778449141091	3100.751343
6488.972786543287	2931.0221025334713	3.0369922819041264	3101.751343
6495.843897352613	2934.0602021675936	3.039207160700988	3102.751343
6502.720469924844	2937.100517203634	3.0414230857824482	3103.751343
6509.6025071310105	2940.143048688003	3.043640057399281	3104.751343
6516.490011842897	2943.1877976673622	3.0458580758022578	3105.751343
6523.382986933029	2946.2347651886203	3.04807714124215	3106.751343
6530.281435274708	2949.2839522989416	3.0502972539697333	3107.751343
6537.185359741962	2952.3353600457385	3.052518414235777	3108.751343
6544.094763209593	2955.3889894766767	3.0547406222910563	3109.751343
6551.009648553132	2958.444841639668	3.0569638783863415	3110.751343
6557.930018648887	2961.502917582879	3.059188182772407	3111.751343
6564.8558763739	2964.563218354727	3.061413535700024	3112.751343
6571.787224605974	2967.6257450038775	3.063639937419965	3113.751343
6578.7240662236645	2970.6904985792476	3.0658673881830034	3114.751343
6585.666404106273	2973.7574801300075	3.0680958882399114	3115.751343
6592.614241133862	2976.826690705576	3.070325437841462	3116.751343
6599.5675801872385	2979.8981313556224	3.0725560372384266	3117.751343
6606.526424147967	2982.9718031300677	3.074787686681578	3118.751343
6613.490775898361	2986.047707079084	3.0770203864216894	3119.751343
6620.460638321489	2989.1258442530943	3.0792541367095336	3120.751343
6627.436014301165	2992.2062157027694	3.0814889377958816	3121.751343
6634.41690672197	2995.288822479035	3.0837247899315074	3122.751343
6641.403318469227	2998.373665633066	3.085961693367184	3123.751343
6648.395252429007	3001.460746216287	3.0881996483536813	3124.751343
6655.392711488141	3004.550065280374	3.0904386551417744	3125.751343
6662.39569853421	3007.641623877254	3.0926787139822345	3126.751343
6669.4042164555485	3010.735423059107	3.0949198251258347	3127.751343
6676.418268141242	3013.831463878357	3.0971619888233475	3128.751343
6683.437856481128	3016.9297473876873	3.099405205325545	3129.751343
6690.462984365797	3020.030274640027	3.1016494748832	3130.751343
6697.493654686593	3023.1330466885565	3.1038947977470857	3131.751343
6704.5298703356075	3026.238064586707	3.1061411741679734	3132.751343
6711.571634205692	3029.345329388161	3.108388604396636	3133.751343
6718.618949190447	3032.4548421468526	3.110637088683847	3134.751343
6725.6718181842225	3035.566603916966	3.1128866272803783	3135.751343
6732.7302440821195	3038.6806157529336	3.1151372204370023	3136.751343
6739.794229779998	3041.796878709443	3.117388868404491	3137.751343
6746.863778174466	3044.91539384143	3.1196415714336174	3138.751343
6753.938892162889	3048.036162204081	3.121895329775155	3139.751343
6761.019574643373	3051.1591848528346	3.1241501436798744	3140.751343
6768.105828514791	3054.2844628433786	3.12640601339855	3141.751343
6775.197656676758	3057.411997231653	3.128662939181954	3142.751343
6782.295062029646	3060.541789073848	3.1309209212808575	3143.751343
6789.398047474576	3063.673839426404	3.133179959946035	3144.751343
6796.50661591342	3066.808149346012	3.1354400554282567	3145.751343
6803.620770248814	3069.944719889616	3.1377012079782975	3146.751343
6810.740513384132	3073.0835521144086	3.139963417846929	3147.751343
6817.865848223505	3076.2246470778327	3.1422266852849225	3148.751343
6824.996777671823	3079.3680058375853	3.1444910105430526	3149.751343
6832.133304634718	3082.51362945161	3.1467563938720913	3150.751343
6839.27543201858	3085.6615189781032	3.14902283552281	3151.751343
6846.423162730553	3088.8116754755124	3.1512903357459816	3152.751343
6853.5764996785265	3091.9641000025367	3.15355889479238	3153.751343
6860.7354457711535	3095.1187936181227	3.1558285129127768	3154.751343
6867.900003917824	3098.27575738147	3.1580991903579436	3155.751343
6875.070177028692	3101.4349923520294	3.160370927378654	3156.751343
6882.245968014663	3104.596499589503	3.1626437242256813	3157.751343
6889.427379787388	3107.76028015384	3.164917581149796	3158.751343
6896.614415259281	3110.926335105245	3.1671924984017723	3159.751343
6903.807077343491	3114.09466550417	3.1694684762323813	3160.751343
6911.005368953944	3117.2652724113195	3.171745514892397	3161.751343
6918.209293005295	3120.438156887648	3.1740236146325915	3162.751343
6925.418852412965	3123.6133199943615	3.176302775703737	3163.751343
6932.63405009312	3126.790762792917	3.1785829983566063	3164.751343
6939.854888962685	3129.9704863450193	3.1808642828419718	3165.751343
6947.081371939328	3133.152491712628	3.183146629410605	3166.751343
6954.313501941484	3136.336779957951	3.1854300383132808	3167.751343
6961.551281888328	3139.5233521434498	3.1877145098007706	3168.751343
6968.794714699787	3142.7122093318317	3.190000044123846	3169.751343
6976.0438032965485	3145.903352586059	3.1922866415332805	3170.751343
6983.298550600046	3149.0967829693436	3.194574302279846	3171.751343
6990.558959532467	3152.2925015451483	3.1968630266143165	3172.751343
6997.825033016752	3155.4905093771854	3.1991528147874617	3173.751343
7005.096773976595	3158.6908075294195	3.2014436670500572	3174.751343
7012.374185336439	3161.893397066066	3.2037355836528745	3175.751343
7019.657270021482	3165.0982790515895	3.2060285648466853	3176.751343
7026.946030957669	3168.305454550706	3.2083226108822624	3177.751343
7034.240471071707	3171.514924628384	3.2106177220103786	3178.751343
7041.540593291052	3174.726690349842	3.2129138984818075	3179.751343
7048.846400543903	3177.940752780546	3.2152111405473196	3180.751343
7056.157895759225	3181.1571129862177	3.2175094484576894	3181.751343
7063.475081866724	3184.3757720328263	3.219808822463688	3182.751343
7070.797961796868	3187.596730986594	3.2221092628160886	3183.751343
7078.126538480867	3190.819990913991	3.224410769765663	3184.751343
7085.460814850694	3194.045552881741	3.2267133435631843	3185.751343
7092.800793839067	3197.2734179568174	3.2290169844594256	3186.751343
7100.146478379455	3200.503587206443	3.231321692705158	3187.751343
7107.4978714060935	3203.736061698094	3.233627468551156	3188.751343
7114.85497585395	3206.9708424994956	3.23593431224819	3189.751343
7122.217794658756	3210.207930678625	3.2382422240470343	3190.751343
7129.586330756994	3213.447327303708	3.2405512041984603	3191.751343
7136.9605870858995	3216.6890334432223	3.242861252953241	3192.751343
7144.340566583458	3219.9330501658983	3.2451723705621482	3193.751343
7151.726272188404	3223.1793785407153	3.247484557275956	3194.751343
7159.117706840238	3226.4280196369023	3.2497978133454355	3195.751343
7166.514873479193	3229.6789745239416	3.25211213902136	3196.751343
7173.917775046273	3232.9322442715643	3.2544275345545017	3197.751343
7181.32641448322	3236.1878299497534	3.256744000195633	3198.751343
7188.740794732539	3239.4457326287416	3.259061536195527	3199.751343
7196.160918737482	3242.705953379014	3.261380142804956	3200.751343
7203.58678944205	3245.9684932713058	3.263699820274692	3201.751343
7211.0184097910005	3249.2333533766005	3.266020568855508	3202.751343
7218.455782729852	3252.5005347661363	3.268342388798177	3203.751343
7225.898911204851	3255.7700385114013	3.27066528035347	3204.751343
7233.34779816303	3259.0418656841316	3.2729892437721615	3205.751343
7240.802446552141	3262.3160173563174	3.2753142793050225	3206.751343
7248.26285932071	3265.592494600196	3.277640387202826	3207.751343
7255.729039418005	3268.871298488261	3.279967567716345	3208.751343
7263.20098979405	3272.152430093252	3.2822958210963518	3209.751343
7270.678713399626	3275.4358904881597	3.284625147593619	3210.751343
7278.162213186251	3278.721680746228	3.286955547458918	3211.751343
7285.651492106215	3282.0098019409506	3.289287020943023	3212.751343
7293.1465531125505	3285.300255146071	3.2916195682967064	3213.751343
7300.647399159029	3288.593041435584	3.2939531897707384	3214.751343
7308.154033200208	3291.8881618837354	3.2962878856158944	3215.751343
7315.666458191362	3295.1856175650237	3.298623656082946	3216.751343
7323.18467708854	3298.4854095541928	3.300960501422665	3217.751343
7330.708692848536	3301.7875389262426	3.3032984218858243	3218.751343
7338.238508428894	3305.092006756422	3.3056374177231973	3219.751343
7345.7741267879155	3308.3988141202312	3.3079774891855553	3220.751343
7353.315550884649	3311.7079620934187	3.3103186365236716	3221.751343
7360.862783678902	3315.0194517519867	3.3126608599883185	3222.751343
7368.4158281312275	3318.333284172187	3.315004159830268	3223.751343
7375.974687202937	3321.649460430524	3.317348536300295	3224.751343
7383.539363856087	3324.967981603748	3.319693989649169	3225.751343
7391.10986105349	3328.288848768865	3.322040520127663	3226.751343
7398.686181758714	3331.6120630031305	3.324388127986551	3227.751343
7406.2683289360775	3334.9376253840483	3.3267368134766047	3228.751343
7413.856305550651	3338.265536989377	3.3290865768485967	3229.751343
7421.450114568252	3341.5957988971227	3.3314374183532993	3230.751343
7429.049758955459	3344.9284121855453	3.3337893382414863	3231.751343
7436.6552416795985	3348.263377933151	3.3361423367639285	3232.751343
7444.266565708746	3351.600697218701	3.3384964141713995	3233.751343
7451.883734011736	3354.9403711212053	3.340851570714671	3234.751343
7459.5067495581525	3358.2824007199265	3.3432078066445166	3235.751343
7467.13561531833	3361.626787094375	3.3455651222117075	3236.751343
7474.7703342633595	3364.973531324312	3.3479235176670175	3237.751343
7482.410909365079	3368.322634489755	3.350282993261219	3238.751343
7490.057343596081	3371.6740976709643	3.3526435492450837	3239.751343
7497.709639929713	3375.027921948458	3.3550051858693846	3240.751343
7505.367801340077	3378.384108403	3.3573679033848944	3241.751343
7513.031830802012	3381.7426581156083	3.3597317020423856	3242.751343
7520.70173129113	3385.103572167549	3.3620965820926307	3243.751343
7528.377505783779	3388.4668516403417	3.3644625437864013	3244.751343
7536.059157257071	3391.8324976157537	3.366829587374471	3245.751343
7543.746688688863	3395.2005111758062	3.3691977131076127	3246.751343
7551.440103057767	3398.5708934027675	3.371566921236598	3247.751343
7559.139403343152	3401.943645379161	3.3739372120122004	3248.751343
7566.844592525122	3405.3187681877575	3.376308585685191	3249.751343
7574.555673584555	3408.6962629115806	3.3786810425063436	3250.751343
7582.27264950307	3412.076130633903	3.38105458272643	3251.751343
7589.995523263042	3415.458372438249	3.3834292065962233	3252.751343
7597.724297847587	3418.842989408396	3.3858049143664957	3253.751343
7605.458976240592	3422.2299826283665	3.388181706288019	3254.751343
7613.199561426688	3425.619353182439	3.390559582611567	3255.751343
7620.946056391255	3429.0111021551406	3.392938543587912	3256.751343
7628.698464120427	3432.4052306312497	3.3953185894678266	3257.751343
7636.4567876010915	3435.8017396957944	3.3976997205020827	3258.751343
7644.221029820885	3439.2006304340553	3.4000819369414526	3259.751343
7651.991193768203	3442.6019039315624	3.402465239036709	3260.751343
7659.767282432191	3446.0055612740985	3.4048496270386264	3261.751343
7667.54929880274	3449.4116035476923	3.4072351011979745	3262.751343
7675.337245870501	3452.8200318386293	3.4096216617655273	3263.751343
7683.13112662688	3456.2308472334435	3.412009308992058	3264.751343
7690.930944064021	3459.6440508189175	3.4143980431283367	3265.751343
7698.736701174838	3463.059643682087	3.416787864425139	3266.751343
7706.548400952983	3466.4776269102376	3.4191787731332344	3267.751343
7714.36604639287	3469.8980015909074	3.4215707695033983	3268.751343
7722.189640489657	3473.3207688118823	3.423963853786401	3269.751343
7730.019186239264	3476.7459296612014	3.4263580262330158	3270.751343
7737.8546866383585	3480.173485227153	3.428753287094016	3271.751343
7745.696144684356	3483.6034365982778	3.431149636620173	3272.751343
7753.54356337543	3487.0357848633653	3.4335470750622603	3273.751343
7761.396945710505	3490.470531111458	3.4359456026710493	3274.751343
7769.256294689258	3493.9076764318465	3.4383452196973137	3275.751343
7777.121613312117	3497.347221914076	3.4407459263918256	3276.751343
7784.992904580263	3500.789168647937	3.4431477230053567	3277.751343
7792.8701714956305	3504.2335177234754	3.4455506097886808	3278.751343
7800.753417060905	3507.6802702309874	3.4479545869925703	3279.751343
7808.64264427952	3511.129427261018	3.450359654867796	3280.751343
7816.537856155672	3514.580989904364	3.4527658136651325	3281.751343
7824.4390556943035	3518.0349592520724	3.455173063635352	3282.751343
7832.346245901107	3521.4913363954424	3.457581405029227	3283.751343
7840.259429782533	3524.9501224260225	3.459990838097529	3284.751343
7848.1786103457725	3528.4113184356124	3.462401363091031	3285.751343
7856.103790598783	3531.874925516263	3.464812980260505	3286.751343
7864.034973550277	3535.340944760276	3.467225689856726	3287.751343
7871.9721622096995	3538.8093772602024	3.4696394921304643	3288.751343
7879.915359587262	3542.2802241088452	3.4720543873324923	3289.751343
7887.86456869393	3545.753486399261	3.474470375713584	3290.751343
7895.819792541413	3549.22916522475	3.4768874575245103	3291.751343
7903.781034142177	3552.707261678869	3.479305633016045	3292.751343
7911.748296509442	3556.1877768554255	3.48172490243896	3293.751343
7919.721582657177	3559.6707118484755	3.484145266044028	3294.751343
7927.700895600106	3563.156067752325	3.4865667240820213	3295.751343
7935.6862383537045	3566.6438456615338	3.488989276803713	3296.751343
7943.677613934202	3570.1340466709107	3.4914129244598757	3297.751343
7951.675025358572	3573.6266718755155	3.493837667301281	3298.751343
7959.678475644549	3577.121722370658	3.4962635055787015	3299.751343
7967.687967810624	3580.619199251901	3.4986904395429113	3300.751343
7975.703504876024	3584.119103615057	3.5011184694446813	3301.751343
7983.7250898607435	3587.6214365561873	3.5035475955347843	3302.751343
7991.752725785521	3591.126199171606	3.5059778180639936	3303.751343
7999.786415671853	3594.6333925578783	3.5084091372830803	3304.751343
8007.826162541987	3598.14301781182	3.5108415534428197	3305.751343
8015.871969418917	3601.655076030495	3.513275066793981	3306.751343
8023.923839326393	3605.169568311221	3.515709677587338	3307.751343
8031.981775288919	3608.686495751567	3.518145386073664	3308.751343
8040.04578033176	3612.20585944935	3.5205821925037317	3309.751343
8048.1158574809115	3615.727660502639	3.523020097128312	3310.751343
8056.192009763136	3619.2519000097545	3.5254591001981788	3311.751343
8064.274240205946	3622.778579069267	3.527899201964104	3312.751343
8072.362551837608	3626.307698779999	3.5303404026768606	3313.751343
8080.456947687138	3629.8392602410204	3.5327827025872205	3314.751343
8088.557430784305	3633.3732645516557	3.5352261019459563	3315.751343
8096.664004159629	3636.909712811479	3.5376706010038417	3316.751343
8104.77667084439	3640.448606120314	3.5401162000116484	3317.751343
8112.895433870604	3643.9899455782356	3.5425628992201483	3318.751343
8121.020296271057	3647.5337322855703	3.545010698880114	3319.751343
8129.151261079278	3651.079967342897	3.5474595992423197	3320.751343
8137.2883313295515	3654.62865185104	3.5499096005575366	3321.751343
8145.431510056909	3658.179786911079	3.552360703076537	3322.751343
8153.58080029714	3661.7333736243445	3.5548129070500942	3323.751343
8161.736205086788	3665.289413092414	3.5572662127289805	3324.751343
8169.89772746314	3668.847906417121	3.559720620363968	3325.751343
8178.065370464241	3672.4088547005445	3.5621761302058292	3326.751343
8186.239137128892	3675.972259045019	3.5646327425053377	3327.751343
8194.41903049664	3679.5381205531253	3.567090457513265	3328.751343
8202.60505360779	3683.106440327698	3.5695492754803846	3329.751343
8210.797209503387	3686.6772194718224	3.5720091966574676	3330.751343
8218.995501225247	3690.250459088834	3.5744702212952877	3331.751343
8227.199931815923	3693.8261602823172	3.5769323496446166	3332.751343
8235.41050431873	3697.40432415611	3.579395581956228	3333.751343
8243.627221777728	3700.9849518143	3.581859918480893	3334.751343
8251.850087237734	3704.568044361227	3.584325359469385	3335.751343
8260.079103744314	3708.1536029014774	3.586791905172477	3336.751343
8268.31427434379	3711.741628539893	3.5892595558409406	3337.751343
8276.555602083232	3715.3321223815637	3.5917283117255487	3338.751343
8284.803090010471	3718.9250855318332	3.594198173077074	3339.751343
8293.056741174076	3722.520519096291	3.596669140146288	3340.751343
8301.31655862338	3726.118424180782	3.5991412131839646	3341.751343
8309.582545408472	3729.7188018913994	3.6016143924408768	3342.751343
8317.854704580173	3733.3216533344867	3.6040886781677948	3343.751343
8326.133039190074	3736.9269796166413	3.6065640706154927	3344.751343
8334.417552290519	3740.534781844708	3.609040570034743	3345.751343
8342.708246934593	3744.145061125786	3.6115181766763182	3346.751343
8351.005126176142	3747.757818567219	3.61399689079099	3347.751343
8359.308193069763	3751.3730552766083	3.6164767126295323	3348.751343
8367.617450670801	3754.990772361802	3.6189576424427163	3349.751343
8375.932902035356	3758.610970930902	3.621439680481316	3350.751343
8384.254550220285	3762.233652092258	3.6239228269961026	3351.751343
8392.58239828319	3765.8588169544705	3.626407082237849	3352.751343
8400.916449282427	3769.486466626393	3.6288924464573284	3353.751343
8409.256706277107	3773.1166022171274	3.631378919905312	3354.751343
8417.603172327093	3776.7492248360295	3.633866502832574	3355.751343
8425.955850492997	3780.384335592703	3.636355195489885	3356.751343
8434.314743836187	3784.021935597004	3.63884499812802	3357.751343
8442.67985541878	3787.662025959036	3.641335910997749	3358.751343
8451.051188303652	3791.304607789159	3.6438279343498463	3359.751343
8459.428745554418	3794.94968219798	3.646321068435083	3360.751343
8467.812530235464	3798.5972502963577	3.648815313504233	3361.751343
8476.20254541191	3802.2473131954007	3.651310669808068	3362.751343
8484.59879414964	3805.8998720064683	3.653807137597361	3363.751343
8493.001279515287	3809.554927841173	3.6563047171228846	3364.751343
8501.410004576233	3813.212481811377	3.658803408635411	3365.751343
8509.824972400622	3816.87253502919	3.661303212385712	3366.751343
8518.246186057335	3820.5350886069778	3.6638041286245615	3367.751343
8526.673648616019	3824.2001436573523	3.666306157602732	3368.751343
8535.107363147072	3827.8677012931803	3.668809299570995	3369.751343
8543.547332721628	3831.537762627575	3.6713135547801232	3370.751343
8551.993560411602	3835.2103287739033	3.67381892348089	3371.751343
8560.446049289632	3838.8854008457847	3.676325405924067	3372.751343
8568.90480242913	3842.562979957083	3.6788330023604274	3373.751343
8577.369822904246	3846.24306722192	3.681341713040743	3374.751343
8585.841113789895	3849.9256637546628	3.683851538215787	3375.751343
8594.318678161737	3853.610770669933	3.6863624781363327	3376.751343
8602.802519096178	3857.298389082601	3.6888745330531507	3377.751343
8611.292639670386	3860.988520107788	3.6913877032170146	3378.751343
8619.789042962278	3864.681164860868	3.6939019888786966	3379.751343
8628.29173205053	3868.3763244574625	3.6964173902889703	3380.751343
8636.800710014553	3872.074000013445	3.6989339076986063	3381.751343
8645.315979934532	3875.774192644943	3.7014515413583786	3382.751343
8653.83754489139	3879.4769034683295	3.70397029151906	3383.751343
8662.365407966805	3883.1821336002313	3.706490158431422	3384.751343
8670.89957224321	3886.8898841575265	3.7090111423462373	3385.751343
8679.440040803787	3890.600156257341	3.7115332435142783	3386.751343
8687.986816732477	3894.3129510170565	3.7140564621863197	3387.751343
8696.539903113957	3898.0282695542987	3.71658079861313	3388.751343
8705.099303033681	3901.7461129869503	3.719106253045485	3389.751343
8713.665019577833	3905.4664824331417	3.7216328257341558	3390.751343
8722.237055833362	3909.189379011255	3.7241605169299166	3391.751343
8730.815414887966	3912.914803839921	3.726689326883537	3392.751343
8739.400099830089	3916.642758038024	3.7292192558457913	3393.751343
8747.991113748942	3920.3732427246996	3.731750304067453	3394.751343
8756.58845973448	3924.1062590193296	3.7342824717992933	3395.751343
8765.192140877401	3927.8418080415513	3.7368157592920843	3396.751343
8773.80216026917	3931.579890911251	3.7393501667965996	3397.751343
8782.418521001999	3935.3205087485653	3.7418856945636123	3398.751343
8791.041226168849	3939.063662673883	3.744422342843893	3399.751343
8799.670278863436	3942.8093538078415	3.7469601118882148	3400.751343
8808.305682180231	3946.55758327133	3.749499001947351	3401.751343
8816.947439214455	3950.308352185491	3.7520390132720745	3402.751343
8825.59555306208	3954.0616616717134	3.7545801461131565	3403.751343
8834.25002681983	3957.8175128516395	3.75712240072137	3404.751343
8842.910863585186	3961.5759068471634	3.759665777347489	3405.751343
8851.578066456374	3965.336844780425	3.762210276242283	3406.751343
8860.25163853238	3969.10032777382	3.764755897656527	3407.751343
8868.931582912937	3972.8663569499945	3.7673026418409927	3408.751343
8877.617902698534	3976.6349334318425	3.769850509046453	3409.751343
8886.310600990408	3980.406058342511	3.7723994995236803	3410.751343
8895.009680890551	3984.1797328053976	3.7749496135234466	3411.751343
8903.715145501708	3987.955957944149	3.7775008512965247	3412.751343
8912.426997927376	3991.734734882665	3.780053213093688	3413.751343
8921.145241271799	3995.516064745095	3.782606699165707	3414.751343
8929.869878639987	3999.2999486558383	3.7851613097633563	3415.751343
8938.600913137683	4003.086387739546	3.787717045137408	3416.751343
8947.338347871399	4006.8753831211225	3.790273905538634	3417.751343
8956.08218594839	4010.6669359257176	3.792831891217807	3418.751343
8964.832430476667	4014.461047278734	3.795391002425699	3419.751343
8973.589084564994	4018.257718305829	3.7979512394130843	3420.751343
8982.352151322884	4022.056950132904	3.800512602430734	3421.751343
8991.121633860606	4025.8587438861164	3.8030750917294207	3422.751343
8999.89753528918	4029.6631006918724	3.8056387075599174	3423.751343
9008.679858720372	4033.4700216768306	3.8082034501729964	3424.751343
9017.468607266712	4037.2795079678963	3.8107693198194306	3425.751343
9026.263784041477	4041.091560692231	3.813336316749992	3426.751343
9035.065392158693	4044.906180977242	3.8159044412154532	3427.751343
9043.873434733137	4048.7233699505914	3.8184736934665864	3428.751343
9052.687914880353	4052.5431287401875	3.821044073754165	3429.751343
9061.508835716617	4056.365458474194	3.8236155823289613	3430.751343
9070.336200358972	4060.190360281025	3.826188219441748	3431.751343
9079.170011925207	4064.0178352893404	3.8287619853432964	3432.751343
9088.010273533862	4067.847884628057	3.83133688028438	3433.751343
9096.856988304235	4071.68050942634	3.8339129045157714	3434.751343
9105.710159356378	4075.5157108136027	3.836490058288244	3435.751343
9114.569789811083	4079.353489919514	3.839068341852568	3436.751343
9123.435882789903	4083.1938478739894	3.841647755459518	3437.751343
9132.308441415145	4087.036785807197	3.844228299359865	3438.751343
9141.187468809865	4090.8823048495565	3.8468099738043837	3439.751343
9150.07296809787	4094.7304061317377	3.8493927790438436	3440.751343
9158.964942403723	4098.581090784659	3.85197671532902	3441.751343
9167.863394852739	4102.434359939495	3.8545617829106846	3442.751343
9176.768328570975	4106.290214727664	3.8571479820396086	3443.751343
9185.679746685266	4110.1486562808395	3.8597353129665666	3444.751343
9194.597652323167	4114.009685730945	3.8623237759423295	3445.751343
9203.522048613006	4117.873304210158	3.8649133712176704	3446.751343
9212.452938683859	4121.739512850899	3.8675040990433622	3447.751343
9221.390325665554	4125.608312785844	3.8700959596701767	3448.751343
9230.334212688666	4129.479705147922	3.872688953348887	3449.751343
9239.284602884532	4133.353691070311	3.875283080330266	3450.751343
9248.241499385238	4137.230271686433	3.8778783408650854	3451.751343
9257.204905323611	4141.109448129973	3.880474735204118	3452.751343
9266.174823833253	4144.99122153486	3.8830722635981365	3453.751343
9275.151258048494	4148.875593035273	3.885670926297913	3454.751343
9284.13421110444	4152.762563765642	3.888270723554221	3455.751343
9293.123686136922	4156.65213486065	3.8908716556178313	3456.751343
9302.119686282549	4160.544307455231	3.8934737227395186	3457.751343
9311.122214678668	4164.4390826845665	3.8960769251700538	3458.751343
9320.131274463383	4168.336461684091	3.8986812631602104	3459.751343
9329.146868775546	4172.236445589489	3.90128673696076	3460.751343
9338.169000754771	4176.139035536698	3.9038933468224757	3461.751343
9347.197673541414	4180.044232661904	3.9065010929961304	3462.751343
9356.232890276584	4183.952038101545	3.909109975732496	3463.751343
9365.274654102152	4187.862452992307	3.911719995282345	3464.751343
9374.322968160732	4191.7754784711315	3.914331151896451	3465.751343
9383.377835595687	4195.691115675207	3.916943445825585	3466.751343
9392.439259551149	4199.6093657419715	3.9195568773205203	3467.751343
9401.507243171985	4203.530229809119	3.92217144663203	3468.751343
9410.581789603824	4207.453709014591	3.9247871540108856	3469.751343
9419.662901993046	4211.379804496581	3.92740399970786	3470.751343
9428.750583486777	4215.30851739353	3.9300219839737256	3471.751343
9437.844837232902	4219.239848844134	3.9326411070592555	3472.751343
9446.945666380056	4223.1737999873385	3.9352613692152216	3473.751343
9456.053074077628	4227.110371962338	3.937882770692397	3474.751343
9465.167063475757	4231.04956590858	3.9405053117415534	3475.751343
9474.287637725336	4234.9913829657635	3.9431289926134645	3476.751343
9483.414799978007	4238.935824273832	3.945753813558902	3477.751343
9492.548553386176	4242.882890972988	3.9483797748286382	3478.751343
9501.688901102978	4246.832584203681	3.9510068766734463	3479.751343
9510.835846282329	4250.784905106611	3.9536351193440993	3480.751343
9519.98939207887	4254.7398548227275	3.9562645030913677	3481.751343
9529.149541648014	4258.697434493234	3.9588950281660256	3482.751343
9538.316298145919	4262.657645259586	3.961526694818846	3483.751343
9547.489664729497	4266.620488263483	3.9641595033006003	3484.751343
9556.669644556408	4270.58596464688	3.9667934538620617	3485.751343
9565.856240785071	4274.554075551984	3.969428546754002	3486.751343
9575.049456574654	4278.52482212125	3.9720647822271955	3487.751343
9584.24929508507	4282.4982054973825	3.974702160532412	3488.751343
9593.455759477001	4286.474226823342	3.977340681920426	3489.751343
9602.668852911864	4290.452887242333	3.979980346642009	3490.751343
9611.888578551843	4294.434187897819	3.9826211549479353	3491.751343
9621.114939559862	4298.418129933509	3.9852631070889752	3492.751343
9630.347939099604	4302.40471449336	3.9879062033159025	3493.751343
9639.587580335507	4306.393942721586	3.9905504438794903	3494.751343
9648.833866432751	4310.385815762648	3.9931958290305087	3495.751343
9658.086800557277	4314.38033476126	3.9958423590197323	3496.751343
9667.346385875779	4318.377500862383	3.9984900340979332	3497.751343
9676.612625555696	4322.377315211236	4.001138854515885	3498.751343
9685.88552276523	4326.37977895328	4.003788820524358	3499.751343
9695.16508067332	4330.384893234232	4.006439932374126	3500.751343
9704.45130244967	4334.392659200057	4.009092190315961	3501.751343
9713.744191264734	4338.403077996977	4.011745594600637	3502.751343
9723.043750289718	4342.416150771457	4.014400145478924	3503.751343
9732.349982696576	4346.431878670216	4.017055843201597	3504.751343
9741.662891658023	4350.450262840225	4.019712688019427	3505.751343
9750.982480347513	4354.471304428705	4.022370680183188	3506.751343
9760.308751939267	4358.495004583125	4.025029819943652	3507.751343
9769.641709608244	4362.521364451207	4.027690107551589	3508.751343
9778.98135653017	4366.550385180928	4.030351543257775	3509.751343
9788.327695881515	4370.582067920506	4.033014127312981	3510.751343
9797.680730839496	4374.6164138184195	4.035677859967979	3511.751343
9807.040464582096	4378.653424023392	4.038342741473543	3512.751343
9816.406900288042	4382.6930996844	4.041008772080445	3513.751343
9825.780041136812	4386.735441950671	4.0436759520394565	3514.751343
9835.159890308641	4390.78045197168	4.0463442816013515	3515.751343
9844.546450984513	4394.828130897157	4.0490137610169015	3516.751343
9853.939726346165	4398.878479877082	4.051684390536881	3517.751343
9863.339719576086	4402.931500061683	4.054356170412059	3518.751343
9872.74643385752	4406.987192601441	4.05702910089321	3519.751343
9882.159872374456	4411.045558647089	4.059703182231107	3520.751343
9891.58003831165	4415.106599349607	4.062378414676523	3521.751343
9901.006934854593	4419.170315860228	4.0650547984802285	3522.751343
9910.440565189536	4423.2367093304365	4.067732333892997	3523.751343
9919.88093250349	4427.305780911966	4.070411021165603	3524.751343
9929.328039984199	4431.377531756804	4.073090860548814	3525.751343
9938.781890820188	4435.451963017184	4.075771852293408	3526.751343
9948.242488200704	4439.529075845595	4.078453996650154	3527.751343
9957.709835315765	4443.608871394774	4.081137293869827	3528.751343
9967.183935356135	4447.691350817706	4.083821744203198	3529.751343
9976.664791513327	4451.776515267635	4.086507347901039	3530.751343
9986.152406979621	4455.864365898047	4.0891941052141245	3531.751343
9995.646784948029	4459.954903862685	4.0918820163932255	3532.751343
10005.147928612329	4464.048130315538	4.094571081689114	3533.751343
10014.655841167052	4468.144046410851	4.097261301352565	3534.751343
10024.170525807476	4472.242653303118	4.099952675634349	3535.751343
10033.691985729627	4476.343952147077	4.102645204785239	3536.751343
10043.22022413029	4480.4479440977275	4.105338889056007	3537.751343
10052.755244207005	4484.554630310313	4.108033728697427	3538.751343
10062.297049158056	4488.66401194033	4.1107297239602705	3539.751343
10071.845642182485	4492.776090143524	4.11342687509531	3540.751343
10081.401026480087	4496.890866075894	4.116125182353318	3541.751343
10090.963205251408	4501.008340893687	4.118824645985067	3542.751343
10100.532181697745	4505.128515753406	4.121525266241331	3543.751343
10110.10795902114	4509.251391811796	4.12422704337288	3544.751343
10119.6905404244	4513.37697022586	4.126929977630488	3545.751343
10129.279929111088	4517.5052521528505	4.129634069264928	3546.751343
10138.876128285503	4521.636238750266	4.132339318526972	3547.751343
10148.479141152704	4525.769931175862	4.135045725667392	3548.751343
10158.088970918501	4529.906330587643	4.137753290936961	3549.751343
10167.705620789466	4534.045438143864	4.140462014586452	3550.751343
10177.329093972909	4538.1872550030275	4.143171896866637	3551.751343
10186.959393676894	4542.33178232389	4.145882938028287	3552.751343
10196.59652311025	4546.47902126546	4.148595138322178	3553.751343
10206.240485482549	4550.628972986996	4.15130849799908	3554.751343
10215.891284004112	4554.7816386480035	4.1540230173097665	3555.751343
10225.548921886017	4558.937019408244	4.156738696505009	3556.751343
10235.213402340098	4563.095116427726	4.159455535835582	3557.751343
10244.884728578938	4567.2559308667105	4.162173535552256	3558.751343
10254.562903815864	4571.419463885709	4.164892695905803	3559.751343
10264.247931264974	4575.585716645484	4.167613017146999	3560.751343
10273.939814141098	4579.75469030705	4.170334499526613	3561.751343
10283.638555659832	4583.926386031667	4.17305714329542	3562.751343
10293.344159037519	4588.100804980852	4.17578094870419	3563.751343
10303.056627491254	4592.277948316372	4.178505916003698	3564.751343
10312.77596423889	4596.457817200241	4.181232045444716	3565.751343
10322.502172499024	4600.640412794726	4.183959337278015	3566.751343
10332.235255491007	4604.825736262345	4.186687791754369	3567.751343
10341.975216434952	4609.013788765866	4.18941740912455	3568.751343
10351.722058551713	4613.204571468309	4.192148189639331	3569.751343
10361.475785062896	4617.398085532944	4.194880133549484	3570.751343
10371.236399190866	4621.59433212329	4.197613241105781	3571.751343
10381.003904158744	4625.79331240312	4.200347512558997	3572.751343
10390.778303190387	4629.995027536457	4.203082948159901	3573.751343
10400.559599510423	4634.199478687573	4.205819548159268	3574.751343
10410.34779634422	4638.406667020991	4.20855731280787	3575.751343
10420.142896917903	4642.616593701489	4.21129624235648	3576.751343
10429.944904458343	4646.829259894089	4.214036337055868	3577.751343
10439.753822193177	4651.044666764068	4.21677759715681	3578.751343
10449.569653350782	4655.262815476953	4.219520022910076	3579.751343
10459.392401160292	4659.483707198522	4.22226361456644	3580.751343
10469.222068851594	4663.707343094805	4.225008372376674	3581.751343
10479.058659655326	4667.933724332076	4.227754296591551	3582.751343
10488.902176802872	4672.162852076872	4.230501387461843	3583.751343
10498.752623526376	4676.394727495969	4.233249645238322	3584.751343
10508.610003058746	4680.629351756401	4.235999070171762	3585.751343
10518.474318633615	4684.866726025449	4.238749662512935	3586.751343
10528.34557348539	4689.106851470647	4.241501422512613	3587.751343
10538.223770849216	4693.349729259778	4.244254350421568	3588.751343
10548.108913961001	4697.595360560876	4.2470084464905735	3589.751343
10558.001006057406	4701.843746542229	4.249763710970402	3590.751343
10567.90005037583	4706.094888372371	4.252520144111825	3591.751343
10577.806050154446	4710.348787220089	4.255277746165618	3592.751343
10587.719008632157	4714.605444254422	4.25803651738255	3593.751343
10597.638929048633	4718.864860644659	4.260796458013394	3594.751343
10607.565814644295	4723.127037560338	4.263557568308926	3595.751343
10617.49966866031	4727.39197617125	4.266319848519915	3596.751343
10627.440494338602	4731.659677647433	4.269083298897134	3597.751343
10637.388294921844	4735.930143159183	4.271847919691357	3598.751343
10647.343073653468	4740.203373877039	4.274613711153355	3599.751343
10657.304833777645	4744.479370971795	4.2773806735339015	3600.751343
10667.273578539316	4748.758135614496	4.280148807083768	3601.751343
10677.249311184158	4753.039668976437	4.2829181120537285	3602.751343
10687.232034958615	4757.323972229161	4.285688588694555	3603.751343
10697.221753109869	4761.611046544465	4.288460237257018	3604.751343
10707.21846888587	4765.900893094398	4.291233057991894	3605.751343
10717.222185535305	4770.193513051258	4.294007051149953	3606.751343
10727.232906307618	4774.48890758759	4.296782216981967	3607.751343
10737.250634453014	4778.787077876196	4.29955855573871	3608.751343
10747.275373222441	4783.088025090126	4.3023360676709546	3609.751343
10757.3071258676	4787.39175040268	4.305114753029472	3610.751343
10767.345895640943	4791.698254987412	4.307894612065035	3611.751343
10777.391685795686	4796.007540018119	4.310675645028417	3612.751343
10787.444499585785	4800.319606668861	4.313457852170391	3613.751343
10797.504340265947	4804.634456113937	4.316241233741727	3614.751343
10807.571211091648	4808.952089527904	4.3190257899932005	3615.751343
10817.645115319092	4813.272508085566	4.321811521175582	3616.751343
10827.726056205258	4817.595712961983	4.324598427539645	3617.751343
10837.814037007858	4821.921705332457	4.327386509336161	3618.751343
10847.909060985376	4826.250486372549	4.330175766815905	3619.751343
10858.011131397034	4830.582057258067	4.332966200229647	3620.751343
10868.120251502809	4834.91641916507	4.33575780982816	3621.751343
10878.236424563427	4839.253573269868	4.338550595862217	3622.751343
10888.359653840382	4843.593520749022	4.34134455858259	3623.751343
10898.489942595901	4847.936262779346	4.3441396982400535	3624.751343
10908.627294092978	4852.2818005378995	4.346936015085378	3625.751343
10918.771711595346	4856.6301352019955	4.349733509369336	3626.751343
10928.923198367502	4860.9812679492	4.352532181342701	3627.751343
10939.081757674687	4865.335199957329	4.3553320312562445	3628.751343
10949.247392782901	4869.691932404444	4.35813305936074	3629.751343
10959.420106958893	4874.0514664688635	4.36093526590696	3630.751343
10969.599903470162	4878.413803329156	4.363738651145676	3631.751343
10979.786785584964	4882.778944164136	4.3665432153276615	3632.751343
10989.980756572304	4887.146890152875	4.3693489587036884	3633.751343
11000.181819701942	4891.5176424746915	4.37215588152453	3634.751343
11010.389978244397	4895.891202309156	4.37496398404096	3635.751343
11020.60523547091	4900.267570836089	4.377773266503747	3636.751343
11030.827594653514	4904.646749235563	4.380583729163667	3637.751343
11041.057059064973	4909.028738687899	4.383395372271491	3638.751343
11051.293631978808	4913.413540373672	4.386208196077993	3639.751343
11061.53731666929	4917.801155473706	4.389022200833944	3640.751343
11071.788116411442	4922.191585169074	4.391837386790116	3641.751343
11082.046034481044	4926.584830641103	4.394653754197283	3642.751343
11092.311074154624	4930.980893071368	4.397471303306219	3643.751343
11102.583238709463	4935.379773641699	4.400290034367693	3644.751343
11112.862531423594	4939.781473534171	4.403109947632478	3645.751343
11123.148955575809	4944.185993931114	4.405931043351349	3646.751343
11133.44251444564	4948.593336015109	4.408753321775078	3647.751343
11143.743211313384	4953.003500968984	4.411576783154436	3648.751343
11154.051049460079	4957.41648997582	4.414401427740196	3649.751343
11164.366032167523	4961.83230421895	4.417227255783132	3650.751343
11174.688162718263	4966.2509448819565	4.420054267534015	3651.751343
11185.017444395597	4970.67241314867	4.422882463243616	3652.751343
11195.353880483579	4975.096710203179	4.425711843162711	3653.751343
11205.69747426702	4979.523837229816	4.428542407542071	3654.751343
11216.048229031472	4983.953795413167	4.431374156632469	3655.751343
11226.406148063243	4988.3865859380685	4.4342070906846764	3656.751343
11236.771234649399	4992.8222099896075	4.4370412099494665	3657.751343
11247.143492077745	4997.260668753122	4.439876514677611	3658.751343
11257.52292363686	5001.701963414201	4.4427130051198835	3659.751343
11267.909532616055	5006.146095158683	4.445550681527057	3660.751343
11278.303322305403	5010.593065172661	4.448389544149903	3661.751343
11288.704295995725	5015.042874642473	4.451229593239193	3662.751343
11299.112456978604	5019.4955247547105	4.454070829045702	3663.751343
11309.527808546358	5023.951016696219	4.4569132518202	3664.751343
11319.950353992077	5028.409351654091	4.459756861813464	3665.751343
11330.380096609586	5032.87053081567	4.4626016592762605	3666.751343
11340.817039693475	5037.33455536855	4.465447644459365	3667.751343
11351.261186539075	5041.801426500578	4.46829481761355	3668.751343
11361.712540442486	5046.271145399852	4.47114317898959	3669.751343
11372.171104700537	5050.743713254716	4.473992728838254	3670.751343
11382.636882610834	5055.219131253769	4.4768434674103155	3671.751343
11393.109877471714	5059.69740058586	4.479695394956548	3672.751343
11403.590092582284	5064.17852244009	4.482548511727724	3673.751343
11414.077531242394	5068.662498005808	4.485402817974615	3674.751343
11424.57219675264	5073.149328472614	4.488258313947995	3675.751343
11435.074092414388	5077.639015030363	4.4911149998986355	3676.751343
11445.583221529738	5082.131558869155	4.493972876077308	3677.751343
11456.099587401557	5086.626961179343	4.496831942734788	3678.751343
11466.62319333345	5091.125223151534	4.499692200121845	3679.751343
11477.154042629785	5095.626345976581	4.502553648489253	3680.751343
11487.692138595692	5100.13033084559	4.505416288087786	3681.751343
11498.237484537018	5104.637178949917	4.508280119168213	3682.751343
11508.790083760403	5109.146891481169	4.511145141981309	3683.751343
11519.349939573212	5113.659469631207	4.514011356777846	3684.751343
11529.917055283579	5118.174914592137	4.516878763808597	3685.751343
11540.491434200372	5122.6932275563195	4.519747363324333	3686.751343
11551.07307963324	5127.2144097163655	4.522617155575829	3687.751343
11561.661994892545	5131.738462265134	4.525488140813855	3688.751343
11572.258183289443	5136.2653863957385	4.5283603192891855	3689.751343
11582.861648135808	5140.795183301541	4.5312336912525915	3690.751343
11593.472392744286	5145.3278541761565	4.5341082569548465	3691.751343
11604.090420428272	5149.863400213449	4.536984016646723	3692.751343
11614.715734501906	5154.4018226075295	4.539860970578992	3693.751343
11625.348338280088	5158.94312255277	4.542739119002428	3694.751343
11635.988235078472	5163.487301243782	4.545618462167804	3695.751343
11646.635428213453	5168.034359875435	4.54849900032589	3696.751343
11657.289921002191	5172.584299642848	4.55138073372746	3697.751343
11667.951716762589	5177.13712174139	4.554263662623287	3698.751343
11678.620818813311	5181.692827366677	4.557147787264142	3699.751343
11689.297230473761	5186.251417714582	4.560033107900799	3700.751343
11699.980955064115	5190.812893981227	4.562919624784031	3701.751343
11710.671995905275	5195.377257362983	4.565807338164609	3702.751343
11721.37035631892	5199.944509056471	4.568696248293306	3703.751343
11732.076039627464	5204.5146502585685	4.571586355420894	3704.751343
11742.78904915408	5209.087682166397	4.574477659798147	3705.751343
11753.509388222703	5213.663605977333	4.577370161675836	3706.751343
11764.237060157993	5218.2424228889995	4.580263861304735	3707.751343
11774.972068285399	5222.8241340992745	4.583158758935615	3708.751343
11785.714415931096	5227.408740806288	4.58605485481925	3709.751343
11796.46410642201	5231.996244208415	4.588952149206412	3710.751343
11807.221143085844	5236.586645504286	4.591850642347873	3711.751343
11817.985529251022	5241.17994589278	4.594750334494405	3712.751343
11828.757268246745	5245.776146573027	4.597651225896783	3713.751343
11839.536363402955	5250.375248744409	4.600553316805777	3714.751343
11850.322818050347	5254.9772536065575	4.603456607472161	3715.751343
11861.116635520368	5259.582162359355	4.606361098146706	3716.751343
11871.917819145223	5264.189976202937	4.609266789080187	3717.751343
11882.726372257865	5268.800696337686	4.612173680523375	3718.751343
11893.542298191998	5273.414323964237	4.6150817727270415	3719.751343
11904.365600282074	5278.030860283477	4.61799106594196	3720.751343
11915.196281863313	5282.650306496543	4.620901560418905	3721.751343
11926.03434627167	5287.272663804819	4.623813256408646	3722.751343
11936.879796843867	5291.897933409946	4.626726154161957	3723.751343
11947.732636917359	5296.5261165138145	4.62964025392961	3724.751343
11958.59286983038	5301.157214318561	4.632555555962378	3725.751343
11969.460498921893	5305.791228026578	4.6354720605110336	3726.751343
11980.33552753162	5310.428158840506	4.638389767826348	3727.751343
11991.217959000049	5315.0680079632375	4.641308678159096	3728.751343
12002.107796668397	5319.7107765979135	4.6442287917600495	3729.751343
12013.005043878651	5324.35646594793	4.64715010887998	3730.751343
12023.90970397354	5329.00507721693	4.65007262976966	3731.751343
12034.821780296552	5333.65661160881	4.652996354679863	3732.751343
12045.741276191928	5338.311070327713	4.655921283861361	3733.751343
12056.668195004655	5342.968454578038	4.658847417564927	3734.751343
12067.602540080468	5347.628765564433	4.661774756041332	3735.751343
12078.54431476588	5352.292004491796	4.664703299541352	3736.751343
12089.493522408122	5356.958172565275	4.667633048315755	3737.751343
12100.4501663552	5361.62727099027	4.670564002615317	3738.751343
12111.414249955858	5366.299300972431	4.673496162690808	3739.751343
12122.385776559622	5370.974263717661	4.676429528793003	3740.751343
12133.364749516724	5375.652160432111	4.6793641011726725	3741.751343
12144.351172178183	5380.332992322181	4.68229988008059	3742.751343
12155.345047895767	5385.01676059453	4.685236865767529	3743.751343
12166.346380021976	5389.703466456061	4.68817505848426	3744.751343
12177.355171910085	5394.3931111139245	4.691114458481557	3745.751343
12188.371426914107	5399.085695775532	4.6940550660101925	3746.751343
12199.39514838882	5403.78122164854	4.696996881320938	3747.751343
12210.42633968973	5408.479689940853	4.699939904664566	3748.751343
12221.46500417313	5413.18110186063	4.702884136291851	3749.751343
12232.511145196044	5417.885458616282	4.705829576453564	3750.751343
12243.56476611624	5422.592761416467	4.7087762254004755	3751.751343
12254.625870292264	5427.303011470093	4.711724083383363	3752.751343
12265.694461083389	5432.016209986327	4.7146731506529935	3753.751343
12276.770541849659	5436.73235817458	4.717623427460144	3754.751343
12287.854115951865	5441.451457244511	4.720574914055586	3755.751343
12298.945186751538	5446.173508406037	4.72352761069009	3756.751343
12310.043757610985	5450.898512869321	4.726481517614431	3757.751343
12321.149831893243	5455.62647184478	4.72943663507938	3758.751343
12332.26341296211	5460.357386543078	4.73239296333571	3759.751343
12343.384504182135	5465.091258175132	4.735350502634193	3760.751343
12354.513108918627	5469.82808795211	4.738309253225602	3761.751343
12365.649230537638	5474.567877085431	4.7412692153607106	3762.751343
12376.792872405978	5479.310626786762	4.74423038929029	3763.751343
12387.944037891197	5484.056338268026	4.747192775265111	3764.751343
12399.102730361625	5488.805012741392	4.750156373535951	3765.751343
12410.268953186309	5493.556651419281	4.753121184353578	3766.751343
12421.442709735076	5498.311255514364	4.756087207968767	3767.751343
12432.624003378492	5503.068826239567	4.759054444632289	3768.751343
12443.812837487878	5507.829364808062	4.762022894594918	3769.751343
12455.009215435311	5512.592872433274	4.764992558107426	3770.751343
12466.213140593609	5517.359350328877	4.767963435420585	3771.751343
12477.424616336355	5522.128799708799	4.770935526785168	3772.751343
12488.643646037885	5526.901221787215	4.773908832451948	3773.751343
12499.870233073274	5531.676617778553	4.776883352671696	3774.751343
12511.104380818357	5536.454988897492	4.779859087695185	3775.751343
12522.346092649734	5541.236336358963	4.78283603777319	3776.751343
12533.595371944728	5546.020661378141	4.78581420315648	3777.751343
12544.852222081438	5550.807965170461	4.78879358409583	3778.751343
12556.11664643871	5555.598248951602	4.79177418084201	3779.751343
12567.388648396141	5560.391513937498	4.794755993645795	3780.751343
12578.668231334084	5565.18776134433	4.797739022757958	3781.751343
12589.955398633634	5569.986992388533	4.800723268429269	3782.751343
12601.250153676647	5574.789208286791	4.803708730910502	3783.751343
12612.552499845728	5579.594410256041	4.80669541045243	3784.751343
12623.862440524237	5584.402599513466	4.809683307305824	3785.751343
12635.179979096287	5589.213777276505	4.812672421721458	3786.751343
12646.505118946732	5594.027944762846	4.815662753950103	3787.751343
12657.837863461202	5598.845103190428	4.818654304242533	3788.751343
12669.178216026052	5603.665253777437	4.82164707284952	3789.751343
12680.526180028399	5608.488397742315	4.824641060021835	3790.751343
12691.881758856132	5613.314536303754	4.827636266010254	3791.751343
12703.244955897868	5618.143670680692	4.8306326910655475	3792.751343
12714.615774542977	5622.975802092324	4.833630335438487	3793.751343
12725.994218181595	5627.810931758091	4.836629199379846	3794.751343
12737.380290204605	5632.649060897689	4.839629283140399	3795.751343
12748.773994003634	5637.490190731062	4.842630586970914	3796.751343
12760.17533297108	5642.334322478405	4.845633111122169	3797.751343
12771.584310500066	5647.181457360162	4.848636855844932	3798.751343
12783.000929984499	5652.031596597036	4.851641821389978	3799.751343
12794.42519481901	5656.884741409968	4.854648008008079	3800.751343
12805.857108399	5661.740893020159	4.857655415950006	3801.751343
12817.29667412062	5666.600052649061	4.860664045466535	3802.751343
12828.74389538076	5671.462221518368	4.863673896808435	3803.751343
12840.198775577079	5676.327400850034	4.86668497022648	3804.751343
12851.661318107983	5681.1955918662625	4.869697265971443	3805.751343
12863.131526372626	5686.066795789505	4.872710784294095	3806.751343
12874.609403770919	5690.941013842461	4.87572552544521	3807.751343
12886.094953703527	5695.818247248087	4.878741489675561	3808.751343
12897.588179571858	5700.698497229588	4.881758677235919	3809.751343
12909.089084778085	5705.58176501042	4.884777088377058	3810.751343
12920.597672725118	5710.468051814287	4.887796723349749	3811.751343
12932.113946816635	5715.357358865146	4.8908175824047655	3812.751343
12943.637910457055	5720.249687387208	4.893839665792879	3813.751343
12955.169567051562	5725.145038604927	4.896862973764864	3814.751343
12966.70892000607	5730.043413743015	4.89988750657149	3815.751343
12978.255972727273	5734.94481402643	4.902913264463533	3816.751343
12989.810728622595	5739.849240680387	4.905940247691763	3817.751343
13001.373191100225	5744.756694930344	4.908968456506955	3818.751343
13012.943363569091	5749.667178002014	4.911997891159877	3819.751343
13024.521249438903	5754.580691121359	4.915028551901306	3820.751343
13036.106852120085	5759.497235514597	4.918060438982014	3821.751343
13047.700175023838	5764.416812408187	4.921093552652772	3822.751343
13059.301221562104	5769.3394230288495	4.924127893164353	3823.751343
13070.909995147591	5774.265068603546	4.927163460767529	3824.751343
13082.52649919374	5779.193750359498	4.930200255713074	3825.751343
13094.150737114756	5784.1254695241705	4.93323827825176	3826.751343
13105.7827123256	5789.060227325282	4.936277528634358	3827.751343
13117.422428241982	5793.998024990804	4.939318007111643	3828.751343
13129.069888280352	5798.938863748955	4.942359713934386	3829.751343
13140.725095857935	5803.8827448282045	4.945402649353359	3830.751343
13152.388054392684	5808.829669457276	4.948446813619336	3831.751343
13164.058767303324	5813.779638865143	4.9514922069830885	3832.751343
13175.73723800932	5818.732654281027	4.954538829695389	3833.751343
13187.4234699309	5823.688716934399	4.957586682007011	3834.751343
13199.117466489035	5828.647828054989	4.960635764168726	3835.751343
13210.819231105452	5833.609988872771	4.963686076431309	3836.751343
13222.52876720263	5838.575200617969	4.966737619045529	3837.751343
13234.246078203803	5843.543464521063	4.969790392262161	3838.751343
13245.971167532947	5848.51478181278	4.9728443963319755	3839.751343
13257.704038614806	5853.489153724096	4.975899631505747	3840.751343
13269.444694874863	5858.466581486242	4.978956098034247	3841.751343
13281.193139739364	5863.447066330698	4.982013796168248	3842.751343
13292.949376635293	5868.430609489198	4.985072726158522	3843.751343
13304.713408990407	5873.417212193717	4.988132888255844	3844.751343
13316.485240233193	5878.406875676495	4.991194282710984	3845.751343
13328.264873792901	5883.399601170008	4.994256909774714	3846.751343
13340.052313099543	5888.395389906997	4.99732076969781	3847.751343
13351.847561583867	5893.394243120442	5.000385862731042	3848.751343
13363.650622677378	5898.396162043579	5.0034521891251815	3849.751343
13375.46149981234	5903.401147909895	5.006519749131003	3850.751343
13387.28019642176	5908.409201953129	5.00958854299928	3851.751343
13399.106715939408	5913.420325407266	5.012658570980783	3852.751343
13410.94106179979	5918.434519506544	5.015729833326285	3853.751343
13422.783237438183	5923.451785485457	5.018802330286558	3854.751343
13434.633246290603	5928.4721245787405	5.0218760621123755	3855.751343
13446.491091793825	5933.495538021387	5.02495102905451	3856.751343
13458.356777385376	5938.522027048638	5.028027231363733	3857.751343
13470.230306503532	5943.551592895987	5.031104669290819	3858.751343
13482.111682587318	5948.584236799176	5.0341833430865375	3859.751343
13494.000909076523	5953.6199599942	5.037263253001664	3860.751343
13505.897989411678	5958.6587637173025	5.040344399286969	3861.751343
13517.802927034078	5963.70064920498	5.043426782193228	3862.751343
13529.715725385753	5968.74561769398	5.04651040197121	3863.751343
13541.636387909497	5973.793670421296	5.049595258871689	3864.751343
13553.564918048854	5978.8448086241815	5.052681353145438	3865.751343
13565.501319248116	5983.8990335401295	5.055768685043228	3866.751343
13577.445594952338	5988.956346406892	5.058857254815832	3867.751343
13589.39774860732	5994.01674846247	5.061947062714025	3868.751343
13601.357783659614	5999.0802409451135	5.065038108988577	3869.751343
13613.325703556524	6004.146825093323	5.068130393890261	3870.751343
13625.30151174611	6009.216502145852	5.071223917669849	3871.751343
13637.285211677176	6014.289273341705	5.074318680578115	3872.751343
13649.276806799295	6019.365139920136	5.07741468286583	3873.751343
13661.276300562771	6024.444103120646	5.080511924783768	3874.751343
13673.283696418684	6029.526164182996	5.083610406582701	3875.751343
13685.29899781884	6034.611324347189	5.086710128513401	3876.751343
13697.322208215815	6039.699584853483	5.0898110908266405	3877.751343
13709.353331062941	6044.790946942387	5.092913293773194	3878.751343
13721.392369814279	6049.885411854658	5.09601673760383	3879.751343
13733.439327924672	6054.982980831306	5.0991214225693255	3880.751343
13745.494208849697	6060.083655113593	5.102227348920451	3881.751343
13757.557016045681	6065.187435943026	5.105334516907978	3882.751343
13769.627752969713	6070.294324561371	5.10844292678268	3883.751343
13781.706423079639	6075.404322210638	5.111552578795331	3884.751343
13793.793029834036	6080.51743013309	5.114663473196702	3885.751343
13805.887576692247	6085.633649571244	5.117775610237563	3886.751343
13817.990067114379	6090.7529817678615	5.120888990168691	3887.751343
13830.100504561276	6095.8754279659615	5.124003613240858	3888.751343
13842.218892494535	6101.000989408808	5.1271194797048345	3889.751343
13854.345234376498	6106.129667339918	5.1302365898113935	3890.751343
13866.479533670285	6111.261463003063	5.133354943811308	3891.751343
13878.62179383974	6116.396377642257	5.136474541955351	3892.751343
13890.772018349482	6121.534412501771	5.139595384494292	3893.751343
13902.930210664867	6126.6755688261255	5.142717471678909	3894.751343
13915.096374252007	6131.819847860095	5.14584080375997	3895.751343
13927.270512577768	6136.967250848695	5.1489653809882485	3896.751343
13939.452629109772	6142.117779037204	5.152091203614519	3897.751343
13951.642727316383	6147.27143367114	5.1552182718895505	3898.751343
13963.840810666732	6152.428215996282	5.15834658606412	3899.751343
13976.046882630682	6157.588127258653	5.1614761463889955	3900.751343
13988.260946678882	6162.751168704527	5.164606953114953	3901.751343
14000.48300628269	6167.9173415804335	5.167739006492765	3902.751343
14012.71306491424	6173.086647133148	5.170872306773201	3903.751343
14024.951126046431	6178.259086609698	5.174006854207036	3904.751343
14037.197193152882	6183.434661257362	5.177142649045041	3905.751343
14049.451269707992	6188.613372323673	5.18027969153799	3906.751343
14061.713359186902	6193.795221056407	5.183417981936654	3907.751343
14073.983465065505	6198.980208703598	5.1865575204918075	3908.751343
14086.26159082044	6204.168336513526	5.189698307454221	3909.751343
14098.547739929116	6209.359605734726	5.1928403430746695	3910.751343
14110.841915869682	6214.554017615979	5.1959836276039235	3911.751343
14123.144122121026	6219.75157340632	5.199128161292755	3912.751343
14135.454362162818	6224.952274355034	5.202273944391937	3913.751343
14147.772639475465	6230.156121711658	5.205420977152245	3914.751343
14160.09895754012	6235.363116725976	5.208569259824447	3915.751343
14172.4333198387	6240.573260648028	5.211718792659319	3916.751343
14184.775729853865	6245.786554728099	5.214869575907633	3917.751343
14197.12619106904	6251.003000216731	5.218021609820159	3918.751343
14209.48470696838	6256.222598364711	5.221174894647672	3919.751343
14221.851281036823	6261.445350423082	5.224329430640943	3920.751343
14234.225916760035	6266.671257643133	5.227485218050747	3921.751343
14246.608617624433	6271.9003212764055	5.230642257127854	3922.751343
14258.999387117208	6277.1325425746945	5.233800548123037	3923.751343
14271.398228726286	6282.367922790041	5.236960091287069	3924.751343
14283.80514594035	6287.606463174741	5.240120886870724	3925.751343
14296.220142248838	6292.848164981339	5.243282935124771	3926.751343
14308.643221141934	6298.0930294626305	5.2464462362999855	3927.751343
14321.074386110575	6303.341057871662	5.2496107906471385	3928.751343
14333.513640646466	6308.592251461733	5.252776598417005	3929.751343
14345.960988242028	6313.8466114863895	5.255943659860353	3930.751343
14358.416432390484	6319.104139199429	5.25911197522796	3931.751343
14370.879976585768	6324.3648358549035	5.2622815447705955	3932.751343
14383.351624322584	6329.628702707112	5.265452368739032	3933.751343
14395.83137909639	6334.895741010607	5.268624447384044	3934.751343
14408.319244403387	6340.165952020187	5.271797780956401	3935.751343
14420.815223740534	6345.439336990912	5.274972369706878	3936.751343
14433.319320605544	6350.715897178078	5.278148213886248	3937.751343
14445.831538496874	6355.995633837244	5.281325313745281	3938.751343
14458.351880913757	6361.278548224212	5.284503669534752	3939.751343
14470.880351356138	6366.564641595041	5.287683281505433	3940.751343
14483.416953324748	6371.853915206034	5.290864149908094	3941.751343
14495.961690321063	6377.1463703137515	5.294046274993511	3942.751343
14508.514565847296	6382.4420081749995	5.297229657012455	3943.751343
14521.075583406437	6387.740830046838	5.300414296215698	3944.751343
14533.644746502207	6393.0428371865755	5.303600192854014	3945.751343
14546.222058639098	6398.348030851774	5.306787347178175	3946.751343
14558.807523322323	6403.6564123002445	5.309975759438952	3947.751343
14571.401144057889	6408.967982790048	5.31316542988712	3948.751343
14584.002924352524	6414.282743579498	5.316356358773449	3949.751343
14596.61286771372	6419.600695927156	5.319548546348714	3950.751343
14609.230977649722	6424.921841091842	5.322741992863685	3951.751343
14621.857257669519	6430.246180332615	5.325936698569135	3952.751343
14634.491711282875	6435.573714908794	5.32913266371584	3953.751343
14647.134342000283	6440.904446079945	5.33232988855457	3954.751343
14659.78515333298	6446.238375105883	5.335528373336095	3955.751343
14672.444148792993	6451.5755032466805	5.338728118311192	3956.751343
14685.111331893064	6456.915831762654	5.3419291237306314	3957.751343
14697.786706146708	6462.2593619143745	5.345131389845186	3958.751343
14710.470275068194	6467.60609496266	5.348334916905627	3959.751343
14723.162042172518	6472.956032168584	5.351539705162729	3960.751343
14735.862010975467	6478.309174793468	5.354745754867264	3961.751343
14748.570184993545	6483.665524098886	5.357953066270005	3962.751343
14761.286567744026	6489.025081346658	5.361161639621722	3963.751343
14774.011162744935	6494.38784779886	5.36437147517319	3964.751343
14786.74397351504	6499.75382471782	5.367582573175179	3965.751343
14799.48500357389	6505.123013366111	5.370794933878466	3966.751343
14812.234256441745	6510.495415006561	5.37400855753382	3967.751343
14824.991735639642	6515.871030902247	5.377223444392014	3968.751343
14837.757444689367	6521.2498623164975	5.380439594703821	3969.751343
14850.531387113468	6526.6319105128905	5.3836570087200135	3970.751343
14863.31356643522	6532.017176755256	5.386875686691365	3971.751343
14876.103986178668	6537.405662307675	5.390095628868646	3972.751343
14888.902649868614	6542.797368434479	5.393316835502631	3973.751343
14901.709561030588	6548.19229640025	5.396539306844091	3974.751343
14914.524723190905	6553.590447469819	5.399763043143799	3975.751343
14927.348139876609	6558.991822908272	5.402988044652528	3976.751343
14940.179814615509	6564.396423980945	5.40621431162105	3977.751343
14953.019750936148	6569.804251953419	5.4094418443001375	3978.751343
14965.867952367851	6575.215308091531	5.412670642940563	3979.751343
14978.724422440668	6580.6295936613715	5.415900707793101	3980.751343
14991.589164685402	6586.047109929273	5.41913203910852	3981.751343
15004.462182633644	6591.467858161825	5.422364637137596	3982.751343
15017.343479817691	6596.89183962587	5.425598502131101	3983.751343
15030.233059770622	6602.319055588494	5.4288336343398065	3984.751343
15043.130926026257	6607.749507317038	5.432070034014486	3985.751343
15056.037082119166	6613.183196079093	5.435307701405911	3986.751343
15068.951531584671	6618.620123142505	5.438546636764854	3987.751343
15081.87427795887	6624.060289775363	5.44178684034209	3988.751343
15094.805324778577	6629.503697246012	5.445028312388387	3989.751343
15107.744675581385	6634.950346823047	5.448271053154523	3990.751343
15120.692333905627	6640.40023977531	5.451515062891265	3991.751343
15133.648303290389	6645.853377371904	5.45476034184939	3992.751343
15146.61258727551	6651.309760882168	5.458006890279668	3993.751343
15159.58518940158	6656.769391575704	5.461254708432871	3994.751343
15172.566113209963	6662.232270722358	5.464503796559775	3995.751343
15185.555362242734	6667.698399592231	5.467754154911149	3996.751343
15198.552940042755	6673.167779455672	5.471005783737767	3997.751343
15211.558850153626	6678.640411583281	5.474258683290402	3998.751343
15224.573096119702	6684.1162972459115	5.477512853819826	3999.751343
15237.595681486086	6689.5954377146645	5.480768295576811	4000.751343
15250.626609798639	6695.077834260891	5.4840250088121305	4001.751343
15263.665884603975	6700.563488156198	5.487282993776557	4002.751343