9.742712e-8	7.78799e-13	1.047129e-10	930.428808666363
9.969651e-8	8.092866e-13	1.0715190000000001e-10	930.4297850677403
1.020188e-7	8.409501e-13	1.096478e-10	930.4303501766565
1.043951e-7	8.73834e-13	1.1220180000000002e-10	930.4304728979391
1.068268e-7	9.079846e-13	1.148154e-10	930.4301338026083
1.093151e-7	9.434498e-13	1.174898e-10	930.4300752048265
1.118614e-7	9.802794e-13	1.202264e-10	930.4310890070733
1.14467e-7	1.018525e-12	1.230269e-10	930.4308124889759
1.171333e-7	1.05824e-12	1.258925e-10	930.4315844073315
1.198618e-7	1.09948e-12	1.28825e-10	930.4319773335923
1.226537e-7	1.142303e-12	1.318257e-10	930.4319438698221
1.255107e-7	1.186768e-12	1.348963e-10	930.4323896800727
1.284343e-7	1.232937e-12	1.380384e-10	930.4333644623524
1.314259e-7	1.280874e-12	1.412538e-10	930.4328865772108
1.344873e-7	1.330647e-12	1.4454399999999998e-10	930.4338516091987
1.376199e-7	1.382322e-12	1.479108e-10	930.4343044726957
1.408255e-7	1.435974e-12	1.513561e-10	930.4344917317505
1.441058e-7	1.491674e-12	1.548817e-10	930.4345941063405
1.474625e-7	1.549501e-12	1.584893e-10	930.435363781656
1.508974e-7	1.609534e-12	1.62181e-10	930.4358065001448
1.544122e-7	1.671855e-12	1.6595870000000001e-10	930.4355351964074
1.58009e-7	1.736551e-12	1.698244e-10	930.4360065514733
1.616896e-7	1.80371e-12	1.737801e-10	930.43682049901
1.654558e-7	1.873423e-12	1.7782789999999997e-10	930.4370878979058
1.693098e-7	1.945787e-12	1.8197010000000002e-10	930.4371750468895
1.732536e-7	2.0209e-12	1.862087e-10	930.4378415186832
1.772893e-7	2.098865e-12	1.905461e-10	930.4383499058758
1.814189e-7	2.179788e-12	1.9498450000000002e-10	930.4384696629733
1.856447e-7	2.263778e-12	1.9952619999999999e-10	930.4390289495815
1.89969e-7	2.350951e-12	2.041738e-10	930.4394146114731
1.94394e-7	2.441423e-12	2.089296e-10	930.4399253289146
1.989221e-7	2.535318e-12	2.1379620000000003e-10	930.4404630110357
2.035557e-7	2.632763e-12	2.187762e-10	930.4409381047847
2.082971e-7	2.733888e-12	2.238721e-10	930.441238046188
2.131491e-7	2.838831e-12	2.290868e-10	930.4418186949225
2.18114e-7	2.947732e-12	2.344229e-10	930.4421527589667
2.231946e-7	3.060738e-12	2.398833e-10	930.4426808285529
2.2839360000000003e-7	3.178e-12	2.454709e-10	930.4433967529349
2.337136e-7	3.299676e-12	2.511886e-10	930.443896243699
2.391576e-7	3.425927e-12	2.570396e-10	930.4442814531302
2.447283e-7	3.556923e-12	2.630268e-10	930.4445665726839
2.504289e-7	3.692838e-12	2.691535e-10	930.4452397535234
2.562622e-7	3.833852e-12	2.754229e-10	930.445630526728
2.622314e-7	3.980154e-12	2.818383e-10	930.4462174019641
2.683397e-7	4.131936e-12	2.884032e-10	930.4467909371325
2.745902e-7	4.289401e-12	2.951209e-10	930.4474518781965
2.809863e-7	4.452756e-12	3.019952e-10	930.4477447191213
2.875314e-7	4.622216e-12	3.090295e-10	930.448459503057
2.94229e-7	4.798006e-12	3.162278e-10	930.4488663109314
3.010826e-7	4.980355e-12	3.2359370000000006e-10	930.4494505146422
3.080958e-7	5.169504e-12	3.3113109999999996e-10	930.4501132753766
3.152724e-7	5.3657e-12	3.3884420000000004e-10	930.4505306568625
3.226162e-7	5.5692e-12	3.4673690000000003e-10	930.4512130090568
3.30131e-7	5.780271e-12	3.548134e-10	930.4518382648456
3.378209e-7	5.999186e-12	3.6307810000000007e-10	930.4524265881088
3.456899e-7	6.226231e-12	3.715352e-10	930.4532282028728
3.537422e-7	6.461702e-12	3.801894e-10	930.4537730457502
3.619821e-7	6.705902e-12	3.890451e-10	930.4546077100059
3.704139e-7	6.95915e-12	3.9810719999999997e-10	930.4550612247153
3.790421e-7	7.221772e-12	4.0738029999999993e-10	930.4556989427324
3.878713e-7	7.494107e-12	4.168694e-10	930.456382999088
3.969062e-7	7.776505e-12	4.265795e-10	930.4572219363565
4.061515e-7	8.069331e-12	4.365158e-10	930.4578879641928
4.156121e-7	8.372959e-12	4.466836e-10	930.4583220852522
4.252932e-7	8.68778e-12	4.570882e-10	930.4591275381862
4.351997e-7	9.014195e-12	4.677351000000001e-10	930.459814102042
4.453371e-7	9.352621e-12	4.786301e-10	930.4606054257767
4.557105e-7	9.703489e-12	4.897788e-10	930.4612684113728
4.6632559999999994e-7	1.006725e-11	5.011871999999999e-10	930.4620454193562
4.77188e-7	1.044435e-11	5.128614e-10	930.4627806849962
4.883034e-7	1.083529e-11	5.248075e-10	930.4635228917269
4.996777e-7	1.124055e-11	5.370318e-10	930.4643422419305
5.113169e-7	1.166065e-11	5.495409e-10	930.4649765831806
5.232273e-7	1.209611e-11	5.623413e-10	930.465886304278
5.354151e-7	1.254748e-11	5.754399000000001e-10	930.4666698989764
5.478868e-7	1.301533e-11	5.888436999999999e-10	930.4673130238125
5.606491e-7	1.350025e-11	6.025595999999999e-10	930.4682893609197
5.737086e-7	1.400285e-11	6.16595e-10	930.469113194236
5.870723e-7	1.452374e-11	6.309573e-10	930.4699759238857
6.007473e-7	1.506358e-11	6.456542e-10	930.4707745725187
6.147409e-7	1.562305e-11	6.606934000000001e-10	930.4717181222031
6.290604e-7	1.620283e-11	6.760829999999999e-10	930.4724461789453
6.437135e-7	1.680365e-11	6.918309999999999e-10	930.4733434176845
6.587079e-7	1.742624e-11	7.079458e-10	930.4742343834796
6.740516e-7	1.807139e-11	7.244359999999999e-10	930.4751163525833
6.897527e-7	1.873987e-11	7.413102e-10	930.4761216964235
7.058195e-7	1.943253e-11	7.585775999999999e-10	930.4768985137447
7.222606e-7	2.01502e-11	7.762471000000001e-10	930.4778725743387
7.390847e-7	2.089377e-11	7.943281999999999e-10	930.4788546724138
7.563007e-7	2.166414e-11	8.128305e-10	930.4798037721271
7.739177e-7	2.246226e-11	8.317638000000001e-10	930.4806992802523
7.919451e-7	2.32891e-11	8.51138e-10	930.4817657066186
8.103925e-7	2.414567e-11	8.709636e-10	930.482795917074
8.292695e-7	2.5033e-11	8.912509e-10	930.4838098901218
8.485863e-7	2.595218e-11	9.120107999999999e-10	930.4848716484498
8.68353e-7	2.690431e-11	9.332542999999998e-10	930.4858325431771
8.885802e-7	2.789054e-11	9.549926e-10	930.486886013567
9.092785e-7	2.891207e-11	9.772372e-10	930.4879225535009
9.304590000000001e-7	2.997011e-11	1.0000000000000003e-9	930.48897011
9.521329e-7	3.106595e-11	1.023293e-9	930.4900609600573
9.743117e-7	3.220089e-11	1.047129e-9	930.4907999778443
9.970071e-7	3.33763e-11	1.071519e-9	930.4925776397806
1.020231e-6	3.459357e-11	1.096478e-9	930.4934468087824
1.043996e-6	3.585415e-11	1.122018e-9	930.4947462072801
1.068315e-6	3.715955e-11	1.148154e-9	930.4955254695799
1.0932e-6	3.851132e-11	1.174898e-9	930.4965293327591
1.118665e-6	3.991105e-11	1.202264e-9	930.4985519403393
1.144723e-6	4.13604e-11	1.230269e-9	930.4992326068526
1.171388e-6	4.286109e-11	1.2589250000000002e-9	930.5009123577655
1.198674e-6	4.441488e-11	1.28825e-9	930.5013893887057
1.226596e-6	4.60236e-11	1.3182569999999998e-9	930.5029471491522
1.255168e-6	4.768913e-11	1.348963e-9	930.5041644062884
1.284406e-6	4.941343e-11	1.380384e-9	930.5058689683452
1.314324e-6	5.119851e-11	1.412538e-9	930.5060809054341
1.34494e-6	5.304646e-11	1.4454400000000001e-9	930.5076976284039
1.376269e-6	5.495944e-11	1.479108e-9	930.5094417987057
1.408328e-6	5.693966e-11	1.513561e-9	930.51085464015
1.441133e-6	5.898942e-11	1.548817e-9	930.5114738668287
1.474703e-6	6.11111e-11	1.584893e-9	930.5133602710088
1.509055e-6	6.330715e-11	1.62181e-9	930.5148612661162
1.544207e-6	6.558011e-11	1.659587e-9	930.5161947580934
1.580177e-6	6.79326e-11	1.6982440000000002e-9	930.5170120430279
1.616986e-6	7.036732e-11	1.7378010000000003e-9	930.5187229838168
1.654652e-6	7.288706e-11	1.778279e-9	930.520400375869
1.693196e-6	7.549472e-11	1.819701e-9	930.5218245854677
1.732637e-6	7.819327e-11	1.8620869999999998e-9	930.523221133062
1.772997e-6	8.098581e-11	1.905461e-9	930.5244168261643
1.814298e-6	8.38755e-11	1.949845e-9	930.5262087499264
1.85656e-6	8.686564e-11	1.995262e-9	930.5278533044784
1.8998069999999998e-6	8.995962e-11	2.041738e-9	930.5292645873271
1.944061e-6	9.316096e-11	2.089296e-9	930.5307438295005
1.989346e-6	9.647326e-11	2.1379620000000006e-9	930.5321952682041
2.035687e-6	9.990029e-11	2.187762e-9	930.5339887474048
2.083106e-6	1.034459e-10	2.238721e-9	930.5355360940467
2.13163e-6	1.071141e-10	2.290868e-9	930.536859434939
2.181285e-6	1.109089e-10	2.344229e-9	930.5387438257952
2.232096e-6	1.148347e-10	2.398833e-9	930.5403230237371
2.284091e-6	1.188959e-10	2.454709e-9	930.5420299921495
2.337297e-6	1.230969e-10	2.511886e-9	930.5438610271327
2.391743e-6	1.274425e-10	2.5703959999999997e-9	930.545504467016
2.447457e-6	1.319375e-10	2.630268e-9	930.5473577217227
2.504468e-6	1.365869e-10	2.691535e-9	930.5487712030496
2.562808e-6	1.413959e-10	2.754229e-9	930.5505809066713
2.622507e-6	1.463698e-10	2.818383e-9	930.5525082290093
2.683597e-6	1.515141e-10	2.8840319999999994e-9	930.5543468657769
2.746109e-6	1.568345e-10	2.9512089999999995e-9	930.5562006960538
2.810078e-6	1.623369e-10	3.019952e-9	930.5579482389123
2.875537e-6	1.680272e-10	3.0902949999999996e-9	930.5600362424946
2.942521e-6	1.739118e-10	3.162278e-9	930.5617380255626
3.011065e-6	1.799971e-10	3.235937e-9	930.5635422135845
3.081206e-6	1.862899e-10	3.311311e-9	930.5656550834398
3.152981e-6	1.927969e-10	3.388442e-9	930.5674398145223
3.226428e-6	1.995252e-10	3.467369e-9	930.5694101781495
3.301586e-6	2.064823e-10	3.548134e-9	930.5715292319851
3.378494e-6	2.136757e-10	3.630781e-9	930.5732501354393
3.457195e-6	2.211132e-10	3.7153519999999994e-9	930.575652912564
3.537728e-6	2.288028e-10	3.801894e-9	930.5774445052913
3.620138e-6	2.36753e-10	3.890451e-9	930.579707339843
3.704468e-6	2.449722e-10	3.981072e-9	930.5817559190086
3.790762e-6	2.534695e-10	4.073803e-9	930.5838965458075
3.879066e-6	2.622538e-10	4.168694e-9	930.5859949902775
3.969427e-6	2.713348e-10	4.265795000000001e-9	930.5881634724594
4.061893e-6	2.807222e-10	4.365158e-9	930.5903067426196
4.156514e-6	2.90426e-10	4.466836e-9	930.5925773858721
4.253338e-6	3.004567e-10	4.570882e-9	930.5946766291495
4.352418e-6	3.108249e-10	4.677351e-9	930.5970034962097
4.453806e-6	3.215419e-10	4.786301e-9	930.599129035136
4.538835e-6	3.306119e-10	4.877671e-9	930.6010208355586
4.675023e-6	3.30612e-10	5.024015000107458e-9	930.601045558184
4.772363e-6	3.407815e-10	5.128614e-9	930.6030404120879
4.883534e-6	3.525066e-10	5.248075000000001e-9	930.6053184453347
4.997294e-6	3.646249e-10	5.370318e-9	930.6075775959636
5.113705e-6	3.771492e-10	5.4954089999999994e-9	930.6099235197962
5.232827e-6	3.900928e-10	5.623413e-9	930.6122621262211
5.354725e-6	4.034695e-10	5.754399e-9	930.6147296181581
5.479462e-6	4.172934e-10	5.888437e-9	930.6169520706429
5.607105e-6	4.31579e-10	6.025596000000001e-9	930.6194074411893
5.737721e-6	4.463415e-10	6.16595e-9	930.6217762875144
5.871381e-6	4.615965e-10	6.309573e-9	930.6244014452324
6.008154e-6	4.773598e-10	6.456542e-9	930.6268525473853
6.148113e-6	4.936482e-10	6.606933999999999e-9	930.6293430810722
6.291332e-6	5.104787e-10	6.76083e-9	930.631664854759
6.437888e-6	5.278688e-10	6.918310000000001e-9	930.634196617382
6.587859e-6	5.458369e-10	7.079458e-9	930.6368986015597
6.741322e-6	5.644017e-10	7.24436e-9	930.6393389754237
6.898361e-6	5.835826e-10	7.413102e-9	930.642068947655
7.059059e-6	6.033995e-10	7.585776e-9	930.6447223725035
7.2235e-6	6.238732e-10	7.762471e-9	930.6474540387977
7.391771e-6	6.450248e-10	7.943282e-9	930.6500795011433
7.563963e-6	6.668763e-10	8.128305e-9	930.6528084637573
7.740166e-6	6.894505e-10	8.317637999999998e-9	930.6554878320024
7.920474e-6	7.127707e-10	8.51138e-9	930.6583386830338
8.104983e-6	7.36861e-10	8.709636e-9	930.6611505922866
8.293789e-6	7.617464e-10	8.912509e-9	930.6639405805929
8.486994e-6	7.874525e-10	9.120108e-9	930.6667697904454
8.684701e-6	8.140058e-10	9.332543e-9	930.669701259346
8.887013e-6	8.414337e-10	9.549926e-9	930.6725972222193
9.094038e-6	8.697645e-10	9.772371999999998e-9	930.6755580426126
9.305886e-6	8.990271e-10	1.e-8	930.67850271
9.522669e-6	9.292518e-10	1.023293e-8	930.6814618882372
9.744502e-6	9.604694e-10	1.047129e-8	930.6840388720016
9.971504e-6	9.927119e-10	1.071519e-8	930.6878097261924
0.00001020379	1.026012e-9	1.0964780000000002e-8	930.6904481439664
0.00001044149	1.060405e-9	1.1220179999999998e-8	930.6936613316362
0.00001068473	1.095924e-9	1.148154e-8	930.6962240256969
0.00001093364	1.132607e-9	1.174898e-8	930.6997379346973
0.00001118834	1.170491e-9	1.202264e-8	930.7032807270284
0.00001144898	1.209614e-9	1.230269e-8	930.7061800305462
0.00001171569	1.250016e-9	1.258925e-8	930.7099323629286
0.00001198861	1.291738e-9	1.28825e-8	930.7123413933631
0.00001226789	1.334822e-9	1.318257e-8	930.7156967116427
0.00001255368	1.379313e-9	1.3489630000000002e-8	930.7193238806401
0.00001284613	1.425255e-9	1.3803840000000001e-8	930.7232809855808
0.00001314539	1.472695e-9	1.4125379999999998e-8	930.7263022304534
0.00001345162	1.52168e-9	1.44544e-8	930.729859419969
0.00001376498	1.57226e-9	1.479108e-8	930.733405539014
0.00001408565	1.624487e-9	1.513561e-8	930.7371481559052
0.00001441378	1.678413e-9	1.548817e-8	930.7399397733883
0.00001474956	1.734091e-9	1.584893e-8	930.7438477550221
0.00001509316	1.791579e-9	1.6218099999999996e-8	930.7472255689632
0.00001544477	1.850934e-9	1.6595870000000003e-8	930.7508997117957
0.00001580457	1.912216e-9	1.6982440000000004e-8	930.7544861633544
0.00001617275	1.975486e-9	1.737801e-8	930.7582102899008
0.00001654951	2.040808e-9	1.778279e-8	930.7623161494905
0.00001693504	2.108247e-9	1.819701e-8	930.7654525111543
0.00001732956	2.17787e-9	1.8620870000000003e-8	930.7695005657631
0.00001773327	2.249748e-9	1.9054609999999996e-8	930.7731697473735
0.00001814639	2.323952e-9	1.949845e-8	930.7772644492253
0.00001856912	2.400556e-9	1.995262e-8	930.7810481029559
0.00001900171	2.479638e-9	2.041738e-8	930.7849311713843
0.00001944438	2.561274e-9	2.089296e-8	930.7891880327153
0.00001989735	2.645548e-9	2.137962e-8	930.7927618919325
0.00002036089	2.732543e-9	2.187762e-8	930.7969762250191
0.00002083522	2.822346e-9	2.238721e-8	930.801218463578
0.0000213206	2.915045e-9	2.290868e-8	930.8050505310651
0.00002181729	3.010733e-9	2.344229e-8	930.8092653490764
0.00002232555	3.109505e-9	2.398833e-8	930.8134207341653
0.00002284565	3.211459e-9	2.4547090000000004e-8	930.8175208955521
0.00002337787	3.316696e-9	2.5118860000000003e-8	930.8219678759307
0.00002392249	3.42532e-9	2.5703959999999997e-8	930.8260408123884
0.0000244798	3.53744e-9	2.6302680000000005e-8	930.8305252544607
0.00002505009	3.653165e-9	2.691535e-8	930.8347528454952
0.00002563367	3.77261e-9	2.754229e-8	930.8391789498985
0.00002623084	3.895894e-9	2.8183830000000005e-8	930.8435331181034
0.00002684193	4.023137e-9	2.8840320000000005e-8	930.8479634414597
0.00002746725	4.154466e-9	2.9512090000000002e-8	930.852557917789
0.00002810714	4.29001e-9	3.019952e-8	930.8568483869942
0.00002876195	4.429903e-9	3.090295e-8	930.8619372260578
0.000029432	4.574283e-9	3.162278e-8	930.8661124354026
0.00003011767	4.723291e-9	3.235937e-8	930.8708201364859
0.00003081931	4.877074e-9	3.311311e-8	930.8756282330471
0.0000315373	5.035783e-9	3.388442e-8	930.8802034386305
0.00003227202	5.199575e-9	3.4673690000000004e-8	930.8850478561699
0.00003302385	5.36861e-9	3.548134e-8	930.8898313874276
0.00003379321	5.543054e-9	3.630781000000001e-8	930.8948420188383
0.00003458048	5.723078e-9	3.715352e-8	930.8997661056071
0.0000353861	5.908859e-9	3.801894e-8	930.9046716978434
0.00003621049	6.100579e-9	3.890451e-8	930.9098245678972
0.00003705408	6.298425e-9	3.981072e-8	930.9145482674014
0.00003791733	6.502591e-9	4.073803e-8	930.9196490601042
0.0000388007	6.713277e-9	4.168694e-8	930.9249677956693
0.00003970464	6.930689e-9	4.265795e-8	930.9301241386424
0.00004062964	7.155039e-9	4.3651580000000004e-8	930.9352614269632
0.0000415762	7.386547e-9	4.466836000000001e-8	930.9405258442439
0.00004254481	7.625437e-9	4.570882e-8	930.9458313953413
0.00004353598	7.871944e-9	4.677351000000001e-8	930.9511290471894
0.00004455025	8.126309e-9	4.786301e-8	930.9564172625165
0.00004558815	8.388777e-9	4.897787999999999e-8	930.9618704811234
0.00004665024	8.659607e-9	5.011872e-8	930.9675029011116
0.00004773706	8.93906e-9	5.1286140000000005e-8	930.9727552122268
0.00004884922	9.22741e-9	5.248074999999999e-8	930.9784522896492
0.00004998728	9.524937e-9	5.370317999999999e-8	930.984067181869
0.00005115186	9.831929e-9	5.495409e-8	930.9897030230143
0.00005234357	1.014869e-8	5.623413e-8	930.9954415583561
0.00005356305	1.047552e-8	5.7543990000000006e-8	931.0012308844068
0.00005481094	1.081274e-8	5.888436999999999e-8	931.0068654890932
0.00005608791	1.116067e-8	6.025596e-8	931.0128105170013
0.000057394629999999996	1.151966e-8	6.16595e-8	931.0187345015772
0.00005873179	1.189006e-8	6.309573e-8	931.0246519059214
0.00006010011	1.227221e-8	6.456542e-8	931.0306075605178
0.00006150031	1.26665e-8	6.606934e-8	931.0366427150628
0.00006293314	1.30733e-8	6.76083e-8	931.0426870665287
0.00006439935	1.349302e-8	6.91831e-8	931.0488113426546
0.00006589972	1.392604e-8	7.079457999999999e-8	931.0549768075465
0.00006743505	1.43728e-8	7.24436e-8	931.0611675841619
0.00006900616	1.483373e-8	7.413102e-8	931.0676384865607
0.00007061387	1.530926e-8	7.585776e-8	931.0738843329938
0.00007225904	1.579987e-8	7.762470999999999e-8	931.0803205577195
0.00007394254	1.630602e-8	7.943281999999999e-8	931.0867475182173
0.00007566527	1.682821e-8	8.128305e-8	931.0932378890802
0.00007742814	1.736693e-8	8.317638000000002e-8	931.0997536800711
0.00007923208	1.792272e-8	8.51138e-8	931.1063860384567
0.00008107806	1.849609e-8	8.709636e-8	931.1130349190254
0.00008296705	1.908762e-8	8.912509e-8	931.1198184484302
0.00008490005	1.969786e-8	9.120108000000001e-8	931.1265596854773
0.00008687809	2.03274e-8	9.332543e-8	931.1333191821351
0.00008890223	2.097686e-8	9.549926000000002e-8	931.1402712439865
0.00009097352	2.164686e-8	9.772372e-8	931.1471857600181
0.00009309308	2.233804e-8	9.999999999999998e-8	931.1541804000001
0.00009526202	2.305107e-8	1.0232929999999999e-7	931.1611734859908
0.00009748151	2.378664e-8	1.0471290000000001e-7	931.1679519906335
0.0000997527	2.454544e-8	1.071519e-7	931.1756995442918
0.0001020768	2.532822e-8	1.0964780000000002e-7	931.1826431538069
0.0001044551	2.613572e-8	1.1220180000000002e-7	931.1903705644651
0.0001068888	2.696873e-8	1.148154e-7	931.1971105792429
0.0001093792	2.782803e-8	1.174898e-7	931.2044792824568
0.0001119276	2.871447e-8	1.202264e-7	931.2123998556058
0.0001145354	2.962888e-8	1.230269e-7	931.2193421113595
0.000117204	3.057214e-8	1.2589249999999996e-7	931.2276119705305
0.0001199348	3.154517e-8	1.28825e-7	931.2349712400544
0.0001227291	3.254889e-8	1.318257e-7	931.242154526773
0.0001255886	3.358427e-8	1.348963e-7	931.2500362871333
0.0001285148	3.465231e-8	1.3803839999999998e-7	931.2586375240514
0.0001315091	3.575401e-8	1.412538e-7	931.265948314311
0.0001345732	3.689045e-8	1.44544e-7	931.2741480102943
0.0001377086	3.806271e-8	1.479108e-7	931.281980152903
0.0001409172	3.927191e-8	1.513561e-7	931.2903273141949
0.0001442005	4.051922e-8	1.548817e-7	931.2980114500293
0.0001475603	4.180582e-8	1.584893e-7	931.3064403716844
0.0001509984	4.313295e-8	1.62181e-7	931.314598812438
0.0001522496	4.361852e-8	1.6352440000000002e-7	931.3180083216938
0.0001581168	4.397829e-8	1.698244e-7	931.3195176311532
0.0001618009	4.537383e-8	1.7378009999999998e-7	931.3280049326708
0.0001655708	4.681333e-8	1.778279e-7	931.336496297825
0.0001694285	4.829814e-8	1.8197010000000003e-7	931.3442051194124
0.0001733762	4.982969e-8	1.862087e-7	931.3529909719579
0.0001774158	5.140945e-8	1.905461e-7	931.3610168352959
0.0001815496	5.303892e-8	1.949845e-7	931.3696161489759
0.0001857796	5.471966e-8	1.995262e-7	931.378032859845
0.0001901083	5.645329e-8	2.0417380000000003e-7	931.3866582783883
0.0001945378	5.824145e-8	2.089296e-7	931.3952711822548
0.0001990706	6.008585e-8	2.1379619999999998e-7	931.4042337983557
0.000203709	6.198825e-8	2.1877620000000004e-7	931.4129610533503
0.0002084554	6.395048e-8	2.238721e-7	931.421782705393
0.0002133125	6.597441e-8	2.290868e-7	931.4306822130301
0.0002182827	6.806196e-8	2.3442290000000002e-7	931.4395562890827
0.0002233688	7.021512e-8	2.398833e-7	931.4488133188096
0.0002285734	7.243597e-8	2.454709e-7	931.458009768164
0.0002338992	7.47266e-8	2.511886e-7	931.4671390341758
0.0002393492	7.708921e-8	2.570396e-7	931.4762752898774
0.0002449262	7.952605e-8	2.630268e-7	931.4857879501252
0.0002506332	8.203945e-8	2.691535e-7	931.4953714144532
0.0002564731	8.463179e-8	2.754229e-7	931.5047216117468
0.0002624491	8.730556e-8	2.818383e-7	931.5142958213982
0.0002685644	9.006329e-8	2.884032e-7	931.5238641249474
0.0002748222	9.290762e-8	2.951209e-7	931.5338480602355
0.0002812258	9.584125e-8	3.019952e-7	931.5434193987189
0.0002877787	9.886699e-8	3.090295e-7	931.5536768819806
0.0002944843	1.019877e-7	3.1622779999999993e-7	931.5635364759203
0.0003013461	1.052064e-7	3.235937e-7	931.5734713005846
0.0003083678	1.085261e-7	3.311311e-7	931.5836721467721
0.0003155532	1.119499e-7	3.388442e-7	931.5937823341818
0.000322906	1.154813e-7	3.4673689999999997e-7	931.603995132909
0.0003304302	1.191234e-7	3.548134e-7	931.6145427427488
0.0003381298	1.228797e-7	3.630781e-7	931.6251233550028
0.0003460087	1.267539e-7	3.715352e-7	931.6356940069205
0.0003540713	1.307497e-7	3.801894e-7	931.646304973258
0.0003623218	1.348707e-7	3.890451e-7	931.6572055527752
0.0003707645	1.39121e-7	3.9810719999999996e-7	931.6677040756862
0.000379404	1.435046e-7	4.073803e-7	931.6785927056364
0.0003882449	1.480256e-7	4.1686939999999994e-7	931.6896985002976
0.0003972918	1.526884e-7	4.2657950000000004e-7	931.7008632622992
0.0004065495	1.574974e-7	4.365158e-7	931.7119733123062
0.000416023	1.624571e-7	4.466836e-7	931.7231640024393
0.0004257172	1.675723e-7	4.570882e-7	931.7343398932635
0.0004356374	1.728478e-7	4.677351e-7	931.7458702586143
0.0004457888	1.782886e-7	4.786301e-7	931.7572977545709
0.0004561768	1.839e-7	4.897788e-7	931.7689944930241
0.0004668068	1.896872e-7	5.011872000000001e-7	931.7805546510366
0.0004776847	1.956557e-7	5.128614e-7	931.7924018068038
0.000488816	2.018113e-7	5.248074999999999e-7	931.80415923934
0.0005002068	2.081596e-7	5.370318e-7	931.8162529667703
0.000511863	2.147069e-7	5.495409e-7	931.8281985926798
0.0005237909	2.214592e-7	5.623413e-7	931.8404307135186
0.0005359968	2.28423e-7	5.754399e-7	931.8526973885542
0.0005484872	2.35605e-7	5.888437e-7	931.864949900967
0.0005612686	2.430119e-7	6.025596e-7	931.8772979469582
0.000574348	2.506507e-7	6.165950000000001e-7	931.8898964474249
0.0005877322	2.585287e-7	6.309573e-7	931.9025688426141
0.0006014284	2.666534e-7	6.456542e-7	931.9153401309865
0.0006154438	2.750324e-7	6.606934e-7	931.9282323692048
0.0006297858	2.836738e-7	6.76083e-7	931.9410099055883
0.0006444621	2.925858e-7	6.918309999999999e-7	931.9540260554962
0.0006594805	3.017767e-7	7.079458e-7	931.9672165581036
0.0006748489	3.112553e-7	7.244360000000001e-7	931.9804030997907
0.0006905755	3.210305e-7	7.413102e-7	931.9938272804017
0.0007066687	3.311117e-7	7.585776e-7	932.0072352518714
0.0007231369	3.415085e-7	7.762470999999999e-7	932.0207553754467
0.000739989	3.522305e-7	7.943282000000001e-7	932.0344292195593
0.0007707905	3.569864e-7	8.273756e-7	932.0404014815036
0.0007748804	3.595303e-7	8.317637999999999e-7	932.0433641137063
0.0007929382	3.708164e-7	8.51138e-7	932.0568655141705
0.0008114169	3.824555e-7	8.709635999999999e-7	932.07035919756
0.0008303263	3.944589e-7	8.912509000000001e-7	932.0840617383948
0.0008420832	4.019687e-7	9.038643999999999e-7	932.0924341084792
0.0008694773	4.088093e-7	9.332543e-7	932.0997602689856
0.0008897397	4.216374e-7	9.549926e-7	932.1133351190365
0.0009104744	4.348669e-7	9.772372e-7	932.1270894108411
0.0009316923	4.485103e-7	1.e-6	932.1408103
0.0009534047999999999	4.625804e-7	1.023293e-6	932.154700950754
0.0009756234	4.770906e-7	1.047129e-6	932.1683294035405
0.0009983599	4.920546e-7	1.071519e-6	932.1831480356392
0.001021626	5.074866e-7	1.096478e-6	932.1969858036367
0.001045435	5.234013e-7	1.122018e-6	932.2117838572999
0.001069799	5.398137e-7	1.1481539999999999e-6	932.2258283296492
0.00109473	5.567393e-7	1.174898e-6	932.2398534170626
0.001120243	5.741942e-7	1.2022639999999998e-6	932.2554731739451
0.00114635	5.921948e-7	1.230269e-6	932.2694425365507
0.001173066	6.107583e-7	1.2589250000000002e-6	932.2848925074964
0.001200405	6.299022e-7	1.28825e-6	932.2995553658066
0.001228381	6.496446e-7	1.3182569999999998e-6	932.3149011156398
0.001257009	6.700042e-7	1.348963e-6	932.3302449362956
0.001286304	6.910003e-7	1.3803840000000001e-6	932.3456373733686
0.001316283	7.126527e-7	1.4125380000000002e-6	932.3612198043521
0.00134696	7.34982e-7	1.44544e-6	932.3769800199246
0.001378352	7.580093e-7	1.479108e-6	932.3930431719658
0.001410476	7.817563e-7	1.513561e-6	932.4089060830717
0.001443348	8.062455e-7	1.5488170000000002e-6	932.4240665617693
0.001476987	8.315002e-7	1.584893e-6	932.4405497405818
0.00151141	8.575441e-7	1.62181e-6	932.4566651457322
0.001546636	8.84402e-7	1.6595870000000002e-6	932.4732008626243
0.001582683	9.120992e-7	1.6982439999999998e-6	932.4897359861128
0.00161957	9.406619e-7	1.7378009999999997e-6	932.5064618445956
0.001657316	9.701172e-7	1.7782789999999998e-6	932.523027713874
0.001695943	1.000493e-6	1.8197010000000002e-6	932.5397375722715
0.001735471	1.031818e-6	1.8620869999999998e-6	932.5572961950758
0.001739608	1.03511e-6	1.866524e-6	932.5586544828782
0.00181731	1.051185e-6	1.949845e-6	932.567042508507
0.001859665	1.084093e-6	1.995262e-6	932.5838376113012
0.001903008	1.11803e-6	2.041738e-6	932.6005736289377
0.001947361	1.153027e-6	2.089296e-6	932.6175070454354
0.001992748	1.189118e-6	2.137962e-6	932.6344986487131
0.002039193	1.226336e-6	2.1877619999999994e-6	932.6514200356346
0.002086721	1.264716e-6	2.238721e-6	932.6690177114523
0.002135357	1.304296e-6	2.290868e-6	932.6863424693173
0.002185127	1.345112e-6	2.3442290000000005e-6	932.7041479309399
0.002236057	1.387203e-6	2.398833e-6	932.721953966783
0.002288174	1.430608e-6	2.4547090000000004e-6	932.7397292306338
0.002341506	1.47537e-6	2.511886e-6	932.7578441059826
0.002396082	1.52153e-6	2.5703960000000003e-6	932.7759341362187
0.00245193	1.569131e-6	2.630268e-6	932.7943506137017
0.00250908	1.618219e-6	2.691535e-6	932.812770036429
0.002567562	1.66884e-6	2.7542290000000004e-6	932.8312351659937
0.002627408	1.721042e-6	2.818383e-6	932.850163373821
0.002688649	1.774875e-6	2.8840319999999994e-6	932.8689400811087
0.002751317	1.830388e-6	2.951209e-6	932.8879750637791
0.002815447	1.887635e-6	3.019952e-6	932.9070909074052
0.002881072	1.94667e-6	3.090295e-6	932.9266849928567
0.002948227	2.007549e-6	3.1622780000000004e-6	932.9459803976753
0.003016947	2.070328e-6	3.235937e-6	932.9654217619192
0.00308727	2.135068e-6	3.311311e-6	932.9854755412584
0.003159232	2.201829e-6	3.388442e-6	933.0051477935878
0.003232872	2.270675e-6	3.467369e-6	933.0252058549291
0.003308229	2.34167e-6	3.548134e-6	933.0455585950249
0.003385343	2.414882e-6	3.630781e-6	933.0658836211823
0.003464255	2.49038e-6	3.715352e-6	933.0866577379478
0.003545007	2.568235e-6	3.801894e-6	933.1073499155948
0.003627641	2.648521e-6	3.890451e-6	933.1281954200168
0.003712203	2.731313e-6	3.981072e-6	933.1492404558369
0.003798736	2.81669e-6	4.073803e-6	933.170477315668
0.003887286	2.904733e-6	4.168694e-6	933.191722155668
0.003977901	2.995524e-6	4.265795e-6	933.2132753683661
0.004070629	3.089149e-6	4.365158e-6	933.2349823305365
0.00416552	3.185697e-6	4.466836e-6	933.2569400354076
0.004262622	3.285258e-6	4.570882e-6	933.2787978337661
0.004361989	3.387928e-6	4.677351e-6	933.3011202280951
0.004463673	3.493802e-6	4.786301e-6	933.3234165590504
0.004567728	3.602982e-6	4.897788e-6	933.346029268723
0.00467421	3.715569e-6	5.011872000000001e-6	933.368922630107
0.004783174	3.83167e-6	5.128614e-6	933.3916863308489
0.004894679	3.951396e-6	5.2480750000000006e-6	933.4147084407139
0.005008784	4.074858e-6	5.370318000000001e-6	933.4379934298116
0.00512555	4.202174e-6	5.495409e-6	933.4613991424478
0.005245039	4.333463e-6	5.623413e-6	933.4851384737347
0.005367314	4.46885e-6	5.754399000000001e-6	933.5089294294677
0.00549244	4.608463e-6	5.888436999999999e-6	933.5326951787038
0.005620485	4.752432e-6	6.025596e-6	933.5570177622263
0.005751515	4.900895e-6	6.165950000000001e-6	933.5813451292987
0.005885601	5.053992e-6	6.309573000000001e-6	933.6059654116054
0.006022814	5.211866e-6	6.456542e-6	933.6307060342826
0.006163226	5.374667e-6	6.606934e-6	933.655560506583
0.006306914	5.542549e-6	6.76083e-6	933.680709173282
0.006349596	5.592666e-6	6.8065439999999995e-6	933.6880311065352
0.006604413	5.624687e-6	7.079458e-6	933.6926198305013
0.006758382	5.800371e-6	7.24436e-6	933.7170393243848
0.006915942	5.981537e-6	7.413101999999999e-6	933.7418447769908
0.007077177	6.168356e-6	7.5857760000000005e-6	933.7667439692393
0.007242171	6.361006e-6	7.762471e-6	933.7918307198829
0.007411014	6.559667e-6	7.943282e-6	933.8172391462371
0.007583794	6.764527e-6	8.128305e-6	933.8427294497438
0.007760603	6.97578e-6	8.317638e-6	933.8683385836218
0.007941535	7.193624e-6	8.511379999999998e-6	933.8942244383402
0.008126688	7.418266e-6	8.709636e-6	933.9203459249043
0.008316158	7.649917e-6	8.912509000000001e-6	933.9466492544357
0.008510047	7.888797e-6	9.120108e-6	933.9731280594484
0.008708458	8.13513e-6	9.332543e-6	933.999782267277
0.008911497	8.389149e-6	9.549926e-6	934.0267295264908
0.009119271	8.651094e-6	9.772372e-6	934.053891317277
0.00933189	8.921211e-6	0.00001	934.0811211
0.009549469	9.199757e-6	0.00001023293	934.1086821663004
0.009772122	9.486993e-6	0.00001047129	934.1360035869504
0.009999969	9.783191e-6	0.000010715190000000001	934.1646943264655
0.01023313	0.00001008863	0.00001096478	934.1928091580496
0.01047173	0.0000104036	0.00001122018	934.2215187278636
0.01071589	0.0000107284	0.00001148154	934.2490989884633
0.01096575	0.00001106332	0.00001174898	934.2779815779753
0.01122144	0.0000114087	0.00001202264	934.3079972451973
0.01148309	0.00001176485	0.000012302690000000001	934.3367060374601
0.01175084	0.00001213212	0.00001258925	934.3663935500526
0.01202484	0.00001251084	0.000012882499999999999	934.3955629730254
0.01230523	0.00001290138	0.00001318257	934.4256377929341
0.01259216	0.0000133041	0.000013489630000000003	934.4558820367942
0.01288579	0.00001371938	0.00001380384	934.487025349468
0.01318626	0.00001414762	0.00001412538	934.5169914012932
0.01349374	0.00001458922	0.000014454400000000002	934.5479037524906
0.0138084	0.00001504459	0.00001479108	934.5798001227768
0.01413039	0.00001551417	0.000015135610000000002	934.6107735334089
0.0144599	0.0000159984	0.00001548817	934.6422721341514
0.01479709	0.00001649773	0.00001584893	934.6743111364617
0.01514215	0.00001701264	0.0000162181	934.7064477343215
0.01549526	0.00001754362	0.00001659587	934.7388006775179
0.01561285	0.00001772134	0.00001672167	934.7494203629183
0.01622636	0.00001772535	0.00001737801	934.7494534759734
0.01660474	0.00001827855	0.00001778279	934.7812435506464
0.01699195	0.00001884901	0.00001819701	934.8128626626021
0.01738819	0.00001943727	0.00001862087	934.8450029456195
0.01779367	0.00002004387	0.00001905461	934.8768549972947
0.01820861	0.0000206694	0.00001949845	934.9091543173945
0.01863323	0.00002131444	0.000019952619999999997	934.942099834508
0.01906776	0.0000219796	0.00002041738	934.9749869963726
0.01951243	0.0000226655	0.00002089296	935.0085148298758
0.01996746	0.0000233728	0.00002137962	935.0415395596367
0.02043312	0.00002410216	0.00002187762	935.0753034379425
0.02090964	0.00002485428	0.00002238721	935.1095683651514
0.02139727	0.00002562985	0.000022908679999999995	935.1433539601584
0.02189629	0.00002642961	0.00002344229	935.1782445315708
0.02240694	0.00002725432	0.00002398833	935.2128439120188
0.02292951	0.00002810475	0.00002454709	935.2479153333451
0.02346427	0.00002898171	0.00002511886	935.2833572064974
0.02401151	0.00002988602	0.00002570396	935.3187610002506
0.02457152	0.00003081853	0.00002630268	935.354820497379
0.02514459	0.00003178013	0.000026915349999999996	935.3907762670744
0.02573104	0.00003277172	0.00002754229	935.4273635198816
0.02633116	0.00003379424	0.00002818383	935.4638542738867
0.02694529	0.00003484865	0.000028840319999999997	935.5006688552693
0.02757376	0.00003593595	0.00002951209	935.5384843974113
0.02821688	0.00003705715	0.00003019952	935.5757028588533
0.02887501	0.00003821333	0.00003090295	935.6136980450085
0.0295485	0.00003940557	0.00003162278	935.6516274027774
0.03023771	0.00004063499	0.00003235937	935.6901877261517
0.03094299	0.00004190275	0.00003311311	935.7288623750533
0.03166474	0.00004321006	0.00003388442	935.7678266294656
0.03240333	0.00004455813	0.00003467368999999999	935.8071820449453
0.03315915	0.00004594825	0.00003548134	935.8467929903436
0.03393262	0.00004738172	0.000036307810000000006	935.8868441803568
0.03472413	0.0000488599	0.00003715352	935.9271988226151
0.03553411	0.00005038418	0.00003801894	935.9675514362053
0.03561557	0.00005053811	0.00003810597000000001	935.9716629703953
0.03721117	0.00005064854	0.00003981072	935.9744948094383
0.03807912	0.0000522286	0.00004073803	936.0135627569622
0.03896734	0.00005385794	0.000041686940000000005	936.05330446418
0.03987628	0.00005553809	0.00004265795	936.0932274054426
0.04080643	0.00005727064	0.00004365157999999999	936.1333688265122
0.04175829	0.00005905722	0.00004466836	936.1737753523972
0.04273236	0.00006089952	0.00004570882000000001	936.2144881447387
0.04372916	0.00006279928	0.00004677351	936.2555703003687
0.04474923	0.00006475828	0.00004786301	936.2969081969563
0.04579311	0.00006677837	0.00004897788000000001	936.3387792611684
0.04686135	0.00006886146	0.00005011872	936.3808864232766
0.04795452	0.00007100952	0.00005128614	936.4231646210848
0.0490732	0.00007322456	0.000052480750000000004	936.465743343988
0.05021799	0.00007550868	0.00005370318	936.5087631682146
0.05138951	0.00007786403	0.00005495409	936.5522025749129
0.0543213	0.00007956368	0.00005808442	936.5827132301572
0.05507053	0.00008102877	0.000058884370000000006	936.6077750343596
0.05635521	0.00008355627	0.00006025596	936.6503540894545
0.05766986	0.0000861626	0.0000616595	936.6930091875544
0.05901521	0.0000888502	0.00006309573	936.736292614413
0.06039195	0.00009162162	0.00006456542	936.7796510887716
0.06180083	0.00009447946	0.00006606934	936.8234866581079
0.06324259	0.00009742642	0.00006760830000000001	936.8674618353073
0.064718	0.0001004653	0.0000691831	936.9118368503291
0.06622785	0.0001035989	0.00007079458	936.9565989373764
0.06777295	0.0001068303	0.0000724436	937.0017544683036
0.06935411	0.0001101624	0.00007413101999999999	937.0473035444542
0.0709025	0.0001134499	0.0000757834	937.0911030647873
0.07432237	0.0001161892	0.00007943282	937.12597890897
0.0760563	0.0001198131	0.00008128305	937.1709489247758
0.07783072	0.0001235501	0.00008317637999999999	937.2164321169063
0.07964655	0.0001274036	0.00008511380000000001	937.262272392961
0.08150477	0.0001313772	0.00008709636	937.3083697183213
0.08340637	0.0001354748	0.00008912509	937.3549558266924
0.08535236	0.0001397002	0.00009120108	937.4018399782108
0.08734377	0.0001440573	0.00009332543	937.4489600530103
0.08938168	0.0001485503	0.00009549926000000002	937.4965868845475
0.09146716	0.0001531833	0.00009772372000000001	937.5445725971136
0.09360132	0.0001579609	0.00010000000000000002	937.592809
0.09578532	0.0001628874	0.0001023293	937.6415884795459
0.09802029	0.0001679676	0.00010471289999999999	937.69017570901
0.1003075	0.0001732062	0.0001071519	937.7407792115678
0.1008452	0.0001744436	0.0001077254	937.7513901085538
0.105043	0.0001766863	0.0001122018	937.7718209511792
0.107494	0.0001821968	0.00011481539999999999	937.8201600133781
0.1100021	0.0001878791	0.0001174898	937.8684711353667
0.1125689	0.0001937385	0.0001202264	937.9191134393112
0.1151955	0.0001997807	0.0001230269	937.9678810081374
0.1178835	0.0002060113	0.0001258925	938.0186373294678
0.1206342	0.0002124361	0.000128825	938.06820182418
0.1234492	0.0002190613	0.0001318257	938.1195115975111
0.1263299	0.0002258931	0.00013489629999999998	938.1709735552421
0.1292778	0.0002329379	0.0001380384	938.2225373519253
0.1322946	0.0002402024	0.0001412538	938.2742439495433
0.1353818	0.0002476934	0.000144544	938.3266922182864
0.1385411	0.000255418	0.0001479108	938.3798748975736
0.1417742	0.0002633835	0.0001513561	938.4331619274014
0.1450827	0.0002715973	0.0001548817	938.4859366858708
0.1484686	0.0002800673	0.0001584893	938.5407551172225
0.1519335	0.0002888014	0.000162181	938.5951584957547
0.1554793	0.0002978078	0.00016595869999999998	938.649843605668
0.1580418	0.000304359	0.0001686886	938.6891526754032
0.1666209	0.0003123413	0.0001778279	938.7348177648163
0.1705093	0.0003220817	0.0001819701	938.7881948737733
0.1744886	0.0003321258	0.0001862087	938.8429530951023
0.1785609	0.0003424831	0.0001905461	938.8981621770271
0.1827282	0.0003531634	0.0001949845	938.9534214258057
0.1869928	0.0003641767	0.0001995262	939.0093967609266
0.1913571	0.0003755334	0.00020417380000000001	939.0658027621565
0.1958232	0.0003872442	0.00020892960000000002	939.1222890389873
0.2003937	0.0003993201	0.00021379619999999997	939.1795555767595
0.2050709	0.0004117726	0.0002187762	939.2368667158494
0.2098573	0.0004246134	0.0002238721	939.2948625576836
0.2147556	0.0004378545	0.0002290868	939.3533564570284
0.2195833	0.0004510029	0.00023422600000000003	939.4102401099792
0.2301469	0.0004577091	0.0002454709	939.4376649126231
0.2355185	0.0004719822	0.0002511886	939.4951928550897
0.2410156	0.0004867003	0.00025703960000000007	939.5528949624882
0.2466411	0.0005018774	0.0002630268	939.611390930506
0.2477387	0.0005048519	0.0002641949	939.622800818638
0.252398	0.0005128182	0.0002691535	939.6527193590274
0.2582891	0.0005205402	0.00027542290000000003	939.6809059813108
0.2643176	0.0005274976	0.00028183829999999996	939.7058440957101
0.2704868	0.0005340658	0.0002884032	939.7290522435256
0.2767997	0.0005404122	0.00029512090000000004	939.7508349967759
0.2832599	0.0005466289	0.0003019952	939.7716549799468
0.2898706	0.0005527728	0.0003090295	939.7917441538751
0.2966355	0.0005588853	0.0003162277999999999	939.811064365625
0.3035582	0.0005650021	0.0003235937	939.8304172794464
0.3106422	0.0005711428	0.00033113110000000006	939.8493309749521
0.3178913	0.0005773289	0.0003388442	939.867434354786
0.3253095	0.0005835763	0.0003467369	939.8857643936944
0.3329006	0.0005899026	0.0003548134	939.9039117462869
0.3406687	0.0005963157	0.00036307810000000006	939.9217845967576
0.3486178	0.0006028331	0.0003715352	939.9395618503979
0.3567523	0.0006094621	0.0003801894	939.9571952821411
0.3650764	0.0006162136	0.00038904510000000006	939.9748604981788
0.3735945	0.0006230992	0.0003981072	939.9920403348646
0.3823113	0.0006301256	0.0004073803	940.0096803895525
0.3912312	0.0006373026	0.0004168694	940.0270266898937
0.4003591	0.0006446377	0.0004265795	940.0445584000169
0.4096997	0.0006521454	0.00043651579999999995	940.0618383114655
0.4192582	0.0006598278	0.00044668359999999995	940.079348782897
0.4290394	0.0006677003	0.0004570882	940.0966822158175
0.4390486	0.0006757658	0.00046773510000000003	940.1141068951208
0.4492912	0.0006840339	0.0004786301	940.1315000874371
0.4597726	0.0006925184	0.0004897788	940.1491416124993
0.4814738	0.0007011234	0.0005128614	940.1661411835635
0.4927052	0.0007103862	0.0005248075	940.1839459230289
0.5041984	0.000719897	0.0005370318000000002	940.2018595546855
0.5159596	0.0007296677	0.0005495409000000001	940.2198593407696
0.5279949	0.0007397086	0.0005623413	940.2379099667764
0.5403108	0.0007500283	0.0005754399	940.2560168316447
0.5529139	0.00076064	0.0005888437	940.2742017958244
0.5658108	0.0007715486	0.0006025596	940.2926259908562
0.5790083	0.0007827725	0.000616595	940.311018577835
0.5925135	0.0007943171	0.0006309573	940.3295866455622
0.6063335	0.0008061996	0.0006456542	940.3480990288608
0.6204758	0.0008184282	0.0006606934	940.3669360099557
0.6349477	0.0008310163	0.0006760829999999998	940.3855980700596
0.6497571	0.0008439751	0.000691831	940.4046293097592
0.6649117	0.0008573187	0.0007079458	940.4237142165404
0.6804196	0.0008710643	0.000724436	940.4428607910154
0.696289	0.000885219	0.0007413102	940.4621965271759
0.7125285	0.0008998009	0.0007585776000000001	940.4816341795487
0.7291465	0.000914823	0.0007762470999999999	940.5011922105732
0.746152	0.0009303016	0.0007943282	940.5209353010506
0.763554	0.0009462505	0.0008128305	940.5408021721624
0.7813617	0.0009626869	0.0008317638	940.5607540265639
0.7995845	0.0009796285	0.000851138	940.5808793638635
0.8182323	0.0009970903	0.0008709636	940.6011804626507
0.8373148	0.001015088	0.0008912509	940.6216453750567
0.8568422	0.001033644	0.0009120108	940.6421985353682
0.8768249	0.001052771	0.0009332543	940.6628729168459
0.8972736	0.001072492	0.0009549926	940.6838251940383
0.918199	0.001092826	0.0009772372	940.7049035791924
0.9396123	0.001113792	0.001	940.7260919999999
0.9615248	0.001135411	0.001023293	940.7473822258141
0.9839483000000001	0.001157703	0.001047129	940.7685232669519
1.006895	0.001180692	0.001071519	940.7912430857504
1.030376	0.001204401	0.0010964779999999997	940.8126756761195
1.054405	0.001228849	0.001122018	940.8350391883197
1.078994	0.001254065	0.001148154	940.8564225704914
1.104157	0.001280069	0.001174898	940.8791818523822
1.129906	0.001306894	0.001202264	940.9022427686433
1.16078	0.00132275	0.001235078	940.9144604632257
1.183219	0.001346557	0.001258925	940.9341755863138
1.210811	0.001376049	0.0012882500000000001	940.9563741509802
1.239047	0.001406466	0.0013182569999999998	940.9799955547363
1.267942	0.00143784	0.001348963	941.00419359167
1.29751	0.001470201	0.0013803839999999997	941.0281494134966
1.327767	0.001503579	0.0014125380000000003	941.0511993305665
1.35873	0.001538007	0.0014454399999999999	941.0753867334513
1.390415	0.001573518	0.001479108	941.0999859374704
1.422839	0.001610144	0.001513561	941.1243709371475
1.456019	0.001647922	0.001548817	941.148581142898
1.489973	0.001686887	0.0015848930000000002	941.1738754603623
1.524719	0.001727076	0.00162181	941.1990775738219
1.560275	0.001768526	0.0016595869999999997	941.2242479604867
1.59666	0.001811274	0.001698244	941.2494753404104
1.633894	0.001855364	0.0017378009999999998	941.2754187619872
1.671996	0.001900836	0.001778279	941.3015820352149
1.710986	0.00194773	0.0018197009999999997	941.3270257036733
1.750886	0.001996089	0.0018620869999999997	941.3534861690135
1.791717	0.002045964	0.001905461	941.3800460885843
1.833499	0.002097391	0.001949845	941.4063122966185
1.876257	0.002150423	0.0019952620000000003	941.4339685715461
1.920011	0.002205108	0.002041738	941.4607104339539
1.964786	0.002261495	0.0020892960000000005	941.4881831009104
2.010605	0.002319635	0.002137962	941.5156279671949
2.057492	0.002379577	0.002187762	941.5428081299519
2.105474	0.002441381	0.002238721	941.5712726150334
2.154574	0.002505096	0.002290868	941.599034077913
2.20482	0.00257078	0.002344229	941.6276225573524
2.256237	0.002638495	0.002398833	941.6560031481974
2.301204	0.002668723	0.002446585	941.6687844485273
2.362697	0.002750976	0.002511886	941.7019625890665
2.417796	0.002825259	0.0025703959999999995	941.730869095657
2.474181	0.002901822	0.0026302680000000003	941.7606198303748
2.53188	0.002980741	0.002691535	941.7899975292909
2.590926	0.003062081	0.0027542289999999995	941.8200451015512
2.651348	0.003145909	0.002818383	941.8499575820605
2.71318	0.003232301	0.0028840319999999995	941.8800835080888
2.776455	0.003321329	0.0029512089999999998	941.9110367988169
2.841205	0.003413069	0.0030199520000000002	941.9414841692849
2.907466	0.003507598	0.003090295	941.9727236396526
2.975272	0.003604995	0.0031622780000000006	942.0035161361524
3.04466	0.003705343	0.003235937	942.0348242255643
3.115667	0.003808728	0.0033113109999999995	942.066670270476
3.18833	0.003915228	0.003388442	942.0982351180867
3.262688	0.004024937	0.003467369	942.1301675708585
3.338781	0.004137945	0.0035481339999999997	942.1625409299648
3.416649	0.004254343	0.003630781	942.1949004911064
3.496333	0.004374226	0.003715352	942.2276075052915
3.577877	0.004497692	0.003801894	942.260539615255
3.661322	0.004624845	0.003890451	942.2935400034597
3.7467149999999996	0.004755782	0.0039810719999999996	942.3267858506451
3.834099	0.004890608	0.004073803	942.3601504540107
3.923522	0.005029431	0.004168694	942.3938123066841
4.015032	0.005172367	0.004265795	942.4279335973715
4.108676	0.005319531	0.004365158	942.461998168222
4.204505	0.005471035	0.004466836	942.4962176807029
4.302569	0.005626999	0.004570882	942.5305660920585
4.402922	0.005787548	0.004677350999999999	942.5654709257442
4.505616	0.005952815	0.004786301000000001	942.6003118065495
4.610706	0.006122923	0.004897788	942.6355168904821
4.718247	0.00629801	0.005011872	942.6707246314352
4.828298	0.006478212	0.005128614	942.706199374724
4.940916	0.006663677	0.005248075	942.7418009460611
5.056163	0.006854551	0.005370318	942.7779790693959
5.174097	0.007050987	0.005495408999999999	942.8138992020431
5.294784	0.007253135	0.005623413	942.850389078661
5.418287	0.007461169	0.005754399	942.8870276461538
5.544671	0.007675242	0.005888437	942.9236046849105
5.674004	0.007895537	0.006025596	942.9605863054874
5.806355	0.008122233	0.006165950000000001	942.9977915811837
5.941794	0.008355513	0.006309573000000001	943.0352122084964
6.080393	0.008595563	0.006456542	943.0727102836162
6.222227	0.008842591	0.006606933999999999	943.1106154534009
6.36737	0.009096805	0.00676083	943.1485194865129
6.5159	0.009358412	0.00691831	943.1867626631359
6.667895	0.00962764	0.007079458	943.2251226011933
6.823438	0.009904727	0.007244359999999999	943.2638255139171
6.98261	0.01018992	0.007413102000000001	943.3028063015995
7.145496	0.01048345	0.007585776	943.3417820404926
7.312184	0.01078561	0.007762471	943.3812519235177
7.482761	0.01109666	0.007943282	943.4208252961433
7.657319	0.01141689	0.008128305000000002	943.4606464693437
7.83595	0.01174662	0.008317638	943.5006212100118
8.01875	0.01208616	0.00851138	943.5410192001768
8.205816	0.01243585	0.008709636	943.5815515137486
8.397247	0.01279603	0.008912509	943.6223884879106
8.593146	0.01316708	0.009120108	943.663504862004
8.793617	0.0135494	0.009332543	943.7048830099149
8.998766	0.01394338	0.009549926	943.746514894461
9.208703	0.01434949	0.009772372	943.788518283995
9.42354	0.01476816	0.01	943.8308159999998
9.643391	0.01519989	0.01023293	943.8734448491292
9.868373	0.0156452	0.01047129	943.9160027083578
10.09861	0.01610465	0.01071519	943.9603637453001
10.33421	0.01657878	0.010964780000000002	944.0033251921151
10.57532	0.01706825	0.01122018	944.0479787311789
10.82205	0.01757369	0.01148154	944.0914450500544
11.07455	0.01809581	0.01174898	944.1369216732007
11.33293	0.01863534	0.01202264	944.1824208326956
11.59735	0.01919308	0.012302689999999998	944.2278948750234
11.86794	0.01976985	0.012589249999999998	944.2746668784877
12.14485	0.02036656	0.0128825	944.3210991655346
12.42822	0.02098417	0.013182570000000001	944.3685237400598
12.7182	0.02162368	0.01348963	944.4160944369859
13.01496	0.02228617	0.01380384	944.4651756322878
13.31864	0.02297282	0.01412538	944.5135507858904
13.62941	0.02368485	0.014454399999999997	944.5632367998672
13.94744	0.02442358	0.01479108	944.6141579925198
14.2729	0.02519041	0.01513561	944.6656203483044
14.60595	0.02598686	0.01548817	944.7169588143724
14.94678	0.02681453	0.01584893	944.7700589251135
15.29557	0.02767513	0.0162181	944.8236926643689
15.6525	0.02857048	0.01659587	944.8778810631803
16.01777	0.02950255	0.01698244	944.9332693064129
16.39157	0.03047343	0.01737801	944.9898711072213
16.7741	0.03148534	0.01778279	945.0477309803467
17.16556	0.03254067	0.01819701	945.1058536539794
19.2685	0.03356891	0.02042203	945.159169289243
19.71362	0.03472316	0.020892959999999995	945.2151901884654
20.17363	0.03594039	0.021379619999999995	945.272665744293
20.64438	0.03721237	0.02187762	945.3309989843502
21.12614	0.03854236	0.02238721	945.3916928460491
21.61914	0.03993383	0.02290868	945.4527205408605
22.12366	0.04139046	0.023442290000000005	945.5155814555659
22.63997	0.04291622	0.02398833	945.5800474647465
23.16834	0.0445153	0.02454709	945.6459115927795
23.70906	0.04619217	0.02511886	945.7137851797415
24.26241	0.04795161	0.025703960000000005	945.7827358119137
24.82869	0.04979869	0.02630268	945.8537567274515
25.40821	0.05173879	0.026915349999999998	945.9267217405682
26.00127	0.05377769	0.027542289999999997	946.0015013275948
26.60819	0.05592147	0.02818383	946.0783530840203
27.22931	0.05817664	0.02884032	946.1575544238067
27.86494	0.06055009	0.02951209	946.2389851074594
28.51544	0.06304915	0.030199519999999997	946.3226286378062
29.18115	0.06568159	0.030902949999999995	946.4090512394448
29.86242	0.0684557	0.03162278	946.4972940392969
30.55964	0.07138017	0.03235936999999999	946.5888912546816
31.27316	0.07446432	0.03311311	946.6831813743862
32.00338	0.07771794	0.03388442	946.7801998676679
32.75068	0.08115149	0.03467369	946.8802279192092
33.51548	0.08477594	0.03548134	946.9838495389406
34.29817	0.08860299	0.03630781	947.090253859982
35.09919	0.09264497	0.03715352	947.2005605390822
35.91896	0.09691487	0.03801894	947.3140195386825
36.75793	0.1014265	0.03890451	947.4314546051345
37.61655	0.1061944	0.039810719999999994	947.5524280897205
38.49528	0.1112339	0.04073803000000001	947.6774871048011
39.3946	0.1165612	0.041686940000000006	947.8067039701162
40.315	0.1221934	0.04265795	947.9403815701411
41.25697	0.1281485	0.04365158	948.0783627992389
42.22103	0.1344456	0.04466836	948.2209689364015
43.20769	0.1411047	0.04570882	948.3682733441817
44.2175	0.1481469	0.046773510000000004	948.5207952107935
45.25099	0.1555945	0.04786301	948.6779978944074
46.30874	0.163471	0.04897788	948.8408032360732
47.39131	0.1718011	0.05011871999999999	949.0088952790495
48.4993	0.1806108	0.05128614	949.1825822727153
49.6333	0.1899278	0.05248075000000001	949.3619622432986
50.79395	0.199781	0.05370318000000001	949.5476990375616
51.98187	0.2102012	0.054954090000000004	949.7395225723873
53.1977	0.2212206	0.05623413	949.9377086477554
54.44212	0.2328734	0.05754399	950.1425500734308
55.71581	0.245196	0.05888436999999999	950.3541601956513
57.01946	0.2582266	0.06025595999999999	950.5729657282036
58.35378	0.272006	0.061659500000000006	950.7989198744718
59.71952	0.2865773	0.06309573	951.0326182136255
61.11742	0.3019865	0.06456542	951.2740178875937
62.54825	0.3182824	0.06606934	951.5235417820127
64.0128	0.3355173	0.0676083	951.7813241865275
65.51187	0.3537469	0.06918309999999998	952.0477819004932
67.0463	0.3730309	0.07079458000000001	952.3233402896099
68.61693	0.3934335	0.0724436	952.6081461992502
70.22464	0.4150234	0.07413102	952.9028927431457
71.87031	0.4378751	0.07585776	953.2074912309565
73.55486	0.4620685	0.07762471	953.5227700045515
75.27923	0.4876904	0.07943282000000002	953.8490563472378
77.04438	0.5148349	0.08128304999999998	954.1868187771006
78.8513	0.543604	0.08317638	954.5366605279047
80.701	0.574109	0.08511379999999999	954.8993112750222
82.59451	0.606471	0.08709636	955.2750654562373
84.5329	0.6408227	0.08912508999999999	955.6649277997924
86.51727	0.6773087	0.09120108	956.069584921582
88.54874	0.7160882	0.09332543	956.4898677670169
90.62846	0.7573353	0.09549926	956.9267374427823
92.75761	0.8012418	0.09772372	957.3811946577556
94.93741	0.8480183	0.09999999999999999	957.854283
97.16912	0.8978966	0.1023293	958.3473804667872
99.454	0.9511327	0.1047129	958.8611594177986
101.7934	1.008008	0.1071519	959.3988347383482
104.1886	1.068834	0.1096478	959.9593790299485
106.6411	1.133952	0.1122018	960.5465509465979
109.1524	1.203741	0.1148154	961.1614905317579
111.7237	1.277711	0.11748980000000002	961.7976283898686
114.3568	1.356167	0.1202264	962.4588859019318
117.053	1.440037	0.1230269	963.1473848402261
119.8141	1.529994	0.1258925	963.8707150942273
122.6417	1.62671	0.128825	964.6296138171939
125.5375	1.730898	0.1318257	965.429335857879
128.5032	1.843323	0.1348963	966.2720400781933
131.5408	1.964819	0.1380384	967.1628981500799
134.652	2.096295	0.1412538	968.1034775701607
137.8389	2.238744	0.144544	969.1003708213415
141.1035	2.39325	0.1479108	970.157351592987
144.4479	2.560999	0.1513561	971.2783231068984
147.8743	2.743288	0.1548817	972.468587315351
151.3849	2.941531	0.1584893	973.7340691138139
154.9821	3.157272	0.162181	975.079522262164
158.6683	3.392194	0.16595869999999996	976.5109873721594
162.4461	3.648128	0.1698244	978.0351233391668
166.3181	3.927065	0.1737801	979.6585742556254
170.2871	4.231165	0.17782789999999998	981.3885503905743
174.356	4.562775	0.1819701	983.231723233652
178.5276	4.924429	0.18620869999999998	985.1957991221678
182.8053	5.318875	0.19054610000000002	987.2895587996815
187.1922	5.74907	0.19498450000000003	989.5210644948701
191.6917	6.218209	0.19952619999999996	991.8993545709787
196.3075	6.729724	0.2041738	994.4332916368311
201.0432	7.287304	0.20892960000000002	997.1325460825083
205.9028	7.894903	0.2137962	1000.007030059468
210.8904	8.556756	0.2187762	1003.0668601063553
216.0102	9.277386	0.22387210000000002	1006.3227441025479
221.2668	10.06162	0.2290868	1009.7850247155226
226.6649	10.91459	0.2344229	1013.4653653717278
232.2094	11.84176	0.23988330000000002	1017.3745316993721
237.9056	12.84892	0.24547090000000002	1021.5244250947871
243.759	13.94221	0.2511886	1025.9271718541368
249.7752	15.1281	0.25703960000000003	1030.5933404813889
255.9603	16.41344	0.2630268	1035.5360746509482
262.3206	17.80544	0.2691535	1040.766848656993
268.8628	19.31167	0.27542289999999997	1046.2981473218094
275.5939	20.94009	0.2818383	1052.1422744885988
282.5212	22.69904	0.2884032	1058.310864789295
289.6525	24.59725	0.29512089999999996	1064.8169953398758
296.9957	26.64383	0.3019952	1071.6711060308241
304.5595	28.84832	0.30902949999999996	1078.8867082268846
312.3528	31.22063	0.31622780000000006	1086.4744655593215
320.3849	33.7711	0.3235937	1094.4465235262614
328.6656	36.51048	0.3311311	1102.8142025922662
337.2042	39.23176	0.3388442	1110.9411345981428
346.0014	41.71985	0.3467369	1118.2001396447854
355.0618	44.24768	0.35481339999999995	1125.4069885748397
364.393	46.8655	0.3630781	1132.6998240874345
374.0039	49.59754	0.3715352	1140.1381080446752
383.9035	52.38609	0.3801894	1147.5585326681912
394.0975	55.11349	0.3890451	1154.6501678083082
404.5934	57.9141	0.39810719999999994	1161.766227789902
415.4	60.81419	0.40738030000000003	1168.9671542782014
426.5276	63.87291	0.41686940000000006	1176.38884024589
437.9876	67.10739	0.4265795	1184.0582822193753
449.7922	70.53074	0.43651579999999995	1191.9910802770485
461.9537	74.15509	0.4466836	1200.1980596556489
474.4854	77.99235	0.45708819999999994	1208.6895920743525
487.4009	82.05461	0.4677351	1217.47439950519
500.7146	86.35422	0.47863009999999995	1226.5605944966687
514.4415	90.90394	0.48977880000000007	1235.956803356944
528.5971	95.71696	0.5011872	1245.6704002017607
543.1978	100.807	0.5128614	1255.7092423021113
558.2604	106.1883	0.5248075	1266.0808010556252
573.8028	111.8758	0.5370318	1276.7932923152784
589.8434	117.8848	0.5495409000000001	1287.8535519376264
606.4014	124.2315	0.5623413	1299.2695005684268
623.4971	130.9326	0.5754399	1311.0486429599339
641.1514	138.0058	0.5888437	1323.1986688487964
659.3861	145.4693	0.6025596	1335.7274533506727
678.2241	153.3421	0.616595	1348.6424638539072
697.6892	161.6443	0.6309573	1361.9519102164281
717.8063	170.3965	0.6456542000000001	1375.6633194672938
738.6013	179.6204	0.6606934	1389.784883578374
760.1012	189.3388	0.6760829999999999	1404.3246169479191
782.3342	199.5753	0.6918310000000001	1419.2909829134571
805.3298	210.3546	0.7079458	1434.6923168412045
829.1187	221.7025	0.724436	1450.536969449337
853.7328	233.646	0.7413102	1466.8337222393538
879.2057	246.2132	0.7585776	1483.5909997869696
905.5722	259.4336	0.7762471	1500.818231720286
932.8686	273.3379	0.7943282	1518.524081104007
961.1329	287.9582	0.8128305	1536.7178027891423
990.4048	303.3282	0.8317637999999999	1555.4091197525065
1020.726	319.4828	0.8511379999999998	1574.6081129029606
1052.138	336.4588	0.8709636	1594.3224263333161
1052.6020685021115	336.71308530209245	0.8712528380007031	1594.6110265166485
1206.6085375962527	336.7132446099929	0.9683784985683822	1594.6114683206215
1207.4117876225123	337.06620240865783	0.9683393600791337	1594.9759492425815
1209.616374451213	338.0352325525571	0.9697211337916807	1595.9759492425815
1211.8243173784126	339.00564508846685	0.9711041441810139	1596.9759492425815
1214.0356196483694	339.9774412533056	0.9724883917297102	1597.9759492425815
1216.2502845067893	340.9506222844735	0.9738738769203457	1598.9759492425815
1218.4683152008251	341.9251894198544	0.9752606002354973	1599.9759492425815
1220.6897149790789	342.90114389781365	0.9766485621577415	1600.9759492425815
1222.9144870915986	343.8784869571997	0.9780377631696546	1601.9759492425815
1225.1426347898816	344.85721983734373	0.9794282037538132	1602.9759492425815
1227.374161326872	345.8373437780589	0.980819884392794	1603.9759492425815
1229.609069956961	346.81886001964176	0.9822128055691732	1604.9759492425815
1231.8473639359895	347.80176980287064	0.9836069677655275	1605.9759492425815
1234.0890465212449	348.786074369007	0.9850023714644336	1606.9759492425815
1236.334120971462	349.7717749597946	0.9863990171484676	1607.9759492425815
1238.5825905468241	350.7588728174598	0.9877969053002064	1608.9759492425815
1240.8344585089615	351.7473691847117	0.9891960364022261	1609.9759492425815
1243.089728120953	352.73726530474187	0.9905964109371036	1610.9759492425815
1245.3484026473247	353.72856242122435	0.9919980293874154	1611.9759492425815
1247.6104853540508	354.7212617783159	0.9934008922357379	1612.9759492425815
1249.8759795085525	355.71536462065615	0.9948049999646478	1613.9759492425815
1252.144888379699	356.71087219336636	0.9962103530567211	1614.9759492425815
1254.417215237808	357.70778574205144	0.997616951994535	1615.9759492425815
1256.692963354644	358.7061065127982	0.9990247972606655	1616.9759492425815
1258.9721360034193	359.7058357521764	1.0004338893376894	1617.9759492425815
1261.2547364587942	360.70697470723815	1.001844228708183	1618.9759492425815
1263.5407679968775	361.70952462551804	1.0032558158547231	1619.9759492425815
1265.830233895224	362.7134867550337	1.0046686512598861	1620.9759492425815
1268.1231374328374	363.71886234428496	1.0060827354062483	1621.9759492425815
1270.4194818901697	364.7256526422542	1.0074980687763868	1622.9759492425815
1272.7192705491186	365.7338588984064	1.0089146518528773	1623.9759492425815
1275.0225066930313	366.74348236268963	1.010332485118297	1624.9759492425815
1277.3291936067026	367.7545242855336	1.0117515690552221	1625.9759492425815
1279.6393345763734	368.76698591785123	1.013171904146229	1626.9759492425815
1281.9529328897352	369.78086851103825	1.014593490873895	1627.9759492425815
1284.269991835924	370.7961733169722	1.0160163297207954	1628.9759492425815
1286.5905147055266	371.8129015880138	1.0174404211695078	1629.9759492425815
1288.914504790575	372.831054577006	1.0188657657026081	1630.9759492425815
1291.2419653845498	373.85063353727475	1.020292363802673	1631.9759492425815
1293.57289978238	374.87163972262795	1.021720215952279	1632.9759492425815
1295.9073112804417	375.8940743873566	1.0231493226340025	1633.9759492425815
1298.2452031765592	376.9179387862341	1.0245796843304202	1634.9759492425815
1300.5865787700036	377.9432341745164	1.0260113015241086	1635.9759492425815
1302.9314413614948	378.9699618079424	1.0274441746976444	1636.9759492425815
1305.2797942531995	379.9981229427326	1.0288783043336036	1637.9759492425815
1307.6316407487325	381.02771883559126	1.0303136909145632	1638.9759492425815
1309.9869841531572	382.05875074370425	1.0317503349230994	1639.9759492425815
1312.3458277729833	383.0912199247408	1.033188236841789	1640.9759492425815
1314.7081749161684	384.12512763685197	1.0346273971532083	1641.9759492425815
1317.0740288921193	385.1604751386723	1.036067816339934	1642.9759492425815
1319.4433930116888	386.197263689318	1.0375094948845425	1643.9759492425815
1321.8162705871782	387.23549454838815	1.03895243326961	1644.9759492425815
1324.1926649323375	388.27516897596485	1.040396631977714	1645.9759492425815
1326.5725793623621	389.31628823261224	1.04184209149143	1646.9759492425815
1328.9560171938967	390.35885357937707	1.0432888122933348	1647.9759492425815
1331.3429817450337	391.4028662777889	1.0447367948660051	1648.9759492425815
1333.7334763353135	392.44832758986036	1.0461860396920175	1649.9759492425815
1336.1275042857224	393.4952387780851	1.0476365472539482	1650.9759492425815
1338.5250689186976	394.543601105441	1.0490883180343742	1651.9759492425815
1340.92617355812	395.5934158353875	1.050541352515871	1652.9759492425815
1343.3308215293218	396.64468423186713	1.0519956511810165	1653.9759492425815
1345.7390161590818	397.697407559305	1.0534512145123862	1654.9759492425815
1348.1507607756253	398.7515870826082	1.054908042992557	1655.9759492425815
1350.566058708627	399.80722406716734	1.0563661371041055	1656.9759492425815
1352.984913289208	400.86431977885434	1.057825497329608	1657.9759492425815
1355.4073278499386	401.92287548402527	1.0592861241516411	1658.9759492425815
1357.8333057248356	402.9828924495174	1.0607480180527815	1659.9759492425815
1360.2628502493633	404.0443719426514	1.0622111795156053	1660.9759492425815
1362.695964760435	405.1073152312301	1.0636756090226893	1661.9759492425815
1365.1326525964112	406.171723583539	1.06514130705661	1662.9759492425815
1367.5729170971001	407.23759826834646	1.0666082740999443	1663.9759492425815
1370.0167616037559	408.3049405549029	1.0680765106352677	1664.9759492425815
1372.4641894590848	409.37375171294195	1.0695460171451578	1665.9759492425815
1374.915204007236	410.4440330126789	1.0710167941121904	1666.9759492425815
1377.36980859381	411.5157857248128	1.0724888420189427	1667.9759492425815
1379.8280065658523	412.58901112052433	1.0739621613479904	1668.9759492425815
1382.2898012718583	413.6637104714771	1.0754367525819106	1669.9759492425815
1384.755196061769	414.73988504981725	1.0769126162032794	1670.9759492425815
1387.2241942869766	415.81753612817363	1.078389752694674	1671.9759492425815
1389.696799300316	416.89666497965754	1.07986816253867	1672.9759492425815
1392.1730144560752	417.9772728778626	1.0813478462178447	1673.9759492425815
1394.652843109985	419.0593610968658	1.0828288042147742	1674.9759492425815
1397.136288619228	420.1429309112257	1.0843110370120352	1675.9759492425815
1399.6233543424316	421.22798359598414	1.0857945450922042	1676.9759492425815
1402.1140436396736	422.31452042666535	1.0872793289378577	1677.9759492425815
1404.6083598724765	423.40254267927594	1.0887653890315723	1678.9759492425815
1407.1063064038126	424.49205163030524	1.090252725855924	1679.9759492425815
1409.607886598102	425.58304855672526	1.09174133989349	1680.9759492425815
1412.113103821211	426.6755347359908	1.0932312316268467	1681.9759492425815
1414.6219614404552	427.76951144603856	1.0947224015385701	1682.9759492425815
1417.134462824597	428.86497996528834	1.0962148501112376	1683.9759492425815
1419.650611343847	429.9619415726422	1.097708577827425	1684.9759492425815
1422.1704103698637	431.0603975474852	1.099203585169709	1685.9759492425815
1424.693863275752	432.1603491696846	1.100699872620666	1686.9759492425815
1427.2209734360665	433.2617977195904	1.102197440662873	1687.9759492425815
1429.7517442268077	434.36474447803494	1.1036962897789058	1688.9759492425815
1432.2861790254258	435.46919072633347	1.1051964204513416	1689.9759492425815
1434.8242812108163	436.575137746284	1.1066978331627566	1690.9759492425815
1437.3660541633246	437.6825868201661	1.1082005283957272	1691.9759492425815
1439.9115012647428	438.79153923074347	1.1097045066328304	1692.9759492425815
1442.4606258983113	439.9019962612608	1.1112097683566422	1693.9759492425815
1445.0134314487166	441.01395919544643	1.1127163140497391	1694.9759492425815
1447.5699213020953	442.12742931751103	1.1142241441946983	1695.9759492425815
1450.1300988460298	443.2424079121473	1.1157332592740954	1696.9759492425815
1452.6939674695518	444.3588962645314	1.1172436597705075	1697.9759492425815
1455.261530563139	445.47689566032153	1.118755346166511	1698.9759492425815
1457.8327915187194	446.5964073856586	1.1202683189446827	1699.9759492425815
1460.407753729665	447.71743272716583	1.1217825785875983	1700.9759492425815
1462.986420590799	448.83997297194946	1.1232981255778354	1701.9759492425815
1465.5687954983905	449.9640294075981	1.1248149603979694	1702.9759492425815
1468.1548818501572	451.08960332218305	1.1263330835305778	1703.9759492425815
1470.7446830452636	452.21669600425764	1.1278524954582365	1704.9759492425815
1473.3382024843231	453.34530874285866	1.1293731966635225	1705.9759492425815
1475.935443569395	454.4754428275047	1.1308951876290116	1706.9759492425815
1478.5364097039883	455.60709954819754	1.1324184688372811	1707.9759492425815
1481.1411042930588	456.7402801954211	1.133943040770907	1708.9759492425815
1483.749530743011	457.87498606014196	1.1354689039124661	1709.9759492425815
1486.3616924616947	459.0112184338095	1.1369960587445347	1710.9759492425815
1488.9775928584108	460.1489786083553	1.1385245057496898	1711.9759492425815
1491.5972353439042	461.28826787619414	1.1400542454105071	1712.9759492425815
1494.2206233303714	462.42908753022243	1.141585278209564	1713.9759492425815
1496.8477602314529	463.57143886382033	1.1431176046294362	1714.9759492425815
1499.4786494622408	464.7153231708493	1.144651225152701	1715.9759492425815
1502.1132944392705	465.8607417456542	1.146186140261934	1716.9759492425815
1504.7516985805298	467.0076958830627	1.147722350439713	1717.9759492425815
1507.3938653054497	468.156186878384	1.149259856168613	1718.9759492425815
1510.0397980349142	469.306216027411	1.150798657931212	1719.9759492425815
1512.6895001912487	470.45778462641846	1.1523387562100853	1720.9759492425815
1515.3429751982317	471.61089397216426	1.1538801514878103	1721.9759492425815
1518.000226481086	472.7655453618879	1.1554228442469627	1722.9759492425815
1520.6612574664848	473.92174009331285	1.15696683497012	1723.9759492425815
1523.3260715825465	475.0794794646438	1.1585121241398577	1724.9759492425815
1525.9946722588397	476.2387647745687	1.1600587122387531	1725.9759492425815
1528.6670629263783	477.3995973222586	1.1616065997493823	1726.9759492425815
1531.3432470176263	478.5619784073657	1.163155787154322	1727.9759492425815
1534.0232279664929	479.7259093300262	1.1647062749361488	1728.9759492425815
1536.707009208337	480.89139139085773	1.1662580635774389	1729.9759492425815
1539.3945941799645	482.0584258909617	1.1678111535607691	1730.9759492425815
1542.08598631963	483.2270141319208	1.169365545368716	1731.9759492425815
1544.7811890670332	484.39715741580153	1.1709212394838555	1732.9759492425815
1547.480205863325	485.5688570451519	1.1724782363887651	1733.9759492425815
1550.1830401511008	486.7421143230032	1.1740365365660204	1734.9759492425815
1552.889695374407	487.91693055286896	1.1755961404981987	1735.9759492425815
1555.6001749787335	489.0933070387453	1.1771570486678757	1736.9759492425815
1558.3144824110227	490.27124508511145	1.1787192615576285	1737.9759492425815
1561.0326211196614	491.45074599692816	1.1802827796500333	1738.9759492425815
1563.7545945544853	492.6318110796398	1.1818476034276673	1739.9759492425815
1566.4804061667776	493.81444163917286	1.1834137333731058	1740.9759492425815
1569.2100594092692	494.9986389819362	1.1849811699689266	1741.9759492425815
1571.943557736139	496.1844044148217	1.1865499136977051	1742.9759492425815
1574.680904603014	497.37173924520346	1.1881199650420189	1743.9759492425815
1577.4221034669677	498.56064478093845	1.1896913244844436	1744.9759492425815
1580.1671577865222	499.75112233036583	1.1912639925075563	1745.9759492425815
1582.916071021647	500.943173202308	1.1928379695939333	1746.9759492425815
1585.6688466337603	502.13679870606893	1.1944132562261511	1747.9759492425815
1588.425488085726	503.3320001514364	1.1959898528867863	1748.9759492425815
1591.185998841858	504.5287788486796	1.1975677600584154	1749.9759492425815
1593.950382367916	505.727136108551	1.1991469782236146	1750.9759492425815
1596.718642131109	506.92707324228553	1.200727507864961	1751.9759492425815
1599.4907816000923	508.1285915616005	1.2023093494650308	1752.9759492425815
1602.266804244971	509.33169237869606	1.2038925035064008	1753.9759492425815
1605.046713537295	510.5363770062545	1.2054769704716468	1754.9759492425815
1607.8305129500648	511.74264675744155	1.2070627508433462	1755.9759492425815
1610.6182059577268	512.9505029459044	1.2086498451040748	1756.9759492425815
1613.4097960361753	514.1599468857735	1.2102382537364096	1757.9759492425815
1616.205286662753	515.370979891662	1.2118279772229268	1758.9759492425815
1619.0046813162508	516.5836032786648	1.2134190160462033	1759.9759492425815
1621.8079834769057	517.7978183623608	1.2150113706888153	1760.9759492425815
1624.6151966264033	519.0136264588098	1.2166050416333392	1761.9759492425815
1627.4263242478773	520.2310288845555	1.2182000293623518	1762.9759492425815
1630.2413698259086	521.4500269566234	1.2197963343584297	1763.9759492425815
1633.060336846526	522.6706219925225	1.2213939571041492	1764.9759492425815
1635.8832287972066	523.8928153102427	1.222992898082087	1765.9759492425815
1638.710049166874	525.1166082282581	1.2245931577748195	1766.9759492425815
1641.5408014459003	526.3420020655246	1.226194736664923	1767.9759492425815
1644.3754891261044	527.5689981414813	1.2277976352349744	1768.9759492425815
1647.2141157007554	528.7975977760489	1.2294018539675502	1769.9759492425815
1650.056684664567	530.0278022896314	1.2310073933452266	1770.9759492425815
1652.9031995137032	531.2596130031153	1.2326142538505804	1771.9759492425815
1655.753663745774	532.4930312378692	1.2342224359661877	1772.9759492425815
1658.6080808598379	533.7280583157451	1.2358319401746258	1773.9759492425815
1661.4664543564006	534.9646955590771	1.2374427669584704	1774.9759492425815
1664.3287877374173	536.2029442906816	1.2390549168002989	1775.9759492425815
1667.1950845062875	537.4428058338578	1.2406683901826867	1776.9759492425815
1670.0653481678617	538.6842815123879	1.2422831875882112	1777.9759492425815
1672.9395822284368	539.9273726505361	1.2438993094994486	1778.9759492425815
1675.8177901957579	541.1720805730495	1.2455167563989755	1779.9759492425815
1678.6999755790168	542.4184066051578	1.2471355287693684	1780.9759492425815
1681.5861418888542	543.6663520725727	1.2487556270932036	1781.9759492425815
1684.4762926373573	544.9159183014895	1.2503770518530581	1782.9759492425815
1687.3704313380626	546.167106618585	1.251999803531508	1783.9759492425815
1690.2685615059531	547.4199183510195	1.2536238826111301	1784.9759492425815
1693.170686657459	548.6743548264352	1.2552492895745004	1785.9759492425815
1696.0768103104608	549.9304173729572	1.256876024904196	1786.9759492425815
1698.9869359842842	551.1881073191933	1.2585040890827932	1787.9759492425815
1701.9010671997032	552.4474259942333	1.2601334825928685	1788.9759492425815
1704.819207478942	553.7083747276504	1.261764205916999	1789.9759492425815
1707.7413603456664	554.9709548494995	1.2633962595377597	1790.9759492425815
1710.6675293249973	556.2351676903189	1.2650296439377289	1791.9759492425815
1713.5977179434985	557.5010145811291	1.2666643595994818	1792.9759492425815
1716.531929729183	558.7684968534328	1.2683004070055957	1793.9759492425815
1719.4701682115117	560.0376158392157	1.2699377866386465	1794.9759492425815
1722.4124369213937	561.3083728709464	1.2715764989812115	1795.9759492425815
1725.3587393911832	562.5807692815756	1.2732165445158665	1796.9759492425815
1728.3090791546865	563.8548064045364	1.2748579237251887	1797.9759492425815
1731.2634597471526	565.1304855737451	1.2765006370917538	1798.9759492425815
1734.2218847052836	566.4078081235999	1.278144685098139	1799.9759492425815
1737.1843575672242	567.686775388982	1.2797900682269203	1800.9759492425815
1740.1508818725697	568.9673887052554	1.2814367869606746	1801.9759492425815
1743.1214611623648	570.2496494082661	1.2830848417819787	1802.9759492425815
1746.0960989790958	571.5335588343428	1.2847342331734082	1803.9759492425815
1749.0747988667047	572.8191183202969	1.2863849616175402	1804.9759492425815
1752.057564370575	574.106329203423	1.2880370275969515	1805.9759492425815
1755.04439903754	575.3951928214968	1.289690431594218	1806.9759492425815
1758.0353064158815	576.6857105127782	1.2913451740919166	1807.9759492425815
1761.030290055328	577.9778836160083	1.2930012555726236	1808.9759492425815
1764.029353507057	579.271713470412	1.2946586765189159	1809.9759492425815
1767.032500323692	580.5672014156955	1.2963174374133695	1810.9759492425815
1770.0397340593051	581.864348792049	1.2979775387385615	1811.9759492425815
1773.0510582694162	583.163156940144	1.2996389809770674	1812.9759492425815
1776.0664765109937	584.463627201135	1.301301764611465	1813.9759492425815
1779.0859923424518	585.7657609166597	1.3029658901243302	1814.9759492425815
1782.1096093236538	587.0695594288372	1.3046313579982394	1815.9759492425815
1785.1373310159101	588.3750240802706	1.3062981687157693	1816.9759492425815
1788.16916098198	589.6821562140442	1.3079663227594966	1817.9759492425815
1791.2051027860696	590.990957173726	1.3096358206119976	1818.9759492425815
1794.2451599938317	592.3014283033655	1.3113066627558485	1819.9759492425815
1797.2893361723686	593.6135709474956	1.3129788496736263	1820.9759492425815
1800.3376348902304	594.9273864511315	1.3146523818479077	1821.9759492425815
1803.390059717413	596.242876159771	1.3163272597612683	1822.9759492425815
1806.4466142253627	597.5600414193946	1.3180034838962857	1823.9759492425815
1809.5073019869697	598.878883576465	1.3196810547355355	1824.9759492425815
1812.5721265765771	600.199403977928	1.3213599727615952	1825.9759492425815
1815.641091569971	601.5216039712113	1.3230402384570403	1826.9759492425815
1818.7142005443884	602.8454849042259	1.3247218523044482	1827.9759492425815
1821.791457078512	604.1710481253652	1.3264048147863947	1828.9759492425815
1824.8728647524722	605.4982949835044	1.3280891263854566	1829.9759492425815
1827.9584271478495	606.8272268280026	1.3297747875842105	1830.9759492425815
1831.0481478476697	608.1578450087002	1.3314617988652329	1831.9759492425815
1834.142030436408	609.4901508759212	1.3331501607111003	1832.9759492425815
1837.2400784999859	610.8241457804716	1.3348398736043894	1833.9759492425815
1840.3422956257727	612.1598310736401	1.3365309380276762	1834.9759492425815
1843.4486854025874	613.4972081071978	1.3382233544635378	1835.9759492425815
1846.5592514206946	614.8362782333988	1.3399171233945504	1836.9759492425815
1849.673997271807	616.1770428049796	1.3416122453032906	1837.9759492425815
1852.7929265490852	617.5195031751588	1.3433087206723344	1838.9759492425815
1855.916042847139	618.8636606976386	1.3450065499842594	1839.9759492425815
1859.0433497620234	620.2095167266025	1.3467057337216413	1840.9759492425815
1862.174850891243	621.5570726167178	1.3484062723670571	1841.9759492425815
1865.3105498337484	622.9063297231335	1.3501081664030827	1842.9759492425815
1868.4504501899419	624.2572894014818	1.3518114163122956	1843.9759492425815
1871.5945555616672	625.6099530078767	1.353516022577271	1844.9759492425815
1874.7428695522212	626.9643218989158	1.3552219856805867	1845.9759492425815
1877.895395766346	628.3203974316782	1.3569293061048182	1846.9759492425815
1881.0521378102321	629.6781809637265	1.358637984332543	1847.9759492425815
1884.2130992915174	631.0376738531054	1.3603480208463368	1848.9759492425815
1887.3782838192872	632.398877458342	1.3620594161287762	1849.9759492425815
1890.5476950040754	633.7617931384466	1.3637721706624382	1850.9759492425815
1893.721336457865	635.1264222529117	1.3654862849298992	1851.9759492425815
1896.8992117940809	636.4927661617121	1.3672017594137351	1852.9759492425815
1900.0813246276043	637.8608262253052	1.3689185945965234	1853.9759492425815
1903.2676785747576	639.2306038046322	1.37063679096084	1854.9759492425815
1906.4582772533129	640.6021002611151	1.3723563489892614	1855.9759492425815
1909.6531242824894	641.9753169566594	1.3740772691643641	1856.9759492425815
1912.8522232829564	643.3502552536535	1.3757995519687252	1857.9759492425815
1916.0555778768287	644.7269165149675	1.3775231978849203	1858.9759492425815
1919.2631916876687	646.1053021039547	1.3792482073955268	1859.9759492425815
1922.475068340488	647.485413384451	1.3809745809831204	1860.9759492425815
1925.6912114617453	648.8672517207742	1.3827023191302787	1861.9759492425815
1928.9116246793458	650.2508184777256	1.384431422319577	1862.9759492425815
1932.1363116226444	651.6361150205884	1.3861618910335927	1863.9759492425815
1935.365275922442	653.0231427151284	1.3878937257549016	1864.9759492425815
1938.5985212109897	654.4119029275946	1.389626926966081	1865.9759492425815
1941.8360511219832	655.8023970247182	1.3913614951497069	1866.9759492425815
1945.0778692905678	657.1946263737125	1.393097430788356	1867.9759492425815
1948.323979353338	658.5885923422742	1.394834734364605	1868.9759492425815
1951.5743849483306	659.9842962985819	1.39657340636103	1869.9759492425815
1954.8290897150366	661.3817396112972	1.3983134472602077	1870.9759492425815
1958.0880972943905	662.780923649564	1.4000548575447145	1871.9759492425815
1961.351411328776	664.181849783009	1.4017976376971273	1872.9759492425815
1964.6190354620253	665.5845193817418	1.4035417882000223	1873.9759492425815
1967.8909733394166	666.9889338163536	1.4052873095359761	1874.9759492425815
1971.1672286076778	668.395094457919	1.4070342021875655	1875.9759492425815
1974.447804914981	669.8030026779948	1.408782466637366	1876.9759492425815
1977.7327059109507	671.2126598486205	1.4105321033679556	1877.9759492425815
1981.0219352466559	672.6240673423184	1.4122831128619096	1878.9759492425815
1984.3154965746153	674.037226532093	1.4140354956018053	1879.9759492425815
1987.6133935487924	675.4521387914315	1.4157892520702187	1880.9759492425815
1990.9156298246025	676.8688054943038	1.417544382749727	1881.9759492425815
1994.2222090589048	678.2872280151622	1.4193008881229057	1882.9759492425815
1997.5331349100093	679.7074077289417	1.4210587686723322	1883.9759492425815
2000.8484110376712	681.1293460110599	1.4228180248805824	1884.9759492425815
2004.1680411030945	682.5530442374167	1.4245786572302332	1885.9759492425815
2007.4920287689324	683.9785037843951	1.4263406662038614	1886.9759492425815
2010.8203776992834	685.4057260288599	1.428104052284043	1887.9759492425815
2014.1530915596943	686.8347123481593	1.4298688159533544	1888.9759492425815
2017.4901740171608	688.2654641201239	1.4316349576943725	1889.9759492425815
2020.8316287401249	689.6979827230664	1.4334024779896737	1890.9759492425815
2024.1774593984794	691.1322695357821	1.4351713773218346	1891.9759492425815
2027.5276696635585	692.5683259375496	1.4369416561734314	1892.9759492425815
2030.882263208152	694.0061533081297	1.4387133150270413	1893.9759492425815
2034.241243706491	695.4457530277652	1.44048635436524	1894.9759492425815
2037.6046148342582	696.8871264771826	1.4422607746706049	1895.9759492425815
2040.9723802685814	698.3302750375899	1.4440365764257113	1896.9759492425815
2044.344543688039	699.7752000906781	1.4458137601131371	1897.9759492425815
2047.7211087726548	701.2219030186209	1.4475923262154577	1898.9759492425815
2051.102079203901	702.6703852040749	1.4493722752152507	1899.9759492425815
2054.4874586646965	704.1206480301781	1.4511536075950913	1900.9759492425815
2057.8772508394118	705.5726928805525	1.452936323837557	1901.9759492425815
2061.2714594138597	707.0265211393017	1.454720424425224	1902.9759492425815
2064.670088075306	708.4821341910122	1.4565059098406692	1903.9759492425815
2068.0731405124584	709.9395334207532	1.4582927805664685	1904.9759492425815
2071.4806204154784	711.3987202140761	1.4600810370851987	1905.9759492425815
2074.89253147597	712.8596959570154	1.4618706798794363	1906.9759492425815
2078.308877386991	714.3224620360877	1.463661709431758	1907.9759492425815
2081.7296618430382	715.7870198382926	1.46545412622474	1908.9759492425815
2085.154888540065	717.2533707511117	1.467247930740959	1909.9759492425815
2088.584561175467	718.7215161625095	1.4690431234629913	1910.9759492425815
2092.0186834480905	720.1914574609339	1.470839704873414	1911.9759492425815
2095.457259058227	721.6631960353135	1.472637675454803	1912.9759492425815
2098.9002917076177	723.1367332750613	1.4744370356897354	1913.9759492425815
2102.34778509945	724.6120705700716	1.4762377860607867	1914.9759492425815
2105.799742938362	726.0892093107224	1.4780399270505349	1915.9759492425815
2109.256168930435	727.5681508878731	1.479843459141555	1916.9759492425815
2112.7170667832015	729.0488966928667	1.4816483828164249	1917.9759492425815
2116.18244020564	730.5314481175283	1.48345469855772	1918.9759492425815
2119.652292908178	732.015806554165	1.4852624068480174	1919.9759492425815
2123.1266286026903	733.501973395568	1.4870715081698933	1920.9759492425815
2126.6054510024987	734.9899500350097	1.4888820030059247	1921.9759492425815
2130.0887638223726	736.4797378662455	1.4906938918386876	1922.9759492425815
2133.5765707785317	737.9713382835134	1.4925071751507588	1923.9759492425815
2137.0688755886395	739.4647526815345	1.494321853424715	1924.9759492425815
2140.565681971812	740.9599824555111	1.4961379271431323	1925.9759492425815
2144.0669936486065	742.4570290011297	1.4979553967885875	1926.9759492425815
2147.5728143410342	743.9558937145581	1.4997742628436568	1927.9759492425815
2151.08314777255	745.4565779924475	1.501594525790917	1928.9759492425815
2154.5979976680605	746.9590832319316	1.5034161861129447	1929.9759492425815
2158.1173677539155	748.4634108306259	1.5052392442923161	1930.9759492425815
2161.641261757915	749.9695621866296	1.5070637008116083	1931.9759492425815
2165.1696834093073	751.4775386985234	1.508889556153397	1932.9759492425815
2168.7026364387857	752.9873417653714	1.5107168108002595	1933.9759492425815
2172.2401245784945	754.4989727867197	1.5125454652347716	1934.9759492425815
2175.7821515620235	756.0124331625974	1.5143755199395104	1935.9759492425815
2179.328721124412	757.5277242935164	1.516206975397052	1936.9759492425815
2182.879837002145	759.04484758047	1.5180398320899733	1937.9759492425815
2186.4355029331564	760.5638044249357	1.5198740905008508	1938.9759492425815
2189.9957226568285	762.084596228872	1.5217097511122606	1939.9759492425815
2193.5604999139887	763.6072243947212	1.5235468144067796	1940.9759492425815
2197.1298384469164	765.1316903254074	1.5253852808669843	1941.9759492425815
2200.7037419993335	766.657995424338	1.5272251509754509	1942.9759492425815
2204.282214316414	768.1861410954019	1.529066425214756	1943.9759492425815
2207.8652591447785	769.7161287429717	1.5309091040674765	1944.9759492425815
2211.452880232494	771.2479597719023	1.5327531880161889	1945.9759492425815
2215.045081329075	772.7816355875304	1.534598677543469	1946.9759492425815
2218.6418661854877	774.3171575956763	1.5364455731318942	1947.9759492425815
2222.2432385541397	775.8545272026422	1.5382938752640403	1948.9759492425815
2225.8492021888933	777.3937458152132	1.5401435844224847	1949.9759492425815
2229.459760845052	778.9348148406566	1.5419947010898027	1950.9759492425815
2233.0749182793716	780.4777356867232	1.543847225748572	1951.9759492425815
2236.694678250053	782.0225097616452	1.5457011588813683	1952.9759492425815
2240.3190445167475	783.5691384741381	1.5475565009707686	1953.9759492425815
2243.948020840551	785.1176232333999	1.5494132524993491	1954.9759492425815
2247.5816109840093	786.6679654491107	1.5512714139496866	1955.9759492425815
2251.219818711115	788.2201665314341	1.5531309858043576	1956.9759492425815
2254.862647787309	789.7742278910152	1.5549919685459384	1957.9759492425815
2258.510101979479	791.3301509389823	1.5568543626570055	1958.9759492425815
2262.162185055962	792.8879370869464	1.5587181686201357	1959.9759492425815
2265.8189007865417	794.4475877470009	1.5605833869179055	1960.9759492425815
2269.4802529424487	796.0091043317213	1.562450018032891	1961.9759492425815
2273.146245296362	797.5724882541665	1.564318062447669	1962.9759492425815
2276.816881622411	799.1377409278773	1.5661875206448164	1963.9759492425815
2280.4921656961674	800.7048637668778	1.5680583931069088	1964.9759492425815
2284.172101294656	802.2738581856739	1.5699306803165238	1965.9759492425815
2287.8566921963447	803.8447255992542	1.571804382756237	1966.9759492425815
2291.545942181154	805.4174674230906	1.5736795009086255	1967.9759492425815
2295.239855030447	806.9920850731365	1.5755560352562654	1968.9759492425815
2298.938434527039	808.5685799658291	1.577433986281734	1969.9759492425815
2302.641684455189	810.1469535180868	1.5793133544676066	1970.9759492425815
2306.349608600609	811.7272071473118	1.5811941402964604	1971.9759492425815
2310.0622107504523	813.3093422713882	1.5830763442508724	1972.9759492425815
2313.7794946933245	814.893360308683	1.5849599668134182	1973.9759492425815
2317.501464219278	816.4792626780455	1.586845008466675	1974.9759492425815
2321.228123119812	818.0670507988075	1.5887314696932189	1975.9759492425815
2324.9594751878744	819.6567260907836	1.5906193509756266	1976.9759492425815
2328.6955242178597	821.2482899742715	1.5925086527964747	1977.9759492425815
2332.4362740056117	822.8417438700504	1.5943993756383394	1978.9759492425815
2336.181728348421	824.4370891993826	1.596291519983798	1979.9759492425815
2339.931891045024	826.0343273840132	1.5981850863154254	1980.9759492425815
2343.6867658956094	827.6334598461698	1.6000800751158	1981.9759492425815
2347.4463567018097	829.234488008562	1.6019764868674973	1982.9759492425815
2351.210667266707	830.8374132943827	1.6038743220530942	1983.9759492425815
2354.9797013948296	832.4422371273071	1.6057735811551668	1984.9759492425815
2358.7534628921558	834.048960931493	1.6076742646562918	1985.9759492425815
2362.5319555661094	835.6575861315803	1.6095763730390458	1986.9759492425815
2366.315183225564	837.2681141526923	1.6114799067860057	1987.9759492425815
2370.103149680838	838.8805464204345	1.613384866379747	1988.9759492425815
2373.8958587437014	840.4948843608948	1.615291252302847	1989.9759492425815
2377.693314227369	842.1111294006441	1.6171990650378822	1990.9759492425815
2381.495519946504	843.7292829667354	1.619108305067429	1991.9759492425815
2385.302479717217	845.3493464867047	1.6210189728740638	1992.9759492425815
2389.1141973570675	846.9713213885701	1.622931068940363	1993.9759492425815
2392.9306766850623	848.5952091008329	1.6248445937489036	1994.9759492425815
2396.7519215216566	850.2210110524761	1.6267595477822616	1995.9759492425815
2400.57793568875	851.8487286729666	1.6286759315230142	1996.9759492425815
2404.4087230096943	853.4783633922522	1.6305937454537371	1997.9759492425815
2408.2442873092864	855.1099166407646	1.6325129900570075	1998.9759492425815
2412.0846324137715	856.7433898494181	1.6344336658154015	1999.9759492425815
2415.929762150842	858.3787844496081	1.6363557732114955	2000.9759492425815
2419.7796803496403	860.0161018732144	1.6382793127278665	2001.9759492425815
2423.634390840753	861.6553435525982	1.6402042848470908	2002.9759492425815
2427.493897456217	863.2965109206039	1.642130690051745	2003.9759492425815
2431.3582040295155	864.9396054105578	1.644058528824405	2004.9759492425815
2435.227314395582	866.5846284562696	1.6459878016476486	2005.9759492425815
2439.101232390794	868.2315814920306	1.647918509004051	2006.9759492425815
2442.979961852979	869.8804659526159	1.6498506513761892	2007.9759492425815
2446.863506621412	871.5312832732826	1.65178422924664	2008.9759492425815
2450.7518705368157	873.1840348897696	1.6537192430979797	2009.9759492425815
2454.64505744136	874.8387222382996	1.655655693412785	2010.9759492425815
2458.543071178663	876.4953467555772	1.6575935806736322	2011.9759492425815
2462.445915593791	878.1539098787898	1.6595329053630978	2012.9759492425815
2466.3535945332574	879.8144130456071	1.6614736679637585	2013.9759492425815
2470.2661118450214	881.476857694182	1.6634158689581906	2014.9759492425815
2474.1834713784942	883.1412452631489	1.6653595088289705	2015.9759492425815
2478.105676984532	884.8075771916261	1.6673045880586752	2016.9759492425815
2482.032732515439	886.4758549192136	1.6692511071298815	2017.9759492425815
2485.9646418249663	888.1460798859939	1.6711990665251646	2018.9759492425815
2489.901408768316	889.8182535325327	1.6731484667271022	2019.9759492425815
2493.8430372021317	891.4923772998777	1.67509930821827	2020.9759492425815
2497.789530984513	893.1684526295599	1.6770515914812454	2021.9759492425815
2501.7408939750003	894.8464809635918	1.6790053169986041	2022.9759492425815
2505.6971300345867	896.5264637444693	1.6809604852529234	2023.9759492425815
2509.658243025708	898.208402415171	1.6829170967267792	2024.9759492425815
2513.624236812252	899.8922984191569	1.684875151902748	2025.9759492425815
2517.5951152595526	901.5781532003714	1.6868346512634071	2026.9759492425815
2521.5708822343904	903.2659682032395	1.688795595291332	2027.9759492425815
2525.5515416049957	904.9557448726705	1.6907579844691	2028.9759492425815
2529.5370972410446	906.6474846540552	1.692721819279287	2029.9759492425815
2533.5275530136646	908.3411889932676	1.6946871002044703	2030.9759492425815
2537.5229127954244	910.0368593366635	1.6966538277272254	2031.9759492425815
2541.5231804603477	911.734497131082	1.6986220023301297	2032.9759492425815
2545.528359883901	913.4341038238447	1.700591624495759	2033.9759492425815
2549.5384549429996	915.1356808627552	1.7025626947066905	2034.9759492425815
2553.5534695160086	916.8392296961006	1.7045352134455005	2035.9759492425815
2557.5734074827383	918.5447517726496	1.7065091811947655	2036.9759492425815
2561.598272724447	920.2522485416545	1.7084845984370618	2037.9759492425815
2565.6280691238426	921.9617214528491	1.710461465654966	2038.9759492425815
2569.6628005650787	923.6731719564505	1.7124397833310547	2039.9759492425815
2573.7024709337575	925.3866015031581	1.7144195519479044	2040.9759492425815
2577.747084116929	927.1020115441538	1.7164007719880916	2041.9759492425815
2581.7966440030923	928.8194035311029	1.7183834439341934	2042.9759492425815
2585.8511544821895	930.5387789161517	1.720367568268785	2043.9759492425815
2589.910619445617	932.260139151931	1.7223531454744443	2044.9759492425815
2593.975042786213	933.983485691552	1.7243401760337467	2045.9759492425815
2598.044428398268	935.7088199886105	1.7263286604292698	2046.9759492425815
2602.118780177517	937.4361434971836	1.728318599143589	2047.9759492425815
2606.198102021145	939.1654576718313	1.730309992659282	2048.9759492425815
2610.282397827782	940.8967639675969	1.732302841458924	2049.9759492425815
2614.3716714975094	942.6300638400045	1.7342971460250924	2050.9759492425815
2618.465926931853	944.3653587450633	1.7362929068403639	2051.9759492425815
2622.5651680337887	946.1026501392628	1.7382901243873143	2052.9759492425815
2626.669398707739	947.8419394795758	1.7402887991485205	2053.9759492425815
2630.7786228595737	949.5832282234587	1.742288931606559	2054.9759492425815
2634.8928443966106	951.3265178288488	1.7442905222440066	2055.9759492425815
2639.012067227616	953.0718097541672	1.7462935715434393	2056.9759492425815
2643.1362952628037	954.8191054583172	1.7482980799874335	2057.9759492425815
2647.2655324138354	956.5684064006846	1.7503040480585668	2058.9759492425815
2651.3997825938195	958.3197140411376	1.7523114762394145	2059.9759492425815
2655.539049717312	960.0730298400274	1.7543203650125536	2060.9759492425815
2659.683337700319	961.8283552581878	1.756330714860561	2061.9759492425815
2663.832650460292	963.5856917569344	1.7583425262660126	2062.9759492425815
2667.986991916129	965.3450407980665	1.7603557997114851	2063.9759492425815
2672.1463659881806	967.1064038438647	1.7623705356795547	2064.9759492425815
2676.310776598241	968.8697823570938	1.7643867346527988	2065.9759492425815
2680.4802276695536	970.6351778009998	1.7664043971137937	2066.9759492425815
2684.654723126808	972.4025916393119	1.7684235235451151	2067.9759492425815
2688.834266896145	974.1720253362408	1.7704441144293401	2068.9759492425815
2693.0188629051486	975.9434803564822	1.7724661702490454	2069.9759492425815
2697.208515082855	977.716958165212	1.7744896914868076	2070.9759492425815
2701.403227359743	979.4924602280889	1.776514678625202	2071.9759492425815
2705.603003667746	981.2699880112566	1.778541132146807	2072.9759492425815
2709.8078479402384	983.0495429813382	1.7805690525341977	2073.9759492425815
2714.0177641120463	984.8311266054412	1.7825984402699513	2074.9759492425815
2718.2327561194406	986.6147403511549	1.7846292958366434	2075.9759492425815
2722.4528279001447	988.4003856865522	1.786661619716852	2076.9759492425815
2726.6779833933238	990.1880640801876	1.7886954123931524	2077.9759492425815
2730.9082265395964	991.9777770010978	1.7907306743481217	2078.9759492425815
2735.1435612810246	993.769525918804	1.7927674060643364	2079.9759492425815
2739.3839915611197	995.563312303308	1.7948056080243728	2080.9759492425815
2743.6295213248413	997.3591376250951	1.7968452807108075	2081.9759492425815
2747.880154518596	999.1570033551325	1.798886424606217	2082.9759492425815
2752.1358950902377	1000.9569109648712	1.8009290401931777	2083.9759492425815
2756.3967469890704	1002.7588619262438	1.802973127954267	2084.9759492425815
2760.6627141658405	1004.5628577116652	1.8050186883720594	2085.9759492425815
2764.9338005727514	1006.3688997940343	1.8070657219291337	2086.9759492425815
2769.210010163443	1008.1769896467309	1.8091142291080653	2087.9759492425815
2773.4913468930113	1009.9871287436185	1.8111642103914307	2088.9759492425815
2777.777814717996	1011.7993185590426	1.8132156662618064	2089.9759492425815
2782.069417596387	1013.6135605678319	1.8152685972017695	2090.9759492425815
2786.36615948762	1015.4298562452971	1.8173230036938959	2091.9759492425815
2790.6680443525797	1017.2482070672316	1.8193788862207625	2092.9759492425815
2794.9750761535956	1019.0686145099108	1.8214362452649449	2093.9759492425815
2799.2872588544515	1020.8910800500945	1.8234950813090214	2094.9759492425815
2803.60459642037	1022.7156051650234	1.825555394835567	2095.9759492425815
2807.9270928180285	1024.5421913324203	1.8276171863271584	2096.9759492425815
2812.254752015549	1026.3708400304934	1.8296804562663727	2097.9759492425815
2816.587577982504	1028.2015527379303	1.8317452051357865	2098.9759492425815
2820.9255746899094	1030.0343309339028	1.8338114334179756	2099.9759492425815
2825.268746110232	1031.8691760980646	1.8358791415955167	2100.9759492425815
2829.6170962173846	1033.706089710553	1.8379483301509867	2101.9759492425815
2833.9706289867313	1035.5450732519869	1.8400189995669625	2102.9759492425815
2838.329348395077	1037.3861282034677	1.8420911503260191	2103.9759492425815
2842.693258420681	1039.2292560465803	1.8441647829107342	2104.9759492425815
2847.0623630432488	1041.074458263392	1.8462398978036842	2105.9759492425815
2851.4366662439306	1042.9217363364519	1.848316495487446	2106.9759492425815
2855.816172005328	1044.7710917487914	1.8503945764445948	2107.9759492425815
2860.2008843114872	1046.6225259839262	1.8524741411577081	2108.9759492425815
2864.5908071479053	1048.4760405258533	1.8545551901093624	2109.9759492425815
2868.985944501525	1050.3316368590517	1.8566377237821343	2110.9759492425815
2873.3863003607357	1052.1893164684848	1.8587217426585996	2111.9759492425815
2877.7918787153794	1054.0490808395975	1.860807247221336	2112.9759492425815
2882.2026835567394	1055.9109314583177	1.8628942379529188	2113.9759492425815
2886.618718877551	1057.774869811054	1.8649827153359249	2114.9759492425815
2891.039988671997	1059.6408973847006	1.8670726798529316	2115.9759492425815
2895.4664969357054	1061.5090156666322	1.8691641319865147	2116.9759492425815
2899.898247665754	1063.3792261447068	1.8712570722192503	2117.9759492425815
2904.335244860668	1065.2515303072646	1.8733515010337156	2118.9759492425815
2908.7774925204194	1067.125929643129	1.875447418912487	2119.9759492425815
2913.2249946464312	1069.0024256416054	1.8775448263381411	2120.9759492425815
2917.677755241569	1070.8810197924815	1.879643723793254	2121.9759492425815
2922.1357783101503	1072.7617135860287	1.8817441117604028	2122.9759492425815
2926.599067857938	1074.6445085130006	1.8838459907221634	2123.9759492425815
2931.067627892144	1076.5294060646324	1.8859493611611131	2124.9759492425815
2935.5414624214263	1078.4164077326427	1.8880542235598274	2125.9759492425815
2940.0205754558942	1080.305515009233	1.8901605784008841	2126.9759492425815
2944.5049710071003	1082.1967293870862	1.8922684261668585	2127.9759492425815
2948.994653088048	1084.0900523593693	1.8943777673403281	2128.9759492425815
2953.489625713185	1085.98548541973	1.896488602403868	2129.9759492425815
2957.9898928984135	1087.883030062301	1.8986009318400565	2130.9759492425815
2962.495458661075	1089.7826877816956	1.9007147561314692	2131.9759492425815
2967.0063270199653	1091.6844600730099	1.9028300757606824	2132.9759492425815
2971.522501995324	1093.5883484318238	1.9049468912102732	2133.9759492425815
2976.04398760884	1095.494354354198	1.9070652029628177	2134.9759492425815
2980.5707878836497	1097.4024793366777	1.9091850115008926	2135.9759492425815
2985.1029068443386	1099.3127248762892	1.9113063173070741	2136.9759492425815
2989.6403485169362	1101.2250924705422	1.9134291208639391	2137.9759492425815
2994.183116928925	1103.1395836174283	1.9155534226540645	2138.9759492425815
2998.7312161092304	1105.056199815422	1.9176792231600257	2139.9759492425815
3003.284650088228	1106.9749425634811	1.9198065228644003	2140.9759492425815
3007.8434228977417	1108.8958133610447	1.9219353222497644	2141.9759492425815
3012.407538571039	1110.8188137080353	1.9240656217986942	2142.9759492425815
3016.977001142842	1112.7439451048572	1.9261974219937663	2143.9759492425815
3021.551814649314	1114.671209052399	1.9283307233175582	2144.9759492425815
3026.13198312807	1116.6006070520298	1.9304655262526451	2145.9759492425815
3030.7175106181703	1118.5321406056025	1.9326018312816042	2146.9759492425815
3035.3084011601263	1120.4658112154516	1.9347396388870117	2147.9759492425815
3039.9046587958937	1122.4016203843958	1.9368789495514447	2148.9759492425815
3044.506287568876	1124.339569615735	1.9390197637574789	2149.9759492425815
3049.113291523928	1126.2796604132523	1.9411620819876914	2150.9759492425815
3053.7256747073484	1128.2218942812128	1.9433059047246588	2151.9759492425815
3058.343441166885	1130.166272724365	1.9454512324509574	2152.9759492425815
3062.966594951733	1132.1127972479387	1.9475980656491634	2153.9759492425815
3067.5951401125376	1134.0614693576476	1.9497464048018538	2154.9759492425815
3072.2290807013874	1136.0122905596877	1.9518962503916046	2155.9759492425815
3076.868420771824	1137.9652623607378	1.9540476029009934	2156.9759492425815
3081.5131643788295	1139.9203862679574	1.956200462812595	2157.9759492425815
3086.1633155788436	1141.877663788991	1.9583548306089877	2158.9759492425815
3090.818878429744	1143.8370964319645	1.960510706772747	2159.9759492425815
3095.4798569908626	1145.7986857054866	1.9626680917864499	2160.9759492425815
3100.1462553229762	1147.762433118648	1.9648269861326721	2161.9759492425815
3104.8180774883094	1149.7283401810237	1.966987390293991	2162.9759492425815
3109.4953275505372	1151.696408402669	1.969149304752983	2163.9759492425815
3114.1780095747777	1153.6666392941231	1.9713127299922242	2164.9759492425815
3118.8661276275993	1155.6390343664075	1.973477666494291	2165.9759492425815
3123.55968577702	1157.6135951310266	1.9756441147417607	2166.9759492425815
3128.258688092503	1159.590323099967	1.9778120752172095	2167.9759492425815
3132.9631386449587	1161.569219785698	1.9799815484032135	2168.9759492425815
3137.6730415067464	1163.5502867011712	1.9821525347823497	2169.9759492425815
3142.3884007516754	1165.5335253598212	1.9843250348371944	2170.9759492425815
3147.1092204549977	1167.5189372755651	1.986499049050324	2171.9759492425815
3151.8355046934175	1169.506523962802	1.9886745779043151	2172.9759492425815
3156.567257545084	1171.4962869364147	1.9908516218817447	2173.9759492425815
3161.304483089596	1173.4882277117676	1.993030181465189	2174.9759492425815
3166.0471854079965	1175.4823478047078	1.9952102571372232	2175.9759492425815
3170.795368582784	1177.4786487315657	1.9973918493804264	2176.9759492425815
3175.549036697894	1179.4771320091534	1.9995749586773732	2177.9759492425815
3180.3081938387195	1181.4777991547662	2.001759585510641	2178.9759492425815
3185.072844092095	1183.4806516861809	2.0039457303628057	2179.9759492425815
3189.8429915463057	1185.4856911216584	2.0061333937164445	2180.9759492425815
3194.6186402910816	1187.492918979942	2.0083225760541334	2181.9759492425815
3199.399794417605	1189.502336780256	2.0105132778584487	2182.9759492425815
3204.186458018503	1191.5139460423084	2.0127054996119678	2183.9759492425815
3208.978635187849	1193.5277482862903	2.0148992417972664	2184.9759492425815
3213.776330021169	1195.5437450328745	2.0170945048969218	2185.9759492425815
3218.579546615429	1197.5619378032166	2.019291289393509	2186.9759492425815
3223.388289069053	1199.5823281189546	2.021489595769607	2187.9759492425815
3228.202561481903	1201.60491750221	2.02368942450779	2188.9759492425815
3233.022367955295	1203.6297074755853	2.0258907760906357	2189.9759492425815
3237.8477125919876	1205.6566995621668	2.0280936510007197	2190.9759492425815
3242.678599496194	1207.6858952855232	2.03029804972062	2191.9759492425815
3247.5150327735696	1209.7172961697056	2.0325039727329117	2192.9759492425815
3252.357016531218	1211.750903739247	2.0347114205201717	2193.9759492425815
3257.204554877693	1213.786719519165	2.036920393564977	2194.9759492425815
3262.0576519229962	1215.8247450349575	2.0391308923499043	2195.9759492425815
3266.9163117785724	1217.864981812606	2.0413429173575293	2196.9759492425815