9.742712e-8	7.78799e-13	1.047129e-10	930.428808666363
9.969651e-8	8.092866e-13	1.0715190000000001e-10	930.4297850677403
1.020188e-7	8.409501e-13	1.096478e-10	930.4303501766565
1.043951e-7	8.73834e-13	1.1220180000000002e-10	930.4304728979391
1.068268e-7	9.079846e-13	1.148154e-10	930.4301338026083
1.093151e-7	9.434498e-13	1.174898e-10	930.4300752048265
1.118614e-7	9.802794e-13	1.202264e-10	930.4310890070733
1.14467e-7	1.018525e-12	1.230269e-10	930.4308124889759
1.171333e-7	1.05824e-12	1.258925e-10	930.4315844073315
1.198618e-7	1.09948e-12	1.28825e-10	930.4319773335923
1.226537e-7	1.142303e-12	1.318257e-10	930.4319438698221
1.255107e-7	1.186768e-12	1.348963e-10	930.4323896800727
1.284343e-7	1.232937e-12	1.380384e-10	930.4333644623524
1.314259e-7	1.280874e-12	1.412538e-10	930.4328865772108
1.344873e-7	1.330647e-12	1.4454399999999998e-10	930.4338516091987
1.376199e-7	1.382322e-12	1.479108e-10	930.4343044726957
1.408255e-7	1.435974e-12	1.513561e-10	930.4344917317505
1.441058e-7	1.491674e-12	1.548817e-10	930.4345941063405
1.474625e-7	1.549501e-12	1.584893e-10	930.435363781656
1.508974e-7	1.609534e-12	1.62181e-10	930.4358065001448
1.544122e-7	1.671855e-12	1.6595870000000001e-10	930.4355351964074
1.58009e-7	1.736551e-12	1.698244e-10	930.4360065514733
1.616896e-7	1.80371e-12	1.737801e-10	930.43682049901
1.654558e-7	1.873423e-12	1.7782789999999997e-10	930.4370878979058
1.693098e-7	1.945787e-12	1.8197010000000002e-10	930.4371750468895
1.732536e-7	2.0209e-12	1.862087e-10	930.4378415186832
1.772893e-7	2.098865e-12	1.905461e-10	930.4383499058758
1.814189e-7	2.179788e-12	1.9498450000000002e-10	930.4384696629733
1.856447e-7	2.263778e-12	1.9952619999999999e-10	930.4390289495815
1.89969e-7	2.350951e-12	2.041738e-10	930.4394146114731
1.94394e-7	2.441423e-12	2.089296e-10	930.4399253289146
1.989221e-7	2.535318e-12	2.1379620000000003e-10	930.4404630110357
2.035557e-7	2.632763e-12	2.187762e-10	930.4409381047847
2.082971e-7	2.733888e-12	2.238721e-10	930.441238046188
2.131491e-7	2.838831e-12	2.290868e-10	930.4418186949225
2.18114e-7	2.947732e-12	2.344229e-10	930.4421527589667
2.231946e-7	3.060738e-12	2.398833e-10	930.4426808285529
2.2839360000000003e-7	3.178e-12	2.454709e-10	930.4433967529349
2.337136e-7	3.299676e-12	2.511886e-10	930.443896243699
2.391576e-7	3.425927e-12	2.570396e-10	930.4442814531302
2.447283e-7	3.556923e-12	2.630268e-10	930.4445665726839
2.504289e-7	3.692838e-12	2.691535e-10	930.4452397535234
2.562622e-7	3.833852e-12	2.754229e-10	930.445630526728
2.622314e-7	3.980154e-12	2.818383e-10	930.4462174019641
2.683397e-7	4.131936e-12	2.884032e-10	930.4467909371325
2.745902e-7	4.289401e-12	2.951209e-10	930.4474518781965
2.809863e-7	4.452756e-12	3.019952e-10	930.4477447191213
2.875314e-7	4.622216e-12	3.090295e-10	930.448459503057
2.94229e-7	4.798006e-12	3.162278e-10	930.4488663109314
3.010826e-7	4.980355e-12	3.2359370000000006e-10	930.4494505146422
3.080958e-7	5.169504e-12	3.3113109999999996e-10	930.4501132753766
3.152724e-7	5.3657e-12	3.3884420000000004e-10	930.4505306568625
3.226162e-7	5.5692e-12	3.4673690000000003e-10	930.4512130090568
3.30131e-7	5.780271e-12	3.548134e-10	930.4518382648456
3.378209e-7	5.999186e-12	3.6307810000000007e-10	930.4524265881088
3.456899e-7	6.226231e-12	3.715352e-10	930.4532282028728
3.537422e-7	6.461702e-12	3.801894e-10	930.4537730457502
3.619821e-7	6.705902e-12	3.890451e-10	930.4546077100059
3.704139e-7	6.95915e-12	3.9810719999999997e-10	930.4550612247153
3.790421e-7	7.221772e-12	4.0738029999999993e-10	930.4556989427324
3.878713e-7	7.494107e-12	4.168694e-10	930.456382999088
3.969062e-7	7.776505e-12	4.265795e-10	930.4572219363565
4.061515e-7	8.069331e-12	4.365158e-10	930.4578879641928
4.156121e-7	8.372959e-12	4.466836e-10	930.4583220852522
4.252932e-7	8.68778e-12	4.570882e-10	930.4591275381862
4.351997e-7	9.014195e-12	4.677351000000001e-10	930.459814102042
4.453371e-7	9.352621e-12	4.786301e-10	930.4606054257767
4.557105e-7	9.703489e-12	4.897788e-10	930.4612684113728
4.6632559999999994e-7	1.006725e-11	5.011871999999999e-10	930.4620454193562
4.77188e-7	1.044435e-11	5.128614e-10	930.4627806849962
4.883034e-7	1.083529e-11	5.248075e-10	930.4635228917269
4.996777e-7	1.124055e-11	5.370318e-10	930.4643422419305
5.113169e-7	1.166065e-11	5.495409e-10	930.4649765831806
5.232273e-7	1.209611e-11	5.623413e-10	930.465886304278
5.354151e-7	1.254748e-11	5.754399000000001e-10	930.4666698989764
5.478868e-7	1.301533e-11	5.888436999999999e-10	930.4673130238125
5.606491e-7	1.350025e-11	6.025595999999999e-10	930.4682893609197
5.737086e-7	1.400285e-11	6.16595e-10	930.469113194236
5.870723e-7	1.452374e-11	6.309573e-10	930.4699759238857
6.007473e-7	1.506358e-11	6.456542e-10	930.4707745725187
6.147409e-7	1.562305e-11	6.606934000000001e-10	930.4717181222031
6.290604e-7	1.620283e-11	6.760829999999999e-10	930.4724461789453
6.437135e-7	1.680365e-11	6.918309999999999e-10	930.4733434176845
6.587079e-7	1.742624e-11	7.079458e-10	930.4742343834796
6.740516e-7	1.807139e-11	7.244359999999999e-10	930.4751163525833
6.897527e-7	1.873987e-11	7.413102e-10	930.4761216964235
7.058195e-7	1.943253e-11	7.585775999999999e-10	930.4768985137447
7.222606e-7	2.01502e-11	7.762471000000001e-10	930.4778725743387
7.390847e-7	2.089377e-11	7.943281999999999e-10	930.4788546724138
7.563007e-7	2.166414e-11	8.128305e-10	930.4798037721271
7.739177e-7	2.246226e-11	8.317638000000001e-10	930.4806992802523
7.919451e-7	2.32891e-11	8.51138e-10	930.4817657066186
8.103925e-7	2.414567e-11	8.709636e-10	930.482795917074
8.292695e-7	2.5033e-11	8.912509e-10	930.4838098901218
8.485863e-7	2.595218e-11	9.120107999999999e-10	930.4848716484498
8.68353e-7	2.690431e-11	9.332542999999998e-10	930.4858325431771
8.885802e-7	2.789054e-11	9.549926e-10	930.486886013567
9.092785e-7	2.891207e-11	9.772372e-10	930.4879225535009
9.304590000000001e-7	2.997011e-11	1.0000000000000003e-9	930.48897011
9.521329e-7	3.106595e-11	1.023293e-9	930.4900609600573
9.743117e-7	3.220089e-11	1.047129e-9	930.4907999778443
9.970071e-7	3.33763e-11	1.071519e-9	930.4925776397806
1.020231e-6	3.459357e-11	1.096478e-9	930.4934468087824
1.043996e-6	3.585415e-11	1.122018e-9	930.4947462072801
1.068315e-6	3.715955e-11	1.148154e-9	930.4955254695799
1.0932e-6	3.851132e-11	1.174898e-9	930.4965293327591
1.118665e-6	3.991105e-11	1.202264e-9	930.4985519403393
1.144723e-6	4.13604e-11	1.230269e-9	930.4992326068526
1.171388e-6	4.286109e-11	1.2589250000000002e-9	930.5009123577655
1.198674e-6	4.441488e-11	1.28825e-9	930.5013893887057
1.226596e-6	4.60236e-11	1.3182569999999998e-9	930.5029471491522
1.255168e-6	4.768913e-11	1.348963e-9	930.5041644062884
1.284406e-6	4.941343e-11	1.380384e-9	930.5058689683452
1.314324e-6	5.119851e-11	1.412538e-9	930.5060809054341
1.34494e-6	5.304646e-11	1.4454400000000001e-9	930.5076976284039
1.376269e-6	5.495944e-11	1.479108e-9	930.5094417987057
1.408328e-6	5.693966e-11	1.513561e-9	930.51085464015
1.441133e-6	5.898942e-11	1.548817e-9	930.5114738668287
1.474703e-6	6.11111e-11	1.584893e-9	930.5133602710088
1.509055e-6	6.330715e-11	1.62181e-9	930.5148612661162
1.544207e-6	6.558011e-11	1.659587e-9	930.5161947580934
1.580177e-6	6.79326e-11	1.6982440000000002e-9	930.5170120430279
1.616986e-6	7.036732e-11	1.7378010000000003e-9	930.5187229838168
1.654652e-6	7.288706e-11	1.778279e-9	930.520400375869
1.693196e-6	7.549472e-11	1.819701e-9	930.5218245854677
1.732637e-6	7.819327e-11	1.8620869999999998e-9	930.523221133062
1.772997e-6	8.098581e-11	1.905461e-9	930.5244168261643
1.814298e-6	8.38755e-11	1.949845e-9	930.5262087499264
1.85656e-6	8.686564e-11	1.995262e-9	930.5278533044784
1.8998069999999998e-6	8.995962e-11	2.041738e-9	930.5292645873271
1.944061e-6	9.316096e-11	2.089296e-9	930.5307438295005
1.989346e-6	9.647326e-11	2.1379620000000006e-9	930.5321952682041
2.035687e-6	9.990029e-11	2.187762e-9	930.5339887474048
2.083106e-6	1.034459e-10	2.238721e-9	930.5355360940467
2.13163e-6	1.071141e-10	2.290868e-9	930.536859434939
2.181285e-6	1.109089e-10	2.344229e-9	930.5387438257952
2.232096e-6	1.148347e-10	2.398833e-9	930.5403230237371
2.284091e-6	1.188959e-10	2.454709e-9	930.5420299921495
2.337297e-6	1.230969e-10	2.511886e-9	930.5438610271327
2.391743e-6	1.274425e-10	2.5703959999999997e-9	930.545504467016
2.447457e-6	1.319375e-10	2.630268e-9	930.5473577217227
2.504468e-6	1.365869e-10	2.691535e-9	930.5487712030496
2.562808e-6	1.413959e-10	2.754229e-9	930.5505809066713
2.622507e-6	1.463698e-10	2.818383e-9	930.5525082290093
2.683597e-6	1.515141e-10	2.8840319999999994e-9	930.5543468657769
2.746109e-6	1.568345e-10	2.9512089999999995e-9	930.5562006960538
2.810078e-6	1.623369e-10	3.019952e-9	930.5579482389123
2.875537e-6	1.680272e-10	3.0902949999999996e-9	930.5600362424946
2.942521e-6	1.739118e-10	3.162278e-9	930.5617380255626
3.011065e-6	1.799971e-10	3.235937e-9	930.5635422135845
3.081206e-6	1.862899e-10	3.311311e-9	930.5656550834398
3.152981e-6	1.927969e-10	3.388442e-9	930.5674398145223
3.226428e-6	1.995252e-10	3.467369e-9	930.5694101781495
3.301586e-6	2.064823e-10	3.548134e-9	930.5715292319851
3.378494e-6	2.136757e-10	3.630781e-9	930.5732501354393
3.457195e-6	2.211132e-10	3.7153519999999994e-9	930.575652912564
3.537728e-6	2.288028e-10	3.801894e-9	930.5774445052913
3.620138e-6	2.36753e-10	3.890451e-9	930.579707339843
3.704468e-6	2.449722e-10	3.981072e-9	930.5817559190086
3.790762e-6	2.534695e-10	4.073803e-9	930.5838965458075
3.879066e-6	2.622538e-10	4.168694e-9	930.5859949902775
3.969427e-6	2.713348e-10	4.265795000000001e-9	930.5881634724594
4.061893e-6	2.807222e-10	4.365158e-9	930.5903067426196
4.156514e-6	2.90426e-10	4.466836e-9	930.5925773858721
4.253338e-6	3.004567e-10	4.570882e-9	930.5946766291495
4.352418e-6	3.108249e-10	4.677351e-9	930.5970034962097
4.453806e-6	3.215419e-10	4.786301e-9	930.599129035136
4.538835e-6	3.306119e-10	4.877671e-9	930.6010208355586
4.675023e-6	3.30612e-10	5.024015000107458e-9	930.601045558184
4.772363e-6	3.407815e-10	5.128614e-9	930.6030404120879
4.883534e-6	3.525066e-10	5.248075000000001e-9	930.6053184453347
4.997294e-6	3.646249e-10	5.370318e-9	930.6075775959636
5.113705e-6	3.771492e-10	5.4954089999999994e-9	930.6099235197962
5.232827e-6	3.900928e-10	5.623413e-9	930.6122621262211
5.354725e-6	4.034695e-10	5.754399e-9	930.6147296181581
5.479462e-6	4.172934e-10	5.888437e-9	930.6169520706429
5.607105e-6	4.31579e-10	6.025596000000001e-9	930.6194074411893
5.737721e-6	4.463415e-10	6.16595e-9	930.6217762875144
5.871381e-6	4.615965e-10	6.309573e-9	930.6244014452324
6.008154e-6	4.773598e-10	6.456542e-9	930.6268525473853
6.148113e-6	4.936482e-10	6.606933999999999e-9	930.6293430810722
6.291332e-6	5.104787e-10	6.76083e-9	930.631664854759
6.437888e-6	5.278688e-10	6.918310000000001e-9	930.634196617382
6.587859e-6	5.458369e-10	7.079458e-9	930.6368986015597
6.741322e-6	5.644017e-10	7.24436e-9	930.6393389754237
6.898361e-6	5.835826e-10	7.413102e-9	930.642068947655
7.059059e-6	6.033995e-10	7.585776e-9	930.6447223725035
7.2235e-6	6.238732e-10	7.762471e-9	930.6474540387977
7.391771e-6	6.450248e-10	7.943282e-9	930.6500795011433
7.563963e-6	6.668763e-10	8.128305e-9	930.6528084637573
7.740166e-6	6.894505e-10	8.317637999999998e-9	930.6554878320024
7.920474e-6	7.127707e-10	8.51138e-9	930.6583386830338
8.104983e-6	7.36861e-10	8.709636e-9	930.6611505922866
8.293789e-6	7.617464e-10	8.912509e-9	930.6639405805929
8.486994e-6	7.874525e-10	9.120108e-9	930.6667697904454
8.684701e-6	8.140058e-10	9.332543e-9	930.669701259346
8.887013e-6	8.414337e-10	9.549926e-9	930.6725972222193
9.094038e-6	8.697645e-10	9.772371999999998e-9	930.6755580426126
9.305886e-6	8.990271e-10	1.e-8	930.67850271
9.522669e-6	9.292518e-10	1.023293e-8	930.6814618882372
9.744502e-6	9.604694e-10	1.047129e-8	930.6840388720016
9.971504e-6	9.927119e-10	1.071519e-8	930.6878097261924
0.00001020379	1.026012e-9	1.0964780000000002e-8	930.6904481439664
0.00001044149	1.060405e-9	1.1220179999999998e-8	930.6936613316362
0.00001068473	1.095924e-9	1.148154e-8	930.6962240256969
0.00001093364	1.132607e-9	1.174898e-8	930.6997379346973
0.00001118834	1.170491e-9	1.202264e-8	930.7032807270284
0.00001144898	1.209614e-9	1.230269e-8	930.7061800305462
0.00001171569	1.250016e-9	1.258925e-8	930.7099323629286
0.00001198861	1.291738e-9	1.28825e-8	930.7123413933631
0.00001226789	1.334822e-9	1.318257e-8	930.7156967116427
0.00001255368	1.379313e-9	1.3489630000000002e-8	930.7193238806401
0.00001284613	1.425255e-9	1.3803840000000001e-8	930.7232809855808
0.00001314539	1.472695e-9	1.4125379999999998e-8	930.7263022304534
0.00001345162	1.52168e-9	1.44544e-8	930.729859419969
0.00001376498	1.57226e-9	1.479108e-8	930.733405539014
0.00001408565	1.624487e-9	1.513561e-8	930.7371481559052
0.00001441378	1.678413e-9	1.548817e-8	930.7399397733883
0.00001474956	1.734091e-9	1.584893e-8	930.7438477550221
0.00001509316	1.791579e-9	1.6218099999999996e-8	930.7472255689632
0.00001544477	1.850934e-9	1.6595870000000003e-8	930.7508997117957
0.00001580457	1.912216e-9	1.6982440000000004e-8	930.7544861633544
0.00001617275	1.975486e-9	1.737801e-8	930.7582102899008
0.00001654951	2.040808e-9	1.778279e-8	930.7623161494905
0.00001693504	2.108247e-9	1.819701e-8	930.7654525111543
0.00001732956	2.17787e-9	1.8620870000000003e-8	930.7695005657631
0.00001773327	2.249748e-9	1.9054609999999996e-8	930.7731697473735
0.00001814639	2.323952e-9	1.949845e-8	930.7772644492253
0.00001856912	2.400556e-9	1.995262e-8	930.7810481029559
0.00001900171	2.479638e-9	2.041738e-8	930.7849311713843
0.00001944438	2.561274e-9	2.089296e-8	930.7891880327153
0.00001989735	2.645548e-9	2.137962e-8	930.7927618919325
0.00002036089	2.732543e-9	2.187762e-8	930.7969762250191
0.00002083522	2.822346e-9	2.238721e-8	930.801218463578
0.0000213206	2.915045e-9	2.290868e-8	930.8050505310651
0.00002181729	3.010733e-9	2.344229e-8	930.8092653490764
0.00002232555	3.109505e-9	2.398833e-8	930.8134207341653
0.00002284565	3.211459e-9	2.4547090000000004e-8	930.8175208955521
0.00002337787	3.316696e-9	2.5118860000000003e-8	930.8219678759307
0.00002392249	3.42532e-9	2.5703959999999997e-8	930.8260408123884
0.0000244798	3.53744e-9	2.6302680000000005e-8	930.8305252544607
0.00002505009	3.653165e-9	2.691535e-8	930.8347528454952
0.00002563367	3.77261e-9	2.754229e-8	930.8391789498985
0.00002623084	3.895894e-9	2.8183830000000005e-8	930.8435331181034
0.00002684193	4.023137e-9	2.8840320000000005e-8	930.8479634414597
0.00002746725	4.154466e-9	2.9512090000000002e-8	930.852557917789
0.00002810714	4.29001e-9	3.019952e-8	930.8568483869942
0.00002876195	4.429903e-9	3.090295e-8	930.8619372260578
0.000029432	4.574283e-9	3.162278e-8	930.8661124354026
0.00003011767	4.723291e-9	3.235937e-8	930.8708201364859
0.00003081931	4.877074e-9	3.311311e-8	930.8756282330471
0.0000315373	5.035783e-9	3.388442e-8	930.8802034386305
0.00003227202	5.199575e-9	3.4673690000000004e-8	930.8850478561699
0.00003302385	5.36861e-9	3.548134e-8	930.8898313874276
0.00003379321	5.543054e-9	3.630781000000001e-8	930.8948420188383
0.00003458048	5.723078e-9	3.715352e-8	930.8997661056071
0.0000353861	5.908859e-9	3.801894e-8	930.9046716978434
0.00003621049	6.100579e-9	3.890451e-8	930.9098245678972
0.00003705408	6.298425e-9	3.981072e-8	930.9145482674014
0.00003791733	6.502591e-9	4.073803e-8	930.9196490601042
0.0000388007	6.713277e-9	4.168694e-8	930.9249677956693
0.00003970464	6.930689e-9	4.265795e-8	930.9301241386424
0.00004062964	7.155039e-9	4.3651580000000004e-8	930.9352614269632
0.0000415762	7.386547e-9	4.466836000000001e-8	930.9405258442439
0.00004254481	7.625437e-9	4.570882e-8	930.9458313953413
0.00004353598	7.871944e-9	4.677351000000001e-8	930.9511290471894
0.00004455025	8.126309e-9	4.786301e-8	930.9564172625165
0.00004558815	8.388777e-9	4.897787999999999e-8	930.9618704811234
0.00004665024	8.659607e-9	5.011872e-8	930.9675029011116
0.00004773706	8.93906e-9	5.1286140000000005e-8	930.9727552122268
0.00004884922	9.22741e-9	5.248074999999999e-8	930.9784522896492
0.00004998728	9.524937e-9	5.370317999999999e-8	930.984067181869
0.00005115186	9.831929e-9	5.495409e-8	930.9897030230143
0.00005234357	1.014869e-8	5.623413e-8	930.9954415583561
0.00005356305	1.047552e-8	5.7543990000000006e-8	931.0012308844068
0.00005481094	1.081274e-8	5.888436999999999e-8	931.0068654890932
0.00005608791	1.116067e-8	6.025596e-8	931.0128105170013
0.000057394629999999996	1.151966e-8	6.16595e-8	931.0187345015772
0.00005873179	1.189006e-8	6.309573e-8	931.0246519059214
0.00006010011	1.227221e-8	6.456542e-8	931.0306075605178
0.00006150031	1.26665e-8	6.606934e-8	931.0366427150628
0.00006293314	1.30733e-8	6.76083e-8	931.0426870665287
0.00006439935	1.349302e-8	6.91831e-8	931.0488113426546
0.00006589972	1.392604e-8	7.079457999999999e-8	931.0549768075465
0.00006743505	1.43728e-8	7.24436e-8	931.0611675841619
0.00006900616	1.483373e-8	7.413102e-8	931.0676384865607
0.00007061387	1.530926e-8	7.585776e-8	931.0738843329938
0.00007225904	1.579987e-8	7.762470999999999e-8	931.0803205577195
0.00007394254	1.630602e-8	7.943281999999999e-8	931.0867475182173
0.00007566527	1.682821e-8	8.128305e-8	931.0932378890802
0.00007742814	1.736693e-8	8.317638000000002e-8	931.0997536800711
0.00007923208	1.792272e-8	8.51138e-8	931.1063860384567
0.00008107806	1.849609e-8	8.709636e-8	931.1130349190254
0.00008296705	1.908762e-8	8.912509e-8	931.1198184484302
0.00008490005	1.969786e-8	9.120108000000001e-8	931.1265596854773
0.00008687809	2.03274e-8	9.332543e-8	931.1333191821351
0.00008890223	2.097686e-8	9.549926000000002e-8	931.1402712439865
0.00009097352	2.164686e-8	9.772372e-8	931.1471857600181
0.00009309308	2.233804e-8	9.999999999999998e-8	931.1541804000001
0.00009526202	2.305107e-8	1.0232929999999999e-7	931.1611734859908
0.00009748151	2.378664e-8	1.0471290000000001e-7	931.1679519906335
0.0000997527	2.454544e-8	1.071519e-7	931.1756995442918
0.0001020768	2.532822e-8	1.0964780000000002e-7	931.1826431538069
0.0001044551	2.613572e-8	1.1220180000000002e-7	931.1903705644651
0.0001068888	2.696873e-8	1.148154e-7	931.1971105792429
0.0001093792	2.782803e-8	1.174898e-7	931.2044792824568
0.0001119276	2.871447e-8	1.202264e-7	931.2123998556058
0.0001145354	2.962888e-8	1.230269e-7	931.2193421113595
0.000117204	3.057214e-8	1.2589249999999996e-7	931.2276119705305
0.0001199348	3.154517e-8	1.28825e-7	931.2349712400544
0.0001227291	3.254889e-8	1.318257e-7	931.242154526773
0.0001255886	3.358427e-8	1.348963e-7	931.2500362871333
0.0001285148	3.465231e-8	1.3803839999999998e-7	931.2586375240514
0.0001315091	3.575401e-8	1.412538e-7	931.265948314311
0.0001345732	3.689045e-8	1.44544e-7	931.2741480102943
0.0001377086	3.806271e-8	1.479108e-7	931.281980152903
0.0001409172	3.927191e-8	1.513561e-7	931.2903273141949
0.0001442005	4.051922e-8	1.548817e-7	931.2980114500293
0.0001475603	4.180582e-8	1.584893e-7	931.3064403716844
0.0001509984	4.313295e-8	1.62181e-7	931.314598812438
0.0001522496	4.361852e-8	1.6352440000000002e-7	931.3180083216938
0.0001581168	4.397829e-8	1.698244e-7	931.3195176311532
0.0001618009	4.537383e-8	1.7378009999999998e-7	931.3280049326708
0.0001655708	4.681333e-8	1.778279e-7	931.336496297825
0.0001694285	4.829814e-8	1.8197010000000003e-7	931.3442051194124
0.0001733762	4.982969e-8	1.862087e-7	931.3529909719579
0.0001774158	5.140945e-8	1.905461e-7	931.3610168352959
0.0001815496	5.303892e-8	1.949845e-7	931.3696161489759
0.0001857796	5.471966e-8	1.995262e-7	931.378032859845
0.0001901083	5.645329e-8	2.0417380000000003e-7	931.3866582783883
0.0001945378	5.824145e-8	2.089296e-7	931.3952711822548
0.0001990706	6.008585e-8	2.1379619999999998e-7	931.4042337983557
0.000203709	6.198825e-8	2.1877620000000004e-7	931.4129610533503
0.0002084554	6.395048e-8	2.238721e-7	931.421782705393
0.0002133125	6.597441e-8	2.290868e-7	931.4306822130301
0.0002182827	6.806196e-8	2.3442290000000002e-7	931.4395562890827
0.0002233688	7.021512e-8	2.398833e-7	931.4488133188096
0.0002285734	7.243597e-8	2.454709e-7	931.458009768164
0.0002338992	7.47266e-8	2.511886e-7	931.4671390341758
0.0002393492	7.708921e-8	2.570396e-7	931.4762752898774
0.0002449262	7.952605e-8	2.630268e-7	931.4857879501252
0.0002506332	8.203945e-8	2.691535e-7	931.4953714144532
0.0002564731	8.463179e-8	2.754229e-7	931.5047216117468
0.0002624491	8.730556e-8	2.818383e-7	931.5142958213982
0.0002685644	9.006329e-8	2.884032e-7	931.5238641249474
0.0002748222	9.290762e-8	2.951209e-7	931.5338480602355
0.0002812258	9.584125e-8	3.019952e-7	931.5434193987189
0.0002877787	9.886699e-8	3.090295e-7	931.5536768819806
0.0002944843	1.019877e-7	3.1622779999999993e-7	931.5635364759203
0.0003013461	1.052064e-7	3.235937e-7	931.5734713005846
0.0003083678	1.085261e-7	3.311311e-7	931.5836721467721
0.0003155532	1.119499e-7	3.388442e-7	931.5937823341818
0.000322906	1.154813e-7	3.4673689999999997e-7	931.603995132909
0.0003304302	1.191234e-7	3.548134e-7	931.6145427427488
0.0003381298	1.228797e-7	3.630781e-7	931.6251233550028
0.0003460087	1.267539e-7	3.715352e-7	931.6356940069205
0.0003540713	1.307497e-7	3.801894e-7	931.646304973258
0.0003623218	1.348707e-7	3.890451e-7	931.6572055527752
0.0003707645	1.39121e-7	3.9810719999999996e-7	931.6677040756862
0.000379404	1.435046e-7	4.073803e-7	931.6785927056364
0.0003882449	1.480256e-7	4.1686939999999994e-7	931.6896985002976
0.0003972918	1.526884e-7	4.2657950000000004e-7	931.7008632622992
0.0004065495	1.574974e-7	4.365158e-7	931.7119733123062
0.000416023	1.624571e-7	4.466836e-7	931.7231640024393
0.0004257172	1.675723e-7	4.570882e-7	931.7343398932635
0.0004356374	1.728478e-7	4.677351e-7	931.7458702586143
0.0004457888	1.782886e-7	4.786301e-7	931.7572977545709
0.0004561768	1.839e-7	4.897788e-7	931.7689944930241
0.0004668068	1.896872e-7	5.011872000000001e-7	931.7805546510366
0.0004776847	1.956557e-7	5.128614e-7	931.7924018068038
0.000488816	2.018113e-7	5.248074999999999e-7	931.80415923934
0.0005002068	2.081596e-7	5.370318e-7	931.8162529667703
0.000511863	2.147069e-7	5.495409e-7	931.8281985926798
0.0005237909	2.214592e-7	5.623413e-7	931.8404307135186
0.0005359968	2.28423e-7	5.754399e-7	931.8526973885542
0.0005484872	2.35605e-7	5.888437e-7	931.864949900967
0.0005612686	2.430119e-7	6.025596e-7	931.8772979469582
0.000574348	2.506507e-7	6.165950000000001e-7	931.8898964474249
0.0005877322	2.585287e-7	6.309573e-7	931.9025688426141
0.0006014284	2.666534e-7	6.456542e-7	931.9153401309865
0.0006154438	2.750324e-7	6.606934e-7	931.9282323692048
0.0006297858	2.836738e-7	6.76083e-7	931.9410099055883
0.0006444621	2.925858e-7	6.918309999999999e-7	931.9540260554962
0.0006594805	3.017767e-7	7.079458e-7	931.9672165581036
0.0006748489	3.112553e-7	7.244360000000001e-7	931.9804030997907
0.0006905755	3.210305e-7	7.413102e-7	931.9938272804017
0.0007066687	3.311117e-7	7.585776e-7	932.0072352518714
0.0007231369	3.415085e-7	7.762470999999999e-7	932.0207553754467
0.000739989	3.522305e-7	7.943282000000001e-7	932.0344292195593
0.0007707905	3.569864e-7	8.273756e-7	932.0404014815036
0.0007748804	3.595303e-7	8.317637999999999e-7	932.0433641137063
0.0007929382	3.708164e-7	8.51138e-7	932.0568655141705
0.0008114169	3.824555e-7	8.709635999999999e-7	932.07035919756
0.0008303263	3.944589e-7	8.912509000000001e-7	932.0840617383948
0.0008420832	4.019687e-7	9.038643999999999e-7	932.0924341084792
0.0008694773	4.088093e-7	9.332543e-7	932.0997602689856
0.0008897397	4.216374e-7	9.549926e-7	932.1133351190365
0.0009104744	4.348669e-7	9.772372e-7	932.1270894108411
0.0009316923	4.485103e-7	1.e-6	932.1408103
0.0009534047999999999	4.625804e-7	1.023293e-6	932.154700950754
0.0009756234	4.770906e-7	1.047129e-6	932.1683294035405
0.0009983599	4.920546e-7	1.071519e-6	932.1831480356392
0.001021626	5.074866e-7	1.096478e-6	932.1969858036367
0.001045435	5.234013e-7	1.122018e-6	932.2117838572999
0.001069799	5.398137e-7	1.1481539999999999e-6	932.2258283296492
0.00109473	5.567393e-7	1.174898e-6	932.2398534170626
0.001120243	5.741942e-7	1.2022639999999998e-6	932.2554731739451
0.00114635	5.921948e-7	1.230269e-6	932.2694425365507
0.001173066	6.107583e-7	1.2589250000000002e-6	932.2848925074964
0.001200405	6.299022e-7	1.28825e-6	932.2995553658066
0.001228381	6.496446e-7	1.3182569999999998e-6	932.3149011156398
0.001257009	6.700042e-7	1.348963e-6	932.3302449362956
0.001286304	6.910003e-7	1.3803840000000001e-6	932.3456373733686
0.001316283	7.126527e-7	1.4125380000000002e-6	932.3612198043521
0.00134696	7.34982e-7	1.44544e-6	932.3769800199246
0.001378352	7.580093e-7	1.479108e-6	932.3930431719658
0.001410476	7.817563e-7	1.513561e-6	932.4089060830717
0.001443348	8.062455e-7	1.5488170000000002e-6	932.4240665617693
0.001476987	8.315002e-7	1.584893e-6	932.4405497405818
0.00151141	8.575441e-7	1.62181e-6	932.4566651457322
0.001546636	8.84402e-7	1.6595870000000002e-6	932.4732008626243
0.001582683	9.120992e-7	1.6982439999999998e-6	932.4897359861128
0.00161957	9.406619e-7	1.7378009999999997e-6	932.5064618445956
0.001657316	9.701172e-7	1.7782789999999998e-6	932.523027713874
0.001695943	1.000493e-6	1.8197010000000002e-6	932.5397375722715
0.001735471	1.031818e-6	1.8620869999999998e-6	932.5572961950758
0.001739608	1.03511e-6	1.866524e-6	932.5586544828782
0.00181731	1.051185e-6	1.949845e-6	932.567042508507
0.001859665	1.084093e-6	1.995262e-6	932.5838376113012
0.001903008	1.11803e-6	2.041738e-6	932.6005736289377
0.001947361	1.153027e-6	2.089296e-6	932.6175070454354
0.001992748	1.189118e-6	2.137962e-6	932.6344986487131
0.002039193	1.226336e-6	2.1877619999999994e-6	932.6514200356346
0.002086721	1.264716e-6	2.238721e-6	932.6690177114523
0.002135357	1.304296e-6	2.290868e-6	932.6863424693173
0.002185127	1.345112e-6	2.3442290000000005e-6	932.7041479309399
0.002236057	1.387203e-6	2.398833e-6	932.721953966783
0.002288174	1.430608e-6	2.4547090000000004e-6	932.7397292306338
0.002341506	1.47537e-6	2.511886e-6	932.7578441059826
0.002396082	1.52153e-6	2.5703960000000003e-6	932.7759341362187
0.00245193	1.569131e-6	2.630268e-6	932.7943506137017
0.00250908	1.618219e-6	2.691535e-6	932.812770036429
0.002567562	1.66884e-6	2.7542290000000004e-6	932.8312351659937
0.002627408	1.721042e-6	2.818383e-6	932.850163373821
0.002688649	1.774875e-6	2.8840319999999994e-6	932.8689400811087
0.002751317	1.830388e-6	2.951209e-6	932.8879750637791
0.002815447	1.887635e-6	3.019952e-6	932.9070909074052
0.002881072	1.94667e-6	3.090295e-6	932.9266849928567
0.002948227	2.007549e-6	3.1622780000000004e-6	932.9459803976753
0.003016947	2.070328e-6	3.235937e-6	932.9654217619192
0.00308727	2.135068e-6	3.311311e-6	932.9854755412584
0.003159232	2.201829e-6	3.388442e-6	933.0051477935878
0.003232872	2.270675e-6	3.467369e-6	933.0252058549291
0.003308229	2.34167e-6	3.548134e-6	933.0455585950249
0.003385343	2.414882e-6	3.630781e-6	933.0658836211823
0.003464255	2.49038e-6	3.715352e-6	933.0866577379478
0.003545007	2.568235e-6	3.801894e-6	933.1073499155948
0.003627641	2.648521e-6	3.890451e-6	933.1281954200168
0.003712203	2.731313e-6	3.981072e-6	933.1492404558369
0.003798736	2.81669e-6	4.073803e-6	933.170477315668
0.003887286	2.904733e-6	4.168694e-6	933.191722155668
0.003977901	2.995524e-6	4.265795e-6	933.2132753683661
0.004070629	3.089149e-6	4.365158e-6	933.2349823305365
0.00416552	3.185697e-6	4.466836e-6	933.2569400354076
0.004262622	3.285258e-6	4.570882e-6	933.2787978337661
0.004361989	3.387928e-6	4.677351e-6	933.3011202280951
0.004463673	3.493802e-6	4.786301e-6	933.3234165590504
0.004567728	3.602982e-6	4.897788e-6	933.346029268723
0.00467421	3.715569e-6	5.011872000000001e-6	933.368922630107
0.004783174	3.83167e-6	5.128614e-6	933.3916863308489
0.004894679	3.951396e-6	5.2480750000000006e-6	933.4147084407139
0.005008784	4.074858e-6	5.370318000000001e-6	933.4379934298116
0.00512555	4.202174e-6	5.495409e-6	933.4613991424478
0.005245039	4.333463e-6	5.623413e-6	933.4851384737347
0.005367314	4.46885e-6	5.754399000000001e-6	933.5089294294677
0.00549244	4.608463e-6	5.888436999999999e-6	933.5326951787038
0.005620485	4.752432e-6	6.025596e-6	933.5570177622263
0.005751515	4.900895e-6	6.165950000000001e-6	933.5813451292987
0.005885601	5.053992e-6	6.309573000000001e-6	933.6059654116054
0.006022814	5.211866e-6	6.456542e-6	933.6307060342826
0.006163226	5.374667e-6	6.606934e-6	933.655560506583
0.006306914	5.542549e-6	6.76083e-6	933.680709173282
0.006349596	5.592666e-6	6.8065439999999995e-6	933.6880311065352
0.006604413	5.624687e-6	7.079458e-6	933.6926198305013
0.006758382	5.800371e-6	7.24436e-6	933.7170393243848
0.006915942	5.981537e-6	7.413101999999999e-6	933.7418447769908
0.007077177	6.168356e-6	7.5857760000000005e-6	933.7667439692393
0.007242171	6.361006e-6	7.762471e-6	933.7918307198829
0.007411014	6.559667e-6	7.943282e-6	933.8172391462371
0.007583794	6.764527e-6	8.128305e-6	933.8427294497438
0.007760603	6.97578e-6	8.317638e-6	933.8683385836218
0.007941535	7.193624e-6	8.511379999999998e-6	933.8942244383402
0.008126688	7.418266e-6	8.709636e-6	933.9203459249043
0.008316158	7.649917e-6	8.912509000000001e-6	933.9466492544357
0.008510047	7.888797e-6	9.120108e-6	933.9731280594484
0.008708458	8.13513e-6	9.332543e-6	933.999782267277
0.008911497	8.389149e-6	9.549926e-6	934.0267295264908
0.009119271	8.651094e-6	9.772372e-6	934.053891317277
0.00933189	8.921211e-6	0.00001	934.0811211
0.009549469	9.199757e-6	0.00001023293	934.1086821663004
0.009772122	9.486993e-6	0.00001047129	934.1360035869504
0.009999969	9.783191e-6	0.000010715190000000001	934.1646943264655
0.01023313	0.00001008863	0.00001096478	934.1928091580496
0.01047173	0.0000104036	0.00001122018	934.2215187278636
0.01071589	0.0000107284	0.00001148154	934.2490989884633
0.01096575	0.00001106332	0.00001174898	934.2779815779753
0.01122144	0.0000114087	0.00001202264	934.3079972451973
0.01148309	0.00001176485	0.000012302690000000001	934.3367060374601
0.01175084	0.00001213212	0.00001258925	934.3663935500526
0.01202484	0.00001251084	0.000012882499999999999	934.3955629730254
0.01230523	0.00001290138	0.00001318257	934.4256377929341
0.01259216	0.0000133041	0.000013489630000000003	934.4558820367942
0.01288579	0.00001371938	0.00001380384	934.487025349468
0.01318626	0.00001414762	0.00001412538	934.5169914012932
0.01349374	0.00001458922	0.000014454400000000002	934.5479037524906
0.0138084	0.00001504459	0.00001479108	934.5798001227768
0.01413039	0.00001551417	0.000015135610000000002	934.6107735334089
0.0144599	0.0000159984	0.00001548817	934.6422721341514
0.01479709	0.00001649773	0.00001584893	934.6743111364617
0.01514215	0.00001701264	0.0000162181	934.7064477343215
0.01549526	0.00001754362	0.00001659587	934.7388006775179
0.01561285	0.00001772134	0.00001672167	934.7494203629183
0.01622636	0.00001772535	0.00001737801	934.7494534759734
0.01660474	0.00001827855	0.00001778279	934.7812435506464
0.01699195	0.00001884901	0.00001819701	934.8128626626021
0.01738819	0.00001943727	0.00001862087	934.8450029456195
0.01779367	0.00002004387	0.00001905461	934.8768549972947
0.01820861	0.0000206694	0.00001949845	934.9091543173945
0.01863323	0.00002131444	0.000019952619999999997	934.942099834508
0.01906776	0.0000219796	0.00002041738	934.9749869963726
0.01951243	0.0000226655	0.00002089296	935.0085148298758
0.01996746	0.0000233728	0.00002137962	935.0415395596367
0.02043312	0.00002410216	0.00002187762	935.0753034379425
0.02090964	0.00002485428	0.00002238721	935.1095683651514
0.02139727	0.00002562985	0.000022908679999999995	935.1433539601584
0.02189629	0.00002642961	0.00002344229	935.1782445315708
0.02240694	0.00002725432	0.00002398833	935.2128439120188
0.02292951	0.00002810475	0.00002454709	935.2479153333451
0.02346427	0.00002898171	0.00002511886	935.2833572064974
0.02401151	0.00002988602	0.00002570396	935.3187610002506
0.02457152	0.00003081853	0.00002630268	935.354820497379
0.02514459	0.00003178013	0.000026915349999999996	935.3907762670744
0.02573104	0.00003277172	0.00002754229	935.4273635198816
0.02633116	0.00003379424	0.00002818383	935.4638542738867
0.02694529	0.00003484865	0.000028840319999999997	935.5006688552693
0.02757376	0.00003593595	0.00002951209	935.5384843974113
0.02821688	0.00003705715	0.00003019952	935.5757028588533
0.02887501	0.00003821333	0.00003090295	935.6136980450085
0.0295485	0.00003940557	0.00003162278	935.6516274027774
0.03023771	0.00004063499	0.00003235937	935.6901877261517
0.03094299	0.00004190275	0.00003311311	935.7288623750533
0.03166474	0.00004321006	0.00003388442	935.7678266294656
0.03240333	0.00004455813	0.00003467368999999999	935.8071820449453
0.03315915	0.00004594825	0.00003548134	935.8467929903436
0.03393262	0.00004738172	0.000036307810000000006	935.8868441803568
0.03472413	0.0000488599	0.00003715352	935.9271988226151
0.03553411	0.00005038418	0.00003801894	935.9675514362053
0.03561557	0.00005053811	0.00003810597000000001	935.9716629703953
0.03721117	0.00005064854	0.00003981072	935.9744948094383
0.03807912	0.0000522286	0.00004073803	936.0135627569622
0.03896734	0.00005385794	0.000041686940000000005	936.05330446418
0.03987628	0.00005553809	0.00004265795	936.0932274054426
0.04080643	0.00005727064	0.00004365157999999999	936.1333688265122
0.04175829	0.00005905722	0.00004466836	936.1737753523972
0.04273236	0.00006089952	0.00004570882000000001	936.2144881447387
0.04372916	0.00006279928	0.00004677351	936.2555703003687
0.04474923	0.00006475828	0.00004786301	936.2969081969563
0.04579311	0.00006677837	0.00004897788000000001	936.3387792611684
0.04686135	0.00006886146	0.00005011872	936.3808864232766
0.04795452	0.00007100952	0.00005128614	936.4231646210848
0.0490732	0.00007322456	0.000052480750000000004	936.465743343988
0.05021799	0.00007550868	0.00005370318	936.5087631682146
0.05138951	0.00007786403	0.00005495409	936.5522025749129
0.0543213	0.00007956368	0.00005808442	936.5827132301572
0.05507053	0.00008102877	0.000058884370000000006	936.6077750343596
0.05635521	0.00008355627	0.00006025596	936.6503540894545
0.05766986	0.0000861626	0.0000616595	936.6930091875544
0.05901521	0.0000888502	0.00006309573	936.736292614413
0.06039195	0.00009162162	0.00006456542	936.7796510887716
0.06180083	0.00009447946	0.00006606934	936.8234866581079
0.06324259	0.00009742642	0.00006760830000000001	936.8674618353073
0.064718	0.0001004653	0.0000691831	936.9118368503291
0.06622785	0.0001035989	0.00007079458	936.9565989373764
0.06777295	0.0001068303	0.0000724436	937.0017544683036
0.06935411	0.0001101624	0.00007413101999999999	937.0473035444542
0.0709025	0.0001134499	0.0000757834	937.0911030647873
0.07432237	0.0001161892	0.00007943282	937.12597890897
0.0760563	0.0001198131	0.00008128305	937.1709489247758
0.07783072	0.0001235501	0.00008317637999999999	937.2164321169063
0.07964655	0.0001274036	0.00008511380000000001	937.262272392961
0.08150477	0.0001313772	0.00008709636	937.3083697183213
0.08340637	0.0001354748	0.00008912509	937.3549558266924
0.08535236	0.0001397002	0.00009120108	937.4018399782108
0.08734377	0.0001440573	0.00009332543	937.4489600530103
0.08938168	0.0001485503	0.00009549926000000002	937.4965868845475
0.09146716	0.0001531833	0.00009772372000000001	937.5445725971136
0.09360132	0.0001579609	0.00010000000000000002	937.592809
0.09578532	0.0001628874	0.0001023293	937.6415884795459
0.09802029	0.0001679676	0.00010471289999999999	937.69017570901
0.1003075	0.0001732062	0.0001071519	937.7407792115678
0.1008452	0.0001744436	0.0001077254	937.7513901085538
0.105043	0.0001766863	0.0001122018	937.7718209511792
0.107494	0.0001821968	0.00011481539999999999	937.8201600133781
0.1100021	0.0001878791	0.0001174898	937.8684711353667
0.1125689	0.0001937385	0.0001202264	937.9191134393112
0.1151955	0.0001997807	0.0001230269	937.9678810081374
0.1178835	0.0002060113	0.0001258925	938.0186373294678
0.1206342	0.0002124361	0.000128825	938.06820182418
0.1234492	0.0002190613	0.0001318257	938.1195115975111
0.1263299	0.0002258931	0.00013489629999999998	938.1709735552421
0.1292778	0.0002329379	0.0001380384	938.2225373519253
0.1322946	0.0002402024	0.0001412538	938.2742439495433
0.1353818	0.0002476934	0.000144544	938.3266922182864
0.1385411	0.000255418	0.0001479108	938.3798748975736
0.1417742	0.0002633835	0.0001513561	938.4331619274014
0.1450827	0.0002715973	0.0001548817	938.4859366858708
0.1484686	0.0002800673	0.0001584893	938.5407551172225
0.1519335	0.0002888014	0.000162181	938.5951584957547
0.1554793	0.0002978078	0.00016595869999999998	938.649843605668
0.1580418	0.000304359	0.0001686886	938.6891526754032
0.1666209	0.0003123413	0.0001778279	938.7348177648163
0.1705093	0.0003220817	0.0001819701	938.7881948737733
0.1744886	0.0003321258	0.0001862087	938.8429530951023
0.1785609	0.0003424831	0.0001905461	938.8981621770271
0.1827282	0.0003531634	0.0001949845	938.9534214258057
0.1869928	0.0003641767	0.0001995262	939.0093967609266
0.1913571	0.0003755334	0.00020417380000000001	939.0658027621565
0.1958232	0.0003872442	0.00020892960000000002	939.1222890389873
0.2003937	0.0003993201	0.00021379619999999997	939.1795555767595
0.2050709	0.0004117726	0.0002187762	939.2368667158494
0.2098573	0.0004246134	0.0002238721	939.2948625576836
0.2147556	0.0004378545	0.0002290868	939.3533564570284
0.2195833	0.0004510029	0.00023422600000000003	939.4102401099792
0.2301469	0.0004577091	0.0002454709	939.4376649126231
0.2355185	0.0004719822	0.0002511886	939.4951928550897
0.2410156	0.0004867003	0.00025703960000000007	939.5528949624882
0.2466411	0.0005018774	0.0002630268	939.611390930506
0.2477387	0.0005048519	0.0002641949	939.622800818638
0.252398	0.0005128182	0.0002691535	939.6527193590274
0.2582891	0.0005205402	0.00027542290000000003	939.6809059813108
0.2643176	0.0005274976	0.00028183829999999996	939.7058440957101
0.2704868	0.0005340658	0.0002884032	939.7290522435256
0.2767997	0.0005404122	0.00029512090000000004	939.7508349967759
0.2832599	0.0005466289	0.0003019952	939.7716549799468
0.2898706	0.0005527728	0.0003090295	939.7917441538751
0.2966355	0.0005588853	0.0003162277999999999	939.811064365625
0.3035582	0.0005650021	0.0003235937	939.8304172794464
0.3106422	0.0005711428	0.00033113110000000006	939.8493309749521
0.3178913	0.0005773289	0.0003388442	939.867434354786
0.3253095	0.0005835763	0.0003467369	939.8857643936944
0.3329006	0.0005899026	0.0003548134	939.9039117462869
0.3406687	0.0005963157	0.00036307810000000006	939.9217845967576
0.3486178	0.0006028331	0.0003715352	939.9395618503979
0.3567523	0.0006094621	0.0003801894	939.9571952821411
0.3650764	0.0006162136	0.00038904510000000006	939.9748604981788
0.3735945	0.0006230992	0.0003981072	939.9920403348646
0.3823113	0.0006301256	0.0004073803	940.0096803895525
0.3912312	0.0006373026	0.0004168694	940.0270266898937
0.4003591	0.0006446377	0.0004265795	940.0445584000169
0.4096997	0.0006521454	0.00043651579999999995	940.0618383114655
0.4192582	0.0006598278	0.00044668359999999995	940.079348782897
0.4290394	0.0006677003	0.0004570882	940.0966822158175
0.4390486	0.0006757658	0.00046773510000000003	940.1141068951208
0.4492912	0.0006840339	0.0004786301	940.1315000874371
0.4597726	0.0006925184	0.0004897788	940.1491416124993
0.4814738	0.0007011234	0.0005128614	940.1661411835635
0.4927052	0.0007103862	0.0005248075	940.1839459230289
0.5041984	0.000719897	0.0005370318000000002	940.2018595546855
0.5159596	0.0007296677	0.0005495409000000001	940.2198593407696
0.5279949	0.0007397086	0.0005623413	940.2379099667764
0.5403108	0.0007500283	0.0005754399	940.2560168316447
0.5529139	0.00076064	0.0005888437	940.2742017958244
0.5658108	0.0007715486	0.0006025596	940.2926259908562
0.5790083	0.0007827725	0.000616595	940.311018577835
0.5925135	0.0007943171	0.0006309573	940.3295866455622
0.6063335	0.0008061996	0.0006456542	940.3480990288608
0.6204758	0.0008184282	0.0006606934	940.3669360099557
0.6349477	0.0008310163	0.0006760829999999998	940.3855980700596
0.6497571	0.0008439751	0.000691831	940.4046293097592
0.6649117	0.0008573187	0.0007079458	940.4237142165404
0.6804196	0.0008710643	0.000724436	940.4428607910154
0.696289	0.000885219	0.0007413102	940.4621965271759
0.7125285	0.0008998009	0.0007585776000000001	940.4816341795487
0.7291465	0.000914823	0.0007762470999999999	940.5011922105732
0.746152	0.0009303016	0.0007943282	940.5209353010506
0.763554	0.0009462505	0.0008128305	940.5408021721624
0.7813617	0.0009626869	0.0008317638	940.5607540265639
0.7995845	0.0009796285	0.000851138	940.5808793638635
0.8182323	0.0009970903	0.0008709636	940.6011804626507
0.8373148	0.001015088	0.0008912509	940.6216453750567
0.8568422	0.001033644	0.0009120108	940.6421985353682
0.8768249	0.001052771	0.0009332543	940.6628729168459
0.8972736	0.001072492	0.0009549926	940.6838251940383
0.918199	0.001092826	0.0009772372	940.7049035791924
0.9396123	0.001113792	0.001	940.7260919999999
0.9615248	0.001135411	0.001023293	940.7473822258141
0.9839483000000001	0.001157703	0.001047129	940.7685232669519
1.006895	0.001180692	0.001071519	940.7912430857504
1.030376	0.001204401	0.0010964779999999997	940.8126756761195
1.054405	0.001228849	0.001122018	940.8350391883197
1.078994	0.001254065	0.001148154	940.8564225704914
1.104157	0.001280069	0.001174898	940.8791818523822
1.129906	0.001306894	0.001202264	940.9022427686433
1.16078	0.00132275	0.001235078	940.9144604632257
1.183219	0.001346557	0.001258925	940.9341755863138
1.210811	0.001376049	0.0012882500000000001	940.9563741509802
1.239047	0.001406466	0.0013182569999999998	940.9799955547363
1.267942	0.00143784	0.001348963	941.00419359167
1.29751	0.001470201	0.0013803839999999997	941.0281494134966
1.327767	0.001503579	0.0014125380000000003	941.0511993305665
1.35873	0.001538007	0.0014454399999999999	941.0753867334513
1.390415	0.001573518	0.001479108	941.0999859374704
1.422839	0.001610144	0.001513561	941.1243709371475
1.456019	0.001647922	0.001548817	941.148581142898
1.489973	0.001686887	0.0015848930000000002	941.1738754603623
1.524719	0.001727076	0.00162181	941.1990775738219
1.560275	0.001768526	0.0016595869999999997	941.2242479604867
1.59666	0.001811274	0.001698244	941.2494753404104
1.633894	0.001855364	0.0017378009999999998	941.2754187619872
1.671996	0.001900836	0.001778279	941.3015820352149
1.710986	0.00194773	0.0018197009999999997	941.3270257036733
1.750886	0.001996089	0.0018620869999999997	941.3534861690135
1.791717	0.002045964	0.001905461	941.3800460885843
1.833499	0.002097391	0.001949845	941.4063122966185
1.876257	0.002150423	0.0019952620000000003	941.4339685715461
1.920011	0.002205108	0.002041738	941.4607104339539
1.964786	0.002261495	0.0020892960000000005	941.4881831009104
2.010605	0.002319635	0.002137962	941.5156279671949
2.057492	0.002379577	0.002187762	941.5428081299519
2.105474	0.002441381	0.002238721	941.5712726150334
2.154574	0.002505096	0.002290868	941.599034077913
2.20482	0.00257078	0.002344229	941.6276225573524
2.256237	0.002638495	0.002398833	941.6560031481974
2.301204	0.002668723	0.002446585	941.6687844485273
2.362697	0.002750976	0.002511886	941.7019625890665
2.417796	0.002825259	0.0025703959999999995	941.730869095657
2.474181	0.002901822	0.0026302680000000003	941.7606198303748
2.53188	0.002980741	0.002691535	941.7899975292909
2.590926	0.003062081	0.0027542289999999995	941.8200451015512
2.651348	0.003145909	0.002818383	941.8499575820605
2.71318	0.003232301	0.0028840319999999995	941.8800835080888
2.776455	0.003321329	0.0029512089999999998	941.9110367988169
2.841205	0.003413069	0.0030199520000000002	941.9414841692849
2.907466	0.003507598	0.003090295	941.9727236396526
2.975272	0.003604995	0.0031622780000000006	942.0035161361524
3.04466	0.003705343	0.003235937	942.0348242255643
3.115667	0.003808728	0.0033113109999999995	942.066670270476
3.18833	0.003915228	0.003388442	942.0982351180867
3.262688	0.004024937	0.003467369	942.1301675708585
3.338781	0.004137945	0.0035481339999999997	942.1625409299648
3.416649	0.004254343	0.003630781	942.1949004911064
3.496333	0.004374226	0.003715352	942.2276075052915
3.577877	0.004497692	0.003801894	942.260539615255
3.661322	0.004624845	0.003890451	942.2935400034597
3.7467149999999996	0.004755782	0.0039810719999999996	942.3267858506451
3.834099	0.004890608	0.004073803	942.3601504540107
3.923522	0.005029431	0.004168694	942.3938123066841
4.015032	0.005172367	0.004265795	942.4279335973715
4.108676	0.005319531	0.004365158	942.461998168222
4.204505	0.005471035	0.004466836	942.4962176807029
4.302569	0.005626999	0.004570882	942.5305660920585
4.402922	0.005787548	0.004677350999999999	942.5654709257442
4.505616	0.005952815	0.004786301000000001	942.6003118065495
4.610706	0.006122923	0.004897788	942.6355168904821
4.718247	0.00629801	0.005011872	942.6707246314352
4.828298	0.006478212	0.005128614	942.706199374724
4.940916	0.006663677	0.005248075	942.7418009460611
5.056163	0.006854551	0.005370318	942.7779790693959
5.174097	0.007050987	0.005495408999999999	942.8138992020431
5.294784	0.007253135	0.005623413	942.850389078661
5.418287	0.007461169	0.005754399	942.8870276461538
5.544671	0.007675242	0.005888437	942.9236046849105
5.674004	0.007895537	0.006025596	942.9605863054874
5.806355	0.008122233	0.006165950000000001	942.9977915811837
5.941794	0.008355513	0.006309573000000001	943.0352122084964
6.080393	0.008595563	0.006456542	943.0727102836162
6.222227	0.008842591	0.006606933999999999	943.1106154534009
6.36737	0.009096805	0.00676083	943.1485194865129
6.5159	0.009358412	0.00691831	943.1867626631359
6.667895	0.00962764	0.007079458	943.2251226011933
6.823438	0.009904727	0.007244359999999999	943.2638255139171
6.98261	0.01018992	0.007413102000000001	943.3028063015995
7.145496	0.01048345	0.007585776	943.3417820404926
7.312184	0.01078561	0.007762471	943.3812519235177
7.482761	0.01109666	0.007943282	943.4208252961433
7.657319	0.01141689	0.008128305000000002	943.4606464693437
7.83595	0.01174662	0.008317638	943.5006212100118
8.01875	0.01208616	0.00851138	943.5410192001768
8.205816	0.01243585	0.008709636	943.5815515137486
8.397247	0.01279603	0.008912509	943.6223884879106
8.593146	0.01316708	0.009120108	943.663504862004
8.793617	0.0135494	0.009332543	943.7048830099149
8.998766	0.01394338	0.009549926	943.746514894461
9.208703	0.01434949	0.009772372	943.788518283995
9.42354	0.01476816	0.01	943.8308159999998
9.643391	0.01519989	0.01023293	943.8734448491292
9.868373	0.0156452	0.01047129	943.9160027083578
10.09861	0.01610465	0.01071519	943.9603637453001
10.33421	0.01657878	0.010964780000000002	944.0033251921151
10.57532	0.01706825	0.01122018	944.0479787311789
10.82205	0.01757369	0.01148154	944.0914450500544
11.07455	0.01809581	0.01174898	944.1369216732007
11.33293	0.01863534	0.01202264	944.1824208326956
11.59735	0.01919308	0.012302689999999998	944.2278948750234
11.86794	0.01976985	0.012589249999999998	944.2746668784877
12.14485	0.02036656	0.0128825	944.3210991655346
12.42822	0.02098417	0.013182570000000001	944.3685237400598
12.7182	0.02162368	0.01348963	944.4160944369859
13.01496	0.02228617	0.01380384	944.4651756322878
13.31864	0.02297282	0.01412538	944.5135507858904
13.62941	0.02368485	0.014454399999999997	944.5632367998672
13.94744	0.02442358	0.01479108	944.6141579925198
14.2729	0.02519041	0.01513561	944.6656203483044
14.60595	0.02598686	0.01548817	944.7169588143724
14.94678	0.02681453	0.01584893	944.7700589251135
15.29557	0.02767513	0.0162181	944.8236926643689
15.6525	0.02857048	0.01659587	944.8778810631803
16.01777	0.02950255	0.01698244	944.9332693064129
16.39157	0.03047343	0.01737801	944.9898711072213
16.7741	0.03148534	0.01778279	945.0477309803467
17.16556	0.03254067	0.01819701	945.1058536539794
19.2685	0.03356891	0.02042203	945.159169289243
19.71362	0.03472316	0.020892959999999995	945.2151901884654
20.17363	0.03594039	0.021379619999999995	945.272665744293
20.64438	0.03721237	0.02187762	945.3309989843502
21.12614	0.03854236	0.02238721	945.3916928460491
21.61914	0.03993383	0.02290868	945.4527205408605
22.12366	0.04139046	0.023442290000000005	945.5155814555659
22.63997	0.04291622	0.02398833	945.5800474647465
23.16834	0.0445153	0.02454709	945.6459115927795
23.70906	0.04619217	0.02511886	945.7137851797415
24.26241	0.04795161	0.025703960000000005	945.7827358119137
24.82869	0.04979869	0.02630268	945.8537567274515
25.40821	0.05173879	0.026915349999999998	945.9267217405682
26.00127	0.05377769	0.027542289999999997	946.0015013275948
26.60819	0.05592147	0.02818383	946.0783530840203
27.22931	0.05817664	0.02884032	946.1575544238067
27.86494	0.06055009	0.02951209	946.2389851074594
28.51544	0.06304915	0.030199519999999997	946.3226286378062
29.18115	0.06568159	0.030902949999999995	946.4090512394448
29.86242	0.0684557	0.03162278	946.4972940392969
30.55964	0.07138017	0.03235936999999999	946.5888912546816
31.27316	0.07446432	0.03311311	946.6831813743862
32.00338	0.07771794	0.03388442	946.7801998676679
32.75068	0.08115149	0.03467369	946.8802279192092
33.51548	0.08477594	0.03548134	946.9838495389406
34.29817	0.08860299	0.03630781	947.090253859982
35.09919	0.09264497	0.03715352	947.2005605390822
35.91896	0.09691487	0.03801894	947.3140195386825
36.75793	0.1014265	0.03890451	947.4314546051345
37.61655	0.1061944	0.039810719999999994	947.5524280897205
38.49528	0.1112339	0.04073803000000001	947.6774871048011
39.3946	0.1165612	0.041686940000000006	947.8067039701162
40.315	0.1221934	0.04265795	947.9403815701411
41.25697	0.1281485	0.04365158	948.0783627992389
42.22103	0.1344456	0.04466836	948.2209689364015
43.20769	0.1411047	0.04570882	948.3682733441817
44.2175	0.1481469	0.046773510000000004	948.5207952107935
45.25099	0.1555945	0.04786301	948.6779978944074
46.30874	0.163471	0.04897788	948.8408032360732
47.39131	0.1718011	0.05011871999999999	949.0088952790495
48.4993	0.1806108	0.05128614	949.1825822727153
49.6333	0.1899278	0.05248075000000001	949.3619622432986
50.79395	0.199781	0.05370318000000001	949.5476990375616
51.98187	0.2102012	0.054954090000000004	949.7395225723873
53.1977	0.2212206	0.05623413	949.9377086477554
54.44212	0.2328734	0.05754399	950.1425500734308
55.71581	0.245196	0.05888436999999999	950.3541601956513
57.01946	0.2582266	0.06025595999999999	950.5729657282036
58.35378	0.272006	0.061659500000000006	950.7989198744718
59.71952	0.2865773	0.06309573	951.0326182136255
61.11742	0.3019865	0.06456542	951.2740178875937
62.54825	0.3182824	0.06606934	951.5235417820127
64.0128	0.3355173	0.0676083	951.7813241865275
65.51187	0.3537469	0.06918309999999998	952.0477819004932
67.0463	0.3730309	0.07079458000000001	952.3233402896099
68.61693	0.3934335	0.0724436	952.6081461992502
70.22464	0.4150234	0.07413102	952.9028927431457
71.87031	0.4378751	0.07585776	953.2074912309565
73.55486	0.4620685	0.07762471	953.5227700045515
75.27923	0.4876904	0.07943282000000002	953.8490563472378
77.04438	0.5148349	0.08128304999999998	954.1868187771006
78.8513	0.543604	0.08317638	954.5366605279047
80.701	0.574109	0.08511379999999999	954.8993112750222
82.59451	0.606471	0.08709636	955.2750654562373
84.5329	0.6408227	0.08912508999999999	955.6649277997924
86.51727	0.6773087	0.09120108	956.069584921582
88.54874	0.7160882	0.09332543	956.4898677670169
90.62846	0.7573353	0.09549926	956.9267374427823
92.75761	0.8012418	0.09772372	957.3811946577556
94.93741	0.8480183	0.09999999999999999	957.854283
97.16912	0.8978966	0.1023293	958.3473804667872
99.454	0.9511327	0.1047129	958.8611594177986
101.7934	1.008008	0.1071519	959.3988347383482
104.1886	1.068834	0.1096478	959.9593790299485
106.6411	1.133952	0.1122018	960.5465509465979
109.1524	1.203741	0.1148154	961.1614905317579
111.7237	1.277711	0.11748980000000002	961.7976283898686
114.3568	1.356167	0.1202264	962.4588859019318
117.053	1.440037	0.1230269	963.1473848402261
119.8141	1.529994	0.1258925	963.8707150942273
122.6417	1.62671	0.128825	964.6296138171939
125.5375	1.730898	0.1318257	965.429335857879
128.5032	1.843323	0.1348963	966.2720400781933
131.5408	1.964819	0.1380384	967.1628981500799
134.652	2.096295	0.1412538	968.1034775701607
137.8389	2.238744	0.144544	969.1003708213415
141.1035	2.39325	0.1479108	970.157351592987
144.4479	2.560999	0.1513561	971.2783231068984
147.8743	2.743288	0.1548817	972.468587315351
151.3849	2.941531	0.1584893	973.7340691138139
154.9821	3.157272	0.162181	975.079522262164
158.6683	3.392194	0.16595869999999996	976.5109873721594
162.4461	3.648128	0.1698244	978.0351233391668
166.3181	3.927065	0.1737801	979.6585742556254
170.2871	4.231165	0.17782789999999998	981.3885503905743
174.356	4.562775	0.1819701	983.231723233652
178.5276	4.924429	0.18620869999999998	985.1957991221678
182.8053	5.318875	0.19054610000000002	987.2895587996815
187.1922	5.74907	0.19498450000000003	989.5210644948701
191.6917	6.218209	0.19952619999999996	991.8993545709787
196.3075	6.729724	0.2041738	994.4332916368311
201.0432	7.287304	0.20892960000000002	997.1325460825083
205.9028	7.894903	0.2137962	1000.007030059468
210.8904	8.556756	0.2187762	1003.0668601063553
212.2204396718063	8.74396379887765	0.2201000308456498	1003.9126851154837
264.5269584529452	8.744497012904992	0.2726764350978922	1003.9128511871473
264.69276992862865	8.8463377409401	0.2723709493422365	1004.2888506654374
265.134483890507	9.118928464366633	0.27281055805337473	1005.2888506654374
265.57700279502126	9.391958978123924	0.2732505299957503	1006.2888506654374
266.0203273206533	9.665429645419337	0.27369086512170615	1007.2888506654374
266.4644581457417	9.939340829412615	0.2741315633835849	1008.2888506654374
266.9093959484822	10.213692893215907	0.27457262473372934	1009.2888506654374
267.3551414069276	10.488486199893629	0.27501404912448213	1010.2888506654374
267.80169519898755	10.763721112462534	0.27545583650818606	1011.2888506654374
268.249058002429	11.039397993891768	0.2758979868371838	1012.2888506654374
268.69723049487567	11.3155172071028	0.2763405000638181	1013.2888506654374
269.14621335380855	11.592079114969408	0.2767833761404317	1014.2888506654374
269.5960072565654	11.869084080317762	0.2772266150193673	1015.2888506654374
270.0466128803412	12.14653246592637	0.27767021665296765	1016.2888506654374
270.49803090218774	12.424424634526048	0.2781141809935754	1017.2888506654374
270.9502619990142	12.702760948799963	0.2785585079935333	1018.2888506654374
271.40330684758646	12.981541771383675	0.2790031976051842	1019.2888506654374
271.8571661245277	13.260767464865012	0.27944824978087074	1020.2888506654374
272.3118405063178	13.540438391784193	0.2798936644729356	1021.2888506654374
272.76733066929387	13.820554914633775	0.28033944163372154	1022.2888506654374
273.2236372896501	14.101117395858637	0.2807855812155713	1023.2888506654374
273.68076104343766	14.382126197856081	0.2812320831708276	1024.2888506654374
274.13870260656455	14.663581682975575	0.28167894745183314	1025.2888506654374
274.5974626547961	14.945484213519109	0.28212617401093065	1026.2888506654374
275.05704186375453	15.227834151740893	0.28257376280046287	1027.2888506654374
275.517440908919	15.510631859847607	0.2830217137727725	1028.2888506654374
275.97866046562604	15.793877699998149	0.2834700268802024	1029.2888506654374
276.4407012090687	16.07757203430384	0.2839187020750952	1030.2888506654374
276.90356381429734	16.36171522482826	0.2843677393097935	1031.2888506654374
277.36724895621956	16.64630763358747	0.2848171385366402	1032.2888506654374
277.8317573095994	16.93134962254973	0.2852668997079779	1033.2888506654374
278.29708954905846	17.216841553635703	0.2857170227761494	1034.2888506654374
278.7632463490753	17.502783788718403	0.28616750769349747	1035.2888506654374
279.23022838398526	17.789176689623176	0.2866183544123648	1036.2888506654374
279.69803632798084	18.076020618127757	0.287069562885094	1037.2888506654374
280.16667085511176	18.363315935962106	0.28752113306402793	1038.2888506654374
280.63613263928437	18.651063004808677	0.2879730649015093	1039.2888506654374
281.10642235426224	18.939262186302116	0.28842535834988076	1040.2888506654374
281.57754067366625	19.22791384202951	0.28887801336148516	1041.2888506654374
282.04948827097377	19.517018333530274	0.2893310298886651	1042.2888506654374
282.52226581951965	19.806576022296156	0.28978440788376336	1043.2888506654374
282.99587399249543	20.09658726977122	0.2902381472991226	1044.2888506654374
283.47031346295006	20.38705243735194	0.2906922480870857	1045.2888506654374
283.94558490378915	20.677971886387056	0.2911467101999953	1046.2888506654374
284.42168898777555	20.969345978177685	0.29160153359019403	1047.2888506654374
284.8986263875291	21.2611750739773	0.29205671821002477	1048.2888506654374
285.3763977755265	21.553459534991717	0.2925122640118301	1049.2888506654374
285.85500382410174	21.846199722379083	0.2929681709479529	1050.2888506654374
286.3344452054457	22.13939599724985	0.2934244389707358	1051.2888506654374
286.8147225916065	22.43304872066689	0.29388106803252156	1052.2888506654374
287.29583665448865	22.727158253645328	0.29433805808565283	1053.2888506654374
287.77778806585457	23.021724957152742	0.2947954090824724	1054.2888506654374
288.26057749732297	23.316749192108972	0.295253120975323	1055.2888506654374
288.7442056203703	23.612231319386183	0.2957111937165474	1056.2888506654374
289.228673106329	23.90817169980896	0.29616962725848817	1057.2888506654374
289.71398062638974	24.20457069415417	0.29662842155348823	1058.2888506654374
290.2001288515994	24.501428663151074	0.2970875765538902	1059.2888506654374
290.68711845286225	24.798745967481196	0.2975470922120368	1060.2888506654374
291.17495010093927	25.096522967778526	0.29800696848027075	1061.2888506654374
291.66362446644894	25.394760024629235	0.29846720531093485	1062.2888506654374
292.1531422198662	25.693457498571973	0.2989278026563717	1063.2888506654374
292.6435040315235	25.992615750097684	0.2993887604689241	1064.2888506654374
293.1347105716102	26.292235139649634	0.29985007870093483	1065.2888506654374
293.62676251017245	26.592316027623482	0.3003117573047465	1066.2888506654374
294.11966051711374	26.89285877436717	0.30077379623270195	1067.2888506654374
294.6134052621944	27.193863740181044	0.3012361954371438	1068.2888506654374
295.1079974150319	27.495331285317718	0.30169895487041487	1069.2888506654374
295.6034376451004	27.79726176998227	0.30216207448485777	1070.2888506654374
296.0997266217318	28.099655554331946	0.30262555423281534	1071.2888506654374
296.59686501411426	28.40251299847654	0.30308939406663027	1072.2888506654374
297.09485349129346	28.705834462477952	0.3035535939386452	1073.2888506654374
297.59369272217197	29.009620306350655	0.30401815380120306	1074.2888506654374
298.09338337550923	29.313870890061324	0.3044830736066464	1075.2888506654374
298.59392611992195	29.618586573529	0.30494835330731795	1076.2888506654374
299.0953216238837	29.92376771662515	0.3054139928555605	1077.2888506654374
299.59757055572516	30.229414679173445	0.3058799922037167	1078.2888506654374
300.10067358363415	30.53552782095001	0.3063463513041294	1079.2888506654374
300.6046313756552	30.842107501683245	0.3068130701091412	1080.2888506654374
301.10944459969005	31.149154081053922	0.30728014857109487	1081.2888506654374
301.6151139234977	31.45666791869519	0.30774758664233315	1082.2888506654374
302.12164001469375	31.764649374192473	0.3082153842751988	1083.2888506654374
302.6290235407512	32.073098807083554	0.30868354142203447	1084.2888506654374
303.1372651689997	32.38201657685863	0.309152058035183	1085.2888506654374
303.6463655666263	32.69140304296015	0.30962093406698693	1086.2888506654374
304.15632540067475	33.001258564782944	0.3100901694697891	1087.2888506654374
304.66714533804617	33.31158350167418	0.31055976419593223	1088.2888506654374
305.17882604549845	33.62237821293337	0.31102971819775904	1089.2888506654374
305.69136818964665	33.933643057812375	0.3115000314276123	1090.2888506654374
306.2047724369628	34.245378395515374	0.31197070383783465	1091.2888506654374
306.71903945377574	34.55758458519897	0.31244173538076886	1092.2888506654374
307.2341699062719	34.870261985971936	0.31291312600875765	1093.2888506654374
307.75016446049426	35.1834109568956	0.3133848756741438	1094.2888506654374
308.26702378234273	35.49703185698348	0.3138569843292699	1095.2888506654374
308.78474853757484	35.81112504520151	0.3143294519264788	1096.2888506654374
309.3033393918045	36.12569088046793	0.3148022784181132	1097.2888506654374
309.8227970105032	36.44072972165333	0.3152754637565158	1098.2888506654374
310.34312205899886	36.75624192758066	0.31574900789402927	1099.2888506654374
310.8643152024772	37.07222785702521	0.31622291078299647	1100.2888506654374
311.3863771059801	37.38868786871457	0.31669717237576	1101.2888506654374
311.9093084344071	37.705622321328775	0.31717179262466266	1102.2888506654374
312.4331098525146	38.02303157350008	0.3176467714820471	1103.2888506654374
312.957782024916	38.34091598381315	0.3181221089002563	1104.2888506654374
313.4833256160815	38.659275910804965	0.3185978048316326	1105.2888506654374
314.00974129033875	38.9781117129649	0.3190738592285189	1106.2888506654374
314.53702971187244	39.297423748734644	0.31955027204325803	1107.2888506654374
315.06519154472363	39.61721237650812	0.32002704322819253	1108.2888506654374
315.5942274527911	39.93747795463183	0.3205041727356652	1109.2888506654374
316.1241380998304	40.25822084140444	0.3209816605180189	1110.2888506654374
316.6549241494541	40.57944139507697	0.3214595065275962	1111.2888506654374
317.1865862651318	40.90113997385282	0.3219377107167398	1112.2888506654374
317.7191251101901	41.22331693588774	0.3224162730377925	1113.2888506654374
318.25254134781295	41.5459726392898	0.3228951934430971	1114.2888506654374
318.7868356410407	41.86910744211946	0.3233744718849962	1115.2888506654374
319.3220086527713	42.19272170238945	0.3238541083158325	1116.2888506654374
319.8580610457594	42.51681577806488	0.3243341026879488	1117.2888506654374
320.3949934826169	42.84139002706323	0.3248144549536879	1118.2888506654374
320.9328066258125	43.16644480725425	0.32529516506539236	1119.2888506654374
321.47150113767213	43.491980476460114	0.32577623297540503	1120.2888506654374
322.01107768037866	43.8179973924553	0.3262576586360686	1121.2888506654374
322.5515369159719	44.144495912966576	0.3267394419997257	1122.2888506654374
323.0928795063489	44.47147639567319	0.3272215830187192	1123.2888506654374
323.6351061132636	44.79893919820658	0.3277040816453918	1124.2888506654374
324.17821739832686	45.12688467815063	0.3281869378320861	1125.2888506654374
324.72221402300687	45.45531319304156	0.328670151531145	1126.2888506654374
325.2670966486285	45.784225100367834	0.32915372269491106	1127.2888506654374
325.81286593637395	46.1136207575704	0.3296376512757271	1128.2888506654374
326.35952254728244	46.44350052204241	0.3301219372259359	1129.2888506654374
326.90706714224973	46.773864751129494	0.33060658049788005	1130.2888506654374
327.4555003820294	47.104713802129524	0.3310915810439024	1131.2888506654374
328.0048229272312	47.43604803229279	0.33157693881634553	1132.2888506654374
328.5550354383227	47.767867798821825	0.3320626537675524	1133.2888506654374
329.10613857562794	48.100173458871595	0.33254872584986545	1134.2888506654374
329.65813299932825	48.432965369549336	0.3330351550156275	1135.2888506654374
330.21101936946195	48.76624388791477	0.3335219412171815	1136.2888506654374
330.7647983459243	49.10000937097976	0.3340090844068698	1137.2888506654374
331.3194705884678	49.43426217570868	0.3344965845370355	1138.2888506654374
331.87503675670166	49.7690026590181	0.3349844415600211	1139.2888506654374
332.43149751009236	50.10423117777711	0.3354726554281693	1140.2888506654374
332.9888535079635	50.43994808880694	0.335961226093823	1141.2888506654374
333.54710540949526	50.77615374888134	0.3364501535093248	1142.2888506654374
334.10625387372517	51.11284851472635	0.33693943762701734	1143.2888506654374
334.66629955954784	51.450032743020245	0.33742907839924347	1144.2888506654374
335.227243125715	51.78770679039377	0.337919075778346	1145.2888506654374
335.78908523083487	52.125871013430015	0.3384094297166675	1146.2888506654374
336.3518265333733	52.464525768664316	0.33890014016655073	1147.2888506654374
336.9154676916529	52.80367141258441	0.33939120708033843	1148.2888506654374
337.48000936385324	53.143308301630384	0.33988263041037337	1149.2888506654374
338.04545220801106	53.48343679219468	0.34037441010899816	1150.2888506654374
338.6117968820201	53.82405724062204	0.34086654612855566	1151.2888506654374
339.17904404363117	54.16517000320957	0.34135903842138854	1152.2888506654374
339.7471943504518	54.50677543620668	0.3418518869398395	1153.2888506654374
340.316248459947	54.84887389581522	0.34234509163625126	1154.2888506654374
340.88620702943876	55.191465738189265	0.34283865246296663	1155.2888506654374
341.4570707161056	55.534551319435366	0.3433325693723282	1156.2888506654374
342.02884017698346	55.87813099561228	0.3438268423166788	1157.2888506654374
342.60151606896545	56.2222051227312	0.3443214712483611	1158.2888506654374
343.17509904880137	56.56677405675558	0.3448164561197179	1159.2888506654374
343.74958977309836	56.91183815360128	0.3453117968830919	1160.2888506654374
344.3249888983202	57.25739776913653	0.34580749349082573	1161.2888506654374
344.9012970807881	57.603453259181805	0.34630354589526224	1162.2888506654374
345.47851497667995	57.95000497951007	0.3467999540487441	1163.2888506654374
346.056643242031	58.297053285846445	0.347296717903614	1164.2888506654374
346.6356825327332	58.644598533868546	0.3477938374122147	1165.2888506654374
347.2156335045357	58.99264107920622	0.3482913125268889	1166.2888506654374
347.7964968130449	59.34118127744178	0.34878914319997945	1167.2888506654374
348.3782731137237	59.69021948410979	0.3492873293838289	1168.2888506654374
348.9609630618927	60.03975605469715	0.3497858710307801	1169.2888506654374
349.54456731272876	60.38979134464314	0.35028476809317577	1170.2888506654374
350.12908652126646	60.740325709339416	0.3507840205233585	1171.2888506654374
350.7145213423968	61.0913595041299	0.35128362827367116	1172.2888506654374
351.3008724308684	61.44289308431094	0.3517835912964564	1173.2888506654374
351.8881404412865	61.79492680513111	0.352283909544057	1174.2888506654374
352.47632602811353	62.147461021791415	0.35278458296881565	1175.2888506654374
353.0654298456689	62.500496089445235	0.3532856115230751	1176.2888506654374
353.6554525481292	62.854032363198186	0.353786995159178	1177.2888506654374
354.2463947895276	63.208070198108345	0.35428873382946713	1178.2888506654374
354.8382572237549	63.562609949186	0.35479082748628527	1179.2888506654374
355.4310405045585	63.917651971393866	0.3552932760819751	1180.2888506654374
356.0247452855429	64.273196619647	0.35579607956887926	1181.2888506654374
356.61937222016996	64.6292442488128	0.35629923789934065	1182.2888506654374
357.2149219617579	64.98579521371099	0.3568027510257018	1183.2888506654374
357.81139516348287	65.34284986911362	0.35730661890030563	1184.2888506654374
358.40879247837705	65.70040856974512	0.35781084147549475	1185.2888506654374
359.00711455933043	66.05847167028224	0.35831541870361183	1186.2888506654374
359.6063620590897	66.41703952535411	0.35882035053699973	1187.2888506654374
360.20653563025866	66.77611248954213	0.3593256369280011	1188.2888506654374
360.8076359252978	67.13569091738006	0.35983127782895863	1189.2888506654374
361.4096635965254	67.49577516335412	0.3603372731922152	1190.2888506654374
362.0126192961161	67.85636558190271	0.3608436229701134	1191.2888506654374
362.6165036761016	68.21746252741667	0.36135032711499593	1192.2888506654374
363.22131738837106	68.57906635423913	0.36185738557920555	1193.2888506654374
363.8270610846704	68.94117741666565	0.3623647983150851	1194.2888506654374
364.43373541660253	69.303796068944	0.36287256527497724	1195.2888506654374
365.04134103562717	69.66692266527437	0.36338068641122456	1196.2888506654374
365.64987859306177	70.03055755980935	0.36388916167616997	1197.2888506654374
366.2593487400801	70.39470110665374	0.3643979910221561	1198.2888506654374
366.8697521277131	70.75935365986479	0.3649071744015256	1199.2888506654374
367.4810894068494	71.12451557345202	0.36541671176662144	1200.2888506654374
368.0933612282336	71.49018720137738	0.3659266030697861	1201.2888506654374
368.70656824246817	71.85636889755506	0.3664368482633624	1202.2888506654374
369.32071110001215	72.2230610158517	0.3669474472996931	1203.2888506654374
369.9357904511818	72.59026391008616	0.36745840013112085	1204.2888506654374
370.5518069461503	72.95797793402976	0.36796970670998846	1205.2888506654374
371.16876123494797	73.3262034414061	0.36848136698863854	1206.2888506654374
371.7866539674622	73.69494078589109	0.36899338091941397	1207.2888506654374
372.40548579343715	74.06419032111306	0.3695057484546574	1208.2888506654374
373.0252573624741	74.43395240065264	0.3700184695467114	1209.2888506654374
373.6459693240318	74.80422737804288	0.370531544147919	1210.2888506654374
374.26762232742533	75.17501560676901	0.3710449722106227	1211.2888506654374
374.8902170218272	75.54631744026874	0.3715587536871653	1212.2888506654374
375.51375405626703	75.91813323193206	0.37207288852988957	1213.2888506654374
376.13823407963105	76.29046333510136	0.37258737669113806	1214.2888506654374
376.7636577406631	76.66330810307129	0.3731022181232538	1215.2888506654374
377.3900256879633	77.03666788908892	0.37361741277857907	1216.2888506654374
378.01733856998976	77.4105430463536	0.37413296060945705	1217.2888506654374
378.64559703505677	77.78493392801711	0.3746488615682303	1218.2888506654374
379.27480173133586	78.15984088718349	0.3751651156072414	1219.2888506654374
379.9049533068559	78.53526427690915	0.37568172267883326	1220.2888506654374
380.5360524095025	78.9112044502028	0.3761986827353485	1221.2888506654374
381.16809968701847	79.2876617600256	0.37671599572912995	1222.2888506654374
381.8010957870035	79.66463655929095	0.37723366161252025	1223.2888506654374
382.43504135691427	80.0421292008646	0.3777516803378621	1224.2888506654374
383.0699370440648	80.42014003756475	0.37827005185749835	1225.2888506654374
383.7057834956257	80.79866942216182	0.3787887761237716	1226.2888506654374
384.342581358625	81.17771770737863	0.37930785308902465	1227.2888506654374
384.98033127994745	81.55728524589031	0.3798272827056001	1228.2888506654374
385.61903390633506	81.93737239032436	0.3803470649258409	1229.2888506654374
386.25868988438674	82.31797949326065	0.38086719970208954	1230.2888506654374
386.8992998605586	82.69910690723134	0.381387686986689	1231.2888506654374
387.5408644811633	83.08075498472093	0.3819085267319817	1232.2888506654374
388.1833843923712	83.46292407816634	0.38242971889031063	1233.2888506654374
388.82686024020916	83.8456145399567	0.3829512634140183	1234.2888506654374
389.4712926705614	84.22882672243361	0.38347316025544764	1235.2888506654374
390.116682329169	84.61256097789092	0.38399540936694126	1236.2888506654374
390.76302986163006	84.99681765857497	0.3845180107008419	1237.2888506654374
391.41033591339976	85.38159711668422	0.3850409642094923	1238.2888506654374
392.0586011297904	85.76689970436965	0.3855642698452352	1239.2888506654374
392.707826155971	86.15272577373449	0.3860879275604132	1240.2888506654374
393.35801163696806	86.53907567683439	0.3866119373073692	1241.2888506654374
394.00915821766466	86.92594976567725	0.3871362990384458	1242.2888506654374
394.66126654280123	87.31334839222339	0.38766101270598585	1243.2888506654374
395.3143372569749	87.70127190838551	0.38818607826233187	1244.2888506654374
395.9683710046405	88.0897206660285	0.3887114956598269	1245.2888506654374
396.623368430109	88.47869501696967	0.3892372648508134	1246.2888506654374
397.27933017754896	88.8681953129787	0.38976338578763414	1247.2888506654374
397.93625689098593	89.25822190577763	0.390289858422632	1248.2888506654374
398.5941492143021	89.64877514704081	0.39081668270814945	1249.2888506654374
399.2530077912373	90.03985538839488	0.3913438585965294	1250.2888506654374
399.912833265388	90.43146298141893	0.3918713860401146	1251.2888506654374
400.57362628020763	90.82359827764431	0.39239926499124766	1252.2888506654374
401.2353874790068	91.21626162855473	0.3929274954022713	1253.2888506654374
401.8981175049533	91.60945338558626	0.39345607722552833	1254.2888506654374
402.5618170010715	92.00317390012732	0.3939850104133614	1255.2888506654374
403.22648661024346	92.39742352351864	0.3945142949181134	1256.2888506654374
403.8921269752076	92.79220260705331	0.39504393069212684	1257.2888506654374
404.5587387385596	93.18751150197674	0.3955739176877445	1258.2888506654374
405.22632254275254	93.58335055948676	0.39610425585730924	1259.2888506654374
405.8948790300959	93.97972013073348	0.3966349451531636	1260.2888506654374
406.5644088427566	94.37662056681933	0.3971659855276504	1261.2888506654374
407.23491262275854	94.77405221879914	0.39769737693311236	1262.2888506654374
407.90639101198263	95.17201543767999	0.39822911932189226	1263.2888506654374
408.57884465216665	95.5705105744214	0.39876121264633274	1264.2888506654374
409.25227418490556	95.96953797993532	0.39929365685877655	1265.2888506654374
409.9266802516514	96.36909800508579	0.3998264519115664	1266.2888506654374
410.6020634937132	96.76919100068935	0.4003595977570451	1267.2888506654374
411.2784245522567	97.16981731751491	0.4008930943475552	1268.2888506654374
411.95576406830514	97.57097730628357	0.40142694163543957	1269.2888506654374
412.6340826827387	97.97267131766895	0.401961139573041	1270.2888506654374
413.3133810362943	98.374899702297	0.402495688112702	1271.2888506654374
413.993659769566	98.77766281074588	0.40303058720676543	1272.2888506654374
414.6749195230052	99.18096099354611	0.403565836807574	1273.2888506654374
415.3571609369202	99.58479460118068	0.4041014368674705	1274.2888506654374
416.04038465147556	99.98916398408485	0.4046373873387975	1275.2888506654374
416.7245913066944	100.39406949264622	0.40517368817389793	1276.2888506654374
417.4097815424552	100.79951147720467	0.4057103393251143	1277.2888506654374
418.09595599849456	101.2054902880526	0.4062473407447894	1278.2888506654374
418.7831153144061	101.61200627543454	0.40678469238526604	1279.2888506654374
419.4712601296397	102.0190597895475	0.40732239419888694	1280.2888506654374
420.16039108350293	102.4266511805408	0.40786044613799466	1281.2888506654374
420.85050881516037	102.8347807985161	0.40839884815493216	1282.2888506654374
421.5416139636333	103.24344899352741	0.408937600202042	1283.2888506654374
422.23370716780005	103.65265611558104	0.40947670223166693	1284.2888506654374
422.9267890663963	104.06240251463566	0.4100161541961497	1285.2888506654374
423.6208602980148	104.47268854060242	0.4105559560478331	1286.2888506654374
424.3159215011045	104.88351454334456	0.41109610773905975	1287.2888506654374
425.0119733139725	105.29488087267781	0.41163660922217243	1288.2888506654374
425.7090163747822	105.70678787837032	0.41217746044951387	1289.2888506654374
426.40705132155426	106.11923591014236	0.4127186613734267	1290.2888506654374
427.1060787921663	106.5322253176668	0.4132602119462538	1291.2888506654374
427.8060994243531	106.94575645056865	0.41380211212033774	1292.2888506654374
428.50711385570617	107.35982965842534	0.4143443618480213	1293.2888506654374
429.2091227236747	107.77444529076668	0.41488696108164735	1294.2888506654374
429.9121266655641	108.18960369707473	0.4154299097735584	1295.2888506654374
430.6161263185372	108.60530522678398	0.41597320787609726	1296.2888506654374
431.3211223196139	109.02155022928123	0.4165168553416067	1297.2888506654374
432.0271153056714	109.43833905390564	0.4170608521224295	1298.2888506654374
432.7341059134429	109.85567204994864	0.41760519817090813	1299.2888506654374
433.44209477951966	110.2735495666541	0.4181498934393856	1300.2888506654374
434.15108254034976	110.69197195321817	0.41869493788020445	1301.2888506654374
434.86106983223806	111.11093955878943	0.4192403314457075	1302.2888506654374
435.5720572913465	111.53045273246863	0.4197860740882374	1303.2888506654374
436.2840455536941	111.95051182330903	0.420332165760137	1304.2888506654374
436.99703525515724	112.3711171803161	0.4208786064137489	1305.2888506654374
437.7110270314685	112.79226915244786	0.4214253960014159	1306.2888506654374
438.4260215182183	113.21396808861442	0.42197253447548067	1307.2888506654374
439.14201935085384	113.63621433767838	0.42252002178828596	1308.2888506654374
439.859021164679	114.05900824845469	0.42306785789217444	1309.2888506654374
440.5770275948554	114.48235016971054	0.423616042739489	1310.2888506654374
441.29603927640073	114.90624045016557	0.4241645762825722	1311.2888506654374
442.01605684419076	115.33067943849173	0.42471345847376685	1312.2888506654374
442.7370809329575	115.75566748331329	0.42526268926541566	1313.2888506654374
443.4591121772902	116.18120493320686	0.42581226860986127	1314.2888506654374
444.1821512116356	116.60729213670137	0.42636219645944656	1315.2888506654374
444.90619867029636	117.03392944227821	0.42691247276651406	1316.2888506654374
445.6312551874336	117.46111719837103	0.4274630974834067	1317.2888506654374
446.3573213970644	117.88885575336582	0.4280140705624671	1318.2888506654374
447.0843979330633	118.31714545560078	0.42856539195603804	1319.2888506654374
447.8124854291617	118.7459866533668	0.4291170616164622	1320.2888506654374
448.54158451894807	119.17537969490678	0.42966907949608224	1321.2888506654374
449.2716958358682	119.60532492841617	0.43022144554724095	1322.2888506654374
450.0028200132244	120.03582270204254	0.43077415972228117	1323.2888506654374
450.73495768417644	120.4668733638861	0.4313272219735454	1324.2888506654374
451.46810948174067	120.89847726199918	0.43188063225337653	1325.2888506654374
452.20227603879107	121.33063474438646	0.43243439051411725	1326.2888506654374
452.93745798805804	121.76334615900517	0.43298849670811024	1327.2888506654374
453.67365596212954	122.19661185376457	0.43354295078769833	1328.2888506654374
454.4108705934501	122.63043217652653	0.43409775270522405	1329.2888506654374
455.1491025143214	123.06480747510516	0.43465290241303034	1330.2888506654374
455.8883523569027	123.49973809726676	0.4352083998634598	1331.2888506654374
456.6286207532094	123.93522439073037	0.4357642450088552	1332.2888506654374
457.3699083351146	124.37126670316697	0.4363204378015593	1333.2888506654374
458.11221573434784	124.80786538220003	0.43687697819391474	1334.2888506654374
458.85554358249624	125.24502077540545	0.4374338661382643	1335.2888506654374
459.59989251100376	125.68273323031134	0.43799110158695065	1336.2888506654374
460.34526315117137	126.1210030943982	0.4385486844923166	1337.2888506654374
461.0916561341569	126.55983071509898	0.4391066148067048	1338.2888506654374
461.8390720909756	126.99921643979876	0.43966489248245805	1339.2888506654374
462.58751165249924	127.43916061583512	0.440223517471919	1340.2888506654374
463.3369754494571	127.87966359049797	0.4407824897274304	1341.2888506654374
464.08746411243504	128.32072571102947	0.4413418092013349	1342.2888506654374
464.8389782718767	128.76234732462424	0.4419014758459755	1343.2888506654374
465.5915185580817	129.2045287784291	0.4424614896136946	1344.2888506654374
466.34508560120764	129.64727041954345	0.4430218504568351	1345.2888506654374
467.09968003126824	130.09057259501867	0.44358255832773963	1346.2888506654374
467.8553024781352	130.53443565185893	0.444143613178751	1347.2888506654374
468.61195357153656	130.9788599370204	0.444705014962212	1348.2888506654374
469.3696339410575	131.42384579741162	0.4452667636304651	1349.2888506654374
470.1283442161408	131.86939357989363	0.44582885913585324	1350.2888506654374
470.8880850260856	132.3155036312798	0.44639130143071915	1351.2888506654374
471.6488570000479	132.7621762983357	0.4469540904674054	1352.2888506654374
472.4106607670416	133.20941192777934	0.44751722619825485	1353.2888506654374
473.1734969559369	133.65721086628102	0.4480807085756102	1354.2888506654374
473.93736619546155	134.1055734604635	0.4486445375518142	1355.2888506654374
474.70226911419957	134.55450005690176	0.4492087130792095	1356.2888506654374
475.46820634059276	135.00399100212312	0.44977323511013884	1357.2888506654374
476.23517850293973	135.4540466426073	0.450338103596945	1358.2888506654374
477.0031862293961	135.9046673247864	0.45090331849197063	1359.2888506654374
477.7722301479741	136.35585339504473	0.4514688797475585	1360.2888506654374
478.54231088654393	136.80760519971912	0.4520347873160514	1361.2888506654374
479.3134290728317	137.25992308509862	0.45260104114979194	1362.2888506654374
480.0855853344216	137.7128073974246	0.4531676412011229	1363.2888506654374
480.85878029875397	138.16625848289084	0.45373458742238704	1364.2888506654374
481.63301459312663	138.62027668764344	0.45430187976592695	1365.2888506654374
482.40828884469454	139.07486235778092	0.4548695181840855	1366.2888506654374
483.1846036804693	139.53001583935395	0.45543750262920535	1367.2888506654374
483.96195972731994	139.98573747836576	0.4560058330536293	1368.2888506654374
484.7403576119723	140.4420276207718	0.4565745094097	1369.2888506654374
485.519797961009	140.89888661247983	0.4571435316497601	1370.2888506654374
486.30028140087023	141.35631479935012	0.45771289972615253	1371.2888506654374
487.08180855785275	141.814312527195	0.4582826135912198	1372.2888506654374
487.8643800581109	142.27288014177952	0.45885267319730483	1373.2888506654374
488.64799652765504	142.73201798882076	0.45942307849675024	1374.2888506654374
489.43265859235373	143.1917264139883	0.45999382944189865	1375.2888506654374
490.2183668779321	143.6520057629039	0.460564925985093	1376.2888506654374
491.0051220099716	144.1128563811419	0.46113636807867586	1377.2888506654374
491.79292461391225	144.57427861422877	0.46170815567499013	1378.2888506654374
492.5817753150493	145.03627280764357	0.4622802887263783	1379.2888506654374
493.3716747385365	145.4988393068174	0.46285276718518326	1380.2888506654374
494.162623509384	145.96197845713385	0.46342559100374775	1381.2888506654374
494.9546222524586	146.4256906039289	0.4639987601344143	1382.2888506654374
495.74767159248506	146.88997609249083	0.4645722745295259	1383.2888506654374
496.5417721540447	147.3548352680602	0.46514613414142514	1384.2888506654374
497.33692456157513	147.82026847583006	0.4657203389224546	1385.2888506654374
498.1331294393723	148.28627606094562	0.4662948888249573	1386.2888506654374
498.9303874115885	148.75285836850458	0.46686978380127575	1387.2888506654374
499.72869910223324	149.22001574355687	0.4674450238037528	1388.2888506654374
500.5280651351725	149.68774853110494	0.4680206087847311	1389.2888506654374
501.32848613413	150.15605707610328	0.4685965386965534	1390.2888506654374
502.12996272268634	150.62494172345907	0.4691728134915624	1391.2888506654374
502.9324955242791	151.0944028180316	0.46974943312210093	1392.2888506654374
503.73608516220236	151.56444070463257	0.4703263975405115	1393.2888506654374
504.54073225960803	152.03505572802607	0.47090370669913706	1394.2888506654374
505.34643743950454	152.50624823292839	0.4714813605503202	1395.2888506654374
506.1532013247578	152.9780185640083	0.47205935904640367	1396.2888506654374
506.96102453809027	153.45036706588692	0.47263770213973033	1397.2888506654374
507.7699077020813	153.92329408313768	0.47321638978264263	1398.2888506654374
508.5798514391683	154.39679996028616	0.4737954219274836	1399.2888506654374
509.3908563716444	154.87088504181068	0.4743747985265957	1400.2888506654374
510.20292312166066	155.3455496721416	0.4749545195323218	1401.2888506654374
511.01605231122505	155.82079419566165	0.47553458489700473	1402.2888506654374
511.83024456220164	156.29661895670606	0.4761149945729869	1403.2888506654374
512.6455004963132	156.77302429956214	0.4766957485126113	1404.2888506654374
513.461820735138	157.2500105684699	0.47727684666822057	1405.2888506654374
514.2792059001122	157.72757810762138	0.4778582889921575	1406.2888506654374
515.0976566125287	158.2057272611611	0.4784400754367647	1407.2888506654374
515.9171734935373	158.6844583731859	0.47902220595438494	1408.2888506654374
516.7377571641453	159.163771787745	0.479604680497361	1409.2888506654374
517.5594082452162	159.64366784883987	0.4801874990180355	1410.2888506654374
518.3821273574717	160.12414690042442	0.4807706614687513	1411.2888506654374
519.2059151214894	160.60520928640483	0.48135416780185103	1412.2888506654374
520.0307721577046	161.08685535063967	0.4819380179696774	1413.2888506654374
520.8566990864094	161.56908543693987	0.48252221192457323	1414.2888506654374
521.683696527753	162.05189988906864	0.4831067496188812	1415.2888506654374
522.5117651017415	162.53529905074157	0.483691631004944	1416.2888506654374
523.3409054282381	163.0192832656266	0.4842768560351044	1417.2888506654374
524.1711181269629	163.50385287734395	0.48486242466170504	1418.2888506654374
525.0024038174935	163.98900822946626	0.4854483368370887	1419.2888506654374
525.8347631192643	164.47474966551846	0.48603459251359826	1420.2888506654374
526.6681966515661	164.9610775289779	0.4866211916435762	1421.2888506654374
527.5027050335476	165.44799216327425	0.48720813417936537	1422.2888506654374
528.338288884214	165.93549391178937	0.4877954200733084	1423.2888506654374
529.174948822428	166.42358311785767	0.48838304927774817	1424.2888506654374
530.0126854669086	166.91226012476582	0.48897102174502727	1425.2888506654374
530.8514994362328	167.40152527575285	0.4895593374274885	1426.2888506654374
531.6913913488337	167.89137891400998	0.4901479962774746	1427.2888506654374
532.532361823002	168.38182138268107	0.49073699824732814	1428.2888506654374
533.3744114768851	168.87285302486205	0.49132634328939206	1429.2888506654374
534.2175409284881	169.36447418360137	0.49191603135600903	1430.2888506654374
535.0617507956719	169.85668520189967	0.49250606239952166	1431.2888506654374
535.9070416961554	170.3494864227101	0.49309643637227274	1432.2888506654374
536.7534142475142	170.84287818893804	0.493687153226605	1433.2888506654374
537.6008690671815	171.3368608434413	0.4942782129148613	1434.2888506654374
538.4494067724463	171.83143472902987	0.4948696153893841	1435.2888506654374
539.2990279804558	172.32660018846627	0.4954613606025163	1436.2888506654374
540.1497333082134	172.82235756446525	0.4960534485066006	1437.2888506654374
541.0015233725806	173.31870719969388	0.4966458790539797	1438.2888506654374
541.8543987902744	173.81564943677174	0.49723865219699637	1439.2888506654374
542.70836017787	174.31318461827055	0.4978317678879932	1440.2888506654374
543.5634081517996	174.8113130867145	0.49842522607931317	1441.2888506654374
544.4195433283517	175.3100351845801	0.49901902672329873	1442.2888506654374
545.2767663236723	175.8093512542961	0.49961316977229275	1443.2888506654374
546.1350777537648	176.30926163824378	0.500207655178638	1444.2888506654374
546.9944782344886	176.80976667875663	0.5008024828946771	1445.2888506654374
547.8549683815612	177.31086671812048	0.5013976528727528	1446.2888506654374
548.7165488105562	177.81256209857358	0.5019931650652079	1447.2888506654374
549.5792201369052	178.31485316230646	0.5025890194243849	1448.2888506654374
550.442982975896	178.81774025146203	0.5031852159026269	1449.2888506654374
551.3078379426737	179.3212237081355	0.5037817544522762	1450.2888506654374
552.1737856522409	179.8253038743745	0.5043786350256759	1451.2888506654374
553.0408267194564	180.32998109217894	0.5049758575751686	1452.2888506654374
553.9089617590362	180.835255703501	0.5055734220530969	1453.2888506654374
554.7781913855542	181.3411280502454	0.5061713284118037	1454.2888506654374
555.6485162134402	181.84759847426892	0.5067695766036314	1455.2888506654374
556.5199368569816	182.3546673173811	0.5073681665809232	1456.2888506654374
557.392453930323	182.86233492134346	0.5079670982960215	1457.2888506654374
558.2660680474655	183.37060162786986	0.5085663717012692	1458.2888506654374
559.1407798222679	183.8794677786268	0.5091659867490089	1459.2888506654374
560.0165898684448	184.38893371523284	0.5097659433915833	1460.2888506654374
560.8934987995694	184.898999779259	0.5103662415813353	1461.2888506654374
561.771507229071	185.4096663122287	0.5109668812706075	1462.2888506654374
562.6506157702358	185.92093365561755	0.5115678624117426	1463.2888506654374
563.530825036208	186.43280215085358	0.5121691849570834	1464.2888506654374
564.4121356399872	186.94527213931724	0.5127708488589725	1465.2888506654374
565.2945481944321	187.45834396234122	0.5133728540697529	1466.2888506654374
566.1780633122567	187.97201796121044	0.513975200541767	1467.2888506654374
567.0626816060324	188.48629447716255	0.5145778882273577	1468.2888506654374
567.9484036881884	189.00117385138714	0.5151809170788677	1469.2888506654374
568.8352301710103	189.51665642502635	0.5157842870486398	1470.2888506654374
569.7231616666405	190.03274253917465	0.5163879980890165	1471.2888506654374
570.6121987870793	190.54943253487866	0.5169920501523407	1472.2888506654374
571.502342144183	191.0667267531377	0.5175964431909552	1473.2888506654374
572.3935923496657	191.58462553490315	0.5182011771572026	1474.2888506654374
573.2859500150981	192.1031292210788	0.5188062520034256	1475.2888506654374
574.1794157519083	192.62223815252074	0.519411667681967	1476.2888506654374
575.0739901713811	193.1419526700376	0.5200174241451695	1477.2888506654374
575.9696738846584	193.6622731143901	0.5206235213453758	1478.2888506654374
576.866467502739	194.18319982629146	0.5212299592349288	1479.2888506654374
577.7643716364792	194.70473314640716	0.5218367377661708	1480.2888506654374
578.6633868965916	195.22687341535516	0.522443856891445	1481.2888506654374
579.5635138936466	195.74962097370556	0.5230513165630938	1482.2888506654374
580.4647532380714	196.27297616198092	0.5236591167334602	1483.2888506654374
581.3671055401496	196.79693932065615	0.5242672573548867	1484.2888506654374
582.2705714100226	197.32151079015853	0.524875738379716	1485.2888506654374
583.1751514576888	197.84669091086752	0.5254845597602911	1486.2888506654374
584.0808462930031	198.37248002311514	0.5260937214489545	1487.2888506654374
584.9876565256777	198.89887846718554	0.5267032233980489	1488.2888506654374
585.8955827652819	199.42588658331545	0.5273130655599172	1489.2888506654374
586.804625621242	199.9535047116938	0.5279232478869019	1490.2888506654374
587.7147857028414	200.48173319246177	0.528533770331346	1491.2888506654374
588.6260636192203	201.01057236571305	0.529144632845592	1492.2888506654374
589.538459979376	201.5400225714937	0.5297558353819827	1493.2888506654374
590.4519753921628	202.07008414980191	0.5303673778928608	1494.2888506654374
591.3666104662925	202.60075744058832	0.5309792603305692	1495.2888506654374
592.2823658103332	203.13204278375605	0.5315914826474503	1496.2888506654374
593.1992420327106	203.6639405191604	0.5322040447958472	1497.2888506654374
594.1172397417067	204.19645098660902	0.5328169467281022	1498.2888506654374
595.0363595454617	204.72957452586195	0.5334301883965583	1499.2888506654374
595.9566020519717	205.2633114766317	0.5340437697535583	1500.2888506654374
596.8779678690905	205.79766217858275	0.5346576907514446	1501.2888506654374
597.8004576045289	206.33262697133233	0.5352719513425604	1502.2888506654374
598.7240718658538	206.86820619444967	0.535886551479248	1503.2888506654374
599.6488112604907	207.40440018745682	0.5365014911138504	1504.2888506654374
600.5746763957206	207.94120928982753	0.5371167701987101	1505.2888506654374
601.501667878683	208.47863384098844	0.53773238868617	1506.2888506654374
602.4297863163728	209.01667418031818	0.5383483465285727	1507.2888506654374
603.3590323156433	209.55533064714797	0.538964643678261	1508.2888506654374
604.2894064832043	210.09460358076123	0.5395812800875776	1509.2888506654374
605.2209094256222	210.63449332039374	0.5401982557088651	1510.2888506654374
606.1535417493216	211.17500020523372	0.5408155704944666	1511.2888506654374
607.0873040605827	211.7161245744216	0.5414332243967245	1512.2888506654374
608.022196965544	212.25786676705016	0.5420512173679817	1513.2888506654374
608.9582210701998	212.8002271221647	0.5426695493605806	1514.2888506654374
609.8953769804025	213.3432059787626	0.5432882203268643	1515.2888506654374
610.8336653018612	213.88680367579371	0.5439072302191754	1516.2888506654374
611.7730866401416	214.4310205521604	0.5445265789898566	1517.2888506654374
612.7136416006672	214.97585694671704	0.5451462665912507	1518.2888506654374
613.6553307887175	215.52131319827058	0.5457662929757002	1519.2888506654374
614.59815480943	216.06738964558025	0.5463866580955481	1520.2888506654374
615.5421142677985	216.61408662735758	0.5470073619031369	1521.2888506654374
616.4872097686748	217.16140448226656	0.5476284043508096	1522.2888506654374
617.4334419167666	217.70934354892333	0.5482497853909086	1523.2888506654374
618.3808113166393	218.25790416589666	0.548871504975777	1524.2888506654374
619.329318572715	218.80708667170725	0.5494935630577571	1525.2888506654374
620.2789642892733	219.35689140482856	0.5501159595891919	1526.2888506654374
621.2297490704502	219.9073187036863	0.5507386945224241	1527.2888506654374
622.1816735202393	220.45836890665817	0.5513617678097964	1528.2888506654374
623.1347382424908	221.01004235207463	0.5519851794036515	1529.2888506654374
624.088943840912	221.56233937821838	0.5526089292563321	1530.2888506654374
625.0442909190676	222.11526032332435	0.553233017320181	1531.2888506654374
626.0007800803788	222.66880552557996	0.5538574435475409	1532.2888506654374
626.9584119281244	223.22297532312476	0.5544822078907545	1533.2888506654374
627.9171870654395	223.77777005405085	0.5551073103021645	1534.2888506654374
628.8771060953169	224.33319005640257	0.5557327507341138	1535.2888506654374
629.8381696206061	224.8892356681767	0.5563585291389448	1536.2888506654374
630.8003782440137	225.44590722732227	0.5569846454690006	1537.2888506654374
631.7637325681034	226.00320507174058	0.5576110996766236	1538.2888506654374
632.7282331952958	226.5611295392855	0.5582378917141567	1539.2888506654374
633.6938807278683	227.11968096776292	0.5588650215339426	1540.2888506654374
634.6606757679565	227.67885969493153	0.5594924890883242	1541.2888506654374
635.6286189175507	228.2386660585019	0.5601202943296437	1542.2888506654374
636.5977107785011	228.79910039613725	0.5607484372102445	1543.2888506654374
637.5679519525127	229.3601630454529	0.5613769176824688	1544.2888506654374
638.5393430411483	229.92185434401688	0.5620057356986595	1545.2888506654374
639.511884645828	230.48417462934904	0.5626348912111594	1546.2888506654374
640.4855773678289	231.04712423892204	0.5632643841723113	1547.2888506654374
641.4604218082843	231.61070351016068	0.5638942145344575	1548.2888506654374
642.4364185681854	232.17491278044207	0.5645243822499413	1549.2888506654374
643.4135682483806	232.73975238709582	0.5651548872711051	1550.2888506654374
644.3918714495742	233.30522266740365	0.5657857295502916	1551.2888506654374
645.3713287723285	233.8713239585998	0.5664169090398435	1552.2888506654374
646.3519408170628	234.43805659787085	0.5670484256921038	1553.2888506654374
647.3337081840527	235.00542092235568	0.567680279459415	1554.2888506654374
648.3166314734316	235.57341726914547	0.5683124702941198	1555.2888506654374
649.3007112851897	236.14204597528382	0.568944998148561	1556.2888506654374
650.285948219174	236.71130737776662	0.5695778629750814	1557.2888506654374
651.2723428750885	237.28120181354214	0.5702110647260237	1558.2888506654374
652.2598958524948	237.85172961951088	0.5708446033537303	1559.2888506654374
653.2486077508111	238.42289113252602	0.5714784788105446	1560.2888506654374
654.2384791693123	238.9946866893925	0.5721126910488086	1561.2888506654374
655.2295107071311	239.56711662686823	0.5727472400208655	1562.2888506654374
656.2217029632566	240.14018128166293	0.5733821256790578	1563.2888506654374
657.2150565365355	240.71388099043915	0.5740173479757285	1564.2888506654374
658.2095720256706	241.28821608981133	0.5746529068632198	1565.2888506654374
659.205250029223	241.86318691634662	0.575288802293875	1566.2888506654374
660.2020911456093	242.43879380656426	0.5759250342200364	1567.2888506654374
661.2000959731048	243.01503709693603	0.5765616025940471	1568.2888506654374
662.1992651098406	243.5919171238857	0.5771985073682495	1569.2888506654374
663.1995991538053	244.16943422379003	0.5778357484949865	1570.2888506654374
664.2010987028441	244.74758873297736	0.5784733259266007	1571.2888506654374
665.2037643546599	245.32638098772892	0.579111239615435	1572.2888506654374
666.2075967068125	245.9058113242781	0.5797494895138319	1573.2888506654374
667.2125963567184	246.48588007881054	0.5803880755741344	1574.2888506654374
668.2187639016512	247.06658758746443	0.5810269977486849	1575.2888506654374
669.2260999387418	247.6479341863301	0.5816662559898267	1576.2888506654374
670.2346050649772	248.2299202114504	0.5823058502499017	1577.2888506654374
671.244279877203	248.81254599882044	0.5829457804812532	1578.2888506654374
672.2551249721208	249.3958118843874	0.5835860466362238	1579.2888506654374
673.267140946289	249.9797182040515	0.5842266486671561	1580.2888506654374
674.2803283961237	250.5642652936645	0.584867586526393	1581.2888506654374
675.2946879178978	251.1494534890311	0.5855088601662771	1582.2888506654374
676.3102201077413	251.73528312590815	0.5861504695391514	1583.2888506654374
677.326925561641	252.32175454000452	0.5867924145973582	1584.2888506654374
678.3448048754407	252.90886806698205	0.5874346952932405	1585.2888506654374
679.3638586448416	253.49662404245436	0.588077311579141	1586.2888506654374
680.3840874654015	254.08502280198778	0.5887202634074024	1587.2888506654374
681.4054919325355	254.67406468110073	0.5893635507303673	1588.2888506654374
682.4280726415157	255.2637500152642	0.5900071735003785	1589.2888506654374
683.4518301874712	255.85407913990127	0.5906511316697788	1590.2888506654374
684.4767651653883	256.4450523903877	0.591295425190911	1591.2888506654374
685.5028781701097	257.0366701020511	0.5919400540161176	1592.2888506654374
686.5301697963359	257.6289326101721	0.5925850180977414	1593.2888506654374
687.5586406386241	258.2218402499829	0.5932303173881253	1594.2888506654374
688.5882912913881	258.81539335666866	0.5938759518396117	1595.2888506654374
689.6191223489	259.4095922653666	0.5945219214045436	1596.2888506654374
690.6511344052873	260.0044373111664	0.5951682260352638	1597.2888506654374
691.6843280545355	260.59992882910984	0.5958148656841146	1598.2888506654374
692.7187038904875	261.1960671541914	0.5964618403034392	1599.2888506654374
693.7542625068419	261.79285262135767	0.59710914984558	1600.2888506654374
694.7910044971554	262.3902855655076	0.5977567942628798	1601.2888506654374
695.8289304548416	262.9883663214926	0.5984047735076814	1602.2888506654374
696.8680409731708	263.5870952241162	0.5990530875323274	1603.2888506654374
697.9083366452703	264.1864726081346	0.5997017362891607	1604.2888506654374
698.9498180641251	264.78649880825606	0.600350719730524	1605.2888506654374
699.9924858225762	265.3871741591413	0.60100003780876	1606.2888506654374
701.0363405133223	265.98849899540323	0.6016496904762112	1607.2888506654374
702.0813827289192	266.59047365160757	0.6022996776852205	1608.2888506654374
703.1276130617794	267.1930984622717	0.6029499993881308	1609.2888506654374
704.1750321041727	267.79637376186594	0.6036006555372846	1610.2888506654374
705.2236404482255	268.4002998848124	0.6042516460850247	1611.2888506654374
706.2734386859222	269.0048771654863	0.6049029709836939	1612.2888506654374
707.3244274091022	269.61010593821436	0.6055546301856346	1613.2888506654374
708.3766072094645	270.2159865372761	0.6062066236431901	1614.2888506654374
709.4299786785633	270.82251929690335	0.6068589513087025	1615.2888506654374
710.4845424078107	271.4297045512803	0.607511613134515	1616.2888506654374
711.5402989884755	272.03754263454323	0.60816460907297	1617.2888506654374
712.5972490116833	272.6460338807812	0.6088179390764104	1618.2888506654374
713.6553930684174	273.2551786240352	0.609471603097179	1619.2888506654374
714.7147317495177	273.8649771982988	0.6101256010876184	1620.2888506654374
715.7752656456809	274.47542993751773	0.6107799330000713	1621.2888506654374
716.8369953474606	275.08653717559037	0.6114345987868803	1622.2888506654374
717.8999214452685	275.69829924636707	0.6120895984003885	1623.2888506654374
718.9640445293729	276.3107164836508	0.6127449317929384	1624.2888506654374
720.0293651898983	276.9237892211967	0.6134005989168727	1625.2888506654374
721.0958840168267	277.5375177927125	0.6140565997245342	1626.2888506654374
722.1636015999976	278.1519025318579	0.6147129341682656	1627.2888506654374
723.232518529107	278.7669437722451	0.6153696022004095	1628.2888506654374
724.3026353937083	279.38264184743895	0.6160266037733089	1629.2888506654374
725.3739527832114	279.9989970909561	0.6166839388393063	1630.2888506654374
726.4464712868837	280.616009836266	0.6173416073507445	1631.2888506654374
727.5201914938493	281.2336804167903	0.6179996092599662	1632.2888506654374
728.5951139930899	281.85200916590264	0.6186579445193141	1633.2888506654374
729.6712393734435	282.47099641692967	0.6193166130811311	1634.2888506654374
730.7485682236054	283.09064250314987	0.6199756148977597	1635.2888506654374
731.8271011321283	283.7109477577942	0.6206349499215428	1636.2888506654374
732.9068386874214	284.33191251404605	0.621294618104823	1637.2888506654374
733.987781477751	284.95353710504116	0.621954619399943	1638.2888506654374
735.0699300912412	285.5758218638674	0.6226149537592458	1639.2888506654374
736.1532851158714	286.1987671235652	0.6232756211350737	1640.2888506654374
737.2378471394804	286.8223732171271	0.6239366214797698	1641.2888506654374
738.3236167497619	287.44664047749836	0.6245979547456767	1642.2888506654374
739.4105945342676	288.07156923757634	0.625259620885137	1643.2888506654374
740.4987810804059	288.6971598302107	0.6259216198504934	1644.2888506654374
741.5881769754435	289.32341258820344	0.6265839515940891	1645.2888506654374
742.6787828065019	289.9503278443091	0.6272466160682663	1646.2888506654374
743.7705991605612	290.5779059312343	0.6279096132253679	1647.2888506654374
744.8636266244581	291.20614718163813	0.6285729430177365	1648.2888506654374
745.9578657848864	291.83505192813226	0.6292366053977151	1649.2888506654374
747.0533172283971	292.46462050328023	0.6299006003176462	1650.2888506654374
748.1499815413977	293.09485323959836	0.6305649277298726	1651.2888506654374
749.2478593101531	293.7257504695549	0.6312295875867371	1652.2888506654374
750.3469511207852	294.3573125255708	0.6318945798405824	1653.2888506654374
751.4472575592727	294.98953974001915	0.632559904443751	1654.2888506654374
752.5487792114518	295.6224324452255	0.633225561348586	1655.2888506654374
753.6515166630153	296.25599097346765	0.6338915505074297	1656.2888506654374
754.755470499513	296.89021565697584	0.6345578718726252	1657.2888506654374
755.8606413063522	297.5251068279325	0.635224525396515	1658.2888506654374
756.9670296687972	298.1606648184726	0.635891511031442	1659.2888506654374
758.0746361719685	298.7968899606832	0.6365588287297488	1660.2888506654374
759.1834614008444	299.4337825866039	0.6372264784437781	1661.2888506654374
760.2935059402599	300.0713430282268	0.6378944601258728	1662.2888506654374
761.4047703749075	300.7095716174958	0.6385627737283752	1663.2888506654374
762.517255289336	301.34846868630774	0.6392314192036288	1664.2888506654374
763.6309612679516	301.98803456651143	0.6399003965039755	1665.2888506654374
764.7458888950181	302.62826958990826	0.6405697055817586	1666.2888506654374
765.8620387546547	303.2691740882515	0.6412393463893205	1667.2888506654374
766.97941143084	303.91074839324756	0.6419093188790042	1668.2888506654374
768.0980075074069	304.5529928365544	0.6425796230031519	1669.2888506654374
769.2178275680483	305.1959077497828	0.6432502587141069	1670.2888506654374
770.3388721963111	305.8394934644956	0.6439212259642116	1671.2888506654374
771.4611419756015	306.48375031220843	0.6445925247058091	1672.2888506654374
772.5846374891819	307.1286786243885	0.6452641548912414	1673.2888506654374
773.7093593201715	307.7742787324562	0.6459361164728522	1674.2888506654374
774.8353080515467	308.4205509677838	0.6466084094029834	1675.2888506654374
775.9624842661418	309.0674956616958	0.6472810336339782	1676.2888506654374
777.0908885466463	309.71511314546945	0.647953989118179	1677.2888506654374
778.2205214756086	310.36340375033404	0.6486272758079288	1678.2888506654374
779.3513836354323	311.0123678074714	0.64930089365557	1679.2888506654374
780.48347560838	311.6620056480153	0.6499748426134458	1680.2888506654374
781.6167979765701	312.3123176030523	0.6506491226338985	1681.2888506654374
782.7513513219781	312.96330400362143	0.6513237336692711	1682.2888506654374
783.8871362264368	313.6149651807133	0.6519986756719061	1683.2888506654374
785.0241532716361	314.2673014652717	0.6526739485941465	1684.2888506654374
786.1624030391221	314.92031318819227	0.6533495523883347	1685.2888506654374
787.3018861102997	315.57400068032314	0.6540254870068137	1686.2888506654374
788.4426030664285	316.2283642724648	0.654701752401926	1687.2888506654374
789.5845544886275	316.88340429537	0.6553783485260145	1688.2888506654374
790.7277409578709	317.53912107974384	0.6560552753314218	1689.2888506654374
791.8721630549907	318.195514956244	0.6567325327704908	1690.2888506654374
793.0178213606756	318.8525862554802	0.657410120795564	1691.2888506654374
794.1647164554722	319.5103353080146	0.6580880393589844	1692.2888506654374
795.3128489197829	320.16876244436173	0.6587662884130945	1693.2888506654374
796.4622193338681	320.8278679949884	0.6594448679102369	1694.2888506654374
797.6128282778446	321.48765229031403	0.6601237778027548	1695.2888506654374
798.7646763316867	322.14811566070983	0.6608030180429905	1696.2888506654374
799.9177640752254	322.80925843650004	0.6614825885832869	1697.2888506654374
801.0720920881488	323.47108094796056	0.6621624893759867	1698.2888506654374
802.2276609500017	324.1335835253202	0.6628427203734324	1699.2888506654374
803.3844712401869	324.79676649875984	0.6635232815279671	1700.2888506654374
804.5425235379636	325.4606301984127	0.6642041727919336	1701.2888506654374
805.7018184224473	326.12517495436424	0.6648853941176741	1702.2888506654374
806.8623564726125	326.7904010966528	0.6655669454575318	1703.2888506654374
808.024138267288	327.4563089552681	0.666248826763849	1704.2888506654374
809.1871643851624	328.12289886015344	0.6669310379889689	1705.2888506654374
810.3514354047795	328.79017114120313	0.6676135790852339	1706.2888506654374
811.5169519045412	329.458126128265	0.6682964500049869	1707.2888506654374
812.6837144627049	330.1267641511384	0.6689796507005705	1708.2888506654374
813.8517236573869	330.79608553957553	0.6696631811243274	1709.2888506654374
815.0209800665589	331.4660906232805	0.6703470412286003	1710.2888506654374
816.1914842680513	332.1367797319104	0.6710312309657323	1711.2888506654374
817.3632368395502	332.8081531950738	0.6717157502880656	1712.2888506654374
818.536238358599	333.4802113423323	0.6724005991479434	1713.2888506654374
819.7104894025982	334.15295450319957	0.6730857774977079	1714.2888506654374
820.8859905488063	334.82638300714177	0.6737712852897023	1715.2888506654374
822.0627423743368	335.5004971835773	0.6744571224762692	1716.2888506654374
823.2407454561622	336.1752973618766	0.6751432890097512	1717.2888506654374
824.4200003711106	336.8507838713631	0.6758297848424911	1718.2888506654374
825.6005076958683	337.52695704131213	0.6765166099268316	1719.2888506654374
826.7822680069778	338.20381720095145	0.6772037642151156	1720.2888506654374
827.9652818808381	338.8813646794611	0.6778912476596854	1721.2888506654374
829.1495498937074	339.5595998059737	0.6785790602128843	1722.2888506654374
830.3350726216987	340.23852290957393	0.6792672018270546	1723.2888506654374
831.5218506407829	340.91813431929893	0.679955672454539	1724.2888506654374
832.709884526788	341.5984343641382	0.6806444720476805	1725.2888506654374
833.8991748553988	342.27942337303364	0.6813336005588218	1726.2888506654374
835.0897222021578	342.9611016748793	0.6820230579403054	1727.2888506654374
836.2815271424635	343.64346959852173	0.6827128441444742	1728.2888506654374
837.4745902515716	344.3265274727599	0.6834029591236708	1729.2888506654374
838.6689121045957	345.0102756263449	0.684093402830238	1730.2888506654374
839.8644932765059	345.6947143879803	0.6847841752165187	1731.2888506654374
841.0613343421289	346.3798440863219	0.6854752762348554	1732.2888506654374
842.2594358761487	347.0656650499782	0.6861667058375907	1733.2888506654374
843.458798453107	347.75217760750945	0.6868584639770676	1734.2888506654374
844.6594226474014	348.4393820874286	0.6875505506056286	1735.2888506654374
845.8613090332876	349.12727881820115	0.6882429656756168	1736.2888506654374
847.0644581848775	349.81586812824446	0.6889357091393745	1737.2888506654374
848.268870676141	350.50515034592866	0.6896287809492448	1738.2888506654374
849.4745470809033	351.19512579957575	0.6903221810575702	1739.2888506654374
850.6814879728483	351.8857948174607	0.6910159094166932	1740.2888506654374
851.8896939255166	352.5771577278101	0.691709965978957	1741.2888506654374
853.099165512305	353.2692148588037	0.6924043506967039	1742.2888506654374
854.3099033064685	353.96196653857294	0.6930990635222771	1743.2888506654374
855.5219078811181	354.65541309520165	0.6937941044080189	1744.2888506654374
856.7351798092225	355.34955485672646	0.6944894733062722	1745.2888506654374
857.9497196636069	356.04439215113587	0.6951851701693798	1746.2888506654374
859.165528016954	356.7399253063709	0.6958811949496843	1747.2888506654374
860.3826054418034	357.436154650325	0.6965775475995283	1748.2888506654374
861.6009525105515	358.1330805108439	0.6972742280712548	1749.2888506654374
862.8205697954518	358.83070321572563	0.6979712363172063	1750.2888506654374
864.0414578686156	359.5290230927205	0.6986685722897258	1751.2888506654374
865.2636173020094	360.2280404695314	0.6993662359411557	1752.2888506654374
866.4870486674591	360.9277556738133	0.7000642272238391	1753.2888506654374
867.7117525366456	361.6281690331736	0.7007625460901183	1754.2888506654374
868.9377294811079	362.32928087517223	0.7014611924923363	1755.2888506654374
870.1649800722417	363.031091527321	0.7021601663828357	1756.2888506654374
871.3935048813001	363.7336013170848	0.7028594677139595	1757.2888506654374
872.6233044793926	364.43681057188	0.7035590964380499	1758.2888506654374
873.8543794374863	365.140719619076	0.7042590525074502	1759.2888506654374
875.0867303264039	365.8453287859941	0.7049593358745025	1760.2888506654374
876.3203577168288	366.5506383999083	0.7056599464915504	1761.2888506654374
877.5552621792965	367.25664878804463	0.7063608843109358	1762.2888506654374
878.791444284203	367.9633602775816	0.7070621492850019	1763.2888506654374
880.0289046018003	368.6707731956503	0.707763741366091	1764.2888506654374
881.2676437021972	369.37888786933365	0.7084656605065462	1765.2888506654374
882.5076621553601	370.0877046256673	0.7091679066587102	1766.2888506654374
883.7489605311121	370.7972237916391	0.7098704797749257	1767.2888506654374
884.9915393991325	371.50744569418924	0.7105733798075352	1768.2888506654374
886.2353993289589	372.2183706602103	0.7112766067088816	1769.2888506654374
887.480540889986	372.92999901654736	0.7119801604313076	1770.2888506654374
888.7269646514642	373.64233108999747	0.712684040927156	1771.2888506654374
889.9746711825021	374.35536720731034	0.7133882481487694	1772.2888506654374
891.2236610520649	375.06910769518777	0.7140927820484907	1773.2888506654374
892.4739348289752	375.7835528802841	0.7147976425786625	1774.2888506654374
893.7254930819115	376.49870308920595	0.7155028296916275	1775.2888506654374
894.9783363794104	377.2145586485124	0.7162083433397284	1776.2888506654374
896.2324652898661	377.9311198847146	0.716914183475308	1777.2888506654374
897.4878803815282	378.6483871242763	0.7176203500507091	1778.2888506654374
898.744582222504	379.3663606936134	0.7183268430182743	1779.2888506654374
900.0025713807581	380.0850409190943	0.7190336623303464	1780.2888506654374
901.2618484241123	380.8044281270397	0.719740807939268	1781.2888506654374
902.5224139202448	381.5245226437226	0.720448279797382	1782.2888506654374
903.7842684366914	382.2453247953683	0.7211560778570312	1783.2888506654374
905.0474125408441	382.9668349081546	0.7218642020705579	1784.2888506654374
906.311846799953	383.68905330821156	0.7225726523903051	1785.2888506654374
907.5775717811243	384.41198032162146	0.7232814287686157	1786.2888506654374
908.8445880513225	385.1356162744191	0.7239905311578322	1787.2888506654374
910.112896177367	385.85996149259154	0.7246999595102973	1788.2888506654374
911.3824967259363	386.5850163020782	0.7254097137783537	1789.2888506654374
912.6533902635651	387.3107810287708	0.7261197939143444	1790.2888506654374
913.9255773566447	388.0372559985137	0.7268301998706118	1791.2888506654374
915.1990585714246	388.7644415371029	0.727540931599499	1792.2888506654374
916.47383447401	389.4923379702876	0.7282519890533483	1793.2888506654374
917.7499056303642	390.2209456237688	0.7289633721845027	1794.2888506654374
919.0272726063063	390.95026482319986	0.7296750809453048	1795.2888506654374
920.3059359675137	391.68029589418666	0.7303871152880972	1796.2888506654374
921.585896279521	392.41103916228747	0.7310994751652231	1797.2888506654374
922.8671541077177	393.1424949530127	0.7318121605290248	1798.2888506654374
924.1497100173531	393.8746635918252	0.7325251713318451	1799.2888506654374
925.4335645735314	394.6075454041402	0.7332385075260268	1800.2888506654374
926.7187183412149	395.3411407153252	0.7339521690639127	1801.2888506654374
928.0051718852225	396.0754498507	0.7346661558978452	1802.2888506654374
929.2929257702309	396.81047313553694	0.7353804679801675	1803.2888506654374
930.5819805607721	397.54621089506054	0.7360951052632219	1804.2888506654374
931.8723368212378	398.2826634544478	0.7368100676993515	1805.2888506654374
933.1639951158734	399.0198311388277	0.7375253552408986	1806.2888506654374
934.4569560087841	399.75771427328215	0.7382409678402062	1807.2888506654374
935.7512200639312	400.4963131828449	0.738956905449617	1808.2888506654374
937.0467878451333	401.2356281925022	0.7396731680214739	1809.2888506654374
938.3436599160646	401.97565962719284	0.7403897555081191	1810.2888506654374
939.6418368402577	402.7164078118075	0.7411066678618957	1811.2888506654374
940.9413191811026	403.45787307118974	0.7418239050351465	1812.2888506654374
942.242107501845	404.2000557301351	0.7425414669802141	1813.2888506654374
943.5442023655893	404.94295611339146	0.7432593536494413	1814.2888506654374
944.8476043352947	405.6865745456594	0.7439775649951706	1815.2888506654374
946.1523139737787	406.4309113515915	0.7446961009697448	1816.2888506654374
947.4583318437169	407.1759668557927	0.7454149615255069	1817.2888506654374
948.7656585076403	407.9217413828203	0.7461341466147994	1818.2888506654374
950.0742945279367	408.6682352571842	0.7468536561899649	1819.2888506654374
951.3842404668528	409.4154488033463	0.7475734902033464	1820.2888506654374
952.6954968864907	410.1633823457211	0.7482936486072866	1821.2888506654374
954.0080643488096	410.9120362086752	0.749014131354128	1822.2888506654374
955.321943415627	411.6614107165277	0.7497349383962134	1823.2888506654374
956.6371346486158	412.4115061935502	0.7504560696858857	1824.2888506654374
957.953638609307	413.1623229639662	0.7511775251754874	1825.2888506654374
959.2714558590885	413.9138613519519	0.7518993048173614	1826.2888506654374
960.5905869592049	414.66612168163573	0.7526214085638503	1827.2888506654374
961.9110324707581	415.41910427709854	0.753343836367297	1828.2888506654374
963.2327929547067	416.17280946237344	0.7540665881800439	1829.2888506654374
964.5558689718674	416.92723756144596	0.7547896639544343	1830.2888506654374
965.8802610829116	417.6823888982536	0.7555130636428102	1831.2888506654374
967.2059698483703	418.43826379668695	0.7562367871975147	1832.2888506654374
968.53299582863	419.1948625805882	0.7569608345708906	1833.2888506654374
969.8613395839353	419.95218557375244	0.7576852057152806	1834.2888506654374
971.1910016743864	420.71023309992665	0.7584099005830274	1835.2888506654374
972.5219826599418	421.46900548281036	0.7591349191264736	1836.2888506654374
973.8542831004158	422.2285030460555	0.7598602612979619	1837.2888506654374
975.1879035554814	422.9887261132664	0.7605859270498353	1838.2888506654374
976.5228445846674	423.7496750079995	0.7613119163344362	1839.2888506654374
977.8591067473599	424.5113500537637	0.7620382291041077	1840.2888506654374
979.1966906028019	425.27375157402014	0.762764865311192	1841.2888506654374
980.535596710094	426.0368798921826	0.7634918249080325	1842.2888506654374
981.8758256281928	426.8007353316169	0.7642191078469713	1843.2888506654374
983.2173779159132	427.5653182156414	0.7649467140803515	1844.2888506654374
984.560254131926	428.33062886752657	0.7656746435605157	1845.2888506654374
985.9044548347596	429.09666761049544	0.7664028962398066	1846.2888506654374
987.2499805827991	429.86343476772333	0.7671314720705669	1847.2888506654374
988.5968319342878	430.63093066233785	0.7678603710051395	1848.2888506654374
989.9450094473241	431.39915561741896	0.7685895929958669	1849.2888506654374
991.2945136798648	432.16810995599906	0.7693191379950921	1850.2888506654374
992.645345189723	432.9377940010628	0.7700490059551575	1851.2888506654374
993.9975045345701	433.70820807554713	0.770779196828406	1852.2888506654374
995.3509922719327	434.4793525023414	0.7715097105671805	1853.2888506654374
996.7058089591953	435.2512276042874	0.7722405471238234	1854.2888506654374
998.0619551536005	436.0238337041791	0.7729717064506776	1855.2888506654374
999.4194314122457	436.79717112476294	0.7737031885000858	1856.2888506654374
1000.7782382920867	437.57124018873765	0.7744349932243906	1857.2888506654374
1002.1383763499366	438.3460412187541	0.7751671205759348	1858.2888506654374
1003.499846142465	439.121574537416	0.7758995705070616	1859.2888506654374
1004.8626482261982	439.89784046727885	0.7766323429701129	1860.2888506654374
1006.2267831575202	440.6748393308511	0.7773654379174318	1861.2888506654374
1007.5922514926715	441.4525714505927	0.7780988553013611	1862.2888506654374
1008.9590537877509	442.2310371489167	0.7788325950742436	1863.2888506654374
1010.3271905987115	443.0102367481882	0.7795666571884218	1864.2888506654374
1011.6966624813666	443.79017057072485	0.7803010415962386	1865.2888506654374
1013.0674699913844	444.57083893879604	0.7810357482500365	1866.2888506654374
1014.439613684291	445.3522421746244	0.7817707771021585	1867.2888506654374
1015.8130941154691	446.13438060038385	0.782506128104947	1868.2888506654374
1017.1879118401589	446.91725453820186	0.7832418012107452	1869.2888506654374
1018.564067413457	447.70086431015716	0.7839777963718952	1870.2888506654374
1019.9415613903183	448.4852102382815	0.7847141135407404	1871.2888506654374
1021.3203943255526	449.27029264455865	0.7854507526696229	1872.2888506654374
1022.7005667738288	450.056111850925	0.7861877137108859	1873.2888506654374
1024.0820792896716	450.8426681792687	0.786924996616872	1874.2888506654374
1025.4649324274633	451.629961951431	0.7876626013399237	1875.2888506654374
1026.8491267414431	452.41799348920506	0.788400527832384	1876.2888506654374
1028.2346627857073	453.2067631143363	0.7891387760465955	1877.2888506654374
1029.6215411142084	453.99627114852285	0.789877345934901	1878.2888506654374
1031.0097622807573	454.78651791341485	0.790616237449643	1879.2888506654374
1032.3993268390211	455.57750373061515	0.7913554505431646	1880.2888506654374
1033.7902353425245	456.36922892167826	0.7920949851678083	1881.2888506654374
1035.182488344648	457.16169380811186	0.7928348412759167	1882.2888506654374
1036.5760863986302	457.95489871137545	0.7935750188198327	1883.2888506654374
1037.971030057567	458.748843952881	0.7943155177518992	1884.2888506654374
1039.36731987441	459.54352985399277	0.7950563380244585	1885.2888506654374
1040.7649564019694	460.3389567360275	0.7957974795898537	1886.2888506654374
1042.1639401929112	461.13512492025416	0.7965389424004272	1887.2888506654374
1043.5642717997591	461.9320347278941	0.7972807264085221	1888.2888506654374
1044.9659517748937	462.7296864801211	0.7980228315664809	1889.2888506654374
1046.3689806705518	463.5280804980612	0.7987652578266463	1890.2888506654374
1047.7733590388286	464.3272171027926	0.799508005141361	1891.2888506654374
1049.179087431676	465.1270966153463	0.800251073462968	1892.2888506654374
1050.5861664009017	465.9277193567049	0.8009944627438095	1893.2888506654374
1051.994596498172	466.72908564780437	0.8017381729362288	1894.2888506654374
1053.4043782750095	467.53119580953205	0.8024822039925682	1895.2888506654374
1054.8155122827943	468.3340501627282	0.8032265558651709	1896.2888506654374
1056.2279990727623	469.1376490281853	0.8039712285063789	1897.2888506654374
1057.6418391960076	469.941992726648	0.8047162218685356	1898.2888506654374
1059.0570332034813	470.74708157881344	0.8054615359039835	1899.2888506654374
1060.4735816459913	471.55291590533125	0.8062071705650654	1900.2888506654374
1061.8914850742017	472.3594960268029	0.8069531258041238	1901.2888506654374
1063.3107440386348	473.1668222637828	0.8076994015735015	1902.2888506654374
1064.7313590896697	473.97489493677745	0.8084459978255413	1903.2888506654374
1066.1533307775421	474.7837143662456	0.8091929145125859	1904.2888506654374
1067.5766596523454	475.5932808725984	0.8099401515869782	1905.2888506654374
1069.001346264029	476.40359477619944	0.8106877090010606	1906.2888506654374
1070.4273911624002	477.2146563973646	0.8114355867071761	1907.2888506654374
1071.854794897123	478.02646605636187	0.812183784657667	1908.2888506654374
1073.2835580177182	478.8390240734122	0.8129323028048767	1909.2888506654374
1074.7136810735647	479.65233076868793	0.8136811411011474	1910.2888506654374
1076.1451646138967	480.46638646231486	0.8144302994988221	1911.2888506654374
1077.5780091878069	481.2811914743703	0.8151797779502432	1912.2888506654374
1079.0122153442442	482.0967461248841	0.8159295764077537	1913.2888506654374
1080.4477836320148	482.9130507338386	0.8166796948236962	1914.2888506654374
1081.8847145997827	483.7301056211684	0.8174301331504136	1915.2888506654374
1083.3230087960676	484.54791110676047	0.8181808913402485	1916.2888506654374
1084.7626667692462	485.366467510454	0.8189319693455436	1917.2888506654374
1086.203689067554	486.1857751520408	0.8196833671186415	1918.2888506654374
1087.6460762390814	487.00583435126475	0.8204350846118853	1919.2888506654374
1089.0898288317776	487.8266454278221	0.8211871217776174	1920.2888506654374
1090.5349473934473	488.6482087013616	0.8219394785681808	1921.2888506654374
1091.9814324717538	489.4705244914841	0.822692154935918	1922.2888506654374
1093.4292846142155	490.2935931177433	0.8234451508331717	1923.2888506654374
1094.8785043682092	491.1174148996445	0.8241984662122847	1924.2888506654374
1096.3290922809688	491.9419901566459	0.8249521010255998	1925.2888506654374
1097.7810488995851	492.76731920815797	0.8257060552254597	1926.2888506654374
1099.2343747710052	493.5934023735431	0.826460328764207	1927.2888506654374
1100.6890704420334	494.42023997211663	0.8272149215941845	1928.2888506654374
1102.145136459332	495.247832323146	0.827969833667735	1929.2888506654374
1103.6025733694194	496.07617974585077	0.8287250649372011	1930.2888506654374
1105.0613817186709	496.9052825594031	0.8294806153549257	1931.2888506654374
1106.5215620533202	497.7351410829275	0.8302364848732514	1932.2888506654374
1107.983114919456	498.56575563550064	0.8309926734445208	1933.2888506654374
1109.4460408630262	499.3971265361516	0.8317491810210769	1934.2888506654374
1110.9103404298332	500.2292541038619	0.8325060075552622	1935.2888506654374
1112.3760141655391	501.06213865756547	0.8332631529994196	1936.2888506654374
1113.8430626156612	501.8957805161482	0.8340206173058916	1937.2888506654374
1115.3114863255742	502.7301799984488	0.8347784004270211	1938.2888506654374
1116.7812858405102	503.565337423258	0.8355365023151508	1939.2888506654374
1118.2524617055587	504.4012531093189	0.8362949229226235	1940.2888506654374
1119.725014465665	505.2379273753271	0.8370536622017818	1941.2888506654374
1121.1989446656328	506.0753605399305	0.8378127201049685	1942.2888506654374
1122.6742528501209	506.91355292172915	0.8385720965845262	1943.2888506654374
1124.1509395636474	507.75250483927573	0.8393317915927978	1944.2888506654374
1125.629005350586	508.59221661107506	0.8400918050821259	1945.2888506654374
1127.1084507551684	509.43268855558455	0.8408521370048533	1946.2888506654374
1128.5892763214817	510.2739209912135	0.8416127873133227	1947.2888506654374
1130.071482593472	511.1159142363239	0.8423737559598767	1948.2888506654374
1131.5550701149411	511.95866860923	0.8431350428968583	1949.2888506654374
1133.0400394295484	512.8021844281985	0.8438966480766101	1950.2888506654374
1134.5263910808098	513.6464620114482	0.8446585714514746	1951.2888506654374
1136.0141256120992	514.4915016771506	0.8454208129737949	1952.2888506654374
1137.5032435666462	515.3373037434291	0.8461833725959134	1953.2888506654374
1138.9937454875385	516.1838685283598	0.846946250270173	1954.2888506654374
1140.4856319177204	517.031196349971	0.8477094459489164	1955.2888506654374
1141.9789033999937	517.8792875262433	0.8484729595844864	1956.2888506654374
1143.4735604770167	518.7281423751097	0.8492367911292257	1957.2888506654374
1144.969603691304	519.5777612144554	0.8500009405354767	1958.2888506654374
1146.467033585229	520.4281443621185	0.8507654077555825	1959.2888506654374
1147.9658507010213	521.2792921358887	0.8515301927418859	1960.2888506654374
1149.4660555807666	522.1312048535085	0.8522952954467293	1961.2888506654374
1150.9676487664092	522.9838828326725	0.8530607158224556	1962.2888506654374
1152.4706307997496	523.8373263910277	0.8538264538214075	1963.2888506654374
1153.975002222445	524.6915358461738	0.8545925093959277	1964.2888506654374
1155.4807635760108	525.5465115156622	0.855358882498359	1965.2888506654374
1156.9879154018174	526.4022537169974	0.856125573081044	1966.2888506654374
1158.496458241095	527.2587627676353	0.8568925810963256	1967.2888506654374
1160.0063926349287	528.1160389849848	0.8576599064965463	1968.2888506654374
1161.5177191242612	528.9740826864074	0.858427549234049	1969.2888506654374
1163.0304382498923	529.8328941892163	0.8591955092611764	1970.2888506654374
1164.5445505524788	530.6924738106773	0.8599637865302713	1971.2888506654374
1166.0600565725347	531.5528218680082	0.8607323809936762	1972.2888506654374
1167.5769568504309	532.4139386783801	0.861501292603734	1973.2888506654374
1169.095251926395	533.2758245589155	0.8622705213127873	1974.2888506654374
1170.614942340512	534.1384798266895	0.8630400670731789	1975.2888506654374
1172.1360286327244	535.0019047987295	0.8638099298372516	1976.2888506654374
1173.6585113428307	535.8660997920159	0.864580109557348	1977.2888506654374
1175.182391010487	536.7310651234803	0.8653506061858109	1978.2888506654374
1176.7076681752062	537.5968011100078	0.866121419674983	1979.2888506654374
1178.2343433763588	538.4633080684346	0.866892549977207	1980.2888506654374
1179.7624171531716	539.3305863155507	0.8676639970448257	1981.2888506654374
1181.2918900447285	540.198636168097	0.8684357608301818	1982.2888506654374
1182.8227625899717	541.0674579427676	0.869207841285618	1983.2888506654374
1184.3550353276978	541.937051956209	0.8699802383634769	1984.2888506654374
1185.8887087965632	542.8074185250196	0.8707529520161014	1985.2888506654374
1187.4237835350798	543.6785579657502	0.8715259821958342	1986.2888506654374
1188.960260081617	544.5504705949045	0.872299328855018	1987.2888506654374
1190.498138974401	545.4231567289374	0.8730729919459957	1988.2888506654374
1192.037420751515	546.2966166842576	0.8738469714211097	1989.2888506654374
1193.578105950899	547.1708507772254	0.8746212672327028	1990.2888506654374
1195.1201951103517	548.0458593241528	0.8753958793331179	1991.2888506654374
1196.6636887675263	548.9216426413052	0.8761708076746978	1992.2888506654374
1198.2085874599347	549.7982010449	0.8769460522097848	1993.2888506654374
1199.7548917249458	550.6755348511067	0.8777216128907221	1994.2888506654374
1201.3026020997831	551.5536443760475	0.8784974896698519	1995.2888506654374
1202.8517191215321	552.4325299357965	0.8792736824995175	1996.2888506654374
1204.4022433271302	553.3121918463808	0.8800501913320613	1997.2888506654374
1205.9541752533748	554.1926304237792	0.8808270161198261	1998.2888506654374
1207.5075154369192	555.0738459839231	0.8816041568151545	1999.2888506654374
1209.062264414274	555.9558388426962	0.8823816133703893	2000.2888506654374
1210.618422721808	556.8386093159345	0.8831593857378734	2001.2888506654374
1212.1759908957442	557.7221577194267	0.8839374738699494	2002.2888506654374
1213.7349694721656	558.6064843689135	0.8847158777189599	2003.2888506654374
1215.29535898701	559.4915895800877	0.8854945972372479	2004.2888506654374
1216.857159976074	560.3774736685949	0.8862736323771557	2005.2888506654374
1218.4203729750097	561.2641369500334	0.8870529830910265	2006.2888506654374
1219.9849985193275	562.1515797399527	0.8878326493312027	2007.2888506654374
1221.5510371443947	563.0398023538553	0.8886126310500273	2008.2888506654374
1223.1184893854333	563.9288051071962	0.8893929281998427	2009.2888506654374
1224.6873557775261	564.8185883153827	0.8901735407329917	2010.2888506654374
1226.2576368556104	565.7091522937742	0.8909544686018173	2011.2888506654374
1227.8293331544812	566.6004973576823	0.891735711758662	2012.2888506654374
1229.4024452087908	567.4926238223717	0.8925172701558686	2013.2888506654374
1230.9769735530472	568.3855320030584	0.8932991437457796	2014.2888506654374
1232.5529187216177	569.2792222149116	0.8940813324807381	2015.2888506654374
1234.1302812487252	570.1736947730524	0.8948638363130865	2016.2888506654374
1235.709061668449	571.0689499925543	0.8956466551951678	2017.2888506654374
1237.289260514727	571.9649881884433	0.8964297890793246	2018.2888506654374
1238.8708783213535	572.8618096756977	0.8972132379178996	2019.2888506654374
1240.453915621979	573.759414769248	0.8979970016632354	2020.2888506654374
1242.0383729501114	574.6578037839773	0.8987810802676749	2021.2888506654374
1243.6242508391176	575.5569770347205	0.8995654736835609	2022.2888506654374
1245.211549822219	576.4569348362656	0.900350181863236	2023.2888506654374
1246.800270432494	577.3576775033525	0.9011352047590429	2024.2888506654374
1248.3904132028802	578.2592053506733	0.9019205423233243	2025.2888506654374
1249.9819786661708	579.1615186928726	0.9027061945084232	2026.2888506654374
1251.5749673550156	580.0646178445479	0.9034921612666819	2027.2888506654374
1253.1693798019228	580.9685031202479	0.9042784425504434	2028.2888506654374
1254.765216539256	581.8731748344746	0.9050650383120504	2029.2888506654374
1256.3624780992375	582.778633301682	0.9058519485038455	2030.2888506654374
1257.9611650139454	583.6848788362764	0.9066391730781717	2031.2888506654374
1259.5612778153154	584.5919117526167	0.9074267119873715	2032.2888506654374
1261.16281703514	585.4997323650136	0.9082145651837876	2033.2888506654374
1262.7657832050681	586.4083409877306	0.9090027326197627	2034.2888506654374
1264.3701768566077	587.3177379349838	0.9097912142476398	2035.2888506654374
1265.9759985211213	588.2279235209407	0.9105800100197613	2036.2888506654374
1267.5832487298308	589.1388980597221	0.9113691198884701	2037.2888506654374
1269.1919280138122	590.0506618654007	0.9121585438061091	2038.2888506654374
1270.8020369040016	590.9632152520013	0.9129482817250205	2039.2888506654374
1272.4135759311903	591.876558533502	0.9137383335975475	2040.2888506654374
1274.0265456260274	592.7906920238319	0.9145286993760328	2041.2888506654374
1275.6409465190181	593.7056160368734	0.9153193790128189	2042.2888506654374
1277.2567791405256	594.6213308864611	0.9161103724602485	2043.2888506654374
1278.8740440207705	595.5378368863817	0.9169016796706646	2044.2888506654374
1280.4927416898283	596.4551343503741	0.9176933005964096	2045.2888506654374
1282.112872677634	597.3732235921303	0.9184852351898266	2046.2888506654374
1283.7344375139778	598.2921049252938	0.919277483403258	2047.2888506654374
1285.3574367285082	599.2117786634608	0.9200700451890464	2048.288850665437
1286.98187085073	600.13224512018	0.9208629204995351	2049.288850665437
1288.6077404100063	601.053504608952	0.9216561092870665	2050.288850665437
1290.2350459355544	601.9755574432306	0.9224496115039834	2051.288850665437
1291.863787956452	602.8984039364207	0.9232434271026283	2052.288850665437
1293.4939670016308	603.8220444018804	0.9240375560353441	2053.288850665437
1295.1255835998818	604.7464791529202	0.9248319982544735	2054.288850665437
1296.7586382798522	605.6717085028024	0.9256267537123593	2055.288850665437
1298.393131570046	606.597732764742	0.926421822361344	2056.288850665437
1300.0290639988245	607.524552251906	0.9272172041537706	2057.288850665437
1301.6664360944062	608.4521672774148	0.9280128990419817	2058.288850665437
1303.3052483848655	609.3805781543397	0.9288089069783199	2059.288850665437
1304.9455013981362	610.3097851957048	0.9296052279151281	2060.288850665437
1306.5871956620067	611.2397887144873	0.9304018618047492	2061.288850665437
1308.2303317041235	612.1705890236161	0.9311988085995254	2062.288850665437
1309.8749100519906	613.1021864359724	0.9319960682518	2063.288850665437
1311.5209312329666	614.0345812643897	0.932793640713915	2064.288850665437
1313.1683957742716	614.9677738216542	0.933591525938214	2065.288850665437
1314.8173042029784	615.9017644205043	0.9343897238770393	2066.288850665437
1316.4676570460188	616.8365533736304	0.9351882344827334	2067.288850665437
1318.1194548301814	617.7721409936761	0.9359870577076393	2068.288850665437
1319.7726980821126	618.7085275932363	0.9367861935041	2069.288850665437
1321.4273873283132	619.645713484859	0.9375856418244576	2070.288850665437
1323.0835230951445	620.583698981044	0.9383854026210551	2071.288850665437
1324.7411059088226	621.522484394244	0.9391854758462354	2072.288850665437
1326.4001362954216	622.4620700368636	0.9399858614523411	2073.288850665437
1328.060614780871	623.4024562212596	0.9407865593917146	2074.288850665437
1329.7225418909597	624.3436432597421	0.9415875696166991	2075.288850665437
1331.3859181513326	625.2856314645725	0.9423888920796373	2076.288850665437
1333.0507440874906	626.2284211479648	0.9431905267328717	2077.288850665437
1334.7170202247937	627.1720126220857	0.9439924735287453	2078.288850665437
1336.384747088456	628.1164061990539	0.9447947324196002	2079.288850665437
1338.0539252035524	629.0616021909406	0.94559730335778	2080.288850665437
1339.724555095011	630.0076009097695	0.9464001862956267	2081.288850665437
1341.3966372876203	630.9544026675161	0.9472033811854835	2082.288850665437
1343.0701723060236	631.9020077761083	0.9480068879796928	2083.288850665437
1344.7451606747218	632.8504165474275	0.9488107066305975	2084.288850665437
1346.421602918073	633.7996292933061	0.9496148370905402	2085.288850665437
1348.0994995602925	634.749646325529	0.9504192793118639	2086.288850665437
1349.7788511254519	635.7004679558341	0.9512240332469108	2087.288850665437
1351.459658137481	636.6520944959116	0.9520290988480243	2088.288850665437
1353.1419211201653	637.6045262574032	0.9528344760675467	2089.288850665437
1354.825640597149	638.5577635519035	0.9536401648578208	2090.288850665437
1356.5108170919307	639.5118066909597	0.9544461651711893	2091.288850665437
1358.1974511278688	640.4666559860711	0.9552524769599949	2092.288850665437
1359.8855432281773	641.4223117486891	0.9560591001765806	2093.288850665437
1361.5750939159275	642.3787742902175	0.9568660347732887	2094.288850665437
1363.2661037140474	643.3360439220131	0.9576732807024622	2095.288850665437
1364.958573145323	644.2941209553842	0.9584808379164439	2096.288850665437
1366.6525027323964	645.2530057015917	0.9592887063675762	2097.288850665437
1368.3478929977664	646.2126984718492	0.960096886008202	2098.288850665437
1370.0447444637903	647.173199577322	0.9609053767906641	2099.288850665437
1371.7430576526813	648.1345093291286	0.9617141786673054	2100.288850665437
1373.4428330865092	649.096628038339	0.9625232915904681	2101.288850665437
1375.144071287202	650.0595560159757	0.9633327155124951	2102.288850665437
1376.8467727765455	651.0232935730143	0.9641424503857297	2103.288850665437
1378.5509380761794	651.9878410203819	0.9649524961625139	2104.288850665437
1380.2565677076027	652.9531986689581	0.9657628527951907	2105.288850665437
1381.9636621921713	653.9193668295748	0.9665735202361025	2106.288850665437
1383.6722220510983	654.8863458130169	0.9673844984375928	2107.288850665437
1385.382247805453	655.8541359300211	0.9681957873520037	2108.288850665437
1387.0937399761617	656.8227374912763	0.9690073869316782	2109.288850665437
1388.8066990840093	657.7921508074236	0.9698192971289588	2110.288850665437
1390.521125649635	658.7623761890574	0.9706315178961883	2111.288850665437
1392.2370201935373	659.7334139467234	0.9714440491857096	2112.288850665437
1393.954383236072	660.7052643909204	0.9722568909498653	2113.288850665437
1395.673215297449	661.6779278320988	0.9730700431409979	2114.288850665437
1397.3935168977387	662.6514045806621	0.9738835057114505	2115.288850665437
1399.1152885568665	663.6256949469656	0.9746972786135657	2116.288850665437
1400.8385307946153	664.6007992413171	0.975511361799686	2117.288850665437
1402.5632441306257	665.5767177739771	0.9763257552221546	2118.288850665437
1404.2894290843935	666.5534508551578	0.9771404588333138	2119.288850665437
1406.0170861752745	667.5309987950242	0.9779554725855066	2120.288850665437
1407.746215922477	668.5093619036932	0.9787707964310753	2121.288850665437
1409.476818845072	669.4885404912347	0.9795864303223633	2122.288850665437
1411.2088954619828	670.4685348676707	0.9804023742117127	2123.288850665437
1412.9424462919917	671.4493453429751	0.9812186280514665	2124.288850665437
1414.6774718537386	672.4309722270743	0.9820351917939674	2125.288850665437
1416.413972665719	673.413415829848	0.9828520653915581	2126.288850665437
1418.1519492462867	674.3966764611268	0.9836692487965815	2127.288850665437
1419.8914021136518	675.3807544306943	0.9844867419613801	2128.288850665437
1421.632331785881	676.3656500482869	0.9853045448382965	2129.288850665437
1423.3747387808999	677.3513636235924	0.986122657379674	2130.288850665437
1425.1186236164879	678.3378954662519	0.9869410795378546	2131.288850665437
1426.8639868102855	679.325245885858	0.9877598112651816	2132.288850665437
1428.6108288797857	680.313415191956	0.9885788525139972	2133.288850665437
1430.3591503423436	681.302403694044	0.9893982032366447	2134.288850665437
1432.1089517151663	682.2922117015713	0.9902178633854666	2135.288850665437
1433.860233515322	683.282839523941	0.9910378329128056	2136.288850665437
1435.6129962597329	684.2742874705073	0.9918581117710041	2137.288850665437
1437.36724046518	685.2665558505773	0.9926786999124053	2138.288850665437
1439.1229666483018	686.2596449734106	0.9934995972893519	2139.288850665437
1440.8801753255912	687.2535551482185	0.9943208038541862	2140.288850665437
1442.6388670134004	688.2482866841656	0.9951423195592513	2141.288850665437
1444.3990422279394	689.243839890368	0.9959641443568898	2142.288850665437
1446.1607014852714	690.2402150758944	0.9967862781994445	2143.288850665437
1447.923845301322	691.2374125497658	0.9976087210392581	2144.288850665437
1449.688474191868	692.2354326209562	0.9984314728286732	2145.288850665437
1451.4545886725484	693.2342755983907	0.9992545335200329	2146.288850665437
1453.2221892588555	694.2339417909477	1.0000779030656795	2147.288850665437
1454.9912764661408	695.2344315074574	1.0009015814179556	2148.288850665437
1456.7618508096127	696.2357450567032	1.0017255685292046	2149.288850665437
1458.5339128043345	697.2378827474198	1.0025498643517685	2150.288850665437
1460.3074629652301	698.2408448882948	1.0033744688379909	2151.288850665437
1462.0825018070764	699.2446317879677	1.0041993819402133	2152.288850665437
1463.859029844511	700.249243755031	1.0050246036107795	2153.288850665437
1465.6370475920262	701.2546810980296	1.0058501338020318	2154.288850665437
1467.4165555639713	702.2609441254597	1.006675972466313	2155.288850665437
1469.197554274554	703.2680331457706	1.0075021195559655	2156.288850665437
1470.9800442378396	704.2759484673641	1.0083285750233326	2157.288850665437
1472.7640259677464	705.284690398594	1.0091553388207566	2158.288850665437
1474.5494999780549	706.2942592477665	1.0099824109005804	2159.288850665437
1476.3364667823998	707.3046553231399	1.0108097912151466	2160.288850665437
1478.1249268942727	708.3158789329258	1.0116374797167982	2161.288850665437
1479.9148808270231	709.3279303852868	1.0124654763578778	2162.288850665437
1481.7063290938565	710.3408099883388	1.0132937810907277	2163.288850665437
1483.4992722078373	711.3545180501495	1.014122393867691	2164.288850665437
1485.2937106818852	712.3690548787396	1.0149513146411107	2165.288850665437
1487.0896450287782	713.3844207820814	1.0157805433633291	2166.288850665437
1488.8870757611492	714.4006160680999	1.0166100799866888	2167.288850665437
1490.6860033914913	715.4176410446725	1.0174399244635333	2168.288850665437
1492.486428432152	716.4354960196289	1.0182700767462047	2169.288850665437
1494.2883513953363	717.4541813007512	1.0191005367870456	2170.288850665437
1496.0917727931069	718.4736971957733	1.0199313045383989	2171.288850665437
1497.896693137384	719.4940440123821	1.0207623799526075	2172.288850665437
1499.7031129399438	720.515222058217	1.0215937629820142	2173.288850665437
1501.5110327124196	721.5372316408688	1.0224254535789614	2174.288850665437
1503.3204529663012	722.5600730678815	1.0232574516957917	2175.288850665437
1505.1313742129382	723.583746646751	1.0240897572848484	2176.288850665437
1506.943796963534	724.6082526849259	1.024922370298474	2177.288850665437
1508.75772172915	725.633591489807	1.025755290689011	2178.288850665437
1510.5731490207054	726.659763368747	1.0265885184088022	2179.288850665437
1512.3900793489752	727.6867686290517	1.0274220534101903	2180.288850665437
1514.2085132245943	728.7146075779787	1.0282558956455186	2181.288850665437
1516.0284511580494	729.7432805227381	1.029090045067129	2182.288850665437
1517.849893659689	730.7727877704925	1.0299245016273644	2183.288850665437
1519.6728412397165	731.8031296283566	1.0307592652785678	2184.288850665437
1521.4972944081937	732.8343064033975	1.031594335973082	2185.288850665437
1523.323253675037	733.8663184026348	1.0324297136632494	2186.288850665437
1525.1507195500224	734.8991659330399	1.0332653983014128	2187.288850665437
1526.9796925427813	735.9328493015378	1.0341013898399152	2188.288850665437
1528.810173162803	736.9673688150041	1.034937688231099	2189.288850665437
1530.6421619194327	738.0027247802681	1.0357742934273069	2190.288850665437
1532.4756593218744	739.038917504111	1.0366112053808818	2191.288850665437
1534.3106658791885	740.0759472932665	1.0374484240441666	2192.288850665437
1536.147182100291	741.1138144544201	1.0382859493695038	2193.288850665437
1537.9852084939562	742.1525192942102	1.039123781309236	2194.288850665437
1539.8247455688152	743.1920621192277	1.039961919815706	2195.288850665437
1541.665793833357	744.2324432360148	1.0408003648412567	2196.288850665437
1543.5083537959254	745.2736629510673	1.0416391163382308	2197.288850665437
1545.352425964724	746.3157215708325	1.0424781742589708	2198.288850665437
1547.198010847811	747.3586194017105	1.0433175385558198	2199.288850665437
1549.0451089531032	748.4023567500537	1.04415720918112	2200.288850665437
1550.8937207883746	749.4469339221663	1.0449971860872147	2201.288850665437
1552.7438468612538	750.4923512243057	1.045837469226446	2202.288850665437
1554.5954876792296	751.538608962681	1.0466780585511573	2203.288850665437
1556.4486437496455	752.5857074434541	1.0475189540136909	2204.288850665437
1558.3033155797032	753.6336469727386	1.0483601555663895	2205.288850665437
1560.159503676462	754.6824278566008	1.0492016631615961	2206.288850665437
1562.0172085468364	755.7320504010598	1.050043476751653	2207.288850665437
1563.8764306975993	756.7825149120866	1.0508855962889037	2208.288850665437
1565.73717063538	757.8338216956042	1.0517280217256904	2209.288850665437
1567.599428866664	758.8859710574885	1.052570753014355	2210.288850665437
1569.4632058977975	759.9389633035678	1.053413790107242	2211.288850665437
1571.3285022349792	760.992798739622	1.054257132956693	2212.288850665437
1573.1953183842668	762.0474776713841	1.0551007815150506	2213.288850665437
1575.0636548515752	763.103000404539	1.0559447357346579	2214.288850665437
1576.9335121426768	764.1593672447246	1.0567889955678578	2215.288850665437
1578.8048907631994	765.2165784975302	1.0576335609669927	2216.288850665437
1580.6777912186296	766.2746344684979	1.0584784318844054	2217.288850665437
1582.552214014309	767.3335354631224	1.0593236082724387	2218.288850665437
1584.428159655439	768.3932817868506	1.0601690900834353	2219.288850665437
1586.3056286470749	769.4538737450813	1.0610148772697379	2220.288850665437
1588.1846214941313	770.5153116431658	1.0618609697836892	2221.288850665437
1590.065138701379	771.5775957864084	1.0627073675776317	2222.288850665437
1591.9471807734465	772.6407264800653	1.0635540706039088	2223.288850665437
1593.8307482148175	773.7047040293446	1.0644010788148626	2224.288850665437
1595.7158415298345	774.7695287394074	1.065248392162836	2225.288850665437
1597.602461222698	775.8352009153667	1.0660960106001718	2226.288850665437
1599.4906077974617	776.9017208622882	1.0669439340792128	2227.288850665437
1601.3802817580402	777.96908888519	1.0677921625523017	2228.288850665437
1603.2714836082016	779.0373052890416	1.0686406959717805	2229.288850665437
1605.1642138515763	780.1063703787661	1.069489534289993	2230.288850665437
1607.0584729916452	781.1762844592387	1.0703386774592814	2231.288850665437
1608.9542615317525	782.247047835286	1.0711881254319888	2232.288850665437
1610.8515799750937	783.3186608116879	1.0720378781604571	2233.288850665437
1612.7504288247258	784.3911236931762	1.07288793559703	2234.288850665437
1614.6508085835592	785.4644367844354	1.0737382976940495	2235.288850665437
1616.5527197543656	786.538600390102	1.0745889644038589	2236.288850665437
1618.45616283977	787.6136148147648	1.0754399356788003	2237.288850665437
1620.3611383422558	788.6894803629654	1.0762912114712169	2238.288850665437
1622.2676467641634	789.7661973391972	1.0771427917334515	2239.288850665437
1624.1756886076907	790.8437660479065	1.0779946764178465	2240.288850665437
1626.085264374891	791.9221867934912	1.0788468654767445	2241.288850665437
1627.996374567676	793.001459880302	1.0796993588624884	2242.288850665437
1629.909019687816	794.0815856126425	1.0805521565274212	2243.288850665437
1631.823200236934	795.1625642947674	1.0814052584238854	2244.288850665437
1633.7389167165143	796.2443962308847	1.0822586645042236	2245.288850665437
1635.6561696278961	797.3270817251546	1.083112374720779	2246.288850665437
1637.5749594722754	798.4106210816893	1.0839663890258937	2247.288850665437
1639.4952867507068	799.4950146045533	1.0848207073719107	2248.288850665437
1641.4171519640997	800.5802625977641	1.085675329711173	2249.288850665437
1643.3405556132223	801.666365365291	1.0865302559960228	2250.288850665437
1645.2654981987	802.7533232110554	1.0873854861788033	2251.288850665437
1647.1919802210132	803.8411364389319	1.0882410202118566	2252.288850665437
1649.1200021805018	804.9298053527468	1.0890968580475262	2253.288850665437
1651.0495645773624	806.0193302562787	1.0899529996381545	2254.288850665437
1652.9806679116452	807.1097114532588	1.0908094449360841	2255.288850665437
1654.913312683262	808.2009492473707	1.0916661938936574	2256.288850665437
1656.8474993919797	809.2930439422503	1.0925232464632182	2257.288850665437
1658.7832285374216	810.3859958414853	1.0933806025971082	2258.288850665437
1660.7205006190688	811.4798052486166	1.0942382622476707	2259.288850665437
1662.659316136258	812.574472467137	1.0950962253672478	2260.288850665437
1664.5996755881868	813.6699978004916	1.095954491908183	2261.288850665437
1666.541579473905	814.766381552078	1.0968130618228185	2262.288850665437
1668.4850282923235	815.863624025246	1.0976719350634974	2263.288850665437
1670.4300225422066	816.9617255232977	1.098531111582562	2264.288850665437
1672.376562722178	818.0606863494879	1.0993905913323552	2265.288850665437
1674.3246493307195	819.1605068070235	1.10025037426522	2266.288850665437
1676.2742828661653	820.2611871990636	1.101110460333499	2267.288850665437
1678.2254638267111	821.3627278287196	1.1019708494895342	2268.288850665437
1680.1781927104091	822.4651289990559	1.1028315416856695	2269.288850665437
1682.1324700151658	823.5683910130886	1.1036925368742467	2270.288850665437
1684.0882962387473	824.6725141737859	1.1045538350076092	2271.288850665437
1686.0456718787768	825.7774987840694	1.1054154360380994	2272.288850665437
1688.0045974327313	826.8833451468121	1.1062773399180599	2273.288850665437
1689.9650733979495	827.9900535648396	1.1071395465998337	2274.288850665437
1691.9271002716234	829.0976243409297	1.108002056035763	2275.288850665437
1693.8906785508038	830.2060577778133	1.1088648681781916	2276.288850665437
1695.8558087323977	831.3153541781724	1.1097279829794608	2277.288850665437
1697.822491313171	832.4255138446425	1.1105914003919146	2278.288850665437
1699.7907267897438	833.5365370798106	1.1114551203678948	2279.288850665437
1701.7605156585948	834.6484241862171	1.1123191428597448	2280.288850665437
1703.7318584160605	835.761175466353	1.1131834678198071	2281.288850665437
1705.7047555583335	836.8747912226634	1.1140480952004246	2282.288850665437
1707.679207581462	837.9892717575448	1.1149130249539394	2283.288850665437
1709.655214981352	839.1046173733463	1.1157782570326946	2284.288850665437
1711.63277825377	840.2208283723695	1.116643791389033	2285.288850665437
1713.6118978943348	841.3379050568678	1.1175096279752972	2286.288850665437
1715.5925743985251	842.4558477290474	1.11837576674383	2287.288850665437
1717.5748082616744	843.5746566910669	1.1192422076469744	2288.288850665437
1719.5585999789757	844.694332245037	1.1201089506370727	2289.288850665437
1721.543950045478	845.8148746930209	1.1209759956664678	2290.288850665437
1723.5308589560848	846.9362843370337	1.121843342687502	2291.288850665437
1725.5193272055617	848.0585614790438	1.1227109916525189	2292.288850665437
1727.509355288528	849.181706420971	1.1235789425138607	2293.288850665437
1729.5009436994594	850.3057194646876	1.12444719522387	2294.288850665437
1731.4940929326913	851.430600912019	1.12531574973489	2295.288850665437
1733.4888034824135	852.5563510647421	1.1261846059992628	2296.288850665437
1735.485075842674	853.6829702245863	1.1270537639693314	2297.288850665437
1737.4829105073795	854.8104586932333	1.1279232235974388	2298.288850665437
1739.4823079702899	855.9388167723178	1.1287929848359275	2299.288850665437
1741.4832687250268	857.0680447634261	1.1296630476371403	2300.288850665437
1743.4857932650632	858.1981429680972	1.1305334119534196	2301.288850665437
1745.4898820837338	859.3291116878221	1.1314040777371084	2302.288850665437
1747.4955356742303	860.4609512240445	1.1322750449405496	2303.288850665437
1749.502754529597	861.5936618781606	1.1331463135160855	2304.288850665437
1751.511539142741	862.7272439515183	1.1340178834160595	2305.288850665437
1753.5218900064212	863.8616977454182	1.1348897545928134	2306.288850665437
1755.5338076132564	864.9970235611136	1.1357619269986903	2307.288850665437
1757.547292455724	866.1332216998094	1.1366344005860334	2308.288850665437
1759.5623450261537	867.2702924626637	1.137507175307185	2309.288850665437
1761.5789658167357	868.4082361507859	1.1383802511144878	2310.288850665437
1763.5971553195175	869.5470530652387	1.1392536279602847	2311.288850665437
1765.616914026401	870.6867435070367	1.1401273057969183	2312.288850665437
1767.6382424291469	871.827307777147	1.1410012845767312	2313.288850665437
1769.6611410193739	872.9687461764886	1.1418755642520664	2314.288850665437
1771.6856102885552	874.1110590059337	1.1427501447752666	2315.288850665437
1773.7116507280223	875.2542465663059	1.143625026098674	2316.288850665437
1775.7392628289651	876.398309158382	1.144500208174632	2317.288850665437