9.742712e-8	7.78799e-13	1.047129e-10	930.428808666363
9.969651e-8	8.092866e-13	1.0715190000000001e-10	930.4297850677403
1.020188e-7	8.409501e-13	1.096478e-10	930.4303501766565
1.043951e-7	8.73834e-13	1.1220180000000002e-10	930.4304728979391
1.068268e-7	9.079846e-13	1.148154e-10	930.4301338026083
1.093151e-7	9.434498e-13	1.174898e-10	930.4300752048265
1.118614e-7	9.802794e-13	1.202264e-10	930.4310890070733
1.14467e-7	1.018525e-12	1.230269e-10	930.4308124889759
1.171333e-7	1.05824e-12	1.258925e-10	930.4315844073315
1.198618e-7	1.09948e-12	1.28825e-10	930.4319773335923
1.226537e-7	1.142303e-12	1.318257e-10	930.4319438698221
1.255107e-7	1.186768e-12	1.348963e-10	930.4323896800727
1.284343e-7	1.232937e-12	1.380384e-10	930.4333644623524
1.314259e-7	1.280874e-12	1.412538e-10	930.4328865772108
1.344873e-7	1.330647e-12	1.4454399999999998e-10	930.4338516091987
1.376199e-7	1.382322e-12	1.479108e-10	930.4343044726957
1.408255e-7	1.435974e-12	1.513561e-10	930.4344917317505
1.441058e-7	1.491674e-12	1.548817e-10	930.4345941063405
1.474625e-7	1.549501e-12	1.584893e-10	930.435363781656
1.508974e-7	1.609534e-12	1.62181e-10	930.4358065001448
1.544122e-7	1.671855e-12	1.6595870000000001e-10	930.4355351964074
1.58009e-7	1.736551e-12	1.698244e-10	930.4360065514733
1.616896e-7	1.80371e-12	1.737801e-10	930.43682049901
1.654558e-7	1.873423e-12	1.7782789999999997e-10	930.4370878979058
1.693098e-7	1.945787e-12	1.8197010000000002e-10	930.4371750468895
1.732536e-7	2.0209e-12	1.862087e-10	930.4378415186832
1.772893e-7	2.098865e-12	1.905461e-10	930.4383499058758
1.814189e-7	2.179788e-12	1.9498450000000002e-10	930.4384696629733
1.856447e-7	2.263778e-12	1.9952619999999999e-10	930.4390289495815
1.89969e-7	2.350951e-12	2.041738e-10	930.4394146114731
1.94394e-7	2.441423e-12	2.089296e-10	930.4399253289146
1.989221e-7	2.535318e-12	2.1379620000000003e-10	930.4404630110357
2.035557e-7	2.632763e-12	2.187762e-10	930.4409381047847
2.082971e-7	2.733888e-12	2.238721e-10	930.441238046188
2.131491e-7	2.838831e-12	2.290868e-10	930.4418186949225
2.18114e-7	2.947732e-12	2.344229e-10	930.4421527589667
2.231946e-7	3.060738e-12	2.398833e-10	930.4426808285529
2.2839360000000003e-7	3.178e-12	2.454709e-10	930.4433967529349
2.337136e-7	3.299676e-12	2.511886e-10	930.443896243699
2.391576e-7	3.425927e-12	2.570396e-10	930.4442814531302
2.447283e-7	3.556923e-12	2.630268e-10	930.4445665726839
2.504289e-7	3.692838e-12	2.691535e-10	930.4452397535234
2.562622e-7	3.833852e-12	2.754229e-10	930.445630526728
2.622314e-7	3.980154e-12	2.818383e-10	930.4462174019641
2.683397e-7	4.131936e-12	2.884032e-10	930.4467909371325
2.745902e-7	4.289401e-12	2.951209e-10	930.4474518781965
2.809863e-7	4.452756e-12	3.019952e-10	930.4477447191213
2.875314e-7	4.622216e-12	3.090295e-10	930.448459503057
2.94229e-7	4.798006e-12	3.162278e-10	930.4488663109314
3.010826e-7	4.980355e-12	3.2359370000000006e-10	930.4494505146422
3.080958e-7	5.169504e-12	3.3113109999999996e-10	930.4501132753766
3.152724e-7	5.3657e-12	3.3884420000000004e-10	930.4505306568625
3.226162e-7	5.5692e-12	3.4673690000000003e-10	930.4512130090568
3.30131e-7	5.780271e-12	3.548134e-10	930.4518382648456
3.378209e-7	5.999186e-12	3.6307810000000007e-10	930.4524265881088
3.456899e-7	6.226231e-12	3.715352e-10	930.4532282028728
3.537422e-7	6.461702e-12	3.801894e-10	930.4537730457502
3.619821e-7	6.705902e-12	3.890451e-10	930.4546077100059
3.704139e-7	6.95915e-12	3.9810719999999997e-10	930.4550612247153
3.790421e-7	7.221772e-12	4.0738029999999993e-10	930.4556989427324
3.878713e-7	7.494107e-12	4.168694e-10	930.456382999088
3.969062e-7	7.776505e-12	4.265795e-10	930.4572219363565
4.061515e-7	8.069331e-12	4.365158e-10	930.4578879641928
4.156121e-7	8.372959e-12	4.466836e-10	930.4583220852522
4.252932e-7	8.68778e-12	4.570882e-10	930.4591275381862
4.351997e-7	9.014195e-12	4.677351000000001e-10	930.459814102042
4.453371e-7	9.352621e-12	4.786301e-10	930.4606054257767
4.557105e-7	9.703489e-12	4.897788e-10	930.4612684113728
4.6632559999999994e-7	1.006725e-11	5.011871999999999e-10	930.4620454193562
4.77188e-7	1.044435e-11	5.128614e-10	930.4627806849962
4.883034e-7	1.083529e-11	5.248075e-10	930.4635228917269
4.996777e-7	1.124055e-11	5.370318e-10	930.4643422419305
5.113169e-7	1.166065e-11	5.495409e-10	930.4649765831806
5.232273e-7	1.209611e-11	5.623413e-10	930.465886304278
5.354151e-7	1.254748e-11	5.754399000000001e-10	930.4666698989764
5.478868e-7	1.301533e-11	5.888436999999999e-10	930.4673130238125
5.606491e-7	1.350025e-11	6.025595999999999e-10	930.4682893609197
5.737086e-7	1.400285e-11	6.16595e-10	930.469113194236
5.870723e-7	1.452374e-11	6.309573e-10	930.4699759238857
6.007473e-7	1.506358e-11	6.456542e-10	930.4707745725187
6.147409e-7	1.562305e-11	6.606934000000001e-10	930.4717181222031
6.290604e-7	1.620283e-11	6.760829999999999e-10	930.4724461789453
6.437135e-7	1.680365e-11	6.918309999999999e-10	930.4733434176845
6.587079e-7	1.742624e-11	7.079458e-10	930.4742343834796
6.740516e-7	1.807139e-11	7.244359999999999e-10	930.4751163525833
6.897527e-7	1.873987e-11	7.413102e-10	930.4761216964235
7.058195e-7	1.943253e-11	7.585775999999999e-10	930.4768985137447
7.222606e-7	2.01502e-11	7.762471000000001e-10	930.4778725743387
7.390847e-7	2.089377e-11	7.943281999999999e-10	930.4788546724138
7.563007e-7	2.166414e-11	8.128305e-10	930.4798037721271
7.739177e-7	2.246226e-11	8.317638000000001e-10	930.4806992802523
7.919451e-7	2.32891e-11	8.51138e-10	930.4817657066186
8.103925e-7	2.414567e-11	8.709636e-10	930.482795917074
8.292695e-7	2.5033e-11	8.912509e-10	930.4838098901218
8.485863e-7	2.595218e-11	9.120107999999999e-10	930.4848716484498
8.68353e-7	2.690431e-11	9.332542999999998e-10	930.4858325431771
8.885802e-7	2.789054e-11	9.549926e-10	930.486886013567
9.092785e-7	2.891207e-11	9.772372e-10	930.4879225535009
9.304590000000001e-7	2.997011e-11	1.0000000000000003e-9	930.48897011
9.521329e-7	3.106595e-11	1.023293e-9	930.4900609600573
9.743117e-7	3.220089e-11	1.047129e-9	930.4907999778443
9.970071e-7	3.33763e-11	1.071519e-9	930.4925776397806
1.020231e-6	3.459357e-11	1.096478e-9	930.4934468087824
1.043996e-6	3.585415e-11	1.122018e-9	930.4947462072801
1.068315e-6	3.715955e-11	1.148154e-9	930.4955254695799
1.0932e-6	3.851132e-11	1.174898e-9	930.4965293327591
1.118665e-6	3.991105e-11	1.202264e-9	930.4985519403393
1.144723e-6	4.13604e-11	1.230269e-9	930.4992326068526
1.171388e-6	4.286109e-11	1.2589250000000002e-9	930.5009123577655
1.198674e-6	4.441488e-11	1.28825e-9	930.5013893887057
1.226596e-6	4.60236e-11	1.3182569999999998e-9	930.5029471491522
1.255168e-6	4.768913e-11	1.348963e-9	930.5041644062884
1.284406e-6	4.941343e-11	1.380384e-9	930.5058689683452
1.314324e-6	5.119851e-11	1.412538e-9	930.5060809054341
1.34494e-6	5.304646e-11	1.4454400000000001e-9	930.5076976284039
1.376269e-6	5.495944e-11	1.479108e-9	930.5094417987057
1.408328e-6	5.693966e-11	1.513561e-9	930.51085464015
1.441133e-6	5.898942e-11	1.548817e-9	930.5114738668287
1.474703e-6	6.11111e-11	1.584893e-9	930.5133602710088
1.509055e-6	6.330715e-11	1.62181e-9	930.5148612661162
1.544207e-6	6.558011e-11	1.659587e-9	930.5161947580934
1.580177e-6	6.79326e-11	1.6982440000000002e-9	930.5170120430279
1.616986e-6	7.036732e-11	1.7378010000000003e-9	930.5187229838168
1.654652e-6	7.288706e-11	1.778279e-9	930.520400375869
1.693196e-6	7.549472e-11	1.819701e-9	930.5218245854677
1.732637e-6	7.819327e-11	1.8620869999999998e-9	930.523221133062
1.772997e-6	8.098581e-11	1.905461e-9	930.5244168261643
1.814298e-6	8.38755e-11	1.949845e-9	930.5262087499264
1.85656e-6	8.686564e-11	1.995262e-9	930.5278533044784
1.8998069999999998e-6	8.995962e-11	2.041738e-9	930.5292645873271
1.944061e-6	9.316096e-11	2.089296e-9	930.5307438295005
1.989346e-6	9.647326e-11	2.1379620000000006e-9	930.5321952682041
2.035687e-6	9.990029e-11	2.187762e-9	930.5339887474048
2.083106e-6	1.034459e-10	2.238721e-9	930.5355360940467
2.13163e-6	1.071141e-10	2.290868e-9	930.536859434939
2.181285e-6	1.109089e-10	2.344229e-9	930.5387438257952
2.232096e-6	1.148347e-10	2.398833e-9	930.5403230237371
2.284091e-6	1.188959e-10	2.454709e-9	930.5420299921495
2.337297e-6	1.230969e-10	2.511886e-9	930.5438610271327
2.391743e-6	1.274425e-10	2.5703959999999997e-9	930.545504467016
2.447457e-6	1.319375e-10	2.630268e-9	930.5473577217227
2.504468e-6	1.365869e-10	2.691535e-9	930.5487712030496
2.562808e-6	1.413959e-10	2.754229e-9	930.5505809066713
2.622507e-6	1.463698e-10	2.818383e-9	930.5525082290093
2.683597e-6	1.515141e-10	2.8840319999999994e-9	930.5543468657769
2.746109e-6	1.568345e-10	2.9512089999999995e-9	930.5562006960538
2.810078e-6	1.623369e-10	3.019952e-9	930.5579482389123
2.875537e-6	1.680272e-10	3.0902949999999996e-9	930.5600362424946
2.942521e-6	1.739118e-10	3.162278e-9	930.5617380255626
3.011065e-6	1.799971e-10	3.235937e-9	930.5635422135845
3.081206e-6	1.862899e-10	3.311311e-9	930.5656550834398
3.152981e-6	1.927969e-10	3.388442e-9	930.5674398145223
3.226428e-6	1.995252e-10	3.467369e-9	930.5694101781495
3.301586e-6	2.064823e-10	3.548134e-9	930.5715292319851
3.378494e-6	2.136757e-10	3.630781e-9	930.5732501354393
3.457195e-6	2.211132e-10	3.7153519999999994e-9	930.575652912564
3.537728e-6	2.288028e-10	3.801894e-9	930.5774445052913
3.620138e-6	2.36753e-10	3.890451e-9	930.579707339843
3.704468e-6	2.449722e-10	3.981072e-9	930.5817559190086
3.790762e-6	2.534695e-10	4.073803e-9	930.5838965458075
3.879066e-6	2.622538e-10	4.168694e-9	930.5859949902775
3.969427e-6	2.713348e-10	4.265795000000001e-9	930.5881634724594
4.061893e-6	2.807222e-10	4.365158e-9	930.5903067426196
4.156514e-6	2.90426e-10	4.466836e-9	930.5925773858721
4.253338e-6	3.004567e-10	4.570882e-9	930.5946766291495
4.352418e-6	3.108249e-10	4.677351e-9	930.5970034962097
4.453806e-6	3.215419e-10	4.786301e-9	930.599129035136
4.538835e-6	3.306119e-10	4.877671e-9	930.6010208355586
4.675023e-6	3.30612e-10	5.024015000107458e-9	930.601045558184
4.772363e-6	3.407815e-10	5.128614e-9	930.6030404120879
4.883534e-6	3.525066e-10	5.248075000000001e-9	930.6053184453347
4.997294e-6	3.646249e-10	5.370318e-9	930.6075775959636
5.113705e-6	3.771492e-10	5.4954089999999994e-9	930.6099235197962
5.232827e-6	3.900928e-10	5.623413e-9	930.6122621262211
5.354725e-6	4.034695e-10	5.754399e-9	930.6147296181581
5.479462e-6	4.172934e-10	5.888437e-9	930.6169520706429
5.607105e-6	4.31579e-10	6.025596000000001e-9	930.6194074411893
5.737721e-6	4.463415e-10	6.16595e-9	930.6217762875144
5.871381e-6	4.615965e-10	6.309573e-9	930.6244014452324
6.008154e-6	4.773598e-10	6.456542e-9	930.6268525473853
6.148113e-6	4.936482e-10	6.606933999999999e-9	930.6293430810722
6.291332e-6	5.104787e-10	6.76083e-9	930.631664854759
6.437888e-6	5.278688e-10	6.918310000000001e-9	930.634196617382
6.587859e-6	5.458369e-10	7.079458e-9	930.6368986015597
6.741322e-6	5.644017e-10	7.24436e-9	930.6393389754237
6.898361e-6	5.835826e-10	7.413102e-9	930.642068947655
7.059059e-6	6.033995e-10	7.585776e-9	930.6447223725035
7.2235e-6	6.238732e-10	7.762471e-9	930.6474540387977
7.391771e-6	6.450248e-10	7.943282e-9	930.6500795011433
7.563963e-6	6.668763e-10	8.128305e-9	930.6528084637573
7.740166e-6	6.894505e-10	8.317637999999998e-9	930.6554878320024
7.920474e-6	7.127707e-10	8.51138e-9	930.6583386830338
8.104983e-6	7.36861e-10	8.709636e-9	930.6611505922866
8.293789e-6	7.617464e-10	8.912509e-9	930.6639405805929
8.486994e-6	7.874525e-10	9.120108e-9	930.6667697904454
8.684701e-6	8.140058e-10	9.332543e-9	930.669701259346
8.887013e-6	8.414337e-10	9.549926e-9	930.6725972222193
9.094038e-6	8.697645e-10	9.772371999999998e-9	930.6755580426126
9.305886e-6	8.990271e-10	1.e-8	930.67850271
9.522669e-6	9.292518e-10	1.023293e-8	930.6814618882372
9.744502e-6	9.604694e-10	1.047129e-8	930.6840388720016
9.971504e-6	9.927119e-10	1.071519e-8	930.6878097261924
0.00001020379	1.026012e-9	1.0964780000000002e-8	930.6904481439664
0.00001044149	1.060405e-9	1.1220179999999998e-8	930.6936613316362
0.00001068473	1.095924e-9	1.148154e-8	930.6962240256969
0.00001093364	1.132607e-9	1.174898e-8	930.6997379346973
0.00001118834	1.170491e-9	1.202264e-8	930.7032807270284
0.00001144898	1.209614e-9	1.230269e-8	930.7061800305462
0.00001171569	1.250016e-9	1.258925e-8	930.7099323629286
0.00001198861	1.291738e-9	1.28825e-8	930.7123413933631
0.00001226789	1.334822e-9	1.318257e-8	930.7156967116427
0.00001255368	1.379313e-9	1.3489630000000002e-8	930.7193238806401
0.00001284613	1.425255e-9	1.3803840000000001e-8	930.7232809855808
0.00001314539	1.472695e-9	1.4125379999999998e-8	930.7263022304534
0.00001345162	1.52168e-9	1.44544e-8	930.729859419969
0.00001376498	1.57226e-9	1.479108e-8	930.733405539014
0.00001408565	1.624487e-9	1.513561e-8	930.7371481559052
0.00001441378	1.678413e-9	1.548817e-8	930.7399397733883
0.00001474956	1.734091e-9	1.584893e-8	930.7438477550221
0.00001509316	1.791579e-9	1.6218099999999996e-8	930.7472255689632
0.00001544477	1.850934e-9	1.6595870000000003e-8	930.7508997117957
0.00001580457	1.912216e-9	1.6982440000000004e-8	930.7544861633544
0.00001617275	1.975486e-9	1.737801e-8	930.7582102899008
0.00001654951	2.040808e-9	1.778279e-8	930.7623161494905
0.00001693504	2.108247e-9	1.819701e-8	930.7654525111543
0.00001732956	2.17787e-9	1.8620870000000003e-8	930.7695005657631
0.00001773327	2.249748e-9	1.9054609999999996e-8	930.7731697473735
0.00001814639	2.323952e-9	1.949845e-8	930.7772644492253
0.00001856912	2.400556e-9	1.995262e-8	930.7810481029559
0.00001900171	2.479638e-9	2.041738e-8	930.7849311713843
0.00001944438	2.561274e-9	2.089296e-8	930.7891880327153
0.00001989735	2.645548e-9	2.137962e-8	930.7927618919325
0.00002036089	2.732543e-9	2.187762e-8	930.7969762250191
0.00002083522	2.822346e-9	2.238721e-8	930.801218463578
0.0000213206	2.915045e-9	2.290868e-8	930.8050505310651
0.00002181729	3.010733e-9	2.344229e-8	930.8092653490764
0.00002232555	3.109505e-9	2.398833e-8	930.8134207341653
0.00002284565	3.211459e-9	2.4547090000000004e-8	930.8175208955521
0.00002337787	3.316696e-9	2.5118860000000003e-8	930.8219678759307
0.00002392249	3.42532e-9	2.5703959999999997e-8	930.8260408123884
0.0000244798	3.53744e-9	2.6302680000000005e-8	930.8305252544607
0.00002505009	3.653165e-9	2.691535e-8	930.8347528454952
0.00002563367	3.77261e-9	2.754229e-8	930.8391789498985
0.00002623084	3.895894e-9	2.8183830000000005e-8	930.8435331181034
0.00002684193	4.023137e-9	2.8840320000000005e-8	930.8479634414597
0.00002746725	4.154466e-9	2.9512090000000002e-8	930.852557917789
0.00002810714	4.29001e-9	3.019952e-8	930.8568483869942
0.00002876195	4.429903e-9	3.090295e-8	930.8619372260578
0.000029432	4.574283e-9	3.162278e-8	930.8661124354026
0.00003011767	4.723291e-9	3.235937e-8	930.8708201364859
0.00003081931	4.877074e-9	3.311311e-8	930.8756282330471
0.0000315373	5.035783e-9	3.388442e-8	930.8802034386305
0.00003227202	5.199575e-9	3.4673690000000004e-8	930.8850478561699
0.00003302385	5.36861e-9	3.548134e-8	930.8898313874276
0.00003379321	5.543054e-9	3.630781000000001e-8	930.8948420188383
0.00003458048	5.723078e-9	3.715352e-8	930.8997661056071
0.0000353861	5.908859e-9	3.801894e-8	930.9046716978434
0.00003621049	6.100579e-9	3.890451e-8	930.9098245678972
0.00003705408	6.298425e-9	3.981072e-8	930.9145482674014
0.00003791733	6.502591e-9	4.073803e-8	930.9196490601042
0.0000388007	6.713277e-9	4.168694e-8	930.9249677956693
0.00003970464	6.930689e-9	4.265795e-8	930.9301241386424
0.00004062964	7.155039e-9	4.3651580000000004e-8	930.9352614269632
0.0000415762	7.386547e-9	4.466836000000001e-8	930.9405258442439
0.00004254481	7.625437e-9	4.570882e-8	930.9458313953413
0.00004353598	7.871944e-9	4.677351000000001e-8	930.9511290471894
0.00004455025	8.126309e-9	4.786301e-8	930.9564172625165
0.00004558815	8.388777e-9	4.897787999999999e-8	930.9618704811234
0.00004665024	8.659607e-9	5.011872e-8	930.9675029011116
0.00004773706	8.93906e-9	5.1286140000000005e-8	930.9727552122268
0.00004884922	9.22741e-9	5.248074999999999e-8	930.9784522896492
0.00004998728	9.524937e-9	5.370317999999999e-8	930.984067181869
0.00005115186	9.831929e-9	5.495409e-8	930.9897030230143
0.00005234357	1.014869e-8	5.623413e-8	930.9954415583561
0.00005356305	1.047552e-8	5.7543990000000006e-8	931.0012308844068
0.00005481094	1.081274e-8	5.888436999999999e-8	931.0068654890932
0.00005608791	1.116067e-8	6.025596e-8	931.0128105170013
0.000057394629999999996	1.151966e-8	6.16595e-8	931.0187345015772
0.00005873179	1.189006e-8	6.309573e-8	931.0246519059214
0.00006010011	1.227221e-8	6.456542e-8	931.0306075605178
0.00006150031	1.26665e-8	6.606934e-8	931.0366427150628
0.00006293314	1.30733e-8	6.76083e-8	931.0426870665287
0.00006439935	1.349302e-8	6.91831e-8	931.0488113426546
0.00006589972	1.392604e-8	7.079457999999999e-8	931.0549768075465
0.00006743505	1.43728e-8	7.24436e-8	931.0611675841619
0.00006900616	1.483373e-8	7.413102e-8	931.0676384865607
0.00007061387	1.530926e-8	7.585776e-8	931.0738843329938
0.00007225904	1.579987e-8	7.762470999999999e-8	931.0803205577195
0.00007394254	1.630602e-8	7.943281999999999e-8	931.0867475182173
0.00007566527	1.682821e-8	8.128305e-8	931.0932378890802
0.00007742814	1.736693e-8	8.317638000000002e-8	931.0997536800711
0.00007923208	1.792272e-8	8.51138e-8	931.1063860384567
0.00008107806	1.849609e-8	8.709636e-8	931.1130349190254
0.00008296705	1.908762e-8	8.912509e-8	931.1198184484302
0.00008490005	1.969786e-8	9.120108000000001e-8	931.1265596854773
0.00008687809	2.03274e-8	9.332543e-8	931.1333191821351
0.00008890223	2.097686e-8	9.549926000000002e-8	931.1402712439865
0.00009097352	2.164686e-8	9.772372e-8	931.1471857600181
0.00009309308	2.233804e-8	9.999999999999998e-8	931.1541804000001
0.00009526202	2.305107e-8	1.0232929999999999e-7	931.1611734859908
0.00009748151	2.378664e-8	1.0471290000000001e-7	931.1679519906335
0.0000997527	2.454544e-8	1.071519e-7	931.1756995442918
0.0001020768	2.532822e-8	1.0964780000000002e-7	931.1826431538069
0.0001044551	2.613572e-8	1.1220180000000002e-7	931.1903705644651
0.0001068888	2.696873e-8	1.148154e-7	931.1971105792429
0.0001093792	2.782803e-8	1.174898e-7	931.2044792824568
0.0001119276	2.871447e-8	1.202264e-7	931.2123998556058
0.0001145354	2.962888e-8	1.230269e-7	931.2193421113595
0.000117204	3.057214e-8	1.2589249999999996e-7	931.2276119705305
0.0001199348	3.154517e-8	1.28825e-7	931.2349712400544
0.0001227291	3.254889e-8	1.318257e-7	931.242154526773
0.0001255886	3.358427e-8	1.348963e-7	931.2500362871333
0.0001285148	3.465231e-8	1.3803839999999998e-7	931.2586375240514
0.0001315091	3.575401e-8	1.412538e-7	931.265948314311
0.0001345732	3.689045e-8	1.44544e-7	931.2741480102943
0.0001377086	3.806271e-8	1.479108e-7	931.281980152903
0.0001409172	3.927191e-8	1.513561e-7	931.2903273141949
0.0001442005	4.051922e-8	1.548817e-7	931.2980114500293
0.0001475603	4.180582e-8	1.584893e-7	931.3064403716844
0.0001509984	4.313295e-8	1.62181e-7	931.314598812438
0.0001522496	4.361852e-8	1.6352440000000002e-7	931.3180083216938
0.0001581168	4.397829e-8	1.698244e-7	931.3195176311532
0.0001618009	4.537383e-8	1.7378009999999998e-7	931.3280049326708
0.0001655708	4.681333e-8	1.778279e-7	931.336496297825
0.0001694285	4.829814e-8	1.8197010000000003e-7	931.3442051194124
0.0001733762	4.982969e-8	1.862087e-7	931.3529909719579
0.0001774158	5.140945e-8	1.905461e-7	931.3610168352959
0.0001815496	5.303892e-8	1.949845e-7	931.3696161489759
0.0001857796	5.471966e-8	1.995262e-7	931.378032859845
0.0001901083	5.645329e-8	2.0417380000000003e-7	931.3866582783883
0.0001945378	5.824145e-8	2.089296e-7	931.3952711822548
0.0001990706	6.008585e-8	2.1379619999999998e-7	931.4042337983557
0.000203709	6.198825e-8	2.1877620000000004e-7	931.4129610533503
0.0002084554	6.395048e-8	2.238721e-7	931.421782705393
0.0002133125	6.597441e-8	2.290868e-7	931.4306822130301
0.0002182827	6.806196e-8	2.3442290000000002e-7	931.4395562890827
0.0002233688	7.021512e-8	2.398833e-7	931.4488133188096
0.0002285734	7.243597e-8	2.454709e-7	931.458009768164
0.0002338992	7.47266e-8	2.511886e-7	931.4671390341758
0.0002393492	7.708921e-8	2.570396e-7	931.4762752898774
0.0002449262	7.952605e-8	2.630268e-7	931.4857879501252
0.0002506332	8.203945e-8	2.691535e-7	931.4953714144532
0.0002564731	8.463179e-8	2.754229e-7	931.5047216117468
0.0002624491	8.730556e-8	2.818383e-7	931.5142958213982
0.0002685644	9.006329e-8	2.884032e-7	931.5238641249474
0.0002748222	9.290762e-8	2.951209e-7	931.5338480602355
0.0002812258	9.584125e-8	3.019952e-7	931.5434193987189
0.0002877787	9.886699e-8	3.090295e-7	931.5536768819806
0.0002944843	1.019877e-7	3.1622779999999993e-7	931.5635364759203
0.0003013461	1.052064e-7	3.235937e-7	931.5734713005846
0.0003083678	1.085261e-7	3.311311e-7	931.5836721467721
0.0003155532	1.119499e-7	3.388442e-7	931.5937823341818
0.000322906	1.154813e-7	3.4673689999999997e-7	931.603995132909
0.0003304302	1.191234e-7	3.548134e-7	931.6145427427488
0.0003381298	1.228797e-7	3.630781e-7	931.6251233550028
0.0003460087	1.267539e-7	3.715352e-7	931.6356940069205
0.0003540713	1.307497e-7	3.801894e-7	931.646304973258
0.0003623218	1.348707e-7	3.890451e-7	931.6572055527752
0.0003707645	1.39121e-7	3.9810719999999996e-7	931.6677040756862
0.000379404	1.435046e-7	4.073803e-7	931.6785927056364
0.0003882449	1.480256e-7	4.1686939999999994e-7	931.6896985002976
0.0003972918	1.526884e-7	4.2657950000000004e-7	931.7008632622992
0.0004065495	1.574974e-7	4.365158e-7	931.7119733123062
0.000416023	1.624571e-7	4.466836e-7	931.7231640024393
0.0004257172	1.675723e-7	4.570882e-7	931.7343398932635
0.0004356374	1.728478e-7	4.677351e-7	931.7458702586143
0.0004457888	1.782886e-7	4.786301e-7	931.7572977545709
0.0004561768	1.839e-7	4.897788e-7	931.7689944930241
0.0004668068	1.896872e-7	5.011872000000001e-7	931.7805546510366
0.0004776847	1.956557e-7	5.128614e-7	931.7924018068038
0.000488816	2.018113e-7	5.248074999999999e-7	931.80415923934
0.0005002068	2.081596e-7	5.370318e-7	931.8162529667703
0.000511863	2.147069e-7	5.495409e-7	931.8281985926798
0.0005237909	2.214592e-7	5.623413e-7	931.8404307135186
0.0005359968	2.28423e-7	5.754399e-7	931.8526973885542
0.0005484872	2.35605e-7	5.888437e-7	931.864949900967
0.0005612686	2.430119e-7	6.025596e-7	931.8772979469582
0.000574348	2.506507e-7	6.165950000000001e-7	931.8898964474249
0.0005877322	2.585287e-7	6.309573e-7	931.9025688426141
0.0006014284	2.666534e-7	6.456542e-7	931.9153401309865
0.0006154438	2.750324e-7	6.606934e-7	931.9282323692048
0.0006297858	2.836738e-7	6.76083e-7	931.9410099055883
0.0006444621	2.925858e-7	6.918309999999999e-7	931.9540260554962
0.0006594805	3.017767e-7	7.079458e-7	931.9672165581036
0.0006748489	3.112553e-7	7.244360000000001e-7	931.9804030997907
0.0006905755	3.210305e-7	7.413102e-7	931.9938272804017
0.0007066687	3.311117e-7	7.585776e-7	932.0072352518714
0.0007231369	3.415085e-7	7.762470999999999e-7	932.0207553754467
0.000739989	3.522305e-7	7.943282000000001e-7	932.0344292195593
0.0007707905	3.569864e-7	8.273756e-7	932.0404014815036
0.0007748804	3.595303e-7	8.317637999999999e-7	932.0433641137063
0.0007929382	3.708164e-7	8.51138e-7	932.0568655141705
0.0008114169	3.824555e-7	8.709635999999999e-7	932.07035919756
0.0008303263	3.944589e-7	8.912509000000001e-7	932.0840617383948
0.0008420832	4.019687e-7	9.038643999999999e-7	932.0924341084792
0.0008694773	4.088093e-7	9.332543e-7	932.0997602689856
0.0008897397	4.216374e-7	9.549926e-7	932.1133351190365
0.0009104744	4.348669e-7	9.772372e-7	932.1270894108411
0.0009316923	4.485103e-7	1.e-6	932.1408103
0.0009534047999999999	4.625804e-7	1.023293e-6	932.154700950754
0.0009756234	4.770906e-7	1.047129e-6	932.1683294035405
0.0009983599	4.920546e-7	1.071519e-6	932.1831480356392
0.001021626	5.074866e-7	1.096478e-6	932.1969858036367
0.001045435	5.234013e-7	1.122018e-6	932.2117838572999
0.001069799	5.398137e-7	1.1481539999999999e-6	932.2258283296492
0.00109473	5.567393e-7	1.174898e-6	932.2398534170626
0.001120243	5.741942e-7	1.2022639999999998e-6	932.2554731739451
0.00114635	5.921948e-7	1.230269e-6	932.2694425365507
0.001173066	6.107583e-7	1.2589250000000002e-6	932.2848925074964
0.001200405	6.299022e-7	1.28825e-6	932.2995553658066
0.001228381	6.496446e-7	1.3182569999999998e-6	932.3149011156398
0.001257009	6.700042e-7	1.348963e-6	932.3302449362956
0.001286304	6.910003e-7	1.3803840000000001e-6	932.3456373733686
0.001316283	7.126527e-7	1.4125380000000002e-6	932.3612198043521
0.00134696	7.34982e-7	1.44544e-6	932.3769800199246
0.001378352	7.580093e-7	1.479108e-6	932.3930431719658
0.001410476	7.817563e-7	1.513561e-6	932.4089060830717
0.001443348	8.062455e-7	1.5488170000000002e-6	932.4240665617693
0.001476987	8.315002e-7	1.584893e-6	932.4405497405818
0.00151141	8.575441e-7	1.62181e-6	932.4566651457322
0.001546636	8.84402e-7	1.6595870000000002e-6	932.4732008626243
0.001582683	9.120992e-7	1.6982439999999998e-6	932.4897359861128
0.00161957	9.406619e-7	1.7378009999999997e-6	932.5064618445956
0.001657316	9.701172e-7	1.7782789999999998e-6	932.523027713874
0.001695943	1.000493e-6	1.8197010000000002e-6	932.5397375722715
0.001735471	1.031818e-6	1.8620869999999998e-6	932.5572961950758
0.001739608	1.03511e-6	1.866524e-6	932.5586544828782
0.00181731	1.051185e-6	1.949845e-6	932.567042508507
0.001859665	1.084093e-6	1.995262e-6	932.5838376113012
0.001903008	1.11803e-6	2.041738e-6	932.6005736289377
0.001947361	1.153027e-6	2.089296e-6	932.6175070454354
0.001992748	1.189118e-6	2.137962e-6	932.6344986487131
0.002039193	1.226336e-6	2.1877619999999994e-6	932.6514200356346
0.002086721	1.264716e-6	2.238721e-6	932.6690177114523
0.002135357	1.304296e-6	2.290868e-6	932.6863424693173
0.002185127	1.345112e-6	2.3442290000000005e-6	932.7041479309399
0.002236057	1.387203e-6	2.398833e-6	932.721953966783
0.002288174	1.430608e-6	2.4547090000000004e-6	932.7397292306338
0.002341506	1.47537e-6	2.511886e-6	932.7578441059826
0.002396082	1.52153e-6	2.5703960000000003e-6	932.7759341362187
0.00245193	1.569131e-6	2.630268e-6	932.7943506137017
0.00250908	1.618219e-6	2.691535e-6	932.812770036429
0.002567562	1.66884e-6	2.7542290000000004e-6	932.8312351659937
0.002627408	1.721042e-6	2.818383e-6	932.850163373821
0.002688649	1.774875e-6	2.8840319999999994e-6	932.8689400811087
0.002751317	1.830388e-6	2.951209e-6	932.8879750637791
0.002815447	1.887635e-6	3.019952e-6	932.9070909074052
0.002881072	1.94667e-6	3.090295e-6	932.9266849928567
0.002948227	2.007549e-6	3.1622780000000004e-6	932.9459803976753
0.003016947	2.070328e-6	3.235937e-6	932.9654217619192
0.00308727	2.135068e-6	3.311311e-6	932.9854755412584
0.003159232	2.201829e-6	3.388442e-6	933.0051477935878
0.003232872	2.270675e-6	3.467369e-6	933.0252058549291
0.003308229	2.34167e-6	3.548134e-6	933.0455585950249
0.003385343	2.414882e-6	3.630781e-6	933.0658836211823
0.003464255	2.49038e-6	3.715352e-6	933.0866577379478
0.003545007	2.568235e-6	3.801894e-6	933.1073499155948
0.003627641	2.648521e-6	3.890451e-6	933.1281954200168
0.003712203	2.731313e-6	3.981072e-6	933.1492404558369
0.003798736	2.81669e-6	4.073803e-6	933.170477315668
0.003887286	2.904733e-6	4.168694e-6	933.191722155668
0.003977901	2.995524e-6	4.265795e-6	933.2132753683661
0.004070629	3.089149e-6	4.365158e-6	933.2349823305365
0.00416552	3.185697e-6	4.466836e-6	933.2569400354076
0.004262622	3.285258e-6	4.570882e-6	933.2787978337661
0.004361989	3.387928e-6	4.677351e-6	933.3011202280951
0.004463673	3.493802e-6	4.786301e-6	933.3234165590504
0.004567728	3.602982e-6	4.897788e-6	933.346029268723
0.00467421	3.715569e-6	5.011872000000001e-6	933.368922630107
0.004783174	3.83167e-6	5.128614e-6	933.3916863308489
0.004894679	3.951396e-6	5.2480750000000006e-6	933.4147084407139
0.005008784	4.074858e-6	5.370318000000001e-6	933.4379934298116
0.00512555	4.202174e-6	5.495409e-6	933.4613991424478
0.005245039	4.333463e-6	5.623413e-6	933.4851384737347
0.005367314	4.46885e-6	5.754399000000001e-6	933.5089294294677
0.00549244	4.608463e-6	5.888436999999999e-6	933.5326951787038
0.005620485	4.752432e-6	6.025596e-6	933.5570177622263
0.005751515	4.900895e-6	6.165950000000001e-6	933.5813451292987
0.005885601	5.053992e-6	6.309573000000001e-6	933.6059654116054
0.006022814	5.211866e-6	6.456542e-6	933.6307060342826
0.006163226	5.374667e-6	6.606934e-6	933.655560506583
0.006306914	5.542549e-6	6.76083e-6	933.680709173282
0.006349596	5.592666e-6	6.8065439999999995e-6	933.6880311065352
0.006604413	5.624687e-6	7.079458e-6	933.6926198305013
0.006758382	5.800371e-6	7.24436e-6	933.7170393243848
0.006915942	5.981537e-6	7.413101999999999e-6	933.7418447769908
0.007077177	6.168356e-6	7.5857760000000005e-6	933.7667439692393
0.007242171	6.361006e-6	7.762471e-6	933.7918307198829
0.007411014	6.559667e-6	7.943282e-6	933.8172391462371
0.007583794	6.764527e-6	8.128305e-6	933.8427294497438
0.007760603	6.97578e-6	8.317638e-6	933.8683385836218
0.007941535	7.193624e-6	8.511379999999998e-6	933.8942244383402
0.008126688	7.418266e-6	8.709636e-6	933.9203459249043
0.008316158	7.649917e-6	8.912509000000001e-6	933.9466492544357
0.008510047	7.888797e-6	9.120108e-6	933.9731280594484
0.008708458	8.13513e-6	9.332543e-6	933.999782267277
0.008911497	8.389149e-6	9.549926e-6	934.0267295264908
0.009119271	8.651094e-6	9.772372e-6	934.053891317277
0.00933189	8.921211e-6	0.00001	934.0811211
0.009549469	9.199757e-6	0.00001023293	934.1086821663004
0.009772122	9.486993e-6	0.00001047129	934.1360035869504
0.009999969	9.783191e-6	0.000010715190000000001	934.1646943264655
0.01023313	0.00001008863	0.00001096478	934.1928091580496
0.01047173	0.0000104036	0.00001122018	934.2215187278636
0.01071589	0.0000107284	0.00001148154	934.2490989884633
0.01096575	0.00001106332	0.00001174898	934.2779815779753
0.01122144	0.0000114087	0.00001202264	934.3079972451973
0.01148309	0.00001176485	0.000012302690000000001	934.3367060374601
0.01175084	0.00001213212	0.00001258925	934.3663935500526
0.01202484	0.00001251084	0.000012882499999999999	934.3955629730254
0.01230523	0.00001290138	0.00001318257	934.4256377929341
0.01259216	0.0000133041	0.000013489630000000003	934.4558820367942
0.01288579	0.00001371938	0.00001380384	934.487025349468
0.01318626	0.00001414762	0.00001412538	934.5169914012932
0.01349374	0.00001458922	0.000014454400000000002	934.5479037524906
0.0138084	0.00001504459	0.00001479108	934.5798001227768
0.01413039	0.00001551417	0.000015135610000000002	934.6107735334089
0.0144599	0.0000159984	0.00001548817	934.6422721341514
0.01479709	0.00001649773	0.00001584893	934.6743111364617
0.01514215	0.00001701264	0.0000162181	934.7064477343215
0.01549526	0.00001754362	0.00001659587	934.7388006775179
0.01561285	0.00001772134	0.00001672167	934.7494203629183
0.01622636	0.00001772535	0.00001737801	934.7494534759734
0.01660474	0.00001827855	0.00001778279	934.7812435506464
0.01699195	0.00001884901	0.00001819701	934.8128626626021
0.01738819	0.00001943727	0.00001862087	934.8450029456195
0.01779367	0.00002004387	0.00001905461	934.8768549972947
0.01820861	0.0000206694	0.00001949845	934.9091543173945
0.01863323	0.00002131444	0.000019952619999999997	934.942099834508
0.01906776	0.0000219796	0.00002041738	934.9749869963726
0.01951243	0.0000226655	0.00002089296	935.0085148298758
0.01996746	0.0000233728	0.00002137962	935.0415395596367
0.02043312	0.00002410216	0.00002187762	935.0753034379425
0.02090964	0.00002485428	0.00002238721	935.1095683651514
0.02139727	0.00002562985	0.000022908679999999995	935.1433539601584
0.02189629	0.00002642961	0.00002344229	935.1782445315708
0.02240694	0.00002725432	0.00002398833	935.2128439120188
0.02292951	0.00002810475	0.00002454709	935.2479153333451
0.02346427	0.00002898171	0.00002511886	935.2833572064974
0.02401151	0.00002988602	0.00002570396	935.3187610002506
0.02457152	0.00003081853	0.00002630268	935.354820497379
0.02514459	0.00003178013	0.000026915349999999996	935.3907762670744
0.02573104	0.00003277172	0.00002754229	935.4273635198816
0.02633116	0.00003379424	0.00002818383	935.4638542738867
0.02694529	0.00003484865	0.000028840319999999997	935.5006688552693
0.02757376	0.00003593595	0.00002951209	935.5384843974113
0.02821688	0.00003705715	0.00003019952	935.5757028588533
0.02887501	0.00003821333	0.00003090295	935.6136980450085
0.0295485	0.00003940557	0.00003162278	935.6516274027774
0.03023771	0.00004063499	0.00003235937	935.6901877261517
0.03094299	0.00004190275	0.00003311311	935.7288623750533
0.03166474	0.00004321006	0.00003388442	935.7678266294656
0.03240333	0.00004455813	0.00003467368999999999	935.8071820449453
0.03315915	0.00004594825	0.00003548134	935.8467929903436
0.03393262	0.00004738172	0.000036307810000000006	935.8868441803568
0.03472413	0.0000488599	0.00003715352	935.9271988226151
0.03553411	0.00005038418	0.00003801894	935.9675514362053
0.03561557	0.00005053811	0.00003810597000000001	935.9716629703953
0.03721117	0.00005064854	0.00003981072	935.9744948094383
0.03807912	0.0000522286	0.00004073803	936.0135627569622
0.03896734	0.00005385794	0.000041686940000000005	936.05330446418
0.03987628	0.00005553809	0.00004265795	936.0932274054426
0.04080643	0.00005727064	0.00004365157999999999	936.1333688265122
0.04175829	0.00005905722	0.00004466836	936.1737753523972
0.04273236	0.00006089952	0.00004570882000000001	936.2144881447387
0.04372916	0.00006279928	0.00004677351	936.2555703003687
0.04474923	0.00006475828	0.00004786301	936.2969081969563
0.04579311	0.00006677837	0.00004897788000000001	936.3387792611684
0.04686135	0.00006886146	0.00005011872	936.3808864232766
0.04795452	0.00007100952	0.00005128614	936.4231646210848
0.0490732	0.00007322456	0.000052480750000000004	936.465743343988
0.05021799	0.00007550868	0.00005370318	936.5087631682146
0.05138951	0.00007786403	0.00005495409	936.5522025749129
0.0543213	0.00007956368	0.00005808442	936.5827132301572
0.05507053	0.00008102877	0.000058884370000000006	936.6077750343596
0.05635521	0.00008355627	0.00006025596	936.6503540894545
0.05766986	0.0000861626	0.0000616595	936.6930091875544
0.05901521	0.0000888502	0.00006309573	936.736292614413
0.06039195	0.00009162162	0.00006456542	936.7796510887716
0.06180083	0.00009447946	0.00006606934	936.8234866581079
0.06324259	0.00009742642	0.00006760830000000001	936.8674618353073
0.064718	0.0001004653	0.0000691831	936.9118368503291
0.06622785	0.0001035989	0.00007079458	936.9565989373764
0.06777295	0.0001068303	0.0000724436	937.0017544683036
0.06935411	0.0001101624	0.00007413101999999999	937.0473035444542
0.0709025	0.0001134499	0.0000757834	937.0911030647873
0.07432237	0.0001161892	0.00007943282	937.12597890897
0.0760563	0.0001198131	0.00008128305	937.1709489247758
0.07783072	0.0001235501	0.00008317637999999999	937.2164321169063
0.07964655	0.0001274036	0.00008511380000000001	937.262272392961
0.08150477	0.0001313772	0.00008709636	937.3083697183213
0.08340637	0.0001354748	0.00008912509	937.3549558266924
0.08535236	0.0001397002	0.00009120108	937.4018399782108
0.08734377	0.0001440573	0.00009332543	937.4489600530103
0.08938168	0.0001485503	0.00009549926000000002	937.4965868845475
0.09146716	0.0001531833	0.00009772372000000001	937.5445725971136
0.09360132	0.0001579609	0.00010000000000000002	937.592809
0.09578532	0.0001628874	0.0001023293	937.6415884795459
0.09802029	0.0001679676	0.00010471289999999999	937.69017570901
0.1003075	0.0001732062	0.0001071519	937.7407792115678
0.1008452	0.0001744436	0.0001077254	937.7513901085538
0.105043	0.0001766863	0.0001122018	937.7718209511792
0.107494	0.0001821968	0.00011481539999999999	937.8201600133781
0.1100021	0.0001878791	0.0001174898	937.8684711353667
0.1125689	0.0001937385	0.0001202264	937.9191134393112
0.1151955	0.0001997807	0.0001230269	937.9678810081374
0.1178835	0.0002060113	0.0001258925	938.0186373294678
0.1206342	0.0002124361	0.000128825	938.06820182418
0.1234492	0.0002190613	0.0001318257	938.1195115975111
0.1263299	0.0002258931	0.00013489629999999998	938.1709735552421
0.1292778	0.0002329379	0.0001380384	938.2225373519253
0.1322946	0.0002402024	0.0001412538	938.2742439495433
0.1353818	0.0002476934	0.000144544	938.3266922182864
0.1385411	0.000255418	0.0001479108	938.3798748975736
0.1417742	0.0002633835	0.0001513561	938.4331619274014
0.1450827	0.0002715973	0.0001548817	938.4859366858708
0.1484686	0.0002800673	0.0001584893	938.5407551172225
0.1519335	0.0002888014	0.000162181	938.5951584957547
0.1554793	0.0002978078	0.00016595869999999998	938.649843605668
0.1580418	0.000304359	0.0001686886	938.6891526754032
0.1666209	0.0003123413	0.0001778279	938.7348177648163
0.1705093	0.0003220817	0.0001819701	938.7881948737733
0.1744886	0.0003321258	0.0001862087	938.8429530951023
0.1785609	0.0003424831	0.0001905461	938.8981621770271
0.1827282	0.0003531634	0.0001949845	938.9534214258057
0.1869928	0.0003641767	0.0001995262	939.0093967609266
0.1913571	0.0003755334	0.00020417380000000001	939.0658027621565
0.1958232	0.0003872442	0.00020892960000000002	939.1222890389873
0.2003937	0.0003993201	0.00021379619999999997	939.1795555767595
0.2050709	0.0004117726	0.0002187762	939.2368667158494
0.2098573	0.0004246134	0.0002238721	939.2948625576836
0.2147556	0.0004378545	0.0002290868	939.3533564570284
0.2195833	0.0004510029	0.00023422600000000003	939.4102401099792
0.2301469	0.0004577091	0.0002454709	939.4376649126231
0.2355185	0.0004719822	0.0002511886	939.4951928550897
0.2410156	0.0004867003	0.00025703960000000007	939.5528949624882
0.2466411	0.0005018774	0.0002630268	939.611390930506
0.2477387	0.0005048519	0.0002641949	939.622800818638
0.252398	0.0005128182	0.0002691535	939.6527193590274
0.2582891	0.0005205402	0.00027542290000000003	939.6809059813108
0.2643176	0.0005274976	0.00028183829999999996	939.7058440957101
0.2704868	0.0005340658	0.0002884032	939.7290522435256
0.2767997	0.0005404122	0.00029512090000000004	939.7508349967759
0.2832599	0.0005466289	0.0003019952	939.7716549799468
0.2898706	0.0005527728	0.0003090295	939.7917441538751
0.2966355	0.0005588853	0.0003162277999999999	939.811064365625
0.3035582	0.0005650021	0.0003235937	939.8304172794464
0.3106422	0.0005711428	0.00033113110000000006	939.8493309749521
0.3178913	0.0005773289	0.0003388442	939.867434354786
0.3253095	0.0005835763	0.0003467369	939.8857643936944
0.3329006	0.0005899026	0.0003548134	939.9039117462869
0.3406687	0.0005963157	0.00036307810000000006	939.9217845967576
0.3486178	0.0006028331	0.0003715352	939.9395618503979
0.3567523	0.0006094621	0.0003801894	939.9571952821411
0.3650764	0.0006162136	0.00038904510000000006	939.9748604981788
0.3735945	0.0006230992	0.0003981072	939.9920403348646
0.3823113	0.0006301256	0.0004073803	940.0096803895525
0.3912312	0.0006373026	0.0004168694	940.0270266898937
0.4003591	0.0006446377	0.0004265795	940.0445584000169
0.4096997	0.0006521454	0.00043651579999999995	940.0618383114655
0.4192582	0.0006598278	0.00044668359999999995	940.079348782897
0.4290394	0.0006677003	0.0004570882	940.0966822158175
0.4390486	0.0006757658	0.00046773510000000003	940.1141068951208
0.4492912	0.0006840339	0.0004786301	940.1315000874371
0.4597726	0.0006925184	0.0004897788	940.1491416124993
0.4814738	0.0007011234	0.0005128614	940.1661411835635
0.4927052	0.0007103862	0.0005248075	940.1839459230289
0.5041984	0.000719897	0.0005370318000000002	940.2018595546855
0.5159596	0.0007296677	0.0005495409000000001	940.2198593407696
0.5279949	0.0007397086	0.0005623413	940.2379099667764
0.5403108	0.0007500283	0.0005754399	940.2560168316447
0.5529139	0.00076064	0.0005888437	940.2742017958244
0.5658108	0.0007715486	0.0006025596	940.2926259908562
0.5790083	0.0007827725	0.000616595	940.311018577835
0.5925135	0.0007943171	0.0006309573	940.3295866455622
0.6063335	0.0008061996	0.0006456542	940.3480990288608
0.6204758	0.0008184282	0.0006606934	940.3669360099557
0.6349477	0.0008310163	0.0006760829999999998	940.3855980700596
0.6497571	0.0008439751	0.000691831	940.4046293097592
0.6649117	0.0008573187	0.0007079458	940.4237142165404
0.6804196	0.0008710643	0.000724436	940.4428607910154
0.696289	0.000885219	0.0007413102	940.4621965271759
0.7125285	0.0008998009	0.0007585776000000001	940.4816341795487
0.7291465	0.000914823	0.0007762470999999999	940.5011922105732
0.746152	0.0009303016	0.0007943282	940.5209353010506
0.763554	0.0009462505	0.0008128305	940.5408021721624
0.7813617	0.0009626869	0.0008317638	940.5607540265639
0.7995845	0.0009796285	0.000851138	940.5808793638635
0.8182323	0.0009970903	0.0008709636	940.6011804626507
0.8373148	0.001015088	0.0008912509	940.6216453750567
0.8568422	0.001033644	0.0009120108	940.6421985353682
0.8768249	0.001052771	0.0009332543	940.6628729168459
0.8972736	0.001072492	0.0009549926	940.6838251940383
0.918199	0.001092826	0.0009772372	940.7049035791924
0.9396123	0.001113792	0.001	940.7260919999999
0.9615248	0.001135411	0.001023293	940.7473822258141
0.9839483000000001	0.001157703	0.001047129	940.7685232669519
1.006895	0.001180692	0.001071519	940.7912430857504
1.030376	0.001204401	0.0010964779999999997	940.8126756761195
1.054405	0.001228849	0.001122018	940.8350391883197
1.078994	0.001254065	0.001148154	940.8564225704914
1.104157	0.001280069	0.001174898	940.8791818523822
1.129906	0.001306894	0.001202264	940.9022427686433
1.16078	0.00132275	0.001235078	940.9144604632257
1.183219	0.001346557	0.001258925	940.9341755863138
1.210811	0.001376049	0.0012882500000000001	940.9563741509802
1.239047	0.001406466	0.0013182569999999998	940.9799955547363
1.267942	0.00143784	0.001348963	941.00419359167
1.29751	0.001470201	0.0013803839999999997	941.0281494134966
1.327767	0.001503579	0.0014125380000000003	941.0511993305665
1.35873	0.001538007	0.0014454399999999999	941.0753867334513
1.390415	0.001573518	0.001479108	941.0999859374704
1.422839	0.001610144	0.001513561	941.1243709371475
1.456019	0.001647922	0.001548817	941.148581142898
1.489973	0.001686887	0.0015848930000000002	941.1738754603623
1.524719	0.001727076	0.00162181	941.1990775738219
1.560275	0.001768526	0.0016595869999999997	941.2242479604867
1.59666	0.001811274	0.001698244	941.2494753404104
1.633894	0.001855364	0.0017378009999999998	941.2754187619872
1.671996	0.001900836	0.001778279	941.3015820352149
1.710986	0.00194773	0.0018197009999999997	941.3270257036733
1.750886	0.001996089	0.0018620869999999997	941.3534861690135
1.791717	0.002045964	0.001905461	941.3800460885843
1.833499	0.002097391	0.001949845	941.4063122966185
1.876257	0.002150423	0.0019952620000000003	941.4339685715461
1.920011	0.002205108	0.002041738	941.4607104339539
1.964786	0.002261495	0.0020892960000000005	941.4881831009104
2.010605	0.002319635	0.002137962	941.5156279671949
2.057492	0.002379577	0.002187762	941.5428081299519
2.105474	0.002441381	0.002238721	941.5712726150334
2.154574	0.002505096	0.002290868	941.599034077913
2.20482	0.00257078	0.002344229	941.6276225573524
2.256237	0.002638495	0.002398833	941.6560031481974
2.301204	0.002668723	0.002446585	941.6687844485273
2.362697	0.002750976	0.002511886	941.7019625890665
2.417796	0.002825259	0.0025703959999999995	941.730869095657
2.474181	0.002901822	0.0026302680000000003	941.7606198303748
2.53188	0.002980741	0.002691535	941.7899975292909
2.590926	0.003062081	0.0027542289999999995	941.8200451015512
2.651348	0.003145909	0.002818383	941.8499575820605
2.71318	0.003232301	0.0028840319999999995	941.8800835080888
2.776455	0.003321329	0.0029512089999999998	941.9110367988169
2.841205	0.003413069	0.0030199520000000002	941.9414841692849
2.907466	0.003507598	0.003090295	941.9727236396526
2.975272	0.003604995	0.0031622780000000006	942.0035161361524
3.04466	0.003705343	0.003235937	942.0348242255643
3.115667	0.003808728	0.0033113109999999995	942.066670270476
3.18833	0.003915228	0.003388442	942.0982351180867
3.262688	0.004024937	0.003467369	942.1301675708585
3.338781	0.004137945	0.0035481339999999997	942.1625409299648
3.416649	0.004254343	0.003630781	942.1949004911064
3.496333	0.004374226	0.003715352	942.2276075052915
3.577877	0.004497692	0.003801894	942.260539615255
3.661322	0.004624845	0.003890451	942.2935400034597
3.7467149999999996	0.004755782	0.0039810719999999996	942.3267858506451
3.834099	0.004890608	0.004073803	942.3601504540107
3.923522	0.005029431	0.004168694	942.3938123066841
4.015032	0.005172367	0.004265795	942.4279335973715
4.108676	0.005319531	0.004365158	942.461998168222
4.204505	0.005471035	0.004466836	942.4962176807029
4.302569	0.005626999	0.004570882	942.5305660920585
4.402922	0.005787548	0.004677350999999999	942.5654709257442
4.505616	0.005952815	0.004786301000000001	942.6003118065495
4.610706	0.006122923	0.004897788	942.6355168904821
4.718247	0.00629801	0.005011872	942.6707246314352
4.828298	0.006478212	0.005128614	942.706199374724
4.940916	0.006663677	0.005248075	942.7418009460611
5.056163	0.006854551	0.005370318	942.7779790693959
5.174097	0.007050987	0.005495408999999999	942.8138992020431
5.294784	0.007253135	0.005623413	942.850389078661
5.418287	0.007461169	0.005754399	942.8870276461538
5.544671	0.007675242	0.005888437	942.9236046849105
5.674004	0.007895537	0.006025596	942.9605863054874
5.806355	0.008122233	0.006165950000000001	942.9977915811837
5.941794	0.008355513	0.006309573000000001	943.0352122084964
6.080393	0.008595563	0.006456542	943.0727102836162
6.222227	0.008842591	0.006606933999999999	943.1106154534009
6.36737	0.009096805	0.00676083	943.1485194865129
6.5159	0.009358412	0.00691831	943.1867626631359
6.667895	0.00962764	0.007079458	943.2251226011933
6.823438	0.009904727	0.007244359999999999	943.2638255139171
6.98261	0.01018992	0.007413102000000001	943.3028063015995
7.145496	0.01048345	0.007585776	943.3417820404926
7.312184	0.01078561	0.007762471	943.3812519235177
7.482761	0.01109666	0.007943282	943.4208252961433
7.657319	0.01141689	0.008128305000000002	943.4606464693437
7.83595	0.01174662	0.008317638	943.5006212100118
8.01875	0.01208616	0.00851138	943.5410192001768
8.205816	0.01243585	0.008709636	943.5815515137486
8.397247	0.01279603	0.008912509	943.6223884879106
8.593146	0.01316708	0.009120108	943.663504862004
8.793617	0.0135494	0.009332543	943.7048830099149
8.998766	0.01394338	0.009549926	943.746514894461
9.208703	0.01434949	0.009772372	943.788518283995
9.42354	0.01476816	0.01	943.8308159999998
9.643391	0.01519989	0.01023293	943.8734448491292
9.868373	0.0156452	0.01047129	943.9160027083578
10.09861	0.01610465	0.01071519	943.9603637453001
10.33421	0.01657878	0.010964780000000002	944.0033251921151
10.57532	0.01706825	0.01122018	944.0479787311789
10.82205	0.01757369	0.01148154	944.0914450500544
11.07455	0.01809581	0.01174898	944.1369216732007
11.33293	0.01863534	0.01202264	944.1824208326956
11.59735	0.01919308	0.012302689999999998	944.2278948750234
11.86794	0.01976985	0.012589249999999998	944.2746668784877
12.14485	0.02036656	0.0128825	944.3210991655346
12.42822	0.02098417	0.013182570000000001	944.3685237400598
12.7182	0.02162368	0.01348963	944.4160944369859
13.01496	0.02228617	0.01380384	944.4651756322878
13.31864	0.02297282	0.01412538	944.5135507858904
13.62941	0.02368485	0.014454399999999997	944.5632367998672
13.94744	0.02442358	0.01479108	944.6141579925198
14.2729	0.02519041	0.01513561	944.6656203483044
14.60595	0.02598686	0.01548817	944.7169588143724
14.94678	0.02681453	0.01584893	944.7700589251135
15.29557	0.02767513	0.0162181	944.8236926643689
15.6525	0.02857048	0.01659587	944.8778810631803
16.01777	0.02950255	0.01698244	944.9332693064129
16.39157	0.03047343	0.01737801	944.9898711072213
16.7741	0.03148534	0.01778279	945.0477309803467
17.16556	0.03254067	0.01819701	945.1058536539794
19.2685	0.03356891	0.02042203	945.159169289243
19.71362	0.03472316	0.020892959999999995	945.2151901884654
20.17363	0.03594039	0.021379619999999995	945.272665744293
20.64438	0.03721237	0.02187762	945.3309989843502
21.12614	0.03854236	0.02238721	945.3916928460491
21.61914	0.03993383	0.02290868	945.4527205408605
22.12366	0.04139046	0.023442290000000005	945.5155814555659
22.63997	0.04291622	0.02398833	945.5800474647465
23.16834	0.0445153	0.02454709	945.6459115927795
23.70906	0.04619217	0.02511886	945.7137851797415
24.26241	0.04795161	0.025703960000000005	945.7827358119137
24.82869	0.04979869	0.02630268	945.8537567274515
25.40821	0.05173879	0.026915349999999998	945.9267217405682
26.00127	0.05377769	0.027542289999999997	946.0015013275948
26.60819	0.05592147	0.02818383	946.0783530840203
27.22931	0.05817664	0.02884032	946.1575544238067
27.86494	0.06055009	0.02951209	946.2389851074594
28.51544	0.06304915	0.030199519999999997	946.3226286378062
29.18115	0.06568159	0.030902949999999995	946.4090512394448
29.86242	0.0684557	0.03162278	946.4972940392969
30.55964	0.07138017	0.03235936999999999	946.5888912546816
31.27316	0.07446432	0.03311311	946.6831813743862
32.00338	0.07771794	0.03388442	946.7801998676679
32.75068	0.08115149	0.03467369	946.8802279192092
33.51548	0.08477594	0.03548134	946.9838495389406
34.29817	0.08860299	0.03630781	947.090253859982
35.09919	0.09264497	0.03715352	947.2005605390822
35.91896	0.09691487	0.03801894	947.3140195386825
36.75793	0.1014265	0.03890451	947.4314546051345
37.61655	0.1061944	0.039810719999999994	947.5524280897205
38.49528	0.1112339	0.04073803000000001	947.6774871048011
39.3946	0.1165612	0.041686940000000006	947.8067039701162
40.315	0.1221934	0.04265795	947.9403815701411
41.25697	0.1281485	0.04365158	948.0783627992389
42.22103	0.1344456	0.04466836	948.2209689364015
43.20769	0.1411047	0.04570882	948.3682733441817
44.2175	0.1481469	0.046773510000000004	948.5207952107935
45.25099	0.1555945	0.04786301	948.6779978944074
46.30874	0.163471	0.04897788	948.8408032360732
47.39131	0.1718011	0.05011871999999999	949.0088952790495
48.4993	0.1806108	0.05128614	949.1825822727153
49.6333	0.1899278	0.05248075000000001	949.3619622432986
50.79395	0.199781	0.05370318000000001	949.5476990375616
51.98187	0.2102012	0.054954090000000004	949.7395225723873
53.1977	0.2212206	0.05623413	949.9377086477554
54.44212	0.2328734	0.05754399	950.1425500734308
55.71581	0.245196	0.05888436999999999	950.3541601956513
57.01946	0.2582266	0.06025595999999999	950.5729657282036
58.35378	0.272006	0.061659500000000006	950.7989198744718
59.71952	0.2865773	0.06309573	951.0326182136255
61.11742	0.3019865	0.06456542	951.2740178875937
62.54825	0.3182824	0.06606934	951.5235417820127
64.0128	0.3355173	0.0676083	951.7813241865275
65.51187	0.3537469	0.06918309999999998	952.0477819004932
67.0463	0.3730309	0.07079458000000001	952.3233402896099
68.61693	0.3934335	0.0724436	952.6081461992502
70.22464	0.4150234	0.07413102	952.9028927431457
71.87031	0.4378751	0.07585776	953.2074912309565
73.55486	0.4620685	0.07762471	953.5227700045515
75.27923	0.4876904	0.07943282000000002	953.8490563472378
77.04438	0.5148349	0.08128304999999998	954.1868187771006
78.8513	0.543604	0.08317638	954.5366605279047
80.701	0.574109	0.08511379999999999	954.8993112750222
82.59451	0.606471	0.08709636	955.2750654562373
84.5329	0.6408227	0.08912508999999999	955.6649277997924
86.51727	0.6773087	0.09120108	956.069584921582
88.54874	0.7160882	0.09332543	956.4898677670169
90.62846	0.7573353	0.09549926	956.9267374427823
92.75761	0.8012418	0.09772372	957.3811946577556
94.93741	0.8480183	0.09999999999999999	957.854283
97.16912	0.8978966	0.1023293	958.3473804667872
99.454	0.9511327	0.1047129	958.8611594177986
101.7934	1.008008	0.1071519	959.3988347383482
104.1886	1.068834	0.1096478	959.9593790299485
106.6411	1.133952	0.1122018	960.5465509465979
109.1524	1.203741	0.1148154	961.1614905317579
111.7237	1.277711	0.11748980000000002	961.7976283898686
114.3568	1.356167	0.1202264	962.4588859019318
117.053	1.440037	0.1230269	963.1473848402261
119.8141	1.529994	0.1258925	963.8707150942273
122.6417	1.62671	0.128825	964.6296138171939
125.5375	1.730898	0.1318257	965.429335857879
128.5032	1.843323	0.1348963	966.2720400781933
131.5408	1.964819	0.1380384	967.1628981500799
134.652	2.096295	0.1412538	968.1034775701607
137.8389	2.238744	0.144544	969.1003708213415
141.1035	2.39325	0.1479108	970.157351592987
144.4479	2.560999	0.1513561	971.2783231068984
147.8743	2.743288	0.1548817	972.468587315351
151.3849	2.941531	0.1584893	973.7340691138139
154.9821	3.157272	0.162181	975.079522262164
158.6683	3.392194	0.16595869999999996	976.5109873721594
162.4461	3.648128	0.1698244	978.0351233391668
166.3181	3.927065	0.1737801	979.6585742556254
170.2871	4.231165	0.17782789999999998	981.3885503905743
174.356	4.562775	0.1819701	983.231723233652
178.5276	4.924429	0.18620869999999998	985.1957991221678
182.8053	5.318875	0.19054610000000002	987.2895587996815
187.1922	5.74907	0.19498450000000003	989.5210644948701
191.6917	6.218209	0.19952619999999996	991.8993545709787
196.3075	6.729724	0.2041738	994.4332916368311
201.0432	7.287304	0.20892960000000002	997.1325460825083
205.9028	7.894903	0.2137962	1000.007030059468
210.8904	8.556756	0.2187762	1003.0668601063553
216.0102	9.277386	0.22387210000000002	1006.3227441025479
221.2668	10.06162	0.2290868	1009.7850247155226
226.6649	10.91459	0.2344229	1013.4653653717278
232.2094	11.84176	0.23988330000000002	1017.3745316993721
237.9056	12.84892	0.24547090000000002	1021.5244250947871
243.759	13.94221	0.2511886	1025.9271718541368
249.7752	15.1281	0.25703960000000003	1030.5933404813889
255.9603	16.41344	0.2630268	1035.5360746509482
262.3206	17.80544	0.2691535	1040.766848656993
268.8628	19.31167	0.27542289999999997	1046.2981473218094
275.5939	20.94009	0.2818383	1052.1422744885988
282.5212	22.69904	0.2884032	1058.310864789295
289.6525	24.59725	0.29512089999999996	1064.8169953398758
296.9957	26.64383	0.3019952	1071.6711060308241
304.5595	28.84832	0.30902949999999996	1078.8867082268846
312.3528	31.22063	0.31622780000000006	1086.4744655593215
320.3849	33.7711	0.3235937	1094.4465235262614
328.6656	36.51048	0.3311311	1102.8142025922662
337.2042	39.23176	0.3388442	1110.9411345981428
346.0014	41.71985	0.3467369	1118.2001396447854
355.0618	44.24768	0.35481339999999995	1125.4069885748397
364.393	46.8655	0.3630781	1132.6998240874345
374.0039	49.59754	0.3715352	1140.1381080446752
383.9035	52.38609	0.3801894	1147.5585326681912
394.0975	55.11349	0.3890451	1154.6501678083082
404.5934	57.9141	0.39810719999999994	1161.766227789902
415.4	60.81419	0.40738030000000003	1168.9671542782014
426.5276	63.87291	0.41686940000000006	1176.38884024589
437.9876	67.10739	0.4265795	1184.0582822193753
449.7922	70.53074	0.43651579999999995	1191.9910802770485
461.9537	74.15509	0.4466836	1200.1980596556489
474.4854	77.99235	0.45708819999999994	1208.6895920743525
487.4009	82.05461	0.4677351	1217.47439950519
500.7146	86.35422	0.47863009999999995	1226.5605944966687
514.4415	90.90394	0.48977880000000007	1235.956803356944
528.5971	95.71696	0.5011872	1245.6704002017607
543.1978	100.807	0.5128614	1255.7092423021113
558.2604	106.1883	0.5248075	1266.0808010556252
573.8028	111.8758	0.5370318	1276.7932923152784
589.8434	117.8848	0.5495409000000001	1287.8535519376264
606.4014	124.2315	0.5623413	1299.2695005684268
623.4971	130.9326	0.5754399	1311.0486429599339
641.1514	138.0058	0.5888437	1323.1986688487964
659.3861	145.4693	0.6025596	1335.7274533506727
678.2241	153.3421	0.616595	1348.6424638539072
697.6892	161.6443	0.6309573	1361.9519102164281
717.8063	170.3965	0.6456542000000001	1375.6633194672938
738.6013	179.6204	0.6606934	1389.784883578374
760.1012	189.3388	0.6760829999999999	1404.3246169479191
782.3342	199.5753	0.6918310000000001	1419.2909829134571
805.3298	210.3546	0.7079458	1434.6923168412045
829.1187	221.7025	0.724436	1450.536969449337
853.7328	233.646	0.7413102	1466.8337222393538
879.2057	246.2132	0.7585776	1483.5909997869696
905.5722	259.4336	0.7762471	1500.818231720286
932.8686	273.3379	0.7943282	1518.524081104007
961.1329	287.9582	0.8128305	1536.7178027891423
990.4048	303.3282	0.8317637999999999	1555.4091197525065
1020.726	319.4828	0.8511379999999998	1574.6081129029606
1052.138	336.4588	0.8709636	1594.3224263333161
1084.688	354.2945	0.8912509	1614.56498949959
1118.422	373.03	0.9120108000000001	1635.3446691640054
1153.389	392.7072	0.9332543	1656.6719274692869
1189.64	413.37	0.9549926000000001	1678.557509241433
1227.228	435.0644	0.9772372	1701.01220051795
1263.4848284338798	456.24658377204116	0.9984086877193248	1722.4382538101836
1572.9815060305007	456.24709645414055	1.1788433717873297	1722.4392035348233
1575.7073495193495	457.3762077680626	1.1796957814880833	1723.39648
1578.557086773037	458.55672996088356	1.1813488605207083	1724.39648
1581.4111311525635	459.7389060019942	1.1830034782234848	1725.39648
1584.2694873477935	460.9227374305319	1.1846596355307244	1726.39648
1587.1321600513982	462.1082257865685	1.1863173333767396	1727.39648
1589.9991539588484	463.2953726111099	1.1879765726958424	1728.39648
1592.8704737684195	464.484179446096	1.1896373544223446	1729.39648
1595.7461241811898	465.67464783440175	1.1912996794905588	1730.39648
1598.6261099010394	466.86677931983587	1.192963548834797	1731.39648
1601.5104356346546	468.0605754471414	1.1946289633893712	1732.39648
1604.3991060915184	469.25603776199625	1.1962959240885933	1733.39648
1607.292125983924	470.45316781101167	1.1979644318667757	1734.39648
1610.1895000269624	471.6519671417343	1.1996344876582306	1735.39648
1613.09123293853	472.852437302644	1.2013060923972696	1736.39648
1615.9973294393249	474.054579843156	1.2029792470182055	1737.39648
1618.907794252848	475.2583963136192	1.2046539524553497	1738.39648
1621.8226321054053	476.46388826531694	1.206330209643015	1739.39648
1624.7418477261037	477.6710572504668	1.2080080195155132	1740.39648
1627.6654458468531	478.8799048222211	1.2096873830071564	1741.39648
1630.593431202367	480.09043253466547	1.2113683010522567	1742.39648
1633.5258085301607	481.3026419428214	1.213050774585126	1743.39648
1636.4625825705548	482.51653460264316	1.2147348045400768	1744.39648
1639.4037580666704	483.7321120710203	1.216420391851421	1745.39648
1642.349339764433	484.94937590577626	1.2181075374534707	1746.39648
1645.2993324125705	486.1683276656689	1.2197962422805382	1747.39648
1648.2537407626137	487.3889689103904	1.2214865072669352	1748.39648
1651.212569568896	488.61130120056737	1.2231783333469743	1749.39648
1654.1758235885545	489.83532609776034	1.2248717214549671	1750.39648
1657.1435075815302	491.0610451644648	1.2265666725252267	1751.39648
1660.1156263105634	492.2884599641096	1.228263187492064	1752.39648
1663.0921845412004	493.5175720610592	1.2299612672897915	1753.39648
1666.0731870417908	494.74838302061096	1.2316609128527216	1754.39648
1669.058638583485	495.9808944089978	1.2333621251151663	1755.39648
1672.0485439402378	497.2151077933859	1.2350649050114377	1756.39648
1675.042907888806	498.4510247418766	1.2367692534758477	1757.39648
1678.0417352087502	499.6886468235053	1.2384751714427087	1758.39648
1681.0450306824341	500.92797560824096	1.2401826598463326	1759.39648
1684.0527990950227	502.16901266698824	1.2418917196210315	1760.39648
1687.065045234486	503.411759571585	1.2436023517011177	1761.39648
1690.0817738915957	504.6562178948036	1.2453145570209034	1762.39648
1693.1029898599263	505.90238921035126	1.2470283365147001	1763.39648
1696.1286979358565	507.15027509286926	1.2487436911168206	1764.39648
1699.1589029185666	508.39987711793265	1.2504606217615768	1765.39648
1702.1936096100405	509.6511968620514	1.252179129383281	1766.39648
1705.2328228150645	510.9042359026695	1.2538992149162445	1767.39648
1708.2765473412283	512.1589958181657	1.25562087929478	1768.39648
1711.3247879989253	513.4154781878524	1.2573441234532	1769.39648
1714.3775496013493	514.6736845919769	1.2590689483258157	1770.39648
1717.4348369645008	515.93361661172	1.2607953548469402	1771.39648
1720.4966549071796	517.1952758291982	1.262523343950885	1772.39648
1723.5630082509906	518.4586638274609	1.264252916571962	1773.39648
1726.6339018203403	519.7237821904928	1.2659840736444838	1774.39648
1729.70934044244	520.9906325032118	1.2677168161027623	1775.39648
1732.789328947302	522.2592163514715	1.2694511448811099	1776.39648
1735.8738721677432	523.5295353220588	1.2711870609138383	1777.39648
1738.9629749393814	524.8015910026954	1.2729245651352599	1778.39648
1742.05664210064	526.075384982037	1.2746636584796867	1779.39648
1745.154878492742	527.3509188496739	1.2764043418814306	1780.39648
1748.2576889597156	528.6281941961304	1.2781466162748036	1781.39648
1751.3650783483934	529.9072126128656	1.2798904825941189	1782.39648
1754.4770515084072	531.187975692272	1.2816359417736873	1783.39648
1757.5936132921936	532.4704850276778	1.2833829947478215	1784.39648
1760.7147685549926	533.7547422133442	1.2851316424508337	1785.39648
1763.8405221548478	535.0407488444672	1.2868818858170359	1786.39648
1766.9708789526023	536.3285065171774	1.2886337257807399	1787.39648
1770.1058438119062	537.6180168285392	1.290387163276258	1788.39648
1773.2454215992102	538.9092813765519	1.2921421992379027	1789.39648
1776.3896171837685	540.2023017601485	1.2938988345999858	1790.39648
1779.5384354376379	541.4970795791969	1.2956570702968193	1791.39648
1782.691881235679	542.7936164344985	1.2974169072627153	1792.39648
1785.8499594555547	544.09191392779	1.2991783464319862	1793.39648
1789.0126749777307	545.3919736617416	1.3009413887389436	1794.39648
1792.180032685476	546.6937972399587	1.3027060351179003	1795.39648
1795.3520374648626	547.9973862669796	1.304472286503168	1796.39648
1798.5286942047655	549.3027423482785	1.3062401438290587	1797.39648
1801.7100077968626	550.6098670902626	1.308009608029885	1798.39648
1804.895983135633	551.9187621002745	1.3097806800399585	1799.39648
1808.0866251183616	553.2294289865904	1.3115533607935914	1800.39648
1811.2819386451347	554.5418693584211	1.313327651225096	1801.39648
1814.4819286188415	555.8560848259114	1.3151035522687844	1802.39648
1817.6865999451752	557.1720770001407	1.3168810648589686	1803.39648
1820.8959575326298	558.489847493123	1.3186601899299606	1804.39648
1824.1100062925043	559.8093979178058	1.3204409284160727	1805.39648
1827.3287511388994	561.1307298880715	1.3222232812516168	1806.39648
1830.5521969887204	562.453845018737	1.3240072493709056	1807.39648
1833.780348761673	563.7787449255527	1.3257928337082505	1808.39648
1837.0132113802683	565.1054312252041	1.327580035197964	1809.39648
1840.2507897698183	566.4339055353108	1.329368854774358	1810.39648
1843.493088858439	567.7641694744266	1.3311592933717447	1811.39648
1846.7401135770501	569.0962246620395	1.3329513519244363	1812.39648
1849.9918688593723	570.4300727185719	1.3347450313667446	1813.39648
1853.2483596419322	571.765715265381	1.3365403326329826	1814.39648
1856.5095908640542	573.1031539247573	1.3383372566574612	1815.39648
1859.775567467871	574.4423903199267	1.3401358043744929	1816.39648
1863.0462943983157	575.7834260750486	1.3419359767183903	1817.39648
1866.3217766031255	577.1262628152172	1.3437377746234653	1818.39648
1869.6020190328377	578.4709021664606	1.3455411990240294	1819.39648
1872.8870266407966	579.8173457557419	1.3473462508543954	1820.39648
1876.1768043831473	581.1655952109577	1.3491529310488755	1821.39648
1879.4713572188361	582.5156521609391	1.3509612405417812	1822.39648
1882.7706901096167	583.8675182354518	1.3527711802674252	1823.39648
1886.074808020041	585.2211950651964	1.3545827511601192	1824.39648
1889.3837159174673	586.5766842818059	1.3563959541541752	1825.39648
1892.6974187720539	587.93398751785	1.3582107901839058	1826.39648
1896.0159215567664	589.2931064068305	1.360027260183623	1827.39648
1899.3392292473682	590.6540425831854	1.3618453650876385	1828.39648
1902.667346822429	592.0167976822853	1.363665105830265	1829.39648
1906.0002792633204	593.3813733404368	1.3654864833458142	1830.39648
1909.3380315542165	594.7477711948793	1.367309498568598	1831.39648
1912.6806086820952	596.1159928837878	1.3691341524329292	1832.39648
1916.0280156367376	597.4860400462705	1.3709604458731195	1833.39648
1919.3802574107262	598.8579143223707	1.372788379823481	1834.39648
1922.7373389994477	600.2316173530655	1.3746179552183257	1835.39648
1926.099265401091	601.607150780267	1.3764491729919661	1836.39648
1929.4660416166485	602.9845162468205	1.3782820340787139	1837.39648
1932.8376726499152	604.3637153965069	1.3801165394128814	1838.39648
1936.2141635074909	605.7447498740403	1.3819526899287808	1839.39648
1939.5955191987741	607.1276213250699	1.383790486560724	1840.39648
1942.98174473597	608.5123313961786	1.3856299302430233	1841.39648
1946.3728451340853	609.8988817348841	1.3874710219099904	1842.39648
1949.7688254109303	611.2872739896383	1.3893137624959382	1843.39648
1953.1696905871174	612.6775098098269	1.3911581529351782	1844.39648
1956.575445686062	614.0695908457711	1.3930041941620226	1845.39648
1959.9860957339838	615.4635187487249	1.3948518871107836	1846.39648
1963.4016457599018	616.8592951708781	1.396701232715773	1847.39648
1966.8221007956436	618.2569217653535	1.3985522319113035	1848.39648
1970.2474658758356	619.6564001862089	1.4004048856316869	1849.39648
1973.6777460379076	621.0577320884364	1.402259194811235	1850.39648
1977.112946322093	622.4609191279626	1.4041151603842605	1851.39648
1980.5530717714287	623.8659629616476	1.4059727832850752	1852.39648
1983.9981274317533	625.2728652472867	1.4078320644479914	1853.39648
1987.4481183517096	626.6816276436091	1.4096930048073206	1854.39648
1990.9030495827421	628.0922518102784	1.4115556052973757	1855.39648
1994.3629261790984	629.5047394078921	1.4134198668524682	1856.39648
1997.8277531978315	630.919092097983	1.415285790406911	1857.39648
2001.2975356987927	632.3353115430173	1.4171533768950153	1858.39648
2004.7722787446405	633.7533994063956	1.4190226272510937	1859.39648
2008.2519874008326	635.1733573524534	1.4208935424094578	1860.39648
2011.7366667356343	636.5951870464603	1.4227661233044206	1861.39648
2015.2263218201101	638.0188901546193	1.4246403708702937	1862.39648
2018.7209577281283	639.4444683440693	1.426516286041389	1863.39648
2022.2205795363616	640.8719232828818	1.428393869752019	1864.39648
2025.7251923242825	642.3012566400644	1.4302731229364958	1865.39648
2029.2348011741697	643.7324700855578	1.4321540465291314	1866.39648
2032.7494111711017	645.1655652902369	1.4340366414642371	1867.39648
2036.2690274029649	646.6005439259119	1.4359209086761267	1868.39648
2039.7936549604428	648.0374076653261	1.4378068490991107	1869.39648
2043.3232989370267	649.4761581821585	1.4396944636675029	1870.39648
2046.8579644290066	650.916797151021	1.4415837533156135	1871.39648
2050.3976565354787	652.3593262474611	1.443474718977756	1872.39648
2053.94238035834	653.8037471479593	1.4453673615882416	1873.39648
2057.4921410022916	655.2500615299318	1.447261682081383	1874.39648
2061.046943574839	656.6982710717277	1.4491576813914924	1875.39648
2064.6067931862863	658.1483774526318	1.4510553604528815	1876.39648
2068.1716949497445	659.600382352862	1.4529547201998625	1877.39648
2071.7416539811275	661.0542874535715	1.454855761566748	1878.39648
2075.316675399148	662.510094436847	1.4567584854878493	1879.39648
2078.8967643253263	663.96780498571	1.458662892897479	1880.39648
2082.4819258839843	665.4274207841162	1.460568984729949	1881.39648
2086.0721652022444	666.8889435169558	1.4624767619195718	1882.39648
2089.667487410036	668.3523748700525	1.464386225400659	1883.39648
2093.2678976400866	669.8177165301656	1.4662973761075229	1884.39648
2096.873401027933	671.2849701849875	1.468210214974476	1885.39648
2100.4840027119085	672.754137523146	1.47012474293583	1886.39648
2104.0997078331534	674.2252202342022	1.4720409609258969	1887.39648
2107.720521535609	675.6982200086521	1.473958869878989	1888.39648
2111.34644896602	677.173138537926	1.4758784707294184	1889.39648
2114.977495273936	678.6499775143882	1.4777997644114973	1890.39648
2118.6136656117064	680.1287386313375	1.479722751859538	1891.39648
2122.2549651344843	681.6094235830074	1.4816474340078518	1892.39648
2125.9013990002272	683.0920340645649	1.4835738117907518	1893.39648
2129.5529723696945	684.5765717721118	1.4855018861425493	1894.39648
2133.2096904064488	686.0630384026844	1.4874316579975568	1895.39648
2136.871558276856	687.5514356542526	1.4893631282900865	1896.39648
2140.5385811500837	689.0417652257217	1.4912962979544504	1897.39648
2144.2107641981033	690.5340288169303	1.4932311679249604	1898.39648
2147.88811259569	692.028228128652	1.495167739135929	1899.39648
2151.5706315204197	693.5243648625938	1.4971060125216678	1900.39648
2155.2583261526743	695.0224407213982	1.4990459890164898	1901.39648
2158.9512016756353	696.5224574086412	1.5009876695547062	1902.39648
2162.649263275289	698.0244166288337	1.5029310550706296	1903.39648
2166.3525161404245	699.5283200874198	1.5048761464985716	1904.39648
2170.060965462634	701.0341694907795	1.506822944772845	1905.39648
2173.7746164363116	702.5419665462256	1.5087714508277612	1906.39648
2177.4934742586556	704.0517129620067	1.5107216655976332	1907.39648
2181.217544129667	705.563410447304	1.5126735900167723	1908.39648
2184.946831252149	707.0770607122347	1.5146272250194908	1909.39648
2188.681340831709	708.5926654678489	1.5165825715401011	1910.39648
2192.4210780767544	710.1102264261322	1.518539630512915	1911.39648
2196.1660481984986	711.6297453000037	1.5204984028722446	1912.39648
2199.916256410959	713.1512238033172	1.5224588895524025	1913.39648
2203.6717079309515	714.6746636508601	1.5244210914877003	1914.39648
2207.432407978098	716.2000665583556	1.5263850096124503	1915.39648
2211.1983617748233	717.7274342424596	1.5283506448609645	1916.39648
2214.969574546353	719.2567684207636	1.5303179981675552	1917.39648
2218.746051520719	720.7880708117923	1.5322870704665341	1918.39648
2222.527797928754	722.3213431350055	1.534257862692214	1919.39648
2226.3148190040915	723.8565871107972	1.5362303757789064	1920.39648
2230.107119983175	725.393804460495	1.538204610660924	1921.39648
2233.904706105242	726.9329969063622	1.5401805682725782	1922.39648
2237.707582612339	728.4741661715949	1.5421582495481814	1923.39648
2241.515754749313	730.0173139803246	1.5441376554220456	1924.39648
2245.329227763816	731.5624420576165	1.5461187868284834	1925.39648
2249.1480069063005	733.1095521294706	1.5481016447018066	1926.39648
2252.9720974300235	734.6586459228204	1.5500862299763272	1927.39648
2256.801504591043	736.209725165535	1.5520725435863572	1928.39648
2260.6362336482225	737.7627915864165	1.5540605864662087	1929.39648
2264.4762898632284	739.3178469152022	1.5560503595501949	1930.39648
2268.3216785005266	740.874892882563	1.558041863772626	1931.39648
2272.1724048273904	742.433931220105	1.5600351000678159	1932.39648
2276.0284741138926	743.9949636603677	1.5620300693700757	1933.39648
2279.889891632911	745.5579919368256	1.5640267726137176	1934.39648
2283.756662660124	747.123017783887	1.5660252107330541	1935.39648
2287.6287924740172	748.690042936895	1.568025384662397	1936.39648
2291.5062863558733	750.2590691321266	1.5700272953360583	1937.39648
2295.389149589784	751.8300981067935	1.5720309436883508	1938.39648
2299.2773874626396	753.403131599041	1.5740363306535858	1939.39648
2303.1710052641342	754.9781713479497	1.5760434571660755	1940.39648
2307.0700082867666	756.5552190935335	1.5780523241601325	1941.39648
2310.974401825837	758.1342765767417	1.5800629325700686	1942.39648
2314.884191179449	759.7153455394571	1.5820752833301959	1943.39648
2318.7993816485077	761.2984277244971	1.5840893773748266	1944.39648
2322.719978536724	762.883524875613	1.5861052156382727	1945.39648
2326.64598715061	764.4706387374913	1.5881227990548468	1946.39648
2330.5774127994796	766.059771055752	1.5901421285588602	1947.39648
2334.5142607954526	767.6509235769496	1.5921632050846253	1948.39648
2338.456536453449	769.2440980485733	1.5941860295664543	1949.39648
2342.404245091193	770.839296219046	1.5962106029386594	1950.39648
2346.3573920292133	772.4365198377254	1.5982369261355531	1951.39648
2350.315982590837	774.0357706549034	1.6002650000914467	1952.39648
2354.280022102198	775.6370504218062	1.6022948257406524	1953.39648
2358.249515892232	777.2403608905938	1.6043264040174825	1954.39648
2362.224469292679	778.8457038143619	1.6063597358562496	1955.39648
2366.204887638079	780.4530809471385	1.6083948221912654	1956.39648
2370.1907762657775	782.0624940438879	1.610431663956842	1957.39648
2374.182140515921	783.673944860507	1.612470262087291	1958.39648
2378.1789857314607	785.2874351538288	1.614510617516925	1959.39648
2382.1813172581506	786.9029666816189	1.6165527311800565	1960.39648
2386.189140444546	788.5205412025782	1.6185966040109971	1961.39648
2390.2024606420064	790.1401604763414	1.6206422369440592	1962.39648
2394.221283204695	791.7618262634784	1.622689630913555	1963.39648
2398.2456134895747	793.3855403254922	1.6247387868537957	1964.39648
2402.275456856415	795.0113044248212	1.6267897056990943	1965.39648
2406.3108186677878	796.6391203248368	1.628842388383763	1966.39648
2410.351704289065	798.2689897898465	1.6308968358421132	1967.39648
2414.398119088425	799.9009145850903	1.6329530490084574	1968.39648
2418.4500684368477	801.534896476744	1.6350110288171082	1969.39648
2422.5075577081143	803.1709372319169	1.6370707762023768	1970.39648
2426.570592278812	804.8090386186526	1.639132292098576	1971.39648
2430.639177528329	806.449202405929	1.6411955774400175	1972.39648
2434.7133188388566	808.0914303636591	1.6432606331610136	1973.39648
2438.7930215953893	809.7357242626891	1.6453274601958763	1974.39648
2442.8782911857243	811.3820858748003	1.6473960594789177	1975.39648
2446.9691330004634	813.0305169727079	1.6494664319444503	1976.39648
2451.0655524330077	814.6810193300613	1.6515385785267855	1977.39648
2455.167554879565	816.3335947214453	1.6536125001602358	1978.39648
2459.2751457391446	817.988244922377	1.6556881977791136	1979.39648
2463.388330413558	819.6449717093099	1.6577656723177308	1980.39648
2467.507114307419	821.3037768596305	1.659844924710399	1981.39648
2471.6315028281483	822.9646621516601	1.6619259558914312	1982.39648
2475.7615013859654	824.6276293646541	1.6640087667951389	1983.39648
2479.8971153938933	826.2926802788029	1.6660933583558342	1984.39648
2484.0383502677605	827.9598166752296	1.6681797315078295	1985.39648
2488.1852114261956	829.6290403359935	1.6702678871854368	1986.39648
2492.3377042906313	831.3003530440869	1.6723578263229681	1987.39648
2496.4958342853033	832.9737565834376	1.6744495498547356	1988.39648
2500.6596068372514	834.6492527389061	1.6765430587150516	1989.39648
2504.829027376315	836.3268432962886	1.678638353838228	1990.39648
2509.0041013351392	838.006530042315	1.6807354361585767	1991.39648
2513.1848341491727	839.6883147646496	1.6828343066104101	1992.39648
2517.371231256665	841.372199251891	1.6849349661280408	1993.39648
2521.5632980986675	843.0581852935724	1.6870374156457797	1994.39648
2525.761040119039	844.7462746801607	1.6891416560979398	1995.39648
2529.964462764437	846.4364692030579	1.691247688418833	1996.39648
2534.1735714843253	848.1287706545994	1.6933555135427716	1997.39648
2538.3883717309664	849.8231808280558	1.6954651324040673	1998.39648
2542.60886895943	851.5197015176313	1.6975765459370324	1999.39648
2546.835068627586	853.2183345184652	1.699689755075979	2000.39648
2551.066976196108	854.9190816266304	1.7018047607552194	2001.39648
2555.304597128474	856.6219446391337	1.7039215639090655	2002.39648
2559.547936890963	858.326925353918	1.7060401654718294	2003.39648
2563.797000952657	860.0340255698585	1.7081605663778232	2004.39648
2568.051794785442	861.7432470867662	1.7102827675613592	2005.39648
2572.312323864007	863.4545917053853	1.7124067699567496	2006.39648
2576.578593665842	865.1680612273951	1.714532574498306	2007.39648
2580.8506096712435	866.8836574554086	1.7166601821203409	2008.39648
2585.1283773633054	868.601382192974	1.718789593757166	2009.39648
2589.4119022279315	870.3212372445727	1.7209208103430942	2010.39648
2593.701189753823	872.0432244156212	1.7230538328124367	2011.39648
2597.996245432486	873.7673455124702	1.7251886620995065	2012.39648
2602.2970747582312	875.4936023424043	1.7273252991386152	2013.39648
2606.603683228167	877.2219967136427	1.7294637448640744	2014.39648
2610.916076342212	878.9525304353393	1.7316040002101976	2015.39648
2615.234259603082	880.6852053175816	1.7337460661112956	2016.39648
2619.5582385162984	882.4200231713918	1.735889943501681	2017.39648
2623.8880185901853	884.1569858087261	1.7380356333156661	2018.39648
2628.2236053358683	885.8960950424756	1.7401831364875628	2019.39648
2632.565004267278	887.6373526864652	1.7423324539516831	2020.39648
2636.9122209011457	889.3807605554547	1.7444835866423394	2021.39648
2641.265260757007	891.1263204651369	1.7466365354938433	2022.39648
2645.6241293572016	892.8740342321406	1.7487913014405077	2023.39648
2649.98883222687	894.6239036740276	1.7509478854166438	2024.39648
2654.3593748939556	896.3759306092952	1.7531062883565647	2025.39648
2658.735762889208	898.1301168573738	1.755266511194582	2026.39648
2663.118001746175	899.8864642386285	1.7574285548650077	2027.39648
2667.506097001211	901.6449745743594	1.759592420302154	2028.39648
2671.9000541934697	903.4056496867998	1.7617581084403326	2029.39648
2676.299878864912	905.1684913991186	1.7639256202138562	2030.39648
2680.705576560301	906.9335015354175	1.766094956557037	2031.39648
2685.1171528271984	908.7006819207338	1.7682661184041868	2032.39648
2689.534613215975	910.4700343810385	1.7704391066896177	2033.39648
2693.9579632797986	912.2415607432373	1.7726139223476418	2034.39648
2698.3872085746457	914.0152628351693	1.7747905663125716	2035.39648
2702.82235465929	915.7911424856094	1.7769690395187183	2036.39648
2707.2634070953127	917.5692015242653	1.779149342900395	2037.39648
2711.710371447097	919.3494417817801	1.7813314773919138	2038.39648
2716.1632532818253	921.1318650897306	1.7835154439275858	2039.39648
2720.622058169489	922.9164732806282	1.785701243441724	2040.39648
2725.0867916828774	924.7032681879182	1.78788887686864	2041.39648
2729.557459397585	926.4922516459812	1.7900783451426463	2042.39648
2734.03406689201	928.2834254901306	1.792269649198055	2043.39648
2738.516619747352	930.0767915566157	1.7944627899691783	2044.39648
2743.0051235476126	931.872351682619	1.7966577683903275	2045.39648
2747.499583879599	933.6701077062579	1.7988545853958158	2046.39648
2752.0000063329194	935.4700614665836	1.8010532419199543	2047.39648
2756.506396499987	937.2722148035826	1.8032537388970562	2048.3964800000003
2761.0187599760156	939.0765695581741	1.8054560772614332	2049.3964800000003
2765.5371023590224	940.8831275722123	1.8076602579473966	2050.3964800000003
2770.061429249827	942.6918906884873	1.8098662818892592	2051.3964800000003
2774.5917462520556	944.5028607507211	1.8120741500213333	2052.3964800000003
2779.1280589721337	946.3160396035715	1.8142838632779308	2053.3964800000003
2783.6703730192885	948.1314290926302	1.8164954225933636	2054.3964800000003
2788.2186940055562	949.9490310644226	1.818708828901944	2055.3964800000003
2792.773027545768	951.7688473664097	1.8209240831379838	2056.3964800000003
2797.333379257565	953.5908798469859	1.8231411862357956	2057.3964800000003
2801.899754761388	955.4151303554801	1.8253601391296916	2058.3964800000003
2806.47215968048	957.2416007421551	1.827580942753983	2059.3964800000003
2811.050599640889	959.0702928582095	1.8298035980429832	2060.3964800000003
2815.635080271464	960.9012085557745	1.8320281059310037	2061.3964800000003
2820.2256072038585	962.7343496879162	1.834254467352356	2062.3964800000003
2824.82218607253	964.5697181086347	1.8364826832413534	2063.3964800000003
2829.424822514734	966.4073156728659	1.8387127545323072	2064.3964800000003
2834.033522170534	968.2471442364784	1.8409446821595297	2065.3964800000003
2838.6482906827932	970.0892056562753	1.8431784670573326	2066.3964800000003
2843.26913369718	971.9335017899945	1.845414110160028	2067.3964800000003
2847.8960568621674	973.7800344963083	1.8476516124019293	2068.3964800000003
2852.529065829026	975.628805634823	1.8498909747173478	2069.3964800000003
2857.1681662518326	977.4798170660791	1.8521321980405951	2070.3964800000003
2861.8133637874676	979.3330706515513	1.8543752833059841	2071.3964800000003
2866.464664095611	981.1885682536496	1.8566202314478262	2072.3964800000003
2871.1220728387502	983.0463117357175	1.858867043400434	2073.3964800000003
2875.7855956821727	984.9063029620323	1.8611157200981197	2074.3964800000003
2880.4552382939687	986.7685437978066	1.8633662624751945	2075.3964800000003
2885.1310063450333	988.6330361091873	1.8656186714659717	2076.3964800000003
2889.812905509064	990.4997817632546	1.8678729480047631	2077.3964800000003
2894.5009414625583	992.3687826280243	1.8701290930258803	2078.3964800000003
2899.1951198848215	994.2400405724457	1.872387107463636	2079.3964800000003
2903.8954464579583	996.1135574664016	1.8746469922523419	2080.3964800000003
2908.6019268668765	997.9893351807118	1.87690874832631	2081.3964800000003
2913.3145667992894	999.8673755871276	1.8791723766198531	2082.3964800000003
2918.033371945711	1001.7476805583362	1.881437878067283	2083.3964800000003
2922.758347999457	1003.6302519679581	1.8837052536029106	2084.3964800000003
2927.4895006566508	1005.5150916905494	1.8859745041610503	2085.3964800000003
2932.226835616213	1007.4022016015996	1.8882456306760123	2086.3964800000003
2936.9703585798725	1009.2915835775322	1.8905186340821096	2087.3964800000003
2941.7200752521567	1011.1832394957053	1.8927935153136541	2088.3964800000003
2946.4759913403987	1013.0771712344124	1.895070275304958	2089.3964800000003
2951.238112554733	1014.9733806728801	1.8973489149903335	2090.3964800000003
2956.0064446080987	1016.8718696912695	1.8996294353040928	2091.3964800000003
2960.780993216235	1018.7726401706756	1.901911837180547	2092.3964800000003
2965.561764097687	1020.6756939931292	1.9041961215540095	2093.3964800000003
2970.3487629738006	1022.5810330415943	1.9064822893587914	2094.3964800000003
2975.1419955687275	1024.4886591999689	1.9087703415292059	2095.3964800000003
2979.9414676094193	1026.3985743530857	1.9110602789995643	2096.3964800000003
2984.7471848256305	1028.3107803867128	1.9133521027041787	2097.3964800000003
2989.559152949922	1030.2252791875505	1.9156458135773615	2098.3964800000003
2994.377377717654	1032.1420726432352	1.917941412553425	2099.3964800000003
2999.2018648669905	1034.061162642336	1.9202389005666807	2100.3964800000003
3004.0326201389	1035.982551074359	1.9225382785514413	2101.3964800000003
3008.8696492771514	1037.9062398297413	1.9248395474420184	2102.3964800000003
3013.7129580283204	1039.8322307998565	1.9271427081727246	2103.3964800000003
3018.562552141781	1041.7605258770118	1.9294477616778718	2104.3964800000003
3023.4184373697135	1043.6911269544482	1.931754708891772	2105.3964800000003
3028.2806194670993	1045.6240359263427	1.9340635507487371	2106.3964800000003
3033.1491041917247	1047.5592546878052	1.9363742881830803	2107.3964800000003
3038.0238973041755	1049.4967851348797	1.9386869221291123	2108.3964800000003
3042.905004567845	1051.4366291645451	1.941001453521146	2109.3964800000003
3047.792431748925	1053.378788674715	1.9433178832934934	2110.3964800000003
3052.686184616413	1055.323265564237	1.9456362123804665	2111.3964800000003
3057.5862689421083	1057.2700617328928	1.9479564417163773	2112.3964800000003
3062.492690500615	1059.2191790813972	1.950278572235538	2113.3964800000003
3067.405455069339	1061.1706195114025	1.9526026048722616	2114.3964800000003
3072.3245684284857	1063.1243849254927	1.9549285405608585	2115.3964800000003
3077.250036361069	1065.0804772271867	1.9572563802356424	2116.3964800000003
3082.1818646529023	1067.0388983209373	1.9595861248309239	2117.3964800000003
3087.1200590926037	1068.9996501121332	1.9619177752810164	2118.3964800000003
3092.064625471593	1070.9627345070958	1.9642513325202315	2119.3964800000003
3097.015569584094	1072.9281534130814	1.9665867974828815	2120.3964800000003
3101.972897227132	1074.8959087382805	1.968924171103278	2121.3964800000003
3106.936614200536	1076.8660023918187	1.971263454315734	2122.3964800000003
3111.9067263069387	1078.8384362837544	1.9736046480545606	2123.3964800000003
3116.883239351776	1080.8132123250816	1.9759477532540708	2124.3964800000003
3121.8661591432824	1082.7903324277272	1.9782927708485754	2125.3964800000003
3126.855491492502	1084.7697985045547	1.9806397017723885	2126.3964800000003
3131.851242213278	1086.7516124693602	1.9829885469598207	2127.3964800000003
3136.8534171222564	1088.7357762368742	1.9853393073451846	2128.3964800000003
3141.8620220388857	1090.7222917227614	1.9876919838627918	2129.3964800000003
3146.87706278542	1092.7111608436217	1.9900465774469556	2130.3964800000003
3151.8985451869153	1094.7023855169887	1.9924030890319866	2131.3964800000003
3156.9264750712287	1096.695967661331	1.9947615195521982	2132.3964800000003
3161.9608582690225	1098.69190919605	1.997121869941902	2133.3964800000003
3167.0017006137605	1100.6902120414823	1.9994841411354098	2134.3964800000003
3172.049007941709	1102.6908781189	2.001848334067034	2135.3964800000003
3177.1027860919403	1104.6939093505075	2.0042144496710868	2136.3964800000003
3182.1630409063264	1106.6993076594445	2.00658248888188	2137.3964800000003
3187.229778229544	1108.7070749697848	2.008952452633727	2138.3964800000003
3192.30300390907	1110.7172132065368	2.0113243418609374	2139.3964800000003
3197.3827237951878	1112.7297242956433	2.013698157497825	2140.3964800000003
3202.4689437409834	1114.7446101639807	2.0160739004787023	2141.3964800000003
3207.5616696023417	1116.76187273936	2.01845157173788	2142.3964800000003
3212.6609072379574	1118.7815139505274	2.0208311722096717	2143.3964800000003
3217.7666625093207	1120.803535727162	2.0232127028283884	2144.3964800000003
3222.8789412807314	1122.8279399998778	2.025596164528343	2145.3964800000003
3227.997749419286	1124.8547287002234	2.027981558243847	2146.3964800000003
3233.1230927948873	1126.8839037606822	2.0303688849092127	2147.3964800000003
3238.2549772802417	1128.9154671146703	2.0327581454587524	2148.3964800000003
3243.393408750859	1130.9494206965392	2.035149340826778	2149.3964800000003
3248.5383930850467	1132.9857664415745	2.037542471947601	2150.3964800000003
3253.689936163921	1135.0245062859963	2.0399375397555346	2151.3964800000003
3258.848043871401	1137.0656421669596	2.042334545184891	2152.3964800000003
3264.012722094205	1139.1091760225518	2.0447334891699813	2153.3964800000003
3269.1839767218557	1141.155109791796	2.047134372645118	2154.3964800000003
3274.3618136466794	1143.2034454146499	2.0495371965446134	2155.3964800000003
3279.546238763805	1145.2541848320047	2.05194196180278	2156.3964800000003
3284.7372579711637	1147.307329985687	2.054348669353929	2157.3964800000003
3289.9348771694904	1149.3628828184555	2.0567573201323723	2158.3964800000003
3295.1391022623257	1151.420845274005	2.059167915072423	2159.3964800000003
3300.3499391560067	1153.4812192969653	2.0615804551083934	2160.3964800000003
3305.567393759679	1155.544006832899	2.063994941174595	2161.3964800000003
3310.791471985286	1157.609209828303	2.0664113742053396	2162.3964800000003
3316.022179747582	1159.6768302306089	2.0688297551349395	2163.3964800000003
3321.259522964117	1161.7468699881833	2.0712500848977076	2164.3964800000003
3326.503507555244	1163.819331050327	2.073672364427955	2165.3964800000003
3331.754139444127	1165.8942153672738	2.0760965946599947	2166.3964800000003
3337.01142455672	1167.971524890192	2.0785227765281373	2167.3964800000003
3342.275368821793	1170.0512615711864	2.080950910966697	2168.3964800000003
3347.5459781709114	1172.1334273632938	2.0833809989099845	2169.3964800000003
3352.8232585384435	1174.2180242204863	2.085813041292312	2170.3964800000003
3358.107215861563	1176.3050540976697	2.088247039047992	2171.3964800000003
3363.397856080248	1178.3945189506846	2.090682993111337	2172.3964800000003
3368.695185137275	1180.4864207363064	2.093120904416658	2173.3964800000003
3373.999208978226	1182.5807614122436	2.0955607738982676	2174.3964800000003
3379.309933551487	1184.6775429371396	2.098002602490478	2175.3964800000003
3384.6273648082442	1186.7767672705727	2.1004463911276017	2176.3964800000003
3389.9515087024884	1188.8784363730547	2.1028921407439505	2177.3964800000003
3395.282371191014	1190.9825522060319	2.1053398522738362	2178.3964800000003
3400.619958233415	1193.0891167318846	2.1077895266515707	2179.3964800000003
3405.9642757920947	1195.1981319139288	2.110241164811467	2180.3964800000003
3411.3153298322536	1197.3095997164132	2.112694767687837	2181.3964800000003
3416.6731263218944	1199.423522104522	2.115150336214992	2182.3964800000003
3422.0376712318302	1201.539901044372	2.1176078713272455	2183.3964800000003
3427.4089705356687	1203.6587385030157	2.1200673739589084	2184.3964800000003
3432.7870302098227	1205.7800364484406	2.1225288450442927	2185.3964800000003
3438.171856233514	1207.9037968495672	2.124992285517712	2186.3964800000003
3443.563454588758	1210.0300216762505	2.127457696313477	2187.3964800000003
3448.9618312603798	1212.1587128992796	2.1299250783658996	2188.3964800000003
3454.366992236005	1214.289872490379	2.132394432609293	2189.3964800000003
3459.778943506062	1216.4235024222066	2.134865759977969	2190.3964800000003
3465.197691063783	1218.5596046683552	2.1373390614062395	2191.3964800000003
3470.623240905201	1220.6981812033503	2.1398143378284162	2192.3964800000003
3476.0555990291564	1222.8392340026544	2.1422915901788127	2193.3964800000003
3481.4947714372875	1224.9827650426625	2.1447708193917396	2194.3964800000003
3486.940764134038	1227.1287763007037	2.1472520264015094	2195.3964800000003
3492.393583126655	1229.2772697550422	2.1497352121424345	2196.3964800000003
3497.8532344251867	1231.4282473848766	2.1522203775488267	2197.3964800000003
3503.319724042486	1233.58171117034	2.154707523554998	2198.3964800000003
3508.7930579942076	1235.7376630924987	2.157196651095261	2199.3964800000003
3514.273242298811	1237.896105133353	2.159687761103928	2200.3964800000003
3519.760282977557	1240.0570392758402	2.1621808545153103	2201.3964800000003
3525.2541860545075	1242.2204675038297	2.1646759322637203	2202.3964800000003
3530.7549575565295	1244.3863918021252	2.1671729952834697	2203.3964800000003
3536.2626035132953	1246.554814156465	2.1696720445088715	2204.3964800000003
3541.777129957277	1248.7257365535224	2.1721730808742374	2205.3964800000003
3547.29854292375	1250.899160980905	2.17467610531388	2206.3964800000003
3552.8268484507926	1253.0750894271532	2.177181118762111	2207.3964800000003
3558.3620525792867	1255.2535238817436	2.179688122153242	2208.3964800000003
3563.9041613529157	1257.4344663350853	2.182197116421585	2209.3964800000003
3569.453180818168	1259.6179187785237	2.184708102501453	2210.3964800000003
3575.0091170243354	1261.8038832043371	2.1872210813271584	2211.3964800000003
3580.57197602351	1263.9923616057383	2.1897360538330126	2212.3964800000003
3586.141763870586	1266.1833559768745	2.192253020953327	2213.3964800000003
3591.718486623266	1268.3768683128278	2.194771983622415	2214.3964800000003
3597.302150342052	1270.572900609614	2.1972929427745886	2215.3964800000003
3602.892761090247	1272.771454864183	2.199815899344159	2216.3964800000003
3608.4903249339586	1274.972533074419	2.202340854265439	2217.3964800000003
3614.0948479421	1277.1761372391422	2.2048678084727404	2218.3964800000003
3619.706336186384	1279.382269358105	2.2073967629003755	2219.3964800000003
3625.324795741327	1281.5909314319947	2.2099277184826565	2220.3964800000003
3630.9502326842503	1283.8021254624327	2.212460676153895	2221.3964800000003
3636.5826530952745	1286.0158534519767	2.214995636848404	2222.3964800000003
3642.222063057327	1288.2321174041158	2.2175326015004946	2223.3964800000003
3647.8684686561355	1290.4509193232752	2.2200715710444796	2224.3964800000003
3653.5218759802324	1292.6722612148133	2.222612546414671	2225.3964800000003
3659.182291120951	1294.8961450850243	2.225155528545381	2226.3964800000003
3664.849720172428	1297.1225729411362	2.227700518370921	2227.3964800000003
3670.5241692316067	1299.3515467913098	2.230247516825604	2228.3964800000003
3676.20564439823	1301.5830686446413	2.232796524843742	2229.3964800000003
3681.8941517748403	1303.817140511163	2.235347543359646	2230.3964800000003
3687.5896974667903	1306.0537644018382	2.2379005733076305	2231.3964800000003
3693.29228758223	1308.292942328567	2.240455615622005	2232.3964800000003
3699.0019282321146	1310.534676304183	2.2430126712370826	2233.3964800000003
3704.718625530205	1312.7789683424526	2.2455717410871756	2234.3964800000003
3710.4423855930586	1315.02582045808	2.2481328261065965	2235.3964800000003
3716.173214540039	1317.2752346667007	2.2506959272296565	2236.3964800000003
3721.911118493317	1319.5272129848854	2.2532610453906683	2237.3964800000003
3727.6561035778586	1321.7817574301391	2.2558281815239436	2238.3964800000003
3733.4081759214364	1324.0388700209019	2.258397336563795	2239.3964800000003
3739.1673416546273	1326.2985527765472	2.2609685114445344	2240.3964800000003
3744.9336069108103	1328.5608077173829	2.2635417071004738	2241.3964800000003
3750.7069778261666	1330.8256368646512	2.2661169244659254	2242.3964800000003
3756.4874605396785	1333.0930422405293	2.268694164475201	2243.3964800000003
3762.275061193135	1335.3630258681278	2.2712734280626132	2244.3964800000003
3768.0697859311276	1337.6355897714923	2.2738547161624743	2245.3964800000003
3773.8716409010467	1339.9107359756015	2.2764380297090954	2246.3964800000003
3779.68063225309	1342.1884665063703	2.2790233696367896	2247.3964800000003
3785.496766140258	1344.4687833906469	2.281610736879869	2248.3964800000003
3791.320048718348	1346.7516886562137	2.2842001323726446	2249.3964800000003
3797.1504861459703	1349.0371843317866	2.2867915570494297	2250.3964800000003
3802.9880845845278	1351.3252724470185	2.289385011844536	2251.3964800000003
3808.8328501982373	1353.6159550324937	2.2919804976922755	2252.3964800000003
3814.684789154106	1355.9092341197324	2.29457801552696	2253.3964800000003
3820.543907621955	1358.2051117411877	2.2971775662829024	2254.3964800000003
3826.410211774402	1360.5035899302495	2.2997791508944143	2255.3964800000003
3832.2837077868703	1362.8046707212402	2.302382770295808	2256.3964800000003
3838.164401837585	1365.108356149416	2.3049884254213957	2257.3964800000003
3844.0523001075767	1367.4146482509693	2.3075961172054895	2258.3964800000003
3849.947408780673	1369.7235490630244	2.310205846582401	2259.3964800000003
3855.8497340435097	1372.035060623643	2.3128176144864425	2260.3964800000003
3861.759282085526	1374.349184971818	2.315431421851927	2261.3964800000003
3867.676059098959	1376.6659241474788	2.3180472696131655	2262.3964800000003
3873.600071278852	1378.9852801914874	2.32066515870447	2263.3964800000003
3879.531324823053	1381.3072551456423	2.323285090060154	2264.3964800000003
3885.469825932211	1383.6318510526744	2.325907064614528	2265.3964800000003
3891.4155808097753	1385.959069956249	2.328531083301905	2266.3964800000003
3897.368595662004	1388.2889139009667	2.331157147056597	2267.3964800000003
3903.3288766979513	1390.6213849323626	2.3337852568129156	2268.3964800000003
3909.2964301294824	1392.956485096905	2.3364154135051742	2269.3964800000003
3915.2712621712585	1395.2942164419967	2.339047618067684	2270.3964800000003
3921.253379040745	1397.634581015975	2.3416818714347567	2271.3964800000003
3927.2427869582116	1399.9775808681122	2.344318174540705	2272.3964800000003
3933.2394921467335	1402.323218048614	2.3469565283198413	2273.3964800000003
3939.2435008321845	1404.6714946086213	2.349596933706477	2274.3964800000003
3945.2548192432414	1407.0224126002076	2.3522393916349245	2275.3964800000003
3951.273453611387	1409.375974076383	2.3548839030394957	2276.3964800000003
3957.2994101709064	1411.7321810910903	2.3575304688545033	2277.3964800000003
3963.3326951588842	1414.0910356992072	2.3601790900142587	2278.3964800000003
3969.373314815214	1416.452539956545	2.362829767453075	2279.3964800000003
3975.421275382585	1418.8166959198509	2.3654825021052632	2280.3964800000003
3981.4765831064947	1421.1835056468049	2.368137294905136	2281.3964800000003
3987.539244235243	1423.5529711960219	2.3707941467870053	2282.3964800000003
3993.6092650199303	1425.9250946270508	2.373453058685183	2283.3964800000003
3999.6866517144626	1428.2998780003759	2.376114031533982	2284.3964800000003
4005.7714105755463	1430.6773233774143	2.378777066267714	2285.3964800000003
4011.863547862694	1433.057432820518	2.3814421638206906	2286.3964800000003
4017.9630698382184	1435.4402083929733	2.384109325127225	2287.3964800000003
4024.0699827672333	1437.825652159001	2.386778551121628	2288.3964800000003
4030.184292917661	1440.213766183757	2.3894498427382125	2289.3964800000003
4036.306006560223	1442.6045525333302	2.3921232009112905	2290.3964800000003
4042.435129968446	1444.9980132747437	2.394798626575174	2291.3964800000003
4048.571669418657	1447.394150475955	2.3974761206641757	2292.3964800000003
4054.7156311899853	1449.7929662058582	2.4001556841126064	2293.3964800000003
4060.8670215643697	1452.1944625342785	2.4028373178547797	2294.3964800000003
4067.0258468265442	1454.5986415319771	2.405521022825007	2295.3964800000003
4073.1921132640487	1457.0055052706489	2.4082067999576	2296.3964800000003
4079.3658271672257	1459.4150558229246	2.4108946501868713	2297.3964800000003
4085.546994829223	1461.8272952623668	2.413584574447133	2298.3964800000003
4091.735622545988	1464.2422256634743	2.4162765736726977	2299.3964800000003
4097.931716616273	1466.6598491016784	2.418970648797876	2300.3964800000003
4104.135283341632	1469.0801676533474	2.4216668007569817	2301.3964800000003
4110.346329026425	1471.503183395782	2.4243650304843265	2302.3964800000003
4116.564859977808	1473.9288984072173	2.4270653389142214	2303.3964800000003
4122.790882505748	1476.3573147668226	2.4297677269809794	2304.3964800000003
4129.024402923011	1478.7884345547027	2.432472195618913	2305.3964800000003
4135.265427545167	1481.2222598518956	2.4351787457623337	2306.3964800000003
4141.513962690585	1483.6587927403743	2.4378873783455535	2307.3964800000003
4147.770014680445	1486.0980353030445	2.440598094302885	2308.3964800000003
4154.033589838719	1488.539989623749	2.44331089456864	2309.3964800000003
4160.304694492194	1490.9846577872631	2.4460257800771306	2310.3964800000003
4166.583334970452	1493.4320418792963	2.448742751762669	2311.3964800000003
4172.86951760588	1495.8821439864923	2.451461810559568	2312.3964800000003
4179.1632487336665	1498.3349661964303	2.454182957402138	2313.3964800000003
4185.464534691806	1500.790510597623	2.4569061932246923	2314.3964800000003
4191.773381821094	1503.2487792795177	2.459631518961543	2315.3964800000003
4198.089796465128	1505.7097743324957	2.462358935547002	2316.3964800000003
4204.413784970311	1508.1734978478726	2.4650884439153815	2317.3964800000003
4210.7453536858475	1510.6399519178988	2.4678200450009937	2318.3964800000003
4217.084508963745	1513.1091386357584	2.4705537397381505	2319.3964800000003
4223.4312571588125	1515.5810600955708	2.473289529061164	2320.3964800000003
4229.785604628666	1518.0557183923875	2.4760274139043466	2321.3964800000003
4236.14755773372	1520.5331156221973	2.4787673952020097	2322.3964800000003
4242.517122837194	1523.0132538819214	2.481509473888466	2323.3964800000003
4248.89430630511	1525.4961352694154	2.4842536508980277	2324.3964800000003
4255.279114506295	1527.9817618834695	2.486999927165007	2325.3964800000003
4261.671553812375	1530.470135823809	2.4897483036237156	2326.3964800000003
4268.07163059778	1532.9612591910927	2.4924987812084654	2327.3964800000003
4274.479351239748	1535.4551340869132	2.4952513608535694	2328.3964800000003
4280.8947221183125	1537.9517626137979	2.4980060434933384	2329.3964800000003
4287.317749616314	1540.4511468752094	2.5007628300620857	2330.3964800000003
4293.748440119396	1542.9532889755433	2.503521721494123	2331.3964800000003
4300.186800016005	1545.4581910201302	2.506282718723763	2332.3964800000003
4306.632835697388	1547.9658551152345	2.5090458226853163	2333.3964800000003
4313.086553557596	1550.476283368056	2.511811034313096	2334.3964800000003
4319.547959993485	1552.9894778867276	2.5145783545414147	2335.3964800000003
4326.017061404713	1555.5054407803173	2.517347784304584	2336.3964800000003
4332.493864193739	1558.024174158827	2.520119324536916	2337.3964800000003
4338.978374765826	1560.5456801331923	2.522892976172722	2338.3964800000003
4345.4705995290415	1563.0699608152845	2.5256687401463154	2339.3964800000003
4351.970544894251	1565.5970183179088	2.528446617392007	2340.3964800000003
4358.478217275134	1568.1268547548043	2.5312266088441104	2341.3964800000003
4364.993623088158	1570.659472240644	2.5340087154369364	2342.3964800000003
4371.516768752607	1573.194872891036	2.5367929381047984	2343.3964800000003
4378.0476606905595	1575.7330588225236	2.5395792777820083	2344.3964800000003
4384.586305326898	1578.2740321525816	2.542367735402877	2345.3964800000003
4391.132709089309	1580.8177949996216	2.5451583119017167	2346.3964800000003
4397.686878408286	1583.364349482989	2.547951008212841	2347.3964800000003
4404.24881971712	1585.913697722963	2.5507458252705613	2348.3964800000003
4410.818539451903	1588.4658418407575	2.5535427640091894	2349.3964800000003
4417.396044051539	1591.0207839585196	2.5563418253630372	2350.3964800000003
4423.981339957727	1593.578526199333	2.5591430102664177	2351.3964800000003
4430.574433614969	1596.1390706872141	2.561946319653642	2352.3964800000003
4437.175331470578	1598.7024195471135	2.5647517544590235	2353.3964800000003
4443.78403997466	1601.2685749049156	2.567559315616873	2354.3964800000003
4450.400565580128	1603.8375388874424	2.570369004061503	2355.3964800000003
4457.0249147427	1606.409313622446	2.5731808207272255	2356.3964800000003
4463.657093920894	1608.983901238616	2.5759947665483534	2357.3964800000003
4470.297109576036	1611.5613038655724	2.5788108424591982	2358.3964800000003
4476.944968172246	1614.1415236338753	2.5816290493940723	2359.3964800000003
4483.600676176453	1616.7245626750137	2.584449388287287	2360.3964800000003
4490.264240058388	1619.3104231214143	2.5872718600731552	2361.3964800000003
4496.935666290587	1621.899107106436	2.5900964656859893	2362.3964800000003
4503.614961348384	1624.4906167643728	2.5929232060601004	2363.3964800000003
4510.302131709917	1627.0849542304545	2.595752082129801	2364.3964800000003
4516.997183856136	1629.6821216408425	2.5985830948294035	2365.3964800000003
4523.70012427078	1632.282121132635	2.6014162450932203	2366.3964800000003
4530.410959440398	1634.8849548438616	2.604251533855562	2367.3964800000003
4537.129695854344	1637.4906249134901	2.6070889620507427	2368.3964800000003
4543.85634000477	1640.0991334814191	2.6099285306130735	2369.3964800000003
4550.590898386634	1642.7104826884834	2.6127702404768662	2370.3964800000003
4557.333377497698	1645.3246746764512	2.6156140925764335	2371.3964800000003
4564.083783838521	1647.9417115880262	2.618460087846087	2372.3964800000003
4570.842123912476	1650.5615955668452	2.62130822722014	2373.3964800000003
4577.608404225724	1653.1843287574793	2.6241585116329027	2374.3964800000003
4584.382631287243	1655.8099133054347	2.6270109420186887	2375.3964800000003
4591.1648116088045	1658.4383513571524	2.6298655193118097	2376.3964800000003
4597.954951704988	1661.0696450600062	2.632722244446578	2377.3964800000003
4604.753058093173	1663.703796562305	2.635581118357305	2378.3964800000003
4611.559137293546	1666.3408080132904	2.6384421419783033	2379.3964800000003
4618.373195829088	1668.9806815631425	2.641305316243885	2380.3964800000003
4625.1952402255965	1671.6234193629714	2.644170642088363	2381.3964800000003
4632.025277011657	1674.269023564824	2.6470381204460476	2382.3964800000003
4638.863312718667	1676.917496321679	2.6499077522512517	2383.3964800000003
4645.709353880827	1679.5688397874533	2.652779538438288	2384.3964800000003
4652.563407035137	1682.2230561169945	2.655653479941469	2385.3964800000003
4659.4254787213995	1684.8801474660863	2.6585295776951052	2386.3964800000003
4666.295575482226	1687.5401159914468	2.66140783263351	2387.3964800000003
4673.173703863021	1690.2029638507265	2.6642882456909946	2388.3964800000003
4680.059870412002	1692.868693202513	2.667170817801872	2389.3964800000003
4686.954081680184	1695.5373062063263	2.6700555499004537	2390.3964800000003
4693.856344221384	1698.2088050226216	2.6729424429210518	2391.3964800000003
4700.766664592227	1700.8831918127867	2.6758314977979794	2392.3964800000003
4707.685049352135	1703.5604687391474	2.678722715465547	2393.3964800000003
4714.611505063337	1706.2406379649597	2.681616096858068	2394.3964800000003
4721.546038290863	1708.9237016544166	2.6845116429098534	2395.3964800000003
4728.48865560255	1711.6096619726436	2.6874093545552165	2396.3964800000003
4735.43936356903	1714.2985210857032	2.690309232728469	2397.3964800000003
4742.398168763745	1716.9902811605884	2.693211278363923	2398.3964800000003
4749.3650777629355	1719.6849443652297	2.6961154923958897	2399.3964800000003
4756.3400971456485	1722.38251286849	2.699021875758682	2400.3964800000003
4763.323233493732	1725.0829888401686	2.7019304293866124	2401.3964800000003
4770.3144933918375	1727.7863744509968	2.7048411542139927	2402.3964800000003
4777.313883427419	1730.4926718726417	2.707754051175135	2403.3964800000003
4784.321410190734	1733.201883277703	2.710669121204351	2404.3964800000003
4791.33708027484	1735.9140108397173	2.7135863652359538	2405.3964800000003
4798.360900275604	1738.629056733154	2.716505784204254	2406.3964800000003
4805.39287679169	1741.3470231334163	2.7194273790435655	2407.3964800000003
4812.433016424565	1744.0679122168426	2.722351150688198	2408.3964800000003
4819.481325778504	1746.7917261607058	2.7252771000724665	2409.3964800000003
4826.537811460579	1749.5184671432123	2.728205228130681	2410.3964800000003
4833.60248008067	1752.2481373435035	2.7311355357971547	2411.3964800000003
4840.675338251457	1754.9807389416546	2.7340680240061994	2412.3964800000003
4847.756392588422	1757.7162741186744	2.7370026936921263	2413.3964800000003
4854.845649709854	1760.454745056509	2.739939545789249	2414.3964800000003
4861.943116236839	1763.1961539380354	2.7428785812318788	2415.3964800000003
4869.048798793273	1765.9405029470663	2.7458198009543278	2416.3964800000003
4876.16270400585	1768.6877942683482	2.748763205890908	2417.3964800000003
4883.284838504066	1771.4380300875637	2.7517087969759326	2418.3964800000003
4890.415208920226	1774.1912125913282	2.7546565751437124	2419.3964800000003
4897.5538218894335	1776.9473439671904	2.7576065413285606	2420.3964800000003
4904.700684049591	1779.7064264036353	2.7605586964647877	2421.3964800000003
4911.855802041411	1782.4684620900819	2.763513041486707	2422.3964800000003
4919.019182508411	1785.233453216882	2.766469577328631	2423.3964800000003
4926.1908320969005	1788.001401975324	2.769428304924871	2424.3964800000003
4933.370757456002	1790.7723105576279	2.7723892252097393	2425.3964800000003
4940.558965237635	1793.5461811569508	2.7753523391175476	2426.3964800000003
4947.755462096524	1796.3230159673826	2.7783176475826092	2427.3964800000003
4954.9602546902	1799.1028171839466	2.7812851515392354	2428.3964800000003
4962.173349678988	1801.8855870026023	2.7842548519217374	2429.3964800000003
4969.394753726027	1804.6713276202436	2.787226749664429	2430.3964800000003
4976.6244734972515	1807.4600412346965	2.790200845701622	2431.3964800000003
4983.8625156614	1810.251730044723	2.793177140967628	2432.3964800000003
4991.108886890015	1813.0463962500191	2.796155636396759	2433.3964800000003
4998.3635938574425	1815.8440420512156	2.7991363329233274	2434.3964800000003
5005.626643240829	1818.6446696498765	2.802119231481645	2435.3964800000003
5012.898041720126	1821.4482812485012	2.8051043330060246	2436.3964800000003
5020.177795978088	1824.2548790505225	2.8080916384307777	2437.3964800000003
5027.465912700273	1827.0644652603078	2.8110811486902163	2438.3964800000003
5034.762398575041	1829.8770420831588	2.814072864718653	2439.3964800000003
5042.067260293551	1832.6926117253126	2.8170667874503996	2440.3964800000003
5049.380504549773	1835.5111763939392	2.8200629178197683	2441.3964800000003
5056.702138040477	1838.3327382971424	2.8230612567610716	2442.3964800000003
5064.032167465227	1841.1572996439631	2.8260618052086204	2443.3964800000003
5071.370599526405	1843.9848626443736	2.8290645640967287	2444.3964800000003
5078.717440929186	1846.8154295092818	2.832069534359707	2445.3964800000003
5086.07269838155	1849.6490024505292	2.835076716931868	2446.3964800000003
5093.4363785942805	1852.485583680893	2.8380861127475234	2447.3964800000003
5100.808488280964	1855.3251754140838	2.8410977227409866	2448.3964800000003
5108.18903415799	1858.167779864746	2.844111547846568	2449.3964800000003
5115.578022944549	1861.0133992484589	2.84712758899858	2450.3964800000003
5122.97546136264	1863.8620357817363	2.850145847131336	2451.3964800000003
5130.381356137059	1866.7136916820268	2.8531663231791478	2452.3964800000003
5137.795713995403	1869.5683691677116	2.856189018076326	2453.3964800000003
5145.218541668084	1872.4260704581068	2.8592139327571844	2454.3964800000003
5152.649845888303	1875.2867977734647	2.8622410681560346	2455.3964800000003
5160.089633392071	1878.15055333497	2.865270425207188	2456.3964800000003
5167.537910918203	1881.017339364742	2.868302004844958	2457.3964800000003
5174.994685208308	1883.887158085833	2.8713358080036544	2458.3964800000003
5182.459963006813	1886.7600117222341	2.8743718356175925	2459.3964800000003
5189.933751060935	1889.635902498865	2.8774100886210823	2460.3964800000003
5197.416056120699	1892.5148326415842	2.8804505679484365	2461.3964800000003
5204.906884938932	1895.3968043771813	2.8834932745339668	2462.3964800000003
5212.4062442712675	1898.2818199333828	2.886538209311986	2463.3964800000003
5219.914140876134	1901.1698815388477	2.8895853732168053	2464.3964800000003
5227.430581514773	1904.0609914231704	2.892634767182738	2465.3964800000003
5234.9555729512185	1906.9551518168787	2.8956863921440954	2466.3964800000003
5242.489121952315	1909.8523649514345	2.898740249035189	2467.3964800000003
5250.031235287708	1912.7526330592368	2.9017963387903327	2468.3964800000003
5257.581919729846	1915.6559583736152	2.9048546623438374	2469.3964800000003
5265.141182053978	1918.562343128836	2.907915220630015	2470.3964800000003
5272.709029038158	1921.4717895600972	2.910978014583178	2471.3964800000003
5280.285467463246	1924.384299903535	2.9140430451376393	2472.3964800000003
5287.870504112898	1927.2998763962182	2.9171103132277096	2473.3964800000003
5295.464145773577	1930.2185212761476	2.920179819787702	2474.3964800000003
5303.066399234548	1933.1402367822611	2.9232515657519267	2475.3964800000003
5310.677271287886	1936.0650251544303	2.9263255520546996	2476.3964800000003
5318.296768728454	1938.992888633462	2.9294017796303295	2477.3964800000003
5325.924898353929	1941.923829461094	2.9324802494131297	2478.3964800000003
5333.561666964792	1944.8578498800016	2.935560962337412	2479.3964800000003
5341.207081364319	1947.7949521337941	2.938643919337489	2480.3964800000003
5348.861148358594	1950.7351384670137	2.9417291213476724	2481.3964800000003
5356.523874756505	1953.678411125138	2.9448165693022745	2482.3964800000003
5364.19526736974	1956.6247723545773	2.947906264135607	2483.3964800000003
5371.875333012792	1959.5742244026796	2.950998206781983	2484.3964800000003
5379.564078502954	1962.526769517724	2.9540923981757135	2485.3964800000003
5387.261510660323	1965.4824099489251	2.9571888392511108	2486.3964800000003
5394.967636307806	1968.441147946431	2.960287530942488	2487.3964800000003
5402.6824622711	1971.4029857613268	2.963388474184156	2488.3964800000003
5410.405995378714	1974.367925645628	2.9664916699104276	2489.3964800000003
5418.138242461957	1977.3359698522872	2.9695971190556145	2490.3964800000003
5425.879210354942	1980.3071206351908	2.972704822554029	2491.3964800000003
5433.628905894588	1983.2813802491576	2.975814781339983	2492.3964800000003
5441.387335920608	1986.2587509499444	2.9789269963477896	2493.3964800000003
5449.154507275527	1989.239234994239	2.9820414685117598	2494.3964800000003
5456.930426804665	1992.222834639665	2.985158198766206	2495.3964800000003
5464.715101356156	1995.2095521447793	2.9882771880454397	2496.3964800000003
5472.508537780926	1998.199389769075	2.9913984372837747	2497.3964800000003
5480.310742932708	2001.192349772978	2.9945219474155222	2498.3964800000003
5488.121723668038	2004.1884344178493	2.997647719374993	2499.3964800000003
5495.941486846255	2007.187645965982	3.000775754096501	2500.3964800000003
5503.770039329504	2010.1899866806075	3.003906052514358	2501.3964800000003
5511.607387982727	2013.1954588258877	3.007038615562876	2502.3964800000003
5519.453539673672	2016.2040646669216	3.010173444176367	2503.3964800000003
5527.30850127289	2019.2158064697398	3.013310539289142	2504.3964800000003
5535.172279653735	2022.2306865013109	3.016449901835515	2505.3964800000003
5543.044881692362	2025.2487070295338	3.0195915327497964	2506.3964800000003
5550.926314267733	2028.269870323245	3.0227354329663	2507.3964800000003
5558.81658426161	2031.294178652212	3.0258816034193368	2508.3964800000003
5566.715698558559	2034.3216342871401	3.02903004504322	2509.3964800000003
5574.623664045944	2037.3522394996667	3.0321807587722596	2510.3964800000003
5582.540487613943	2040.3859965623647	3.03533374554077	2511.3964800000003
5590.466176155524	2043.4229077487396	3.0384890062830623	2512.3964800000003
5598.4007365664675	2046.462975333233	3.041646541933448	2513.3964800000003
5606.344175745357	2049.506201591221	3.0448063534262406	2514.3964800000003
5614.296500593566	2052.5525887990116	3.0479684416957507	2515.3964800000003
5622.257718015289	2055.60213923385	3.051132807676292	2516.3964800000003
5630.227834917511	2058.654855173912	3.0542994523021747	2517.3964800000003
5638.206858210025	2061.710738898313	3.057468376507712	2518.3964800000003
5646.194794805427	2064.7697926870997	3.060639581227217	2519.3964800000003
5654.191651619111	2067.832018821251	3.0638130673950004	2520.3964800000003
5662.197435569282	2070.897419582683	3.066988835945374	2521.3964800000003
5670.212153576943	2073.9659972542468	3.0701668878126522	2522.3964800000003
5678.2358125658975	2077.037754119726	3.073347223931145	2523.3964800000003
5686.268419462757	2080.1126924638384	3.076529845235165	2524.3964800000003
5694.309981196933	2083.190814572236	3.079714752659023	2525.3964800000003
5702.360504700641	2086.272122731507	3.082901947137034	2526.3964800000003
5710.419996908902	2089.3566192291732	3.086091429603508	2527.3964800000003
5718.4884647595345	2092.4443063536887	3.089283200992758	2528.3964800000003
5726.565915193161	2095.535186394444	3.0924772622390955	2529.3964800000003
5734.652355153212	2098.6292616417636	3.0956736142768326	2530.3964800000003
5742.747791585918	2101.7265343869067	3.098872258040283	2531.3964800000003
5750.852231440307	2104.827006922065	3.102073194463756	2532.3964800000003
5758.965681668221	2107.930681540365	3.105276424481566	2533.3964800000003
5767.088149224293	2111.0375605358704	3.108481949028024	2534.3964800000003
5775.219641065973	2114.1476462035753	3.111689769037443	2535.3964800000003
5783.360164153496	2117.2609408394114	3.1148998854441343	2536.3964800000003
5791.509725449915	2120.377446740241	3.1181122991824104	2537.3964800000003
5799.668331921081	2123.4971662038643	3.121327011186583	2538.3964800000003
5807.835990535642	2126.6201015290144	3.1245440223909644	2539.3964800000003
5816.012708265063	2129.746255015358	3.1277633337298676	2540.3964800000003
5824.1984920835985	2132.8756289634975	3.1309849461376036	2541.3964800000003
5832.39334896831	2136.008225674968	3.134208860548484	2542.3964800000003
5840.597285899066	2139.1440474522396	3.1374350778968227	2543.3964800000003
5848.8103098585325	2142.2830965987187	3.1406635991169307	2544.3964800000003
5857.03242783218	2145.425375418743	3.1438944251431202	2545.3964800000003
5865.263646808284	2148.5708862175848	3.147127556909703	2546.3964800000003
5873.503973777921	2151.7196313014533	3.1503629953509917	2547.3964800000003
5881.753415734971	2154.8716129774903	3.153600741401299	2548.3964800000003
5890.011979676116	2158.0268335537708	3.1568407959949356	2549.3964800000003
5898.2796726008455	2161.1852953393054	3.1600831600662143	2550.3964800000003
5906.556501511443	2164.3470006440402	3.163327834549447	2551.3964800000003
5914.842473413004	2167.5119517788535	3.1665748203789468	2552.3964800000003
5923.137595313422	2170.6801510555583	3.169824118489025	2553.3964800000003
5931.441874223393	2173.8516007869025	3.173075729813993	2554.3964800000003
5939.7553171564205	2177.026303286569	3.1763296552881646	2555.3964800000003
5948.077931128806	2180.2042608691736	3.1795858958458503	2556.3964800000003
5956.409723159657	2183.3854758502675	3.1828444524213637	2557.3964800000003
5964.75070027088	2186.5699505463335	3.1861053259490144	2558.3964800000003
5973.100869487192	2189.7576872747936	3.189368517363118	2559.3964800000003
5981.460237836102	2192.9486883540003	3.1926340275979843	2560.3964800000003
5989.828812347932	2196.142956103242	3.195901857587925	2561.3964800000003
5998.2066000558025	2199.340492842739	3.1991720082672535	2562.3964800000003
6006.59360799564	2202.5413008936507	3.2024444805702825	2563.3964800000003
6014.989843206167	2205.745382578066	3.2057192754313224	2564.3964800000003
6023.395312728919	2208.9527402190106	3.208996393784686	2565.3964800000003
6031.810023608221	2212.1633761404446	3.212275836564686	2566.3964800000003
6040.233982891216	2215.37729266726	3.2155576047056336	2567.3964800000003
6048.6671976278385	2218.594492125287	3.2188416991418416	2568.3964800000003
6057.109674870832	2221.8149768412873	3.222128120807622	2569.3964800000003
6065.56142167574	2225.0387491429574	3.2254168706372863	2570.3964800000003
6074.022445100909	2228.2658113589277	3.2287079495651465	2571.3964800000003
6082.492752207491	2231.496165818765	3.232001358525516	2572.3964800000003
6090.972350059439	2234.729814852968	3.2352970984527056	2573.3964800000003
6099.461245723511	2237.966760792971	3.2385951702810285	2574.3964800000003
6107.959446269265	2241.2070059711414	3.241895574944796	2575.3964800000003
6116.4669587690605	2244.4505527207834	3.245198313378321	2576.3964800000003
6124.9837902980635	2247.697403376133	3.248503386515914	2577.3964800000003
6133.509947934248	2250.947560272362	3.251810795291889	2578.3964800000003
6142.045438758377	2254.201025745574	3.255120540640557	2579.3964800000003
6150.590269854028	2257.4578021328116	3.2584326234962306	2580.3964800000003
6159.144448307577	2260.7178917720476	3.2617470447932213	2581.3964800000003
6167.707981208207	2263.9812970021903	3.265063805465842	2582.3964800000003
6176.280875647897	2267.2480201630824	3.2683829064484047	2583.3964800000003
6184.863138721433	2270.518063595501	3.271704348675221	2584.3964800000003
6193.454777526409	2273.791429641159	3.275028133080604	2585.3964800000003
6202.055799163206	2277.0681206427007	3.2783542605988645	2586.3964800000003
6210.666210735027	2280.3481389437056	3.2816827321643145	2587.3964800000003
6219.286019347863	2283.6314868886893	3.285013548711267	2588.3964800000003
6227.915232110522	2286.9181668231	3.288346711174034	2589.3964800000003
6236.553856134605	2290.208181093321	3.291682220486929	2590.3964800000003
6245.201898534512	2293.501532046669	3.295020077584261	2591.3964800000003
6253.859366427459	2296.7982220313957	3.298360283400344	2592.3964800000003
6262.526266933457	2300.098253396687	3.30170283886949	2593.3964800000003
6271.202607175319	2303.401628492664	3.3050477449260116	2594.3964800000003
6279.888394278665	2306.70834967038	3.30839500250422	2595.3964800000003
6288.583635371912	2310.018419281824	3.3117446125384267	2596.3964800000003
6297.288337586286	2313.33183967992	3.3150965759629445	2597.3964800000003
6306.002508055815	2316.6486132185255	3.3184508937120865	2598.3964800000003
6314.72615391733	2319.9687422524307	3.321807566720164	2599.3964800000003
6323.459282310462	2323.2922291373625	3.3251665959214893	2600.3964800000003
6332.201900377642	2326.6190762299825	3.3285279822503737	2601.3964800000003
6340.954015264118	2329.9492858878843	3.3318917266411305	2602.3964800000003
6349.715634117921	2333.2828604695974	3.3352578300280706	2603.3964800000003
6358.486764089905	2336.6198023345837	3.3386262933455075	2604.3964800000003
6367.267412333712	2339.960113843243	3.341997117527753	2605.3964800000003
6376.057586005791	2343.303797356906	3.345370303509118	2606.3964800000003
6384.8572922653975	2346.650855237839	3.348745852223915	2607.3964800000003
6393.6665382745905	2350.0012898492428	3.352123764606457	2608.3964800000003
6402.485331198223	2353.3551035552523	3.355504041591056	2609.3964800000003
6411.313678203961	2356.7122987209373	3.358886684112023	2610.3964800000003
6420.151586462269	2360.0728777123004	3.3622716931036716	2611.3964800000003
6428.999063146415	2363.436842896279	3.365659069500313	2612.3964800000003
6437.856115432467	2366.8041966407473	3.3690488142362587	2613.3964800000003
6446.722750499302	2370.17494131451	3.3724409282458225	2614.3964800000003
6455.598975528593	2373.5490792873084	3.3758354124633145	2615.3964800000003
6464.484797704827	2376.9266129298176	3.379232267823049	2616.3964800000003
6473.38022421528	2380.3075446136463	3.3826314952593366	2617.3964800000003
6482.285262250036	2383.6918767113393	3.3860330957064892	2618.3964800000003
6491.19991900199	2387.0796115963744	3.38943707009882	2619.3964800000003
6500.124201666828	2390.470751643164	3.392843419370641	2620.3964800000003
6509.058117443047	2393.8652992270536	3.3962521444562634	2621.3964800000003
6518.001673531944	2397.263256724326	3.39966324629	2622.3964800000003
6526.9548771376185	2400.664626512195	3.403076725806163	2623.3964800000003
6535.9177354669755	2404.06941096881	3.406492583939064	2624.3964800000003
6544.890255729717	2407.477612473256	3.409910821623015	2625.3964800000003
6553.872445138354	2410.8892334055513	3.413331439792329	2626.3964800000003
6562.8643109082	2414.3042761466477	3.416754439381317	2627.3964800000003
6571.865860257367	2417.7227430784324	3.4201798213242927	2628.3964800000003
6580.87710040678	2421.1446365837255	3.4236075865555673	2629.3964800000003
6589.898038580148	2424.569959046284	3.427037736009452	2630.3964800000003
6598.928682004001	2427.998712850797	3.430470270620259	2631.3964800000003
6607.96903790767	2431.430900382889	3.433905191322303	2632.3964800000003
6617.019113523277	2434.8665240291166	3.437342499049893	2633.3964800000003
6626.0789160857585	2438.3055861769744	3.440782194737343	2634.3964800000003
6635.1484528328465	2441.7480892148897	3.444224279318964	2635.3964800000003
6644.227731005084	2445.194035532222	3.4476687537290696	2636.3964800000003
6653.316757845807	2448.643427519268	3.451115618901969	2637.3964800000003
6662.415540601164	2452.0962675672586	3.454564875771977	2638.3964800000003
6671.524086520104	2455.552558068356	3.4580165252734063	2639.3964800000003
6680.642402854372	2459.0123014156607	3.461470568340567	2640.3964800000003
6689.770496858522	2462.4755000032037	3.4649270059077706	2641.3964800000003
6698.90837578991	2465.942156225954	3.468385838909331	2642.3964800000003
6708.0560469087	2469.412272479812	3.4718470682795606	2643.3964800000003
6717.213517477847	2472.8858511616145	3.475310694952771	2644.3964800000003
6726.3807947631185	2476.3628946691306	3.478776719863273	2645.3964800000003
6735.557886033081	2479.843405401064	3.482245143945379	2646.3964800000003
6744.744798559106	2483.3273857570566	3.4857159681334027	2647.3964800000003
6753.941539615369	2486.8148381376786	3.489189193361655	2648.3964800000003
6763.148116478846	2490.305764944438	3.492664820564449	2649.3964800000003
6772.364536429312	2493.8001685797767	3.4961428506760948	2650.3964800000003
6781.590806749355	2497.298051447071	3.499623284630907	2651.3964800000003
6790.826934724358	2500.799415950631	3.5031061233631964	2652.3964800000003
6800.072927642511	2504.3042644957013	3.5065913678072755	2653.3964800000003
6809.328792794798	2507.8125994884604	3.510079018897455	2654.3964800000003
6818.594537475023	2511.324423336023	3.5135690775680493	2655.3964800000003
6827.870168979775	2514.839738446435	3.5170615447533686	2656.3964800000003
6837.155694608462	2518.3585472286795	3.520556421387726	2657.3964800000003
6846.451121663283	2521.8808520926714	3.524053708405434	2658.3964800000003
6855.756457449241	2525.406655449263	3.527553406740804	2659.3964800000003
6865.071709274147	2528.9359597102375	3.5310555173281477	2660.3964800000003
6874.396884448614	2532.4687672883147	3.534560041101778	2661.3964800000003
6883.731990286056	2536.0050805971478	3.5380669789960066	2662.3964800000003
6893.077034102688	2539.5449020513247	3.5415763319451457	2663.3964800000003
6902.432023217539	2543.088234066368	3.5450881008835085	2664.3964800000003
6911.796964952422	2546.635079058733	3.548602286745405	2665.3964800000003
6921.171866631969	2550.185439445811	3.552118890465149	2666.3964800000003
6930.556735583607	2553.7393176459273	3.5556379129770512	2667.3964800000003
6939.951579137571	2557.296716078341	3.5591593552154253	2668.3964800000003
6949.356404626893	2560.8576371632457	3.562683218114582	2669.3964800000003
6958.771219387415	2564.4220833217687	3.5662095026088347	2670.3964800000003
6968.196030757777	2567.9900569759725	3.5697382096324946	2671.3964800000003
6977.630846079421	2571.5615605488547	3.573269340119874	2672.3964800000003
6987.075672696594	2575.1365964643455	3.576802895005285	2673.3964800000003
6996.5305179563475	2578.7151671473093	3.5803388752230396	2674.3964800000003
7005.995389208533	2582.2972750235463	3.5838772817074496	2675.3964800000003
7015.470293805811	2585.8829225197915	3.587418115392829	2676.3964800000003
7024.955239103632	2589.472112063711	3.590961377213487	2677.3964800000003
7034.450232460266	2593.0648460839084	3.5945070681037388	2678.3964800000003
7043.955281236772	2596.6611270099193	3.5980551889978933	2679.3964800000003
7053.4703927970195	2600.2609572722167	3.6016057408302653	2680.3964800000003
7062.995574507681	2603.8643393022044	3.6051587245351664	2681.3964800000003
7072.530833738228	2607.471275532223	3.6087141410469075	2682.3964800000003
7082.076177860932	2611.081768395545	3.6122719912998007	2683.3964800000003
7091.631614250878	2614.6958203263807	3.6158322762281587	2684.3964800000003
7101.19715028595	2618.3134337598713	3.619394996766295	2685.3964800000003
7110.772793346828	2621.9346111320947	3.6229601538485197	2686.3964800000003
7120.358550817003	2625.559354880061	3.626527748409145	2687.3964800000003
7129.9544300827665	2629.187667441717	3.630097781382485	2688.3964800000003
7139.56043853321	2632.8195512559423	3.6336702537028494	2689.3964800000003
7149.176583560231	2636.4550087625503	3.6372451663045515	2690.3964800000003
7158.80287255853	2640.0940424022892	3.6408225201219033	2691.3964800000003
7168.439312925611	2643.7366546168437	3.6444023160892165	2692.3964800000003
7178.08591206178	2647.3828478488294	3.647984555140804	2693.3964800000003
7187.742677370142	2651.0326245417987	3.6515692382109775	2694.3964800000003
7197.409616256613	2654.685987140236	3.655156366234049	2695.3964800000003
7207.086736129903	2658.3429380895623	3.658745940144331	2696.3964800000003
7216.774044401535	2662.003479836131	3.662337960876135	2697.3964800000003
7226.471548485822	2665.667614827233	3.665932429363773	2698.3964800000003
7236.179255799892	2669.3353455110896	3.669529346541558	2699.3964800000003
7245.897173763675	2673.006674336857	3.6731287133438015	2700.3964800000003
7255.625309799892	2676.6816037546296	3.6767305307048153	2701.3964800000003
7265.363671334084	2680.3601362154313	3.6803347995589135	2702.3964800000003
7275.112265794575	2684.0422741712237	3.6839415208404054	2703.3964800000003
7284.871100612511	2687.728020074899	3.687550695483604	2704.3964800000003
7294.640183221835	2691.417376380289	3.691162324422823	2705.3964800000003
7304.419521059286	2695.1103455421553	3.6947764085923724	2706.3964800000003
7314.2091215644095	2698.806930016196	3.698392948926566	2707.3964800000003
7324.008992179561	2702.507132259041	3.7020119463597148	2708.3964800000003
7333.819140349886	2706.210954728259	3.7056334018261308	2709.3964800000003
7343.6395735233455	2709.918399882349	3.7092573162601266	2710.3964800000003
7353.470299150697	2713.6294701807474	3.7128836905960148	2711.3964800000003
7363.311324685501	2717.34416808382	3.716512525768106	2712.3964800000003
7373.162657584123	2721.062496052873	3.720143822710714	2713.3964800000003
7383.024305305732	2724.784456550143	3.7237775823581503	2714.3964800000003
7392.896275312291	2728.510052038803	3.7274138056447264	2715.3964800000003
7402.778575068585	2732.2392849829566	3.7310524935047553	2716.3964800000003
7412.67121204218	2735.972157847648	3.7346936468725485	2717.3964800000003
7422.57419370346	2739.70867309885	3.738337266682419	2718.3964800000003
7432.487527525605	2743.448833203472	3.7419833538686778	2719.3964800000003
7442.411220984601	2747.192640629358	3.7456319093656374	2720.3964800000003
7452.345281559236	2750.9400978452845	3.749282934107609	2721.3964800000003
7462.289716731101	2754.6912073209655	3.7529364290289067	2722.3964800000003
7472.244533984589	2758.445971527047	3.7565923950638416	2723.3964800000003
7482.2097408068985	2762.20439293511	3.7602508331467255	2724.3964800000003
7492.185344688024	2765.9664740176677	3.76391174421187	2725.3964800000003
7502.171353120776	2769.7322172481718	3.767575129193589	2726.3964800000003
7512.167773600755	2773.5016251010056	3.771240989026194	2727.3964800000003
7522.174613626372	2777.2747000514864	3.774909324643996	2728.3964800000003
7532.191880698835	2781.0514445758663	3.778580136981308	2729.3964800000003
7542.21958232216	2784.831861151333	3.7822534269724417	2730.3964800000003
7552.257726003165	2788.6159522560074	3.78592919555171	2731.3964800000003
7562.306319251473	2792.4037203689445	3.7896074436534244	2732.3964800000003
7572.365369579499	2796.195167970133	3.7932881722118963	2733.3964800000003
7582.434884502479	2799.9902975404984	3.7969713821614395	2734.3964800000003
7592.514871538433	2803.789111561898	3.800657074436365	2735.3964800000003
7602.605338208201	2807.5916125171248	3.804345249970985	2736.3964800000003
7612.70629203541	2811.3978028899046	3.808035909699611	2737.3964800000003
7622.817740546505	2815.207685164899	3.8117290545565563	2738.3964800000003
7632.939691270723	2819.021261827705	3.8154246854761333	2739.3964800000003
7643.072151740105	2822.8385353648514	3.819122803392652	2740.3964800000003
7653.215129489507	2826.6595082638005	3.822823409240427	2741.3964800000003
7663.36863205657	2830.4841830129535	3.826526503953769	2742.3964800000003
7673.532666981749	2834.312562101642	3.83023208846699	2743.3964800000003
7683.707241808298	2838.1446480201325	3.8339401637144026	2744.3964800000003
7693.892364082282	2841.980443259627	3.837650730630319	2745.3964800000003
7704.088041352553	2845.81995031226	3.841363790149051	2746.3964800000003
7714.294281170782	2849.6631716711036	3.845079343204911	2747.3964800000003
7724.511091091432	2853.510109830161	3.848797390732211	2748.3964800000003
7734.738478671776	2857.360767284371	3.852517933665262	2749.3964800000003
7744.976451471886	2861.2151465296047	3.856240972938378	2750.3964800000003
7755.225017054641	2865.073250062672	3.8599665094858704	2751.3964800000003
7765.484182985714	2868.9350803813127	3.8636945442420507	2752.3964800000003
7775.75395683359	2872.8006399842034	3.867425078141232	2753.3964800000003
7786.034346169556	2876.6699313709537	3.871158112117725	2754.3964800000003
7796.325358567695	2880.5429570421097	3.8748936471058437	2755.3964800000003
7806.627001604904	2884.419719499148	3.878631684039899	2756.3964800000003
7816.93928286087	2888.3002212444826	3.882372223854203	2757.3964800000003
7827.262209918095	2892.1844647814605	3.886115267483068	2758.3964800000003
7837.595790361872	2896.072452614365	3.8898608158608057	2759.3964800000003
7847.940031780312	2899.964187248411	3.8936088699217297	2760.3964800000003
7858.294941764313	2903.859671189748	3.8973594306001504	2761.3964800000003
7868.660527907588	2907.758906945461	3.901112498830381	2762.3964800000003
7879.036797806645	2911.6618970235704	3.904868075546733	2763.3964800000003
7889.423759060803	2915.5686439330284	3.908626161683518	2764.3964800000003
7899.8214192721725	2919.479150183723	3.91238675817505	2765.3964800000003
7910.229786045678	2923.3934182864746	3.9161498659556386	2766.3964800000003
7920.6488669890405	2927.3114507530413	3.919915485959598	2767.3964800000003
7931.078669712788	2931.233250096113	3.923683619121239	2768.3964800000003
7941.51920183025	2935.1588188293144	3.927454266374875	2769.3964800000003
7951.970470957551	2939.0881594672055	3.931227428654817	2770.3964800000003
7962.432484713636	2943.0212745252775	3.935003106895377	2771.3964800000003
7972.905250720237	2946.958166519961	3.9387813020308684	2772.3964800000003
7983.388776601895	2950.898837968616	3.9425620149956018	2773.3964800000003
7993.883069985953	2954.84329138954	3.94634524672389	2774.3964800000003
8004.3881385025625	2958.7915293019632	3.950130998150046	2775.3964800000003
8014.903989784667	2962.7435542260505	3.95391927020838	2776.3964800000003
8025.430631468022	2966.6993686829023	3.957710063833206	2777.3964800000003
8035.968071191177	2970.6589751945507	3.961503379958834	2778.3964800000003
8046.516316595498	2974.622376283964	3.9652992195195775	2779.3964800000003
8057.075375325146	2978.589574475046	3.9690975834497495	2780.3964800000003
8067.6452550270815	2982.560572292632	3.972898472683661	2781.3964800000003
8078.225963351069	2986.535372262493	3.976701888155624	2782.3964800000003
8088.817507949685	2990.513976911334	3.9805078307999504	2783.3964800000003
8099.4198964782945	2994.496388766795	3.984316301550952	2784.3964800000003
8110.033136595085	2998.48261035745	3.988127301342943	2785.3964800000003
8120.657235961023	3002.4726442128062	3.9919408311102336	2786.3964800000003
8131.2922022399	3006.4664928633065	3.9957568917871362	2787.3964800000003
8141.938043098295	3010.4641588403283	3.9995754843079636	2788.3964800000003
8152.594766205593	3014.465644676182	4.003396609607027	2789.3964800000003
8163.262379233995	3018.4709529041133	4.00722026861864	2790.3964800000003
8173.9408898584825	3022.4800860583014	4.011046462277111	2791.3964800000003
8184.630305756857	3026.493046673861	4.014875191516757	2792.3964800000003
8195.330634609722	3030.50983728684	4.018706457271888	2793.3964800000003
8206.041884100476	3034.530460434222	4.0225402604768155	2794.3964800000003
8216.764061915323	3038.5549186539215	4.026376602065851	2795.3964800000003
8227.49717574327	3042.5832144847923	4.0302154829733094	2796.3964800000003
8238.241233276132	3046.6153504666195	4.0340569041335	2797.3964800000003
8248.996242208523	3050.6513291401225	4.0379008664807365	2798.3964800000003
8259.762210237857	3054.691153046955	4.041747370949331	2799.3964800000003
8270.539145064356	3058.7348247297055	4.045596418473594	2800.3964800000003
8281.327054391044	3062.7823467318985	4.04944800998784	2801.3964800000003
8292.125945923739	3066.83372159799	4.053302146426379	2802.3964800000003
8302.935827371082	3070.8889518733713	4.057158828723525	2803.3964800000003
8313.756706444496	3074.9480401043675	4.0610180578135875	2804.3964800000003
8324.588590858217	3079.010988838241	4.064879834630881	2805.3964800000003
8335.431488329285	3083.0778006231835	4.068744160109717	2806.3964800000003
8346.285406577537	3087.148478008326	4.072611035184408	2807.3964800000003
8357.15035332562	3091.2230235437287	4.076480460789264	2808.3964800000003
8368.02633629898	3095.301439780392	4.0803524378586005	2809.3964800000003
8378.913363225862	3099.3837292702456	4.0842269673267255	2810.3964800000003
8389.81144183732	3103.4698945661567	4.088104050127955	2811.3964800000003
8400.720579867215	3107.559938221924	4.091983687196599	2812.3964800000003
8411.640785052195	3111.6538627922837	4.09586587946697	2813.3964800000003
8422.572065131732	3115.7516708329035	4.099750627873381	2814.3964800000003
8433.51442784808	3119.8533649003875	4.103637933350143	2815.3964800000003
8444.467880946311	3123.9589475522716	4.107527796831567	2816.3964800000003
8455.432432174297	3128.0684213470295	4.111420219251968	2817.3964800000003
8466.408089282702	3132.181788844067	4.115315201545656	2818.3964800000003
8477.394860025015	3136.299052603724	4.119212744646945	2819.3964800000003
8488.392752157499	3140.420215187274	4.123112849490144	2820.3964800000003
8499.401773439247	3144.545279156929	4.127015517009568	2821.3964800000003
8510.42193163214	3148.674247075831	4.130920748139528	2822.3964800000003
8521.453234500867	3152.807121508057	4.1348285438143355	2823.3964800000003
8532.495689812913	3156.94390501862	4.138738904968304	2824.3964800000003
8543.549305338582	3161.084600173464	4.142651832535745	2825.3964800000003
8554.614088850958	3165.2292095394732	4.1465673274509705	2826.3964800000003
8565.690048125947	3169.3777356844607	4.150485390648292	2827.3964800000003
8576.777190942252	3173.5301811771756	4.154406023062023	2828.3964800000003
8587.875525081376	3177.686548587301	4.158329225626475	2829.3964800000003
8598.985058327622	3181.8468404854566	4.162254999275959	2830.3964800000003
8610.105798468108	3186.0110594431935	4.1661833449447885	2831.3964800000003
8621.237753292748	3190.179208032998	4.170114263567275	2832.3964800000003
8632.380930594252	3194.3512888282903	4.174047756077731	2833.3964800000003
8643.535338168149	3198.5273044034266	4.177983823410469	2834.3964800000003
8654.700983812754	3202.707257333697	4.181922466499799	2835.3964800000003
8665.877875329195	3206.891150195324	4.185863686280036	2836.3964800000003
8677.066020521404	3211.078985565465	4.18980748368549	2837.3964800000003
8688.265427196107	3215.2707660222145	4.193753859650474	2838.3964800000003
8699.476103162842	3219.4664941445976	4.1977028151093005	2839.3964800000003
8710.698056233945	3223.666172512576	4.2016543509962805	2840.3964800000003
8721.931294224558	3227.8698037070444	4.205608468245727	2841.3964800000003
8733.175824952621	3232.077390309833	4.2095651677919514	2842.3964800000003
8744.431656238881	3236.288934903705	4.213524450569266	2843.3964800000003
8755.69879590689	3240.50444007236	4.217486317511984	2844.3964800000003
8766.977251782997	3244.7239084004286	4.221450769554416	2845.3964800000003
8778.26703169636	3248.9473424734792	4.225417807630874	2846.3964800000003
8789.568143478935	3253.174744878014	4.229387432675672	2847.3964800000003
8800.880594965482	3257.406118201466	4.233359645623121	2848.3964800000003
8812.204393993565	3261.641465032206	4.237334447407533	2849.3964800000003
8823.53954840355	3265.880787959538	4.241311838963219	2850.3964800000003
8834.886066038609	3270.1240895737	4.245291821224493	2851.3964800000003
8846.243954744717	3274.3713724658664	4.249274395125667	2852.3964800000003
8857.61322237064	3278.6226392281433	4.253259561601052	2853.3964800000003
8868.993876767963	3282.8778924535713	4.257247321584959	2854.3964800000003
8880.385925791077	3287.1371347361273	4.261237676011705	2855.3964800000003
8891.78937729715	3291.4003686707206	4.2652306258155965	2856.3964800000003
8903.204239146175	3295.667596853196	4.269226171930949	2857.3964800000003
8914.63051920094	3299.938821880331	4.273224315292072	2858.3964800000003
8926.068225327042	3304.2140463498404	4.277225056833281	2859.3964800000003
8937.517365392878	3308.493272860369	4.281228397488885	2860.3964800000003
8948.977947269648	3312.7765040115005	4.285234338193199	2861.3964800000003
8960.449978831346	3317.0637424037495	4.289242879880531	2862.3964800000003
8971.933467954785	3321.3549906385674	4.293254023485197	2863.3964800000003
8983.42842251957	3325.6502513183377	4.297267769941508	2864.3964800000003
8994.93485040811	3329.9495270463794	4.301284120183775	2865.3964800000003
9006.452759505619	3334.2528204269447	4.305303075146311	2866.3964800000003
9017.982157700115	3338.5601340652233	4.309324635763429	2867.3964800000003
9029.523052882421	3342.871470567335	4.31334880296944	2868.3964800000003
9041.075452946152	3347.186832540337	4.317375577698655	2869.3964800000003
9052.63936578774	3351.506222592218	4.321404960885388	2870.3964800000003
9064.21479930641	3355.8296433319047	4.325436953463951	2871.3964800000003
9075.801761404196	3360.1570973692546	4.329471556368656	2872.3964800000003
9087.400259985925	3364.4885873150624	4.333508770533813	2873.3964800000003
9099.010302959245	3368.8241157810544	4.337548596893737	2874.3964800000003
9110.631898234586	3373.163685379892	4.341591036382738	2875.3964800000003
9122.265053725201	3377.507298725174	4.34563608993513	2876.3964800000003
9133.909777347126	3381.8549584314287	4.349683758485224	2877.3964800000003
9145.566077019217	3386.206667114122	4.353734042967332	2878.3964800000003
9157.233960663121	3390.562427389652	4.357786944315766	2879.3964800000003
9168.913436203296	3394.9222418753534	4.361842463464838	2880.3964800000003
9180.604511567002	3399.2861131894933	4.365900601348862	2881.3964800000003
9192.307194684296	3403.6540439512746	4.369961358902148	2882.3964800000003
9204.021493488044	3408.0260367808323	4.37402473705901	2883.3964800000003
9215.747415913906	3412.4020942992383	4.378090736753757	2884.3964800000003
9227.484969900359	3416.782219128497	4.3821593589207035	2885.3964800000003
9239.234163388672	3421.1664138915485	4.386230604494162	2886.3964800000003
9250.995004322924	3425.554681212265	4.390304474408443	2887.3964800000003
9262.767500649989	3429.947023715457	4.39438096959786	2888.3964800000003
9274.55166031955	3434.3434440268643	4.398460090996724	2889.3964800000003
9286.347491284088	3438.743944773166	4.402541839539347	2890.3964800000003
9298.155001498895	3443.148528581969	4.406626216160042	2891.3964800000003
9309.974198922064	3447.557198081822	4.410713221793122	2892.3964800000003
9321.805091514476	3451.9699559022047	4.414802857372896	2893.3964800000003
9333.647687239838	3456.3868046735292	4.418895123833679	2894.3964800000003
9345.501994064643	3460.8077470271433	4.422990022109782	2895.3964800000003
9357.368019958196	3465.232785595332	4.427087553135518	2896.3964800000003
9369.245772892598	3469.6619230113097	4.431187717845197	2897.3964800000003
9381.135260842762	3474.095161909227	4.435290517173133	2898.3964800000003
9393.036491786395	3478.5325049241737	4.439395952053638	2899.3964800000003
9404.949473704008	3482.973954692164	4.443504023421022	2900.3964800000003
9416.874214578924	3487.4195138501564	4.447614732209601	2901.3964800000003
9428.810722397257	3491.8691850360356	4.451728079353684	2902.3964800000003
9440.759005147935	3496.3229708886256	4.455844065787583	2903.3964800000003
9452.719070822677	3500.7808740476858	4.459962692445613	2904.3964800000003
9464.690927416017	3505.242897153904	4.464083960262084	2905.3964800000003
9476.67458292528	3509.7090428489064	4.468207870171307	2906.3964800000003
9488.670045350602	3514.179313775255	4.472334423107596	2907.3964800000003
9500.67732269492	3518.6537125764426	4.476463620005262	2908.3964800000003
9512.696422963983	3523.1322418968984	4.48059546179862	2909.3964800000003
9524.727354166318	3527.614904381983	4.484729949421977	2910.3964800000003
9536.770124313278	3532.101702677996	4.488867083809648	2911.3964800000003
9548.824741419021	3536.5926394321696	4.493006865895947	2912.3964800000003
9560.891213500483	3541.0877172926666	4.4971492966151825	2913.3964800000003
9572.969548577428	3545.586938908588	4.501294376901669	2914.3964800000003
9585.059754672413	3550.09030692997	4.505442107689717	2915.3964800000003
9597.1618398108	3554.5978240077793	4.509592489913641	2916.3964800000003
9609.275812020745	3559.1094927939207	4.51374552450775	2917.3964800000003
9621.40167933322	3563.6253159412295	4.517901212406358	2918.3964800000003
9633.539449781993	3568.1452961034793	4.522059554543777	2919.3964800000003
9645.689131403635	3572.6694359353755	4.526220551854319	2920.3964800000003
9657.850732237526	3577.197738092557	4.530384205272296	2921.3964800000003
9670.024260325836	3581.7302052315995	4.534550515732018	2922.3964800000003
9682.209723713557	3586.2668400100133	4.538719484167802	2923.3964800000003
9694.407130448464	3590.807645086239	4.542891111513956	2924.3964800000003
9706.616488581149	3595.3526231196565	4.547065398704794	2925.3964800000003
9718.837806164998	3599.9017767705755	4.551242346674628	2926.3964800000003
9731.071091256206	3604.455108700242	4.555421956357769	2927.3964800000003
9743.316351913767	3609.0126215708406	4.55960422868853	2928.3964800000003
9755.573596199481	3613.57431804548	4.563789164601221	2929.3964800000003
9767.842832177952	3618.140200788215	4.567976765030159	2930.3964800000003
9780.124067916582	3622.7102724640245	4.572167030909652	2931.3964800000003
9792.417311485575	3627.2845357388287	4.576359963174012	2932.3964800000003
9804.722570957949	3631.8629932794793	4.580555562757554	2933.3964800000003
9817.039854409513	3636.4456477537615	4.584753830594588	2934.3964800000003
9829.369169918882	3641.032501830397	4.588954767619425	2935.3964800000003
9841.710525567476	3645.623558179042	4.59315837476638	2936.3964800000003
9854.063929439522	3650.218819470282	4.597364652969763	2937.3964800000003
9866.42938962204	3654.8182883756454	4.601573603163888	2938.3964800000003
9878.806914204863	3659.4219675675854	4.605785226283065	2939.3964800000003
9891.196511280614	3664.0298597194965	4.609999523261608	2940.3964800000003
9903.59818894473	3668.6419675057073	4.614216495033827	2941.3964800000003
9916.011955295453	3673.2582936014737	4.618436142534036	2942.3964800000003
9928.437818433818	3677.8788406829945	4.622658466696546	2943.3964800000003
9940.875786463666	3682.5036114274	4.62688346845567	2944.3964800000003
9953.32586749165	3687.1326085127494	4.6311111487457195	2945.3964800000003
9965.788069627211	3691.7658346180465	4.635341508501007	2946.3964800000003
9978.262400982605	3696.4032924232188	4.639574548655843	2947.3964800000003
9990.748869672883	3701.0449846091346	4.643810270144542	2948.3964800000003
10003.247483815907	3705.6909138575975	4.648048673901416	2949.3964800000003
10015.758251532336	3710.341082851339	4.652289760860775	2950.3964800000003
10028.281180945627	3714.9954942740314	4.656533531956932	2951.3964800000003
10040.816280182058	3719.654150810277	4.660779988124201	2952.3964800000003
10053.363557370685	3724.3170551456133	4.66502913029689	2953.3964800000003
10065.92302064339	3728.9842099665175	4.669280959409316	2954.3964800000003
10078.494678134846	3733.6556179603904	4.673535476395788	2955.3964800000003
10091.078537982523	3738.3312818155773	4.677792682190617	2956.3964800000003
10103.674608326715	3743.011204221353	4.682052577728119	2957.3964800000003
10116.282897310499	3747.695387867926	4.686315163942604	2958.3964800000003
10128.903413079755	3752.383835446443	4.690580441768383	2959.3964800000003
10141.536163783185	3757.076549648979	4.69484841213977	2960.3964800000003
10154.18115757228	3761.773533168548	4.699119075991076	2961.3964800000003
10166.83840260133	3766.4747886990995	4.703392434256615	2962.3964800000003
10179.507907027431	3771.1803189355114	4.707668487870695	2963.3964800000003
10192.189679010495	3775.8901265736004	4.711947237767633	2964.3964800000003
10204.883726713218	3780.6042143101195	4.716228684881738	2965.3964800000003
10217.59005830111	3785.3225848427483	4.720512830147323	2966.3964800000003
10230.30868194248	3790.0452408701094	4.7247996744987	2967.3964800000003
10243.039605808448	3794.772185091753	4.7290892188701825	2968.3964800000003
10255.782838072915	3799.503420208167	4.7333814641960785	2969.3964800000003
10268.538386912616	3804.238948920775	4.737676411410705	2970.3964800000003
10281.306260507068	3808.9787739319295	4.741974061448372	2971.3964800000003
10294.086467038589	3813.7228979449224	4.7462744152433896	2972.3964800000003
10306.879014692315	3818.47132366398	4.750577473730074	2973.3964800000003
10319.683911656173	3823.2240537942585	4.7548832378427335	2974.3964800000003
10332.5011661209	3827.9810910418537	4.759191708515684	2975.3964800000003
10345.330786280028	3832.7424381137885	4.763502886683234	2976.3964800000003
10358.172780329904	3837.508097718028	4.767816773279698	2977.3964800000003
10371.027156469661	3842.2780725634693	4.772133369239387	2978.3964800000003
10383.89392290125	3847.05236535994	4.776452675496612	2979.3964800000003
10396.77308782942	3851.830978818207	4.7807746929856885	2980.3964800000003
10409.664659461723	3856.6139156499667	4.785099422640926	2981.3964800000003
10422.568646008509	3861.4011785678545	4.789426865396637	2982.3964800000003
10435.485055682939	3866.1927702854387	4.793757022187133	2983.3964800000003
10448.413896700973	3870.9886935172185	4.798089893946728	2984.3964800000003
10461.355177281372	3875.788950978632	4.802425481609733	2985.3964800000003
10474.308905645703	3880.593545386051	4.80676378611046	2986.3964800000003
10487.275090018331	3885.4024794567777	4.81110480838322	2987.3964800000003
10500.25373862644	3890.2157559090538	4.815448549362329	2988.3964800000003
10513.24485969999	3895.033377462049	4.819795009982094	2989.3964800000003
10526.248461471772	3899.8553468358746	4.824144191176831	2990.3964800000003
10539.264552177352	3904.6816667515736	4.82849609388085	2991.3964800000003
10552.293140055132	3909.5123399311183	4.832850719028465	2992.3964800000003
10565.33423334628	3914.347369097422	4.837208067553985	2993.3964800000003
10578.3878402948	3919.1867569743304	4.8415681403917254	2994.3964800000003
10591.453969147477	3924.030506286621	4.8459309384759965	2995.3964800000003
10604.532628153907	3928.87861976001	4.850296462741111	2996.3964800000003
10617.623825566492	3933.731100121142	4.85466471412138	2997.3964800000003
10630.727569640432	3938.5879500976007	4.859035693551117	2998.3964800000003
10643.843868633729	3943.449172417906	4.863409401964636	2999.3964800000003
10656.972730807189	3948.314769811504	4.867785840296243	3000.3964800000003
10670.114164424425	3953.1847450087826	4.8721650094802555	3001.3964800000003
10683.268177751852	3958.05910074106	4.876546910450984	3002.3964800000003
10696.434779058683	3962.9378397405903	4.88093154414274	3003.3964800000003
10709.613976616934	3967.8209647405647	4.885318911489836	3004.3964800000003
10722.805778701433	3972.708478475101	4.889709013426586	3005.3964800000003
10736.0101935898	3977.600383679258	4.8941018508872975	3006.3964800000003
10749.227229562466	3982.496683089028	4.898497424806287	3007.3964800000003
10762.45689490266	3987.3973794413346	4.9028957361178644	3008.3964800000003
10775.699197896418	3992.30247547404	4.907296785756344	3009.3964800000003
10788.954146832573	3997.2119739259347	4.911700574656035	3010.3964800000003
10802.221750002765	4002.125877536749	4.916107103751251	3011.3964800000003
10815.502015701439	4007.044189047148	4.920516373976305	3012.3964800000003
10828.794952225837	4011.9669111987237	4.924928386265507	3013.3964800000003
10842.10056787601	4016.8940467340103	4.92934314155317	3014.3964800000003
10855.418870954807	4021.8255983964746	4.933760640773607	3015.3964800000003
10868.749869767884	4026.7615689305135	4.938180884861129	3016.3964800000003
10882.0935726237	4031.701961081464	4.94260387475005	3017.3964800000003
10895.449987833508	4036.6467775955925	4.9470296113746794	3018.3964800000003
10908.819123711375	4041.596021220103	4.95145809566933	3019.3964800000003
10922.200988574177	4046.549694703133	4.9558893285683165	3020.3964800000003
10935.595590741563	4051.5078007937523	4.960323311005947	3021.3964800000003
10949.002938536018	4056.470342241968	4.964760043916536	3022.3964800000003
10962.423040282814	4061.4373217987218	4.969199528234396	3023.3964800000003
10975.855904310032	4066.4087422158846	4.973641764893839	3024.3964800000003
10989.301538948543	4071.384606246268	4.978086754829175	3025.3964800000003
11002.75995253204	4076.364916643613	4.982534498974719	3026.3964800000003
11016.231153397002	4081.349676162598	4.986984998264779	3027.3964800000003
11029.71514988272	4086.338887558836	4.991438253633671	3028.3964800000003
11043.211950331297	4091.3325535888703	4.995894266015706	3029.3964800000003
11056.721563087616	4096.3306770101835	5.000353036345198	3030.3964800000003
11070.24399649938	4101.333260581188	5.004814565556455	3031.3964800000003
11083.779258917088	4106.340307061234	5.0092788545837905	3032.3964800000003
11097.327358694045	4111.351819210607	5.01374590436152	3033.3964800000003
11110.888304186356	4116.367799790519	5.01821571582395	3034.3964800000003
11124.462103752934	4121.388251563126	5.022688289905396	3035.3964800000003
11138.048765755497	4126.413177291515	5.027163627540172	3036.3964800000003
11151.648298558546	4131.442579739703	5.031641729662585	3037.3964800000003
11165.260710529416	4136.476461672647	5.036122597206952	3038.3964800000003
11178.886010038217	4141.514825856236	5.040606231107581	3039.3964800000003
11192.524205457876	4146.557675057292	5.045092632298787	3040.3964800000003
11206.175305164128	4151.605012043576	5.049581801714883	3041.3964800000003
11219.839317535494	4156.656839583775	5.0540737402901765	3042.3964800000003
11233.516250953313	4161.713160447518	5.058568448958984	3043.3964800000003
11247.206113801723	4166.77397740537	5.063065928655616	3044.3964800000003
11260.908914467655	4171.839293228818	5.067566180314384	3045.3964800000003
11274.624661340858	4176.909110690297	5.072069204869601	3046.3964800000003
11288.353362813874	4181.983432563167	5.076575003255579	3047.3964800000003
11302.095027282056	4187.062261621728	5.08108357640663	3048.3964800000003
11315.849663143545	4192.1456006412145	5.085594925257065	3049.3964800000003
11329.617278799311	4197.233452397788	5.0901090507412	3050.3964800000003
11343.397882653095	4202.325819668551	5.094625953793342	3051.3964800000003
11357.191483111468	4207.422705231542	5.099145635347806	3052.3964800000003
11370.998088583783	4212.524111865727	5.103668096338903	3053.3964800000003
11384.817707482212	4217.630042351011	5.108193337700946	3054.3964800000003
11398.650348221723	4222.740499468231	5.112721360368247	3055.3964800000003
11412.496019220087	4227.85548599916	5.117252165275117	3056.3964800000003
11426.354728897879	4232.975004726506	5.121785753355869	3057.3964800000003
11440.226485678477	4238.099058433908	5.126322125544816	3058.3964800000003
11454.11129798806	4243.2276499059435	5.130861282776269	3059.3964800000003
11468.009174255616	4248.360781928119	5.135403225984541	3060.3964800000003
11481.920122912925	4253.498457286882	5.139947956103942	3061.3964800000003
11495.844152394575	4258.640678769609	5.144495474068786	3062.3964800000003
11509.781271137963	4263.787449164613	5.149045780813385	3063.3964800000003
11523.731487583285	4268.938771261139	5.15359887727205	3064.3964800000003
11537.694810173536	4274.094647849373	5.158154764379095	3065.3964800000003
11551.671247354516	4279.2550817204265	5.16271344306883	3066.3964800000003
11565.66080757483	4284.42007566635	5.167274914275568	3067.3964800000003
11579.663499285887	4289.589632480128	5.171839178933621	3068.3964800000003
11593.679330941895	4294.763754955678	5.176406237977302	3069.3964800000003
11607.708310999866	4299.942445887857	5.180976092340922	3070.3964800000003
11621.750447919618	4305.125708072445	5.185548742958793	3071.3964800000003
11635.805750163769	4310.313544306169	5.1901241907652285	3072.3964800000003
11649.874226197739	4315.505957386684	5.19470243669454	3073.3964800000003
11663.955884489751	4320.702950112577	5.199283481681038	3074.3964800000003
11678.05073351084	4325.904525283377	5.203867326659037	3075.3964800000003
11692.158781734825	4331.1106856995375	5.208453972562848	3076.3964800000003
11706.280037638351	4336.321434162455	5.213043420326784	3077.3964800000003
11720.414509700846	4341.536773474457	5.217635670885155	3078.3964800000003
11734.56220640455	4346.756706438802	5.222230725172274	3079.3964800000003
11748.723136234505	4351.98123585969	5.226828584122455	3080.3964800000003
11762.897307678562	4357.210364542247	5.231429248670008	3081.3964800000003
11777.084729227363	4362.444095292538	5.236032719749245	3082.3964800000003
11791.28540937436	4367.682430917566	5.2406389982944805	3083.3964800000003
11805.499356615805	4372.925374225262	5.245248085240022	3084.3964800000003
11819.726579450757	4378.172928024491	5.249859981520186	3085.3964800000003
11833.96708638108	4383.425095125058	5.254474688069284	3086.3964800000003
11848.220885911433	4388.681878337697	5.259092205821627	3087.3964800000003
11862.487986549275	4393.943280474081	5.263712535711527	3088.3964800000003
11876.768396804882	4399.209304346811	5.268335678673296	3089.3964800000003
11891.062125191325	4404.479952769429	5.272961635641247	3090.3964800000003
11905.369180224481	4409.755228556407	5.2775904075496936	3091.3964800000003
11919.68957042302	4415.035134523154	5.282221995332943	3092.3964800000003
11934.023304308423	4420.3196734860085	5.286856399925311	3093.3964800000003
11948.370390404978	4425.608848262253	5.29149362226111	3094.3964800000003
11962.730837239771	4430.90266167009	5.296133663274651	3095.3964800000003
11977.104653342689	4436.201116528672	5.300776523900247	3096.3964800000003
11991.49184724642	4441.504215658074	5.305422205072207	3097.3964800000003
12005.892427486466	4446.811961879309	5.310070707724847	3098.3964800000003
12020.306402601125	4452.124358014329	5.314722032792479	3099.3964800000003
12034.733781131488	4457.441406886011	5.31937618120941	3100.3964800000003
12049.174571621472	4462.763111318174	5.324033153909959	3101.3964800000003
12063.62878261778	4468.0894741355705	5.328692951828435	3102.3964800000003
12078.096422669907	4473.420498163882	5.333355575899148	3103.3964800000003
12092.57750033019	4478.756186229732	5.338021027056414	3104.3964800000003
12107.07202415372	4484.096541160669	5.342689306234542	3105.3964800000003
12121.580002698436	4489.441565785184	5.347360414367845	3106.3964800000003
12136.101444525042	4494.791262932702	5.352034352390636	3107.3964800000003
12150.63635819708	4500.145635433574	5.356711121237228	3108.3964800000003
12165.184752280866	4505.504686119095	5.36139072184193	3109.3964800000003
12179.746635345527	4510.868417821489	5.366073155139056	3110.3964800000003
12194.322015963002	4516.236833373915	5.370758422062917	3111.3964800000003
12208.910902708029	4521.60993561047	5.375446523547828	3112.3964800000003
12223.513304158148	4526.987727366176	5.380137460528099	3113.3964800000003
12238.129228893691	4532.370211477	5.384831233938041	3114.3964800000003
12252.758685497818	4537.75739077984	5.389527844711969	3115.3964800000003
12267.401682556458	4543.149268112524	5.3942272937841915	3116.3964800000003
12282.058228658378	4548.54584631382	5.398929582089025	3117.3964800000003
12296.728332395121	4553.947128223425	5.403634710560777	3118.3964800000003
12311.412002361052	4559.353116681974	5.408342680133762	3119.3964800000003
12326.109247153323	4564.7638145310375	5.413053491742293	3120.3964800000003
12340.820075371903	4570.179224613115	5.4177671463206805	3121.3964800000003
12355.544495619552	4575.599349771646	5.422483644803236	3122.3964800000003
12370.282516501838	4581.024192851002	5.427202988124274	3123.3964800000003
12385.034146627138	4586.453756696486	5.431925177218105	3124.3964800000003
12399.799394606624	4591.888044154341	5.436650213019042	3125.3964800000003
12414.57826905427	4597.327058071738	5.441378096461396	3126.3964800000003
12429.370778586857	4602.770801296788	5.4461088284794785	3127.3964800000003
12444.176931823975	4608.219276678535	5.4508424100076045	3128.3964800000003
12458.996737388003	4613.672487066951	5.455578841980085	3129.3964800000003
12473.830203904132	4619.130435312954	5.460318125331231	3130.3964800000003
12488.677340000346	4624.5931242683855	5.465060260995353	3131.3964800000003
12503.538154307449	4630.060556786026	5.469805249906766	3132.3964800000003
12518.412655459044	4635.532735719593	5.474553092999783	3133.3964800000003
12533.300852091521	4641.009663923731	5.479303791208714	3134.3964800000003
12548.202752844081	4646.491344254027	5.484057345467871	3135.3964800000003
12563.118366358738	4651.977779566996	5.488813756711567	3136.3964800000003
12578.047701280304	4657.468972720089	5.493573025874113	3137.3964800000003
12592.990766256387	4662.964926571696	5.4983351538898235	3138.3964800000003
12607.9475699374	4668.465643981132	5.503100141693007	3139.3964800000003
12622.91812097656	4673.971127808654	5.507867990217978	3140.3964800000003
12637.902428029898	4679.481380915454	5.51263870039905	3141.3964800000003
12652.90049975623	4684.996406163649	5.517412273170532	3142.3964800000003
12667.912344817185	4690.516206416301	5.522188709466737	3143.3964800000003
12682.937971877192	4696.040784537403	5.526968010221978	3144.3964800000003
12697.977389603484	4701.5701433918775	5.531750176370567	3145.3964800000003
12713.0306066661	4707.104285845588	5.536535208846815	3146.3964800000003