9.742712e-8	7.78799e-13	1.047129e-10	930.428808666363
9.969651e-8	8.092866e-13	1.0715190000000001e-10	930.4297850677403
1.020188e-7	8.409501e-13	1.096478e-10	930.4303501766565
1.043951e-7	8.73834e-13	1.1220180000000002e-10	930.4304728979391
1.068268e-7	9.079846e-13	1.148154e-10	930.4301338026083
1.093151e-7	9.434498e-13	1.174898e-10	930.4300752048265
1.118614e-7	9.802794e-13	1.202264e-10	930.4310890070733
1.14467e-7	1.018525e-12	1.230269e-10	930.4308124889759
1.171333e-7	1.05824e-12	1.258925e-10	930.4315844073315
1.198618e-7	1.09948e-12	1.28825e-10	930.4319773335923
1.226537e-7	1.142303e-12	1.318257e-10	930.4319438698221
1.255107e-7	1.186768e-12	1.348963e-10	930.4323896800727
1.284343e-7	1.232937e-12	1.380384e-10	930.4333644623524
1.314259e-7	1.280874e-12	1.412538e-10	930.4328865772108
1.344873e-7	1.330647e-12	1.4454399999999998e-10	930.4338516091987
1.376199e-7	1.382322e-12	1.479108e-10	930.4343044726957
1.408255e-7	1.435974e-12	1.513561e-10	930.4344917317505
1.441058e-7	1.491674e-12	1.548817e-10	930.4345941063405
1.474625e-7	1.549501e-12	1.584893e-10	930.435363781656
1.508974e-7	1.609534e-12	1.62181e-10	930.4358065001448
1.544122e-7	1.671855e-12	1.6595870000000001e-10	930.4355351964074
1.58009e-7	1.736551e-12	1.698244e-10	930.4360065514733
1.616896e-7	1.80371e-12	1.737801e-10	930.43682049901
1.654558e-7	1.873423e-12	1.7782789999999997e-10	930.4370878979058
1.693098e-7	1.945787e-12	1.8197010000000002e-10	930.4371750468895
1.732536e-7	2.0209e-12	1.862087e-10	930.4378415186832
1.772893e-7	2.098865e-12	1.905461e-10	930.4383499058758
1.814189e-7	2.179788e-12	1.9498450000000002e-10	930.4384696629733
1.856447e-7	2.263778e-12	1.9952619999999999e-10	930.4390289495815
1.89969e-7	2.350951e-12	2.041738e-10	930.4394146114731
1.94394e-7	2.441423e-12	2.089296e-10	930.4399253289146
1.989221e-7	2.535318e-12	2.1379620000000003e-10	930.4404630110357
2.035557e-7	2.632763e-12	2.187762e-10	930.4409381047847
2.082971e-7	2.733888e-12	2.238721e-10	930.441238046188
2.131491e-7	2.838831e-12	2.290868e-10	930.4418186949225
2.18114e-7	2.947732e-12	2.344229e-10	930.4421527589667
2.231946e-7	3.060738e-12	2.398833e-10	930.4426808285529
2.2839360000000003e-7	3.178e-12	2.454709e-10	930.4433967529349
2.337136e-7	3.299676e-12	2.511886e-10	930.443896243699
2.391576e-7	3.425927e-12	2.570396e-10	930.4442814531302
2.447283e-7	3.556923e-12	2.630268e-10	930.4445665726839
2.504289e-7	3.692838e-12	2.691535e-10	930.4452397535234
2.562622e-7	3.833852e-12	2.754229e-10	930.445630526728
2.622314e-7	3.980154e-12	2.818383e-10	930.4462174019641
2.683397e-7	4.131936e-12	2.884032e-10	930.4467909371325
2.745902e-7	4.289401e-12	2.951209e-10	930.4474518781965
2.809863e-7	4.452756e-12	3.019952e-10	930.4477447191213
2.875314e-7	4.622216e-12	3.090295e-10	930.448459503057
2.94229e-7	4.798006e-12	3.162278e-10	930.4488663109314
3.010826e-7	4.980355e-12	3.2359370000000006e-10	930.4494505146422
3.080958e-7	5.169504e-12	3.3113109999999996e-10	930.4501132753766
3.152724e-7	5.3657e-12	3.3884420000000004e-10	930.4505306568625
3.226162e-7	5.5692e-12	3.4673690000000003e-10	930.4512130090568
3.30131e-7	5.780271e-12	3.548134e-10	930.4518382648456
3.378209e-7	5.999186e-12	3.6307810000000007e-10	930.4524265881088
3.456899e-7	6.226231e-12	3.715352e-10	930.4532282028728
3.537422e-7	6.461702e-12	3.801894e-10	930.4537730457502
3.619821e-7	6.705902e-12	3.890451e-10	930.4546077100059
3.704139e-7	6.95915e-12	3.9810719999999997e-10	930.4550612247153
3.790421e-7	7.221772e-12	4.0738029999999993e-10	930.4556989427324
3.878713e-7	7.494107e-12	4.168694e-10	930.456382999088
3.969062e-7	7.776505e-12	4.265795e-10	930.4572219363565
4.061515e-7	8.069331e-12	4.365158e-10	930.4578879641928
4.156121e-7	8.372959e-12	4.466836e-10	930.4583220852522
4.252932e-7	8.68778e-12	4.570882e-10	930.4591275381862
4.351997e-7	9.014195e-12	4.677351000000001e-10	930.459814102042
4.453371e-7	9.352621e-12	4.786301e-10	930.4606054257767
4.557105e-7	9.703489e-12	4.897788e-10	930.4612684113728
4.6632559999999994e-7	1.006725e-11	5.011871999999999e-10	930.4620454193562
4.77188e-7	1.044435e-11	5.128614e-10	930.4627806849962
4.883034e-7	1.083529e-11	5.248075e-10	930.4635228917269
4.996777e-7	1.124055e-11	5.370318e-10	930.4643422419305
5.113169e-7	1.166065e-11	5.495409e-10	930.4649765831806
5.232273e-7	1.209611e-11	5.623413e-10	930.465886304278
5.354151e-7	1.254748e-11	5.754399000000001e-10	930.4666698989764
5.478868e-7	1.301533e-11	5.888436999999999e-10	930.4673130238125
5.606491e-7	1.350025e-11	6.025595999999999e-10	930.4682893609197
5.737086e-7	1.400285e-11	6.16595e-10	930.469113194236
5.870723e-7	1.452374e-11	6.309573e-10	930.4699759238857
6.007473e-7	1.506358e-11	6.456542e-10	930.4707745725187
6.147409e-7	1.562305e-11	6.606934000000001e-10	930.4717181222031
6.290604e-7	1.620283e-11	6.760829999999999e-10	930.4724461789453
6.437135e-7	1.680365e-11	6.918309999999999e-10	930.4733434176845
6.587079e-7	1.742624e-11	7.079458e-10	930.4742343834796
6.740516e-7	1.807139e-11	7.244359999999999e-10	930.4751163525833
6.897527e-7	1.873987e-11	7.413102e-10	930.4761216964235
7.058195e-7	1.943253e-11	7.585775999999999e-10	930.4768985137447
7.222606e-7	2.01502e-11	7.762471000000001e-10	930.4778725743387
7.390847e-7	2.089377e-11	7.943281999999999e-10	930.4788546724138
7.563007e-7	2.166414e-11	8.128305e-10	930.4798037721271
7.739177e-7	2.246226e-11	8.317638000000001e-10	930.4806992802523
7.919451e-7	2.32891e-11	8.51138e-10	930.4817657066186
8.103925e-7	2.414567e-11	8.709636e-10	930.482795917074
8.292695e-7	2.5033e-11	8.912509e-10	930.4838098901218
8.485863e-7	2.595218e-11	9.120107999999999e-10	930.4848716484498
8.68353e-7	2.690431e-11	9.332542999999998e-10	930.4858325431771
8.885802e-7	2.789054e-11	9.549926e-10	930.486886013567
9.092785e-7	2.891207e-11	9.772372e-10	930.4879225535009
9.304590000000001e-7	2.997011e-11	1.0000000000000003e-9	930.48897011
9.521329e-7	3.106595e-11	1.023293e-9	930.4900609600573
9.743117e-7	3.220089e-11	1.047129e-9	930.4907999778443
9.970071e-7	3.33763e-11	1.071519e-9	930.4925776397806
1.020231e-6	3.459357e-11	1.096478e-9	930.4934468087824
1.043996e-6	3.585415e-11	1.122018e-9	930.4947462072801
1.068315e-6	3.715955e-11	1.148154e-9	930.4955254695799
1.0932e-6	3.851132e-11	1.174898e-9	930.4965293327591
1.118665e-6	3.991105e-11	1.202264e-9	930.4985519403393
1.144723e-6	4.13604e-11	1.230269e-9	930.4992326068526
1.171388e-6	4.286109e-11	1.2589250000000002e-9	930.5009123577655
1.198674e-6	4.441488e-11	1.28825e-9	930.5013893887057
1.226596e-6	4.60236e-11	1.3182569999999998e-9	930.5029471491522
1.255168e-6	4.768913e-11	1.348963e-9	930.5041644062884
1.284406e-6	4.941343e-11	1.380384e-9	930.5058689683452
1.314324e-6	5.119851e-11	1.412538e-9	930.5060809054341
1.34494e-6	5.304646e-11	1.4454400000000001e-9	930.5076976284039
1.376269e-6	5.495944e-11	1.479108e-9	930.5094417987057
1.408328e-6	5.693966e-11	1.513561e-9	930.51085464015
1.441133e-6	5.898942e-11	1.548817e-9	930.5114738668287
1.474703e-6	6.11111e-11	1.584893e-9	930.5133602710088
1.509055e-6	6.330715e-11	1.62181e-9	930.5148612661162
1.544207e-6	6.558011e-11	1.659587e-9	930.5161947580934
1.580177e-6	6.79326e-11	1.6982440000000002e-9	930.5170120430279
1.616986e-6	7.036732e-11	1.7378010000000003e-9	930.5187229838168
1.654652e-6	7.288706e-11	1.778279e-9	930.520400375869
1.693196e-6	7.549472e-11	1.819701e-9	930.5218245854677
1.732637e-6	7.819327e-11	1.8620869999999998e-9	930.523221133062
1.772997e-6	8.098581e-11	1.905461e-9	930.5244168261643
1.814298e-6	8.38755e-11	1.949845e-9	930.5262087499264
1.85656e-6	8.686564e-11	1.995262e-9	930.5278533044784
1.8998069999999998e-6	8.995962e-11	2.041738e-9	930.5292645873271
1.944061e-6	9.316096e-11	2.089296e-9	930.5307438295005
1.989346e-6	9.647326e-11	2.1379620000000006e-9	930.5321952682041
2.035687e-6	9.990029e-11	2.187762e-9	930.5339887474048
2.083106e-6	1.034459e-10	2.238721e-9	930.5355360940467
2.13163e-6	1.071141e-10	2.290868e-9	930.536859434939
2.181285e-6	1.109089e-10	2.344229e-9	930.5387438257952
2.232096e-6	1.148347e-10	2.398833e-9	930.5403230237371
2.284091e-6	1.188959e-10	2.454709e-9	930.5420299921495
2.337297e-6	1.230969e-10	2.511886e-9	930.5438610271327
2.391743e-6	1.274425e-10	2.5703959999999997e-9	930.545504467016
2.447457e-6	1.319375e-10	2.630268e-9	930.5473577217227
2.504468e-6	1.365869e-10	2.691535e-9	930.5487712030496
2.562808e-6	1.413959e-10	2.754229e-9	930.5505809066713
2.622507e-6	1.463698e-10	2.818383e-9	930.5525082290093
2.683597e-6	1.515141e-10	2.8840319999999994e-9	930.5543468657769
2.746109e-6	1.568345e-10	2.9512089999999995e-9	930.5562006960538
2.810078e-6	1.623369e-10	3.019952e-9	930.5579482389123
2.875537e-6	1.680272e-10	3.0902949999999996e-9	930.5600362424946
2.942521e-6	1.739118e-10	3.162278e-9	930.5617380255626
3.011065e-6	1.799971e-10	3.235937e-9	930.5635422135845
3.081206e-6	1.862899e-10	3.311311e-9	930.5656550834398
3.152981e-6	1.927969e-10	3.388442e-9	930.5674398145223
3.226428e-6	1.995252e-10	3.467369e-9	930.5694101781495
3.301586e-6	2.064823e-10	3.548134e-9	930.5715292319851
3.378494e-6	2.136757e-10	3.630781e-9	930.5732501354393
3.457195e-6	2.211132e-10	3.7153519999999994e-9	930.575652912564
3.537728e-6	2.288028e-10	3.801894e-9	930.5774445052913
3.620138e-6	2.36753e-10	3.890451e-9	930.579707339843
3.704468e-6	2.449722e-10	3.981072e-9	930.5817559190086
3.790762e-6	2.534695e-10	4.073803e-9	930.5838965458075
3.879066e-6	2.622538e-10	4.168694e-9	930.5859949902775
3.969427e-6	2.713348e-10	4.265795000000001e-9	930.5881634724594
4.061893e-6	2.807222e-10	4.365158e-9	930.5903067426196
4.156514e-6	2.90426e-10	4.466836e-9	930.5925773858721
4.253338e-6	3.004567e-10	4.570882e-9	930.5946766291495
4.352418e-6	3.108249e-10	4.677351e-9	930.5970034962097
4.453806e-6	3.215419e-10	4.786301e-9	930.599129035136
4.538835e-6	3.306119e-10	4.877671e-9	930.6010208355586
4.675023e-6	3.30612e-10	5.024015000107458e-9	930.601045558184
4.772363e-6	3.407815e-10	5.128614e-9	930.6030404120879
4.883534e-6	3.525066e-10	5.248075000000001e-9	930.6053184453347
4.997294e-6	3.646249e-10	5.370318e-9	930.6075775959636
5.113705e-6	3.771492e-10	5.4954089999999994e-9	930.6099235197962
5.232827e-6	3.900928e-10	5.623413e-9	930.6122621262211
5.354725e-6	4.034695e-10	5.754399e-9	930.6147296181581
5.479462e-6	4.172934e-10	5.888437e-9	930.6169520706429
5.607105e-6	4.31579e-10	6.025596000000001e-9	930.6194074411893
5.737721e-6	4.463415e-10	6.16595e-9	930.6217762875144
5.871381e-6	4.615965e-10	6.309573e-9	930.6244014452324
6.008154e-6	4.773598e-10	6.456542e-9	930.6268525473853
6.148113e-6	4.936482e-10	6.606933999999999e-9	930.6293430810722
6.291332e-6	5.104787e-10	6.76083e-9	930.631664854759
6.437888e-6	5.278688e-10	6.918310000000001e-9	930.634196617382
6.587859e-6	5.458369e-10	7.079458e-9	930.6368986015597
6.741322e-6	5.644017e-10	7.24436e-9	930.6393389754237
6.898361e-6	5.835826e-10	7.413102e-9	930.642068947655
7.059059e-6	6.033995e-10	7.585776e-9	930.6447223725035
7.2235e-6	6.238732e-10	7.762471e-9	930.6474540387977
7.391771e-6	6.450248e-10	7.943282e-9	930.6500795011433
7.563963e-6	6.668763e-10	8.128305e-9	930.6528084637573
7.740166e-6	6.894505e-10	8.317637999999998e-9	930.6554878320024
7.920474e-6	7.127707e-10	8.51138e-9	930.6583386830338
8.104983e-6	7.36861e-10	8.709636e-9	930.6611505922866
8.293789e-6	7.617464e-10	8.912509e-9	930.6639405805929
8.486994e-6	7.874525e-10	9.120108e-9	930.6667697904454
8.684701e-6	8.140058e-10	9.332543e-9	930.669701259346
8.887013e-6	8.414337e-10	9.549926e-9	930.6725972222193
9.094038e-6	8.697645e-10	9.772371999999998e-9	930.6755580426126
9.305886e-6	8.990271e-10	1.e-8	930.67850271
9.522669e-6	9.292518e-10	1.023293e-8	930.6814618882372
9.744502e-6	9.604694e-10	1.047129e-8	930.6840388720016
9.971504e-6	9.927119e-10	1.071519e-8	930.6878097261924
0.00001020379	1.026012e-9	1.0964780000000002e-8	930.6904481439664
0.00001044149	1.060405e-9	1.1220179999999998e-8	930.6936613316362
0.00001068473	1.095924e-9	1.148154e-8	930.6962240256969
0.00001093364	1.132607e-9	1.174898e-8	930.6997379346973
0.00001118834	1.170491e-9	1.202264e-8	930.7032807270284
0.00001144898	1.209614e-9	1.230269e-8	930.7061800305462
0.00001171569	1.250016e-9	1.258925e-8	930.7099323629286
0.00001198861	1.291738e-9	1.28825e-8	930.7123413933631
0.00001226789	1.334822e-9	1.318257e-8	930.7156967116427
0.00001255368	1.379313e-9	1.3489630000000002e-8	930.7193238806401
0.00001284613	1.425255e-9	1.3803840000000001e-8	930.7232809855808
0.00001314539	1.472695e-9	1.4125379999999998e-8	930.7263022304534
0.00001345162	1.52168e-9	1.44544e-8	930.729859419969
0.00001376498	1.57226e-9	1.479108e-8	930.733405539014
0.00001408565	1.624487e-9	1.513561e-8	930.7371481559052
0.00001441378	1.678413e-9	1.548817e-8	930.7399397733883
0.00001474956	1.734091e-9	1.584893e-8	930.7438477550221
0.00001509316	1.791579e-9	1.6218099999999996e-8	930.7472255689632
0.00001544477	1.850934e-9	1.6595870000000003e-8	930.7508997117957
0.00001580457	1.912216e-9	1.6982440000000004e-8	930.7544861633544
0.00001617275	1.975486e-9	1.737801e-8	930.7582102899008
0.00001654951	2.040808e-9	1.778279e-8	930.7623161494905
0.00001693504	2.108247e-9	1.819701e-8	930.7654525111543
0.00001732956	2.17787e-9	1.8620870000000003e-8	930.7695005657631
0.00001773327	2.249748e-9	1.9054609999999996e-8	930.7731697473735
0.00001814639	2.323952e-9	1.949845e-8	930.7772644492253
0.00001856912	2.400556e-9	1.995262e-8	930.7810481029559
0.00001900171	2.479638e-9	2.041738e-8	930.7849311713843
0.00001944438	2.561274e-9	2.089296e-8	930.7891880327153
0.00001989735	2.645548e-9	2.137962e-8	930.7927618919325
0.00002036089	2.732543e-9	2.187762e-8	930.7969762250191
0.00002083522	2.822346e-9	2.238721e-8	930.801218463578
0.0000213206	2.915045e-9	2.290868e-8	930.8050505310651
0.00002181729	3.010733e-9	2.344229e-8	930.8092653490764
0.00002232555	3.109505e-9	2.398833e-8	930.8134207341653
0.00002284565	3.211459e-9	2.4547090000000004e-8	930.8175208955521
0.00002337787	3.316696e-9	2.5118860000000003e-8	930.8219678759307
0.00002392249	3.42532e-9	2.5703959999999997e-8	930.8260408123884
0.0000244798	3.53744e-9	2.6302680000000005e-8	930.8305252544607
0.00002505009	3.653165e-9	2.691535e-8	930.8347528454952
0.00002563367	3.77261e-9	2.754229e-8	930.8391789498985
0.00002623084	3.895894e-9	2.8183830000000005e-8	930.8435331181034
0.00002684193	4.023137e-9	2.8840320000000005e-8	930.8479634414597
0.00002746725	4.154466e-9	2.9512090000000002e-8	930.852557917789
0.00002810714	4.29001e-9	3.019952e-8	930.8568483869942
0.00002876195	4.429903e-9	3.090295e-8	930.8619372260578
0.000029432	4.574283e-9	3.162278e-8	930.8661124354026
0.00003011767	4.723291e-9	3.235937e-8	930.8708201364859
0.00003081931	4.877074e-9	3.311311e-8	930.8756282330471
0.0000315373	5.035783e-9	3.388442e-8	930.8802034386305
0.00003227202	5.199575e-9	3.4673690000000004e-8	930.8850478561699
0.00003302385	5.36861e-9	3.548134e-8	930.8898313874276
0.00003379321	5.543054e-9	3.630781000000001e-8	930.8948420188383
0.00003458048	5.723078e-9	3.715352e-8	930.8997661056071
0.0000353861	5.908859e-9	3.801894e-8	930.9046716978434
0.00003621049	6.100579e-9	3.890451e-8	930.9098245678972
0.00003705408	6.298425e-9	3.981072e-8	930.9145482674014
0.00003791733	6.502591e-9	4.073803e-8	930.9196490601042
0.0000388007	6.713277e-9	4.168694e-8	930.9249677956693
0.00003970464	6.930689e-9	4.265795e-8	930.9301241386424
0.00004062964	7.155039e-9	4.3651580000000004e-8	930.9352614269632
0.0000415762	7.386547e-9	4.466836000000001e-8	930.9405258442439
0.00004254481	7.625437e-9	4.570882e-8	930.9458313953413
0.00004353598	7.871944e-9	4.677351000000001e-8	930.9511290471894
0.00004455025	8.126309e-9	4.786301e-8	930.9564172625165
0.00004558815	8.388777e-9	4.897787999999999e-8	930.9618704811234
0.00004665024	8.659607e-9	5.011872e-8	930.9675029011116
0.00004773706	8.93906e-9	5.1286140000000005e-8	930.9727552122268
0.00004884922	9.22741e-9	5.248074999999999e-8	930.9784522896492
0.00004998728	9.524937e-9	5.370317999999999e-8	930.984067181869
0.00005115186	9.831929e-9	5.495409e-8	930.9897030230143
0.00005234357	1.014869e-8	5.623413e-8	930.9954415583561
0.00005356305	1.047552e-8	5.7543990000000006e-8	931.0012308844068
0.00005481094	1.081274e-8	5.888436999999999e-8	931.0068654890932
0.00005608791	1.116067e-8	6.025596e-8	931.0128105170013
0.000057394629999999996	1.151966e-8	6.16595e-8	931.0187345015772
0.00005873179	1.189006e-8	6.309573e-8	931.0246519059214
0.00006010011	1.227221e-8	6.456542e-8	931.0306075605178
0.00006150031	1.26665e-8	6.606934e-8	931.0366427150628
0.00006293314	1.30733e-8	6.76083e-8	931.0426870665287
0.00006439935	1.349302e-8	6.91831e-8	931.0488113426546
0.00006589972	1.392604e-8	7.079457999999999e-8	931.0549768075465
0.00006743505	1.43728e-8	7.24436e-8	931.0611675841619
0.00006900616	1.483373e-8	7.413102e-8	931.0676384865607
0.00007061387	1.530926e-8	7.585776e-8	931.0738843329938
0.00007225904	1.579987e-8	7.762470999999999e-8	931.0803205577195
0.00007394254	1.630602e-8	7.943281999999999e-8	931.0867475182173
0.00007566527	1.682821e-8	8.128305e-8	931.0932378890802
0.00007742814	1.736693e-8	8.317638000000002e-8	931.0997536800711
0.00007923208	1.792272e-8	8.51138e-8	931.1063860384567
0.00008107806	1.849609e-8	8.709636e-8	931.1130349190254
0.00008296705	1.908762e-8	8.912509e-8	931.1198184484302
0.00008490005	1.969786e-8	9.120108000000001e-8	931.1265596854773
0.00008687809	2.03274e-8	9.332543e-8	931.1333191821351
0.00008890223	2.097686e-8	9.549926000000002e-8	931.1402712439865
0.00009097352	2.164686e-8	9.772372e-8	931.1471857600181
0.00009309308	2.233804e-8	9.999999999999998e-8	931.1541804000001
0.00009526202	2.305107e-8	1.0232929999999999e-7	931.1611734859908
0.00009748151	2.378664e-8	1.0471290000000001e-7	931.1679519906335
0.0000997527	2.454544e-8	1.071519e-7	931.1756995442918
0.0001020768	2.532822e-8	1.0964780000000002e-7	931.1826431538069
0.0001044551	2.613572e-8	1.1220180000000002e-7	931.1903705644651
0.0001068888	2.696873e-8	1.148154e-7	931.1971105792429
0.0001093792	2.782803e-8	1.174898e-7	931.2044792824568
0.0001119276	2.871447e-8	1.202264e-7	931.2123998556058
0.0001145354	2.962888e-8	1.230269e-7	931.2193421113595
0.000117204	3.057214e-8	1.2589249999999996e-7	931.2276119705305
0.0001199348	3.154517e-8	1.28825e-7	931.2349712400544
0.0001227291	3.254889e-8	1.318257e-7	931.242154526773
0.0001255886	3.358427e-8	1.348963e-7	931.2500362871333
0.0001285148	3.465231e-8	1.3803839999999998e-7	931.2586375240514
0.0001315091	3.575401e-8	1.412538e-7	931.265948314311
0.0001345732	3.689045e-8	1.44544e-7	931.2741480102943
0.0001377086	3.806271e-8	1.479108e-7	931.281980152903
0.0001409172	3.927191e-8	1.513561e-7	931.2903273141949
0.0001442005	4.051922e-8	1.548817e-7	931.2980114500293
0.0001475603	4.180582e-8	1.584893e-7	931.3064403716844
0.0001509984	4.313295e-8	1.62181e-7	931.314598812438
0.0001522496	4.361852e-8	1.6352440000000002e-7	931.3180083216938
0.0001581168	4.397829e-8	1.698244e-7	931.3195176311532
0.0001618009	4.537383e-8	1.7378009999999998e-7	931.3280049326708
0.0001655708	4.681333e-8	1.778279e-7	931.336496297825
0.0001694285	4.829814e-8	1.8197010000000003e-7	931.3442051194124
0.0001733762	4.982969e-8	1.862087e-7	931.3529909719579
0.0001774158	5.140945e-8	1.905461e-7	931.3610168352959
0.0001815496	5.303892e-8	1.949845e-7	931.3696161489759
0.0001857796	5.471966e-8	1.995262e-7	931.378032859845
0.0001901083	5.645329e-8	2.0417380000000003e-7	931.3866582783883
0.0001945378	5.824145e-8	2.089296e-7	931.3952711822548
0.0001990706	6.008585e-8	2.1379619999999998e-7	931.4042337983557
0.000203709	6.198825e-8	2.1877620000000004e-7	931.4129610533503
0.0002084554	6.395048e-8	2.238721e-7	931.421782705393
0.0002133125	6.597441e-8	2.290868e-7	931.4306822130301
0.0002182827	6.806196e-8	2.3442290000000002e-7	931.4395562890827
0.0002233688	7.021512e-8	2.398833e-7	931.4488133188096
0.0002285734	7.243597e-8	2.454709e-7	931.458009768164
0.0002338992	7.47266e-8	2.511886e-7	931.4671390341758
0.0002393492	7.708921e-8	2.570396e-7	931.4762752898774
0.0002449262	7.952605e-8	2.630268e-7	931.4857879501252
0.0002506332	8.203945e-8	2.691535e-7	931.4953714144532
0.0002564731	8.463179e-8	2.754229e-7	931.5047216117468
0.0002624491	8.730556e-8	2.818383e-7	931.5142958213982
0.0002685644	9.006329e-8	2.884032e-7	931.5238641249474
0.0002748222	9.290762e-8	2.951209e-7	931.5338480602355
0.0002812258	9.584125e-8	3.019952e-7	931.5434193987189
0.0002877787	9.886699e-8	3.090295e-7	931.5536768819806
0.0002944843	1.019877e-7	3.1622779999999993e-7	931.5635364759203
0.0003013461	1.052064e-7	3.235937e-7	931.5734713005846
0.0003083678	1.085261e-7	3.311311e-7	931.5836721467721
0.0003155532	1.119499e-7	3.388442e-7	931.5937823341818
0.000322906	1.154813e-7	3.4673689999999997e-7	931.603995132909
0.0003304302	1.191234e-7	3.548134e-7	931.6145427427488
0.0003381298	1.228797e-7	3.630781e-7	931.6251233550028
0.0003460087	1.267539e-7	3.715352e-7	931.6356940069205
0.0003540713	1.307497e-7	3.801894e-7	931.646304973258
0.0003623218	1.348707e-7	3.890451e-7	931.6572055527752
0.0003707645	1.39121e-7	3.9810719999999996e-7	931.6677040756862
0.000379404	1.435046e-7	4.073803e-7	931.6785927056364
0.0003882449	1.480256e-7	4.1686939999999994e-7	931.6896985002976
0.0003972918	1.526884e-7	4.2657950000000004e-7	931.7008632622992
0.0004065495	1.574974e-7	4.365158e-7	931.7119733123062
0.000416023	1.624571e-7	4.466836e-7	931.7231640024393
0.0004257172	1.675723e-7	4.570882e-7	931.7343398932635
0.0004356374	1.728478e-7	4.677351e-7	931.7458702586143
0.0004457888	1.782886e-7	4.786301e-7	931.7572977545709
0.0004561768	1.839e-7	4.897788e-7	931.7689944930241
0.0004668068	1.896872e-7	5.011872000000001e-7	931.7805546510366
0.0004776847	1.956557e-7	5.128614e-7	931.7924018068038
0.000488816	2.018113e-7	5.248074999999999e-7	931.80415923934
0.0005002068	2.081596e-7	5.370318e-7	931.8162529667703
0.000511863	2.147069e-7	5.495409e-7	931.8281985926798
0.0005237909	2.214592e-7	5.623413e-7	931.8404307135186
0.0005359968	2.28423e-7	5.754399e-7	931.8526973885542
0.0005484872	2.35605e-7	5.888437e-7	931.864949900967
0.0005612686	2.430119e-7	6.025596e-7	931.8772979469582
0.000574348	2.506507e-7	6.165950000000001e-7	931.8898964474249
0.0005877322	2.585287e-7	6.309573e-7	931.9025688426141
0.0006014284	2.666534e-7	6.456542e-7	931.9153401309865
0.0006154438	2.750324e-7	6.606934e-7	931.9282323692048
0.0006297858	2.836738e-7	6.76083e-7	931.9410099055883
0.0006444621	2.925858e-7	6.918309999999999e-7	931.9540260554962
0.0006594805	3.017767e-7	7.079458e-7	931.9672165581036
0.0006748489	3.112553e-7	7.244360000000001e-7	931.9804030997907
0.0006905755	3.210305e-7	7.413102e-7	931.9938272804017
0.0007066687	3.311117e-7	7.585776e-7	932.0072352518714
0.0007231369	3.415085e-7	7.762470999999999e-7	932.0207553754467
0.000739989	3.522305e-7	7.943282000000001e-7	932.0344292195593
0.0007707905	3.569864e-7	8.273756e-7	932.0404014815036
0.0007748804	3.595303e-7	8.317637999999999e-7	932.0433641137063
0.0007929382	3.708164e-7	8.51138e-7	932.0568655141705
0.0008114169	3.824555e-7	8.709635999999999e-7	932.07035919756
0.0008303263	3.944589e-7	8.912509000000001e-7	932.0840617383948
0.0008420832	4.019687e-7	9.038643999999999e-7	932.0924341084792
0.0008694773	4.088093e-7	9.332543e-7	932.0997602689856
0.0008897397	4.216374e-7	9.549926e-7	932.1133351190365
0.0009104744	4.348669e-7	9.772372e-7	932.1270894108411
0.0009316923	4.485103e-7	1.e-6	932.1408103
0.0009534047999999999	4.625804e-7	1.023293e-6	932.154700950754
0.0009756234	4.770906e-7	1.047129e-6	932.1683294035405
0.0009983599	4.920546e-7	1.071519e-6	932.1831480356392
0.001021626	5.074866e-7	1.096478e-6	932.1969858036367
0.001045435	5.234013e-7	1.122018e-6	932.2117838572999
0.001069799	5.398137e-7	1.1481539999999999e-6	932.2258283296492
0.00109473	5.567393e-7	1.174898e-6	932.2398534170626
0.001120243	5.741942e-7	1.2022639999999998e-6	932.2554731739451
0.00114635	5.921948e-7	1.230269e-6	932.2694425365507
0.001173066	6.107583e-7	1.2589250000000002e-6	932.2848925074964
0.001200405	6.299022e-7	1.28825e-6	932.2995553658066
0.001228381	6.496446e-7	1.3182569999999998e-6	932.3149011156398
0.001257009	6.700042e-7	1.348963e-6	932.3302449362956
0.001286304	6.910003e-7	1.3803840000000001e-6	932.3456373733686
0.001316283	7.126527e-7	1.4125380000000002e-6	932.3612198043521
0.00134696	7.34982e-7	1.44544e-6	932.3769800199246
0.001378352	7.580093e-7	1.479108e-6	932.3930431719658
0.001410476	7.817563e-7	1.513561e-6	932.4089060830717
0.001443348	8.062455e-7	1.5488170000000002e-6	932.4240665617693
0.001476987	8.315002e-7	1.584893e-6	932.4405497405818
0.00151141	8.575441e-7	1.62181e-6	932.4566651457322
0.001546636	8.84402e-7	1.6595870000000002e-6	932.4732008626243
0.001582683	9.120992e-7	1.6982439999999998e-6	932.4897359861128
0.00161957	9.406619e-7	1.7378009999999997e-6	932.5064618445956
0.001657316	9.701172e-7	1.7782789999999998e-6	932.523027713874
0.001695943	1.000493e-6	1.8197010000000002e-6	932.5397375722715
0.001735471	1.031818e-6	1.8620869999999998e-6	932.5572961950758
0.001739608	1.03511e-6	1.866524e-6	932.5586544828782
0.00181731	1.051185e-6	1.949845e-6	932.567042508507
0.001859665	1.084093e-6	1.995262e-6	932.5838376113012
0.001903008	1.11803e-6	2.041738e-6	932.6005736289377
0.001947361	1.153027e-6	2.089296e-6	932.6175070454354
0.001992748	1.189118e-6	2.137962e-6	932.6344986487131
0.002039193	1.226336e-6	2.1877619999999994e-6	932.6514200356346
0.002086721	1.264716e-6	2.238721e-6	932.6690177114523
0.002135357	1.304296e-6	2.290868e-6	932.6863424693173
0.002185127	1.345112e-6	2.3442290000000005e-6	932.7041479309399
0.002236057	1.387203e-6	2.398833e-6	932.721953966783
0.002288174	1.430608e-6	2.4547090000000004e-6	932.7397292306338
0.002341506	1.47537e-6	2.511886e-6	932.7578441059826
0.002396082	1.52153e-6	2.5703960000000003e-6	932.7759341362187
0.00245193	1.569131e-6	2.630268e-6	932.7943506137017
0.00250908	1.618219e-6	2.691535e-6	932.812770036429
0.002567562	1.66884e-6	2.7542290000000004e-6	932.8312351659937
0.002627408	1.721042e-6	2.818383e-6	932.850163373821
0.002688649	1.774875e-6	2.8840319999999994e-6	932.8689400811087
0.002751317	1.830388e-6	2.951209e-6	932.8879750637791
0.002815447	1.887635e-6	3.019952e-6	932.9070909074052
0.002881072	1.94667e-6	3.090295e-6	932.9266849928567
0.002948227	2.007549e-6	3.1622780000000004e-6	932.9459803976753
0.003016947	2.070328e-6	3.235937e-6	932.9654217619192
0.00308727	2.135068e-6	3.311311e-6	932.9854755412584
0.003159232	2.201829e-6	3.388442e-6	933.0051477935878
0.003232872	2.270675e-6	3.467369e-6	933.0252058549291
0.003308229	2.34167e-6	3.548134e-6	933.0455585950249
0.003385343	2.414882e-6	3.630781e-6	933.0658836211823
0.003464255	2.49038e-6	3.715352e-6	933.0866577379478
0.003545007	2.568235e-6	3.801894e-6	933.1073499155948
0.003627641	2.648521e-6	3.890451e-6	933.1281954200168
0.003712203	2.731313e-6	3.981072e-6	933.1492404558369
0.003798736	2.81669e-6	4.073803e-6	933.170477315668
0.003887286	2.904733e-6	4.168694e-6	933.191722155668
0.003977901	2.995524e-6	4.265795e-6	933.2132753683661
0.004070629	3.089149e-6	4.365158e-6	933.2349823305365
0.00416552	3.185697e-6	4.466836e-6	933.2569400354076
0.004262622	3.285258e-6	4.570882e-6	933.2787978337661
0.004361989	3.387928e-6	4.677351e-6	933.3011202280951
0.004463673	3.493802e-6	4.786301e-6	933.3234165590504
0.004567728	3.602982e-6	4.897788e-6	933.346029268723
0.00467421	3.715569e-6	5.011872000000001e-6	933.368922630107
0.004783174	3.83167e-6	5.128614e-6	933.3916863308489
0.004894679	3.951396e-6	5.2480750000000006e-6	933.4147084407139
0.005008784	4.074858e-6	5.370318000000001e-6	933.4379934298116
0.00512555	4.202174e-6	5.495409e-6	933.4613991424478
0.005245039	4.333463e-6	5.623413e-6	933.4851384737347
0.005367314	4.46885e-6	5.754399000000001e-6	933.5089294294677
0.00549244	4.608463e-6	5.888436999999999e-6	933.5326951787038
0.005620485	4.752432e-6	6.025596e-6	933.5570177622263
0.005751515	4.900895e-6	6.165950000000001e-6	933.5813451292987
0.005885601	5.053992e-6	6.309573000000001e-6	933.6059654116054
0.006022814	5.211866e-6	6.456542e-6	933.6307060342826
0.006163226	5.374667e-6	6.606934e-6	933.655560506583
0.006306914	5.542549e-6	6.76083e-6	933.680709173282
0.006349596	5.592666e-6	6.8065439999999995e-6	933.6880311065352
0.006604413	5.624687e-6	7.079458e-6	933.6926198305013
0.006758382	5.800371e-6	7.24436e-6	933.7170393243848
0.006915942	5.981537e-6	7.413101999999999e-6	933.7418447769908
0.007077177	6.168356e-6	7.5857760000000005e-6	933.7667439692393
0.007242171	6.361006e-6	7.762471e-6	933.7918307198829
0.007411014	6.559667e-6	7.943282e-6	933.8172391462371
0.007583794	6.764527e-6	8.128305e-6	933.8427294497438
0.007760603	6.97578e-6	8.317638e-6	933.8683385836218
0.007941535	7.193624e-6	8.511379999999998e-6	933.8942244383402
0.008126688	7.418266e-6	8.709636e-6	933.9203459249043
0.008316158	7.649917e-6	8.912509000000001e-6	933.9466492544357
0.008510047	7.888797e-6	9.120108e-6	933.9731280594484
0.008708458	8.13513e-6	9.332543e-6	933.999782267277
0.008911497	8.389149e-6	9.549926e-6	934.0267295264908
0.009119271	8.651094e-6	9.772372e-6	934.053891317277
0.00933189	8.921211e-6	0.00001	934.0811211
0.009549469	9.199757e-6	0.00001023293	934.1086821663004
0.009772122	9.486993e-6	0.00001047129	934.1360035869504
0.009999969	9.783191e-6	0.000010715190000000001	934.1646943264655
0.01023313	0.00001008863	0.00001096478	934.1928091580496
0.01047173	0.0000104036	0.00001122018	934.2215187278636
0.01071589	0.0000107284	0.00001148154	934.2490989884633
0.01096575	0.00001106332	0.00001174898	934.2779815779753
0.01122144	0.0000114087	0.00001202264	934.3079972451973
0.01148309	0.00001176485	0.000012302690000000001	934.3367060374601
0.01175084	0.00001213212	0.00001258925	934.3663935500526
0.01202484	0.00001251084	0.000012882499999999999	934.3955629730254
0.01230523	0.00001290138	0.00001318257	934.4256377929341
0.01259216	0.0000133041	0.000013489630000000003	934.4558820367942
0.01288579	0.00001371938	0.00001380384	934.487025349468
0.01318626	0.00001414762	0.00001412538	934.5169914012932
0.01349374	0.00001458922	0.000014454400000000002	934.5479037524906
0.0138084	0.00001504459	0.00001479108	934.5798001227768
0.01413039	0.00001551417	0.000015135610000000002	934.6107735334089
0.0144599	0.0000159984	0.00001548817	934.6422721341514
0.01479709	0.00001649773	0.00001584893	934.6743111364617
0.01514215	0.00001701264	0.0000162181	934.7064477343215
0.01549526	0.00001754362	0.00001659587	934.7388006775179
0.01561285	0.00001772134	0.00001672167	934.7494203629183
0.01622636	0.00001772535	0.00001737801	934.7494534759734
0.01660474	0.00001827855	0.00001778279	934.7812435506464
0.01699195	0.00001884901	0.00001819701	934.8128626626021
0.01738819	0.00001943727	0.00001862087	934.8450029456195
0.01779367	0.00002004387	0.00001905461	934.8768549972947
0.01820861	0.0000206694	0.00001949845	934.9091543173945
0.01863323	0.00002131444	0.000019952619999999997	934.942099834508
0.01906776	0.0000219796	0.00002041738	934.9749869963726
0.01951243	0.0000226655	0.00002089296	935.0085148298758
0.01996746	0.0000233728	0.00002137962	935.0415395596367
0.02043312	0.00002410216	0.00002187762	935.0753034379425
0.02090964	0.00002485428	0.00002238721	935.1095683651514
0.02139727	0.00002562985	0.000022908679999999995	935.1433539601584
0.02189629	0.00002642961	0.00002344229	935.1782445315708
0.02240694	0.00002725432	0.00002398833	935.2128439120188
0.02292951	0.00002810475	0.00002454709	935.2479153333451
0.02346427	0.00002898171	0.00002511886	935.2833572064974
0.02401151	0.00002988602	0.00002570396	935.3187610002506
0.02457152	0.00003081853	0.00002630268	935.354820497379
0.02514459	0.00003178013	0.000026915349999999996	935.3907762670744
0.02573104	0.00003277172	0.00002754229	935.4273635198816
0.02633116	0.00003379424	0.00002818383	935.4638542738867
0.02694529	0.00003484865	0.000028840319999999997	935.5006688552693
0.02757376	0.00003593595	0.00002951209	935.5384843974113
0.02821688	0.00003705715	0.00003019952	935.5757028588533
0.02887501	0.00003821333	0.00003090295	935.6136980450085
0.0295485	0.00003940557	0.00003162278	935.6516274027774
0.03023771	0.00004063499	0.00003235937	935.6901877261517
0.03094299	0.00004190275	0.00003311311	935.7288623750533
0.03166474	0.00004321006	0.00003388442	935.7678266294656
0.03240333	0.00004455813	0.00003467368999999999	935.8071820449453
0.03315915	0.00004594825	0.00003548134	935.8467929903436
0.03393262	0.00004738172	0.000036307810000000006	935.8868441803568
0.03472413	0.0000488599	0.00003715352	935.9271988226151
0.03553411	0.00005038418	0.00003801894	935.9675514362053
0.03561557	0.00005053811	0.00003810597000000001	935.9716629703953
0.03721117	0.00005064854	0.00003981072	935.9744948094383
0.03807912	0.0000522286	0.00004073803	936.0135627569622
0.03896734	0.00005385794	0.000041686940000000005	936.05330446418
0.03987628	0.00005553809	0.00004265795	936.0932274054426
0.04080643	0.00005727064	0.00004365157999999999	936.1333688265122
0.04175829	0.00005905722	0.00004466836	936.1737753523972
0.04273236	0.00006089952	0.00004570882000000001	936.2144881447387
0.04372916	0.00006279928	0.00004677351	936.2555703003687
0.04474923	0.00006475828	0.00004786301	936.2969081969563
0.04579311	0.00006677837	0.00004897788000000001	936.3387792611684
0.04686135	0.00006886146	0.00005011872	936.3808864232766
0.04795452	0.00007100952	0.00005128614	936.4231646210848
0.0490732	0.00007322456	0.000052480750000000004	936.465743343988
0.05021799	0.00007550868	0.00005370318	936.5087631682146
0.05138951	0.00007786403	0.00005495409	936.5522025749129
0.0543213	0.00007956368	0.00005808442	936.5827132301572
0.05507053	0.00008102877	0.000058884370000000006	936.6077750343596
0.05635521	0.00008355627	0.00006025596	936.6503540894545
0.05766986	0.0000861626	0.0000616595	936.6930091875544
0.05901521	0.0000888502	0.00006309573	936.736292614413
0.06039195	0.00009162162	0.00006456542	936.7796510887716
0.06180083	0.00009447946	0.00006606934	936.8234866581079
0.06324259	0.00009742642	0.00006760830000000001	936.8674618353073
0.064718	0.0001004653	0.0000691831	936.9118368503291
0.06622785	0.0001035989	0.00007079458	936.9565989373764
0.06777295	0.0001068303	0.0000724436	937.0017544683036
0.06935411	0.0001101624	0.00007413101999999999	937.0473035444542
0.0709025	0.0001134499	0.0000757834	937.0911030647873
0.07432237	0.0001161892	0.00007943282	937.12597890897
0.0760563	0.0001198131	0.00008128305	937.1709489247758
0.07783072	0.0001235501	0.00008317637999999999	937.2164321169063
0.07964655	0.0001274036	0.00008511380000000001	937.262272392961
0.08150477	0.0001313772	0.00008709636	937.3083697183213
0.08340637	0.0001354748	0.00008912509	937.3549558266924
0.08535236	0.0001397002	0.00009120108	937.4018399782108
0.08734377	0.0001440573	0.00009332543	937.4489600530103
0.08938168	0.0001485503	0.00009549926000000002	937.4965868845475
0.09146716	0.0001531833	0.00009772372000000001	937.5445725971136
0.09360132	0.0001579609	0.00010000000000000002	937.592809
0.09578532	0.0001628874	0.0001023293	937.6415884795459
0.09802029	0.0001679676	0.00010471289999999999	937.69017570901
0.1003075	0.0001732062	0.0001071519	937.7407792115678
0.1008452	0.0001744436	0.0001077254	937.7513901085538
0.105043	0.0001766863	0.0001122018	937.7718209511792
0.107494	0.0001821968	0.00011481539999999999	937.8201600133781
0.1100021	0.0001878791	0.0001174898	937.8684711353667
0.1125689	0.0001937385	0.0001202264	937.9191134393112
0.1151955	0.0001997807	0.0001230269	937.9678810081374
0.1178835	0.0002060113	0.0001258925	938.0186373294678
0.1206342	0.0002124361	0.000128825	938.06820182418
0.1234492	0.0002190613	0.0001318257	938.1195115975111
0.1263299	0.0002258931	0.00013489629999999998	938.1709735552421
0.1292778	0.0002329379	0.0001380384	938.2225373519253
0.1322946	0.0002402024	0.0001412538	938.2742439495433
0.1353818	0.0002476934	0.000144544	938.3266922182864
0.1385411	0.000255418	0.0001479108	938.3798748975736
0.1417742	0.0002633835	0.0001513561	938.4331619274014
0.1450827	0.0002715973	0.0001548817	938.4859366858708
0.1484686	0.0002800673	0.0001584893	938.5407551172225
0.1519335	0.0002888014	0.000162181	938.5951584957547
0.1554793	0.0002978078	0.00016595869999999998	938.649843605668
0.1580418	0.000304359	0.0001686886	938.6891526754032
0.1666209	0.0003123413	0.0001778279	938.7348177648163
0.1705093	0.0003220817	0.0001819701	938.7881948737733
0.1744886	0.0003321258	0.0001862087	938.8429530951023
0.1785609	0.0003424831	0.0001905461	938.8981621770271
0.1827282	0.0003531634	0.0001949845	938.9534214258057
0.1869928	0.0003641767	0.0001995262	939.0093967609266
0.1913571	0.0003755334	0.00020417380000000001	939.0658027621565
0.1958232	0.0003872442	0.00020892960000000002	939.1222890389873
0.2003937	0.0003993201	0.00021379619999999997	939.1795555767595
0.2050709	0.0004117726	0.0002187762	939.2368667158494
0.2098573	0.0004246134	0.0002238721	939.2948625576836
0.2147556	0.0004378545	0.0002290868	939.3533564570284
0.2195833	0.0004510029	0.00023422600000000003	939.4102401099792
0.2301469	0.0004577091	0.0002454709	939.4376649126231
0.2355185	0.0004719822	0.0002511886	939.4951928550897
0.2410156	0.0004867003	0.00025703960000000007	939.5528949624882
0.2466411	0.0005018774	0.0002630268	939.611390930506
0.2477387	0.0005048519	0.0002641949	939.622800818638
0.252398	0.0005128182	0.0002691535	939.6527193590274
0.2582891	0.0005205402	0.00027542290000000003	939.6809059813108
0.2643176	0.0005274976	0.00028183829999999996	939.7058440957101
0.2704868	0.0005340658	0.0002884032	939.7290522435256
0.2767997	0.0005404122	0.00029512090000000004	939.7508349967759
0.2832599	0.0005466289	0.0003019952	939.7716549799468
0.2898706	0.0005527728	0.0003090295	939.7917441538751
0.2966355	0.0005588853	0.0003162277999999999	939.811064365625
0.3035582	0.0005650021	0.0003235937	939.8304172794464
0.3106422	0.0005711428	0.00033113110000000006	939.8493309749521
0.3178913	0.0005773289	0.0003388442	939.867434354786
0.3253095	0.0005835763	0.0003467369	939.8857643936944
0.3329006	0.0005899026	0.0003548134	939.9039117462869
0.3406687	0.0005963157	0.00036307810000000006	939.9217845967576
0.3486178	0.0006028331	0.0003715352	939.9395618503979
0.3567523	0.0006094621	0.0003801894	939.9571952821411
0.3650764	0.0006162136	0.00038904510000000006	939.9748604981788
0.3735945	0.0006230992	0.0003981072	939.9920403348646
0.3823113	0.0006301256	0.0004073803	940.0096803895525
0.3912312	0.0006373026	0.0004168694	940.0270266898937
0.4003591	0.0006446377	0.0004265795	940.0445584000169
0.4096997	0.0006521454	0.00043651579999999995	940.0618383114655
0.4192582	0.0006598278	0.00044668359999999995	940.079348782897
0.4290394	0.0006677003	0.0004570882	940.0966822158175
0.4390486	0.0006757658	0.00046773510000000003	940.1141068951208
0.4492912	0.0006840339	0.0004786301	940.1315000874371
0.4597726	0.0006925184	0.0004897788	940.1491416124993
0.4814738	0.0007011234	0.0005128614	940.1661411835635
0.4927052	0.0007103862	0.0005248075	940.1839459230289
0.5041984	0.000719897	0.0005370318000000002	940.2018595546855
0.5159596	0.0007296677	0.0005495409000000001	940.2198593407696
0.5279949	0.0007397086	0.0005623413	940.2379099667764
0.5403108	0.0007500283	0.0005754399	940.2560168316447
0.5529139	0.00076064	0.0005888437	940.2742017958244
0.5658108	0.0007715486	0.0006025596	940.2926259908562
0.5790083	0.0007827725	0.000616595	940.311018577835
0.5925135	0.0007943171	0.0006309573	940.3295866455622
0.6063335	0.0008061996	0.0006456542	940.3480990288608
0.6204758	0.0008184282	0.0006606934	940.3669360099557
0.6349477	0.0008310163	0.0006760829999999998	940.3855980700596
0.6497571	0.0008439751	0.000691831	940.4046293097592
0.6649117	0.0008573187	0.0007079458	940.4237142165404
0.6804196	0.0008710643	0.000724436	940.4428607910154
0.696289	0.000885219	0.0007413102	940.4621965271759
0.7125285	0.0008998009	0.0007585776000000001	940.4816341795487
0.7291465	0.000914823	0.0007762470999999999	940.5011922105732
0.746152	0.0009303016	0.0007943282	940.5209353010506
0.763554	0.0009462505	0.0008128305	940.5408021721624
0.7813617	0.0009626869	0.0008317638	940.5607540265639
0.7995845	0.0009796285	0.000851138	940.5808793638635
0.8182323	0.0009970903	0.0008709636	940.6011804626507
0.8373148	0.001015088	0.0008912509	940.6216453750567
0.8568422	0.001033644	0.0009120108	940.6421985353682
0.8768249	0.001052771	0.0009332543	940.6628729168459
0.8972736	0.001072492	0.0009549926	940.6838251940383
0.918199	0.001092826	0.0009772372	940.7049035791924
0.9396123	0.001113792	0.001	940.7260919999999
0.9615248	0.001135411	0.001023293	940.7473822258141
0.9839483000000001	0.001157703	0.001047129	940.7685232669519
1.006895	0.001180692	0.001071519	940.7912430857504
1.030376	0.001204401	0.0010964779999999997	940.8126756761195
1.054405	0.001228849	0.001122018	940.8350391883197
1.078994	0.001254065	0.001148154	940.8564225704914
1.104157	0.001280069	0.001174898	940.8791818523822
1.129906	0.001306894	0.001202264	940.9022427686433
1.16078	0.00132275	0.001235078	940.9144604632257
1.183219	0.001346557	0.001258925	940.9341755863138
1.210811	0.001376049	0.0012882500000000001	940.9563741509802
1.239047	0.001406466	0.0013182569999999998	940.9799955547363
1.267942	0.00143784	0.001348963	941.00419359167
1.29751	0.001470201	0.0013803839999999997	941.0281494134966
1.327767	0.001503579	0.0014125380000000003	941.0511993305665
1.35873	0.001538007	0.0014454399999999999	941.0753867334513
1.390415	0.001573518	0.001479108	941.0999859374704
1.422839	0.001610144	0.001513561	941.1243709371475
1.456019	0.001647922	0.001548817	941.148581142898
1.489973	0.001686887	0.0015848930000000002	941.1738754603623
1.524719	0.001727076	0.00162181	941.1990775738219
1.560275	0.001768526	0.0016595869999999997	941.2242479604867
1.59666	0.001811274	0.001698244	941.2494753404104
1.633894	0.001855364	0.0017378009999999998	941.2754187619872
1.671996	0.001900836	0.001778279	941.3015820352149
1.710986	0.00194773	0.0018197009999999997	941.3270257036733
1.750886	0.001996089	0.0018620869999999997	941.3534861690135
1.791717	0.002045964	0.001905461	941.3800460885843
1.833499	0.002097391	0.001949845	941.4063122966185
1.876257	0.002150423	0.0019952620000000003	941.4339685715461
1.920011	0.002205108	0.002041738	941.4607104339539
1.964786	0.002261495	0.0020892960000000005	941.4881831009104
2.010605	0.002319635	0.002137962	941.5156279671949
2.057492	0.002379577	0.002187762	941.5428081299519
2.105474	0.002441381	0.002238721	941.5712726150334
2.154574	0.002505096	0.002290868	941.599034077913
2.20482	0.00257078	0.002344229	941.6276225573524
2.256237	0.002638495	0.002398833	941.6560031481974
2.301204	0.002668723	0.002446585	941.6687844485273
2.362697	0.002750976	0.002511886	941.7019625890665
2.417796	0.002825259	0.0025703959999999995	941.730869095657
2.474181	0.002901822	0.0026302680000000003	941.7606198303748
2.53188	0.002980741	0.002691535	941.7899975292909
2.590926	0.003062081	0.0027542289999999995	941.8200451015512
2.651348	0.003145909	0.002818383	941.8499575820605
2.71318	0.003232301	0.0028840319999999995	941.8800835080888
2.776455	0.003321329	0.0029512089999999998	941.9110367988169
2.841205	0.003413069	0.0030199520000000002	941.9414841692849
2.907466	0.003507598	0.003090295	941.9727236396526
2.975272	0.003604995	0.0031622780000000006	942.0035161361524
3.04466	0.003705343	0.003235937	942.0348242255643
3.115667	0.003808728	0.0033113109999999995	942.066670270476
3.18833	0.003915228	0.003388442	942.0982351180867
3.262688	0.004024937	0.003467369	942.1301675708585
3.338781	0.004137945	0.0035481339999999997	942.1625409299648
3.416649	0.004254343	0.003630781	942.1949004911064
3.496333	0.004374226	0.003715352	942.2276075052915
3.577877	0.004497692	0.003801894	942.260539615255
3.661322	0.004624845	0.003890451	942.2935400034597
3.7467149999999996	0.004755782	0.0039810719999999996	942.3267858506451
3.834099	0.004890608	0.004073803	942.3601504540107
3.923522	0.005029431	0.004168694	942.3938123066841
4.015032	0.005172367	0.004265795	942.4279335973715
4.108676	0.005319531	0.004365158	942.461998168222
4.204505	0.005471035	0.004466836	942.4962176807029
4.302569	0.005626999	0.004570882	942.5305660920585
4.402922	0.005787548	0.004677350999999999	942.5654709257442
4.505616	0.005952815	0.004786301000000001	942.6003118065495
4.610706	0.006122923	0.004897788	942.6355168904821
4.718247	0.00629801	0.005011872	942.6707246314352
4.828298	0.006478212	0.005128614	942.706199374724
4.940916	0.006663677	0.005248075	942.7418009460611
5.056163	0.006854551	0.005370318	942.7779790693959
5.174097	0.007050987	0.005495408999999999	942.8138992020431
5.294784	0.007253135	0.005623413	942.850389078661
5.418287	0.007461169	0.005754399	942.8870276461538
5.544671	0.007675242	0.005888437	942.9236046849105
5.674004	0.007895537	0.006025596	942.9605863054874
5.806355	0.008122233	0.006165950000000001	942.9977915811837
5.941794	0.008355513	0.006309573000000001	943.0352122084964
6.080393	0.008595563	0.006456542	943.0727102836162
6.222227	0.008842591	0.006606933999999999	943.1106154534009
6.36737	0.009096805	0.00676083	943.1485194865129
6.5159	0.009358412	0.00691831	943.1867626631359
6.667895	0.00962764	0.007079458	943.2251226011933
6.823438	0.009904727	0.007244359999999999	943.2638255139171
6.98261	0.01018992	0.007413102000000001	943.3028063015995
7.145496	0.01048345	0.007585776	943.3417820404926
7.312184	0.01078561	0.007762471	943.3812519235177
7.482761	0.01109666	0.007943282	943.4208252961433
7.657319	0.01141689	0.008128305000000002	943.4606464693437
7.83595	0.01174662	0.008317638	943.5006212100118
8.01875	0.01208616	0.00851138	943.5410192001768
8.205816	0.01243585	0.008709636	943.5815515137486
8.397247	0.01279603	0.008912509	943.6223884879106
8.593146	0.01316708	0.009120108	943.663504862004
8.793617	0.0135494	0.009332543	943.7048830099149
8.998766	0.01394338	0.009549926	943.746514894461
9.208703	0.01434949	0.009772372	943.788518283995
9.42354	0.01476816	0.01	943.8308159999998
9.643391	0.01519989	0.01023293	943.8734448491292
9.868373	0.0156452	0.01047129	943.9160027083578
10.09861	0.01610465	0.01071519	943.9603637453001
10.33421	0.01657878	0.010964780000000002	944.0033251921151
10.57532	0.01706825	0.01122018	944.0479787311789
10.82205	0.01757369	0.01148154	944.0914450500544
11.07455	0.01809581	0.01174898	944.1369216732007
11.33293	0.01863534	0.01202264	944.1824208326956
11.59735	0.01919308	0.012302689999999998	944.2278948750234
11.86794	0.01976985	0.012589249999999998	944.2746668784877
12.14485	0.02036656	0.0128825	944.3210991655346
12.42822	0.02098417	0.013182570000000001	944.3685237400598
12.7182	0.02162368	0.01348963	944.4160944369859
13.01496	0.02228617	0.01380384	944.4651756322878
13.31864	0.02297282	0.01412538	944.5135507858904
13.62941	0.02368485	0.014454399999999997	944.5632367998672
13.94744	0.02442358	0.01479108	944.6141579925198
14.2729	0.02519041	0.01513561	944.6656203483044
14.60595	0.02598686	0.01548817	944.7169588143724
14.94678	0.02681453	0.01584893	944.7700589251135
15.29557	0.02767513	0.0162181	944.8236926643689
15.6525	0.02857048	0.01659587	944.8778810631803
16.01777	0.02950255	0.01698244	944.9332693064129
16.39157	0.03047343	0.01737801	944.9898711072213
16.7741	0.03148534	0.01778279	945.0477309803467
17.16556	0.03254067	0.01819701	945.1058536539794
19.2685	0.03356891	0.02042203	945.159169289243
19.71362	0.03472316	0.020892959999999995	945.2151901884654
20.17363	0.03594039	0.021379619999999995	945.272665744293
20.64438	0.03721237	0.02187762	945.3309989843502
21.12614	0.03854236	0.02238721	945.3916928460491
21.61914	0.03993383	0.02290868	945.4527205408605
22.12366	0.04139046	0.023442290000000005	945.5155814555659
22.63997	0.04291622	0.02398833	945.5800474647465
23.16834	0.0445153	0.02454709	945.6459115927795
23.70906	0.04619217	0.02511886	945.7137851797415
24.26241	0.04795161	0.025703960000000005	945.7827358119137
24.82869	0.04979869	0.02630268	945.8537567274515
25.40821	0.05173879	0.026915349999999998	945.9267217405682
26.00127	0.05377769	0.027542289999999997	946.0015013275948
26.60819	0.05592147	0.02818383	946.0783530840203
27.22931	0.05817664	0.02884032	946.1575544238067
27.86494	0.06055009	0.02951209	946.2389851074594
28.51544	0.06304915	0.030199519999999997	946.3226286378062
29.18115	0.06568159	0.030902949999999995	946.4090512394448
29.86242	0.0684557	0.03162278	946.4972940392969
30.55964	0.07138017	0.03235936999999999	946.5888912546816
31.27316	0.07446432	0.03311311	946.6831813743862
32.00338	0.07771794	0.03388442	946.7801998676679
32.75068	0.08115149	0.03467369	946.8802279192092
33.51548	0.08477594	0.03548134	946.9838495389406
34.29817	0.08860299	0.03630781	947.090253859982
35.09919	0.09264497	0.03715352	947.2005605390822
35.91896	0.09691487	0.03801894	947.3140195386825
36.75793	0.1014265	0.03890451	947.4314546051345
37.61655	0.1061944	0.039810719999999994	947.5524280897205
38.49528	0.1112339	0.04073803000000001	947.6774871048011
39.3946	0.1165612	0.041686940000000006	947.8067039701162
40.315	0.1221934	0.04265795	947.9403815701411
41.25697	0.1281485	0.04365158	948.0783627992389
42.22103	0.1344456	0.04466836	948.2209689364015
43.20769	0.1411047	0.04570882	948.3682733441817
44.2175	0.1481469	0.046773510000000004	948.5207952107935
45.25099	0.1555945	0.04786301	948.6779978944074
46.30874	0.163471	0.04897788	948.8408032360732
47.39131	0.1718011	0.05011871999999999	949.0088952790495
48.4993	0.1806108	0.05128614	949.1825822727153
49.6333	0.1899278	0.05248075000000001	949.3619622432986
50.79395	0.199781	0.05370318000000001	949.5476990375616
51.98187	0.2102012	0.054954090000000004	949.7395225723873
53.1977	0.2212206	0.05623413	949.9377086477554
54.44212	0.2328734	0.05754399	950.1425500734308
55.71581	0.245196	0.05888436999999999	950.3541601956513
57.01946	0.2582266	0.06025595999999999	950.5729657282036
58.35378	0.272006	0.061659500000000006	950.7989198744718
59.71952	0.2865773	0.06309573	951.0326182136255
61.11742	0.3019865	0.06456542	951.2740178875937
62.54825	0.3182824	0.06606934	951.5235417820127
64.0128	0.3355173	0.0676083	951.7813241865275
65.51187	0.3537469	0.06918309999999998	952.0477819004932
67.0463	0.3730309	0.07079458000000001	952.3233402896099
68.61693	0.3934335	0.0724436	952.6081461992502
70.22464	0.4150234	0.07413102	952.9028927431457
71.87031	0.4378751	0.07585776	953.2074912309565
73.55486	0.4620685	0.07762471	953.5227700045515
75.27923	0.4876904	0.07943282000000002	953.8490563472378
77.04438	0.5148349	0.08128304999999998	954.1868187771006
78.8513	0.543604	0.08317638	954.5366605279047
80.701	0.574109	0.08511379999999999	954.8993112750222
82.59451	0.606471	0.08709636	955.2750654562373
84.5329	0.6408227	0.08912508999999999	955.6649277997924
86.51727	0.6773087	0.09120108	956.069584921582
88.54874	0.7160882	0.09332543	956.4898677670169
90.62846	0.7573353	0.09549926	956.9267374427823
92.75761	0.8012418	0.09772372	957.3811946577556
94.93741	0.8480183	0.09999999999999999	957.854283
97.16912	0.8978966	0.1023293	958.3473804667872
99.454	0.9511327	0.1047129	958.8611594177986
101.7934	1.008008	0.1071519	959.3988347383482
104.1886	1.068834	0.1096478	959.9593790299485
106.6411	1.133952	0.1122018	960.5465509465979
109.1524	1.203741	0.1148154	961.1614905317579
111.7237	1.277711	0.11748980000000002	961.7976283898686
114.3568	1.356167	0.1202264	962.4588859019318
117.053	1.440037	0.1230269	963.1473848402261
119.8141	1.529994	0.1258925	963.8707150942273
122.6417	1.62671	0.128825	964.6296138171939
125.5375	1.730898	0.1318257	965.429335857879
128.5032	1.843323	0.1348963	966.2720400781933
131.5408	1.964819	0.1380384	967.1628981500799
134.652	2.096295	0.1412538	968.1034775701607
137.8389	2.238744	0.144544	969.1003708213415
141.1035	2.39325	0.1479108	970.157351592987
144.4479	2.560999	0.1513561	971.2783231068984
147.8743	2.743288	0.1548817	972.468587315351
151.3849	2.941531	0.1584893	973.7340691138139
154.9821	3.157272	0.162181	975.079522262164
158.6683	3.392194	0.16595869999999996	976.5109873721594
162.4461	3.648128	0.1698244	978.0351233391668
166.3181	3.927065	0.1737801	979.6585742556254
170.2871	4.231165	0.17782789999999998	981.3885503905743
174.356	4.562775	0.1819701	983.231723233652
178.5276	4.924429	0.18620869999999998	985.1957991221678
182.8053	5.318875	0.19054610000000002	987.2895587996815
187.1922	5.74907	0.19498450000000003	989.5210644948701
191.6917	6.218209	0.19952619999999996	991.8993545709787
196.3075	6.729724	0.2041738	994.4332916368311
201.0432	7.287304	0.20892960000000002	997.1325460825083
205.9028	7.894903	0.2137962	1000.007030059468
210.8904	8.556756	0.2187762	1003.0668601063553
216.0102	9.277386	0.22387210000000002	1006.3227441025479
221.2668	10.06162	0.2290868	1009.7850247155226
226.6649	10.91459	0.2344229	1013.4653653717278
232.2094	11.84176	0.23988330000000002	1017.3745316993721
237.9056	12.84892	0.24547090000000002	1021.5244250947871
243.759	13.94221	0.2511886	1025.9271718541368
249.7752	15.1281	0.25703960000000003	1030.5933404813889
255.9603	16.41344	0.2630268	1035.5360746509482
262.3206	17.80544	0.2691535	1040.766848656993
268.8628	19.31167	0.27542289999999997	1046.2981473218094
275.5939	20.94009	0.2818383	1052.1422744885988
282.5212	22.69904	0.2884032	1058.310864789295
289.6525	24.59725	0.29512089999999996	1064.8169953398758
296.9957	26.64383	0.3019952	1071.6711060308241
304.5595	28.84832	0.30902949999999996	1078.8867082268846
312.3528	31.22063	0.31622780000000006	1086.4744655593215
320.3849	33.7711	0.3235937	1094.4465235262614
328.6656	36.51048	0.3311311	1102.8142025922662
337.2042	39.23176	0.3388442	1110.9411345981428
346.0014	41.71985	0.3467369	1118.2001396447854
355.0618	44.24768	0.35481339999999995	1125.4069885748397
364.393	46.8655	0.3630781	1132.6998240874345
374.0039	49.59754	0.3715352	1140.1381080446752
383.9035	52.38609	0.3801894	1147.5585326681912
394.0975	55.11349	0.3890451	1154.6501678083082
404.5934	57.9141	0.39810719999999994	1161.766227789902
415.4	60.81419	0.40738030000000003	1168.9671542782014
426.5276	63.87291	0.41686940000000006	1176.38884024589
437.9876	67.10739	0.4265795	1184.0582822193753
449.7922	70.53074	0.43651579999999995	1191.9910802770485
461.9537	74.15509	0.4466836	1200.1980596556489
474.4854	77.99235	0.45708819999999994	1208.6895920743525
487.4009	82.05461	0.4677351	1217.47439950519
500.7146	86.35422	0.47863009999999995	1226.5605944966687
514.4415	90.90394	0.48977880000000007	1235.956803356944
528.5971	95.71696	0.5011872	1245.6704002017607
543.1978	100.807	0.5128614	1255.7092423021113
558.2604	106.1883	0.5248075	1266.0808010556252
573.8028	111.8758	0.5370318	1276.7932923152784
589.8434	117.8848	0.5495409000000001	1287.8535519376264
606.4014	124.2315	0.5623413	1299.2695005684268
623.4971	130.9326	0.5754399	1311.0486429599339
641.1514	138.0058	0.5888437	1323.1986688487964
659.3861	145.4693	0.6025596	1335.7274533506727
673.1949684671056	151.24031919884425	0.6128480060135477	1345.1945773176783
741.8959801237224	151.2405370592178	0.6648757274813905	1345.1952764646235
743.3146744325122	151.90240064564466	0.6650000538122047	1346.1909814084997
744.7412322653336	152.5679302678776	0.6660593597465051	1347.1909814084997
746.170216887015	153.23451970336623	0.6671196803666075	1348.1909814084997
747.6016306767266	153.90216996692595	0.6681810159318733	1349.1909814084997
749.0354760144168	154.57088207363142	0.669243366701664	1350.1909814084997
750.4717552808115	155.24065703881718	0.6703067329353412	1351.1909814084997
751.9104708574154	155.91149587807652	0.6713711148922661	1352.1909814084997
753.3516251265111	156.58339960726255	0.6724365128318007	1353.1909814084997
754.7952204711586	157.25636924248747	0.673502927013306	1354.1909814084997
756.2412592751969	157.93040580012297	0.6745703576961438	1355.1909814084997
757.6897439232425	158.60551029680005	0.6756388051396754	1356.1909814084997
759.1406768006904	159.281683749409	0.6767082696032625	1357.1909814084997
760.5940602937133	159.95892717509963	0.6777787513462663	1358.1909814084997
762.0498967892622	160.6372415912811	0.6788502506280486	1359.1909814084997
763.5081886750663	161.3166280156218	0.6799227677079707	1360.1909814084997
764.9689383396324	161.9970874660496	0.6809963028453941	1361.1909814084997
766.4321481722458	162.67862096075154	0.6820708562996803	1362.1909814084997
767.8978205629701	163.36122951817435	0.683146428330191	1363.1909814084997
769.3659579026464	164.04491415702375	0.6842230191962875	1364.1909814084997
770.836562582894	164.72967589626523	0.6853006291573311	1365.1909814084997
772.3096369961106	165.41551575512332	0.6863792584726837	1366.1909814084997
773.7851835354722	166.10243475308187	0.6874589074017066	1367.1909814084997
775.2632045949321	166.7904339098843	0.688539576203761	1368.1909814084997
776.7437025692225	167.4795142455335	0.6896212651382092	1369.1909814084997
778.2266798538526	168.16967678029133	0.6907039744644119	1370.1909814084997
779.7121388451105	168.86092253467933	0.6917877044417308	1371.1909814084997
781.2000819400629	169.5532525294783	0.6928724553295275	1372.1909814084997
782.6905115365533	170.24666778572833	0.6939582273871634	1373.1909814084997
784.1834300332046	170.941169324729	0.6950450208740001	1374.1909814084997
785.6788398294161	171.6367581680392	0.696132836049399	1375.1909814084997
787.176743325367	172.3334353374771	0.6972216731727218	1376.1909814084997
788.6771429220134	173.0312018551204	0.6983115325033296	1377.1909814084997
790.1800410210905	173.730058743306	0.6994024143005844	1378.1909814084997
791.6854400251101	174.43000702463024	0.7004943188238472	1379.1909814084997
793.1933423373632	175.13104772194885	0.7015872463324797	1380.1909814084997
794.7037503619188	175.83318185837675	0.7026811970858434	1381.1909814084997
796.2166665036234	176.53641045728853	0.7037761713432997	1382.1909814084997
797.7320931681024	177.2407345423179	0.7048721693642104	1383.1909814084997
799.2500327617588	177.9461551373579	0.7059691914079366	1384.1909814084997
800.7704876917738	178.65267326656118	0.7070672377338401	1385.1909814084997
802.2934603661065	179.36028995433944	0.7081663086012822	1386.1909814084997
803.818953193494	180.06900622536398	0.7092664042696244	1387.1909814084997
805.3469685834519	180.77882310456545	0.7103675249982282	1388.1909814084997
806.8775089462741	181.48974161713366	0.7114696710464553	1389.1909814084997
808.4105766930313	182.20176278851795	0.7125728426736667	1390.1909814084997
809.9461742355738	182.91488764442715	0.7136770401392245	1391.1909814084997
811.4843039865293	183.629117210829	0.7147822637024898	1392.1909814084997
813.0249683593036	184.34445251395113	0.7158885136228242	1393.1909814084997
814.5681697680803	185.06089458028015	0.7169957901595893	1394.1909814084997
816.1139106278217	185.7784444365622	0.7181040935721463	1395.1909814084997
817.662193354268	186.49710310980285	0.7192134241198571	1396.1909814084997
819.2130203639371	187.2168716272667	0.7203237820620828	1397.1909814084997
820.7663940741252	187.93775101647827	0.721435167658185	1398.1909814084997
822.3223169029069	188.6597423052209	0.7225475811675256	1399.1909814084997
823.8807912691342	189.38284652153757	0.7236610228494654	1400.1909814084997
825.4418195924382	190.10706469373048	0.7247754929633664	1401.1909814084997
827.0054042932268	190.83239785036136	0.7258909917685898	1402.1909814084997
828.5715477926874	191.55884702025122	0.7270075195244974	1403.1909814084997
830.1402525127843	192.28641323248038	0.7281250764904506	1404.1909814084997
831.7115208762602	193.0150975163886	0.7292436629258104	1405.1909814084997
833.2853553066366	193.74490090157497	0.7303632790899391	1406.1909814084997
834.8617582282119	194.47582441789785	0.7314839252421976	1407.1909814084997
836.4407320660632	195.20786909547513	0.7326056016419475	1408.1909814084997
838.0222792460465	195.941035964684	0.7337283085485506	1409.1909814084997
839.6064021947944	196.67532605616103	0.7348520462213681	1410.1909814084997
841.1931033397182	197.41074040080196	0.7359768149197615	1411.1909814084997
842.7823851090072	198.14728002976216	0.7371026149030924	1412.1909814084997
844.3742499316297	198.88494597445623	0.7382294464307224	1413.1909814084997
845.9687002373306	199.62373926655818	0.7393573097620126	1414.1909814084997
847.5657384566339	200.36366093800123	0.7404862051563249	1415.1909814084997
849.1653670208411	201.1047120209783	0.7416161328730205	1416.1909814084997
850.7675883620319	201.8468935479412	0.742747093171461	1417.1909814084997
852.3724049130649	202.59020655160157	0.743879086311008	1418.1909814084997
853.9798191075757	203.33465206493008	0.7450121125510228	1419.1909814084997
855.5898333799785	204.08023112115688	0.7461461721508671	1420.1909814084997
857.2024501654656	204.82694475377156	0.7472812653699024	1421.1909814084997
858.8176719000069	205.57479399652289	0.7484173924674898	1422.1909814084997
860.4355010203509	206.32377988341918	0.7495545537029913	1423.1909814084997
862.0559399640246	207.07390344872795	0.7506927493357681	1424.1909814084997
863.6789911693318	207.82516572697614	0.7518319796251817	1425.1909814084997
865.3046570753553	208.57756775295036	0.7529722448305938	1426.1909814084997
866.9329401219559	209.33111056169588	0.7541135452113655	1427.1909814084997
868.5638427497723	210.08579518851792	0.7552558810268586	1428.1909814084997
870.1973674002218	210.84162266898096	0.7563992525364347	1429.1909814084997
871.8335165154986	211.59859403890863	0.7575436599994549	1430.1909814084997
873.4722925385763	212.3567103343841	0.7586891036752811	1431.1909814084997
875.1136979132058	213.11597259174988	0.7598355838232744	1432.1909814084997
876.7577350839166	213.87638184760786	0.7609831007027967	1433.1909814084997
878.4044064960157	214.63793913881918	0.7621316545732093	1434.1909814084997
880.053714595588	215.40064550250435	0.7632812456938735	1435.1909814084997
881.7056618294979	216.16450197604345	0.764431874324151	1436.1909814084997
883.3602506453865	216.92950959707562	0.7655835407234033	1437.1909814084997
885.0174834916737	217.69566940349964	0.766736245150992	1438.1909814084997
886.6773628175569	218.46298243347354	0.7678899878662785	1439.1909814084997
888.3398910730115	219.23144972541454	0.769044769128624	1440.1909814084997
890.005070708792	220.00107231799953	0.7702005891973902	1441.1909814084997
891.6729041764302	220.77185125016464	0.7713574483319388	1442.1909814084997
893.3433939282362	221.54378756110518	0.772515346791631	1443.1909814084997
895.0165424172982	222.31688229027608	0.7736742848358285	1444.1909814084997
896.6923520974823	223.09113647739142	0.7748342627238927	1445.1909814084997
898.370825423433	223.86655116242488	0.7759952807151851	1446.1909814084997
900.0519648505721	224.64312738560935	0.7771573390690671	1447.1909814084997
901.7357728351008	225.420866187437	0.7783204380449004	1448.1909814084997
903.4222518339973	226.1997686086596	0.7794845779020464	1449.1909814084997
905.1114043050179	226.97983569028798	0.7806497588998663	1450.1909814084997
906.8032327066976	227.76106847359267	0.781815981297722	1451.1909814084997
908.49773949835	228.5434680001033	0.782983245354975	1452.1909814084997
910.1949271400649	229.32703531160882	0.7841515513309865	1453.1909814084997
911.8947980927117	230.1117714501579	0.7853208994851181	1454.1909814084997
913.5973548179377	230.8976774580583	0.7864912900767316	1455.1909814084997
915.3025997781676	231.68475437787697	0.787662723365188	1456.1909814084997
917.0105354366049	232.47300325244072	0.7888351996098489	1457.1909814084997
918.7211642572311	233.26242512483526	0.7900087190700763	1458.1909814084997
920.4344887048048	234.05302103840577	0.7911832820052309	1459.1909814084997
922.1505112448644	234.84479203675713	0.7923588886746747	1460.1909814084997
923.8692343437251	235.63773916375314	0.7935355393377693	1461.1909814084997
925.5906604684803	236.431863463517	0.7947132342538756	1462.1909814084997
927.3147920870023	237.22716598043155	0.7958919736823556	1463.1909814084997
929.0416316679407	238.023647759139	0.797071757882571	1464.1909814084997
930.7711816807231	238.82130984454045	0.7982525871138826	1465.1909814084997
932.503444595556	239.62015328179683	0.7994344616356523	1466.1909814084997
934.2384228834226	240.42017911632837	0.8006173817072414	1467.1909814084997
935.9761190160864	241.22138839381438	0.8018013475880118	1468.1909814084997
937.7165354660865	242.02378216019395	0.8029863595373247	1469.1909814084997
939.4596747067418	242.82736146166496	0.8041724178145414	1470.1909814084997
941.2055392121484	243.63212734468541	0.8053595226790238	1471.1909814084997
942.9541314571811	244.43808085597198	0.8065476743901331	1472.1909814084997
944.7054539174924	245.24522304250104	0.807736873207231	1473.1909814084997
946.4595090695129	246.0535549515082	0.8089271193896788	1474.1909814084997
948.2162993904514	246.86307763048865	0.8101184131968381	1475.1909814084997
949.9758273582947	247.6737921271965	0.8113107548880703	1476.1909814084997
951.7380954518078	248.4856994896459	0.812504144722737	1477.1909814084997
953.5031061505335	249.2988007661097	0.8136985829601997	1478.1909814084997
955.2708619347927	250.11309700512032	0.8148940698598196	1479.1909814084997
957.0413652856859	250.92858925546983	0.8160906056809589	1480.1909814084997
958.8146186850888	251.7452785662092	0.8172881906829785	1481.1909814084997
960.5906246156569	252.56316598664915	0.8184868251252397	1482.1909814084997
962.3693855608246	253.38225256635957	0.8196865092671046	1483.1909814084997
964.1509040048027	254.20253935516973	0.8208872433679344	1484.1909814084997
965.935182432581	255.02402740316813	0.8220890276870904	1485.1909814084997
967.7222233299271	255.84671776070306	0.8232918624839345	1486.1909814084997
969.5120291833871	256.67061147838183	0.824495748017828	1487.1909814084997
971.304602480284	257.4957096070708	0.8257006845481321	1488.1909814084997
973.0999457087205	258.3220131978966	0.8269066723342088	1489.1909814084997
974.8980613575764	259.14952330224435	0.8281137116354194	1490.1909814084997
976.69895191651	259.97824097175896	0.8293218027111252	1491.1909814084997
978.5026198759574	260.80816725834455	0.830530945820688	1492.1909814084997
980.3090677271325	261.63930321416467	0.8317411412234689	1493.1909814084997
982.1182979620282	262.47164989164236	0.83295238917883	1494.1909814084997
983.9303130734145	263.30520834345975	0.8341646899461321	1495.1909814084997
985.7451155548399	264.13997962255837	0.835378043784737	1496.1909814084997
987.5627079006318	264.9759647821394	0.8365924509540065	1497.1909814084997
989.3830926058941	265.8131648756631	0.8378079117133017	1498.1909814084997
991.2062721665095	266.6515809568491	0.8390244263219839	1499.1909814084997
993.0322490791395	267.49121407967664	0.8402419950394153	1500.1909814084997
994.861025841223	268.33206529838395	0.8414606181249569	1501.1909814084997
996.6926049509759	269.17413566746905	0.84268029583797	1502.1909814084997
998.5269889073949	270.0174262416889	0.8439010284378166	1503.1909814084997
1000.3641802102522	270.86193807606014	0.845122816183858	1504.1909814084997
1002.2041813600995	271.7076722258584	0.8463456593354555	1505.1909814084997
1004.0469948582661	272.55462974661924	0.8475695581519707	1506.1909814084997
1005.8926232068593	273.4028116941372	0.8487945128927654	1507.1909814084997
1007.7410689087646	274.25221912446597	0.8500205238172005	1508.1909814084997
1009.5923344676461	275.1028530939192	0.8512475911846381	1509.1909814084997
1011.4464223879448	275.95471465906934	0.8524757152544391	1510.1909814084997
1013.303335174881	276.8078048767486	0.8537048962859655	1511.1909814084997
1015.1630753344525	277.66212480404846	0.8549351345385786	1512.1909814084997
1017.025645373435	278.51767549831925	0.8561664302716397	1513.1909814084997
1018.891047799383	279.3744580171716	0.8573987837445107	1514.1909814084997
1020.7592851206286	280.23247341847474	0.8586321952165529	1515.1909814084997
1022.6303598462816	281.0917227603575	0.8598666649471276	1516.1909814084997
1024.5042744862308	281.9522071012082	0.8611021931955967	1517.1909814084997
1026.3810315511416	282.8139274996745	0.8623387802213212	1518.1909814084997
1028.2606335524597	283.676885014663	0.8635764262836628	1519.1909814084997
1030.143083002407	284.5410807053405	0.8648151316419832	1520.1909814084997
1032.0283824139842	285.4065156311322	0.8660548965556437	1521.1909814084997
1033.9165343009702	286.27319085172326	0.8672957212840058	1522.1909814084997
1035.8075411779216	287.1411074270582	0.868537606086431	1523.1909814084997
1037.7014055601735	288.01026641734074	0.8697805512222809	1524.1909814084997
1039.5981299638383	288.8806688830337	0.8710245569509165	1525.1909814084997
1041.4977169058084	289.75231588485985	0.8722696235317002	1526.1909814084997
1043.4001689037516	290.62520848380103	0.8735157512239929	1527.1909814084997
1045.3054884761157	291.4993477410982	0.874762940287156	1528.1909814084997
1047.2136781421257	292.37473471825206	0.8760111909805511	1529.1909814084997
1049.1247404217854	293.2513704770225	0.8772605035635399	1530.1909814084997
1051.038677835876	294.1292560794287	0.8785108782954837	1531.1909814084997
1052.9554929059573	295.00839258774954	0.8797623154357441	1532.1909814084997
1054.875188154367	295.88878106452273	0.8810148152436825	1533.1909814084997
1056.7977661042205	296.7704225725459	0.8822683779786605	1534.1909814084997
1058.7232292794117	297.6533181748756	0.8835230039000395	1535.1909814084997
1060.6515802046126	298.5374689348278	0.8847786932671807	1536.1909814084997
1062.582821405273	299.42287591597835	0.8860354463394462	1537.1909814084997
1064.5169554076217	300.3095401821617	0.8872932633761973	1538.1909814084997
1066.453984738664	301.197462797472	0.8885521446367952	1539.1909814084997
1068.3939119261845	302.0866448262629	0.8898120903806016	1540.1909814084997
1070.3367394987456	302.97708733314744	0.8910731008669781	1541.1909814084997
1072.2824699856872	303.86879138299753	0.8923351763552858	1542.1909814084997
1074.2311059171288	304.7617580409451	0.8935983171048868	1543.1909814084997
1076.1826498239664	305.655988372381	0.8948625233751422	1544.1909814084997
1078.1371042378742	306.5514834429553	0.8961277954254132	1545.1909814084997
1080.0944716913057	307.44824431857813	0.8973941335150619	1546.1909814084997
1082.0547547174915	308.3462720654185	0.8986615379034496	1547.1909814084997
1084.0179558504403	309.24556774990435	0.8999300088499376	1548.1909814084997
1085.9840776249393	310.14613243872407	0.9011995466138875	1549.1909814084997
1087.9531225765534	311.04796719882444	0.9024701514546607	1550.1909814084997
1089.9250932416264	311.9510730974122	0.903741823631619	1551.1909814084997
1091.8999921572786	312.855451201953	0.9050145634041237	1552.1909814084997
1093.8778218614102	313.761102580172	0.9062883710315361	1553.1909814084997
1095.858584892698	314.66802830005406	0.9075632467732181	1554.1909814084997
1097.8422837905982	315.576229429843	0.9088391908885308	1555.1909814084997
1099.8289210953435	316.4857070380421	0.9101162036368358	1556.1909814084997
1101.8184993479463	317.39646219341415	0.9113942852774948	1557.1909814084997
1103.8110210901962	318.308495964981	0.9126734360698692	1558.1909814084997
1105.8064888646607	319.2218094220242	0.9139536562733201	1559.1909814084997
1107.8049052146862	320.13640363408445	0.9152349461472098	1560.1909814084997
1109.8062726843966	321.052279670962	0.9165173059508992	1561.1909814084997
1111.8105938186936	321.96943860271597	0.9178007359437497	1562.1909814084997
1113.817871163258	322.8878814996656	0.9190852363851231	1563.1909814084997
1115.8281072645477	323.80760943238886	0.9203708075343809	1564.1909814084997
1117.841304669799	324.7286234717234	0.9216574496508843	1565.1909814084997
1119.8574659270266	325.65092468876617	0.9229451629939951	1566.1909814084997
1121.8765935850233	326.5745141548735	0.9242339478230748	1567.1909814084997
1123.8986901933588	327.49939294166074	0.9255238043974845	1568.1909814084997
1125.9237583023823	328.4255621210033	0.9268147329765861	1569.1909814084997
1127.951800463221	329.35302276503523	0.928106733819741	1570.1909814084997
1129.9828192277791	330.28177594615056	0.9293998071863105	1571.1909814084997
1132.0168171487398	331.2118227370022	0.9306939533356564	1572.1909814084997
1134.0537967795644	332.1431642105025	0.9319891725271399	1573.1909814084997
1136.0937606744913	333.07580143982364	0.9332854650201227	1574.1909814084997
1138.1367113885385	334.0097354983964	0.9345828310739662	1575.1909814084997
1140.182651477501	334.9449674599116	0.935881270948032	1576.1909814084997
1142.2315834979518	335.881498398319	0.9371807849016813	1577.1909814084997
1144.283510007243	336.819329387828	0.938481373194276	1578.1909814084997
1146.3384335635035	337.75846150290704	0.9397830360851772	1579.1909814084997
1148.3963567256417	338.6988958182842	0.9410857738337468	1580.1909814084997
1150.4572820533426	339.6406334089468	0.942389586699346	1581.1909814084997
1152.5212121070697	340.5836753501416	0.9436944749413361	1582.1909814084997
1154.588149448066	341.52802271737477	0.945000438819079	1583.1909814084997
1156.6580966383506	342.4736765864116	0.9463074785919361	1584.1909814084997
1158.7310562407222	343.4206380332768	0.947615594519269	1585.1909814084997
1160.8070308187564	344.36890813425475	0.948924786860439	1586.1909814084997
1162.8860229368072	345.3184879658888	0.9502350558748074	1587.1909814084997
1164.9680351600077	346.26937860498185	0.951546401821736	1588.1909814084997
1167.0530700542674	347.22158112859626	0.952858824960586	1589.1909814084997
1169.1411301862756	348.1750966140535	0.9541723255507194	1590.1909814084997
1171.2322181234983	349.12992613893454	0.9554869038514973	1591.1909814084997
1173.3263364341806	350.08607078107985	0.9568025601222815	1592.1909814084997
1175.4234876873445	351.0435316185888	0.9581192946224328	1593.1909814084997
1177.5236744527917	352.00230972982087	0.9594371076113137	1594.1909814084997
1179.6268993011001	352.9624061933943	0.9607559993482849	1595.1909814084997
1181.7331648036272	353.92382208818657	0.962075970092708	1596.1909814084997
1183.8424735325086	354.88655849333526	0.9633970201039449	1597.1909814084997
1185.9548280606568	355.85061648823654	0.9647191496413567	1598.1909814084997
1188.0702309617625	356.81599715254646	0.9660423589643049	1599.1909814084997
1190.1886848102963	357.78270156618015	0.9673666483321515	1600.1909814084997
1192.3101921815048	358.75073080931213	0.9686920180042574	1601.1909814084997
1194.4347556514133	359.7200859623764	0.9700184682399842	1602.1909814084997
1196.5623777968265	360.69076810606646	0.9713459992986939	1603.1909814084997
1198.6930611953248	361.6627783213347	0.9726746114397474	1604.1909814084997
1200.8268084252684	362.6361176893932	0.9740043049225062	1605.1909814084997
1202.9636220657949	363.61078729171334	0.9753350800063322	1606.1909814084997
1205.1035046968204	364.58678821002604	0.9766669369505865	1607.1909814084997
1207.2464588990388	365.5641215263212	0.9779998760146308	1608.1909814084997
1209.392487253923	366.5427883228483	0.9793338974578267	1609.1909814084997
1211.5415923437213	367.52278968211635	0.9806690015395353	1610.1909814084997
1213.693776751464	368.50412668689336	0.9820051885191186	1611.1909814084997
1215.8490430609563	369.4868004202071	0.9833424586559378	1612.1909814084997
1218.0073938567823	370.470811965344	0.9846808122093541	1613.1909814084997
1220.1688317243056	371.456162405851	0.9860202494387296	1614.1909814084997
1222.3333592496665	372.4428528255333	0.9873607706034256	1615.1909814084997
1224.5009790197826	373.430884308456	0.9887023759628033	1616.1909814084997
1226.6716936223513	374.4202579389436	0.9900450657762244	1617.1909814084997
1228.8455056458483	375.4109748015797	0.9913888403030506	1618.1909814084997
1231.022417679525	376.4030359812072	0.9927336998026429	1619.1909814084997
1233.2024323134137	377.39644256292894	0.9940796445343634	1620.1909814084997
1235.3855521383227	378.39119563210653	0.9954266747575731	1621.1909814084997
1237.5717797458394	379.387296274361	0.9967747907316334	1622.1909814084997
1239.7611177283293	380.3847455755732	0.9981239927159065	1623.1909814084997
1241.9535686789357	381.38354462188283	0.9994742809697533	1624.1909814084997
1244.149135191579	382.383694499689	1.0008256557525352	1625.1909814084997
1246.3478198609605	383.38519629565064	1.0021781173236144	1626.1909814084997
1248.549625282556	384.38805109668544	1.0035316659423514	1627.1909814084997
1250.7545540526226	385.39225998997085	1.0048863018681085	1628.1909814084997
1252.962608768193	386.39782406294376	1.0062420253602467	1629.1909814084997
1255.1737920270798	387.4047444033	1.0075988366781279	1630.1909814084997
1257.3881064278726	388.4130220989951	1.0089567360811131	1631.1909814084997
1259.6055545699398	389.42265823824374	1.0103157238285645	1632.1909814084997
1261.8261390534267	390.43365390952005	1.0116758001798427	1633.1909814084997
1264.0498624792583	391.44601020155784	1.01303696539431	1634.1909814084997
1266.2767274491366	392.4597282033496	1.0143992197313279	1635.1909814084997
1268.5067365655411	393.4748090041478	1.0157625634502567	1636.1909814084997
1270.7398924317322	394.49125369346393	1.0171269968104595	1637.1909814084997
1272.9761976517448	395.5090633610689	1.0184925200712966	1638.1909814084997
1275.2156548303938	396.52823909699305	1.01985913349213	1639.1909814084997
1277.4582665732719	397.5487819915263	1.0212268373323212	1640.1909814084997
1279.7040354867504	398.5706931352173	1.0225956318512317	1641.1909814084997
1281.9529641779775	399.5939736188748	1.0239655173082227	1642.1909814084997
1284.2050552548806	400.6186245335662	1.025336493962656	1643.1909814084997
1286.4603113261646	401.64464697061914	1.0267085620738932	1644.1909814084997
1288.7187350013123	402.6720420216195	1.028081721901295	1645.1909814084997
1290.9803288905862	403.7008107784135	1.0294559737042241	1646.1909814084997
1293.2450956050232	404.7309543331063	1.030831317742041	1647.1909814084997
1295.5130377564428	405.76247377806226	1.0322077542741077	1648.1909814084997
1297.7841579574392	406.79537020590567	1.0335852835597854	1649.1909814084997
1300.0584588213871	407.8296447095196	1.0349639058584361	1650.1909814084997
1302.3359429624372	408.86529838204666	1.0363436214294206	1651.1909814084997
1304.616612995519	409.90233231688893	1.0377244305321007	1652.1909814084997
1306.9004715363412	410.94074760770786	1.0391063334258381	1653.1909814084997
1309.1875212013888	411.98054534842413	1.040489330369994	1654.1909814084997
1311.477764607927	413.0217266332178	1.0418734216239303	1655.1909814084997
1313.771204373996	414.06429255652824	1.0432586074470076	1656.1909814084997
1316.0678431184176	415.10824421305466	1.0446448880985886	1657.1909814084997
1318.3676834607895	416.15358269775476	1.046032263838034	1658.1909814084997
1320.6707280214875	417.2003091058464	1.0474207349247053	1659.1909814084997
1322.9769794216666	418.24842453280644	1.0488103016179644	1660.1909814084997
1325.2864402832586	419.29793007437104	1.0502009641771723	1661.1909814084997
1327.599113228975	420.34882682653574	1.051592722861691	1662.1909814084997
1329.9150008823035	421.40111588555595	1.0529855779308817	1663.1909814084997
1332.2341058675117	422.45479834794565	1.054379529644106	1664.1909814084997
1334.5564308096427	423.5098753104786	1.0557745782607248	1665.1909814084997
1336.8819783345216	424.566347870188	1.0571707240401007	1666.1909814084997
1339.2107510687488	425.6242171243663	1.0585679672415949	1667.1909814084997
1341.5427516397021	426.68348417056495	1.0599663081245678	1668.1909814084997
1343.8779826755397	427.74415010659567	1.0613657469483821	1669.1909814084997
1346.2164468051967	428.80621603052856	1.062766283972399	1670.1909814084997
1348.5581466583865	429.86968304069353	1.0641679194559797	1671.1909814084997
1350.9030848655998	430.93455223568014	1.065570653658486	1672.1909814084997
1353.2512640581072	432.0008247143366	1.066974486839279	1673.1909814084997
1355.6026868679548	433.0685015757712	1.0683794192577205	1674.1909814084997
1357.9573559279702	434.13758391935113	1.0697854511731724	1675.1909814084997
1360.3152738717554	435.208072844703	1.0711925828449953	1676.1909814084997
1362.676443333693	436.2799694517131	1.0726008145325514	1677.1909814084997
1365.040866948943	437.35327484052647	1.0740101464952019	1678.1909814084997
1367.4085473534424	438.4279901115481	1.075420578992308	1679.1909814084997
1369.7794871839085	439.5041163654424	1.0768321122832318	1680.1909814084997
1372.153689077835	440.58165470313236	1.0782447466273344	1681.1909814084997
1374.5311556734946	441.6606062258012	1.0796584822839776	1682.1909814084997
1376.9118896099362	442.74097203489106	1.0810733195125224	1683.1909814084997
1379.2958935269899	443.8227532321035	1.082489258572331	1684.1909814084997
1381.683170065261	444.9059509193992	1.0839062997227642	1685.1909814084997
1384.0737218661347	445.99056619899886	1.0853244432231837	1686.1909814084997
1386.4675515717736	447.076600173382	1.0867436893329512	1687.1909814084997
1388.8646618251182	448.1640539452877	1.088164038311428	1688.1909814084997
1391.2650552698879	449.25292861771413	1.0895854904179758	1689.1909814084997
1393.6687345505786	450.34322529391955	1.0910080459119558	1690.1909814084997
1396.075702312466	451.4349450774203	1.0924317050527295	1691.1909814084997
1398.485961201603	452.5280890719937	1.0938564680996585	1692.1909814084997
1400.8995138648206	453.6226583816748	1.0952823353121044	1693.1909814084997
1403.316362949729	454.7186541107595	1.096709306949429	1694.1909814084997
1405.7365111047147	455.81607736380187	1.098137383270993	1695.1909814084997
1408.159960978943	456.9149292456159	1.0995665645361583	1696.1909814084997
1410.5867152223575	458.01521086127514	1.1009968510042865	1697.1909814084997
1413.0167764856808	459.11692331611204	1.1024282429347392	1698.1909814084997
1415.4501474204108	460.2200677157185	1.1038607405868772	1699.1909814084997
1417.8868306788263	461.3246451659461	1.1052943442200627	1700.1909814084997
1420.3268289139833	462.4306567729054	1.106729054093657	1701.1909814084997
1422.7701447797153	463.53810364296663	1.1081648704670213	1702.1909814084997
1425.216780930635	464.64698688275917	1.1096017935995177	1703.1909814084997
1427.6667400221318	465.7573075991719	1.1110398237505072	1704.1909814084997
1430.1200247103739	466.86906689935284	1.1124789611793515	1705.1909814084997
1432.5766376523072	467.98226589070964	1.1139192061454117	1706.1909814084997
1435.036581505657	469.09690568090923	1.11536055890805	1707.1909814084997
1437.4998589289255	470.2129873778776	1.116803019726627	1708.1909814084997
1439.9664725813934	471.3305120898007	1.1182465888605053	1709.1909814084997
1442.4364251231184	472.4494809251237	1.1196912665690455	1710.1909814084997
1444.9097192149375	473.56989499255036	1.1211370531116092	1711.1909814084997
1447.3863575184662	474.69175540104465	1.1225839487475584	1712.1909814084997
1449.8663426960966	475.8150632598297	1.124031953736254	1713.1909814084997
1452.3496774110001	476.9398196783879	1.125481068337058	1714.1909814084997
1454.8363643271257	478.06602576646094	1.1269312928093316	1715.1909814084997
1457.3264061092	479.19368263405	1.128382627412436	1716.1909814084997
1459.8198054227287	480.32279139141593	1.1298350724057333	1717.1909814084997
1462.3165649339953	481.45335314907817	1.131288628048585	1718.1909814084997
1464.81668731006	482.585369017816	1.1327432946003517	1719.1909814084997
1467.3201752187636	483.7188401086683	1.134199072320396	1720.1909814084997
1469.8270313287235	484.8537675329328	1.135655961468079	1721.1909814084997
1472.3372583093344	485.9901524021666	1.1371139623027617	1722.1909814084997
1474.850858830771	487.1279958281869	1.1385730750838063	1723.1909814084997
1477.3678355639838	488.2672989230696	1.1400333000705738	1724.1909814084997
1479.8881911807039	489.4080627991498	1.141494637522426	1725.1909814084997
1482.411928353438	490.5502885690226	1.1429570876987238	1726.1909814084997
1484.9390497554746	491.69397734554195	1.14442065085883	1727.1909814084997
1487.4695580608748	492.83913024182135	1.1458853272621043	1728.1909814084997
1490.003455944483	493.98574837123357	1.1473511171679098	1729.1909814084997
1492.5407460819188	495.1338328474111	1.1488180208356074	1730.1909814084997
1495.0814311495799	496.28338478424524	1.1502860385245581	1731.1909814084997
1497.625513824644	497.43440529588713	1.1517551704941242	1732.1909814084997
1500.1729967850642	498.5868954967468	1.1532254170036664	1733.1909814084997
1502.7238827095744	499.7408565014942	1.1546967783125468	1734.1909814084997
1505.2781742776847	500.89628942505817	1.1561692546801268	1735.1909814084997
1507.8358741696838	502.05319538262705	1.1576428463657675	1736.1909814084997
1510.39698506664	503.2115754896489	1.1591175536288314	1737.1909814084997
1512.961509650396	504.3714308618304	1.1605933767286785	1738.1909814084997
1515.5294506035768	505.5327626151381	1.1620703159246715	1739.1909814084997
1518.100810609582	506.69557186579823	1.1635483714761712	1740.1909814084997
1520.6755923525914	507.8598597302957	1.1650275436425395	1741.1909814084997
1523.2537985175627	509.02562732537467	1.1665078326831375	1742.1909814084997
1525.8354317902317	510.1928757680397	1.1679892388573274	1743.1909814084997
1528.42049485711	511.3616061755536	1.1694717624244697	1744.1909814084997
1531.0089904054907	512.5318196654393	1.1709554036439267	1745.1909814084997
1533.6009211234439	513.7035173554787	1.1724401627750598	1746.1909814084997
1536.196289699816	514.8767003637132	1.17392604007723	1747.1909814084997
1538.7950988242337	516.0513698084433	1.1754130358097992	1748.1909814084997
1541.3973511871004	517.2275268082294	1.176901150232129	1749.1909814084997
1544.0030494795983	518.4051724818906	1.1783903836035805	1750.1909814084997
1546.6121963936869	519.584307948506	1.179880736183515	1751.1909814084997
1549.2247946221053	520.7649343274136	1.1813722082312947	1752.1909814084997
1551.8408468583696	521.9470527382111	1.1828648000062811	1753.1909814084997
1554.4603557967735	523.1306643007549	1.1843585117678348	1754.1909814084997
1557.0833241323896	524.315770135162	1.1858533437753183	1755.1909814084997
1559.7097545610686	525.5023713618074	1.1873492962880923	1756.1909814084997
1562.3396497794397	526.6904691013265	1.188846369565519	1757.1909814084997
1564.9730124849082	527.8800644746133	1.190344563866959	1758.1909814084997
1567.60984537566	529.0711586028215	1.1918438794517747	1759.1909814084997
1570.2501511506564	530.2637526073643	1.193344316579327	1760.1909814084997
1572.8939325096408	531.4578476099141	1.194845875508978	1761.1909814084997
1575.5411921531295	532.6534447324028	1.1963485565000882	1762.1909814084997
1578.1919327824216	533.8505450970213	1.1978523598120199	1763.1909814084997
1580.8461570995914	535.0491498262202	1.1993572857041348	1764.1909814084997
1583.503867807492	536.2492600427094	1.2008633344357933	1765.1909814084997
1586.1650676097554	537.4508768694579	1.2023705062663579	1766.1909814084997
1588.8297592107906	538.6540014296949	1.2038788014551898	1767.1909814084997
1591.4979453157848	539.8586348469075	1.2053882202616504	1768.1909814084997
1594.169628630704	541.0647782448439	1.2068987629451011	1769.1909814084997
1596.8448118622923	542.27243274751	1.2084104297649039	1770.1909814084997
1599.5234977180703	543.4815994791721	1.2099232209804194	1771.1909814084997
1602.2056889063383	544.6922795643557	1.21143713685101	1772.1909814084997
1604.8913881361755	545.9044741278458	1.212952177636037	1773.1909814084997
1607.5805981174353	547.1181842946859	1.2144683435948609	1774.1909814084997
1610.2733215607545	548.3334111901797	1.2159856349868448	1775.1909814084997
1612.9695611775437	549.5501559398904	1.2175040520713487	1776.1909814084997
1615.6693196799945	550.7684196696398	1.2190235951077355	1777.1909814084997
1618.3725997810732	551.9882035055097	1.2205442643553654	1778.1909814084997
1621.0794041945271	553.2095085738406	1.2220660600736006	1779.1909814084997
1623.7897356348826	554.4323360012335	1.223588982521803	1780.1909814084997
1626.5035968174395	555.6566869145474	1.2251130319593329	1781.1909814084997
1629.22099045828	556.8825624409016	1.2266382086455527	1782.1909814084997
1631.941919274262	558.1099637076745	1.2281645128398233	1783.1909814084997
1634.6663859830235	559.3388918425038	1.229691944801507	1784.1909814084997
1637.3943933029786	560.5693479732863	1.2312205047899643	1785.1909814084997
1640.125943953321	561.801333228179	1.2327501930645577	1786.1909814084997
1642.8610406540208	563.0348487355975	1.234281009884648	1787.1909814084997
1645.5996861258277	564.2698956242166	1.2358129555095967	1788.1909814084997
1648.3418830902701	565.5064750229714	1.237346030198766	1789.1909814084997
1651.0876342696513	566.7445880610554	1.2388802342115166	1790.1909814084997
1653.8369423870563	567.984235867922	1.2404155678072102	1791.1909814084997
1656.5898101663456	569.225419573284	1.2419520312452084	1792.1909814084997
1659.3462403321596	570.468140307113	1.2434896247848726	1793.1909814084997
1662.1062356099162	571.7123991996407	1.2450283486855644	1794.1909814084997
1664.8697987258104	572.9581973813576	1.2465682032066454	1795.1909814084997
1667.6369324068155	574.2055359830139	1.2481091886074764	1796.1909814084997
1670.4076393806852	575.4544161356189	1.24965130514742	1797.1909814084997
1673.1819223759494	576.7048389704415	1.2511945530858373	1798.1909814084997
1675.959784121914	577.9568056190099	1.2527389326820888	1799.1909814084997
1678.741227348668	579.2103172131114	1.2542844441955376	1800.1909814084997
1681.5262547870734	580.4653748847932	1.2558310878855439	1801.1909814084997
1684.314869168774	581.7219797663613	1.2573788640114698	1802.1909814084997
1687.1070732261896	582.9801329903811	1.2589277728326767	1803.1909814084997
1689.90286969252	584.2398356896781	1.2604778146085263	1804.1909814084997
1692.7022613017396	585.5010889973362	1.2620289895983794	1805.1909814084997
1695.5052507886046	586.7638940466993	1.2635812980615981	1806.1909814084997
1698.3118408886482	588.0282519713703	1.2651347402575441	1807.1909814084997
1701.1220343381797	589.2941639052116	1.266689316445578	1808.1909814084997
1703.93583387429	590.5616309823454	1.2682450268850625	1809.1909814084997
1706.7532422348436	591.8306543371522	1.2698018718353576	1810.1909814084997
1709.5742621584886	593.1012351042727	1.2713598515558262	1811.1909814084997
1712.3988963846464	594.373374418607	1.2729189663058291	1812.1909814084997
1715.2271476535193	595.6470734153141	1.2744792163447283	1813.1909814084997
1718.0590187060848	596.9223332298125	1.276040601931884	1814.1909814084997
1720.894512284103	598.1991549977804	1.2776031233266594	1815.1909814084997
1723.7336311301074	599.4775398551548	1.2791667807884146	1816.1909814084997
1726.5763779874123	600.7574889381326	1.280731574576512	1817.1909814084997
1729.4227556001103	602.0390033831698	1.282297504950313	1818.1909814084997
1732.2727667130694	603.3220843269817	1.2838645721691782	1819.1909814084997
1735.126414071939	604.6067329065429	1.2854327764924702	1820.1909814084997
1737.983700423145	605.8929502590878	1.28700211817955	1821.1909814084997
1740.8446285138907	607.1807375221097	1.288572597489779	1822.1909814084997
1743.7092010921588	608.4700958333615	1.290144214682519	1823.1909814084997
1746.5774209067088	609.7610263308554	1.2917169700171311	1824.1909814084997
1749.4492907070799	611.0535301528629	1.2932908637529772	1825.1909814084997
1752.3248132435879	612.3476084379149	1.2948658961494184	1826.1909814084997
1755.2039912673283	613.6432623248016	1.2964420674658168	1827.1909814084997
1758.0868275301727	614.9404929525729	1.298019377961533	1828.1909814084997
1760.9733247847716	616.2393014605377	1.2995978278959293	1829.1909814084997
1763.863485784555	617.5396889882642	1.3011774175283668	1830.1909814084997
1766.7573132837283	618.8416566755801	1.302758147118207	1831.1909814084997
1769.6548100372768	620.1452056625728	1.3043400169248116	1832.1909814084997
1772.555978800964	621.4503370895885	1.305923027207542	1833.1909814084997
1775.4608223313307	622.757052097233	1.3075071782257595	1834.1909814084997
1778.369343385696	624.0653518263717	1.3090924702388256	1835.1909814084997
1781.2815447221567	625.3752374181288	1.310678903506102	1836.1909814084997
1784.1974290995895	626.6867100138883	1.3122664782869502	1837.1909814084997
1787.1169992776465	627.9997707552938	1.3138551948407318	1838.1909814084997
1790.0402580167595	629.3144207842472	1.3154450534268076	1839.1909814084997
1792.9672080781384	630.6306612429111	1.31703605430454	1840.1909814084997
1795.8978522237712	631.9484932737068	1.3186281977332903	1841.1909814084997
1798.8321932164222	633.2679180193146	1.3202214839724191	1842.1909814084997
1801.7702338196366	634.5889366226747	1.321815913281289	1843.1909814084997
1804.711976797736	635.911550226987	1.3234114859192612	1844.1909814084997
1807.6574249158207	637.2357599757094	1.3250082021456968	1845.1909814084997
1810.6065809397678	638.5615670125608	1.3266060622199576	1846.1909814084997
1813.5594476362344	639.8889724815185	1.3282050664014051	1847.1909814084997
1816.516027772655	641.217977526819	1.3298052149494008	1848.1909814084997
1819.4763241172407	642.5485832929592	1.331406508123306	1849.1909814084997
1822.4403394389835	643.8807909246941	1.3330089461824828	1850.1909814084997
1825.4080765076496	645.2146015670392	1.3346125293862914	1851.1909814084997
1828.3795380937888	646.5500163652681	1.3362172579940947	1852.1909814084997
1831.3547269687226	647.8870364649151	1.3378231322652532	1853.1909814084997
1834.333645904556	649.2256630117729	1.339430152459129	1854.1909814084997
1837.3162976741694	650.565897151894	1.3410383188350836	1855.1909814084997
1840.302685051221	651.9077400315903	1.342647631652478	1856.1909814084997
1843.2928108101476	653.2511927974326	1.3442580911706739	1857.1909814084997
1846.2866777261663	654.5962565962516	1.3458696976490332	1858.1909814084997
1849.2842885752673	655.9429325751371	1.3474824513469166	1859.1909814084997
1852.285646134225	657.2912218814383	1.3490963525236863	1860.1909814084997
1855.2907531805872	658.6411256627639	1.3507114014387038	1861.1909814084997
1858.2996124926806	659.9926450669816	1.3523275983513297	1862.1909814084997
1861.3122268496122	661.3457812422189	1.3539449435209268	1863.1909814084997
1864.3285990312645	662.7005353368623	1.3555634372068555	1864.1909814084997
1867.3487318183002	664.0569084995577	1.3571830796684776	1865.1909814084997
1870.372627992158	665.4149018792109	1.3588038711651549	1866.1909814084997
1873.400290335057	666.7745166249863	1.360425811956249	1867.1909814084997
1876.4317216299926	668.1357538863078	1.3620489023011206	1868.1909814084997
1879.4669246607377	669.4986148128595	1.3636731424591317	1869.1909814084997
1882.505902211847	670.8631005545839	1.3652985326896443	1870.1909814084997
1885.5486570686476	672.2292122616828	1.3669250732520188	1871.1909814084997
1888.59519201725	673.5969510846182	1.3685527644056175	1872.1909814084997
1891.6455098445397	674.9663181741109	1.3701816064098014	1873.1909814084997
1894.699613338182	676.3373146811412	1.3718115995239326	1874.1909814084997
1897.757505286618	677.7099417569485	1.373442744007372	1875.1909814084997
1900.81918847907	679.0842005530321	1.3750750401194816	1876.1909814084997
1903.8846657055358	680.46009222115	1.3767084881196223	1877.1909814084997
1906.9539397567912	681.8376179133204	1.3783430882671557	1878.1909814084997
1910.027013424393	683.21677878182	1.379978840821444	1879.1909814084997
1913.1038895006732	684.5975759791854	1.381615746041848	1880.1909814084997
1916.1845707787434	685.9800106582123	1.3832538041877296	1881.1909814084997
1919.2690600524913	687.3640839719558	1.3848930155184496	1882.1909814084997
1922.3573601165858	688.7497970737305	1.3865333802933701	1883.1909814084997
1925.4494737664718	690.1371511171103	1.388174898771853	1884.1909814084997
1928.5454037983723	691.5261472559287	1.3898175712132588	1885.1909814084997
1931.6451530092886	692.9167866442776	1.3914613978769494	1886.1909814084997
1934.7487241970005	694.3090704365097	1.3931063790222864	1887.1909814084997
1937.856120160066	695.7029997872359	1.3947525149086315	1888.1909814084997
1940.96734369782	697.098575851327	1.3963998057953455	1889.1909814084997
1944.0823976103775	698.4957997839133	1.3980482519417907	1890.1909814084997
1947.201284698629	699.8946727403836	1.3996978536073277	1891.1909814084997
1950.3240077642465	701.2951958763872	1.4013486110513191	1892.1909814084997
1953.4505696096758	702.6973703478324	1.4030005245331256	1893.1909814084997
1956.5809730381436	704.1011973108859	1.4046535943121086	1894.1909814084997
1959.7152208536554	705.5066779219753	1.4063078206476303	1895.1909814084997
1962.8533158609923	706.9138133377866	1.4079632037990515	1896.1909814084997
1965.9952608657154	708.3226047152651	1.409619744025734	1897.1909814084997
1969.1410586741624	709.7330532116164	1.4112774415870393	1898.1909814084997
1972.2907120934508	711.1451599843037	1.4129362967423287	1899.1909814084997
1975.4442239314747	712.558926191052	1.4145963097509642	1900.1909814084997
1978.601596996907	713.9743529898435	1.4162574808723067	1901.1909814084997
1981.762834099198	715.3914415389206	1.4179198103657178	1902.1909814084997
1984.9279380485775	716.8101929967854	1.4195832984905594	1903.1909814084997
1988.0969116560527	718.2306085221986	1.4212479455061928	1904.1909814084997
1991.2697577334068	719.6526892741811	1.422913751671979	1905.1909814084997
1994.4464790932047	721.0764364120125	1.42458071724728	1906.1909814084997
1997.627078548787	722.501851095232	1.4262488424914572	1907.1909814084997
2000.811558914274	723.928934483638	1.4279181276638724	1908.1909814084997
2003.9999230045607	725.357687737289	1.4295885730238862	1909.1909814084997
2007.192173635326	726.7881120165017	1.4312601788308612	1910.1909814084997
2010.3883136230213	728.2202084818526	1.4329329453441582	1911.1909814084997
2013.5883457848781	729.6539782941784	1.4346068728231387	1912.1909814084997
2016.792272938907	731.0894226145742	1.4362819615271647	1913.1909814084997
2020.0000979038953	732.5265426043941	1.4379582117155967	1914.1909814084997
2023.2118234994095	733.9653394252532	1.4396356236477974	1915.1909814084997
2026.427452545793	735.4058142390243	1.4413141975831274	1916.1909814084997
2029.6469878641685	736.8479682078403	1.4429939337809488	1917.1909814084997
2032.8704322764354	738.2918024940934	1.4446748325006225	1918.1909814084997
2036.097788605273	739.7373182604351	1.4463568940015106	1919.1909814084997
2039.3290596741374	741.1845166697765	1.448040118542974	1920.1909814084997
2042.5642483072616	742.6333988852878	1.4497245063843744	1921.1909814084997
2045.8033573296598	744.0839660703983	1.4514100577850737	1922.1909814084997
2049.046389567122	745.5362193887976	1.453096773004433	1923.1909814084997
2052.2933478462164	746.9901600044334	1.4547846523018138	1924.1909814084997
2055.544234994291	748.4457890815135	1.4564736959365774	1925.1909814084997
2058.79905383947	749.9031077845053	1.458163904168086	1926.1909814084997
2062.0578072106564	751.3621172781351	1.4598552772557007	1927.1909814084997
2065.32049793753	752.8228187273886	1.4615478154587824	1928.1909814084997
2068.5871288505523	754.285213297511	1.4632415190366936	1929.1909814084997
2071.8577027809583	755.7493021540067	1.4649363882487951	1930.1909814084997
2075.132222560764	757.2150864626398	1.4666324233544485	1931.1909814084997
2078.4106910227633	758.6825673894333	1.4683296246130155	1932.1909814084997
2081.693111000527	760.1517461006699	1.4700279922838575	1933.1909814084997
2084.9794853284047	761.6226237628915	1.4717275266263359	1934.1909814084997
2088.269816841525	763.0952015428995	1.4734282278998123	1935.1909814084997
2091.564108375793	764.5694806077547	1.4751300963636484	1936.1909814084997
2094.8623627678908	766.0454621247767	1.476833132277205	1937.1909814084997
2098.164582855283	767.5231472615454	1.4785373358998446	1938.1909814084997
2101.4707714762076	769.0025371858991	1.4802427074909277	1939.1909814084997
2104.780931469684	770.4836330659365	1.4819492473098166	1940.1909814084997
2108.095065675507	771.9664360700147	1.483656955615872	1941.1909814084997
2111.413176934252	773.4509473667504	1.4853658326684562	1942.1909814084997
2114.7352680872705	774.9371681250201	1.48707587872693	1943.1909814084997
2118.0613419766933	776.4250995139594	1.4887870940506556	1944.1909814084997
2121.3914014454285	777.9147427029629	1.490499478898994	1945.1909814084997
2124.7254493371624	779.4060988616853	1.4922130335313064	1946.1909814084997
2128.063488496361	780.8991691600401	1.4939277582069552	1947.1909814084997
2131.4055217682653	782.3939547682	1.495643653185301	1948.1909814084997
2134.751551998898	783.8904568565979	1.497360718725706	1949.1909814084997
2138.101582035055	785.3886765959254	1.499078955087531	1950.1909814084997
2141.455614724316	786.8886151571335	1.500798362530138	1951.1909814084997
2144.813652915035	788.3902737114324	1.5025189413128883	1952.1909814084997
2148.175699456346	789.8936534302923	1.5042406916951436	1953.1909814084997
2151.541757198159	791.3987554854423	1.505963613936265	1954.1909814084997
2154.9118289911635	792.905581048871	1.5076877082956144	1955.1909814084997
2158.285917686828	794.4141312928261	1.5094129750325533	1956.1909814084997
2161.664026137396	795.9244073898149	1.5111394144064425	1957.1909814084997
2165.0461571958936	797.4364105126043	1.5128670266766446	1958.1909814084997
2168.432313716119	798.9501418342201	1.5145958121025198	1959.1909814084997
2171.822498552656	800.4656025279477	1.5163257709434308	1960.1909814084997
2175.21671456086	801.9827937673317	1.5180569034587386	1961.1909814084997
2178.6149645968667	803.5017167261764	1.5197892099078043	1962.1909814084997
2182.017251517591	805.0223725785451	1.5215226905499901	1963.1909814084997
2185.423578180725	806.5447624987606	1.5232573456446572	1964.1909814084997
2188.833947444738	808.0688876614049	1.5249931754511667	1965.1909814084997
2192.2483621688784	809.59474924132	1.5267301802288804	1966.1909814084997
2195.666825213173	811.1223484136065	1.5284683602371603	1967.1909814084997
2199.0893394384257	812.6516863536244	1.5302077157353668	1968.1909814084997
2202.515907706221	814.1827642369935	1.5319482469828627	1969.1909814084997
2205.9465328789165	815.7155832395929	1.5336899542390086	1970.1909814084997
2209.3812178196517	817.2501445375609	1.5354328377631659	1971.1909814084997
2212.819965392345	818.786449307295	1.5371768978146967	1972.1909814084997
2216.262778461689	820.3244987254526	1.538922134652962	1973.1909814084997
2219.7096598931575	821.8642939689496	1.5406685485373235	1974.1909814084997
2223.1606125530025	823.4058362149622	1.5424161397271428	1975.1909814084997
2226.6156393082515	824.9491266409257	1.5441649084817812	1976.1909814084997
2230.074743026713	826.4941664245339	1.5459148550606001	1977.1909814084997
2233.537926576971	828.0409567437413	1.5476659797229615	1978.1909814084997
2237.005192828389	829.5894987767608	1.5494182827282261	1979.1909814084997
2240.4765446511096	831.139793702065	1.551171764335756	1980.1909814084997
2243.951984916052	832.6918426983862	1.5529264248049128	1981.1909814084997
2247.431516494912	834.2456469447152	1.5546822643950573	1982.1909814084997
2250.9151422601676	835.8012076203031	1.5564392833655518	1983.1909814084997
2254.402865085071	837.3585259046597	1.5581974819757571	1984.1909814084997
2257.894687843655	838.9176029775543	1.5599568604850351	1985.1909814084997
2261.3906134107287	840.4784400190158	1.5617174191527472	1986.1909814084997
2264.890644661881	842.0410382093324	1.5634791582382552	1987.1909814084997
2268.394784473477	843.6053987290513	1.5652420780009197	1988.1909814084997
2271.9030357226616	845.1715227589798	1.567006178700103	1989.1909814084997
2275.4154012873564	846.7394114801838	1.5687714605951666	1990.1909814084997
2278.931884046262	848.3090660739886	1.5705379239454713	1991.1909814084997
2282.452486878858	849.8804877219794	1.5723055690103793	1992.1909814084997
2285.9772126653984	851.4536776060006	1.5740743960492516	1993.1909814084997
2289.506064286921	853.0286369081557	1.5758444053214502	1994.1909814084997
2293.039044625236	854.6053668108077	1.5776155970863364	1995.1909814084997
2296.576156562935	856.1838684965792	1.5793879716032715	1996.1909814084997
2300.1174029833865	857.7641431483513	1.581161529131617	1997.1909814084997
2303.6627867707384	859.3461919492659	1.5829362699307346	1998.1909814084997
2307.2123108099154	860.9300160827231	1.5847121942599858	1999.1909814084997
2310.765977986619	862.5156167323821	1.5864893023787314	2000.1909814084997
2314.3237911873325	864.1029950821635	1.5882675945463343	2001.1909814084997
2317.8857532993134	865.6921523162445	1.5900470710221544	2002.1909814084997
2321.4518672106005	867.2830896190635	1.5918277320655543	2003.1909814084997
2325.022135810009	868.875808175318	1.5936095779358952	2004.1909814084997
2328.596561987132	870.470309169964	1.5953926088925385	2005.1909814084997
2332.1751486323415	872.0665937882181	1.597176825194846	2006.1909814084997
2335.7578986367866	873.6646632155554	1.5989622271021784	2007.1909814084997
2339.344814892396	875.2645186377104	1.600748814873898	2008.1909814084997
2342.935900291874	876.8661612406779	1.6025365887693659	2009.1909814084997
2346.531157728707	878.4695922107103	1.6043255490479442	2010.1909814084997
2350.130590097154	880.0748127343211	1.606115695968993	2011.1909814084997
2353.734200292258	881.6818239982823	1.6079070297918756	2012.1909814084997
2357.3419912098343	883.2906271896252	1.609699550775952	2013.1909814084997
2360.9539657464825	884.901223495641	1.6114932591805844	2014.1909814084997
2364.5701267995746	886.5136141038798	1.6132881552651346	2015.1909814084997
2368.190477267264	888.1278002021511	1.6150842392889633	2016.1909814084997
2371.81502004848	889.743782978524	1.6168815115114321	2017.1909814084997
2375.4437580429326	891.3615636213266	1.6186799721919027	2018.1909814084997
2379.0766941511088	892.9811433191471	1.6204796215897372	2019.1909814084997
2382.713831274272	894.6025232608316	1.622280459964296	2020.1909814084997
2386.355172314466	896.2257046354873	1.6240824875749416	2021.1909814084997
2390.0007201745116	897.8506886324799	1.6258857046810347	2022.1909814084997
2393.6504777580076	899.4774764414345	1.627690111541937	2023.1909814084997
2397.304447969332	901.1060692522353	1.6294957084170105	2024.1909814084997
2400.9626337136383	902.7364682550262	1.631302495565616	2025.1909814084997
2404.625037896861	904.3686746402108	1.6331104732471153	2026.1909814084997
2408.2916634257117	906.0026895984513	1.63491964172087	2027.1909814084997
2411.9625132076794	907.6385143206696	1.6367300012462411	2028.1909814084997
2415.637590151031	909.2761499980476	1.6385415520825908	2029.1909814084997
2419.316897164814	910.9155978220251	1.6403542944892804	2030.1909814084997
2423.0004371588507	912.5568589843025	1.642168228725671	2031.1909814084997
2426.6882130437425	914.1999346768393	1.6439833550511243	2032.1909814084997
2430.380227730871	915.8448260918544	1.645799673725002	2033.1909814084997
2434.0764841323926	917.4915344218253	1.6476171850066652	2034.1909814084997
2437.7769851612443	919.14006085949	1.649435889155476	2035.1909814084997
2441.4817337311397	920.7904065978453	1.651255786430795	2036.1909814084997
2445.1907327565714	922.4425728301468	1.6530768770919846	2037.1909814084997
2448.9039851528087	924.0965607499109	1.6548991613984054	2038.1909814084997
2452.621493835902	925.7523715509119	1.6567226396094201	2039.1909814084997
2456.3432617226754	927.4100064271844	1.658547311984389	2040.1909814084997
2460.0692917307347	929.0694665730218	1.660373178782674	2041.1909814084997
2463.7995867784643	930.7307531829772	1.662200240263637	2042.1909814084997
2467.5341497850213	932.3938674518632	1.664028496686639	2043.1909814084997
2471.272983670347	934.0588105747509	1.6658579483110416	2044.1909814084997
2475.016091355157	935.725583746972	1.6676885953962062	2045.1909814084997
2478.763475760948	937.3941881641168	1.6695204382014948	2046.1909814084997
2482.515139809992	939.0646250220348	1.6713534769862681	2047.1909814084997
2486.27108642534	940.7368955168356	1.6731877120098884	2048.1909814084997
2490.031318530822	942.4110008448873	1.6750231435317167	2049.1909814084997
2493.7958390510435	944.0869422028181	1.6768597718111145	2050.1909814084997
2497.5646509113917	945.7647207875154	1.6786975971074434	2051.1909814084997
2501.3377570380294	947.4443377961252	1.6805366196800646	2052.1909814084997
2505.1151603578987	949.125794426054	1.6823768397883403	2053.1909814084997
2508.896863798719	950.8090918749667	1.6842182576916316	2054.1909814084997
2512.6828702889884	952.4942313407886	1.6860608736493	2055.1909814084997
2516.4731827579817	954.1812140217035	1.6879046879207067	2056.1909814084997
2520.267804135754	955.8700411161547	1.6897497007652136	2057.1909814084997
2524.066737353136	957.5607138228445	1.6915959124421818	2058.1909814084997
2527.869985341739	959.2532333407361	1.6934433232109731	2059.1909814084997
2531.677551033951	960.9476008690503	1.6952919333309493	2060.1909814084997
2535.4894373629377	962.6438176072681	1.697141743061471	2061.1909814084997
2539.305647262643	964.3418847551301	1.6989927526619006	2062.1909814084997
2543.1261836677913	966.0418035126349	1.700844962391599	2063.1909814084997
2546.951049513881	967.7435750800425	1.7026983725099278	2064.1909814084997
2550.780247737191	969.4472006578709	1.7045529832762485	2065.1909814084997
2554.6137812747797	971.1526814468975	1.7064087949499231	2066.1909814084997
2558.4516530644805	972.8600186481597	1.7082658077903128	2067.1909814084997
2562.293866044906	974.5692134629537	1.7101240220567786	2068.1909814084997
2566.1404231554484	976.280267092835	1.7119834380086825	2069.1909814084997
2569.991327336274	977.9931807396192	1.7138440559053854	2070.1909814084997
2573.8465815283334	979.7079556053804	1.7157058760062496	2071.1909814084997
2577.70618867335	981.424592892453	1.7175688985706363	2072.1909814084997
2581.570151713827	983.1430938034296	1.719433123857907	2073.1909814084997
2585.4384735930466	984.8634595411629	1.721298552127423	2074.1909814084997
2589.3111572550665	986.5856913087646	1.7231651836385455	2075.1909814084997
2593.1882056447257	988.3097903096066	1.7250330186506369	2076.1909814084997
2597.06962170764	990.0357577473194	1.726902057423058	2077.1909814084997
2600.955408390202	991.7635948257928	1.7287723002151707	2078.1909814084997
2604.8455686395846	993.4933027491762	1.730643747286336	2079.1909814084997
2608.7401054037373	995.2248827218784	1.7325163988959162	2080.1909814084997
2612.6390216313866	996.9583359485673	1.7343902553032713	2081.1909814084997
2616.5423202720403	998.6936636341705	1.7362653167677644	2082.1909814084997
2620.4500042759823	1000.430866983875	1.7381415835487564	2083.1909814084997
2624.362076594275	1002.1699472031266	1.7400190559056088	2084.1909814084997
2628.2785401787582	1003.9109054976313	1.741897734097683	2085.1909814084997
2632.199397982049	1005.6537430733537	1.74377761838434	2086.1909814084997
2636.1246529575455	1007.3984611365178	1.745658709024942	2087.1909814084997
2640.054308059422	1009.1450608936079	1.7475410062788506	2088.1909814084997
2643.9883662426323	1010.8935435513667	1.7494245104054271	2089.1909814084997
2647.9268304629045	1012.6439103167962	1.7513092216640327	2090.1909814084997
2651.8697036767485	1014.3961623971584	1.7531951403140291	2091.1909814084997
2655.8169888414504	1016.1503009999742	1.7550822666147774	2092.1909814084997
2659.768688915078	1017.9063273330246	1.75697060082564	2093.1909814084997
2663.7248068564722	1019.6642426043489	1.7588601432059778	2094.1909814084997
2667.685345625254	1021.4240480222461	1.7607508940151522	2095.1909814084997
2671.650308181823	1023.1857447952752	1.7626428535125251	2096.1909814084997
2675.6196974873565	1024.949334132254	1.7645360219574575	2097.1909814084997
2679.5935165038095	1026.714817242259	1.766430399609311	2098.1909814084997
2683.571768193916	1028.4821953346275	1.7683259867274472	2099.1909814084997
2687.554455521188	1030.2514696189558	1.770222783571228	2100.1909814084997
2691.5415814499142	1032.0226413050987	1.7721207904000147	2101.1909814084997
2695.5331489451623	1033.7957116031707	1.774020007473168	2102.1909814084997
2699.529160972779	1035.5706817235464	1.7759204350500506	2103.1909814084997
2703.529620499387	1037.3475528768586	1.7778220733900225	2104.1909814084997
2707.5345304923894	1039.1263262740006	1.7797249227524468	2105.1909814084997
2711.5438939199657	1040.907003126124	1.781628983396684	2106.1909814084997
2715.557713751074	1042.689584644641	1.7835342555820963	2107.1909814084997
2719.5759929554506	1044.4740720412217	1.785440739568044	2108.1909814084997
2723.5987345036106	1046.2604665277972	1.7873484356138902	2109.1909814084997
2727.625941366845	1048.048769316556	1.789257343978995	2110.1909814084997
2731.657616517225	1049.8389816199476	1.7911674649227203	2111.1909814084997
2735.693762927599	1051.6311046506805	1.793078798704428	2112.1909814084997
2739.7343835715947	1053.4251396217223	1.7949913455834794	2113.1909814084997
2743.779481423615	1055.2210877463	1.796905105819236	2114.1909814084997
2747.8290594588425	1057.0189502378994	1.7988200796710587	2115.1909814084997
2751.883120653241	1058.818728310267	1.8007362673983098	2116.1909814084997
2755.9416679835467	1060.6204231774077	1.8026536692603505	2117.1909814084997
2760.0047044272787	1062.424036053586	1.8045722855165425	2118.1909814084997
2764.0722329627306	1064.229568153325	1.8064921164262469	2119.1909814084997
2768.1442565689763	1066.0370206914092	1.8084131622488253	2120.1909814084997
2772.2207782258656	1067.8463948828805	1.810335423243639	2121.1909814084997
2776.3018009140305	1069.6576919430404	1.81225889967005	2122.1909814084997
2780.3873276148784	1071.470913087451	1.8141835917874198	2123.1909814084997
2784.4773613105917	1073.286059531932	1.8161094998551093	2124.1909814084997
2788.571904984138	1075.1031324925643	1.8180366241324808	2125.1909814084997
2792.6709616192566	1076.9221331856868	1.819964964878895	2126.1909814084997
2796.7745342004673	1078.7430628278983	1.8218945223537133	2127.1909814084997
2800.8826257130695	1080.5659226360567	1.823825296816298	2128.1909814084997
2804.9952391431366	1082.3907138272798	1.82575728852601	2129.1909814084997
2809.1123774775265	1084.2174376189444	1.8276904977422115	2130.1909814084997
2813.2340437038683	1086.0460952286865	1.829624924724263	2131.1909814084997
2817.3602408105735	1087.8766878744013	1.8315605697315267	2132.1909814084997
2821.49097178683	1089.7092167742442	1.8334974330233635	2133.1909814084997
2825.626239622605	1091.543683146629	1.835435514859136	2134.1909814084997
2829.766047308642	1093.3800882102303	1.8373748154982046	2135.1909814084997
2833.9103978364637	1095.21843318398	1.8393153351999307	2136.1909814084997
2838.0592941983723	1097.0587192870707	1.841257074223677	2137.1909814084997
2842.2127393874434	1098.9009477389543	1.8432000328288034	2138.1909814084997
2846.3707363975377	1100.7451197593418	1.8451442112746728	2139.1909814084997
2850.533288223287	1102.5912365682036	1.8470896098206457	2140.1909814084997
2854.700397860106	1104.4392993857698	1.8490362287260844	2141.1909814084997
2858.8720683041856	1106.289309432529	1.85098406825035	2142.1909814084997
2863.0483025524954	1108.1412679292298	1.8529331286528041	2143.1909814084997
2867.229103602781	1109.9951760968802	1.8548834101928078	2144.1909814084997
2871.414474453569	1111.8510351567475	1.8568349131297228	2145.1909814084997
2875.6044181041625	1113.7088463303585	1.858787637722911	2146.1909814084997
2879.798937554643	1115.568610839499	1.8607415842317332	2147.1909814084997
2883.998035805871	1117.4303299062137	1.8626967529155516	2148.1909814084997
2888.201715859482	1119.2940047528082	1.864653144033727	2149.1909814084997
2892.409980717894	1121.1596366018457	1.8666107578456212	2150.1909814084997
2896.6228333843	1123.02722667615	1.8685695946105958	2151.1909814084997
2900.8402768626725	1124.8967761988042	1.8705296545880126	2152.1909814084997
2905.0623141577616	1126.7682863931502	1.8724909380372328	2153.1909814084997
2909.288948275093	1128.6417584827893	1.8744534452176171	2154.1909814084997
2913.5201822209756	1130.5171936915822	1.876417176388528	2155.1909814084997
2917.7560190024924	1132.3945932436495	1.8783821318093266	2156.1909814084997
2921.996461627507	1134.2739583633704	1.880348311739375	2157.1909814084997
2926.2415131046587	1136.1552902753845	1.8823157164380337	2158.1909814084997
2930.4911764433673	1138.0385902045894	1.884284346164665	2159.1909814084997
2934.7454546538274	1139.9238593761431	1.8862542011786299	2160.1909814084997
2939.0043507470145	1141.811099015462	1.8882252817392897	2161.1909814084997
2943.267867734683	1143.7003103482236	1.890197588106007	2162.1909814084997
2947.536008629361	1145.5914946003627	1.8921711205381417	2163.1909814084997
2951.80877644436	1147.4846529980748	1.894145879295057	2164.1909814084997
2956.0861741937656	1149.3797867678143	1.8961218646361129	2165.1909814084997
2960.368204892444	1151.276897136295	1.8980990768206718	2166.1909814084997
2964.6548715560357	1153.1759853304895	1.9000775161080943	2167.1909814084997
2968.946177200966	1155.0770525776318	1.9020571827577435	2168.1909814084997
2973.242124844432	1156.9801001052126	1.9040380770289793	2169.1909814084997
2977.542717504411	1158.8851291409833	1.9060201991811638	2170.1909814084997
2981.8479581996594	1160.792140912955	1.908003549473659	2171.1909814084997
2986.15784994971	1162.7011366493973	1.909988128165825	2172.1909814084997
2990.472395774874	1164.6121175788396	1.9119739355170242	2173.1909814084997
2994.7915986962435	1166.525084930071	1.9139609717866186	2174.1909814084997
2999.1154617356856	1168.440039932139	1.9159492372339693	2175.1909814084997
3003.4439879158444	1170.3569838143512	1.9179387321184371	2176.1909814084997
3007.777180260146	1172.2759178062745	1.9199294566993845	2177.1909814084997
3012.1150417927906	1174.1968431377347	1.9219214112361718	2178.1909814084997
3016.4575755387614	1176.1197610388183	1.9239145959881618	2179.1909814084997
3020.8047845238148	1178.0446727398696	1.9259090112147157	2180.1909814084997
3025.1566717744863	1179.9715794714928	1.9279046571751943	2181.1909814084997
3029.513240318092	1181.9004824645515	1.9299015341289596	2182.1909814084997
3033.8744931827246	1183.8313829501683	1.931899642335373	2183.1909814084997
3038.2404333972518	1185.7642821597256	1.9338989820537953	2184.1909814084997
3042.611063991327	1187.699181324866	1.9358995535435894	2185.1909814084997
3046.986387995374	1189.63608167749	1.9379013570641164	2186.1909814084997
3051.366408440597	1191.574984449758	1.9399043928747368	2187.1909814084997
3055.751128358981	1193.5158908740893	1.9419086612348129	2188.1909814084997
3060.1405507832883	1195.4588021831637	1.9439141624037064	2189.1909814084997
3064.534678747053	1197.403719609919	1.9459208966407775	2190.1909814084997
3068.933515284597	1199.3506443875542	1.9479288642053894	2191.1909814084997
3073.3370634310136	1201.299577749526	1.9499380653569025	2192.1909814084997
3077.745326222177	1203.25052092955	1.9519485003546788	2193.1909814084997
3082.1583066947387	1205.2034751616038	1.9539601694580797	2194.1909814084997
3086.576007886127	1207.1584416799215	1.9559730729264662	2195.1909814084997
3090.9984328345517	1209.115421718998	1.9579872110192007	2196.1909814084997
3095.425584578997	1211.0744165135877	1.960002583995644	2197.1909814084997
3099.8574661592274	1213.0354272987038	1.9620191921151577	2198.1909814084997
3104.2940806157835	1214.9984553096187	1.9640370356371035	2199.1909814084997
3108.735430989987	1216.9635017818653	1.9660561148208429	2200.1909814084997
3113.1815203239335	1218.9305679512343	1.9680764299257363	2201.1909814084997
3117.632351660504	1220.8996550537768	1.970097981211147	2202.1909814084997
3122.087928043347	1222.8707643258033	1.9721207689364355	2203.1909814084997
3126.5482525168995	1224.8438970038828	1.9741447933609637	2204.1909814084997
3131.013328126369	1226.8190543248445	1.9761700547440924	2205.1909814084997
3135.483157917745	1228.796237525777	1.9781965533451835	2206.1909814084997
3139.957744937794	1230.7754478440272	1.9802242894235986	2207.1909814084997
3144.437092234061	1232.756686517203	1.982253263238699	2208.1909814084997
3148.9212028548686	1234.7399547831703	1.9842834750498468	2209.1909814084997
3153.4100798493178	1236.7252538800544	1.9863149251164023	2210.1909814084997
3157.903726267287	1238.7125850462414	1.9883476136977283	2211.1909814084997
3162.402145159433	1240.701949520375	1.9903815410531849	2212.1909814084997
3166.905339577191	1242.6933485413588	1.9924167074421348	2213.1909814084997
3171.4133125727767	1244.6867833483566	1.9944531131239394	2214.1909814084997
3175.9260671991774	1246.6822551807907	1.9964907583579592	2215.1909814084997
3180.443606510164	1248.679765278343	1.9985296434035567	2216.1909814084997
3184.965933560286	1250.6793148809547	2.0005697685200934	2217.1909814084997
3189.493051404865	1252.6809052288268	2.0026111339669295	2218.1909814084997
3194.024963100008	1254.6845375624182	2.0046537400034277	2219.1909814084997
3198.5616717025946	1256.69021312245	2.0066975868889494	2220.1909814084997
3203.1031802702873	1258.6979331498994	2.0087426748828565	2221.1909814084997
3207.64949186152	1260.707698886005	2.010789004244509	2222.1909814084997
3212.2006095355123	1262.719511572264	2.0128365752332695	2223.1909814084997
3216.7565363522554	1264.7333724504335	2.014885388108499	2224.1909814084997