9.742712e-8	7.78799e-13	1.047129e-10	930.428808666363
9.969651e-8	8.092866e-13	1.0715190000000001e-10	930.4297850677403
1.020188e-7	8.409501e-13	1.096478e-10	930.4303501766565
1.043951e-7	8.73834e-13	1.1220180000000002e-10	930.4304728979391
1.068268e-7	9.079846e-13	1.148154e-10	930.4301338026083
1.093151e-7	9.434498e-13	1.174898e-10	930.4300752048265
1.118614e-7	9.802794e-13	1.202264e-10	930.4310890070733
1.14467e-7	1.018525e-12	1.230269e-10	930.4308124889759
1.171333e-7	1.05824e-12	1.258925e-10	930.4315844073315
1.198618e-7	1.09948e-12	1.28825e-10	930.4319773335923
1.226537e-7	1.142303e-12	1.318257e-10	930.4319438698221
1.255107e-7	1.186768e-12	1.348963e-10	930.4323896800727
1.284343e-7	1.232937e-12	1.380384e-10	930.4333644623524
1.314259e-7	1.280874e-12	1.412538e-10	930.4328865772108
1.344873e-7	1.330647e-12	1.4454399999999998e-10	930.4338516091987
1.376199e-7	1.382322e-12	1.479108e-10	930.4343044726957
1.408255e-7	1.435974e-12	1.513561e-10	930.4344917317505
1.441058e-7	1.491674e-12	1.548817e-10	930.4345941063405
1.474625e-7	1.549501e-12	1.584893e-10	930.435363781656
1.508974e-7	1.609534e-12	1.62181e-10	930.4358065001448
1.544122e-7	1.671855e-12	1.6595870000000001e-10	930.4355351964074
1.58009e-7	1.736551e-12	1.698244e-10	930.4360065514733
1.616896e-7	1.80371e-12	1.737801e-10	930.43682049901
1.654558e-7	1.873423e-12	1.7782789999999997e-10	930.4370878979058
1.693098e-7	1.945787e-12	1.8197010000000002e-10	930.4371750468895
1.732536e-7	2.0209e-12	1.862087e-10	930.4378415186832
1.772893e-7	2.098865e-12	1.905461e-10	930.4383499058758
1.814189e-7	2.179788e-12	1.9498450000000002e-10	930.4384696629733
1.856447e-7	2.263778e-12	1.9952619999999999e-10	930.4390289495815
1.89969e-7	2.350951e-12	2.041738e-10	930.4394146114731
1.94394e-7	2.441423e-12	2.089296e-10	930.4399253289146
1.989221e-7	2.535318e-12	2.1379620000000003e-10	930.4404630110357
2.035557e-7	2.632763e-12	2.187762e-10	930.4409381047847
2.082971e-7	2.733888e-12	2.238721e-10	930.441238046188
2.131491e-7	2.838831e-12	2.290868e-10	930.4418186949225
2.18114e-7	2.947732e-12	2.344229e-10	930.4421527589667
2.231946e-7	3.060738e-12	2.398833e-10	930.4426808285529
2.2839360000000003e-7	3.178e-12	2.454709e-10	930.4433967529349
2.337136e-7	3.299676e-12	2.511886e-10	930.443896243699
2.391576e-7	3.425927e-12	2.570396e-10	930.4442814531302
2.447283e-7	3.556923e-12	2.630268e-10	930.4445665726839
2.504289e-7	3.692838e-12	2.691535e-10	930.4452397535234
2.562622e-7	3.833852e-12	2.754229e-10	930.445630526728
2.622314e-7	3.980154e-12	2.818383e-10	930.4462174019641
2.683397e-7	4.131936e-12	2.884032e-10	930.4467909371325
2.745902e-7	4.289401e-12	2.951209e-10	930.4474518781965
2.809863e-7	4.452756e-12	3.019952e-10	930.4477447191213
2.875314e-7	4.622216e-12	3.090295e-10	930.448459503057
2.94229e-7	4.798006e-12	3.162278e-10	930.4488663109314
3.010826e-7	4.980355e-12	3.2359370000000006e-10	930.4494505146422
3.080958e-7	5.169504e-12	3.3113109999999996e-10	930.4501132753766
3.152724e-7	5.3657e-12	3.3884420000000004e-10	930.4505306568625
3.226162e-7	5.5692e-12	3.4673690000000003e-10	930.4512130090568
3.30131e-7	5.780271e-12	3.548134e-10	930.4518382648456
3.378209e-7	5.999186e-12	3.6307810000000007e-10	930.4524265881088
3.456899e-7	6.226231e-12	3.715352e-10	930.4532282028728
3.537422e-7	6.461702e-12	3.801894e-10	930.4537730457502
3.619821e-7	6.705902e-12	3.890451e-10	930.4546077100059
3.704139e-7	6.95915e-12	3.9810719999999997e-10	930.4550612247153
3.790421e-7	7.221772e-12	4.0738029999999993e-10	930.4556989427324
3.878713e-7	7.494107e-12	4.168694e-10	930.456382999088
3.969062e-7	7.776505e-12	4.265795e-10	930.4572219363565
4.061515e-7	8.069331e-12	4.365158e-10	930.4578879641928
4.156121e-7	8.372959e-12	4.466836e-10	930.4583220852522
4.252932e-7	8.68778e-12	4.570882e-10	930.4591275381862
4.351997e-7	9.014195e-12	4.677351000000001e-10	930.459814102042
4.453371e-7	9.352621e-12	4.786301e-10	930.4606054257767
4.557105e-7	9.703489e-12	4.897788e-10	930.4612684113728
4.6632559999999994e-7	1.006725e-11	5.011871999999999e-10	930.4620454193562
4.77188e-7	1.044435e-11	5.128614e-10	930.4627806849962
4.883034e-7	1.083529e-11	5.248075e-10	930.4635228917269
4.996777e-7	1.124055e-11	5.370318e-10	930.4643422419305
5.113169e-7	1.166065e-11	5.495409e-10	930.4649765831806
5.232273e-7	1.209611e-11	5.623413e-10	930.465886304278
5.354151e-7	1.254748e-11	5.754399000000001e-10	930.4666698989764
5.478868e-7	1.301533e-11	5.888436999999999e-10	930.4673130238125
5.606491e-7	1.350025e-11	6.025595999999999e-10	930.4682893609197
5.737086e-7	1.400285e-11	6.16595e-10	930.469113194236
5.870723e-7	1.452374e-11	6.309573e-10	930.4699759238857
6.007473e-7	1.506358e-11	6.456542e-10	930.4707745725187
6.147409e-7	1.562305e-11	6.606934000000001e-10	930.4717181222031
6.290604e-7	1.620283e-11	6.760829999999999e-10	930.4724461789453
6.437135e-7	1.680365e-11	6.918309999999999e-10	930.4733434176845
6.587079e-7	1.742624e-11	7.079458e-10	930.4742343834796
6.740516e-7	1.807139e-11	7.244359999999999e-10	930.4751163525833
6.897527e-7	1.873987e-11	7.413102e-10	930.4761216964235
7.058195e-7	1.943253e-11	7.585775999999999e-10	930.4768985137447
7.222606e-7	2.01502e-11	7.762471000000001e-10	930.4778725743387
7.390847e-7	2.089377e-11	7.943281999999999e-10	930.4788546724138
7.563007e-7	2.166414e-11	8.128305e-10	930.4798037721271
7.739177e-7	2.246226e-11	8.317638000000001e-10	930.4806992802523
7.919451e-7	2.32891e-11	8.51138e-10	930.4817657066186
8.103925e-7	2.414567e-11	8.709636e-10	930.482795917074
8.292695e-7	2.5033e-11	8.912509e-10	930.4838098901218
8.485863e-7	2.595218e-11	9.120107999999999e-10	930.4848716484498
8.68353e-7	2.690431e-11	9.332542999999998e-10	930.4858325431771
8.885802e-7	2.789054e-11	9.549926e-10	930.486886013567
9.092785e-7	2.891207e-11	9.772372e-10	930.4879225535009
9.304590000000001e-7	2.997011e-11	1.0000000000000003e-9	930.48897011
9.521329e-7	3.106595e-11	1.023293e-9	930.4900609600573
9.743117e-7	3.220089e-11	1.047129e-9	930.4907999778443
9.970071e-7	3.33763e-11	1.071519e-9	930.4925776397806
1.020231e-6	3.459357e-11	1.096478e-9	930.4934468087824
1.043996e-6	3.585415e-11	1.122018e-9	930.4947462072801
1.068315e-6	3.715955e-11	1.148154e-9	930.4955254695799
1.0932e-6	3.851132e-11	1.174898e-9	930.4965293327591
1.118665e-6	3.991105e-11	1.202264e-9	930.4985519403393
1.144723e-6	4.13604e-11	1.230269e-9	930.4992326068526
1.171388e-6	4.286109e-11	1.2589250000000002e-9	930.5009123577655
1.198674e-6	4.441488e-11	1.28825e-9	930.5013893887057
1.226596e-6	4.60236e-11	1.3182569999999998e-9	930.5029471491522
1.255168e-6	4.768913e-11	1.348963e-9	930.5041644062884
1.284406e-6	4.941343e-11	1.380384e-9	930.5058689683452
1.314324e-6	5.119851e-11	1.412538e-9	930.5060809054341
1.34494e-6	5.304646e-11	1.4454400000000001e-9	930.5076976284039
1.376269e-6	5.495944e-11	1.479108e-9	930.5094417987057
1.408328e-6	5.693966e-11	1.513561e-9	930.51085464015
1.441133e-6	5.898942e-11	1.548817e-9	930.5114738668287
1.474703e-6	6.11111e-11	1.584893e-9	930.5133602710088
1.509055e-6	6.330715e-11	1.62181e-9	930.5148612661162
1.544207e-6	6.558011e-11	1.659587e-9	930.5161947580934
1.580177e-6	6.79326e-11	1.6982440000000002e-9	930.5170120430279
1.616986e-6	7.036732e-11	1.7378010000000003e-9	930.5187229838168
1.654652e-6	7.288706e-11	1.778279e-9	930.520400375869
1.693196e-6	7.549472e-11	1.819701e-9	930.5218245854677
1.732637e-6	7.819327e-11	1.8620869999999998e-9	930.523221133062
1.772997e-6	8.098581e-11	1.905461e-9	930.5244168261643
1.814298e-6	8.38755e-11	1.949845e-9	930.5262087499264
1.85656e-6	8.686564e-11	1.995262e-9	930.5278533044784
1.8998069999999998e-6	8.995962e-11	2.041738e-9	930.5292645873271
1.944061e-6	9.316096e-11	2.089296e-9	930.5307438295005
1.989346e-6	9.647326e-11	2.1379620000000006e-9	930.5321952682041
2.035687e-6	9.990029e-11	2.187762e-9	930.5339887474048
2.083106e-6	1.034459e-10	2.238721e-9	930.5355360940467
2.13163e-6	1.071141e-10	2.290868e-9	930.536859434939
2.181285e-6	1.109089e-10	2.344229e-9	930.5387438257952
2.232096e-6	1.148347e-10	2.398833e-9	930.5403230237371
2.284091e-6	1.188959e-10	2.454709e-9	930.5420299921495
2.337297e-6	1.230969e-10	2.511886e-9	930.5438610271327
2.391743e-6	1.274425e-10	2.5703959999999997e-9	930.545504467016
2.447457e-6	1.319375e-10	2.630268e-9	930.5473577217227
2.504468e-6	1.365869e-10	2.691535e-9	930.5487712030496
2.562808e-6	1.413959e-10	2.754229e-9	930.5505809066713
2.622507e-6	1.463698e-10	2.818383e-9	930.5525082290093
2.683597e-6	1.515141e-10	2.8840319999999994e-9	930.5543468657769
2.746109e-6	1.568345e-10	2.9512089999999995e-9	930.5562006960538
2.810078e-6	1.623369e-10	3.019952e-9	930.5579482389123
2.875537e-6	1.680272e-10	3.0902949999999996e-9	930.5600362424946
2.942521e-6	1.739118e-10	3.162278e-9	930.5617380255626
3.011065e-6	1.799971e-10	3.235937e-9	930.5635422135845
3.081206e-6	1.862899e-10	3.311311e-9	930.5656550834398
3.152981e-6	1.927969e-10	3.388442e-9	930.5674398145223
3.226428e-6	1.995252e-10	3.467369e-9	930.5694101781495
3.301586e-6	2.064823e-10	3.548134e-9	930.5715292319851
3.378494e-6	2.136757e-10	3.630781e-9	930.5732501354393
3.457195e-6	2.211132e-10	3.7153519999999994e-9	930.575652912564
3.537728e-6	2.288028e-10	3.801894e-9	930.5774445052913
3.620138e-6	2.36753e-10	3.890451e-9	930.579707339843
3.704468e-6	2.449722e-10	3.981072e-9	930.5817559190086
3.790762e-6	2.534695e-10	4.073803e-9	930.5838965458075
3.879066e-6	2.622538e-10	4.168694e-9	930.5859949902775
3.969427e-6	2.713348e-10	4.265795000000001e-9	930.5881634724594
4.061893e-6	2.807222e-10	4.365158e-9	930.5903067426196
4.156514e-6	2.90426e-10	4.466836e-9	930.5925773858721
4.253338e-6	3.004567e-10	4.570882e-9	930.5946766291495
4.352418e-6	3.108249e-10	4.677351e-9	930.5970034962097
4.453806e-6	3.215419e-10	4.786301e-9	930.599129035136
4.538835e-6	3.306119e-10	4.877671e-9	930.6010208355586
4.675023e-6	3.30612e-10	5.024015000107458e-9	930.601045558184
4.772363e-6	3.407815e-10	5.128614e-9	930.6030404120879
4.883534e-6	3.525066e-10	5.248075000000001e-9	930.6053184453347
4.997294e-6	3.646249e-10	5.370318e-9	930.6075775959636
5.113705e-6	3.771492e-10	5.4954089999999994e-9	930.6099235197962
5.232827e-6	3.900928e-10	5.623413e-9	930.6122621262211
5.354725e-6	4.034695e-10	5.754399e-9	930.6147296181581
5.479462e-6	4.172934e-10	5.888437e-9	930.6169520706429
5.607105e-6	4.31579e-10	6.025596000000001e-9	930.6194074411893
5.737721e-6	4.463415e-10	6.16595e-9	930.6217762875144
5.871381e-6	4.615965e-10	6.309573e-9	930.6244014452324
6.008154e-6	4.773598e-10	6.456542e-9	930.6268525473853
6.148113e-6	4.936482e-10	6.606933999999999e-9	930.6293430810722
6.291332e-6	5.104787e-10	6.76083e-9	930.631664854759
6.437888e-6	5.278688e-10	6.918310000000001e-9	930.634196617382
6.587859e-6	5.458369e-10	7.079458e-9	930.6368986015597
6.741322e-6	5.644017e-10	7.24436e-9	930.6393389754237
6.898361e-6	5.835826e-10	7.413102e-9	930.642068947655
7.059059e-6	6.033995e-10	7.585776e-9	930.6447223725035
7.2235e-6	6.238732e-10	7.762471e-9	930.6474540387977
7.391771e-6	6.450248e-10	7.943282e-9	930.6500795011433
7.563963e-6	6.668763e-10	8.128305e-9	930.6528084637573
7.740166e-6	6.894505e-10	8.317637999999998e-9	930.6554878320024
7.920474e-6	7.127707e-10	8.51138e-9	930.6583386830338
8.104983e-6	7.36861e-10	8.709636e-9	930.6611505922866
8.293789e-6	7.617464e-10	8.912509e-9	930.6639405805929
8.486994e-6	7.874525e-10	9.120108e-9	930.6667697904454
8.684701e-6	8.140058e-10	9.332543e-9	930.669701259346
8.887013e-6	8.414337e-10	9.549926e-9	930.6725972222193
9.094038e-6	8.697645e-10	9.772371999999998e-9	930.6755580426126
9.305886e-6	8.990271e-10	1.e-8	930.67850271
9.522669e-6	9.292518e-10	1.023293e-8	930.6814618882372
9.744502e-6	9.604694e-10	1.047129e-8	930.6840388720016
9.971504e-6	9.927119e-10	1.071519e-8	930.6878097261924
0.00001020379	1.026012e-9	1.0964780000000002e-8	930.6904481439664
0.00001044149	1.060405e-9	1.1220179999999998e-8	930.6936613316362
0.00001068473	1.095924e-9	1.148154e-8	930.6962240256969
0.00001093364	1.132607e-9	1.174898e-8	930.6997379346973
0.00001118834	1.170491e-9	1.202264e-8	930.7032807270284
0.00001144898	1.209614e-9	1.230269e-8	930.7061800305462
0.00001171569	1.250016e-9	1.258925e-8	930.7099323629286
0.00001198861	1.291738e-9	1.28825e-8	930.7123413933631
0.00001226789	1.334822e-9	1.318257e-8	930.7156967116427
0.00001255368	1.379313e-9	1.3489630000000002e-8	930.7193238806401
0.00001284613	1.425255e-9	1.3803840000000001e-8	930.7232809855808
0.00001314539	1.472695e-9	1.4125379999999998e-8	930.7263022304534
0.00001345162	1.52168e-9	1.44544e-8	930.729859419969
0.00001376498	1.57226e-9	1.479108e-8	930.733405539014
0.00001408565	1.624487e-9	1.513561e-8	930.7371481559052
0.00001441378	1.678413e-9	1.548817e-8	930.7399397733883
0.00001474956	1.734091e-9	1.584893e-8	930.7438477550221
0.00001509316	1.791579e-9	1.6218099999999996e-8	930.7472255689632
0.00001544477	1.850934e-9	1.6595870000000003e-8	930.7508997117957
0.00001580457	1.912216e-9	1.6982440000000004e-8	930.7544861633544
0.00001617275	1.975486e-9	1.737801e-8	930.7582102899008
0.00001654951	2.040808e-9	1.778279e-8	930.7623161494905
0.00001693504	2.108247e-9	1.819701e-8	930.7654525111543
0.00001732956	2.17787e-9	1.8620870000000003e-8	930.7695005657631
0.00001773327	2.249748e-9	1.9054609999999996e-8	930.7731697473735
0.00001814639	2.323952e-9	1.949845e-8	930.7772644492253
0.00001856912	2.400556e-9	1.995262e-8	930.7810481029559
0.00001900171	2.479638e-9	2.041738e-8	930.7849311713843
0.00001944438	2.561274e-9	2.089296e-8	930.7891880327153
0.00001989735	2.645548e-9	2.137962e-8	930.7927618919325
0.00002036089	2.732543e-9	2.187762e-8	930.7969762250191
0.00002083522	2.822346e-9	2.238721e-8	930.801218463578
0.0000213206	2.915045e-9	2.290868e-8	930.8050505310651
0.00002181729	3.010733e-9	2.344229e-8	930.8092653490764
0.00002232555	3.109505e-9	2.398833e-8	930.8134207341653
0.00002284565	3.211459e-9	2.4547090000000004e-8	930.8175208955521
0.00002337787	3.316696e-9	2.5118860000000003e-8	930.8219678759307
0.00002392249	3.42532e-9	2.5703959999999997e-8	930.8260408123884
0.0000244798	3.53744e-9	2.6302680000000005e-8	930.8305252544607
0.00002505009	3.653165e-9	2.691535e-8	930.8347528454952
0.00002563367	3.77261e-9	2.754229e-8	930.8391789498985
0.00002623084	3.895894e-9	2.8183830000000005e-8	930.8435331181034
0.00002684193	4.023137e-9	2.8840320000000005e-8	930.8479634414597
0.00002746725	4.154466e-9	2.9512090000000002e-8	930.852557917789
0.00002810714	4.29001e-9	3.019952e-8	930.8568483869942
0.00002876195	4.429903e-9	3.090295e-8	930.8619372260578
0.000029432	4.574283e-9	3.162278e-8	930.8661124354026
0.00003011767	4.723291e-9	3.235937e-8	930.8708201364859
0.00003081931	4.877074e-9	3.311311e-8	930.8756282330471
0.0000315373	5.035783e-9	3.388442e-8	930.8802034386305
0.00003227202	5.199575e-9	3.4673690000000004e-8	930.8850478561699
0.00003302385	5.36861e-9	3.548134e-8	930.8898313874276
0.00003379321	5.543054e-9	3.630781000000001e-8	930.8948420188383
0.00003458048	5.723078e-9	3.715352e-8	930.8997661056071
0.0000353861	5.908859e-9	3.801894e-8	930.9046716978434
0.00003621049	6.100579e-9	3.890451e-8	930.9098245678972
0.00003705408	6.298425e-9	3.981072e-8	930.9145482674014
0.00003791733	6.502591e-9	4.073803e-8	930.9196490601042
0.0000388007	6.713277e-9	4.168694e-8	930.9249677956693
0.00003970464	6.930689e-9	4.265795e-8	930.9301241386424
0.00004062964	7.155039e-9	4.3651580000000004e-8	930.9352614269632
0.0000415762	7.386547e-9	4.466836000000001e-8	930.9405258442439
0.00004254481	7.625437e-9	4.570882e-8	930.9458313953413
0.00004353598	7.871944e-9	4.677351000000001e-8	930.9511290471894
0.00004455025	8.126309e-9	4.786301e-8	930.9564172625165
0.00004558815	8.388777e-9	4.897787999999999e-8	930.9618704811234
0.00004665024	8.659607e-9	5.011872e-8	930.9675029011116
0.00004773706	8.93906e-9	5.1286140000000005e-8	930.9727552122268
0.00004884922	9.22741e-9	5.248074999999999e-8	930.9784522896492
0.00004998728	9.524937e-9	5.370317999999999e-8	930.984067181869
0.00005115186	9.831929e-9	5.495409e-8	930.9897030230143
0.00005234357	1.014869e-8	5.623413e-8	930.9954415583561
0.00005356305	1.047552e-8	5.7543990000000006e-8	931.0012308844068
0.00005481094	1.081274e-8	5.888436999999999e-8	931.0068654890932
0.00005608791	1.116067e-8	6.025596e-8	931.0128105170013
0.000057394629999999996	1.151966e-8	6.16595e-8	931.0187345015772
0.00005873179	1.189006e-8	6.309573e-8	931.0246519059214
0.00006010011	1.227221e-8	6.456542e-8	931.0306075605178
0.00006150031	1.26665e-8	6.606934e-8	931.0366427150628
0.00006293314	1.30733e-8	6.76083e-8	931.0426870665287
0.00006439935	1.349302e-8	6.91831e-8	931.0488113426546
0.00006589972	1.392604e-8	7.079457999999999e-8	931.0549768075465
0.00006743505	1.43728e-8	7.24436e-8	931.0611675841619
0.00006900616	1.483373e-8	7.413102e-8	931.0676384865607
0.00007061387	1.530926e-8	7.585776e-8	931.0738843329938
0.00007225904	1.579987e-8	7.762470999999999e-8	931.0803205577195
0.00007394254	1.630602e-8	7.943281999999999e-8	931.0867475182173
0.00007566527	1.682821e-8	8.128305e-8	931.0932378890802
0.00007742814	1.736693e-8	8.317638000000002e-8	931.0997536800711
0.00007923208	1.792272e-8	8.51138e-8	931.1063860384567
0.00008107806	1.849609e-8	8.709636e-8	931.1130349190254
0.00008296705	1.908762e-8	8.912509e-8	931.1198184484302
0.00008490005	1.969786e-8	9.120108000000001e-8	931.1265596854773
0.00008687809	2.03274e-8	9.332543e-8	931.1333191821351
0.00008890223	2.097686e-8	9.549926000000002e-8	931.1402712439865
0.00009097352	2.164686e-8	9.772372e-8	931.1471857600181
0.00009309308	2.233804e-8	9.999999999999998e-8	931.1541804000001
0.00009526202	2.305107e-8	1.0232929999999999e-7	931.1611734859908
0.00009748151	2.378664e-8	1.0471290000000001e-7	931.1679519906335
0.0000997527	2.454544e-8	1.071519e-7	931.1756995442918
0.0001020768	2.532822e-8	1.0964780000000002e-7	931.1826431538069
0.0001044551	2.613572e-8	1.1220180000000002e-7	931.1903705644651
0.0001068888	2.696873e-8	1.148154e-7	931.1971105792429
0.0001093792	2.782803e-8	1.174898e-7	931.2044792824568
0.0001119276	2.871447e-8	1.202264e-7	931.2123998556058
0.0001145354	2.962888e-8	1.230269e-7	931.2193421113595
0.000117204	3.057214e-8	1.2589249999999996e-7	931.2276119705305
0.0001199348	3.154517e-8	1.28825e-7	931.2349712400544
0.0001227291	3.254889e-8	1.318257e-7	931.242154526773
0.0001255886	3.358427e-8	1.348963e-7	931.2500362871333
0.0001285148	3.465231e-8	1.3803839999999998e-7	931.2586375240514
0.0001315091	3.575401e-8	1.412538e-7	931.265948314311
0.0001345732	3.689045e-8	1.44544e-7	931.2741480102943
0.0001377086	3.806271e-8	1.479108e-7	931.281980152903
0.0001409172	3.927191e-8	1.513561e-7	931.2903273141949
0.0001442005	4.051922e-8	1.548817e-7	931.2980114500293
0.0001475603	4.180582e-8	1.584893e-7	931.3064403716844
0.0001509984	4.313295e-8	1.62181e-7	931.314598812438
0.0001522496	4.361852e-8	1.6352440000000002e-7	931.3180083216938
0.0001581168	4.397829e-8	1.698244e-7	931.3195176311532
0.0001618009	4.537383e-8	1.7378009999999998e-7	931.3280049326708
0.0001655708	4.681333e-8	1.778279e-7	931.336496297825
0.0001694285	4.829814e-8	1.8197010000000003e-7	931.3442051194124
0.0001733762	4.982969e-8	1.862087e-7	931.3529909719579
0.0001774158	5.140945e-8	1.905461e-7	931.3610168352959
0.0001815496	5.303892e-8	1.949845e-7	931.3696161489759
0.0001857796	5.471966e-8	1.995262e-7	931.378032859845
0.0001901083	5.645329e-8	2.0417380000000003e-7	931.3866582783883
0.0001945378	5.824145e-8	2.089296e-7	931.3952711822548
0.0001990706	6.008585e-8	2.1379619999999998e-7	931.4042337983557
0.000203709	6.198825e-8	2.1877620000000004e-7	931.4129610533503
0.0002084554	6.395048e-8	2.238721e-7	931.421782705393
0.0002133125	6.597441e-8	2.290868e-7	931.4306822130301
0.0002182827	6.806196e-8	2.3442290000000002e-7	931.4395562890827
0.0002233688	7.021512e-8	2.398833e-7	931.4488133188096
0.0002285734	7.243597e-8	2.454709e-7	931.458009768164
0.0002338992	7.47266e-8	2.511886e-7	931.4671390341758
0.0002393492	7.708921e-8	2.570396e-7	931.4762752898774
0.0002449262	7.952605e-8	2.630268e-7	931.4857879501252
0.0002506332	8.203945e-8	2.691535e-7	931.4953714144532
0.0002564731	8.463179e-8	2.754229e-7	931.5047216117468
0.0002624491	8.730556e-8	2.818383e-7	931.5142958213982
0.0002685644	9.006329e-8	2.884032e-7	931.5238641249474
0.0002748222	9.290762e-8	2.951209e-7	931.5338480602355
0.0002812258	9.584125e-8	3.019952e-7	931.5434193987189
0.0002877787	9.886699e-8	3.090295e-7	931.5536768819806
0.0002944843	1.019877e-7	3.1622779999999993e-7	931.5635364759203
0.0003013461	1.052064e-7	3.235937e-7	931.5734713005846
0.0003083678	1.085261e-7	3.311311e-7	931.5836721467721
0.0003155532	1.119499e-7	3.388442e-7	931.5937823341818
0.000322906	1.154813e-7	3.4673689999999997e-7	931.603995132909
0.0003304302	1.191234e-7	3.548134e-7	931.6145427427488
0.0003381298	1.228797e-7	3.630781e-7	931.6251233550028
0.0003460087	1.267539e-7	3.715352e-7	931.6356940069205
0.0003540713	1.307497e-7	3.801894e-7	931.646304973258
0.0003623218	1.348707e-7	3.890451e-7	931.6572055527752
0.0003707645	1.39121e-7	3.9810719999999996e-7	931.6677040756862
0.000379404	1.435046e-7	4.073803e-7	931.6785927056364
0.0003882449	1.480256e-7	4.1686939999999994e-7	931.6896985002976
0.0003972918	1.526884e-7	4.2657950000000004e-7	931.7008632622992
0.0004065495	1.574974e-7	4.365158e-7	931.7119733123062
0.000416023	1.624571e-7	4.466836e-7	931.7231640024393
0.0004257172	1.675723e-7	4.570882e-7	931.7343398932635
0.0004356374	1.728478e-7	4.677351e-7	931.7458702586143
0.0004457888	1.782886e-7	4.786301e-7	931.7572977545709
0.0004561768	1.839e-7	4.897788e-7	931.7689944930241
0.0004668068	1.896872e-7	5.011872000000001e-7	931.7805546510366
0.0004776847	1.956557e-7	5.128614e-7	931.7924018068038
0.000488816	2.018113e-7	5.248074999999999e-7	931.80415923934
0.0005002068	2.081596e-7	5.370318e-7	931.8162529667703
0.000511863	2.147069e-7	5.495409e-7	931.8281985926798
0.0005237909	2.214592e-7	5.623413e-7	931.8404307135186
0.0005359968	2.28423e-7	5.754399e-7	931.8526973885542
0.0005484872	2.35605e-7	5.888437e-7	931.864949900967
0.0005612686	2.430119e-7	6.025596e-7	931.8772979469582
0.000574348	2.506507e-7	6.165950000000001e-7	931.8898964474249
0.0005877322	2.585287e-7	6.309573e-7	931.9025688426141
0.0006014284	2.666534e-7	6.456542e-7	931.9153401309865
0.0006154438	2.750324e-7	6.606934e-7	931.9282323692048
0.0006297858	2.836738e-7	6.76083e-7	931.9410099055883
0.0006444621	2.925858e-7	6.918309999999999e-7	931.9540260554962
0.0006594805	3.017767e-7	7.079458e-7	931.9672165581036
0.0006748489	3.112553e-7	7.244360000000001e-7	931.9804030997907
0.0006905755	3.210305e-7	7.413102e-7	931.9938272804017
0.0007066687	3.311117e-7	7.585776e-7	932.0072352518714
0.0007231369	3.415085e-7	7.762470999999999e-7	932.0207553754467
0.000739989	3.522305e-7	7.943282000000001e-7	932.0344292195593
0.0007707905	3.569864e-7	8.273756e-7	932.0404014815036
0.0007748804	3.595303e-7	8.317637999999999e-7	932.0433641137063
0.0007929382	3.708164e-7	8.51138e-7	932.0568655141705
0.0008114169	3.824555e-7	8.709635999999999e-7	932.07035919756
0.0008303263	3.944589e-7	8.912509000000001e-7	932.0840617383948
0.0008420832	4.019687e-7	9.038643999999999e-7	932.0924341084792
0.0008694773	4.088093e-7	9.332543e-7	932.0997602689856
0.0008897397	4.216374e-7	9.549926e-7	932.1133351190365
0.0009104744	4.348669e-7	9.772372e-7	932.1270894108411
0.0009316923	4.485103e-7	1.e-6	932.1408103
0.0009534047999999999	4.625804e-7	1.023293e-6	932.154700950754
0.0009756234	4.770906e-7	1.047129e-6	932.1683294035405
0.0009983599	4.920546e-7	1.071519e-6	932.1831480356392
0.001021626	5.074866e-7	1.096478e-6	932.1969858036367
0.001045435	5.234013e-7	1.122018e-6	932.2117838572999
0.001069799	5.398137e-7	1.1481539999999999e-6	932.2258283296492
0.00109473	5.567393e-7	1.174898e-6	932.2398534170626
0.001120243	5.741942e-7	1.2022639999999998e-6	932.2554731739451
0.00114635	5.921948e-7	1.230269e-6	932.2694425365507
0.001173066	6.107583e-7	1.2589250000000002e-6	932.2848925074964
0.001200405	6.299022e-7	1.28825e-6	932.2995553658066
0.001228381	6.496446e-7	1.3182569999999998e-6	932.3149011156398
0.001257009	6.700042e-7	1.348963e-6	932.3302449362956
0.001286304	6.910003e-7	1.3803840000000001e-6	932.3456373733686
0.001316283	7.126527e-7	1.4125380000000002e-6	932.3612198043521
0.00134696	7.34982e-7	1.44544e-6	932.3769800199246
0.001378352	7.580093e-7	1.479108e-6	932.3930431719658
0.001410476	7.817563e-7	1.513561e-6	932.4089060830717
0.001443348	8.062455e-7	1.5488170000000002e-6	932.4240665617693
0.001476987	8.315002e-7	1.584893e-6	932.4405497405818
0.00151141	8.575441e-7	1.62181e-6	932.4566651457322
0.001546636	8.84402e-7	1.6595870000000002e-6	932.4732008626243
0.001582683	9.120992e-7	1.6982439999999998e-6	932.4897359861128
0.00161957	9.406619e-7	1.7378009999999997e-6	932.5064618445956
0.001657316	9.701172e-7	1.7782789999999998e-6	932.523027713874
0.001695943	1.000493e-6	1.8197010000000002e-6	932.5397375722715
0.001735471	1.031818e-6	1.8620869999999998e-6	932.5572961950758
0.001739608	1.03511e-6	1.866524e-6	932.5586544828782
0.00181731	1.051185e-6	1.949845e-6	932.567042508507
0.001859665	1.084093e-6	1.995262e-6	932.5838376113012
0.001903008	1.11803e-6	2.041738e-6	932.6005736289377
0.001947361	1.153027e-6	2.089296e-6	932.6175070454354
0.001992748	1.189118e-6	2.137962e-6	932.6344986487131
0.002039193	1.226336e-6	2.1877619999999994e-6	932.6514200356346
0.002086721	1.264716e-6	2.238721e-6	932.6690177114523
0.002135357	1.304296e-6	2.290868e-6	932.6863424693173
0.002185127	1.345112e-6	2.3442290000000005e-6	932.7041479309399
0.002236057	1.387203e-6	2.398833e-6	932.721953966783
0.002288174	1.430608e-6	2.4547090000000004e-6	932.7397292306338
0.002341506	1.47537e-6	2.511886e-6	932.7578441059826
0.002396082	1.52153e-6	2.5703960000000003e-6	932.7759341362187
0.00245193	1.569131e-6	2.630268e-6	932.7943506137017
0.00250908	1.618219e-6	2.691535e-6	932.812770036429
0.002567562	1.66884e-6	2.7542290000000004e-6	932.8312351659937
0.002627408	1.721042e-6	2.818383e-6	932.850163373821
0.002688649	1.774875e-6	2.8840319999999994e-6	932.8689400811087
0.002751317	1.830388e-6	2.951209e-6	932.8879750637791
0.002815447	1.887635e-6	3.019952e-6	932.9070909074052
0.002881072	1.94667e-6	3.090295e-6	932.9266849928567
0.002948227	2.007549e-6	3.1622780000000004e-6	932.9459803976753
0.003016947	2.070328e-6	3.235937e-6	932.9654217619192
0.00308727	2.135068e-6	3.311311e-6	932.9854755412584
0.003159232	2.201829e-6	3.388442e-6	933.0051477935878
0.003232872	2.270675e-6	3.467369e-6	933.0252058549291
0.003308229	2.34167e-6	3.548134e-6	933.0455585950249
0.003385343	2.414882e-6	3.630781e-6	933.0658836211823
0.003464255	2.49038e-6	3.715352e-6	933.0866577379478
0.003545007	2.568235e-6	3.801894e-6	933.1073499155948
0.003627641	2.648521e-6	3.890451e-6	933.1281954200168
0.003712203	2.731313e-6	3.981072e-6	933.1492404558369
0.003798736	2.81669e-6	4.073803e-6	933.170477315668
0.003887286	2.904733e-6	4.168694e-6	933.191722155668
0.003977901	2.995524e-6	4.265795e-6	933.2132753683661
0.004070629	3.089149e-6	4.365158e-6	933.2349823305365
0.00416552	3.185697e-6	4.466836e-6	933.2569400354076
0.004262622	3.285258e-6	4.570882e-6	933.2787978337661
0.004361989	3.387928e-6	4.677351e-6	933.3011202280951
0.004463673	3.493802e-6	4.786301e-6	933.3234165590504
0.004567728	3.602982e-6	4.897788e-6	933.346029268723
0.00467421	3.715569e-6	5.011872000000001e-6	933.368922630107
0.004783174	3.83167e-6	5.128614e-6	933.3916863308489
0.004894679	3.951396e-6	5.2480750000000006e-6	933.4147084407139
0.005008784	4.074858e-6	5.370318000000001e-6	933.4379934298116
0.00512555	4.202174e-6	5.495409e-6	933.4613991424478
0.005245039	4.333463e-6	5.623413e-6	933.4851384737347
0.005367314	4.46885e-6	5.754399000000001e-6	933.5089294294677
0.00549244	4.608463e-6	5.888436999999999e-6	933.5326951787038
0.005620485	4.752432e-6	6.025596e-6	933.5570177622263
0.005751515	4.900895e-6	6.165950000000001e-6	933.5813451292987
0.005885601	5.053992e-6	6.309573000000001e-6	933.6059654116054
0.006022814	5.211866e-6	6.456542e-6	933.6307060342826
0.006163226	5.374667e-6	6.606934e-6	933.655560506583
0.006306914	5.542549e-6	6.76083e-6	933.680709173282
0.006349596	5.592666e-6	6.8065439999999995e-6	933.6880311065352
0.006604413	5.624687e-6	7.079458e-6	933.6926198305013
0.006758382	5.800371e-6	7.24436e-6	933.7170393243848
0.006915942	5.981537e-6	7.413101999999999e-6	933.7418447769908
0.007077177	6.168356e-6	7.5857760000000005e-6	933.7667439692393
0.007242171	6.361006e-6	7.762471e-6	933.7918307198829
0.007411014	6.559667e-6	7.943282e-6	933.8172391462371
0.007583794	6.764527e-6	8.128305e-6	933.8427294497438
0.007760603	6.97578e-6	8.317638e-6	933.8683385836218
0.007941535	7.193624e-6	8.511379999999998e-6	933.8942244383402
0.008126688	7.418266e-6	8.709636e-6	933.9203459249043
0.008316158	7.649917e-6	8.912509000000001e-6	933.9466492544357
0.008510047	7.888797e-6	9.120108e-6	933.9731280594484
0.008708458	8.13513e-6	9.332543e-6	933.999782267277
0.008911497	8.389149e-6	9.549926e-6	934.0267295264908
0.009119271	8.651094e-6	9.772372e-6	934.053891317277
0.00933189	8.921211e-6	0.00001	934.0811211
0.009549469	9.199757e-6	0.00001023293	934.1086821663004
0.009772122	9.486993e-6	0.00001047129	934.1360035869504
0.009999969	9.783191e-6	0.000010715190000000001	934.1646943264655
0.01023313	0.00001008863	0.00001096478	934.1928091580496
0.01047173	0.0000104036	0.00001122018	934.2215187278636
0.01071589	0.0000107284	0.00001148154	934.2490989884633
0.01096575	0.00001106332	0.00001174898	934.2779815779753
0.01122144	0.0000114087	0.00001202264	934.3079972451973
0.01148309	0.00001176485	0.000012302690000000001	934.3367060374601
0.01175084	0.00001213212	0.00001258925	934.3663935500526
0.01202484	0.00001251084	0.000012882499999999999	934.3955629730254
0.01230523	0.00001290138	0.00001318257	934.4256377929341
0.01259216	0.0000133041	0.000013489630000000003	934.4558820367942
0.01288579	0.00001371938	0.00001380384	934.487025349468
0.01318626	0.00001414762	0.00001412538	934.5169914012932
0.01349374	0.00001458922	0.000014454400000000002	934.5479037524906
0.0138084	0.00001504459	0.00001479108	934.5798001227768
0.01413039	0.00001551417	0.000015135610000000002	934.6107735334089
0.0144599	0.0000159984	0.00001548817	934.6422721341514
0.01479709	0.00001649773	0.00001584893	934.6743111364617
0.01514215	0.00001701264	0.0000162181	934.7064477343215
0.01549526	0.00001754362	0.00001659587	934.7388006775179
0.01561285	0.00001772134	0.00001672167	934.7494203629183
0.01622636	0.00001772535	0.00001737801	934.7494534759734
0.01660474	0.00001827855	0.00001778279	934.7812435506464
0.01699195	0.00001884901	0.00001819701	934.8128626626021
0.01738819	0.00001943727	0.00001862087	934.8450029456195
0.01779367	0.00002004387	0.00001905461	934.8768549972947
0.01820861	0.0000206694	0.00001949845	934.9091543173945
0.01863323	0.00002131444	0.000019952619999999997	934.942099834508
0.01906776	0.0000219796	0.00002041738	934.9749869963726
0.01951243	0.0000226655	0.00002089296	935.0085148298758
0.01996746	0.0000233728	0.00002137962	935.0415395596367
0.02043312	0.00002410216	0.00002187762	935.0753034379425
0.02090964	0.00002485428	0.00002238721	935.1095683651514
0.02139727	0.00002562985	0.000022908679999999995	935.1433539601584
0.02189629	0.00002642961	0.00002344229	935.1782445315708
0.02240694	0.00002725432	0.00002398833	935.2128439120188
0.02292951	0.00002810475	0.00002454709	935.2479153333451
0.02346427	0.00002898171	0.00002511886	935.2833572064974
0.02401151	0.00002988602	0.00002570396	935.3187610002506
0.02457152	0.00003081853	0.00002630268	935.354820497379
0.02514459	0.00003178013	0.000026915349999999996	935.3907762670744
0.02573104	0.00003277172	0.00002754229	935.4273635198816
0.02633116	0.00003379424	0.00002818383	935.4638542738867
0.02694529	0.00003484865	0.000028840319999999997	935.5006688552693
0.02757376	0.00003593595	0.00002951209	935.5384843974113
0.02821688	0.00003705715	0.00003019952	935.5757028588533
0.02887501	0.00003821333	0.00003090295	935.6136980450085
0.0295485	0.00003940557	0.00003162278	935.6516274027774
0.03023771	0.00004063499	0.00003235937	935.6901877261517
0.03094299	0.00004190275	0.00003311311	935.7288623750533
0.03166474	0.00004321006	0.00003388442	935.7678266294656
0.03240333	0.00004455813	0.00003467368999999999	935.8071820449453
0.03315915	0.00004594825	0.00003548134	935.8467929903436
0.03393262	0.00004738172	0.000036307810000000006	935.8868441803568
0.03472413	0.0000488599	0.00003715352	935.9271988226151
0.03553411	0.00005038418	0.00003801894	935.9675514362053
0.03561557	0.00005053811	0.00003810597000000001	935.9716629703953
0.03721117	0.00005064854	0.00003981072	935.9744948094383
0.03807912	0.0000522286	0.00004073803	936.0135627569622
0.03896734	0.00005385794	0.000041686940000000005	936.05330446418
0.03987628	0.00005553809	0.00004265795	936.0932274054426
0.04080643	0.00005727064	0.00004365157999999999	936.1333688265122
0.04175829	0.00005905722	0.00004466836	936.1737753523972
0.04273236	0.00006089952	0.00004570882000000001	936.2144881447387
0.04372916	0.00006279928	0.00004677351	936.2555703003687
0.04474923	0.00006475828	0.00004786301	936.2969081969563
0.04579311	0.00006677837	0.00004897788000000001	936.3387792611684
0.04686135	0.00006886146	0.00005011872	936.3808864232766
0.04795452	0.00007100952	0.00005128614	936.4231646210848
0.0490732	0.00007322456	0.000052480750000000004	936.465743343988
0.05021799	0.00007550868	0.00005370318	936.5087631682146
0.05138951	0.00007786403	0.00005495409	936.5522025749129
0.0543213	0.00007956368	0.00005808442	936.5827132301572
0.05507053	0.00008102877	0.000058884370000000006	936.6077750343596
0.05635521	0.00008355627	0.00006025596	936.6503540894545
0.05766986	0.0000861626	0.0000616595	936.6930091875544
0.05901521	0.0000888502	0.00006309573	936.736292614413
0.06039195	0.00009162162	0.00006456542	936.7796510887716
0.06180083	0.00009447946	0.00006606934	936.8234866581079
0.06324259	0.00009742642	0.00006760830000000001	936.8674618353073
0.064718	0.0001004653	0.0000691831	936.9118368503291
0.06622785	0.0001035989	0.00007079458	936.9565989373764
0.06777295	0.0001068303	0.0000724436	937.0017544683036
0.06935411	0.0001101624	0.00007413101999999999	937.0473035444542
0.0709025	0.0001134499	0.0000757834	937.0911030647873
0.07432237	0.0001161892	0.00007943282	937.12597890897
0.0760563	0.0001198131	0.00008128305	937.1709489247758
0.07783072	0.0001235501	0.00008317637999999999	937.2164321169063
0.07964655	0.0001274036	0.00008511380000000001	937.262272392961
0.08150477	0.0001313772	0.00008709636	937.3083697183213
0.08340637	0.0001354748	0.00008912509	937.3549558266924
0.08535236	0.0001397002	0.00009120108	937.4018399782108
0.08734377	0.0001440573	0.00009332543	937.4489600530103
0.08938168	0.0001485503	0.00009549926000000002	937.4965868845475
0.09146716	0.0001531833	0.00009772372000000001	937.5445725971136
0.09360132	0.0001579609	0.00010000000000000002	937.592809
0.09578532	0.0001628874	0.0001023293	937.6415884795459
0.09802029	0.0001679676	0.00010471289999999999	937.69017570901
0.1003075	0.0001732062	0.0001071519	937.7407792115678
0.1008452	0.0001744436	0.0001077254	937.7513901085538
0.105043	0.0001766863	0.0001122018	937.7718209511792
0.107494	0.0001821968	0.00011481539999999999	937.8201600133781
0.1100021	0.0001878791	0.0001174898	937.8684711353667
0.1125689	0.0001937385	0.0001202264	937.9191134393112
0.1151955	0.0001997807	0.0001230269	937.9678810081374
0.1178835	0.0002060113	0.0001258925	938.0186373294678
0.1206342	0.0002124361	0.000128825	938.06820182418
0.1234492	0.0002190613	0.0001318257	938.1195115975111
0.1263299	0.0002258931	0.00013489629999999998	938.1709735552421
0.1292778	0.0002329379	0.0001380384	938.2225373519253
0.1322946	0.0002402024	0.0001412538	938.2742439495433
0.1353818	0.0002476934	0.000144544	938.3266922182864
0.1385411	0.000255418	0.0001479108	938.3798748975736
0.1417742	0.0002633835	0.0001513561	938.4331619274014
0.1450827	0.0002715973	0.0001548817	938.4859366858708
0.1484686	0.0002800673	0.0001584893	938.5407551172225
0.1519335	0.0002888014	0.000162181	938.5951584957547
0.1554793	0.0002978078	0.00016595869999999998	938.649843605668
0.1580418	0.000304359	0.0001686886	938.6891526754032
0.1666209	0.0003123413	0.0001778279	938.7348177648163
0.1705093	0.0003220817	0.0001819701	938.7881948737733
0.1744886	0.0003321258	0.0001862087	938.8429530951023
0.1785609	0.0003424831	0.0001905461	938.8981621770271
0.1827282	0.0003531634	0.0001949845	938.9534214258057
0.1869928	0.0003641767	0.0001995262	939.0093967609266
0.1913571	0.0003755334	0.00020417380000000001	939.0658027621565
0.1958232	0.0003872442	0.00020892960000000002	939.1222890389873
0.2003937	0.0003993201	0.00021379619999999997	939.1795555767595
0.2050709	0.0004117726	0.0002187762	939.2368667158494
0.2098573	0.0004246134	0.0002238721	939.2948625576836
0.2147556	0.0004378545	0.0002290868	939.3533564570284
0.2195833	0.0004510029	0.00023422600000000003	939.4102401099792
0.2301469	0.0004577091	0.0002454709	939.4376649126231
0.2355185	0.0004719822	0.0002511886	939.4951928550897
0.2410156	0.0004867003	0.00025703960000000007	939.5528949624882
0.2466411	0.0005018774	0.0002630268	939.611390930506
0.2477387	0.0005048519	0.0002641949	939.622800818638
0.252398	0.0005128182	0.0002691535	939.6527193590274
0.2582891	0.0005205402	0.00027542290000000003	939.6809059813108
0.2643176	0.0005274976	0.00028183829999999996	939.7058440957101
0.2704868	0.0005340658	0.0002884032	939.7290522435256
0.2767997	0.0005404122	0.00029512090000000004	939.7508349967759
0.2832599	0.0005466289	0.0003019952	939.7716549799468
0.2898706	0.0005527728	0.0003090295	939.7917441538751
0.2966355	0.0005588853	0.0003162277999999999	939.811064365625
0.3035582	0.0005650021	0.0003235937	939.8304172794464
0.3106422	0.0005711428	0.00033113110000000006	939.8493309749521
0.3178913	0.0005773289	0.0003388442	939.867434354786
0.3253095	0.0005835763	0.0003467369	939.8857643936944
0.3329006	0.0005899026	0.0003548134	939.9039117462869
0.3406687	0.0005963157	0.00036307810000000006	939.9217845967576
0.3486178	0.0006028331	0.0003715352	939.9395618503979
0.3567523	0.0006094621	0.0003801894	939.9571952821411
0.3650764	0.0006162136	0.00038904510000000006	939.9748604981788
0.3735945	0.0006230992	0.0003981072	939.9920403348646
0.3823113	0.0006301256	0.0004073803	940.0096803895525
0.3912312	0.0006373026	0.0004168694	940.0270266898937
0.4003591	0.0006446377	0.0004265795	940.0445584000169
0.4096997	0.0006521454	0.00043651579999999995	940.0618383114655
0.4192582	0.0006598278	0.00044668359999999995	940.079348782897
0.4290394	0.0006677003	0.0004570882	940.0966822158175
0.4390486	0.0006757658	0.00046773510000000003	940.1141068951208
0.4492912	0.0006840339	0.0004786301	940.1315000874371
0.4597726	0.0006925184	0.0004897788	940.1491416124993
0.4814738	0.0007011234	0.0005128614	940.1661411835635
0.4927052	0.0007103862	0.0005248075	940.1839459230289
0.5041984	0.000719897	0.0005370318000000002	940.2018595546855
0.5159596	0.0007296677	0.0005495409000000001	940.2198593407696
0.5279949	0.0007397086	0.0005623413	940.2379099667764
0.5403108	0.0007500283	0.0005754399	940.2560168316447
0.5529139	0.00076064	0.0005888437	940.2742017958244
0.5658108	0.0007715486	0.0006025596	940.2926259908562
0.5790083	0.0007827725	0.000616595	940.311018577835
0.5925135	0.0007943171	0.0006309573	940.3295866455622
0.6063335	0.0008061996	0.0006456542	940.3480990288608
0.6204758	0.0008184282	0.0006606934	940.3669360099557
0.6349477	0.0008310163	0.0006760829999999998	940.3855980700596
0.6497571	0.0008439751	0.000691831	940.4046293097592
0.6649117	0.0008573187	0.0007079458	940.4237142165404
0.6804196	0.0008710643	0.000724436	940.4428607910154
0.696289	0.000885219	0.0007413102	940.4621965271759
0.7125285	0.0008998009	0.0007585776000000001	940.4816341795487
0.7291465	0.000914823	0.0007762470999999999	940.5011922105732
0.746152	0.0009303016	0.0007943282	940.5209353010506
0.763554	0.0009462505	0.0008128305	940.5408021721624
0.7813617	0.0009626869	0.0008317638	940.5607540265639
0.7995845	0.0009796285	0.000851138	940.5808793638635
0.8182323	0.0009970903	0.0008709636	940.6011804626507
0.8373148	0.001015088	0.0008912509	940.6216453750567
0.8568422	0.001033644	0.0009120108	940.6421985353682
0.8768249	0.001052771	0.0009332543	940.6628729168459
0.8972736	0.001072492	0.0009549926	940.6838251940383
0.918199	0.001092826	0.0009772372	940.7049035791924
0.9396123	0.001113792	0.001	940.7260919999999
0.9615248	0.001135411	0.001023293	940.7473822258141
0.9839483000000001	0.001157703	0.001047129	940.7685232669519
1.006895	0.001180692	0.001071519	940.7912430857504
1.030376	0.001204401	0.0010964779999999997	940.8126756761195
1.054405	0.001228849	0.001122018	940.8350391883197
1.078994	0.001254065	0.001148154	940.8564225704914
1.104157	0.001280069	0.001174898	940.8791818523822
1.129906	0.001306894	0.001202264	940.9022427686433
1.16078	0.00132275	0.001235078	940.9144604632257
1.183219	0.001346557	0.001258925	940.9341755863138
1.210811	0.001376049	0.0012882500000000001	940.9563741509802
1.239047	0.001406466	0.0013182569999999998	940.9799955547363
1.267942	0.00143784	0.001348963	941.00419359167
1.29751	0.001470201	0.0013803839999999997	941.0281494134966
1.327767	0.001503579	0.0014125380000000003	941.0511993305665
1.35873	0.001538007	0.0014454399999999999	941.0753867334513
1.390415	0.001573518	0.001479108	941.0999859374704
1.422839	0.001610144	0.001513561	941.1243709371475
1.456019	0.001647922	0.001548817	941.148581142898
1.489973	0.001686887	0.0015848930000000002	941.1738754603623
1.524719	0.001727076	0.00162181	941.1990775738219
1.560275	0.001768526	0.0016595869999999997	941.2242479604867
1.59666	0.001811274	0.001698244	941.2494753404104
1.633894	0.001855364	0.0017378009999999998	941.2754187619872
1.671996	0.001900836	0.001778279	941.3015820352149
1.710986	0.00194773	0.0018197009999999997	941.3270257036733
1.750886	0.001996089	0.0018620869999999997	941.3534861690135
1.791717	0.002045964	0.001905461	941.3800460885843
1.833499	0.002097391	0.001949845	941.4063122966185
1.876257	0.002150423	0.0019952620000000003	941.4339685715461
1.920011	0.002205108	0.002041738	941.4607104339539
1.964786	0.002261495	0.0020892960000000005	941.4881831009104
2.010605	0.002319635	0.002137962	941.5156279671949
2.057492	0.002379577	0.002187762	941.5428081299519
2.105474	0.002441381	0.002238721	941.5712726150334
2.154574	0.002505096	0.002290868	941.599034077913
2.20482	0.00257078	0.002344229	941.6276225573524
2.256237	0.002638495	0.002398833	941.6560031481974
2.301204	0.002668723	0.002446585	941.6687844485273
2.362697	0.002750976	0.002511886	941.7019625890665
2.417796	0.002825259	0.0025703959999999995	941.730869095657
2.474181	0.002901822	0.0026302680000000003	941.7606198303748
2.53188	0.002980741	0.002691535	941.7899975292909
2.590926	0.003062081	0.0027542289999999995	941.8200451015512
2.651348	0.003145909	0.002818383	941.8499575820605
2.71318	0.003232301	0.0028840319999999995	941.8800835080888
2.776455	0.003321329	0.0029512089999999998	941.9110367988169
2.841205	0.003413069	0.0030199520000000002	941.9414841692849
2.907466	0.003507598	0.003090295	941.9727236396526
2.975272	0.003604995	0.0031622780000000006	942.0035161361524
3.04466	0.003705343	0.003235937	942.0348242255643
3.115667	0.003808728	0.0033113109999999995	942.066670270476
3.18833	0.003915228	0.003388442	942.0982351180867
3.262688	0.004024937	0.003467369	942.1301675708585
3.338781	0.004137945	0.0035481339999999997	942.1625409299648
3.416649	0.004254343	0.003630781	942.1949004911064
3.496333	0.004374226	0.003715352	942.2276075052915
3.577877	0.004497692	0.003801894	942.260539615255
3.661322	0.004624845	0.003890451	942.2935400034597
3.7467149999999996	0.004755782	0.0039810719999999996	942.3267858506451
3.834099	0.004890608	0.004073803	942.3601504540107
3.923522	0.005029431	0.004168694	942.3938123066841
4.015032	0.005172367	0.004265795	942.4279335973715
4.108676	0.005319531	0.004365158	942.461998168222
4.204505	0.005471035	0.004466836	942.4962176807029
4.302569	0.005626999	0.004570882	942.5305660920585
4.402922	0.005787548	0.004677350999999999	942.5654709257442
4.505616	0.005952815	0.004786301000000001	942.6003118065495
4.610706	0.006122923	0.004897788	942.6355168904821
4.718247	0.00629801	0.005011872	942.6707246314352
4.828298	0.006478212	0.005128614	942.706199374724
4.940916	0.006663677	0.005248075	942.7418009460611
5.056163	0.006854551	0.005370318	942.7779790693959
5.174097	0.007050987	0.005495408999999999	942.8138992020431
5.294784	0.007253135	0.005623413	942.850389078661
5.418287	0.007461169	0.005754399	942.8870276461538
5.544671	0.007675242	0.005888437	942.9236046849105
5.674004	0.007895537	0.006025596	942.9605863054874
5.806355	0.008122233	0.006165950000000001	942.9977915811837
5.941794	0.008355513	0.006309573000000001	943.0352122084964
6.080393	0.008595563	0.006456542	943.0727102836162
6.222227	0.008842591	0.006606933999999999	943.1106154534009
6.36737	0.009096805	0.00676083	943.1485194865129
6.5159	0.009358412	0.00691831	943.1867626631359
6.667895	0.00962764	0.007079458	943.2251226011933
6.823438	0.009904727	0.007244359999999999	943.2638255139171
6.98261	0.01018992	0.007413102000000001	943.3028063015995
7.145496	0.01048345	0.007585776	943.3417820404926
7.312184	0.01078561	0.007762471	943.3812519235177
7.482761	0.01109666	0.007943282	943.4208252961433
7.657319	0.01141689	0.008128305000000002	943.4606464693437
7.83595	0.01174662	0.008317638	943.5006212100118
8.01875	0.01208616	0.00851138	943.5410192001768
8.205816	0.01243585	0.008709636	943.5815515137486
8.397247	0.01279603	0.008912509	943.6223884879106
8.593146	0.01316708	0.009120108	943.663504862004
8.793617	0.0135494	0.009332543	943.7048830099149
8.998766	0.01394338	0.009549926	943.746514894461
9.208703	0.01434949	0.009772372	943.788518283995
9.42354	0.01476816	0.01	943.8308159999998
9.643391	0.01519989	0.01023293	943.8734448491292
9.868373	0.0156452	0.01047129	943.9160027083578
10.09861	0.01610465	0.01071519	943.9603637453001
10.33421	0.01657878	0.010964780000000002	944.0033251921151
10.57532	0.01706825	0.01122018	944.0479787311789
10.82205	0.01757369	0.01148154	944.0914450500544
11.07455	0.01809581	0.01174898	944.1369216732007
11.33293	0.01863534	0.01202264	944.1824208326956
11.59735	0.01919308	0.012302689999999998	944.2278948750234
11.86794	0.01976985	0.012589249999999998	944.2746668784877
12.14485	0.02036656	0.0128825	944.3210991655346
12.42822	0.02098417	0.013182570000000001	944.3685237400598
12.7182	0.02162368	0.01348963	944.4160944369859
13.01496	0.02228617	0.01380384	944.4651756322878
13.31864	0.02297282	0.01412538	944.5135507858904
13.62941	0.02368485	0.014454399999999997	944.5632367998672
13.94744	0.02442358	0.01479108	944.6141579925198
14.2729	0.02519041	0.01513561	944.6656203483044
14.60595	0.02598686	0.01548817	944.7169588143724
14.94678	0.02681453	0.01584893	944.7700589251135
15.29557	0.02767513	0.0162181	944.8236926643689
15.6525	0.02857048	0.01659587	944.8778810631803
16.01777	0.02950255	0.01698244	944.9332693064129
16.39157	0.03047343	0.01737801	944.9898711072213
16.7741	0.03148534	0.01778279	945.0477309803467
17.16556	0.03254067	0.01819701	945.1058536539794
19.2685	0.03356891	0.02042203	945.159169289243
19.71362	0.03472316	0.020892959999999995	945.2151901884654
20.17363	0.03594039	0.021379619999999995	945.272665744293
20.64438	0.03721237	0.02187762	945.3309989843502
21.12614	0.03854236	0.02238721	945.3916928460491
21.61914	0.03993383	0.02290868	945.4527205408605
22.12366	0.04139046	0.023442290000000005	945.5155814555659
22.63997	0.04291622	0.02398833	945.5800474647465
23.16834	0.0445153	0.02454709	945.6459115927795
23.70906	0.04619217	0.02511886	945.7137851797415
24.26241	0.04795161	0.025703960000000005	945.7827358119137
24.82869	0.04979869	0.02630268	945.8537567274515
25.40821	0.05173879	0.026915349999999998	945.9267217405682
26.00127	0.05377769	0.027542289999999997	946.0015013275948
26.60819	0.05592147	0.02818383	946.0783530840203
27.22931	0.05817664	0.02884032	946.1575544238067
27.86494	0.06055009	0.02951209	946.2389851074594
28.51544	0.06304915	0.030199519999999997	946.3226286378062
29.18115	0.06568159	0.030902949999999995	946.4090512394448
29.86242	0.0684557	0.03162278	946.4972940392969
30.55964	0.07138017	0.03235936999999999	946.5888912546816
31.27316	0.07446432	0.03311311	946.6831813743862
32.00338	0.07771794	0.03388442	946.7801998676679
32.75068	0.08115149	0.03467369	946.8802279192092
33.51548	0.08477594	0.03548134	946.9838495389406
34.29817	0.08860299	0.03630781	947.090253859982
35.09919	0.09264497	0.03715352	947.2005605390822
35.91896	0.09691487	0.03801894	947.3140195386825
36.75793	0.1014265	0.03890451	947.4314546051345
37.61655	0.1061944	0.039810719999999994	947.5524280897205
38.49528	0.1112339	0.04073803000000001	947.6774871048011
39.3946	0.1165612	0.041686940000000006	947.8067039701162
40.315	0.1221934	0.04265795	947.9403815701411
41.25697	0.1281485	0.04365158	948.0783627992389
42.22103	0.1344456	0.04466836	948.2209689364015
43.20769	0.1411047	0.04570882	948.3682733441817
44.2175	0.1481469	0.046773510000000004	948.5207952107935
45.25099	0.1555945	0.04786301	948.6779978944074
46.30874	0.163471	0.04897788	948.8408032360732
47.39131	0.1718011	0.05011871999999999	949.0088952790495
48.4993	0.1806108	0.05128614	949.1825822727153
49.6333	0.1899278	0.05248075000000001	949.3619622432986
50.79395	0.199781	0.05370318000000001	949.5476990375616
51.98187	0.2102012	0.054954090000000004	949.7395225723873
53.1977	0.2212206	0.05623413	949.9377086477554
54.44212	0.2328734	0.05754399	950.1425500734308
55.71581	0.245196	0.05888436999999999	950.3541601956513
57.01946	0.2582266	0.06025595999999999	950.5729657282036
58.35378	0.272006	0.061659500000000006	950.7989198744718
59.71952	0.2865773	0.06309573	951.0326182136255
61.11742	0.3019865	0.06456542	951.2740178875937
62.54825	0.3182824	0.06606934	951.5235417820127
64.0128	0.3355173	0.0676083	951.7813241865275
65.51187	0.3537469	0.06918309999999998	952.0477819004932
67.0463	0.3730309	0.07079458000000001	952.3233402896099
68.61693	0.3934335	0.0724436	952.6081461992502
70.22464	0.4150234	0.07413102	952.9028927431457
71.87031	0.4378751	0.07585776	953.2074912309565
73.55486	0.4620685	0.07762471	953.5227700045515
75.27923	0.4876904	0.07943282000000002	953.8490563472378
77.04438	0.5148349	0.08128304999999998	954.1868187771006
78.8513	0.543604	0.08317638	954.5366605279047
80.701	0.574109	0.08511379999999999	954.8993112750222
82.59451	0.606471	0.08709636	955.2750654562373
84.5329	0.6408227	0.08912508999999999	955.6649277997924
86.51727	0.6773087	0.09120108	956.069584921582
88.54874	0.7160882	0.09332543	956.4898677670169
90.62846	0.7573353	0.09549926	956.9267374427823
92.75761	0.8012418	0.09772372	957.3811946577556
94.93741	0.8480183	0.09999999999999999	957.854283
97.16912	0.8978966	0.1023293	958.3473804667872
99.454	0.9511327	0.1047129	958.8611594177986
101.7934	1.008008	0.1071519	959.3988347383482
104.1886	1.068834	0.1096478	959.9593790299485
106.6411	1.133952	0.1122018	960.5465509465979
109.1524	1.203741	0.1148154	961.1614905317579
111.7237	1.277711	0.11748980000000002	961.7976283898686
114.3568	1.356167	0.1202264	962.4588859019318
117.053	1.440037	0.1230269	963.1473848402261
119.8141	1.529994	0.1258925	963.8707150942273
122.6417	1.62671	0.128825	964.6296138171939
125.5375	1.730898	0.1318257	965.429335857879
128.5032	1.843323	0.1348963	966.2720400781933
131.5408	1.964819	0.1380384	967.1628981500799
134.652	2.096295	0.1412538	968.1034775701607
137.8389	2.238744	0.144544	969.1003708213415
141.1035	2.39325	0.1479108	970.157351592987
144.4479	2.560999	0.1513561	971.2783231068984
147.8743	2.743288	0.1548817	972.468587315351
151.3849	2.941531	0.1584893	973.7340691138139
154.9821	3.157272	0.162181	975.079522262164
158.6683	3.392194	0.16595869999999996	976.5109873721594
162.4461	3.648128	0.1698244	978.0351233391668
166.3181	3.927065	0.1737801	979.6585742556254
170.2871	4.231165	0.17782789999999998	981.3885503905743
174.356	4.562775	0.1819701	983.231723233652
178.5276	4.924429	0.18620869999999998	985.1957991221678
182.8053	5.318875	0.19054610000000002	987.2895587996815
187.1922	5.74907	0.19498450000000003	989.5210644948701
191.6917	6.218209	0.19952619999999996	991.8993545709787
191.8848693779484	6.239615697508836	0.1997207001951889	992.0053988204634
408.86319555968976	6.239864454216609	0.418967200750558	992.00544977916
409.6708431023525	6.559963851963971	0.4192618829580414	992.770447
410.7296829596382	6.979758639648992	0.420327896507962	993.770447
411.790807743015	7.400620053625403	0.4213951359942647	994.770447
412.8542226103364	7.822549321189172	0.42246360413578893	995.770447
413.919932727612	8.245547672354974	0.42353330365137415	996.770447
414.98794326900753	8.669616339856304	0.42460423725985935	997.770447
416.0582594168464	9.094756559145253	0.42567640768008397	998.770447
417.13088636160757	9.520969568393241	0.42674981763088743	999.770447
418.2058293019267	9.94825660849014	0.4278244698311089	1000.770447
419.2830934445962	10.376618923044873	0.4289003669995878	1001.770447
420.362684004565	10.806057758385037	0.4299775118551634	1002.770447
421.44460620493805	11.236574363557168	0.4310559071166749	1003.770447
422.5288652769775	11.668169990326646	0.43213555550296173	1004.770447
423.6154664601015	12.100845893177649	0.4332164597328631	1005.770447
424.7044150018852	12.534603329313143	0.4342986225252184	1006.770447
425.7957161580597	12.969443558655257	0.43538204659886687	1007.770447
426.88937519251306	13.405367843844346	0.4364667346726479	1008.770447
427.9853973772898	13.842377450240065	0.4375526894654007	1009.770447
429.0837879925906	14.280473645921035	0.43863991369596467	1010.770447
430.1845523267733	14.719657701684184	0.43972841008317914	1011.770447
431.2876956763513	15.15993089104586	0.4408181813458832	1012.770447
432.3932233459958	15.601294490240775	0.4419092302029165	1013.770447
433.5011406485335	16.043749778222832	0.44300155937311836	1014.770447
434.61145290494784	16.487298036664356	0.4440951715753276	1015.770447
435.7241654443788	16.931940549957005	0.4451900695283838	1016.770447
436.8392836041232	17.377678605211088	0.44628625595112636	1017.770447
437.956812729634	17.824513492255534	0.4473837335623945	1018.770447
439.0767581745209	18.27244650363832	0.44848250508102755	1019.770447
440.19912530055007	18.72147893462619	0.4495825732258648	1020.770447
441.32391947764376	19.171612083205105	0.45068394071574563	1021.770447
442.4511460838816	19.622847250079104	0.4517866102695092	1022.770447
443.5808105054992	20.075185738671564	0.452890584605995	1023.770447
444.71291813688845	20.528628855124907	0.4539958664440422	1024.7704469999999
445.8474743805986	20.98317790829975	0.45510245850249026	1025.7704469999999
446.9844846473342	21.438834209776303	0.45621036350017835	1026.7704469999999
448.12395435595755	21.89559907385288	0.4573195841559457	1027.7704469999999
449.2658889334867	22.353473817547155	0.4584301231886319	1028.7704469999999
450.4102938150963	22.81245976059546	0.4595419833170759	1029.7704469999999
451.5571744441182	23.27255822545277	0.4606551672601174	1030.7704469999999
452.7065362720395	23.733770537293395	0.4617696777365954	1031.7704469999999
453.8583847585051	24.19609802401004	0.4628855174653494	1032.7704469999999
455.01272537131575	24.659542016214402	0.4640026891652187	1033.7704469999999
456.1695635864284	25.124103847237137	0.4651211955550424	1034.7704469999999
457.32890488795744	25.58978485312747	0.4662410393536599	1035.7704469999999
458.4907547681727	26.05658637265384	0.4673622232799105	1036.7704469999999
459.6551187275021	26.524509747302744	0.4684847500526337	1037.7704469999999
460.82200227452824	26.99355632128075	0.4696086223906686	1038.7704469999999
461.9914109259912	27.463727441512304	0.4707338430128545	1039.7704469999999
463.16335020678787	27.935024457640765	0.47186041463803086	1040.7704469999999
464.3378256499708	28.40744872202896	0.47298833998503687	1041.7704469999999
465.51484279675003	28.881001589757602	0.4741176217727119	1042.7704469999999
466.69440719649106	29.355684418627476	0.4752482627198953	1043.7704469999999
467.8765244067167	29.83149856915699	0.47638026554542634	1044.7704469999999
469.06119999310613	30.308445404583978	0.4775136329681443	1045.7704469999999
470.2484395294947	30.786526290865282	0.47864836770688846	1046.7704469999999
471.4382485978745	31.265742596676006	0.47978447248049805	1047.7704469999999
472.63063278839417	31.746095693410837	0.48092195000781235	1048.7704469999999
473.8255976993591	32.22758695518263	0.48206080300767107	1049.7704469999999
475.02314893723104	32.71021775882332	0.48320103419891325	1050.7704469999999
476.22329211662765	33.193989483883854	0.48434264630037804	1051.7704469999999
477.42603286032414	33.678903512633696	0.48548564203090505	1052.7704469999999
478.6313767992513	34.16496123006155	0.4866300241093333	1053.7704469999999
479.8393295724971	34.65216402387475	0.4877757952545023	1054.7704469999999
481.0498968273061	35.140513284499036	0.48892295818525144	1055.7704469999999
482.2630842190786	35.630010405079986	0.49007151562041995	1056.7704469999999
483.4788974113721	36.12065678148093	0.4912214702788469	1057.7704469999999
484.6973420759001	36.612453812285025	0.49237282487937184	1058.7704469999999
485.91842389253316	37.1054028987935	0.49352558214083386	1059.7704469999999
487.14214854929844	37.59950544502655	0.49467974478207266	1060.7704469999999
488.3685217423788	38.094762857723794	0.49583531552192717	1061.7704469999999
489.5975491761143	38.59117654634289	0.49699229707923676	1062.7704469999999
490.82923656300125	39.08874792306102	0.4981506921728409	1063.7704469999999
492.0635896236927	39.58747840277377	0.4993105035215788	1064.7704469999999
493.3006140869983	40.087369403095494	0.5004717338442899	1065.7704469999999
494.5403156898835	40.58842234435994	0.5016343858598133	1066.7704469999999
495.78270017747127	41.09063864961891	0.5027984622869883	1067.7704469999999
497.02777330304036	41.59401974464399	0.5039639658446547	1068.7704469999999
498.2755408280257	42.09856705792495	0.5051308992516511	1069.7704469999999
499.5260085220206	42.604282020669984	0.5062992652268172	1070.7704469999999
500.7791821627723	43.11116606680747	0.5074690664889921	1071.7704469999999
502.03506753618666	43.61922063298334	0.5086403057570155	1072.7704469999999
503.29367043632504	44.128447158563006	0.5098129857497262	1073.7704469999999
504.55499666540555	44.63884708563057	0.5109871091859639	1074.7704469999999
505.81905203380273	45.150421858989006	0.5121626787845677	1075.7704469999999
507.0858423600476	45.663172926160144	0.5133396972643769	1076.7704469999999
508.35537347082817	46.17710173738445	0.5145181673442311	1077.7704469999999
509.6276512009883	46.692209745621625	0.5156980917429692	1078.7704469999999
510.902681393529	47.208498406549666	0.516879473179431	1079.7704469999999
512.180469899607	47.72596917856589	0.5180623143724552	1080.7704469999999
513.4610225785361	48.24462352278641	0.5192466180408815	1081.7704469999999
514.744345297787	48.76446290304568	0.5204323869035491	1082.7704469999999
516.0304439329859	49.2854887858978	0.5216196236792974	1083.7704469999999
517.3193243679164	49.80770264061502	0.5228083310869654	1084.7704469999999
518.6109924945183	50.33110593918866	0.5239985118453929	1085.7704469999999
519.9054542128877	50.85570015632905	0.5251901686734188	1086.7704469999999
521.2027154312777	51.381486769465	0.5263833042898827	1087.7704469999999
522.5027820660973	51.908467258744594	0.5275779214136237	1088.7704469999999
523.8056600419125	52.436643107034456	0.5287740227634811	1089.7704469999999
525.111355291446	52.96601579991983	0.5299716110582944	1090.7704469999999
526.4198737555764	53.496586825705606	0.531170689016903	1091.7704469999999
527.7312213833395	54.02835767541447	0.5323712593581459	1092.7704469999999
529.0454041319263	54.56132984278898	0.5335733248008623	1093.7704469999999
530.362427966686	55.09550482428975	0.5347768880638919	1094.7704469999999
531.6822988611236	55.63088411909635	0.5359819518660737	1095.7704469999999
533.0050227969002	56.16746922910778	0.5371885189262472	1096.7704469999999
534.3306057638342	56.70526165894117	0.5383965919632517	1097.7704469999999
535.6590537598997	57.244262915932865	0.5396061736959263	1098.7704469999999
536.9903727912281	57.7844745101379	0.5408172668431105	1099.7704469999999
538.324568872107	58.32589795433006	0.5420298741236438	1100.7704469999999
539.6616480249795	58.868534764002646	0.5432439982563648	1101.7704469999999
541.0016162804482	59.41238645736652	0.5444596419601139	1102.7704469999999
542.3444796772685	59.957454555352655	0.5456768079537295	1103.7704469999999
543.6902442623543	60.50374058161029	0.5468954989560512	1104.7704469999999
545.0389160907764	61.05124606250726	0.5481157176859183	1105.7704469999999
546.3905012257605	61.599972527131	0.5493374668621701	1106.7704469999999
547.7450057386909	62.149921507286734	0.550560749203646	1107.7704469999999
549.1024357091064	62.701094537499614	0.551785567429185	1108.7704469999999
550.462797224704	63.25349315501282	0.5530119242576269	1109.7704469999999
551.8260963813357	63.80711889978875	0.5542398224078107	1110.7704469999999
553.192339283011	64.36197331450867	0.5554692645985757	1111.7704469999999
554.561532041896	64.91805794457235	0.5567002535487613	1112.7704469999999
555.9336807783127	65.47537433809882	0.5579327919772067	1113.7704469999999
557.3087916207403	66.0339240459258	0.5591668826027517	1114.7704469999999
558.6868707058134	66.5937086216097	0.5604025281442349	1115.7704469999999
560.0679241783239	67.1547296214259	0.5616397313204957	1116.7704469999999
561.4519581912209	67.7169886043686	0.5628784948503738	1117.7704469999999
562.8389789056089	68.28048713215077	0.5641188214527083	1118.7704469999999
564.2289924907489	68.84522676920454	0.5653607138463383	1119.7704469999999
565.6220051240596	69.41120908268013	0.5666041747501037	1120.7704469999999
567.0180229911148	69.97843564244764	0.5678492068828432	1121.7704469999999
568.4170522856459	70.54690802109519	0.5690958129633965	1122.7704469999999
569.81909920954	71.11662779392995	0.5703439957106027	1123.7704469999999
571.2241699728411	71.68759653897828	0.571593757843301	1124.7704469999999
572.6322707937505	72.25981583698456	0.5728451020803312	1125.7704469999999
574.0434078986239	72.83328727141333	0.5740980311405322	1126.7704469999999
575.4575875219758	73.40801242844643	0.5753525477427432	1127.7704469999999
576.8748159064762	73.98399289698565	0.576608654605804	1128.7704469999999
578.2950993029508	74.56123026865143	0.5778663544485532	1129.7704469999999
579.7184439703843	75.13972613778225	0.579125649989831	1130.7704469999999
581.1448561759146	75.71948210143688	0.5803865439484757	1131.7704469999999
582.574342194839	76.30049975939141	0.5816490390433274	1132.7704469999999
584.0069083106097	76.88278071414177	0.5829131379932251	1133.7704469999999
585.4425608148359	77.46632657090245	0.5841788435170082	1134.7704469999999
586.8813060072836	78.05113893760654	0.585446158333516	1135.7704469999999
588.3231501958742	78.63721942490662	0.5867150851615875	1136.7704469999999
589.7680996966874	79.22456964617345	0.5879856267200627	1137.7704469999999
591.216160833958	79.81319121749647	0.5892577857277802	1138.7704469999999
592.6673399400775	80.40308575768492	0.5905315649035796	1139.7704469999999
594.1216433555945	80.99425488826586	0.5918069669663002	1140.7704469999999
595.579077429214	81.58670023348603	0.5930839946347815	1141.7704469999999
597.0396485177963	82.18042342031046	0.5943626506278622	1142.7704469999999
598.5033629863607	82.77542607842301	0.5956429376643824	1143.7704469999999
599.9702272080806	83.37170984022657	0.5969248584631808	1144.7704469999999
601.4402475642872	83.9692763408429	0.598208415743097	1145.7704469999999
602.9134304444674	84.56812721811275	0.5994936122229703	1146.7704469999999
604.3897822462657	85.16826411259527	0.6007804506216399	1147.7704469999999
605.8693093754825	85.76968866756849	0.6020689336579452	1148.7704469999999
607.3520182460743	86.3724025290301	0.6033590640507256	1149.7704469999999
608.8379152801551	86.97640734569521	0.6046508445188203	1150.7704469999999
610.3270069079942	87.58170476899903	0.6059442777810684	1151.7704469999999
611.8192995680183	88.18829645309509	0.6072393665563093	1152.7704469999999
613.3147997068108	88.79618405485562	0.6085361135633824	1153.7704469999999
614.8135137791112	89.405369233872	0.6098345215211273	1154.7704469999999
616.315448247815	90.0158536524543	0.6111345931483827	1155.7704469999999
617.8206095839754	90.62763897563153	0.6124363311639884	1156.7704469999999
619.3290042668009	91.24072687115137	0.6137397382867835	1157.7704469999999
620.8406387836575	91.85511900948038	0.6150448172356073	1158.7704469999999
622.3555196300672	92.47081706380419	0.6163515707292991	1159.7704469999999
623.8736533097089	93.08782271002684	0.6176600014866985	1160.7704469999999
625.3950463344172	93.70613762677178	0.6189701122266447	1161.7704469999999
626.9197052241842	94.32576349538067	0.6202819056679766	1162.7704469999999
628.4476365071579	94.94670199991444	0.6215953845295338	1163.7704469999999
629.9788467196428	95.5689548271528	0.6229105515301554	1164.7704469999999
631.5133424061008	96.19252366659398	0.6242274093886812	1165.7704469999999
633.0511301191489	96.81741021045573	0.62554596082395	1166.7704469999999
634.5922164195617	97.44361615367384	0.6268662085548014	1167.7704469999999
636.1366078762703	98.07114319390334	0.6281881553000748	1168.7704469999999
637.6843110663614	98.69999303151832	0.629511803778609	1169.7704469999999
639.2353325750792	99.33016736961122	0.6308371567092438	1170.7704469999999
640.7896789958235	99.96166791399395	0.6321642168108182	1171.7704469999999
642.3473569301522	100.59449637319636	0.6334929868021721	1172.7704469999999
643.9083729877777	101.22865445846776	0.6348234694021442	1173.7704469999999
645.4727337865704	101.86414388377642	0.636155667329574	1174.7704469999999
647.0404459525565	102.50096636580898	0.6374895833033006	1175.7704469999999
648.6115161199185	103.13912362397139	0.6388252200421634	1176.7704469999999
650.1859509309962	103.77861738038811	0.6401625802650017	1177.7704469999999
651.7637570362863	104.41944935990225	0.6415016666906552	1178.7704469999999
653.3449410944403	105.06162129007652	0.6428424820379628	1179.7704469999999
654.9295097722679	105.70513490119166	0.6441850290257642	1180.7704469999999
656.5174697447338	106.34999192624778	0.6455293103728982	1181.7704469999999
658.1088276949602	106.99619410096366	0.6468753287982041	1182.7704469999999
659.7035903142265	107.64374316377655	0.6482230870205219	1183.7704469999999
661.3017643019667	108.29264085584327	0.6495725877586902	1184.7704469999999
662.9033563657734	108.9428889210387	0.6509238337315487	1185.7704469999999
664.5083732213936	109.5944891059574	0.6522768276579364	1186.7704469999999
666.1168215927324	110.24744315991225	0.6536315722566928	1187.7704469999999
667.7287082118517	110.90175283493446	0.6549880702466573	1188.7704469999999
669.3440398189679	111.55741988577543	0.656346324346669	1189.7704469999999
670.9628231624558	112.21444606990414	0.6577063372755674	1190.7704469999999
672.5850649988463	112.8728331475092	0.6590681117521917	1191.7704469999999
674.210772092826	113.53258288149752	0.6604316504953812	1192.7704469999999
675.8399512172391	114.19369703749507	0.6617969562239752	1193.7704469999999
677.4726091530855	114.85617738384687	0.6631640316568129	1194.7704469999999
679.1087526895226	115.52002569161638	0.664532879512734	1195.7704469999999
680.7483886238631	116.18524373458635	0.6659035025105776	1196.7704469999999
682.391523761577	116.85183328925794	0.6672759033691829	1197.7704469999999
684.0381649162906	117.51979613485119	0.6686500848073892	1198.7704469999999
685.6883189097863	118.18913405330548	0.6700260495440357	1199.7704469999999
687.3419925720041	118.85984882927835	0.671403800297962	1200.7704469999999
688.9991927410397	119.53194225014673	0.6727833397880073	1201.7704469999999
690.6599262631453	120.20541610600608	0.674164670733011	1202.7704469999999
692.3241999927299	120.88027218967062	0.6755477958518121	1203.7704469999999
693.9920207923592	121.55651229667384	0.6769327178632505	1204.7704469999999
695.6633955327547	122.23413822526757	0.6783194394861648	1205.7704469999999
697.3383310927951	122.9131517764229	0.6797079634393948	1206.7704469999999
699.0168343595153	123.59355475382955	0.6810982924417797	1207.7704469999999
700.6989122281066	124.27534896389585	0.6824904292121584	1208.7704469999999
702.3845716019176	124.95853621574943	0.683884376469371	1209.7704469999999
704.0738193924525	125.64311832123639	0.6852801369322562	1210.7704469999999
705.766662519372	126.32909709492208	0.6866777133196533	1211.7704469999999
707.463107910494	127.0164743540902	0.6880771083504019	1212.7704469999999
709.1631625017927	127.70525191874358	0.6894783247433411	1213.7704469999999
710.8668332373985	128.39543161160404	0.6908813652173105	1214.7704469999999
712.5741270695985	129.08701525811153	0.692286232491149	1215.7704469999999
714.2850509588366	129.78000468642585	0.6936929292836962	1216.7704469999999
715.9996118737128	130.4744017274248	0.6951014583137914	1217.7704469999999
717.7178167909834	131.17020821470558	0.6965118223002736	1218.7704469999999
719.4396726955623	131.86742598458386	0.6979240239619827	1219.7704469999999
721.1651865805194	132.56605687609414	0.6993380660177577	1220.7704469999999
722.8943654470795	133.26610273099033	0.7007539511864375	1221.7704469999999
724.6272163046267	133.96756539374434	0.7021716821868619	1222.7704469999999
726.3637461706996	134.6704467115475	0.7035912617378701	1223.7704469999999
728.1039620709943	135.37474853430996	0.7050126925583013	1224.7704469999999
729.8478710393631	136.0804727146602	0.7064359773669949	1225.7704469999999
731.5954801178146	136.78762110794617	0.7078611188827905	1226.7704469999999
733.346796356514	137.49619557223446	0.7092881198245266	1227.7704469999999
735.1018268137838	138.2061979683101	0.7107169829110432	1228.7704469999999
736.8605785561016	138.91763015967774	0.7121477108611795	1229.7704469999999
738.6230586581032	139.6304940125599	0.7135803063937748	1230.7704469999999
740.389274202579	140.34479139589905	0.7150147722276684	1231.7704469999999
742.1592322804775	141.06052418135545	0.7164511110816992	1232.7704469999999
743.9329399909032	141.7776942433087	0.7178893256747071	1233.7704469999999
745.7104044411167	142.49630345885743	0.7193294187255311	1234.7704469999999
747.4916327465361	143.2163537078186	0.7207713929530107	1235.7704469999999
749.2766320307343	143.93784687272864	0.7222152510759848	1236.7704469999999
751.0654094254428	144.66078483884223	0.7236609958132932	1237.7704469999999
752.8579720705486	145.38516949413292	0.7251086298837751	1238.7704469999999
754.6543271140948	146.11100272929366	0.7265581560062695	1239.7704469999999
756.4544817122816	146.83828643773575	0.728009576899616	1240.7704469999999
758.2584430294656	147.56702251558949	0.7294628952826537	1241.7704469999999
760.06621823816	148.29721286170394	0.7309181138742222	1242.7704469999999
761.8778145190346	149.02885937764694	0.7323752353931606	1243.7704469999999
763.6932390609148	149.76196396770558	0.7338342625583082	1244.7704469999999
765.5124990607841	150.49652853888546	0.7352951980885043	1245.7704469999999
767.3356017237813	151.23255500091057	0.7367580447025883	1246.7704469999999
769.1625542632023	151.9700452662247	0.7382228051193995	1247.7704469999999
770.9933639004988	152.7090012499899	0.7396894820577772	1248.7704469999999
772.8280378652802	153.44942487008706	0.7411580782365605	1249.7704469999999
774.6665833953109	154.19131804711623	0.742628596374589	1250.7704469999999
776.5090077365141	154.93468270439558	0.7441010391907021	1251.7704469999999
778.3553181429664	155.6795207679632	0.7455754094037387	1252.7704469999999
780.2055218769037	156.425834166575	0.7470517097325384	1253.7704469999999
782.0596262087172	157.17362483170655	0.7485299428959405	1254.7704469999999
783.9176384169542	157.9228946975515	0.7500101116127841	1255.7704469999999
785.7795657883196	158.6736457010228	0.7514922186019086	1256.7704469999999
787.6454156176737	159.42587978175237	0.7529762665821534	1257.7704469999999
789.515195208035	160.17959888209037	0.7544622582723579	1258.7704469999999
791.3889118705762	160.93480494710667	0.7559501963913613	1259.7704469999999
793.2665729246282	161.69149992458904	0.7574400836580025	1260.7704469999999
795.1481856976777	162.44968576504476	0.7589319227911213	1261.7704469999999
797.0337575253687	163.20936442169977	0.760425716509557	1262.7704469999999
798.9232957515014	163.9705378504986	0.7619214675321491	1263.7704469999999
800.8168077280312	164.73320801010505	0.7634191785777362	1264.7704469999999
802.7143008150719	165.49737686190127	0.7649188523651582	1265.7704469999999
804.6157823808928	166.26304636998879	0.7664204916132542	1266.7704469999999
806.5212598019199	167.03021850118762	0.7679240990408633	1267.7704469999999
808.430740462736	167.7988952250367	0.7694296773668253	1268.7704469999999
810.3442317560801	168.56907851379373	0.7709372293099793	1269.7704469999999
812.2617410828477	169.3407703424353	0.7724467575891644	1270.7704469999999
814.1832758520909	170.113972688657	0.7739582649232201	1271.7704469999999
816.1088434810183	170.88868753287306	0.7754717540309856	1272.7704469999999
818.038451394996	171.66491685821632	0.7769872276313003	1273.7704469999999
819.972107027544	172.44266265053932	0.7785046884430036	1274.7704469999999
821.9098178203416	173.2219268984125	0.7800241391849345	1275.7704469999999
823.8515912232235	174.00271159312558	0.7815455825759328	1276.7704469999999
825.7974346941807	174.78501872868702	0.7830690213348375	1277.7704469999999
827.7473556993609	175.5688503018241	0.7845944581804878	1278.7704469999999
829.7013617130683	176.35420831198326	0.786121895831723	1279.7704469999999
831.6594602177636	177.14109476132933	0.7876513370073827	1280.7704469999999
833.6216587040648	177.92951165474585	0.789182784426306	1281.7704469999999
835.5879646707449	178.71946099983586	0.790716240807332	1282.7704469999999
837.5583856247351	179.51094480692063	0.7922517088693006	1283.7704469999999
839.5329290811213	180.30396508904107	0.7937891913310507	1284.7704469999999
841.5116025631474	181.0985238619558	0.7953286909114216	1285.7704469999999
843.4944136022135	181.89462314414305	0.7968702103292529	1286.7704469999999
845.4813697378755	182.69226495679965	0.7984137523033834	1287.7704469999999
847.4724785178466	183.49145132384143	0.7999593195526528	1288.7704469999999
849.4677474979968	184.29218427190284	0.8015069147959006	1289.7704469999999
851.4671842423504	185.09446583033758	0.8030565407519655	1290.7704469999999
853.4707963230918	185.89829803121745	0.8046082001396874	1291.7704469999999
855.4785913205587	186.70368290933374	0.806161895677905	1292.7704469999999
857.4905768232474	187.5106225021962	0.807717630085458	1293.7704469999999
859.5067604278095	188.319118850034	0.809275406081186	1294.7704469999999
861.5271497390535	189.12917399579442	0.8108352263839276	1295.7704469999999
863.5517523699451	189.94078998514374	0.8123970937125226	1296.7704469999999
865.5805759416047	190.7539688664677	0.8139610107858101	1297.7704469999999
867.6136280833115	191.56871269086992	0.8155269803226294	1298.7704469999999
869.6509164325	192.38502351217357	0.8170950050418201	1299.7704469999999
871.692448634761	193.2029033869208	0.8186650876622215	1300.7704469999999
873.7382323438421	194.02235437437156	0.8202372309026723	1301.7704469999999
875.7882752216482	194.84337853650567	0.8218114374820125	1302.7704469999999
877.8425849382388	195.6659779380214	0.8233877101190807	1303.7704469999999
879.9011691718325	196.490154646336	0.8249660515327173	1304.7704469999999
881.9640356088014	197.31591073158535	0.8265464644417602	1305.7704469999999
884.0311919436772	198.14324826662425	0.8281289515650498	1306.7704469999999
886.1026458791458	198.97216932702645	0.829713515621425	1307.7704469999999
888.1784051260514	199.80267599108436	0.8313001593297253	1308.7704469999999
890.258477403393	200.63477033980945	0.8328888854087899	1309.7704469999999
892.3428704383268	201.46845445693197	0.8344796965774579	1310.7704469999999
894.4315919661666	202.3037304289004	0.8360725955545689	1311.7704469999999
896.5246497303808	203.14060034488347	0.8376675850589623	1312.7704469999999
898.6220514825958	203.9790662967671	0.8392646678094771	1313.7704469999999
900.7238049825937	204.8191303791573	0.8408638465249525	1314.7704469999999
902.8299179983134	205.6607946893784	0.842465123924228	1315.7704469999999
904.940398305851	206.50406132747332	0.8440685027261432	1316.7704469999999
907.0552536894573	207.34893239620442	0.845673985649537	1317.7704469999999
909.1744919415419	208.19541000105238	0.8472815754132488	1318.7704469999999
911.2981208626687	209.04349625021734	0.8488912747361179	1319.7704469999999
913.4261482615598	209.89319325461747	0.8505030863369836	1320.7704469999999
915.5585819550939	210.7445031278903	0.8521170129346858	1321.7704469999999
917.6954297683045	211.59742798639218	0.8537330572480628	1322.7704469999999
919.8366995343829	212.45196994919803	0.8553512219959545	1323.7704469999999
921.9823990946771	213.30813113810188	0.8569715098972004	1324.7704469999999
924.1325362986906	214.16591367761646	0.858593923670639	1325.7704469999999
926.2871190040843	215.0253196949733	0.8602184660351104	1326.7704469999999
928.446155076675	215.8863513201233	0.8618451397094535	1327.7704469999999
930.6096523904374	216.74901068573513	0.8634739474125079	1328.7704469999999
932.7776188275002	217.61329992719755	0.8651048918631126	1329.7704469999999
934.9500622781514	218.47922118261693	0.8667379757801073	1330.7704469999999
937.1269906408329	219.34677659281942	0.8683732018823305	1331.7704469999999
939.3084118221458	220.21596830134962	0.8700105728886225	1332.7704469999999
941.4943337368454	221.0867984544709	0.871650091517822	1333.7704469999999
943.6847643078446	221.95926920116574	0.8732917604887684	1334.7704469999999
945.8797114662132	222.83338269313532	0.8749355825203016	1335.7704469999999
948.0791831511762	223.70914108479946	0.8765815603312599	1336.7704469999999
950.2831873101165	224.58654653329717	0.8782296966404834	1337.7704469999999
952.4917318985728	225.465601198486	0.879879994166811	1338.7704469999999
954.70482488024	226.34630724294266	0.881532455629082	1339.7704469999999
956.9224742269697	227.22866683196258	0.8831870837461355	1340.7704469999999
959.144687918772	228.11268213355953	0.8848438812368116	1341.7704469999999
961.3714739438102	228.99835531846696	0.8865028508199491	1342.7704469999999
963.6028402984062	229.88568856013683	0.8881639952143874	1343.7704469999999
965.8387949870382	230.77468403473915	0.8898273171389657	1344.7704469999999
968.07934602234	231.66534392116438	0.8914928193125231	1345.7704469999999
970.3245014251033	232.5576704010203	0.8931605044538995	1346.7704469999999
972.5742692242753	233.45166565863434	0.894830375281934	1347.7704469999999
974.8286574569602	234.34733188105264	0.8965024345154657	1348.7704469999999
977.087674168418	235.24467125804	0.8981766848733339	1349.7704469999999
979.3513274120655	236.14368598208046	0.8998531290743779	1350.7704469999999
981.6196252494773	237.04437824837606	0.9015317698374372	1351.7704469999999
983.8925757503835	237.94675025484872	0.9032126098813513	1352.7704469999999
986.1701869926693	238.85080420213865	0.9048956519249589	1353.7704469999999
988.4524670623791	239.7565422936048	0.9065808986870998	1354.7704469999999
990.7394240537113	240.66396673532546	0.9082683528866129	1355.7704469999999
993.0310660690238	241.5730797360967	0.909958017242338	1356.7704469999999
995.3274012188275	242.48388350743517	0.911649894473114	1357.7704469999999
997.628437621793	243.39638026357431	0.9133439872977804	1358.7704469999999
999.9341834047453	244.3105722214682	0.9150402984351769	1359.7704469999999
1002.2446467026673	245.22646160078847	0.9167388306041422	1360.7704469999999
1004.559835658696	246.1440506239266	0.9184395865235153	1361.7704469999999
1006.8797584241283	247.0633415159922	0.9201425689121365	1362.7704469999999
1009.2044231584158	247.98433650481348	0.9218477804888445	1363.7704469999999
1011.5338380291657	248.90703782093868	0.9235552239724785	1364.7704469999999
1013.868011212144	249.83144769763396	0.9252649020818784	1365.7704469999999
1016.206950891272	250.75756837088403	0.926976817535883	1366.7704469999999
1018.5506652586269	251.68540207939344	0.9286909730533317	1367.7704469999999
1020.8991625144434	252.61495106458472	0.9304073713530638	1368.7704469999999
1023.2524508671122	253.54621757059988	0.9321260151539188	1369.7704469999999
1025.6105385331812	254.47920384429926	0.9338469071747362	1370.7704469999999
1027.9734337373534	255.41391213526214	0.9355700501343542	1371.7704469999999
1030.34114471249	256.3503446957872	0.9372954467516135	1372.7704469999999
1032.7136796996072	257.288503780891	0.9390230997453524	1373.7704469999999
1035.0910469478795	258.2283916483096	0.940753011834411	1374.7704469999999
1037.4732547146364	259.170010558498	0.942485185737628	1375.7704469999999
1039.8603112653645	260.113362774629	0.944219624173843	1376.7704469999999
1042.2522248737062	261.0584505625961	0.9459563298618949	1377.7704469999999
1044.6490038214615	262.00527619100995	0.9476953055206236	1378.7704469999999
1047.050656398587	262.9538419312006	0.9494365538688683	1379.7704469999999
1049.4571909031947	263.9041500572171	0.951180077625468	1380.7704469999999
1051.8686156415536	264.8562028458272	0.9529258795092619	1381.7704469999999
1054.2849389280905	265.81000257651766	0.9546739622390903	1382.7704469999999
1056.7061690853848	266.7655515314939	0.956424328533791	1383.7704469999999
1059.132314444178	267.72285199567966	0.9581769811122045	1384.7704469999999
1061.5633833433637	268.68190625671895	0.9599319226931695	1385.7704469999999
1063.9993841299947	269.6427166049732	0.9616891559955256	1386.7704469999999
1066.4403251592776	270.6052853335236	0.963448683738112	1387.7704469999999
1068.8862147945786	271.56961473816926	0.965210508639768	1388.7704469999999
1071.3370614074183	272.53570711742907	0.966974633419333	1389.7704469999999
1073.7928733774745	273.5035647725403	0.9687410607956461	1390.7704469999999
1076.253659092582	274.47319000745875	0.9705097934875471	1391.7704469999999
1078.7194269487306	275.44458512886	0.9722808342138745	1392.7704469999999
1081.1901853500685	276.41775244613774	0.9740541856934684	1393.7704469999999
1083.6659427088991	277.3926942714043	0.9758298506451675	1394.7704469999999
1086.1467074456832	278.36941291949154	0.9776078317878116	1395.7704469999999
1088.6324879890367	279.34791070794984	0.9793881318402398	1396.7704469999999
1091.1232927757337	280.3281899570482	0.9811707535212912	1397.7704469999999
1093.6191302507036	281.3102529897751	0.9829556995498052	1398.7704469999999
1096.1200088670334	282.29410213183655	0.9847429726446213	1399.7704469999999
1098.6259370859666	283.2797397116593	0.9865325755245791	1400.7704469999999
1101.136923376901	284.26716806038723	0.988324510908517	1401.7704469999999
1103.6529762173939	285.25638951188387	0.990118781515275	1402.7704469999999
1106.1741040931574	286.24740640273154	0.9919153900636926	1403.7704469999999
1108.7003154980603	287.24022107223124	0.9937143392726082	1404.7704469999999
1111.2316189341282	288.23483586240326	0.995515631860862	1405.7704469999999
1113.7680229115433	289.2312531179857	0.9973192705472929	1406.7704469999999
1116.3095359486442	290.2294751864369	0.9991252580507404	1407.7704469999999
1118.8561665719253	291.22950441793284	1.0009335970900433	1408.7704469999999
1121.4079233160398	292.23134316536834	1.0027442903840418	1409.7704469999999
1123.9648147237936	293.2349937843588	1.004557340651574	1410.7704469999999
1126.5268493461535	294.2404586332356	1.0063727506114806	1411.7704469999999
1129.0940357422392	295.24774007305194	1.0081905229825998	1412.7704469999999
1131.666382479329	296.25684046757783	1.0100106604837715	1413.7704469999999
1134.2438981328569	297.2677621833024	1.0118331658338346	1414.7704469999999
1136.8265912864138	298.2805075894346	1.013658041751629	1415.7704469999999
1139.4144705317467	299.29507905790103	1.0154852909559935	1416.7704469999999
1142.0075444687595	300.3114789633485	1.0173149161657677	1417.7704469999999
1144.605821705512	301.329709683141	1.0191469200997905	1418.7704469999999
1147.2093108582217	302.3497735973624	1.0209813054769017	1419.7704469999999
1149.8180205512613	303.37167308881527	1.0228180750159401	1420.7704469999999
1152.4319594171614	304.395410543021	1.0246572314357456	1421.7704469999999
1155.051136096607	305.42098834821996	1.0264987774551568	1422.7704469999999
1157.6755592384422	306.4484088953709	1.0283427157930138	1423.7704469999999
1160.305237499666	307.47767457815183	1.0301890491681553	1424.7704469999999
1162.940179545434	308.5087877929591	1.032037780299421	1425.7704469999999
1165.5803940490591	309.5417509389087	1.03388891190565	1426.7704469999999
1168.225889692009	310.576566417835	1.0357424467056813	1427.7704469999999
1170.876675163911	311.6132366342912	1.037598387418355	1428.7704469999999
1173.5327591625455	312.651763995549	1.0394567367625096	1429.7704469999999
1176.1941503938522	313.69215091159964	1.041317497456985	1430.7704469999999
1178.8608575719254	314.7343997951526	1.0431806722206203	1431.7704469999999
1181.5328894190159	315.77851306163706	1.0450462637722546	1432.7704469999999
1184.2102546655328	316.82449312919965	1.0469142748307272	1433.7704469999999
1186.892962050041	317.8723424187069	1.048784708114878	1434.7704469999999
1189.5810203192605	318.9220633537442	1.0506575663435458	1435.7704469999999
1192.2744382280696	319.973658360615	1.05253285223557	1436.7704469999999
1194.973224539502	321.0271298683426	1.0544105685097898	1437.7704469999999
1197.6773880247479	322.0824803086685	1.0562907178850445	1438.7704469999999
1200.3869374631558	323.1397121160525	1.0581733030801739	1439.7704469999999
1203.1018816422281	324.19882772767494	1.060058326814017	1440.7704469999999
1205.822229357626	325.25982958343303	1.061945791805413	1441.7704469999999
1208.5479894131645	326.32272012594467	1.0638357007732009	1442.7704469999999
1211.2791706208181	327.38750180054495	1.0657280564362204	1443.7704469999999
1214.0157818007174	328.4541770552883	1.0676228615133112	1444.7704469999999
1216.7578317811463	329.522748340949	1.0695201187233117	1445.7704469999999
1219.5053293985497	330.59321811101864	1.071419830785062	1446.7704469999999
1222.2582834975256	331.66558882170915	1.073322000417401	1447.7704469999999
1225.0167029308304	332.7398629319501	1.0752266303391682	1448.7704469999999
1227.7805965593757	333.81604290339055	1.0771337232692026	1449.7704469999999
1230.5499732522314	334.8941312003977	1.079043281926344	1450.7704469999999
1233.3248418866217	335.97413029005827	1.080955309029431	1451.7704469999999
1236.1052113479295	337.0560426421783	1.0828698072973038	1452.7704469999999
1238.8910905296934	338.1398707292808	1.0847867794488013	1453.7704469999999
1241.6824883336071	339.22561702660977	1.0867062282027626	1454.7704469999999
1244.4794136695225	340.31328401212676	1.0886281562780271	1455.7704469999999
1247.2818754554473	341.4028741665127	1.0905525663934341	1456.7704469999999
1250.089882617547	342.4943899731666	1.092479461267823	1457.7704469999999
1252.903444090141	343.5878339182076	1.094408843620033	1458.7704469999999
1255.722568815708	344.68320849047245	1.0963407161689036	1459.7704469999999
1258.5472657448822	345.7805161815172	1.0982750816332743	1460.7704469999999
1261.3775438364535	346.8797594856169	1.1002119427319839	1461.7704469999999
1264.2134120573687	347.9809408997655	1.102151302183872	1462.7704469999999
1267.0548793827322	349.08406292367533	1.1040931627077777	1463.7704469999999
1269.9019547958032	350.189128059778	1.1060375270225407	1464.7704469999999
1272.7546472879992	351.2961388132235	1.1079843978469999	1465.7704469999999
1275.6129658588916	352.40509769188145	1.1099337778999943	1466.7704469999999
1278.4769195162128	353.5160072063393	1.1118856699003643	1467.7704469999999
1281.3465172758465	354.62886986990407	1.113840076566948	1468.7704469999999
1284.221768161836	355.74368819860183	1.1157970006185858	1469.7704469999999
1287.1026812063815	356.8604647111762	1.1177564447741164	1470.7704469999999
1289.989265449838	357.97920192909066	1.119718411752379	1471.7704469999999
1292.881529940717	359.099902376528	1.121682904272213	1472.7704469999999
1295.7794837356887	360.22256858038884	1.123649925052458	1473.7704469999999
1298.683135899577	361.34720307029295	1.125619476811953	1474.7704469999999
1301.5924955053656	362.4738083785787	1.1275915622695378	1475.7704469999999
1304.5075716341905	363.6023870403043	1.1295661841440512	1476.7704469999999
1307.4283733753473	364.7329415932454	1.1315433451543324	1477.7704469999999
1310.3549098262883	365.86547457789754	1.133523048019221	1478.7704469999999
1313.2871900926202	366.99998853747525	1.1355052954575566	1479.7704469999999
1316.2252232881083	368.1364860179101	1.137490090188178	1480.7704469999999
1319.1690185346724	369.2749695678549	1.1394774349299244	1481.7704469999999
1322.1185849623907	370.41544173868	1.1414673324016356	1482.7704469999999
1325.0739317094967	371.55790508447467	1.1434597853221506	1483.7704469999999
1328.0350679223816	372.7023621620468	1.145454796410309	1484.7704469999999
1331.002002755591	373.84881553092384	1.1474523683849496	1485.7704469999999
1333.97474537183	374.99726775335193	1.1494525039649124	1486.7704469999999
1336.9533049419574	376.1477213942951	1.1514552058690362	1487.7704469999999
1339.9376906449909	377.30017902143743	1.1534604768161605	1488.7704469999999
1342.9279116681018	378.45464320518147	1.1554683195251243	1489.7704469999999
1345.923977206621	379.61111651864803	1.1574787367147674	1490.7704469999999
1348.925896464033	380.76960153767754	1.1594917311039283	1491.7704469999999
1351.9336786519832	381.9301008408289	1.1615073054114478	1492.7704469999999
1354.9473329902685	383.0926170093795	1.1635254623561635	1493.7704469999999
1357.9668687068447	384.2571526273265	1.1655462046569158	1494.7704469999999
1360.9922950378245	385.42371028138496	1.1675695350325435	1495.7704469999999
1364.0236212274763	386.5922925609897	1.1695954562018862	1496.7704469999999
1367.0608565282257	387.7629020582931	1.1716239708837832	1497.7704469999999
1370.1040102006546	388.9355413681675	1.173655081797074	1498.7704469999999
1373.1530915135	390.11021308820386	1.1756887916605974	1499.7704469999999
1376.2081097436571	391.28691981871157	1.1777251031931928	1500.7704469999999
1379.2690741761776	392.46566416271935	1.1797640191136995	1501.7704469999999
1382.3359941042686	393.6464487259748	1.1818055421409572	1502.7704469999999
1385.4088788292952	394.82927611694333	1.1838496749938048	1503.7704469999999
1388.4877376607778	396.0141489468102	1.185896420391082	1504.7704469999999
1391.5725799163936	397.2010698294797	1.1879457810516276	1505.7704469999999
1394.6634149219763	398.3900413815743	1.1899977596942812	1506.7704469999999
1397.7602520115167	399.5810662224353	1.1920523590378822	1507.7704469999999
1400.8631005271614	400.77414697412337	1.1941095818012697	1508.7704469999999
1403.9719698192139	401.96928626141755	1.1961694307032833	1509.7704469999999
1407.0868692461345	403.16648671181576	1.1982319084627622	1510.7704469999999
1410.2078081745387	404.36575095553496	1.2002970177985455	1511.7704469999999
1413.3347959791995	405.56708162551126	1.2023647614294724	1512.7704469999999
1416.4678420430484	406.7704813573986	1.2044351420743828	1513.7704469999999
1419.6069557571682	407.9759527895709	1.2065081624521152	1514.7704469999999
1422.7521465208035	409.1834985631199	1.2085838252815095	1515.7704469999999
1425.903423741352	410.39312132185773	1.210662133281405	1516.7704469999999
1429.0607968343716	411.60482371231274	1.212743089170641	1517.7704469999999
1432.2242752235725	412.8186083837347	1.2148266956680567	1518.7704469999999
1435.3938683408228	414.03447798809134	1.216912955492491	1519.7704469999999
1438.5695856261486	415.25243518006846	1.219001871362784	1520.7704469999999
1441.7514365277316	416.4724826170716	1.2210934459977743	1521.7704469999999
1444.9394305019093	417.6946229592253	1.223187682116302	1522.7704469999999
1448.1335770131768	418.9188588693719	1.2252845824372054	1523.7704469999999
1451.3338855341851	420.14519301307325	1.2273841496793245	1524.7704469999999
1454.5403655457421	421.37362805861017	1.2294863865614984	1525.7704469999999
1457.7530265368107	422.6041666769826	1.2315912958025663	1526.7704469999999
1460.9718780045132	423.8368115419082	1.2336988801213677	1527.7704469999999
1464.1969294541266	425.071565329824	1.235809142236742	1528.7704469999999
1467.428190399084	426.3084307198868	1.2379220848675283	1529.7704469999999
1470.6656703609758	427.5474103939707	1.240037710732566	1530.7704469999999
1473.90937886955	428.78850703666944	1.2421560225506945	1531.7704469999999
1477.1593254627076	430.0317233352961	1.2442770230407527	1532.7704469999999
1480.4155196865113	431.2770619798813	1.2464007149215808	1533.7704469999999
1483.6779710951748	432.5245256631755	1.2485271009120171	1534.7704469999999
1486.9466892510723	433.774117080648	1.2506561837309014	1535.7704469999999
1490.2216837247327	435.02583893048643	1.2527879660970727	1536.7704469999999
1493.5029640948424	436.2796939135977	1.2549224507293708	1537.7704469999999
1496.790539948243	437.535684733607	1.2570596403466345	1538.7704469999999
1500.084420879934	438.79381409685914	1.2591995376677037	1539.7704469999999
1503.384616493071	440.05408471241674	1.261342145411417	1540.7704469999999
1506.6911363989655	441.3164992920622	1.263487466296614	1541.7704469999999
1510.003990217087	442.5810605502968	1.2656355030421345	1542.7704469999999
1513.3231875750594	443.84777120433955	1.2677862583668171	1543.7704469999999
1516.648738108664	445.11663397412974	1.2699397349895014	1544.7704469999999
1519.9806514618406	446.3876515823239	1.2720959356290271	1545.7704469999999
1523.318937286681	447.6608267542997	1.2742548630042327	1546.7704469999999
1526.6636052434383	448.9361622181508	1.2764165198339579	1547.7704469999999
1530.01466500052	450.21366070469185	1.2785809088370421	1548.7704469999999
1533.3721262344893	451.4933249474558	1.2807480327323246	1549.7704469999999
1536.735998630068	452.7751576826935	1.2829178942386446	1550.7704469999999
1540.106291880132	454.05916164937616	1.2850904960748413	1551.7704469999999
1543.4830156857151	455.34533958919303	1.2872658409597544	1552.7704469999999
1546.8661797560094	456.6336942465516	1.289443931612223	1553.7704469999999
1550.2557938083592	457.9242283685793	1.2916247707510862	1554.7704469999999
1553.6518675682687	459.21694470512193	1.2938083610951834	1555.7704469999999
1557.0544107693977	460.51184600874444	1.2959947053633543	1556.7704469999999
1560.4634331535624	461.80893503472964	1.2981838062744377	1557.7704469999999
1563.878944470735	463.10821454108054	1.300375666547273	1558.7704469999999
1567.3009544790457	464.40968728851806	1.3025702889006998	1559.7704469999999
1570.7294729447797	465.7133560404819	1.3047676760535571	1560.7704469999999
1574.1645096423795	467.01922356313116	1.3069678307246846	1561.7704469999999
1577.6060743544435	468.3272926253437	1.3091707556329208	1562.7704469999999
1581.0541768717285	469.63756599871556	1.311376453497106	1563.7704469999999
1584.508826993144	470.9500464575626	1.3135849270360787	1564.7704469999999
1587.970034525761	472.2647367789192	1.315796178968679	1565.7704469999999
1591.4378092848033	473.5816397425376	1.3180102120137456	1566.7704469999999
1594.9121610936518	474.90075813089027	1.320227028890118	1567.7704469999999
1598.3930997838447	476.2220947291677	1.3224466323166353	1568.7704469999999
1601.8806351950766	477.5456523252801	1.3246690250121373	1569.7704469999999
1605.3747771751991	478.8714337098546	1.3268942096954628	1570.7704469999999
1608.8755355802186	480.19944167623953	1.3291221890854514	1571.7704469999999
1612.3829202742997	481.5296790205008	1.3313529659009422	1572.7704469999999
1615.8969411297621	482.86214854142304	1.3335865428607745	1573.7704469999999
1619.4176080270859	484.19685304050995	1.3358229226837883	1574.7704469999999
1622.9449308549006	485.5337953219846	1.338062108088822	1575.7704469999999
1626.478919509998	486.87297819278797	1.340304101794715	1576.7704469999999
1630.019583897325	488.21440446258055	1.342548906520307	1577.7704469999999
1633.5669339299857	489.5580769437413	1.3447965249844374	1578.7704469999999
1637.1209795292375	490.90399845136847	1.3470469599059451	1579.7704469999999
1640.681730624498	492.25217180327877	1.3493002140036696	1580.7704469999999
1644.249197153339	493.6025998200074	1.3515562899964504	1581.7704469999999
1647.8233890614906	494.9552853248098	1.3538151906031264	1582.7704469999999
1651.4043163028382	496.31023114365814	1.3560769185425372	1583.7704469999999
1654.9919888394243	497.6674401052451	1.3583414765335218	1584.7704469999999
1658.5864166414462	499.0269150409821	1.3606088672949197	1585.7704469999999
1662.1876096872616	500.38865878499814	1.3628790935455704	1586.7704469999999
1665.79557796338	501.7526741741425	1.365152158004313	1587.7704469999999
1669.4103314644722	503.1189640479822	1.3674280633899871	1588.7704469999999
1673.0318801933593	504.48753124880466	1.3697068124214313	1589.7704469999999
1676.6602341610264	505.8583786216134	1.3719884078174858	1590.7704469999999
1680.2954033866104	507.23150901413374	1.3742728522969896	1591.7704469999999
1683.9373978974036	508.6069252768083	1.3765601485787815	1592.7704469999999
1687.5862277288593	509.9846302627984	1.3788502993817013	1593.7704469999999
1691.2419029245834	511.3646268279849	1.381143307424588	1594.7704469999999
1694.9044335363405	512.7469178309673	1.3834391754262814	1595.7704469999999
1698.573829624052	514.1315061330633	1.3857379061056203	1596.7704469999999
1702.2501012557937	515.5183945983106	1.3880395021814445	1597.7704469999999
1705.9332585077982	516.9075860934644	1.3903439663725927	1598.7704469999999
1709.6233114644567	518.2990834880006	1.3926513013979047	1599.7704469999999
1713.3202702183166	519.6928896541114	1.3949615099762196	1600.7704469999999
1717.0241448700795	521.0890074667099	1.397274594826377	1601.7704469999999
1720.734945528605	522.487439803428	1.3995905586672157	1602.7704469999999
1724.4526823109104	523.8881895446146	1.4019094042175755	1603.7704469999999
1728.1773653421665	525.291259573339	1.4042311341962952	1604.7704469999999
1731.9090047557033	526.6966527753896	1.4065557513222147	1605.7704469999999
1735.6476106930068	528.1043720392724	1.4088832583141726	1606.7704469999999
1739.3931933037193	529.5144202562127	1.4112136578910088	1607.7704469999999
1743.1457627456389	530.9268003201553	1.4135469527715623	1608.7704469999999
1746.9053291847204	532.3415151277636	1.4158831456746728	1609.7704469999999
1750.6719027950764	533.7585675784187	1.4182222393191792	1610.7704469999999
1754.4454937589749	535.1779605742217	1.420564236423921	1611.7704469999999
1758.2261122668392	536.5996970199928	1.4229091397077371	1612.7704469999999
1762.013768517254	538.0237798232698	1.4252569518894678	1613.7704469999999
1765.8084727169532	539.4502118943105	1.427607675687951	1614.7704469999999
1769.6102350808333	540.8789961460911	1.4299613138220275	1615.7704469999999
1773.4190658319449	542.3101354943061	1.4323178690105356	1616.7704469999999
1777.2349752014948	543.7436328573697	1.4346773439723148	1617.7704469999999
1781.0579734288467	545.1794911564145	1.4370397414262044	1618.7704469999999
1784.8880707615208	546.6177133152927	1.4394050640910439	1619.7704469999999
1788.725277455196	548.0583022605736	1.4417733146856728	1620.7704469999999
1792.569603773703	549.5012609215466	1.4441444959289298	1621.7704469999999
1796.421059989033	550.9465922302207	1.4465186105396544	1622.7704469999999
1800.279656381333	552.3942991213214	1.4488956612366863	1623.7704469999999
1804.1454032389051	553.8443845322956	1.4512756507388644	1624.7704469999999
1808.0183108582078	555.2968514033076	1.453658581765028	1625.7704469999999
1811.8983895438605	556.75170267724	1.4560444570340172	1626.7704469999999
1815.785649608632	558.2089412996959	1.4584332792646701	1627.7704469999999
1819.6801013734535	559.6685702189959	1.4608250511758267	1628.7704469999999
1823.5817551674088	561.130592386181	1.4632197754863263	1629.7704469999999
1827.4906213277418	562.5950107550082	1.465617454915008	1630.7704469999999
1831.4067101998496	564.0618282819564	1.4680180921807113	1631.7704469999999
1835.330032137288	565.5310479262218	1.470421690002275	1632.7704469999999
1839.2605975017693	567.0026726497193	1.4728282510985393	1633.7704469999999
1843.1984166631605	568.4767054170832	1.4752377781883428	1634.7704469999999
1847.1434999994874	569.9531491956665	1.4776502739905255	1635.7704469999999
1851.0958578969294	571.4320069555414	1.4800657412239258	1636.7704469999999
1855.0555007498258	572.9132816694977	1.4824841826073831	1637.7704469999999
1859.0224389606701	574.3969763130457	1.4849056008597377	1638.7704469999999
1862.9966829401133	575.8830938644134	1.487329998699828	1639.7704469999999
1866.9782431069625	577.3716373045474	1.4897573788464937	1640.7704469999999
1870.967129888181	578.8626096171143	1.4921877440185738	1641.7704469999999
1874.9633537188893	580.3560137884995	1.4946210969349079	1642.7704469999999
1878.9669250423651	581.8518528078055	1.4970574403143353	1643.7704469999999
1882.977854310041	583.3501296668553	1.499496776875695	1644.7704469999999
1886.996151981506	584.8508473601906	1.5019391093378267	1645.7704469999999
1891.021828524508	586.3540088850712	1.5043844404195696	1646.7704469999999
1895.0548944149486	587.8596172414758	1.5068327728397624	1647.7704469999999
1899.0953601368883	589.3676754321028	1.509284109317245	1648.7704469999999
1903.1432361825423	590.8781864623691	1.5117384525708575	1649.7704469999999
1907.1985330522837	592.3911533404096	1.514195805319438	1650.7704469999999
1911.2612612546404	593.9065790770791	1.5166561702818258	1651.7704469999999
1915.3314313062976	595.424466685951	1.5191195501768606	1652.7704469999999
1919.409053732099	596.9448191833166	1.521585947723382	1653.7704469999999
1923.494139065042	598.4676395881876	1.5240553656402287	1654.7704469999999
1927.58669784628	599.9929309222938	1.5265278066462398	1655.7704469999999
1931.6867406251288	601.5206962100829	1.5290032734602559	1656.7704469999999
1935.7942779590535	603.0509384787227	1.5314817688011155	1657.7704469999999
1939.9093204136775	604.5836607581	1.5339632953876576	1658.7704469999999
1944.0318785627842	606.1188660808198	1.536447855938722	1659.7704469999999
1948.16196298831	607.6565574822056	1.5389354531731476	1660.7704469999999
1952.2995842803516	609.1967380003	1.541426089809775	1661.7704469999999
1956.444753037155	610.7394106758654	1.543919768567441	1662.7704469999999
1960.5974798651305	612.2845785523815	1.546416492164987	1663.7704469999999
1964.7577753788416	613.832244676048	1.5489162633212517	1664.7704469999999
1968.9256502010076	615.3824120957835	1.5514190847550744	1665.7704469999999
1973.101114962505	616.935083863224	1.5539249591852942	1666.7704469999999
1977.2841803023687	618.4902630327257	1.5564338893307508	1667.7704469999999
1981.4748568677883	620.0479526613632	1.5589458779102836	1668.7704469999999
1985.6731553141067	621.6081558089306	1.5614609276427311	1669.7704469999999
1989.8790863048293	623.1708755379397	1.5639790412469328	1670.7704469999999
1994.0926605116174	624.736114913621	1.5665002214417292	1671.7704469999999
1998.3138886142824	626.3038770039261	1.569024470945958	1672.7704469999999
2002.5427813008002	627.8741648795226	1.57155179247846	1673.7704469999999
2006.7793492672977	629.4469816137985	1.5740821887580732	1674.7704469999999
2011.0236032180596	631.0223302828612	1.5766156625036372	1675.7704469999999
2015.2755538655306	632.6002139655344	1.579152216433992	1676.7704469999999
2019.5352119303075	634.1806357433632	1.5816918532679765	1677.7704469999999
2023.8025881411459	635.7635987006107	1.58423457572443	1678.7704469999999
2028.0776932349556	637.3491059242594	1.586780386522192	1679.7704469999999
2032.3605379568057	638.9371605040086	1.5893292883801013	1680.7704469999999
2036.6511330599203	640.5277655322789	1.5918812840169974	1681.7704469999999
2040.9494893056803	642.1209241042086	1.5944363761517195	1682.7704469999999
2045.2556174636236	643.7166393176547	1.5969945675031072	1683.7704469999999
2049.5695283114446	645.3149142731935	1.5995558607900002	1684.7704469999999
2053.891232634994	646.9157520741195	1.6021202587312375	1685.7704469999999
2058.2207412282773	648.5191558264469	1.6046877640456576	1686.7704469999999
2062.5580648934592	650.1251286389081	1.6072583794521007	1687.7704469999999
2066.9032144408607	651.7336736229546	1.6098321076694062	1688.7704469999999
2071.2562006889557	653.3447938927569	1.6124089514164126	1689.7704469999999
2075.61703446438	654.9584925652038	1.6149889134119602	1690.7704469999999
2079.985726601922	656.5747727599031	1.6175719963748874	1691.7704469999999
2084.3622879445275	658.1936375991824	1.6201582030240336	1692.7704469999999
2088.746729343301	659.8150902080865	1.622747536078239	1693.7704469999999
2093.1390616574986	661.4391337143801	1.6253399982563415	1694.7704469999999
2097.53929575454	663.0657712485468	1.6279355922771823	1695.7704469999999
2101.9474425099947	664.6950059437883	1.6305343208595988	1696.7704469999999
2106.3635128075916	666.3268409360259	1.6331361867224312	1697.7704469999999
2110.787517539217	667.9612793638997	1.6357411925845193	1698.7704469999999
2115.2194676049126	669.598324368768	1.6383493411647017	1699.7704469999999
2119.6593739128757	671.237979094708	1.6409606351818176	1700.7704469999999
2124.107247379462	672.8802466885165	1.6435750773547069	1701.7704469999999
2128.5630989291826	674.5251302997092	1.6461926704022085	1702.7704469999999
2133.026939494706	676.172633080519	1.6488134170431614	1703.7704469999999
2137.4987800168547	677.8227581858991	1.6514373199964054	1704.7704469999999
2141.9786314446123	679.4755087735222	1.6540643819807803	1705.7704469999999
2146.4665047351145	681.1308880037775	1.6566946057151246	1706.7704469999999
2150.962410853655	682.7888990397752	1.6593279939182777	1707.7704469999999
2155.4663607736848	684.4495450473436	1.6619645493090789	1708.7704469999999
2159.9783654768107	686.1128291950288	1.6646042746063676	1709.7704469999999
2164.4984359527957	687.778754654098	1.6672471725289828	1710.7704469999999
2169.026583199562	689.4473245985348	1.6698932457957647	1711.7704469999999
2173.562818223185	691.1185422050439	1.6725424971255527	1712.7704469999999
2178.107152037897	692.7924106530465	1.6751949292371848	1713.7704469999999
2182.6595956660863	694.4689331246849	1.6778505448495005	1714.7704469999999
2187.2201601383013	696.1481128048191	1.6805093466813399	1715.7704469999999
2191.7888564932437	697.8299528810271	1.6831713374515416	1716.7704469999999
2196.365695777775	699.5144565436075	1.6858365198789467	1717.7704469999999
2200.950689046906	701.2016269855771	1.688504896682392	1718.7704469999999
2205.5438473638123	702.8914674026707	1.6911764705807175	1719.7704469999999
2210.1451817998222	704.5839809933428	1.6938512442927638	1720.7704469999999
2214.7547034344207	706.2791709587668	1.6965292205373692	1721.7704469999999
2219.372423355248	707.9770405028349	1.6992104020333727	1722.7704469999999
2223.9983526581045	709.6775928321573	1.7018947914996145	1723.7704469999999
2228.632502446944	711.3808311560637	1.7045823916549327	1724.7704469999999
2233.2748838338784	713.0867586866033	1.707273205218169	1725.7704469999999
2237.9255079391755	714.7953786385424	1.7099672349081603	1726.7704469999999
2242.584385891256	716.5066942293681	1.7126644834437457	1727.7704469999999
2247.251528826707	718.2207086792848	1.7153649535437667	1728.7704469999999
2251.9269478902606	719.9374252112165	1.7180686479270606	1729.7704469999999
2256.6106542348143	721.656847050806	1.7207755693124684	1730.7704469999999
2261.3026590214145	723.3789774264153	1.7234857204188274	1731.7704469999999
2266.002973419272	725.1038195691239	1.726199103964979	1732.7704469999999
2270.7116086057486	726.8313767127312	1.7289157226697611	1733.7704469999999
2275.428575766364	728.5616520937556	1.7316355792520137	1734.7704469999999
2280.1538860947935	730.2946489514344	1.7343586764305754	1735.7704469999999
2284.8875507928724	732.030370527722	1.737085016924286	1736.7704469999999
2289.6295810705897	733.7688200672941	1.7398146034519852	1737.7704469999999
2294.3799881460905	735.5100008175436	1.7425474387325117	1738.7704469999999
2299.138783245678	737.2539160285831	1.7452835254847052	1739.7704469999999
2303.9059776038102	739.0005689532429	1.7480228664274042	1740.7704469999999
2308.681582463104	740.749962847074	1.750765464279449	1741.7704469999999
2313.46560907433	742.5021009683448	1.753511321759678	1742.7704469999999
2318.258068696418	744.2569865780428	1.7562604415869316	1743.7704469999999
2323.058972596453	746.014622939874	1.7590128264800482	1744.7704469999999
2327.868332049677	747.7750133202643	1.761768479157868	1745.7704469999999
2332.6861583394866	749.5381609883577	1.7645274023392292	1746.7704469999999
2337.512462757438	751.3040692160165	1.767289598742972	1747.7704469999999
2342.3472566032415	753.0727412778242	1.7700550710879353	1748.7704469999999
2347.1905511847654	754.8441804510791	1.7728238220929584	1749.7704469999999
2352.0423578180316	756.6183900158026	1.77559585447688	1750.7704469999999
2356.9026878272252	758.3953732547317	1.778371170958541	1751.7704469999999
2361.7715525446793	760.1751334533253	1.7811497742567797	1752.7704469999999
2366.6489633108895	761.9576738997578	1.7839316670904348	1753.7704469999999
2371.5349314745063	763.7429978849242	1.7867168521783472	1754.7704469999999
2376.4294683923354	765.531108702439	1.7895053322393544	1755.7704469999999
2381.3325854293416	767.3220096486338	1.792297109992297	1756.7704469999999
2386.244293958644	769.1157040225603	1.7950921881560138	1757.7704469999999
2391.1646053615195	770.912195125989	1.7978905694493448	1758.7704469999999
2396.0935310273985	772.7114862634085	1.8006922565911276	1759.7704469999999
2401.0310823538753	774.513580742027	1.8034972523002044	1760.7704469999999
2405.977270746691	776.3184818717709	1.8063055592954114	1761.7704469999999
2410.9321076197507	778.126192965286	1.80911718029559	1762.7704469999999
2415.8956043951125	779.9367173379367	1.811932118019579	1763.7704469999999
2420.86777250299	781.7500583078061	1.8147503751862164	1764.7704469999999
2425.8486233817584	783.5662191956967	1.8175719545143432	1765.7704469999999
2430.8381684779456	785.385203325128	1.8203968587227979	1766.7704469999999
2435.8364192462345	787.2070140223416	1.8232250905304204	1767.7704469999999
2440.843387149468	789.0316546162953	1.826056652656049	1768.7704469999999
2445.8590836586454	790.8591284386664	1.8288915478185244	1769.7704469999999
2450.883520252918	792.6894388238509	1.8317297787366842	1770.7704469999999
2455.916708419601	794.522589108964	1.8345713481293693	1771.7704469999999
2460.9586596541594	796.3585826338408	1.8374162587154186	1772.7704469999999
2466.0093854602164	798.1974227410324	1.8402645132136701	1773.7704469999999
2471.0688973495576	800.0391127758112	1.843116114342966	1774.7704469999999
2476.1372068421124	801.8836560861682	1.845971064822142	1775.7704469999999
2481.2143254659795	803.7310560228123	1.8488293673700396	1776.7704469999999
2486.300264757411	805.5813159391707	1.8516910247054983	1777.7704469999999
2491.3950362608084	807.4344391913921	1.8545560395473566	1778.7704469999999
2496.4986515287383	809.2904291383409	1.8574244146144534	1779.7704469999999
2501.61112212192	811.1492891416021	1.8602961526256294	1780.7704469999999
2506.732459609228	813.0110225654794	1.8631712562997222	1781.7704469999999
2511.862675567698	814.8756327769956	1.866049728355573	1782.7704469999999
2517.0017815825167	816.7431231458909	1.8689315715120198	1783.7704469999999
2522.1497892470325	818.6134970446258	1.8718167884879024	1784.7704469999999
2527.306710162744	820.48675784838	1.8747053820020598	1785.7704469999999
2532.4725559393123	822.3629089350491	1.877597354773331	1786.7704469999999
2537.6473381945543	824.2419536852515	1.8804927095205564	1787.7704469999999
2542.83106855444	826.1238954823223	1.8833914489625747	1788.7704469999999
2548.023758653098	828.0087377123145	1.8862935758182249	1789.7704469999999
2553.2254201328124	829.8964837640024	1.8891990928063462	1790.7704469999999
2558.4360646440277	831.7871370288774	1.8921080026457795	1791.7704469999999
2563.6557038453366	833.6807009011511	1.8950203080553614	1792.7704469999999
2568.884349403499	835.5771787777514	1.8979360117539334	1793.7704469999999
2574.1220129934236	837.4765740583277	1.9008551164603347	1794.7704469999999
2579.3687062981776	839.3788901452476	1.9037776248934035	1795.7704469999999
2584.6244410089857	841.2841304435967	1.9067035397719798	1796.7704469999999
2589.8892288252273	843.1922983611798	1.9096328638149025	1797.7704469999999
2595.163081454442	845.1033973085209	1.9125655997410118	1798.7704469999999
2600.4460106123206	847.0174306988624	1.9155017502691458	1799.7704469999999
2605.738028022714	848.9344019481657	1.9184413181181443	1800.7704469999999
2611.0391454176292	850.8543144751116	1.9213843060068467	1801.7704469999999
2616.349374537229	852.7771717010992	1.9243307166540924	1802.7704469999999
2621.6687271298333	854.7029770502461	1.9272805527787207	1803.7704469999999
2626.9972149519213	856.6317339493885	1.9302338170995714	1804.7704469999999
2632.3348497681186	858.5634458280838	1.9331905123354822	1805.7704469999999
2637.6816433512217	860.4981161186042	1.9361506412052942	1806.7704469999999
2643.0376074821716	862.4357482559446	1.9391142064278455	1807.7704469999999
2648.4027539500717	864.3763456778172	1.9420812107219758	1808.7704469999999
2653.7770945521825	866.3199118246523	1.9450516568065246	1809.7704469999999
2659.1606410939166	868.2664501396	1.9480255474003307	1810.7704469999999
2664.553405388848	870.2159640685288	1.9510028852222345	1811.7704469999999
2669.955399258705	872.1684570600271	1.9539836729910744	1812.7704469999999
2675.3666345333704	874.1239325653996	1.9569679134256899	1813.7704469999999
2680.7871230508877	876.0823940386726	1.9599556092449197	1814.7704469999999
2686.216876657453	878.0438449365906	1.9629467631676043	1815.7704469999999
2691.6559072074206	880.0082887186156	1.9659413779125816	1816.7704469999999
2697.104226563305	881.9757288469295	1.9689394561986928	1817.7704469999999
2702.56184659577	883.9461687864334	1.971941000744776	1818.7704469999999
2708.02877918364	885.9196120047454	1.97494601426967	1819.7704469999999
2713.5050362138973	887.8960619722047	1.9779544994922151	1820.7704469999999
2718.990629581675	889.8755221618692	1.98096645913125	1821.7704469999999
2724.485571190272	891.8579960495126	1.9839818959056146	1822.7704469999999
2729.9898729511337	893.8434871136315	1.9870008125341476	1823.7704469999999
2735.5035467838707	895.8319988354383	1.9900232117356889	1824.7704469999999
2741.0266046162405	897.8235346988668	1.9930490962290768	1825.7704469999999
2746.559058384169	899.8180981905668	1.996078468733152	1826.7704469999999
2752.1009200317276	901.8156927999091	1.9991113319667528	1827.7704469999999
2757.6522015111514	903.8163220189836	2.0021476886487193	1828.7704469999999
2763.2129147828277	905.819989342596	2.0051875414978895	1829.7704469999999
2768.783071815305	907.8266982682742	2.008230893233104	1830.7704469999999
2774.362684585283	909.836452296264	2.011277746573202	1831.7704469999999
2779.951765077619	911.8492549295286	2.014328104237021	1832.7704469999999
2785.5503252853327	913.8651096737519	2.0173819689434036	1833.7704469999999
2791.158377209593	915.8840200373356	2.0204393434111863	1834.7704469999999
2796.7759328597263	917.9059895314012	2.023500230359209	1835.7704469999999
2802.4030042532218	919.9310216697872	2.026564632506312	1836.7704469999999
2808.039603415718	921.9591199690528	2.029632552571334	1837.7704469999999
2813.6857423810125	923.9902879484755	2.0327039932731137	1838.7704469999999
2819.3414331910617	926.0245291300512	2.035778957330492	1839.7704469999999
2825.006687895973	928.0618470384948	2.038857447462306	1840.7704469999999
2830.6815185540177	930.1022452012403	2.0419394663873973	1841.7704469999999
2836.3659372316174	932.1457271484401	2.045025016824604	1842.7704469999999
2842.0599560033515	934.1922964129662	2.048114101492765	1843.7704469999999
2847.7635869519595	936.2419565304087	2.0512067231107203	1844.7704469999999
2853.476842168333	938.2947110390774	2.054302884397309	1845.7704469999999
2859.1997337515218	940.3505634799992	2.0574025880713704	1846.7704469999999
2864.9322738087326	942.4095173969224	2.0605058368517435	1847.7704469999999
2870.6744744553303	944.4715763363115	2.063612633457269	1848.7704469999999
2876.4263478148328	946.5367438473513	2.0667229806067846	1849.7704469999999
2882.187906018916	948.6050234819459	2.0698368810191305	1850.7704469999999
2887.959161207412	950.6764187947167	2.072954337413145	1851.7704469999999
2893.7401255283094	952.7509333430057	2.0760753525076683	1852.7704469999999
2899.5308111377562	954.8285706868721	2.07919992902154	1853.7704469999999
2905.331230200053	956.9093343890947	2.082328069673599	1854.7704469999999
2911.141394887659	958.9932280151716	2.085459777182684	1855.7704469999999
2916.9613173811867	961.0802551333186	2.0885950542676346	1856.7704469999999
2922.791009869411	963.1704193144717	2.0917339036472913	1857.7704469999999
2928.630484549258	965.263724132285	2.094876328040492	1858.7704469999999
2934.4797536258147	967.3601731631302	2.098022330166076	1859.7704469999999
2940.3388293123194	969.4597699861001	2.1011719127428834	1860.7704469999999
2946.2077238301717	971.5625181830064	2.1043250784897536	1861.7704469999999
2952.086449408926	973.6684213383764	2.107481830125525	1862.7704469999999
2957.9750182862913	975.7774830394594	2.1106421703690375	1863.7704469999999
2963.8734427081354	977.889706876223	2.11380610193913	1864.7704469999999
2969.7817349284833	980.0050964413533	2.1169736275546427	1865.7704469999999
2975.699907209516	982.123655330254	2.1201447499344144	1866.7704469999999
2981.6279718215665	984.2453871410494	2.1233194717972834	1867.7704469999999
2987.5659410431317	986.3702954745825	2.126497795862091	1868.7704469999999
2993.513827160859	988.4983839344143	2.1296797248476746	1869.7704469999999
2999.471642469557	990.6296561268241	2.1328652614728747	1870.7704469999999
3005.439399272188	992.7641156608124	2.1360544084565305	1871.7704469999999
3011.4171098798697	994.9017661480968	2.1392471685174805	1872.7704469999999
3017.404786611879	997.0426112031132	2.1424435443745646	1873.7704469999999
3023.402441795651	999.1866544430172	2.145643538746623	1874.7704469999999
3029.4100877667697	1001.3338994876842	2.1488471543524934	1875.7704469999999
3035.4277368689854	1003.4843499597062	2.152054393911016	1876.7704469999999
3041.4554014541955	1005.6380094843969	2.1552652601410296	1877.7704469999999
3047.4930938824614	1007.7948816897856	2.158479755761374	1878.7704469999999
3053.540826521999	1009.9549702066224	2.1616978834908886	1879.7704469999999
3059.5986117491757	1012.1182786683764	2.1649196460484115	1880.7704469999999
3065.6664619485255	1014.284810711235	2.1681450461527842	1881.7704469999999
3071.744389512728	1016.4545699741038	2.171374086522844	1882.7704469999999
3077.8324068426246	1018.6275600986087	2.174606769877431	1883.7704469999999
3083.9305263472165	1020.803784729093	2.1778430989353845	1884.7704469999999
3090.038760443655	1022.9832475126202	2.1810830764155438	1885.7704469999999
3096.1571215572512	1025.165952098971	2.1843267050367485	1886.7704469999999
3102.2856221214724	1027.3519021406469	2.1875739875178373	1887.7704469999999
3108.4242745779434	1029.5411012928666	2.1908249265776503	1888.7704469999999
3114.573091376442	1031.7335532135683	2.1940795249350256	1889.7704469999999
3120.7320849749076	1033.9292615634085	2.1973377853088034	1890.7704469999999
3126.90126783943	1036.1282300057644	2.2005997104178228	1891.7704469999999
3133.0806524442623	1038.3304622067294	2.2038653029809234	1892.7704469999999
3139.2702512718106	1040.5359618351172	2.207134565716944	1893.7704469999999
3145.4700768126363	1042.7447325624598	2.210407501344724	1894.7704469999999
3151.6801415654563	1044.95677806301	2.2136841125831026	1895.7704469999999
3157.900458037152	1047.1721020137365	2.21696440215092	1896.7704469999999
3164.1310387427525	1049.3907080943277	2.220248372767015	1897.7704469999999
3170.3718962054477	1051.6125999871929	2.2235360271502267	1898.7704469999999
3176.6230429565803	1053.8377813774573	2.2268273680193937	1899.7704469999999
3182.8844915356563	1056.0662559529662	2.230122398093357	1900.7704469999999
3189.1562544903304	1058.2980274042852	2.233421120090955	1901.7704469999999
3195.4383443764195	1060.5330994246958	2.2367235367310263	1902.7704469999999
3201.730773757896	1062.7714757102005	2.2400296507324113	1903.7704469999999
3208.0335552068855	1065.0131599595204	2.243339464813949	1904.7704469999999
3214.346701303674	1067.258155874095	2.2466529816944787	1905.7704469999999
3220.6702246367004	1069.5064671580826	2.249970204092839	1906.7704469999999
3227.0041378025667	1071.7580975183594	2.2532911347278706	1907.7704469999999
3233.348453406023	1074.0130506645232	2.256615776318412	1908.7704469999999
3239.7031840599807	1076.2713303088879	2.259944131583302	1909.7704469999999
3246.068342385508	1078.5329401664876	2.263276203241381	1910.7704469999999
3252.4439410118275	1080.7978839550751	2.2666119940114875	1911.7704469999999
3258.829992576321	1083.0661653951208	2.2699515066124616	1912.7704469999999
3265.226509724521	1085.3377882098162	2.2732947437631417	1913.7704469999999
3271.633505110126	1087.6127561250696	2.2766417081823676	1914.7704469999999
3278.05099139498	1089.89107286951	2.279992402588978	1915.7704469999999
3284.4789812490944	1092.172742174483	2.2833468297018134	1916.7704469999999
3290.917487350629	1094.457767774055	2.286704992239712	1917.7704469999999
3297.3665223859043	1096.7461534050108	2.2900668929215144	1918.7704469999999
3303.8260990493936	1099.0379028068528	2.2934325344660578	1919.7704469999999
3310.2962300437325	1101.333019721803	2.2968019195921836	1920.7704469999999
3316.776928079707	1103.6315078948037	2.3001750510187295	1921.7704469999999
3323.2682058762666	1105.9333710735139	2.3035519314645367	1922.7704469999999
3329.7700761605083	1108.238613008312	2.306932563648443	1923.7704469999999
3336.2825516676935	1110.5472374522958	2.310316950289288	1924.7704469999999
3342.8056451412344	1112.8592481612827	2.313705094105911	1925.7704469999999
3349.3393693327043	1115.1746488938063	2.3170969978171514	1926.7704469999999
3355.8837370018305	1117.4934434111215	2.3204926641418484	1927.7704469999999
3362.438760916497	1119.815635477201	2.3238920957988416	1928.7704469999999
3369.0044538527463	1122.1412288587362	2.3272952955069703	1929.7704469999999
3375.580828594773	1124.4702273251382	2.3307022659850727	1930.7704469999999
3382.167897934935	1126.802634648536	2.3341130099519902	1931.7704469999999
3388.765674673739	1129.138454603778	2.33752753012656	1932.7704469999999
3395.3741716198556	1131.4776909684313	2.340945829227623	1933.7704469999999
3401.9934015901053	1133.8203475227813	2.344367909974018	1934.7704469999999
3408.62337740947	1136.166428049834	2.3477937750845843	1935.7704469999999
3415.2641119110835	1138.5159363353116	2.351223427278161	1936.7704469999999
3421.91561793624	1140.8688761676576	2.3546568692735863	1937.7704469999999
3428.577908334393	1143.2252513380329	2.3580941037897025	1938.7704469999999
3435.250995963143	1145.5850656403168	2.361535133545346	1939.7704469999999
3441.9348936882575	1147.948322871109	2.364979961259358	1940.7704469999999
3448.62961438365	1150.3150268297281	2.3684285896505757	1941.7704469999999
3455.3351709314006	1152.6851813182093	2.3718810214378405	1942.7704469999999
3462.0515762217406	1155.0587901413085	2.3753372593399913	1943.7704469999999
3468.7788431530585	1157.4358571065004	2.378797306075867	1944.7704469999999
3475.5169846318986	1159.8163860239779	2.3822611643643063	1945.7704469999999
3482.2660135729643	1162.2003807066528	2.38572883692415	1946.7704469999999
3489.025942899113	1164.5878449701556	2.3892003264742363	1947.7704469999999
3495.796785541358	1166.978782632838	2.3926756357334047	1948.7704469999999
3502.5785544388727	1169.3731975157657	2.3961547674204944	1949.7704469999999
3509.371262538983	1171.7710934427275	2.3996377242543447	1950.7704469999999
3516.174922797175	1174.1724742402298	2.4031245089537956	1951.7704469999999
3522.989548177089	1176.5773437374964	2.4066151242376854	1952.7704469999999
3529.8151516505213	1178.9857057664728	2.4101095728248545	1953.7704469999999
3536.651746197427	1181.3975641618206	2.4136078574341413	1954.7704469999999
3543.4993448059176	1183.8129227609213	2.4171099807843857	1955.7704469999999
3550.357960472258	1186.2317854038758	2.4206159455944265	1956.7704469999999
3557.2276062008727	1188.6541559335033	2.424125754583104	1957.7704469999999
3564.1082950043397	1191.0800381953416	2.4276394104692565	1958.7704469999999
3571.000039903397	1193.5094360376468	2.4311569159717226	1959.7704469999999
3577.9028539269384	1195.942353311396	2.4346782738093435	1960.7704469999999
3584.8167501120115	1198.378793870284	2.4382034867009574	1961.7704469999999
3591.741741503824	1200.8187615707227	2.4417325573654036	1962.7704469999999
3598.6778411557366	1203.2622602718448	2.4452654885215215	1963.7704469999999
3605.62506212927	1205.7092938355024	2.4488022828881513	1964.7704469999999
3612.583417494099	1208.1598661262644	2.4523429431841306	1965.7704469999999
3619.5529203280566	1210.61398101142	2.4558874721283	1966.7704469999999
3626.5335837171306	1213.0716423609763	2.459435872439499	1967.7704469999999
3633.5254207554653	1215.5328540476612	2.4629881468365658	1968.7704469999999
3640.528444545364	1217.997619946918	2.46654429803834	1969.7704469999999
3647.5426681972835	1220.465943936912	2.4701043287636613	1970.7704469999999
3654.5681048298393	1222.9378298985264	2.4736682417313696	1971.7704469999999
3661.6047675698023	1225.413281715362	2.4772360396603026	1972.7704469999999
3668.6526695520997	1227.89230327374	2.4808077252693006	1973.7704469999999
3675.711823919817	1230.3748984627005	2.484383301277203	1974.7704469999999
3682.7822438241938	1232.8610711740005	2.4879627704028486	1975.7704469999999
3689.8639424246285	1235.3508253021182	2.4915461353650774	1976.7704469999999
3696.9569328886746	1237.8441647442487	2.4951333988827287	1977.7704469999999
3704.0612283920404	1240.3410934003082	2.498724563674641	1978.7704469999999
3711.1768421185952	1242.8416151729293	2.502319632459654	1979.7704469999999
3718.303787260359	1245.3457339674649	2.5059186079566063	1980.7704469999999
3725.442077017518	1247.8534536919865	2.5095214928843395	1981.7704469999999
3732.5917245984024	1250.364778257284	2.5131282899616902	1982.7704469999999
3739.7527432195075	1252.8797115768657	2.5167390019074993	1983.7704469999999
3746.9251461054832	1255.398257566961	2.520353631440606	1984.7704469999999
3754.1089464891347	1257.9204201465157	2.523972181279849	1985.7704469999999
3761.3041576114233	1260.4462032371953	2.5275946541440675	1986.7704469999999
3768.5107927214704	1262.9756107633848	2.5312210527521017	1987.7704469999999
3775.7288650765504	1265.5086466521873	2.5348513798227903	1988.7704469999999
3782.958387942092	1268.0453148334248	2.538485638074972	1989.7704469999999
3790.1993745916907	1270.5856192396373	2.5421238302274882	1990.7704469999999
3797.451838307084	1273.1295638060865	2.5457659589991755	1991.7704469999999
3804.715792378181	1275.6771524707485	2.5494120271088754	1992.7704469999999
3811.9912501030353	1278.2283891743225	2.5530620372754265	1993.7704469999999
3819.2782247878613	1280.7832778602244	2.5567159922176677	1994.7704469999999
3826.5767297470293	1283.3418224745897	2.5603738946544383	1995.7704469999999
3833.8867783030705	1285.904026966271	2.564035747304578	1996.7704469999999
3841.2083837866658	1288.469895286842	2.567701552886926	1997.7704469999999
3848.5415595366567	1291.0394313905956	2.5713713141203214	1998.7704469999999
3855.886318900042	1293.61263923454	2.5750450337236046	1999.7704469999999
3863.242675231974	1296.1895227784053	2.578722714415613	2000.7704469999999
3870.6106418957625	1298.7700859846402	2.5824043589151873	2001.7704469999999
3877.990232262875	1301.3543328184114	2.5860899699411664	2002.7704469999999
3885.381459712935	1303.9422672476044	2.58977955021239	2003.7704469999999
3892.78433763372	1306.5338932428247	2.5934731024476965	2004.7704469999999
3900.1988794211697	1309.1292147773943	2.597170629365926	2005.7704469999999
3907.625098479376	1311.7282358273565	2.6008721336859173	2006.7704469999999
3915.0630082205857	1314.3309603714727	2.6045776181265103	2007.7704469999999
3922.512622065207	1316.9373923912228	2.608287085406544	2008.7704469999999
3929.973953441802	1319.5475358708047	2.6120005382448572	2009.7704469999999
3937.44701578709	1322.161394797138	2.6157179793602903	2010.7704469999999
3944.9318225459438	1324.778973159858	2.6194394114716815	2011.7704469999999
3952.4283871713983	1327.4002749513195	2.623164837297871	2012.7704469999999
3959.9367231246406	1330.025304166598	2.6268942595576976	2013.7704469999999
3967.456843875014	1332.6540648034866	2.6306276809700004	2014.7704469999999
3974.988762900024	1335.2865608624954	2.6343651042536194	2015.7704469999999
3982.5324936853262	1337.9227963468568	2.6381065321273938	2016.7704469999999
3990.0880497247354	1340.5627752625198	2.641851967310162	2017.7704469999999
3997.655444520221	1343.2065016181532	2.6456014125207643	2018.7704469999999
4005.2346915819144	1345.8539794251435	2.64935487047804	2019.7704469999999
4012.825804428095	1348.505212697597	2.6531123439008275	2020.7704469999999
4020.4287965852072	1351.1602054523398	2.6568738355079673	2021.7704469999999
4028.0436815878447	1353.8189617089147	2.6606393480182975	2022.7704469999999
4035.670472978765	1356.481485489584	2.6644088841506584	2023.7704469999999
4043.3091843088732	1359.1477808193295	2.668182446623888	2024.7704469999999
4050.959829137242	1361.8178517258516	2.671960038156828	2025.7704469999999
4058.622421031089	1364.4917022395693	2.6757416614683147	2026.7704469999999
4066.2969735657975	1367.1693363936206	2.67952731927719	2027.7704469999999
4073.9835003249036	1369.8507582238626	2.683317014302292	2028.7704469999999
4081.682014900098	1372.53597176887	2.6871107492624597	2029.7704469999999
4089.3925308912308	1375.2249810699386	2.6909085268765334	2030.7704469999999
4097.115061906306	1377.917790171081	2.6947103498633513	2031.7704469999999
4104.8496215614905	1380.6144031190286	2.698516220941754	2032.7704469999999
4112.596223481098	1383.3148239632346	2.702326142830579	2033.7704469999999
4120.354881297607	1386.0190567558673	2.7061401182486677	2034.7704469999999
4128.125608651648	1388.7271055518145	2.7099581499148577	2035.7704469999999
4135.908419192009	1391.4389744086857	2.713780240547989	2036.7704469999999
4143.703326575637	1394.1546673868058	2.7176063928669016	2037.7704469999999
4151.5103444676315	1396.874188549221	2.7214366095904334	2038.7704469999999
4159.329486541252	1399.5975419616943	2.7252708934374255	2039.7704469999999
4167.160766477911	1402.3247316927093	2.7291092471267153	2040.7704469999999
4175.004197967178	1405.0557618134685	2.732951673377143	2041.7704469999999
4182.859794706786	1407.7906363978905	2.7367981749075483	2042.7704469999999
4190.727570402613	1410.5293595226158	2.7406487544367693	2043.7704469999999
4198.607538768702	1413.2719352670035	2.744503414683646	2044.7704469999999
4206.4997135272515	1416.0183677131297	2.748362158367019	2045.7704469999999
4214.404108408612	1418.7686609457892	2.752224988205725	2046.7704469999999
4222.320737151296	1421.5228190524986	2.7560919069186056	2047.7704469999999
4230.249613501969	1424.2808461234904	2.759962917224499	2048.770447
4238.190751215453	1427.042746251719	2.7638380218422443	2049.770447
4246.144164054731	1429.8085235328529	2.7677172234906817	2050.770447
4254.109865790937	1432.5781820652826	2.7716005248886497	2051.770447
4262.087870203364	1435.3517259501189	2.775487928754989	2052.770447
4270.078191079456	1438.129159291189	2.7793794378085357	2053.770447
4278.080842214829	1440.9104861950375	2.7832750547681333	2054.770447
4286.095837413238	1443.6957107709325	2.7871747823526185	2055.770447
4294.1231904866	1446.4848371308588	2.7910786232808307	2056.770447
4302.162915254996	1449.2778693895157	2.79498658027161	2057.770447
4310.215025546656	1452.074811664328	2.7988986560437956	2058.770447
4318.279535197967	1454.8756680754366	2.8028148533162263	2059.770447
4326.356458053471	1457.6804427457005	2.806735174807741	2060.770447
4334.445807965874	1460.489139800698	2.81065962323718	2061.770447
4342.5475987960335	1463.3017633687264	2.814588201323383	2062.770447
4350.6618444129645	1466.118317580804	2.8185209117851895	2063.770447
4358.788558693832	1468.9388065706626	2.8224577573414362	2064.770447
4366.927755523969	1471.7632344747576	2.8263987407109648	2065.770447
4375.079448796855	1474.5916054322615	2.8303438646126127	2066.770447
4383.2436524141385	1477.4239235850662	2.8342931317652225	2067.770447
4391.420380285606	1480.2601930777814	2.8382465448876304	2068.770447
4399.60964632922	1483.100418057738	2.8422041066986776	2069.770447
4407.811464471082	1485.9446026749824	2.8461658199172017	2070.770447
4416.025848645467	1488.7927510822808	2.8501316872620435	2071.770447
4424.25281279479	1491.644867435121	2.854101711452041	2072.770447
4432.492370869638	1494.5009558917059	2.8580758952060346	2073.770447
4440.744536828743	1497.3610206129597	2.8620542412428636	2074.770447
4449.009324638993	1500.2250657625252	2.866036752281366	2075.770447
4457.286748275446	1503.0930955067638	2.870023431040383	2076.770447
4465.576821721302	1505.9651140147535	2.874014280238752	2077.770447
4473.879558967924	1508.841125458294	2.8780093025953133	2078.770447
4482.194974014832	1511.7211340119024	2.8820085008289067	2079.770447
4490.5230808697	1514.6051438528166	2.8860118776583708	2080.770447
4498.863893548363	1517.4931591609902	2.8900194358025453	2081.770447
4507.217426074802	1520.3851841191006	2.894031177980269	2082.770447
4515.583692481166	1523.2812229125361	2.8980471069103815	2083.770447
4523.962706807758	1526.1812797294115	2.902067225311723	2084.770447
4532.354483103034	1529.0853587605561	2.9060915359031307	2085.770447
4540.759035423606	1531.9934641995203	2.9101200414034456	2086.770447
4549.176377834248	1534.9056002425718	2.9141527445315063	2087.770447
4557.606524407884	1537.821771088698	2.9181896480061518	2088.770447
4566.049489225604	1540.741980939606	2.922230754546224	2089.770447
4574.50528637664	1543.6662339997195	2.9262760668705585	2090.770447
4582.973929958394	1546.5945344761813	2.930325587697997	2091.770447
4591.455434076417	1549.5268865788557	2.9343793197473764	2092.770447
4599.949812844422	1552.463294520323	2.938437265737539	2093.770447
4608.457080384271	1555.4037625158842	2.9424994283873223	2094.770447
4616.97725082599	1558.3482947835573	2.946565810415566	2095.770447
4625.5103383077585	1561.2968955440815	2.95063641454111	2096.770447
4634.056356975915	1564.2495690209116	2.9547112434827945	2097.770447
4642.615320984944	1567.2063194402244	2.958790299959455	2098.770447
4651.1872444975	1570.1671510309152	2.9628735866899336	2099.770447
4659.77214168439	1573.132068024595	2.9669611063930703	2100.770447
4668.3700267245695	1576.1010746555983	2.9710528617877023	2101.770447
4676.980913805162	1579.0741751609753	2.975148855592671	2102.770447
4685.604817121444	1582.051373780494	2.979249090526814	2103.770447
4694.241750876844	1585.0326747566446	2.983353569308971	2104.770447
4702.891729282951	1588.0180823346338	2.9874622946579823	2105.770447
4711.554766559508	1591.0076007623888	2.9915752692926856	2106.770447
4720.230876934418	1594.0012342905538	2.9956924959319218	2107.770447
4728.920074643737	1596.9989871724933	2.999813977294529	2108.770447
4737.622373931684	1600.0008636642908	3.003939716099348	2109.770447
4746.337789050622	1603.0068680247468	3.0080697150652163	2110.770447
4755.066334261082	1606.017004515381	3.0122039769109734	2111.770447
4763.808023831751	1609.0312774004346	3.0163425043554604	2112.770447
4772.562872039465	1612.049690946864	3.020485300117515	2113.770447
4781.330893169219	1615.0722494243482	3.0246323669159767	2114.770447
4790.1121015141725	1618.098957105281	3.0287837074696853	2115.770447
4798.90651137563	1621.1298182647793	3.0329393244974803	2116.770447
4807.714137063059	1624.1648371806743	3.0370992207181997	2117.770447
4816.534992894081	1627.2040181335196	3.0412633988506834	2118.770447
4825.369093194483	1630.2473654065852	3.0454318616137726	2119.770447
4834.21645229819	1633.2948832858626	3.0496046117263034	2120.770447
4843.077084547303	1636.3465760600607	3.053781651907118	2121.770447
4851.951004292066	1639.4024480206067	3.0579629848750542	2122.770447
4860.838225890881	1642.4625034616474	3.06214861334895	2123.770447
4869.738763710323	1645.5267466800458	3.0663385400476484	2124.770447
4878.652632125097	1648.5951819753896	3.0705327676899854	2125.770447
4887.579845518083	1651.66781364998	3.074731298994801	2126.770447
4896.520418280314	1654.744646008839	3.0789341366809353	2127.770447
4905.474364810976	1657.8256833597077	3.0831412834672274	2128.770447
4914.441699517409	1660.910930013048	3.0873527420725155	2129.770447
4923.422436815125	1664.000390282033	3.091568515215642	2130.770447
4932.416591127772	1667.0940684825637	3.0957886056154416	2131.770447
4941.424176887172	1670.191968933256	3.100013015990758	2132.770447
4950.445208533289	1673.294095955443	3.1042417490604284	2133.770447
4959.479700514249	1676.400453873181	3.108474807543291	2134.770447
4968.527667286342	1679.5110470132395	3.1127121941581875	2135.770447
4977.5891233140055	1682.6258797051144	3.1169539116239564	2136.770447
4986.664083069831	1685.7449562810125	3.1211999626594356	2137.770447
4995.75256103458	1688.8682810758628	3.1254503499834656	2138.770447
5004.85457169716	1691.9958584273147	3.1297050763148873	2139.770447
5013.970129554632	1695.1276926757348	3.1339641443725363	2140.770447
5023.099249112225	1698.2637881642077	3.1382275568752553	2141.770447
5032.241944883315	1701.4041492385395	3.142495316541882	2142.770447
5041.398231389436	1704.5487802472528	3.1467674260912553	2143.770447
5050.568123160285	1707.6976855415894	3.151043888242216	2144.770447
5059.751634733708	1710.850869475511	3.155324705713602	2145.770447
5068.948780655712	1714.0083364056964	3.159609881224254	2146.770447
5078.159575480455	1717.1700906915455	3.1638994174930097	2147.770447
5087.384033770261	1720.3361366951738	3.16819331723871	2148.770447
5096.6221700955975	1723.5064787814217	3.1724915831801925	2149.770447
5105.873999035105	1726.6811213178403	3.1767942180362985	2150.770447
5115.139535175564	1729.8600686747047	3.181101224525865	2151.770447
5124.418793111922	1733.0433252250086	3.185412605367734	2152.770447
5133.71178744728	1736.2308953444635	3.1897283632807425	2153.770447
5143.018532792894	1739.4227834115002	3.194048500983731	2154.770447
5152.339043768176	1742.6189938072673	3.1983730211955375	2155.770447
5161.673335000703	1745.819530915635	3.202701926635004	2156.770447
5171.021421126197	1749.0243991231869	3.2070352200209666	2157.770447
5180.383316788543	1752.2336028192315	3.2113729040722663	2158.770447
5189.759036639783	1755.4471463957923	3.2157149815077433	2159.770447
5199.148595340108	1758.6650342476137	3.2200614550462343	2160.770447
5208.552007557875	1761.8872707721584	3.224412327406581	2161.770447
5217.969287969595	1765.1138603696083	3.228767601307622	2162.770447
5227.400451259932	1768.3448074428609	3.2331272794681962	2163.770447
5236.845512121705	1771.5801163975375	3.2374913646071426	2164.770447
5246.304485255901	1774.819791641974	3.2418598594433012	2165.770447
5255.777385371652	1778.0638375872288	3.2462327666955115	2166.770447
5265.26422718625	1781.312258647076	3.2506100890826133	2167.770447
5274.765025425142	1784.5650592380116	3.254991829323444	2168.770447
5284.279794821934	1787.8222437792483	3.2593779901368447	2169.770447
5293.80855011839	1791.0838166927163	3.2637685742416536	2170.770447
5303.3513060644245	1794.349782403068	3.2681635843567096	2171.770447
5312.908077418118	1797.6201453376725	3.2725630232008536	2172.770447
5322.478878945698	1800.894909926618	3.276966893492925	2173.770447
5332.063725421551	1804.174080602714	3.281375197951761	2174.770447
5341.662631628222	1807.4576618014835	3.285787939296202	2175.770447
5351.275612356416	1810.7456579611749	3.290205120245089	2176.770447
5360.902682404983	1814.0380735227493	3.2946267435172576	2177.770447
5370.543856580944	1817.3349129298897	3.29905281183155	2178.770447
5380.199149699467	1820.6361806289992	3.303483327906806	2179.770447
5389.868576583878	1823.9418810691964	3.307918294461863	2180.770447
5399.55215206566	1827.2520187023217	3.312357714215561	2181.770447
5409.249890984452	1830.5665979829344	3.3168015898867385	2182.770447
5418.961808188053	1833.8856233683086	3.3212499241942357	2183.770447
5428.687918532417	1837.2090993184406	3.3257027198568925	2184.770447
5438.428236881654	1840.5370302960462	3.330159979593548	2185.770447
5448.182778108023	1843.8694207665583	3.334621706123039	2186.770447
5457.951557091955	1847.2062751981289	3.3390879021642093	2187.770447
5467.734588722022	1850.5475980616302	3.343558570435894	2188.770447
5477.5318878949665	1853.8933938306516	3.348033713656936	2189.770447
5487.343469515672	1857.2436669815004	3.35251333454617	2190.770447
5497.169348497197	1860.598421993206	3.3569974358224406	2191.770447
5507.00953976074	1863.9576633475144	3.3614860202045835	2192.770447
5516.864058235666	1867.32139552889	3.365979090411439	2193.770447
5526.73291885949	1870.6896230245177	3.3704766491618465	2194.770447
5536.616136577888	1874.0623503243005	3.374978699174645	2195.770447
5546.513726344692	1877.4395819208619	3.3794852431686753	2196.770447
5556.425703121891	1880.8213223095383	3.3839962838627753	2197.770447
5566.352081879626	1884.2075759883928	3.388511823975784	2198.770447
5576.292877596198	1887.5983474582026	3.3930318662265404	2199.770447
5586.248105258067	1890.993641222465	3.3975564133338856	2200.770447
5596.217779859844	1894.3934617873954	3.4020854680166575	2201.770447
5606.201916404303	1897.7978136619304	3.406619032993697	2202.770447
5616.200529902368	1901.2067013577207	3.411157110983842	2203.770447
5626.213635373121	1904.620129389141	3.415699704705931	2204.770447
5636.241247843806	1908.0381022732824	3.420246816878805	2205.770447
5646.283382349816	1911.460624529955	3.424798450221303	2206.770447
5656.340053934704	1914.8877006816883	3.429354607452263	2207.770447
5666.411277650181	1918.319335253729	3.4339152912905258	2208.770447
5676.497068556112	1921.755532774045	3.4384805044549305	2209.770447
5686.597441720521	1925.1962977733206	3.4430502496643163	2210.770447
5696.7124122195855	1928.6416347849608	3.447624529637522	2211.770447
5706.841995137641	1932.0915483450892	3.4522033470933873	2212.770447
5716.986205567177	1935.546042992548	3.456786704750751	2213.770447
5727.14505860885	1939.005123268898	3.461374605328454	2214.770447
5737.318569371457	1942.4687937184185	3.465967051545334	2215.770447
5747.5067529719645	1945.9370588881086	3.470564046120231	2216.770447
5757.709624535483	1949.4099233276852	3.4751655917719826	2217.770447
5767.927199195296	1952.8873915895842	3.4797716912194305	2218.770447
5778.159492092834	1956.3694682289613	3.4843823471814135	2219.770447
5788.4065183776775	1959.8561578036913	3.48899756237677	2220.770447
5798.668293207579	1963.3474648743654	3.4936173395243406	2221.770447
5808.944831748432	1966.8433940042974	3.498241681342963	2222.770447
5819.236149174297	1970.3439497595157	3.502870590551477	2223.770447
5829.542260667389	1973.8491367087697	3.5075040698687237	2224.770447
5839.863181418076	1977.3589594235282	3.5121421220135396	2225.770447
5850.198926624884	1980.8734224779787	3.5167847497047653	2226.770447
5860.549511494501	1984.392530449026	3.521431955661241	2227.770447
5870.9149512417625	1987.9162879162952	3.5260837426018052	2228.770447
5881.295261089665	1991.4446994621317	3.530740113245297	2229.770447
5891.690456269361	1994.9777696715942	3.535401070310555	2230.770447
5902.100552020164	1998.515503132465	3.5400666165164205	2231.770447
5912.525563589533	2002.0579044352464	3.5447367545817303	2232.770447
5922.965506233097	2005.604978173155	3.5494114872253264	2233.770447
5933.420395214631	2009.1567289421291	3.5540908171660464	2234.770447
5943.890245806075	2012.7131613408262	3.558774747122732	2235.770447
5954.375073287512	2016.2742799706205	3.563463279814217	2236.770447
5964.8748929471985	2019.840089435606	3.5681564179593463	2237.770447
5975.389720081539	2023.410594342596	3.5728541642769573	2238.770447
5985.91956999509	2026.985799301123	3.577556521485888	2239.770447
5996.464458000572	2030.5657089234378	3.5822634923049796	2240.770447
6007.02439941886	2034.150327824509	3.58697507945307	2241.770447
6017.5994095789865	2037.7396606220275	3.591691285649001	2242.770447
6028.189503818137	2041.3337119363966	3.596412113611609	2243.770447
6038.794697481655	2044.9324863907455	3.6011375660597342	2244.770447
6049.4150059230415	2048.5359886109177	3.6058676457122156	2245.770447
6060.050444503958	2052.1442232254767	3.6106023552878943	2246.770447
6070.701028594212	2055.757194865706	3.615341697505608	2247.770447
6081.366773571775	2059.3749081656083	3.620085675084196	2248.770447
6092.047694822775	2062.9973677619023	3.624834290742498	2249.770447
6102.743807741492	2066.624578294027	3.629587547199352	2250.770447
6113.455127730371	2070.25654440414	3.6343454471735996	2251.770447
6124.181670200007	2073.8932707371187	3.6391079933840795	2252.770447
6134.923450569151	2077.5347619405597	3.643875188549631	2253.770447
6145.680484264709	2081.181022664776	3.648647035389091	2254.770447
6156.452786721754	2084.832057562803	3.6534235366213026	2255.770447
6167.2403733835035	2088.48787129039	3.658204694965103	2256.770447
6178.043259701339	2092.148468506009	3.662990513139332	2257.770447
6188.861461134793	2095.8138538708517	3.6677809938628285	2258.770447
6199.694993151557	2099.484032048824	3.672576139854431	2259.770447
6210.5438712274845	2103.1590077065557	3.677375953832981	2260.770447
6221.4081108465725	2106.8387855133915	3.6821804385173156	2261.770447
6232.28772750099	2110.523370141399	3.6869895966262765	2262.770447
6243.182736691051	2114.2127662653597	3.6918034308787013	2263.770447
6254.093153925231	2117.9069785627767	3.696621943993429	2264.770447
6265.018994720157	2121.606011713873	3.7014451386892997	2265.770447
6275.960274600623	2125.3098704015883	3.706273017685153	2266.770447
6286.917009099569	2129.0185593115825	3.711105583699827	2267.770447
6297.8892137581	2132.732083132233	3.7159428394521634	2268.770447
6308.876904125465	2136.4504465546397	3.7207847876609987	2269.770447
6319.880095759085	2140.173654272615	3.7256314310451737	2270.770447
6330.898804224524	2143.9017109826946	3.730482772323527	2271.770447
6341.933045095511	2147.6346213841325	3.7353388142148987	2272.770447
6352.982833953935	2151.372390178901	3.7401995594381283	2273.770447
6364.048186389823	2155.115022071692	3.745065010712053	2274.770447
6375.129118001384	2158.8625217699164	3.7499351707555157	2275.770447
6386.225644394963	2162.6148939837	3.7548100422873523	2276.770447
6397.337781185073	2166.3721434258932	3.759689628026404	2277.770447
6408.465543994379	2170.1342748120605	3.7645739306915096	2278.770447
6419.608948453695	2173.9012928604907	3.769462953001507	2279.770447
6430.768010202011	2177.673202292185	3.7743566976752385	2280.770447
6441.942744886458	2181.4500078308683	3.7792551674315407	2281.770447
6453.133168162327	2185.231714202983	3.784158364989255	2282.770447
6464.339295693069	2189.018326137688	3.78906629306722	2283.770447
6475.561143150286	2192.8098483668637	3.7939789543842735	2284.770447
6486.7987262137385	2196.6062856251083	3.7988963516592564	2285.770447
6498.05206057135	2200.4076426497404	3.803818487611008	2286.770447
6509.321161919188	2204.213924180795	3.8087453649583676	2287.770447
6520.606045961485	2208.025134961028	3.8136769864201736	2288.770447
6531.906728410631	2211.841279735914	3.8186133547152665	2289.770447
6543.223224987167	2215.662363253644	3.823554472562484	2290.770447
6554.555551419795	2219.488390265129	3.8285003426806665	2291.770447
6565.903723445371	2223.3193655240016	3.8334509677886532	2292.770447
6577.267756808912	2227.155293786609	3.838406350605284	2293.770447
6588.647667263583	2230.9961798120207	3.843366493849397	2294.770447
6600.04347057071	2234.8420283620244	3.8483314002398323	2295.770447
6611.455182499784	2238.692844201122	3.8533010724954297	2296.770447
6622.88281882844	2242.5486320965424	3.858275513335028	2297.770447
6634.326395342466	2246.4093968182265	3.8632547254774647	2298.770447
6645.785927835828	2250.2751431388374	3.8682387116415824	2299.770447
6657.261432110625	2254.1458758337562	3.8732274745462174	2300.770447
6668.752923977125	2258.0215996810834	3.8782210169102105	2301.770447
6680.2604192537565	2261.902319461637	3.883219341452403	2302.770447
6691.783933767089	2265.788039958954	3.888222450891629	2303.770447
6703.323483351867	2269.6787659592915	3.8932303479467336	2304.770447
6714.879083850972	2273.5745022516253	3.8982430353365523	2305.770447
6726.450751115457	2277.475253627649	3.903260515779924	2306.770447
6738.038501004528	2281.381024881776	3.9082827919956915	2307.770447
6749.642349385547	2285.291820811137	3.9133098667026918	2308.770447
6761.2623121340275	2289.2076462155856	3.9183417426197646	2309.770447
6772.898405133645	2293.1285058976873	3.923378422465748	2310.770447
6784.550644276232	2297.0544046627324	3.928419908959483	2311.770447
6796.219045461778	2300.9853473187277	3.9334662048198097	2312.770447
6807.903624598417	2304.9213386764004	3.9385173127655637	2313.770447
6819.604397602464	2308.862383549193	3.9435732355155895	2314.770447
6831.321380398362	2312.8084867532734	3.948633975788722	2315.770447
6843.054588918732	2316.7596531075187	3.9536995363038017	2316.770447
6854.804039104341	2320.7158874335337	3.9587699197796677	2317.770447
6866.569746904119	2324.677194555638	3.9638451289351613	2318.770447
6878.351728275146	2328.6435793008704	3.9689251664891207	2319.770447
6890.1499991826595	2332.6150464989887	3.9740100351603838	2320.770447
6901.964575600061	2336.591600982469	3.9790997376677915	2321.770447
6913.795473508898	2340.5732475865098	3.984194276730183	2322.770447
6925.642708898883	2344.5599911490217	3.9892936550663967	2323.770447
6937.506297767877	2348.55183651064	3.9943978753952725	2324.770447
6949.386256121907	2352.548788514716	3.9995069404356496	2325.770447
6961.282599975146	2356.550852007321	4.004620852906367	2326.770447
6973.195345349936	2360.558031837245	4.009739615526264	2327.770447
6985.1245082767655	2364.5703328559957	4.014863231014182	2328.770447
6997.070104794282	2368.5877599178025	4.019991702088959	2329.770447
7009.032150949287	2372.6103178796093	4.0251250314694325	2330.770447
7021.010662796749	2376.6380116010823	4.030263221874444	2331.770447
7033.0056563997805	2380.670845944606	4.035406276022831	2332.770447
7045.0171478296525	2384.708825775282	4.040554196633434	2333.770447
7057.045153165801	2388.7519559609327	4.045706986425092	2334.770447
7069.089688495814	2392.8002413721	4.0508646481166455	2335.770447
7081.150769915434	2396.8536868820397	4.056027184426933	2336.770447
7093.228413528559	2400.912297366732	4.061194598074792	2337.770447
7105.322635447246	2404.9760777048737	4.066366891779063	2338.770447
7117.433451791711	2409.0450327778817	4.0715440682585875	2339.770447
7129.560878690323	2413.1191674698894	4.076726130232203	2340.770447
7141.704932279605	2417.1984866677503	4.0819130804187465	2341.770447
7153.865628704245	2421.2829952610377	4.087104921537062	2342.770447
7166.042984117077	2425.372698142042	4.0923016563059855	2343.770447
7178.2370146791	2429.467600205773	4.097503287444357	2344.770447
7190.4477365594685	2433.5677063499593	4.102709817671016	2345.770447
7202.675165935487	2437.67302147505	4.107921249704802	2346.770447
7214.9193189926245	2441.783550484211	4.113137586264555	2347.770447
7227.1802119244985	2445.8992982833283	4.118358830069113	2348.770447
7239.457860932891	2450.0202697810046	4.123584983837315	2349.770447
7251.7522822277315	2454.1464698885643	4.128816050288	2350.770447
7264.063492027126	2458.2779035200474	4.134052032140012	2351.770447
7276.3915065573065	2462.414575592217	4.139292932112184	2352.770447
7288.736342052685	2466.556491024551	4.144538752923358	2353.770447
7301.098014755821	2470.7036547392486	4.149789497292375	2354.770447
7313.476540917429	2474.856071661229	4.155045167938071	2355.770447
7325.871936796388	2479.013746718125	4.1603057675792865	2356.770447
7338.284218659729	2483.1766848402917	4.1655712989348626	2357.770447
7350.713402782636	2487.344890960805	4.170841764723637	2358.770447
7363.159505448452	2491.518370015456	4.176117167664448	2359.770447
7375.622542948682	2495.697126942757	4.181397510476138	2360.770447
7388.102531582975	2499.8811666839383	4.186682795877543	2361.770447
7400.59948765915	2504.0704941829495	4.191973026587505	2362.770447
7413.113427493179	2508.265114386456	4.197268205324861	2363.770447
7425.6443674091815	2512.4650322438474	4.202568334808452	2364.770447
7438.192323739443	2516.670252707228	4.207873417757116	2365.770447
7450.757312824405	2520.880780731422	4.213183456889694	2366.770447
7463.339351012659	2525.096621273975	4.218498454925024	2367.770447
7475.938454660957	2529.317779295148	4.223818414581945	2368.770447
7488.554640134217	2533.5442597579195	4.2291433385792985	2369.770447
7501.18792380549	2537.7760676279922	4.2344732296359195	2370.770447
7513.838322056014	2542.013207873784	4.239808090470653	2371.770447
7526.505851275153	2546.2556854664317	4.2451479238023335	2372.770447
7539.190527860446	2550.5035053797933	4.250492732349802	2373.770447
7551.892368217592	2554.7566725904426	4.2558425188319	2374.770447
7564.61138876043	2559.0151920776757	4.261197285967462	2375.770447
7577.347605910967	2563.2790688235027	4.266557036475332	2376.770447
7590.101036099365	2567.5483078126563	4.271921773074347	2377.770447
7602.871695763939	2571.822914032588	4.277291498483345	2378.770447
7615.65960135117	2576.1028924734655	4.28266621542117	2379.770447
7628.464769315679	2580.388248128179	4.288045926606657	2380.770447
7641.287216120258	2584.678985992334	4.2934306347586455	2381.770447
7654.126958235851	2588.9751110642587	4.2988203425959775	2382.770447
7666.984012141556	2593.2766283449946	4.30421505283749	2383.770447
7679.858394324633	2597.5835428383075	4.309614768202024	2384.770447
7692.750121280489	2601.8958595506792	4.315019491408416	2385.770447
7705.6592095127035	2606.213583491311	4.320429225175509	2386.770447
7718.585675532987	2610.536719672123	4.325843972222138	2387.770447
7731.5295358612375	2614.865273107756	4.3312637352671475	2388.770447
7744.490807025487	2619.199248815564	4.336688517029373	2389.770447
7757.469505561934	2623.538651815626	4.342118320227655	2390.770447
7770.465648014924	2627.883487130738	4.347553147580832	2391.770447
7783.4792509369745	2632.233759786412	4.352993001807744	2392.770447
7796.510330888748	2636.589474810883	4.358437885627231	2393.770447
7809.558904439065	2640.950637235103	4.363887801758132	2394.770447
7822.624988164905	2645.3172520927437	4.3693427529192865	2395.770447
7835.7085986514	2649.689324420192	4.374802741829532	2396.770447
7848.809752491845	2654.0668592565585	4.380267771207709	2397.770447
7861.92846628768	2658.4498616436695	4.385737843772656	2398.770447
7875.06475664852	2662.838336626072	4.391212962243214	2399.770447
7888.2186401921235	2667.23228925103	4.396693129338223	2400.770447
7901.390133544403	2671.631724568529	4.40217834777652	2401.770447
7914.579253339435	2676.0366476312715	4.407668620276945	2402.770447
7927.78601621945	2680.447063494677	4.413163949558337	2403.770447
7941.010438834835	2684.8629772168883	4.418664338339536	2404.770447
7954.2525378441305	2689.284393858762	4.424169789339379	2405.770447
7967.512329914045	2693.711318483879	4.42968030527671	2406.770447
7980.789831719422	2698.143756158535	4.435195888870363	2407.770447
7994.085059943289	2702.581711951745	4.4407165428391835	2408.770447
8007.3980312768035	2707.0251909352446	4.4462422699020046	2409.770447
8020.728762419298	2711.474198183487	4.451773072777669	2410.770447
8034.077270078257	2715.9287387736435	4.457308954185017	2411.770447
8047.443570969313	2720.388817785606	4.462849916842885	2412.770447
8060.827681816259	2724.8544403019855	4.468395963470111	2413.770447
8074.2296193510565	2729.3256114081096	4.473947096785539	2414.770447
8087.649400313816	2733.8023361920264	4.479503319508007	2415.770447
8101.087041452791	2738.2846197445015	4.485064634356352	2416.770447
8114.542559524409	2742.7724671590204	4.490631044049414	2417.770447
8128.015971293249	2747.2658835317875	4.496202551306034	2418.770447
8141.507293532044	2751.7648739617257	4.50177915884505	2419.770447
8155.016543021689	2756.2694435504777	4.507360869385302	2420.770447
8168.543736551228	2760.779597402403	4.51294768564563	2421.770447
8182.088890917862	2765.295340624584	4.51853961034487	2422.770447
8195.652022926964	2769.816678326812	4.524136646201866	2423.770447
8209.23314939204	2774.3436156216117	4.529738795935454	2424.770447
8222.832287134763	2778.8761576242155	4.535346062264472	2425.770447
8236.449452984973	2783.414309452578	4.540958447907764	2426.770447
8250.084663780646	2787.958076227375	4.546575955584165	2427.770447
8263.737936367937	2792.507463071998	4.552198588012519	2428.770447
8277.409287601133	2797.0624751125574	4.55782634791166	2429.770447
8291.098734342704	2801.6231174778845	4.563459238000432	2430.770447
8304.806293463249	2806.189395299527	4.569097260997669	2431.770447
8318.531981841546	2810.761313711755	4.574740419622215	2432.770447
8332.275816364521	2815.3388778515528	4.580388716592907	2433.770447
8346.03781392725	2819.922092858629	4.5860421546285846	2434.770447
8359.817991432983	2824.510963875406	4.591700736448089	2435.770447
8373.616365793107	2829.105496047026	4.597364464770257	2436.770447
8387.432953927175	2833.705694521354	4.603033342313928	2437.770447
8401.267772762902	2838.3115644489667	4.608707371797944	2438.770447
8415.12083923614	2842.923110983169	4.614386555941142	2439.770447
8428.992170290921	2847.5403392799753	4.620070897462361	2440.770447
8442.881782879422	2852.163254498126	4.625760399080441	2441.770447
8456.789693961973	2856.791861799076	4.631455063514222	2442.770447
8470.715920507071	2861.4261663469997	4.637154893482543	2443.770447
8484.660479491364	2866.066173308792	4.642859891704243	2444.770447
8498.623387899646	2870.7118878540655	4.648570060898161	2445.770447
8512.60466272489	2875.363315155151	4.6542854037831365	2446.770447
8526.604320968203	2880.0204603871007	4.660005923078009	2447.770447
8540.62237963887	2884.6833287276854	4.665731621501619	2448.770447
8554.658855754307	2889.3519253573886	4.671462501772803	2449.770447
8568.713766340115	2894.0262554594183	4.677198566610402	2450.770447
8582.787128430029	2898.7063242197037	4.682939818733256	2451.770447
8596.87895906595	2903.3921368268866	4.688686260860203	2452.770447
8610.989275297938	2908.0836984723305	4.694437895710083	2453.770447
8625.118094184198	2912.78101435012	4.700194726001734	2454.770447
8639.26543279111	2917.484089657056	4.705956754453999	2455.770447
8653.431308193187	2922.1929295926557	4.711723983785712	2456.770447
8667.615737473125	2926.9075393591593	4.717496416715717	2457.770447
8681.818737721755	2931.6279241615257	4.72327405596285	2458.770447
8696.040326038074	2936.3540892074293	4.729056904245953	2459.770447
8710.28051952923	2941.086039707269	4.734844964283862	2460.770447
8724.53933531054	2945.8237808741565	4.7406382387954205	2461.770447
8738.816790505458	2950.5673179239247	4.746436730499464	2462.770447
8753.112902245619	2955.3166560751256	4.752240442114836	2463.770447
8767.427687670785	2960.0718005490303	4.758049376360368	2464.770447
8781.761163928906	2964.8327565696295	4.763863535954909	2465.770447
8796.113348176064	2969.5995293636292	4.769682923617292	2466.770447
8810.484257576512	2974.372124160458	4.775507542066359	2467.770447
8824.873909302649	2979.1505461922643	4.781337394020948	2468.770447
8839.282320535032	2983.9348006939094	4.787172482199899	2469.770447
8853.709508462392	2988.724892902978	4.793012809322052	2470.770447
8868.155490281588	2993.5208280597735	4.798858378106242	2471.770447
8882.620283197659	2998.3226114073177	4.804709191271315	2472.770447
8897.103904423788	3003.1302481913494	4.810565251536105	2473.770447
8911.606371181322	3007.943743660329	4.816426561619455	2474.770447
8926.127700699755	3012.7631030654356	4.822293124240202	2475.770447
8940.667910216745	3017.588331660562	4.828164942117184	2476.770447
8955.22701697811	3022.419434702327	4.834042017969245	2477.770447
8969.80503823781	3027.2564174500653	4.839924354515219	2478.770447
8984.401991257982	3032.099285165828	4.84581195447395	2479.770447
8999.017893308901	3036.9480431143893	4.851704820564274	2480.770447
9013.652761669002	3041.8026965632407	4.8576029555050315	2481.770447
9028.306613624889	3046.6632507825902	4.8635063620150625	2482.770447
9042.979466471312	3051.5297110453666	4.8694150428132055	2483.770447
9057.671337511174	3056.4020826272185	4.875329000618299	2484.770447
9072.382244055545	3061.2803708065126	4.881248238149183	2485.770447
9087.112203423643	3066.164580864331	4.887172758124697	2486.770447
9101.86123294285	3071.054718084482	4.893102563263681	2487.770447
9116.629349948696	3075.950787753487	4.899037656284973	2488.770447
9131.41657178488	3080.8527951605865	4.904978039907414	2489.770447
9146.222915803237	3085.7607455977427	4.91092371684984	2490.770447
9161.048399363783	3090.6746443596326	4.916874689831095	2491.770447
9175.893039834667	3095.5944967436562	4.922830961570014	2492.770447
9190.756854592215	3100.5203080499305	4.928792534785439	2493.770447
9205.6398610209	3105.452083581292	4.934759412196208	2494.770447
9220.542076513351	3110.389828643295	4.940731596521163	2495.770447
9235.46351847035	3115.333548544213	4.946709090479139	2496.770447
9250.404204300843	3120.283248595037	4.952691896788977	2497.770447
9265.364151421934	3125.23893410948	4.958680018169518	2498.770447
9280.343377258869	3130.200610403972	4.964673457339598	2499.770447
9295.341899245068	3135.1682827976624	4.970672217018059	2500.770447
9310.359734822105	3140.1419566124187	4.97667629992374	2501.770447
9325.396901439695	3145.121637172825	4.982685708775481	2502.770447
9340.453416555723	3150.1073298061915	4.988700446292118	2503.770447
9355.529297636236	3155.099039842538	4.994720515192494	2504.770447
9370.62456215542	3160.0967726146096	5.000745918195447	2505.770447
9385.73922759563	3165.100533457868	5.006776658019816	2506.770447
9400.873311447376	3170.1103277104944	5.01281273738444	2507.770447
9416.026831209316	3175.126160713391	5.018854159008159	2508.770447
9431.199804388283	3180.1480378101705	5.0249009256098125	2509.770447
9446.392248499236	3185.175964347176	5.030953039908237	2510.770447
9461.604181065331	3190.209945673459	5.037010504622277	2511.770447
9476.83561961785	3195.249987140798	5.043073322470768	2512.770447
9492.086581696234	3200.296094103685	5.04914149617255	2513.770447
9507.357084848094	3205.348271919334	5.0552150284464625	2514.770447
9522.647146629191	3210.406525947676	5.061293922011346	2515.770447
9537.956784603439	3215.47086155136	5.067378179586038	2516.770447
9553.286016342909	3220.541284095757	5.073467803889378	2517.770447
9568.63485942784	3225.6177989489547	5.079562797640207	2518.770447
9584.003331446607	3230.7004114817596	5.085663163557362	2519.770447
9599.391449995763	3235.789127067697	5.091768904359684	2520.770447
9614.799232680001	3240.8839510830153	5.097880022766012	2521.770447
9630.226697112183	3245.984888906671	5.103996521495185	2522.770447
9645.673860913314	3251.091945920352	5.110118403266043	2523.770447
9661.140741712567	3256.205127508457	5.116245670797423	2524.770447
9676.627357147267	3261.3244390581062	5.122378326808166	2525.770447
9692.133724862902	3266.449885959138	5.128516374017114	2526.770447
9707.659862513101	3271.5814736041125	5.134659815143101	2527.770447
9723.205787759665	3276.719207388304	5.14080865290497	2528.770447
9738.771518272542	3281.8630927097074	5.146962890021559	2529.770447
9754.357071729843	3287.0131349690387	5.153122529211707	2530.770447
9769.962465817833	3292.1693395697284	5.159287573194255	2531.770447
9785.587718230934	3297.3317119179296	5.16545802468804	2532.770447
9801.232846671717	3302.5002574225146	5.171633886411902	2533.770447
9816.897868850927	3307.67498149507	5.177815161084682	2534.770447
9832.582802487444	3312.855889549907	5.184001851425218	2535.770447
9848.287665308326	3318.0429870040502	5.1901939601523495	2536.770447
9864.012475048767	3323.236279277247	5.196391489984915	2537.770447
9879.75724945213	3328.435771791961	5.202594443641754	2538.770447
9895.52200626994	3333.641469973377	5.208802823841708	2539.770447
9911.306763261862	3338.853379249398	5.215016633303614	2540.770447
9927.11153819572	3344.0715050506456	5.221235874746311	2541.770447
9942.93634884752	3349.2958528104577	5.227460550888641	2542.770447
9958.781213001383	3354.526427964895	5.23369066444944	2543.770447
9974.646148449625	3359.763235952736	5.23992621814755	2544.770447
9990.53117299269	3365.006282215476	5.246167214701808	2545.770447
10006.436304439198	3370.2555721973313	5.252413656831055	2546.770447
10022.361560605917	3375.5111113452344	5.258665547254129	2547.770447
10038.306959317768	3380.772905108844	5.2649228886898705	2548.770447
10054.27251840784	3386.0409589405263	5.271185683857119	2549.770447
10070.25825571737	3391.3152782953753	5.277453935474714	2550.770447
10086.26418909575	3396.5958686311983	5.283727646261493	2551.770447
10102.290336400525	3401.8827354085265	5.290006818936295	2552.770447
10118.336715497422	3407.175884090606	5.296291456217963	2553.770447
10134.403344260285	3412.475320143404	5.302581560825332	2554.770447
10150.49024057115	3417.7810490356064	5.308877135477244	2555.770447
10166.597422320185	3423.0930762386142	5.315178182892538	2556.770447
10182.724907405736	3428.411407226551	5.321484705790053	2557.770447
10198.872713734276	3433.736047476261	5.327796706888626	2558.770447
10215.040859220471	3439.067002467301	5.334114188907101	2559.770447
10231.229361787107	3444.404277681954	5.340437154564313	2560.770447
10247.438239365161	3449.747878605217	5.346765606579105	2561.770447
10263.667509893738	3455.097810724805	5.353099547670312	2562.770447
10279.91719132012	3460.454079531155	5.359438980556778	2563.770447
10296.187301599728	3465.816690517423	5.365783907957339	2564.770447
10312.477858696155	3471.185649179481	5.372134332590836	2565.770447
10328.788880581136	3476.560961015922	5.3784902571761055	2566.770447
10345.120385234579	3481.942631528056	5.384851684431991	2567.770447
10361.472390644536	3487.3306662199166	5.39121861707733	2568.770447
10377.844914807218	3492.7250705982487	5.39759105783096	2569.770447
10394.237975727001	3498.12585017252	5.403969009411723	2570.770447
10410.651591416401	3503.5330104549193	5.410352474538456	2571.770447
10427.085779896104	3508.946556960351	5.41674145593	2572.770447
10443.540559194951	3514.3664952064405	5.423135956305194	2573.770447
10460.015947349933	3519.79283071353	5.429535978382878	2574.770447
10476.511962406206	3525.2255690046804	5.43594152488189	2575.770447
10493.02862241707	3530.6647156056742	5.442352598521069	2576.770447
10509.565945443997	3536.11027604501	5.448769202019255	2577.770447
10526.123949556608	3541.562255853905	5.455191338095288	2578.770447
10542.702652832679	3547.020660566298	5.461619009468007	2579.770447
10559.302073358136	3552.4854957188445	5.468052218856249	2580.770447
10575.922229227079	3557.9567668509235	5.474490968978856	2581.770447
10592.563138541755	3563.434479504622	5.480935262554667	2582.770447
10609.22481941257	3568.9186392247566	5.487385102302521	2583.770447
10625.907289958075	3574.4092515588563	5.493840490941257	2584.770447
10642.61056830499	3579.906322057174	5.500301431189714	2585.770447
10659.334672588197	3585.4098562726786	5.5067679257667335	2586.770447
10676.07962095071	3590.9198597610566	5.51323997739115	2587.770447
10692.84543154373	3596.4363380807167	5.519717588781809	2588.770447
10709.632122526593	3601.959296792783	5.526200762657547	2589.770447
10726.439712066793	3607.4887414610994	5.5326895017372	2590.770447
10743.268218339994	3613.024677652231	5.539183808739612	2591.770447
10760.117659530008	3618.567110935459	5.5456836863836205	2592.770447
10776.988053828802	3624.1160468827848	5.552189137388066	2593.770447
10793.8794194365	3629.671491068929	5.5587001644717855	2594.770447
10810.791774561381	3635.2334490713292	5.565216770353619	2595.770447
10827.72513741989	3640.8019264701425	5.571738957752407	2596.770447
10844.679526236623	3646.376928848244	5.578266729386989	2597.770447
10861.654959244319	3651.9584617912333	5.584800087976202	2598.770447
10878.651454683899	3657.546530887421	5.591339036238887	2599.770447
10895.669030804422	3663.1411417278423	5.597883576893883	2600.770447
10912.707705863115	3668.7422999062474	5.6044337126600325	2601.770447
10929.767498125348	3674.3500110191053	5.610989446256169	2602.770447
10946.848425864653	3679.9642806656093	5.617550780401135	2603.770447
10963.950507362722	3685.5851144476637	5.624117717813768	2604.770447
10981.073760909418	3691.212517969898	5.630690261212911	2605.770447
10998.218204802715	3696.8464968396574	5.637268413317398	2606.770447
11015.383857348803	3702.4870566670074	5.6438521768460745	2607.770447
11032.570736861977	3708.134203064732	5.650441554517775	2608.770447
11049.778861664725	3713.787941648331	5.657036549051341	2609.770447
11067.008250087663	3719.4482780360286	5.66363716316561	2610.770447
11084.258920469587	3725.1152178487614	5.670243399579423	2611.770447
11101.53089115744	3730.7887667101922	5.67685526101162	2612.770447
11118.824180506315	3736.468930246697	5.683472750181038	2613.770447
11136.138806879468	3742.155714087373	5.690095869806518	2614.770447
11153.474788648313	3747.8491238640368	5.696724622606897	2615.770447
11170.832144192422	3753.549165211219	5.703359011301018	2616.770447
11188.210891899515	3759.2558437661755	5.709999038607716	2617.770447
11205.611050165484	3764.969165168878	5.716644707245836	2618.770447
11223.032637394354	3770.6891350620167	5.723296019934212	2619.770447
11240.475671998323	3776.415759091003	5.729952979391685	2620.770447
11257.940172397753	3782.149042903963	5.736615588337097	2621.770447
11275.426157021142	3787.888992151745	5.743283849489282	2622.770447
11292.933644305149	3793.635612487916	5.749957765567083	2623.770447
11310.462652694605	3799.38890956876	5.756637339289338	2624.770447
11328.01320064249	3805.148889053283	5.763322573374889	2625.770447
11345.58530660992	3810.9155566032045	5.770013470542569	2626.770447
11363.178989066211	3816.688917882968	5.776710033511226	2627.770447
11380.79426648879	3822.4689785597348	5.7834122649996935	2628.770447
11398.431157363266	3828.255744303381	5.79012016772681	2629.770447
11416.089680183399	3834.049220786508	5.796833744411417	2630.770447
11433.769853451113	3839.849413684429	5.803552997772356	2631.770447
11451.471695676475	3845.6563286751825	5.810277930528464	2632.770447
11469.195225377713	3851.469971439523	5.817008545398579	2633.770447
11486.94046108121	3857.290347660925	5.823744845101543	2634.770447
11504.707421321513	3863.117463025578	5.830486832356192	2635.770447
11522.496124641326	3868.9513232223944	5.837234509881368	2636.770447
11540.306589591492	3874.7919339430036	5.8439878803959076	2637.770447
11558.138834731035	3880.639300881755	5.850746946618655	2638.770447
11575.992878627118	3886.4934297357163	5.857511711268444	2639.770447
11593.868739855068	3892.354326204674	5.864282177064117	2640.770447
11611.766436998369	3898.2219959911336	5.871058346724515	2641.770447
11629.685988648656	3904.0964448003183	5.877840222968475	2642.770447
11647.627413405724	3909.9776783401694	5.884627808514834	2643.770447
11665.590729877513	3915.8657023213545	5.891421106082433	2644.770447
11683.575956680157	3921.760522457248	5.898220118390114	2645.770447
11701.583112437893	3927.662144463954	5.905024848156712	2646.770447
11719.612215783163	3933.5705740602866	5.911835298101071	2647.770447
11737.663285356535	3939.485816967789	5.918651470942029	2648.770447
11755.73633980674	3945.4078789107116	5.925473369398421	2649.770447
11773.831397790673	3951.3367656160303	5.932300996189092	2650.770447
11791.948477973376	3957.2724828134405	5.939134354032877	2651.770447
11810.087599028057	3963.215036235354	5.945973445648617	2652.770447
11828.248779636082	3969.164431616899	5.952818273755153	2653.770447
11846.432038486957	3975.120674695934	5.959668841071323	2654.770447
11864.637394278345	3981.0837712130206	5.966525150315963	2655.770447
11882.864865716103	3987.0537269114484	5.973387204207919	2656.770447
11901.114471514204	3993.0305475372234	5.980255005466026	2657.770447
11919.386230394777	3999.0142388390746	5.987128556809122	2658.770447
11937.680161088143	4005.004806568443	5.994007860956049	2659.770447
11955.99628233274	4011.0022564794945	6.000892920625646	2660.770447
11974.334612875198	4017.0065943291097	6.007783738536754	2661.770447
11992.69517147027	4023.0178258768883	6.014680317408208	2662.770447
12011.077976880879	4029.0359568851527	6.021582659958849	2663.770447
12029.483047878124	4035.0609931189383	6.028490768907519	2664.770447
12047.910403241225	4041.092940346006	6.035404646973053	2665.770447
12066.360061757585	4047.1318043368296	6.042324296874291	2666.770447
12084.832042222755	4053.177590864606	6.049249721330076	2667.770447
12103.326363440448	4059.2303057052486	6.056180923059246	2668.770447
12121.843044222524	4065.2899546373887	6.06311790478064	2669.770447
12140.382103388987	4071.356543442379	6.070060669213092	2670.770447
12158.943559768046	4077.4300779042906	6.0770092190754506	2671.770447
12177.527432196008	4083.5105638099126	6.083963557086547	2672.770447
12196.133739517378	4089.5980069487523	6.090923685965226	2673.770447
12214.7625005848	4095.69241311304	6.097889608430327	2674.770447
12233.41373425907	4101.793788097716	6.104861327200684	2675.770447
12252.087459409151	4107.902137700448	6.111838844995139	2676.770447
12270.783694912174	4114.01746772162	6.118822164532535	2677.770447
12289.50245965339	4120.139783964334	6.125811288531706	2678.770447
12308.243772526237	4126.269092234411	6.132806219711493	2679.770447
12327.007652432312	4132.40539834039	6.1398069607907395	2680.770447
12345.794118281334	4138.548708093532	6.146813514488276	2681.770447
12364.60318899122	4144.699027307813	6.153825883522949	2682.770447
12383.43488348802	4150.856361799929	6.160844070613596	2683.770447
12402.28922070595	4157.020717389298	6.1678680784790565	2684.770447
12421.166219587365	4163.192099898053	6.174897909838167	2685.770447
12440.065899082812	4169.370515151044	6.181933567409772	2686.770447
12458.988278150951	4175.555968975848	6.1889750539127055	2687.770447
12477.933375758637	4181.748467202755	6.196022372065812	2688.770447
12496.901210880853	4187.94801566477	6.203075524587925	2689.770447
12515.891802500757	4194.154620197625	6.21013451419789	2690.770447
12534.905169609647	4200.3682866397685	6.21719934361454	2691.770447
12553.941331207	4206.5890208323635	6.224270015556719	2692.770447
12573.000306300426	4212.816828619296	6.231346532743264	2693.770447
12592.082113905712	4219.051715847171	6.238428897893017	2694.770447
12611.186773046782	4225.293688365309	6.245517113724814	2695.770447
12630.31430275573	4231.542752025754	6.252611182957496	2696.770447
12649.464722072804	4237.7989126832645	6.259711108309902	2697.770447
12668.638050046407	4244.062176195319	6.266816892500871	2698.770447
12687.834305733095	4250.332548422119	6.273928538249242	2699.770447
12707.053508197583	4256.610035226578	6.281046048273854	2700.770447
12726.295676512753	4262.8946424743335	6.28816942529355	2701.770447
12745.560829759632	4269.1863760337355	6.295298672027165	2702.770447
12764.848987027402	4275.485241775863	6.3024337911935415	2703.770447
12784.1601674134	4281.791245574506	6.309574785511514	2704.770447
12803.494390023132	4288.1043933061765	6.316721657699926	2705.770447
12822.851673970259	4294.424690850103	6.323874410477618	2706.770447
12842.232038376587	4300.752144088234	6.331033046563427	2707.770447
12861.63550237208	4307.086758905239	6.338197568676191	2708.770447
12881.062085094858	4313.428541188503	6.345367979534749	2709.770447
12900.511805691225	4319.77749682813	6.352544281857945	2710.770447
12919.9846833156	4326.133631716946	6.359726478364614	2711.770447
12939.480737130581	4332.496951750493	6.366914571773597	2712.770447
12958.999986306912	4338.867462827034	6.37410856480373	2713.770447
12978.542450023524	4345.245170847547	6.3813084601738606	2714.770447
12998.108147467457	4351.630081715735	6.38851426060282	2715.770447
13017.697097833945	4358.022201338013	6.39572596880945	2716.770447
13037.309320326352	4364.421535623519	6.402943587512588	2717.770447
13056.944834156231	4370.8280904841085	6.41016711943108	2718.770447
13076.603658543256	4377.24187183436	6.417396567283759	2719.770447
13096.285812715272	4383.6628855915615	6.424631933789464	2720.770447
13115.9913159083	4390.0911376757285	6.43187322166704	2721.770447
13135.720187366482	4396.526634009592	6.4391204336353205	2722.770447
13155.472446342139	4402.969380518602	6.446373572413147	2723.770447
13175.24811209575	4409.419383130928	6.453632640719358	2724.770447
13195.047203895938	4415.876647777457	6.460897641272796	2725.770447
13214.869741019484	4422.341180391795	6.468168576792295	2726.770447
13234.715742751345	4428.81298691027	6.475445449996701	2727.770447
13254.585228384603	4435.292073271924	6.482728263604846	2728.770447
13274.478217220521	4441.77844541852	6.490017020335573	2729.770447
13294.394728568523	4448.272109294541	6.497311722907724	2730.770447
13314.334781746156	4454.77307084719	6.504612374040134	2731.770447
13334.298396079153	4461.281336026381	6.511918976451643	2732.770447
13354.28559090141	4467.7969107847575	6.5192315328610935	2733.770447
13374.296385554937	4474.319801077676	6.52655004598732	2734.770447
13394.330799389945	4480.850012863212	6.5338745185491645	2735.770447
13414.388851764787	4487.38755210216	6.541204953265467	2736.770447
13434.470562045968	4493.932424758033	6.548541352855067	2737.770447
13454.575949608143	4500.484636797067	6.5558837200368005	2738.770447
13474.70503383414	4507.044194188211	6.563232057529508	2739.770447
13494.857834114942	4513.6111029031335	6.570586368052032	2740.770447
13515.034369849667	4520.185368916231	6.57794665432321	2741.770447
13535.234660445614	4526.7669982046045	6.585312919061878	2742.770447
13555.458725318234	4533.355996748083	6.592685164986879	2743.770447
13575.706583891126	4539.952370529214	6.600063394817052	2744.770447
13595.97825559605	4546.556125533258	6.607447611271237	2745.770447
13616.273759872918	4553.167267748202	6.614837817068272	2746.770447
13636.593116169803	4559.78580316475	6.622234014926995	2747.770447
13656.936343942936	4566.411737776318	6.6296362075662465	2748.770447
13677.30346265671	4573.045077579049	6.637044397704868	2749.770447
13697.694491783659	4579.685828571801	6.6444585880616955	2750.770447
13718.10945080448	4586.33399675615	6.651878781355569	2751.770447
13738.548359208027	4592.989588136396	6.659304980305328	2752.770447
13759.011236491322	4599.6526087195525	6.666737187629814	2753.770447
13779.498102159525	4606.323064515354	6.674175406047864	2754.770447
13800.008975725967	4613.000961536254	6.681619638278319	2755.770447
13820.543876712125	4619.686305797422	6.6890698870400165	2756.770447
13841.102824647629	4626.37910331675	6.696526155051794	2757.770447
13861.685839070287	4633.079360114847	6.703988445032497	2758.770447
13882.292939526047	4639.787082215043	6.71145675970096	2759.770447
13902.924145569003	4646.502275643385	6.718931101776021	2760.770447
13923.579476761437	4653.224946428638	6.726411473976524	2761.770447
13944.258952673757	4659.955100602286	6.733897879021306	2762.770447
13964.962592884545	4666.692744198535	6.741390319629205	2763.770447
13985.690416980538	4673.437883254304	6.748888798519063	2764.770447
14006.442444556626	4680.1905238092395	6.756393318409719	2765.770447
14027.218695215837	4686.950671905697	6.763903882020008	2766.770447
14048.019188569395	4693.71833358876	6.771420492068777	2767.770447
14068.843944236653	4700.493514906222	6.778943151274857	2768.770447
14089.692981845119	4707.276221908602	6.786471862357091	2769.770447
14110.566321030476	4714.066460649134	6.794006628034319	2770.770447
14131.463981436553	4720.864237183774	6.801547451025381	2771.770447
14152.385982715337	4727.669557571195	6.8090943340491155	2772.770447
14173.332344526962	4734.482427872788	6.816647279824361	2773.770447
14194.30308653973	4741.302854152668	6.824206291069959	2774.770447
14215.298228430094	4748.130842477661	6.831771370504743	2775.770447
14236.317789882667	4754.966398917314	6.839342520847559	2776.770447
14257.36179059022	4761.809529543898	6.846919744817242	2777.770447
14278.430250253674	4768.660240432396	6.854503045132634	2778.770447
14299.523188582109	4775.518537660518	6.862092424512572	2779.770447
14320.640625292774	4782.384427308682	6.8696878856759	2780.770447
14341.782580111045	4789.257915460037	6.877289431341451	2781.770447
14362.949072770485	4796.13900820044	6.884897064228068	2782.770447
14384.140123012805	4803.027711618472	6.89251078705459	2783.770447
14405.355750587849	4809.924031805434	6.900130602539853	2784.770447
14426.595975253662	4816.827974855345	6.907756513402703	2785.770447
14447.860816776407	4823.739546864937	6.915388522361973	2786.770447
14469.150294930416	4830.658753933674	6.923026632136505	2787.770447
14490.464429498188	4837.585602163723	6.930670845445141	2788.770447
14511.803240270352	4844.520097659982	6.9383211650067125	2789.770447
14533.166747045732	4851.462246530061	6.945977593540066	2790.770447
14554.554969631281	4858.412054884293	6.95364013376404	2791.770447
14575.967927842103	4865.369528835725	6.961308788397469	2792.770447
14597.405641501486	4872.334674500128	6.968983560159199	2793.770447
14618.86813044084	4879.307497995994	6.976664451768062	2794.770447
14640.355414499776	4886.288005444521	6.984351465942904	2795.770447
14661.867513526018	4893.2762029696405	6.992044605402561	2796.770447
14683.40444737547	4900.272096697993	6.9997438728658725	2797.770447
14704.966235912185	4907.275692758945	7.007449271051678	2798.770447
14726.552899008373	4914.2869972845765	7.0151608026788175	2799.770447
14748.164456544404	4921.30601640969	7.022878470466129	2800.770447
14769.800928408808	4928.332756271804	7.030602277132454	2801.770447
14791.462334498267	4935.367223011153	7.038332225396632	2802.770447
14813.148694717594	4942.409422770703	7.046068317977495	2803.770447
14834.860028979816	4949.459361696122	7.053810557593891	2804.770447
14856.596357206065	4956.517045935807	7.061558946964656	2805.770447
14878.357699325656	4963.582481640874	7.06931348880863	2806.770447
14900.144075276043	4970.655674965157	7.077074185844652	2807.770447
14921.955505002858	4977.736632065201	7.084841040791561	2808.770447
14943.792008459872	4984.825359100281	7.092614056368198	2809.770447
14965.653605609019	4991.921862232388	7.100393235293399	2810.770447
14987.540316420382	4999.026147626225	7.108178580286005	2811.770447
15009.452160872213	5006.138221449222	7.115970094064855	2812.770447
15031.389158950918	5013.258089871522	7.123767779348789	2813.770447
15053.351330651049	5020.385759065994	7.131571638856647	2814.770447
15075.338695975342	5027.521235208216	7.139381675307269	2815.770447
15097.351274934641	5034.664524476495	7.1471978914194905	2816.770447
15119.389087547981	5041.81563305185	7.1550202899121516	2817.770447
15141.452153842565	5048.974567118019	7.162848873504094	2818.770447