9.742712e-8	7.78799e-13	1.047129e-10	930.428808666363
9.969651e-8	8.092866e-13	1.0715190000000001e-10	930.4297850677403
1.020188e-7	8.409501e-13	1.096478e-10	930.4303501766565
1.043951e-7	8.73834e-13	1.1220180000000002e-10	930.4304728979391
1.068268e-7	9.079846e-13	1.148154e-10	930.4301338026083
1.093151e-7	9.434498e-13	1.174898e-10	930.4300752048265
1.118614e-7	9.802794e-13	1.202264e-10	930.4310890070733
1.14467e-7	1.018525e-12	1.230269e-10	930.4308124889759
1.171333e-7	1.05824e-12	1.258925e-10	930.4315844073315
1.198618e-7	1.09948e-12	1.28825e-10	930.4319773335923
1.226537e-7	1.142303e-12	1.318257e-10	930.4319438698221
1.255107e-7	1.186768e-12	1.348963e-10	930.4323896800727
1.284343e-7	1.232937e-12	1.380384e-10	930.4333644623524
1.314259e-7	1.280874e-12	1.412538e-10	930.4328865772108
1.344873e-7	1.330647e-12	1.4454399999999998e-10	930.4338516091987
1.376199e-7	1.382322e-12	1.479108e-10	930.4343044726957
1.408255e-7	1.435974e-12	1.513561e-10	930.4344917317505
1.441058e-7	1.491674e-12	1.548817e-10	930.4345941063405
1.474625e-7	1.549501e-12	1.584893e-10	930.435363781656
1.508974e-7	1.609534e-12	1.62181e-10	930.4358065001448
1.544122e-7	1.671855e-12	1.6595870000000001e-10	930.4355351964074
1.58009e-7	1.736551e-12	1.698244e-10	930.4360065514733
1.616896e-7	1.80371e-12	1.737801e-10	930.43682049901
1.654558e-7	1.873423e-12	1.7782789999999997e-10	930.4370878979058
1.693098e-7	1.945787e-12	1.8197010000000002e-10	930.4371750468895
1.732536e-7	2.0209e-12	1.862087e-10	930.4378415186832
1.772893e-7	2.098865e-12	1.905461e-10	930.4383499058758
1.814189e-7	2.179788e-12	1.9498450000000002e-10	930.4384696629733
1.856447e-7	2.263778e-12	1.9952619999999999e-10	930.4390289495815
1.89969e-7	2.350951e-12	2.041738e-10	930.4394146114731
1.94394e-7	2.441423e-12	2.089296e-10	930.4399253289146
1.989221e-7	2.535318e-12	2.1379620000000003e-10	930.4404630110357
2.035557e-7	2.632763e-12	2.187762e-10	930.4409381047847
2.082971e-7	2.733888e-12	2.238721e-10	930.441238046188
2.131491e-7	2.838831e-12	2.290868e-10	930.4418186949225
2.18114e-7	2.947732e-12	2.344229e-10	930.4421527589667
2.231946e-7	3.060738e-12	2.398833e-10	930.4426808285529
2.2839360000000003e-7	3.178e-12	2.454709e-10	930.4433967529349
2.337136e-7	3.299676e-12	2.511886e-10	930.443896243699
2.391576e-7	3.425927e-12	2.570396e-10	930.4442814531302
2.447283e-7	3.556923e-12	2.630268e-10	930.4445665726839
2.504289e-7	3.692838e-12	2.691535e-10	930.4452397535234
2.562622e-7	3.833852e-12	2.754229e-10	930.445630526728
2.622314e-7	3.980154e-12	2.818383e-10	930.4462174019641
2.683397e-7	4.131936e-12	2.884032e-10	930.4467909371325
2.745902e-7	4.289401e-12	2.951209e-10	930.4474518781965
2.809863e-7	4.452756e-12	3.019952e-10	930.4477447191213
2.875314e-7	4.622216e-12	3.090295e-10	930.448459503057
2.94229e-7	4.798006e-12	3.162278e-10	930.4488663109314
3.010826e-7	4.980355e-12	3.2359370000000006e-10	930.4494505146422
3.080958e-7	5.169504e-12	3.3113109999999996e-10	930.4501132753766
3.152724e-7	5.3657e-12	3.3884420000000004e-10	930.4505306568625
3.226162e-7	5.5692e-12	3.4673690000000003e-10	930.4512130090568
3.30131e-7	5.780271e-12	3.548134e-10	930.4518382648456
3.378209e-7	5.999186e-12	3.6307810000000007e-10	930.4524265881088
3.456899e-7	6.226231e-12	3.715352e-10	930.4532282028728
3.537422e-7	6.461702e-12	3.801894e-10	930.4537730457502
3.619821e-7	6.705902e-12	3.890451e-10	930.4546077100059
3.704139e-7	6.95915e-12	3.9810719999999997e-10	930.4550612247153
3.790421e-7	7.221772e-12	4.0738029999999993e-10	930.4556989427324
3.878713e-7	7.494107e-12	4.168694e-10	930.456382999088
3.969062e-7	7.776505e-12	4.265795e-10	930.4572219363565
4.061515e-7	8.069331e-12	4.365158e-10	930.4578879641928
4.156121e-7	8.372959e-12	4.466836e-10	930.4583220852522
4.252932e-7	8.68778e-12	4.570882e-10	930.4591275381862
4.351997e-7	9.014195e-12	4.677351000000001e-10	930.459814102042
4.453371e-7	9.352621e-12	4.786301e-10	930.4606054257767
4.557105e-7	9.703489e-12	4.897788e-10	930.4612684113728
4.6632559999999994e-7	1.006725e-11	5.011871999999999e-10	930.4620454193562
4.77188e-7	1.044435e-11	5.128614e-10	930.4627806849962
4.883034e-7	1.083529e-11	5.248075e-10	930.4635228917269
4.996777e-7	1.124055e-11	5.370318e-10	930.4643422419305
5.113169e-7	1.166065e-11	5.495409e-10	930.4649765831806
5.232273e-7	1.209611e-11	5.623413e-10	930.465886304278
5.354151e-7	1.254748e-11	5.754399000000001e-10	930.4666698989764
5.478868e-7	1.301533e-11	5.888436999999999e-10	930.4673130238125
5.606491e-7	1.350025e-11	6.025595999999999e-10	930.4682893609197
5.737086e-7	1.400285e-11	6.16595e-10	930.469113194236
5.870723e-7	1.452374e-11	6.309573e-10	930.4699759238857
6.007473e-7	1.506358e-11	6.456542e-10	930.4707745725187
6.147409e-7	1.562305e-11	6.606934000000001e-10	930.4717181222031
6.290604e-7	1.620283e-11	6.760829999999999e-10	930.4724461789453
6.437135e-7	1.680365e-11	6.918309999999999e-10	930.4733434176845
6.587079e-7	1.742624e-11	7.079458e-10	930.4742343834796
6.740516e-7	1.807139e-11	7.244359999999999e-10	930.4751163525833
6.897527e-7	1.873987e-11	7.413102e-10	930.4761216964235
7.058195e-7	1.943253e-11	7.585775999999999e-10	930.4768985137447
7.222606e-7	2.01502e-11	7.762471000000001e-10	930.4778725743387
7.390847e-7	2.089377e-11	7.943281999999999e-10	930.4788546724138
7.563007e-7	2.166414e-11	8.128305e-10	930.4798037721271
7.739177e-7	2.246226e-11	8.317638000000001e-10	930.4806992802523
7.919451e-7	2.32891e-11	8.51138e-10	930.4817657066186
8.103925e-7	2.414567e-11	8.709636e-10	930.482795917074
8.292695e-7	2.5033e-11	8.912509e-10	930.4838098901218
8.485863e-7	2.595218e-11	9.120107999999999e-10	930.4848716484498
8.68353e-7	2.690431e-11	9.332542999999998e-10	930.4858325431771
8.885802e-7	2.789054e-11	9.549926e-10	930.486886013567
9.092785e-7	2.891207e-11	9.772372e-10	930.4879225535009
9.304590000000001e-7	2.997011e-11	1.0000000000000003e-9	930.48897011
9.521329e-7	3.106595e-11	1.023293e-9	930.4900609600573
9.743117e-7	3.220089e-11	1.047129e-9	930.4907999778443
9.970071e-7	3.33763e-11	1.071519e-9	930.4925776397806
1.020231e-6	3.459357e-11	1.096478e-9	930.4934468087824
1.043996e-6	3.585415e-11	1.122018e-9	930.4947462072801
1.068315e-6	3.715955e-11	1.148154e-9	930.4955254695799
1.0932e-6	3.851132e-11	1.174898e-9	930.4965293327591
1.118665e-6	3.991105e-11	1.202264e-9	930.4985519403393
1.144723e-6	4.13604e-11	1.230269e-9	930.4992326068526
1.171388e-6	4.286109e-11	1.2589250000000002e-9	930.5009123577655
1.198674e-6	4.441488e-11	1.28825e-9	930.5013893887057
1.226596e-6	4.60236e-11	1.3182569999999998e-9	930.5029471491522
1.255168e-6	4.768913e-11	1.348963e-9	930.5041644062884
1.284406e-6	4.941343e-11	1.380384e-9	930.5058689683452
1.314324e-6	5.119851e-11	1.412538e-9	930.5060809054341
1.34494e-6	5.304646e-11	1.4454400000000001e-9	930.5076976284039
1.376269e-6	5.495944e-11	1.479108e-9	930.5094417987057
1.408328e-6	5.693966e-11	1.513561e-9	930.51085464015
1.441133e-6	5.898942e-11	1.548817e-9	930.5114738668287
1.474703e-6	6.11111e-11	1.584893e-9	930.5133602710088
1.509055e-6	6.330715e-11	1.62181e-9	930.5148612661162
1.544207e-6	6.558011e-11	1.659587e-9	930.5161947580934
1.580177e-6	6.79326e-11	1.6982440000000002e-9	930.5170120430279
1.616986e-6	7.036732e-11	1.7378010000000003e-9	930.5187229838168
1.654652e-6	7.288706e-11	1.778279e-9	930.520400375869
1.693196e-6	7.549472e-11	1.819701e-9	930.5218245854677
1.732637e-6	7.819327e-11	1.8620869999999998e-9	930.523221133062
1.772997e-6	8.098581e-11	1.905461e-9	930.5244168261643
1.814298e-6	8.38755e-11	1.949845e-9	930.5262087499264
1.85656e-6	8.686564e-11	1.995262e-9	930.5278533044784
1.8998069999999998e-6	8.995962e-11	2.041738e-9	930.5292645873271
1.944061e-6	9.316096e-11	2.089296e-9	930.5307438295005
1.989346e-6	9.647326e-11	2.1379620000000006e-9	930.5321952682041
2.035687e-6	9.990029e-11	2.187762e-9	930.5339887474048
2.083106e-6	1.034459e-10	2.238721e-9	930.5355360940467
2.13163e-6	1.071141e-10	2.290868e-9	930.536859434939
2.181285e-6	1.109089e-10	2.344229e-9	930.5387438257952
2.232096e-6	1.148347e-10	2.398833e-9	930.5403230237371
2.284091e-6	1.188959e-10	2.454709e-9	930.5420299921495
2.337297e-6	1.230969e-10	2.511886e-9	930.5438610271327
2.391743e-6	1.274425e-10	2.5703959999999997e-9	930.545504467016
2.447457e-6	1.319375e-10	2.630268e-9	930.5473577217227
2.504468e-6	1.365869e-10	2.691535e-9	930.5487712030496
2.562808e-6	1.413959e-10	2.754229e-9	930.5505809066713
2.622507e-6	1.463698e-10	2.818383e-9	930.5525082290093
2.683597e-6	1.515141e-10	2.8840319999999994e-9	930.5543468657769
2.746109e-6	1.568345e-10	2.9512089999999995e-9	930.5562006960538
2.810078e-6	1.623369e-10	3.019952e-9	930.5579482389123
2.875537e-6	1.680272e-10	3.0902949999999996e-9	930.5600362424946
2.942521e-6	1.739118e-10	3.162278e-9	930.5617380255626
3.011065e-6	1.799971e-10	3.235937e-9	930.5635422135845
3.081206e-6	1.862899e-10	3.311311e-9	930.5656550834398
3.152981e-6	1.927969e-10	3.388442e-9	930.5674398145223
3.226428e-6	1.995252e-10	3.467369e-9	930.5694101781495
3.301586e-6	2.064823e-10	3.548134e-9	930.5715292319851
3.378494e-6	2.136757e-10	3.630781e-9	930.5732501354393
3.457195e-6	2.211132e-10	3.7153519999999994e-9	930.575652912564
3.537728e-6	2.288028e-10	3.801894e-9	930.5774445052913
3.620138e-6	2.36753e-10	3.890451e-9	930.579707339843
3.704468e-6	2.449722e-10	3.981072e-9	930.5817559190086
3.790762e-6	2.534695e-10	4.073803e-9	930.5838965458075
3.879066e-6	2.622538e-10	4.168694e-9	930.5859949902775
3.969427e-6	2.713348e-10	4.265795000000001e-9	930.5881634724594
4.061893e-6	2.807222e-10	4.365158e-9	930.5903067426196
4.156514e-6	2.90426e-10	4.466836e-9	930.5925773858721
4.253338e-6	3.004567e-10	4.570882e-9	930.5946766291495
4.352418e-6	3.108249e-10	4.677351e-9	930.5970034962097
4.453806e-6	3.215419e-10	4.786301e-9	930.599129035136
4.538835e-6	3.306119e-10	4.877671e-9	930.6010208355586
4.675023e-6	3.30612e-10	5.024015000107458e-9	930.601045558184
4.772363e-6	3.407815e-10	5.128614e-9	930.6030404120879
4.883534e-6	3.525066e-10	5.248075000000001e-9	930.6053184453347
4.997294e-6	3.646249e-10	5.370318e-9	930.6075775959636
5.113705e-6	3.771492e-10	5.4954089999999994e-9	930.6099235197962
5.232827e-6	3.900928e-10	5.623413e-9	930.6122621262211
5.354725e-6	4.034695e-10	5.754399e-9	930.6147296181581
5.479462e-6	4.172934e-10	5.888437e-9	930.6169520706429
5.607105e-6	4.31579e-10	6.025596000000001e-9	930.6194074411893
5.737721e-6	4.463415e-10	6.16595e-9	930.6217762875144
5.871381e-6	4.615965e-10	6.309573e-9	930.6244014452324
6.008154e-6	4.773598e-10	6.456542e-9	930.6268525473853
6.148113e-6	4.936482e-10	6.606933999999999e-9	930.6293430810722
6.291332e-6	5.104787e-10	6.76083e-9	930.631664854759
6.437888e-6	5.278688e-10	6.918310000000001e-9	930.634196617382
6.587859e-6	5.458369e-10	7.079458e-9	930.6368986015597
6.741322e-6	5.644017e-10	7.24436e-9	930.6393389754237
6.898361e-6	5.835826e-10	7.413102e-9	930.642068947655
7.059059e-6	6.033995e-10	7.585776e-9	930.6447223725035
7.2235e-6	6.238732e-10	7.762471e-9	930.6474540387977
7.391771e-6	6.450248e-10	7.943282e-9	930.6500795011433
7.563963e-6	6.668763e-10	8.128305e-9	930.6528084637573
7.740166e-6	6.894505e-10	8.317637999999998e-9	930.6554878320024
7.920474e-6	7.127707e-10	8.51138e-9	930.6583386830338
8.104983e-6	7.36861e-10	8.709636e-9	930.6611505922866
8.293789e-6	7.617464e-10	8.912509e-9	930.6639405805929
8.486994e-6	7.874525e-10	9.120108e-9	930.6667697904454
8.684701e-6	8.140058e-10	9.332543e-9	930.669701259346
8.887013e-6	8.414337e-10	9.549926e-9	930.6725972222193
9.094038e-6	8.697645e-10	9.772371999999998e-9	930.6755580426126
9.305886e-6	8.990271e-10	1.e-8	930.67850271
9.522669e-6	9.292518e-10	1.023293e-8	930.6814618882372
9.744502e-6	9.604694e-10	1.047129e-8	930.6840388720016
9.971504e-6	9.927119e-10	1.071519e-8	930.6878097261924
0.00001020379	1.026012e-9	1.0964780000000002e-8	930.6904481439664
0.00001044149	1.060405e-9	1.1220179999999998e-8	930.6936613316362
0.00001068473	1.095924e-9	1.148154e-8	930.6962240256969
0.00001093364	1.132607e-9	1.174898e-8	930.6997379346973
0.00001118834	1.170491e-9	1.202264e-8	930.7032807270284
0.00001144898	1.209614e-9	1.230269e-8	930.7061800305462
0.00001171569	1.250016e-9	1.258925e-8	930.7099323629286
0.00001198861	1.291738e-9	1.28825e-8	930.7123413933631
0.00001226789	1.334822e-9	1.318257e-8	930.7156967116427
0.00001255368	1.379313e-9	1.3489630000000002e-8	930.7193238806401
0.00001284613	1.425255e-9	1.3803840000000001e-8	930.7232809855808
0.00001314539	1.472695e-9	1.4125379999999998e-8	930.7263022304534
0.00001345162	1.52168e-9	1.44544e-8	930.729859419969
0.00001376498	1.57226e-9	1.479108e-8	930.733405539014
0.00001408565	1.624487e-9	1.513561e-8	930.7371481559052
0.00001441378	1.678413e-9	1.548817e-8	930.7399397733883
0.00001474956	1.734091e-9	1.584893e-8	930.7438477550221
0.00001509316	1.791579e-9	1.6218099999999996e-8	930.7472255689632
0.00001544477	1.850934e-9	1.6595870000000003e-8	930.7508997117957
0.00001580457	1.912216e-9	1.6982440000000004e-8	930.7544861633544
0.00001617275	1.975486e-9	1.737801e-8	930.7582102899008
0.00001654951	2.040808e-9	1.778279e-8	930.7623161494905
0.00001693504	2.108247e-9	1.819701e-8	930.7654525111543
0.00001732956	2.17787e-9	1.8620870000000003e-8	930.7695005657631
0.00001773327	2.249748e-9	1.9054609999999996e-8	930.7731697473735
0.00001814639	2.323952e-9	1.949845e-8	930.7772644492253
0.00001856912	2.400556e-9	1.995262e-8	930.7810481029559
0.00001900171	2.479638e-9	2.041738e-8	930.7849311713843
0.00001944438	2.561274e-9	2.089296e-8	930.7891880327153
0.00001989735	2.645548e-9	2.137962e-8	930.7927618919325
0.00002036089	2.732543e-9	2.187762e-8	930.7969762250191
0.00002083522	2.822346e-9	2.238721e-8	930.801218463578
0.0000213206	2.915045e-9	2.290868e-8	930.8050505310651
0.00002181729	3.010733e-9	2.344229e-8	930.8092653490764
0.00002232555	3.109505e-9	2.398833e-8	930.8134207341653
0.00002284565	3.211459e-9	2.4547090000000004e-8	930.8175208955521
0.00002337787	3.316696e-9	2.5118860000000003e-8	930.8219678759307
0.00002392249	3.42532e-9	2.5703959999999997e-8	930.8260408123884
0.0000244798	3.53744e-9	2.6302680000000005e-8	930.8305252544607
0.00002505009	3.653165e-9	2.691535e-8	930.8347528454952
0.00002563367	3.77261e-9	2.754229e-8	930.8391789498985
0.00002623084	3.895894e-9	2.8183830000000005e-8	930.8435331181034
0.00002684193	4.023137e-9	2.8840320000000005e-8	930.8479634414597
0.00002746725	4.154466e-9	2.9512090000000002e-8	930.852557917789
0.00002810714	4.29001e-9	3.019952e-8	930.8568483869942
0.00002876195	4.429903e-9	3.090295e-8	930.8619372260578
0.000029432	4.574283e-9	3.162278e-8	930.8661124354026
0.00003011767	4.723291e-9	3.235937e-8	930.8708201364859
0.00003081931	4.877074e-9	3.311311e-8	930.8756282330471
0.0000315373	5.035783e-9	3.388442e-8	930.8802034386305
0.00003227202	5.199575e-9	3.4673690000000004e-8	930.8850478561699
0.00003302385	5.36861e-9	3.548134e-8	930.8898313874276
0.00003379321	5.543054e-9	3.630781000000001e-8	930.8948420188383
0.00003458048	5.723078e-9	3.715352e-8	930.8997661056071
0.0000353861	5.908859e-9	3.801894e-8	930.9046716978434
0.00003621049	6.100579e-9	3.890451e-8	930.9098245678972
0.00003705408	6.298425e-9	3.981072e-8	930.9145482674014
0.00003791733	6.502591e-9	4.073803e-8	930.9196490601042
0.0000388007	6.713277e-9	4.168694e-8	930.9249677956693
0.00003970464	6.930689e-9	4.265795e-8	930.9301241386424
0.00004062964	7.155039e-9	4.3651580000000004e-8	930.9352614269632
0.0000415762	7.386547e-9	4.466836000000001e-8	930.9405258442439
0.00004254481	7.625437e-9	4.570882e-8	930.9458313953413
0.00004353598	7.871944e-9	4.677351000000001e-8	930.9511290471894
0.00004455025	8.126309e-9	4.786301e-8	930.9564172625165
0.00004558815	8.388777e-9	4.897787999999999e-8	930.9618704811234
0.00004665024	8.659607e-9	5.011872e-8	930.9675029011116
0.00004773706	8.93906e-9	5.1286140000000005e-8	930.9727552122268
0.00004884922	9.22741e-9	5.248074999999999e-8	930.9784522896492
0.00004998728	9.524937e-9	5.370317999999999e-8	930.984067181869
0.00005115186	9.831929e-9	5.495409e-8	930.9897030230143
0.00005234357	1.014869e-8	5.623413e-8	930.9954415583561
0.00005356305	1.047552e-8	5.7543990000000006e-8	931.0012308844068
0.00005481094	1.081274e-8	5.888436999999999e-8	931.0068654890932
0.00005608791	1.116067e-8	6.025596e-8	931.0128105170013
0.000057394629999999996	1.151966e-8	6.16595e-8	931.0187345015772
0.00005873179	1.189006e-8	6.309573e-8	931.0246519059214
0.00006010011	1.227221e-8	6.456542e-8	931.0306075605178
0.00006150031	1.26665e-8	6.606934e-8	931.0366427150628
0.00006293314	1.30733e-8	6.76083e-8	931.0426870665287
0.00006439935	1.349302e-8	6.91831e-8	931.0488113426546
0.00006589972	1.392604e-8	7.079457999999999e-8	931.0549768075465
0.00006743505	1.43728e-8	7.24436e-8	931.0611675841619
0.00006900616	1.483373e-8	7.413102e-8	931.0676384865607
0.00007061387	1.530926e-8	7.585776e-8	931.0738843329938
0.00007225904	1.579987e-8	7.762470999999999e-8	931.0803205577195
0.00007394254	1.630602e-8	7.943281999999999e-8	931.0867475182173
0.00007566527	1.682821e-8	8.128305e-8	931.0932378890802
0.00007742814	1.736693e-8	8.317638000000002e-8	931.0997536800711
0.00007923208	1.792272e-8	8.51138e-8	931.1063860384567
0.00008107806	1.849609e-8	8.709636e-8	931.1130349190254
0.00008296705	1.908762e-8	8.912509e-8	931.1198184484302
0.00008490005	1.969786e-8	9.120108000000001e-8	931.1265596854773
0.00008687809	2.03274e-8	9.332543e-8	931.1333191821351
0.00008890223	2.097686e-8	9.549926000000002e-8	931.1402712439865
0.00009097352	2.164686e-8	9.772372e-8	931.1471857600181
0.00009309308	2.233804e-8	9.999999999999998e-8	931.1541804000001
0.00009526202	2.305107e-8	1.0232929999999999e-7	931.1611734859908
0.00009748151	2.378664e-8	1.0471290000000001e-7	931.1679519906335
0.0000997527	2.454544e-8	1.071519e-7	931.1756995442918
0.0001020768	2.532822e-8	1.0964780000000002e-7	931.1826431538069
0.0001044551	2.613572e-8	1.1220180000000002e-7	931.1903705644651
0.0001068888	2.696873e-8	1.148154e-7	931.1971105792429
0.0001093792	2.782803e-8	1.174898e-7	931.2044792824568
0.0001119276	2.871447e-8	1.202264e-7	931.2123998556058
0.0001145354	2.962888e-8	1.230269e-7	931.2193421113595
0.000117204	3.057214e-8	1.2589249999999996e-7	931.2276119705305
0.0001199348	3.154517e-8	1.28825e-7	931.2349712400544
0.0001227291	3.254889e-8	1.318257e-7	931.242154526773
0.0001255886	3.358427e-8	1.348963e-7	931.2500362871333
0.0001285148	3.465231e-8	1.3803839999999998e-7	931.2586375240514
0.0001315091	3.575401e-8	1.412538e-7	931.265948314311
0.0001345732	3.689045e-8	1.44544e-7	931.2741480102943
0.0001377086	3.806271e-8	1.479108e-7	931.281980152903
0.0001409172	3.927191e-8	1.513561e-7	931.2903273141949
0.0001442005	4.051922e-8	1.548817e-7	931.2980114500293
0.0001475603	4.180582e-8	1.584893e-7	931.3064403716844
0.0001509984	4.313295e-8	1.62181e-7	931.314598812438
0.0001522496	4.361852e-8	1.6352440000000002e-7	931.3180083216938
0.0001581168	4.397829e-8	1.698244e-7	931.3195176311532
0.0001618009	4.537383e-8	1.7378009999999998e-7	931.3280049326708
0.0001655708	4.681333e-8	1.778279e-7	931.336496297825
0.0001694285	4.829814e-8	1.8197010000000003e-7	931.3442051194124
0.0001733762	4.982969e-8	1.862087e-7	931.3529909719579
0.0001774158	5.140945e-8	1.905461e-7	931.3610168352959
0.0001815496	5.303892e-8	1.949845e-7	931.3696161489759
0.0001857796	5.471966e-8	1.995262e-7	931.378032859845
0.0001901083	5.645329e-8	2.0417380000000003e-7	931.3866582783883
0.0001945378	5.824145e-8	2.089296e-7	931.3952711822548
0.0001990706	6.008585e-8	2.1379619999999998e-7	931.4042337983557
0.000203709	6.198825e-8	2.1877620000000004e-7	931.4129610533503
0.0002084554	6.395048e-8	2.238721e-7	931.421782705393
0.0002133125	6.597441e-8	2.290868e-7	931.4306822130301
0.0002182827	6.806196e-8	2.3442290000000002e-7	931.4395562890827
0.0002233688	7.021512e-8	2.398833e-7	931.4488133188096
0.0002285734	7.243597e-8	2.454709e-7	931.458009768164
0.0002338992	7.47266e-8	2.511886e-7	931.4671390341758
0.0002393492	7.708921e-8	2.570396e-7	931.4762752898774
0.0002449262	7.952605e-8	2.630268e-7	931.4857879501252
0.0002506332	8.203945e-8	2.691535e-7	931.4953714144532
0.0002564731	8.463179e-8	2.754229e-7	931.5047216117468
0.0002624491	8.730556e-8	2.818383e-7	931.5142958213982
0.0002685644	9.006329e-8	2.884032e-7	931.5238641249474
0.0002748222	9.290762e-8	2.951209e-7	931.5338480602355
0.0002812258	9.584125e-8	3.019952e-7	931.5434193987189
0.0002877787	9.886699e-8	3.090295e-7	931.5536768819806
0.0002944843	1.019877e-7	3.1622779999999993e-7	931.5635364759203
0.0003013461	1.052064e-7	3.235937e-7	931.5734713005846
0.0003083678	1.085261e-7	3.311311e-7	931.5836721467721
0.0003155532	1.119499e-7	3.388442e-7	931.5937823341818
0.000322906	1.154813e-7	3.4673689999999997e-7	931.603995132909
0.0003304302	1.191234e-7	3.548134e-7	931.6145427427488
0.0003381298	1.228797e-7	3.630781e-7	931.6251233550028
0.0003460087	1.267539e-7	3.715352e-7	931.6356940069205
0.0003540713	1.307497e-7	3.801894e-7	931.646304973258
0.0003623218	1.348707e-7	3.890451e-7	931.6572055527752
0.0003707645	1.39121e-7	3.9810719999999996e-7	931.6677040756862
0.000379404	1.435046e-7	4.073803e-7	931.6785927056364
0.0003882449	1.480256e-7	4.1686939999999994e-7	931.6896985002976
0.0003972918	1.526884e-7	4.2657950000000004e-7	931.7008632622992
0.0004065495	1.574974e-7	4.365158e-7	931.7119733123062
0.000416023	1.624571e-7	4.466836e-7	931.7231640024393
0.0004257172	1.675723e-7	4.570882e-7	931.7343398932635
0.0004356374	1.728478e-7	4.677351e-7	931.7458702586143
0.0004457888	1.782886e-7	4.786301e-7	931.7572977545709
0.0004561768	1.839e-7	4.897788e-7	931.7689944930241
0.0004668068	1.896872e-7	5.011872000000001e-7	931.7805546510366
0.0004776847	1.956557e-7	5.128614e-7	931.7924018068038
0.000488816	2.018113e-7	5.248074999999999e-7	931.80415923934
0.0005002068	2.081596e-7	5.370318e-7	931.8162529667703
0.000511863	2.147069e-7	5.495409e-7	931.8281985926798
0.0005237909	2.214592e-7	5.623413e-7	931.8404307135186
0.0005359968	2.28423e-7	5.754399e-7	931.8526973885542
0.0005484872	2.35605e-7	5.888437e-7	931.864949900967
0.0005612686	2.430119e-7	6.025596e-7	931.8772979469582
0.000574348	2.506507e-7	6.165950000000001e-7	931.8898964474249
0.0005877322	2.585287e-7	6.309573e-7	931.9025688426141
0.0006014284	2.666534e-7	6.456542e-7	931.9153401309865
0.0006154438	2.750324e-7	6.606934e-7	931.9282323692048
0.0006297858	2.836738e-7	6.76083e-7	931.9410099055883
0.0006444621	2.925858e-7	6.918309999999999e-7	931.9540260554962
0.0006594805	3.017767e-7	7.079458e-7	931.9672165581036
0.0006748489	3.112553e-7	7.244360000000001e-7	931.9804030997907
0.0006905755	3.210305e-7	7.413102e-7	931.9938272804017
0.0007066687	3.311117e-7	7.585776e-7	932.0072352518714
0.0007231369	3.415085e-7	7.762470999999999e-7	932.0207553754467
0.000739989	3.522305e-7	7.943282000000001e-7	932.0344292195593
0.0007707905	3.569864e-7	8.273756e-7	932.0404014815036
0.0007748804	3.595303e-7	8.317637999999999e-7	932.0433641137063
0.0007929382	3.708164e-7	8.51138e-7	932.0568655141705
0.0008114169	3.824555e-7	8.709635999999999e-7	932.07035919756
0.0008303263	3.944589e-7	8.912509000000001e-7	932.0840617383948
0.0008420832	4.019687e-7	9.038643999999999e-7	932.0924341084792
0.0008694773	4.088093e-7	9.332543e-7	932.0997602689856
0.0008897397	4.216374e-7	9.549926e-7	932.1133351190365
0.0009104744	4.348669e-7	9.772372e-7	932.1270894108411
0.0009316923	4.485103e-7	1.e-6	932.1408103
0.0009534047999999999	4.625804e-7	1.023293e-6	932.154700950754
0.0009756234	4.770906e-7	1.047129e-6	932.1683294035405
0.0009983599	4.920546e-7	1.071519e-6	932.1831480356392
0.001021626	5.074866e-7	1.096478e-6	932.1969858036367
0.001045435	5.234013e-7	1.122018e-6	932.2117838572999
0.001069799	5.398137e-7	1.1481539999999999e-6	932.2258283296492
0.00109473	5.567393e-7	1.174898e-6	932.2398534170626
0.001120243	5.741942e-7	1.2022639999999998e-6	932.2554731739451
0.00114635	5.921948e-7	1.230269e-6	932.2694425365507
0.001173066	6.107583e-7	1.2589250000000002e-6	932.2848925074964
0.001200405	6.299022e-7	1.28825e-6	932.2995553658066
0.001228381	6.496446e-7	1.3182569999999998e-6	932.3149011156398
0.001257009	6.700042e-7	1.348963e-6	932.3302449362956
0.001286304	6.910003e-7	1.3803840000000001e-6	932.3456373733686
0.001316283	7.126527e-7	1.4125380000000002e-6	932.3612198043521
0.00134696	7.34982e-7	1.44544e-6	932.3769800199246
0.001378352	7.580093e-7	1.479108e-6	932.3930431719658
0.001410476	7.817563e-7	1.513561e-6	932.4089060830717
0.001443348	8.062455e-7	1.5488170000000002e-6	932.4240665617693
0.001476987	8.315002e-7	1.584893e-6	932.4405497405818
0.00151141	8.575441e-7	1.62181e-6	932.4566651457322
0.001546636	8.84402e-7	1.6595870000000002e-6	932.4732008626243
0.001582683	9.120992e-7	1.6982439999999998e-6	932.4897359861128
0.00161957	9.406619e-7	1.7378009999999997e-6	932.5064618445956
0.001657316	9.701172e-7	1.7782789999999998e-6	932.523027713874
0.001695943	1.000493e-6	1.8197010000000002e-6	932.5397375722715
0.001735471	1.031818e-6	1.8620869999999998e-6	932.5572961950758
0.001739608	1.03511e-6	1.866524e-6	932.5586544828782
0.00181731	1.051185e-6	1.949845e-6	932.567042508507
0.001859665	1.084093e-6	1.995262e-6	932.5838376113012
0.001903008	1.11803e-6	2.041738e-6	932.6005736289377
0.001947361	1.153027e-6	2.089296e-6	932.6175070454354
0.001992748	1.189118e-6	2.137962e-6	932.6344986487131
0.002039193	1.226336e-6	2.1877619999999994e-6	932.6514200356346
0.002086721	1.264716e-6	2.238721e-6	932.6690177114523
0.002135357	1.304296e-6	2.290868e-6	932.6863424693173
0.002185127	1.345112e-6	2.3442290000000005e-6	932.7041479309399
0.002236057	1.387203e-6	2.398833e-6	932.721953966783
0.002288174	1.430608e-6	2.4547090000000004e-6	932.7397292306338
0.002341506	1.47537e-6	2.511886e-6	932.7578441059826
0.002396082	1.52153e-6	2.5703960000000003e-6	932.7759341362187
0.00245193	1.569131e-6	2.630268e-6	932.7943506137017
0.00250908	1.618219e-6	2.691535e-6	932.812770036429
0.002567562	1.66884e-6	2.7542290000000004e-6	932.8312351659937
0.002627408	1.721042e-6	2.818383e-6	932.850163373821
0.002688649	1.774875e-6	2.8840319999999994e-6	932.8689400811087
0.002751317	1.830388e-6	2.951209e-6	932.8879750637791
0.002815447	1.887635e-6	3.019952e-6	932.9070909074052
0.002881072	1.94667e-6	3.090295e-6	932.9266849928567
0.002948227	2.007549e-6	3.1622780000000004e-6	932.9459803976753
0.003016947	2.070328e-6	3.235937e-6	932.9654217619192
0.00308727	2.135068e-6	3.311311e-6	932.9854755412584
0.003159232	2.201829e-6	3.388442e-6	933.0051477935878
0.003232872	2.270675e-6	3.467369e-6	933.0252058549291
0.003308229	2.34167e-6	3.548134e-6	933.0455585950249
0.003385343	2.414882e-6	3.630781e-6	933.0658836211823
0.003464255	2.49038e-6	3.715352e-6	933.0866577379478
0.003545007	2.568235e-6	3.801894e-6	933.1073499155948
0.003627641	2.648521e-6	3.890451e-6	933.1281954200168
0.003712203	2.731313e-6	3.981072e-6	933.1492404558369
0.003798736	2.81669e-6	4.073803e-6	933.170477315668
0.003887286	2.904733e-6	4.168694e-6	933.191722155668
0.003977901	2.995524e-6	4.265795e-6	933.2132753683661
0.004070629	3.089149e-6	4.365158e-6	933.2349823305365
0.00416552	3.185697e-6	4.466836e-6	933.2569400354076
0.004262622	3.285258e-6	4.570882e-6	933.2787978337661
0.004361989	3.387928e-6	4.677351e-6	933.3011202280951
0.004463673	3.493802e-6	4.786301e-6	933.3234165590504
0.004567728	3.602982e-6	4.897788e-6	933.346029268723
0.00467421	3.715569e-6	5.011872000000001e-6	933.368922630107
0.004783174	3.83167e-6	5.128614e-6	933.3916863308489
0.004894679	3.951396e-6	5.2480750000000006e-6	933.4147084407139
0.005008784	4.074858e-6	5.370318000000001e-6	933.4379934298116
0.00512555	4.202174e-6	5.495409e-6	933.4613991424478
0.005245039	4.333463e-6	5.623413e-6	933.4851384737347
0.005367314	4.46885e-6	5.754399000000001e-6	933.5089294294677
0.00549244	4.608463e-6	5.888436999999999e-6	933.5326951787038
0.005620485	4.752432e-6	6.025596e-6	933.5570177622263
0.005751515	4.900895e-6	6.165950000000001e-6	933.5813451292987
0.005885601	5.053992e-6	6.309573000000001e-6	933.6059654116054
0.006022814	5.211866e-6	6.456542e-6	933.6307060342826
0.006163226	5.374667e-6	6.606934e-6	933.655560506583
0.006306914	5.542549e-6	6.76083e-6	933.680709173282
0.006349596	5.592666e-6	6.8065439999999995e-6	933.6880311065352
0.006604413	5.624687e-6	7.079458e-6	933.6926198305013
0.006758382	5.800371e-6	7.24436e-6	933.7170393243848
0.006915942	5.981537e-6	7.413101999999999e-6	933.7418447769908
0.007077177	6.168356e-6	7.5857760000000005e-6	933.7667439692393
0.007242171	6.361006e-6	7.762471e-6	933.7918307198829
0.007411014	6.559667e-6	7.943282e-6	933.8172391462371
0.007583794	6.764527e-6	8.128305e-6	933.8427294497438
0.007760603	6.97578e-6	8.317638e-6	933.8683385836218
0.007941535	7.193624e-6	8.511379999999998e-6	933.8942244383402
0.008126688	7.418266e-6	8.709636e-6	933.9203459249043
0.008316158	7.649917e-6	8.912509000000001e-6	933.9466492544357
0.008510047	7.888797e-6	9.120108e-6	933.9731280594484
0.008708458	8.13513e-6	9.332543e-6	933.999782267277
0.008911497	8.389149e-6	9.549926e-6	934.0267295264908
0.009119271	8.651094e-6	9.772372e-6	934.053891317277
0.00933189	8.921211e-6	0.00001	934.0811211
0.009549469	9.199757e-6	0.00001023293	934.1086821663004
0.009772122	9.486993e-6	0.00001047129	934.1360035869504
0.009999969	9.783191e-6	0.000010715190000000001	934.1646943264655
0.01023313	0.00001008863	0.00001096478	934.1928091580496
0.01047173	0.0000104036	0.00001122018	934.2215187278636
0.01071589	0.0000107284	0.00001148154	934.2490989884633
0.01096575	0.00001106332	0.00001174898	934.2779815779753
0.01122144	0.0000114087	0.00001202264	934.3079972451973
0.01148309	0.00001176485	0.000012302690000000001	934.3367060374601
0.01175084	0.00001213212	0.00001258925	934.3663935500526
0.01202484	0.00001251084	0.000012882499999999999	934.3955629730254
0.01230523	0.00001290138	0.00001318257	934.4256377929341
0.01259216	0.0000133041	0.000013489630000000003	934.4558820367942
0.01288579	0.00001371938	0.00001380384	934.487025349468
0.01318626	0.00001414762	0.00001412538	934.5169914012932
0.01349374	0.00001458922	0.000014454400000000002	934.5479037524906
0.0138084	0.00001504459	0.00001479108	934.5798001227768
0.01413039	0.00001551417	0.000015135610000000002	934.6107735334089
0.0144599	0.0000159984	0.00001548817	934.6422721341514
0.01479709	0.00001649773	0.00001584893	934.6743111364617
0.01514215	0.00001701264	0.0000162181	934.7064477343215
0.01549526	0.00001754362	0.00001659587	934.7388006775179
0.01561285	0.00001772134	0.00001672167	934.7494203629183
0.01622636	0.00001772535	0.00001737801	934.7494534759734
0.01660474	0.00001827855	0.00001778279	934.7812435506464
0.01699195	0.00001884901	0.00001819701	934.8128626626021
0.01738819	0.00001943727	0.00001862087	934.8450029456195
0.01779367	0.00002004387	0.00001905461	934.8768549972947
0.01820861	0.0000206694	0.00001949845	934.9091543173945
0.01863323	0.00002131444	0.000019952619999999997	934.942099834508
0.01906776	0.0000219796	0.00002041738	934.9749869963726
0.01951243	0.0000226655	0.00002089296	935.0085148298758
0.01996746	0.0000233728	0.00002137962	935.0415395596367
0.02043312	0.00002410216	0.00002187762	935.0753034379425
0.02090964	0.00002485428	0.00002238721	935.1095683651514
0.02139727	0.00002562985	0.000022908679999999995	935.1433539601584
0.02189629	0.00002642961	0.00002344229	935.1782445315708
0.02240694	0.00002725432	0.00002398833	935.2128439120188
0.02292951	0.00002810475	0.00002454709	935.2479153333451
0.02346427	0.00002898171	0.00002511886	935.2833572064974
0.02401151	0.00002988602	0.00002570396	935.3187610002506
0.02457152	0.00003081853	0.00002630268	935.354820497379
0.02514459	0.00003178013	0.000026915349999999996	935.3907762670744
0.02573104	0.00003277172	0.00002754229	935.4273635198816
0.02633116	0.00003379424	0.00002818383	935.4638542738867
0.02694529	0.00003484865	0.000028840319999999997	935.5006688552693
0.02757376	0.00003593595	0.00002951209	935.5384843974113
0.02821688	0.00003705715	0.00003019952	935.5757028588533
0.02887501	0.00003821333	0.00003090295	935.6136980450085
0.0295485	0.00003940557	0.00003162278	935.6516274027774
0.03023771	0.00004063499	0.00003235937	935.6901877261517
0.03094299	0.00004190275	0.00003311311	935.7288623750533
0.03166474	0.00004321006	0.00003388442	935.7678266294656
0.03240333	0.00004455813	0.00003467368999999999	935.8071820449453
0.03315915	0.00004594825	0.00003548134	935.8467929903436
0.03393262	0.00004738172	0.000036307810000000006	935.8868441803568
0.03472413	0.0000488599	0.00003715352	935.9271988226151
0.03553411	0.00005038418	0.00003801894	935.9675514362053
0.03561557	0.00005053811	0.00003810597000000001	935.9716629703953
0.03721117	0.00005064854	0.00003981072	935.9744948094383
0.03807912	0.0000522286	0.00004073803	936.0135627569622
0.03896734	0.00005385794	0.000041686940000000005	936.05330446418
0.03987628	0.00005553809	0.00004265795	936.0932274054426
0.04080643	0.00005727064	0.00004365157999999999	936.1333688265122
0.04175829	0.00005905722	0.00004466836	936.1737753523972
0.04273236	0.00006089952	0.00004570882000000001	936.2144881447387
0.04372916	0.00006279928	0.00004677351	936.2555703003687
0.04474923	0.00006475828	0.00004786301	936.2969081969563
0.04579311	0.00006677837	0.00004897788000000001	936.3387792611684
0.04686135	0.00006886146	0.00005011872	936.3808864232766
0.04795452	0.00007100952	0.00005128614	936.4231646210848
0.0490732	0.00007322456	0.000052480750000000004	936.465743343988
0.05021799	0.00007550868	0.00005370318	936.5087631682146
0.05138951	0.00007786403	0.00005495409	936.5522025749129
0.0543213	0.00007956368	0.00005808442	936.5827132301572
0.05507053	0.00008102877	0.000058884370000000006	936.6077750343596
0.05635521	0.00008355627	0.00006025596	936.6503540894545
0.05766986	0.0000861626	0.0000616595	936.6930091875544
0.05901521	0.0000888502	0.00006309573	936.736292614413
0.06039195	0.00009162162	0.00006456542	936.7796510887716
0.06180083	0.00009447946	0.00006606934	936.8234866581079
0.06324259	0.00009742642	0.00006760830000000001	936.8674618353073
0.064718	0.0001004653	0.0000691831	936.9118368503291
0.06622785	0.0001035989	0.00007079458	936.9565989373764
0.06777295	0.0001068303	0.0000724436	937.0017544683036
0.06935411	0.0001101624	0.00007413101999999999	937.0473035444542
0.0709025	0.0001134499	0.0000757834	937.0911030647873
0.07432237	0.0001161892	0.00007943282	937.12597890897
0.0760563	0.0001198131	0.00008128305	937.1709489247758
0.07783072	0.0001235501	0.00008317637999999999	937.2164321169063
0.07964655	0.0001274036	0.00008511380000000001	937.262272392961
0.08150477	0.0001313772	0.00008709636	937.3083697183213
0.08340637	0.0001354748	0.00008912509	937.3549558266924
0.08535236	0.0001397002	0.00009120108	937.4018399782108
0.08734377	0.0001440573	0.00009332543	937.4489600530103
0.08938168	0.0001485503	0.00009549926000000002	937.4965868845475
0.09146716	0.0001531833	0.00009772372000000001	937.5445725971136
0.09360132	0.0001579609	0.00010000000000000002	937.592809
0.09578532	0.0001628874	0.0001023293	937.6415884795459
0.09802029	0.0001679676	0.00010471289999999999	937.69017570901
0.1003075	0.0001732062	0.0001071519	937.7407792115678
0.1008452	0.0001744436	0.0001077254	937.7513901085538
0.105043	0.0001766863	0.0001122018	937.7718209511792
0.107494	0.0001821968	0.00011481539999999999	937.8201600133781
0.1100021	0.0001878791	0.0001174898	937.8684711353667
0.1125689	0.0001937385	0.0001202264	937.9191134393112
0.1151955	0.0001997807	0.0001230269	937.9678810081374
0.1178835	0.0002060113	0.0001258925	938.0186373294678
0.1206342	0.0002124361	0.000128825	938.06820182418
0.1234492	0.0002190613	0.0001318257	938.1195115975111
0.1263299	0.0002258931	0.00013489629999999998	938.1709735552421
0.1292778	0.0002329379	0.0001380384	938.2225373519253
0.1322946	0.0002402024	0.0001412538	938.2742439495433
0.1353818	0.0002476934	0.000144544	938.3266922182864
0.1385411	0.000255418	0.0001479108	938.3798748975736
0.1417742	0.0002633835	0.0001513561	938.4331619274014
0.1450827	0.0002715973	0.0001548817	938.4859366858708
0.1484686	0.0002800673	0.0001584893	938.5407551172225
0.1519335	0.0002888014	0.000162181	938.5951584957547
0.1554793	0.0002978078	0.00016595869999999998	938.649843605668
0.1580418	0.000304359	0.0001686886	938.6891526754032
0.1666209	0.0003123413	0.0001778279	938.7348177648163
0.1705093	0.0003220817	0.0001819701	938.7881948737733
0.1744886	0.0003321258	0.0001862087	938.8429530951023
0.1785609	0.0003424831	0.0001905461	938.8981621770271
0.1827282	0.0003531634	0.0001949845	938.9534214258057
0.1869928	0.0003641767	0.0001995262	939.0093967609266
0.1913571	0.0003755334	0.00020417380000000001	939.0658027621565
0.1958232	0.0003872442	0.00020892960000000002	939.1222890389873
0.2003937	0.0003993201	0.00021379619999999997	939.1795555767595
0.2050709	0.0004117726	0.0002187762	939.2368667158494
0.2098573	0.0004246134	0.0002238721	939.2948625576836
0.2147556	0.0004378545	0.0002290868	939.3533564570284
0.2195833	0.0004510029	0.00023422600000000003	939.4102401099792
0.2301469	0.0004577091	0.0002454709	939.4376649126231
0.2355185	0.0004719822	0.0002511886	939.4951928550897
0.2410156	0.0004867003	0.00025703960000000007	939.5528949624882
0.2466411	0.0005018774	0.0002630268	939.611390930506
0.2477387	0.0005048519	0.0002641949	939.622800818638
0.252398	0.0005128182	0.0002691535	939.6527193590274
0.2582891	0.0005205402	0.00027542290000000003	939.6809059813108
0.2643176	0.0005274976	0.00028183829999999996	939.7058440957101
0.2704868	0.0005340658	0.0002884032	939.7290522435256
0.2767997	0.0005404122	0.00029512090000000004	939.7508349967759
0.2832599	0.0005466289	0.0003019952	939.7716549799468
0.2898706	0.0005527728	0.0003090295	939.7917441538751
0.2966355	0.0005588853	0.0003162277999999999	939.811064365625
0.3035582	0.0005650021	0.0003235937	939.8304172794464
0.3106422	0.0005711428	0.00033113110000000006	939.8493309749521
0.3178913	0.0005773289	0.0003388442	939.867434354786
0.3253095	0.0005835763	0.0003467369	939.8857643936944
0.3329006	0.0005899026	0.0003548134	939.9039117462869
0.3406687	0.0005963157	0.00036307810000000006	939.9217845967576
0.3486178	0.0006028331	0.0003715352	939.9395618503979
0.3567523	0.0006094621	0.0003801894	939.9571952821411
0.3650764	0.0006162136	0.00038904510000000006	939.9748604981788
0.3735945	0.0006230992	0.0003981072	939.9920403348646
0.3823113	0.0006301256	0.0004073803	940.0096803895525
0.3912312	0.0006373026	0.0004168694	940.0270266898937
0.4003591	0.0006446377	0.0004265795	940.0445584000169
0.4096997	0.0006521454	0.00043651579999999995	940.0618383114655
0.4192582	0.0006598278	0.00044668359999999995	940.079348782897
0.4290394	0.0006677003	0.0004570882	940.0966822158175
0.4390486	0.0006757658	0.00046773510000000003	940.1141068951208
0.4492912	0.0006840339	0.0004786301	940.1315000874371
0.4597726	0.0006925184	0.0004897788	940.1491416124993
0.4814738	0.0007011234	0.0005128614	940.1661411835635
0.4927052	0.0007103862	0.0005248075	940.1839459230289
0.5041984	0.000719897	0.0005370318000000002	940.2018595546855
0.5159596	0.0007296677	0.0005495409000000001	940.2198593407696
0.5279949	0.0007397086	0.0005623413	940.2379099667764
0.5403108	0.0007500283	0.0005754399	940.2560168316447
0.5529139	0.00076064	0.0005888437	940.2742017958244
0.5658108	0.0007715486	0.0006025596	940.2926259908562
0.5790083	0.0007827725	0.000616595	940.311018577835
0.5925135	0.0007943171	0.0006309573	940.3295866455622
0.6063335	0.0008061996	0.0006456542	940.3480990288608
0.6204758	0.0008184282	0.0006606934	940.3669360099557
0.6349477	0.0008310163	0.0006760829999999998	940.3855980700596
0.6497571	0.0008439751	0.000691831	940.4046293097592
0.6649117	0.0008573187	0.0007079458	940.4237142165404
0.6804196	0.0008710643	0.000724436	940.4428607910154
0.696289	0.000885219	0.0007413102	940.4621965271759
0.7125285	0.0008998009	0.0007585776000000001	940.4816341795487
0.7291465	0.000914823	0.0007762470999999999	940.5011922105732
0.746152	0.0009303016	0.0007943282	940.5209353010506
0.763554	0.0009462505	0.0008128305	940.5408021721624
0.7813617	0.0009626869	0.0008317638	940.5607540265639
0.7995845	0.0009796285	0.000851138	940.5808793638635
0.8182323	0.0009970903	0.0008709636	940.6011804626507
0.8373148	0.001015088	0.0008912509	940.6216453750567
0.8568422	0.001033644	0.0009120108	940.6421985353682
0.8768249	0.001052771	0.0009332543	940.6628729168459
0.8972736	0.001072492	0.0009549926	940.6838251940383
0.918199	0.001092826	0.0009772372	940.7049035791924
0.9396123	0.001113792	0.001	940.7260919999999
0.9615248	0.001135411	0.001023293	940.7473822258141
0.9839483000000001	0.001157703	0.001047129	940.7685232669519
1.006895	0.001180692	0.001071519	940.7912430857504
1.030376	0.001204401	0.0010964779999999997	940.8126756761195
1.054405	0.001228849	0.001122018	940.8350391883197
1.078994	0.001254065	0.001148154	940.8564225704914
1.104157	0.001280069	0.001174898	940.8791818523822
1.129906	0.001306894	0.001202264	940.9022427686433
1.16078	0.00132275	0.001235078	940.9144604632257
1.183219	0.001346557	0.001258925	940.9341755863138
1.210811	0.001376049	0.0012882500000000001	940.9563741509802
1.239047	0.001406466	0.0013182569999999998	940.9799955547363
1.267942	0.00143784	0.001348963	941.00419359167
1.29751	0.001470201	0.0013803839999999997	941.0281494134966
1.327767	0.001503579	0.0014125380000000003	941.0511993305665
1.35873	0.001538007	0.0014454399999999999	941.0753867334513
1.390415	0.001573518	0.001479108	941.0999859374704
1.422839	0.001610144	0.001513561	941.1243709371475
1.456019	0.001647922	0.001548817	941.148581142898
1.489973	0.001686887	0.0015848930000000002	941.1738754603623
1.524719	0.001727076	0.00162181	941.1990775738219
1.560275	0.001768526	0.0016595869999999997	941.2242479604867
1.59666	0.001811274	0.001698244	941.2494753404104
1.633894	0.001855364	0.0017378009999999998	941.2754187619872
1.671996	0.001900836	0.001778279	941.3015820352149
1.710986	0.00194773	0.0018197009999999997	941.3270257036733
1.750886	0.001996089	0.0018620869999999997	941.3534861690135
1.791717	0.002045964	0.001905461	941.3800460885843
1.833499	0.002097391	0.001949845	941.4063122966185
1.876257	0.002150423	0.0019952620000000003	941.4339685715461
1.920011	0.002205108	0.002041738	941.4607104339539
1.964786	0.002261495	0.0020892960000000005	941.4881831009104
2.010605	0.002319635	0.002137962	941.5156279671949
2.057492	0.002379577	0.002187762	941.5428081299519
2.105474	0.002441381	0.002238721	941.5712726150334
2.154574	0.002505096	0.002290868	941.599034077913
2.20482	0.00257078	0.002344229	941.6276225573524
2.256237	0.002638495	0.002398833	941.6560031481974
2.301204	0.002668723	0.002446585	941.6687844485273
2.362697	0.002750976	0.002511886	941.7019625890665
2.417796	0.002825259	0.0025703959999999995	941.730869095657
2.474181	0.002901822	0.0026302680000000003	941.7606198303748
2.53188	0.002980741	0.002691535	941.7899975292909
2.590926	0.003062081	0.0027542289999999995	941.8200451015512
2.651348	0.003145909	0.002818383	941.8499575820605
2.71318	0.003232301	0.0028840319999999995	941.8800835080888
2.776455	0.003321329	0.0029512089999999998	941.9110367988169
2.841205	0.003413069	0.0030199520000000002	941.9414841692849
2.907466	0.003507598	0.003090295	941.9727236396526
2.975272	0.003604995	0.0031622780000000006	942.0035161361524
3.04466	0.003705343	0.003235937	942.0348242255643
3.115667	0.003808728	0.0033113109999999995	942.066670270476
3.18833	0.003915228	0.003388442	942.0982351180867
3.262688	0.004024937	0.003467369	942.1301675708585
3.338781	0.004137945	0.0035481339999999997	942.1625409299648
3.416649	0.004254343	0.003630781	942.1949004911064
3.496333	0.004374226	0.003715352	942.2276075052915
3.577877	0.004497692	0.003801894	942.260539615255
3.661322	0.004624845	0.003890451	942.2935400034597
3.7467149999999996	0.004755782	0.0039810719999999996	942.3267858506451
3.834099	0.004890608	0.004073803	942.3601504540107
3.923522	0.005029431	0.004168694	942.3938123066841
4.015032	0.005172367	0.004265795	942.4279335973715
4.108676	0.005319531	0.004365158	942.461998168222
4.204505	0.005471035	0.004466836	942.4962176807029
4.302569	0.005626999	0.004570882	942.5305660920585
4.402922	0.005787548	0.004677350999999999	942.5654709257442
4.505616	0.005952815	0.004786301000000001	942.6003118065495
4.610706	0.006122923	0.004897788	942.6355168904821
4.718247	0.00629801	0.005011872	942.6707246314352
4.828298	0.006478212	0.005128614	942.706199374724
4.940916	0.006663677	0.005248075	942.7418009460611
5.056163	0.006854551	0.005370318	942.7779790693959
5.174097	0.007050987	0.005495408999999999	942.8138992020431
5.294784	0.007253135	0.005623413	942.850389078661
5.418287	0.007461169	0.005754399	942.8870276461538
5.544671	0.007675242	0.005888437	942.9236046849105
5.674004	0.007895537	0.006025596	942.9605863054874
5.806355	0.008122233	0.006165950000000001	942.9977915811837
5.941794	0.008355513	0.006309573000000001	943.0352122084964
6.080393	0.008595563	0.006456542	943.0727102836162
6.222227	0.008842591	0.006606933999999999	943.1106154534009
6.36737	0.009096805	0.00676083	943.1485194865129
6.5159	0.009358412	0.00691831	943.1867626631359
6.667895	0.00962764	0.007079458	943.2251226011933
6.823438	0.009904727	0.007244359999999999	943.2638255139171
6.98261	0.01018992	0.007413102000000001	943.3028063015995
7.145496	0.01048345	0.007585776	943.3417820404926
7.312184	0.01078561	0.007762471	943.3812519235177
7.482761	0.01109666	0.007943282	943.4208252961433
7.657319	0.01141689	0.008128305000000002	943.4606464693437
7.83595	0.01174662	0.008317638	943.5006212100118
8.01875	0.01208616	0.00851138	943.5410192001768
8.205816	0.01243585	0.008709636	943.5815515137486
8.397247	0.01279603	0.008912509	943.6223884879106
8.593146	0.01316708	0.009120108	943.663504862004
8.793617	0.0135494	0.009332543	943.7048830099149
8.998766	0.01394338	0.009549926	943.746514894461
9.208703	0.01434949	0.009772372	943.788518283995
9.42354	0.01476816	0.01	943.8308159999998
9.643391	0.01519989	0.01023293	943.8734448491292
9.868373	0.0156452	0.01047129	943.9160027083578
10.09861	0.01610465	0.01071519	943.9603637453001
10.33421	0.01657878	0.010964780000000002	944.0033251921151
10.57532	0.01706825	0.01122018	944.0479787311789
10.82205	0.01757369	0.01148154	944.0914450500544
11.07455	0.01809581	0.01174898	944.1369216732007
11.33293	0.01863534	0.01202264	944.1824208326956
11.59735	0.01919308	0.012302689999999998	944.2278948750234
11.86794	0.01976985	0.012589249999999998	944.2746668784877
12.14485	0.02036656	0.0128825	944.3210991655346
12.42822	0.02098417	0.013182570000000001	944.3685237400598
12.7182	0.02162368	0.01348963	944.4160944369859
13.01496	0.02228617	0.01380384	944.4651756322878
13.31864	0.02297282	0.01412538	944.5135507858904
13.62941	0.02368485	0.014454399999999997	944.5632367998672
13.94744	0.02442358	0.01479108	944.6141579925198
14.2729	0.02519041	0.01513561	944.6656203483044
14.60595	0.02598686	0.01548817	944.7169588143724
14.94678	0.02681453	0.01584893	944.7700589251135
15.29557	0.02767513	0.0162181	944.8236926643689
15.6525	0.02857048	0.01659587	944.8778810631803
16.01777	0.02950255	0.01698244	944.9332693064129
16.39157	0.03047343	0.01737801	944.9898711072213
16.7741	0.03148534	0.01778279	945.0477309803467
17.16556	0.03254067	0.01819701	945.1058536539794
19.2685	0.03356891	0.02042203	945.159169289243
19.71362	0.03472316	0.020892959999999995	945.2151901884654
20.17363	0.03594039	0.021379619999999995	945.272665744293
20.64438	0.03721237	0.02187762	945.3309989843502
21.12614	0.03854236	0.02238721	945.3916928460491
21.61914	0.03993383	0.02290868	945.4527205408605
22.12366	0.04139046	0.023442290000000005	945.5155814555659
22.63997	0.04291622	0.02398833	945.5800474647465
23.16834	0.0445153	0.02454709	945.6459115927795
23.70906	0.04619217	0.02511886	945.7137851797415
24.26241	0.04795161	0.025703960000000005	945.7827358119137
24.82869	0.04979869	0.02630268	945.8537567274515
25.40821	0.05173879	0.026915349999999998	945.9267217405682
26.00127	0.05377769	0.027542289999999997	946.0015013275948
26.60819	0.05592147	0.02818383	946.0783530840203
27.22931	0.05817664	0.02884032	946.1575544238067
27.86494	0.06055009	0.02951209	946.2389851074594
28.51544	0.06304915	0.030199519999999997	946.3226286378062
29.18115	0.06568159	0.030902949999999995	946.4090512394448
29.86242	0.0684557	0.03162278	946.4972940392969
30.55964	0.07138017	0.03235936999999999	946.5888912546816
31.27316	0.07446432	0.03311311	946.6831813743862
32.00338	0.07771794	0.03388442	946.7801998676679
32.75068	0.08115149	0.03467369	946.8802279192092
33.51548	0.08477594	0.03548134	946.9838495389406
34.29817	0.08860299	0.03630781	947.090253859982
35.09919	0.09264497	0.03715352	947.2005605390822
35.91896	0.09691487	0.03801894	947.3140195386825
36.75793	0.1014265	0.03890451	947.4314546051345
37.61655	0.1061944	0.039810719999999994	947.5524280897205
38.49528	0.1112339	0.04073803000000001	947.6774871048011
39.3946	0.1165612	0.041686940000000006	947.8067039701162
40.315	0.1221934	0.04265795	947.9403815701411
41.25697	0.1281485	0.04365158	948.0783627992389
42.22103	0.1344456	0.04466836	948.2209689364015
43.20769	0.1411047	0.04570882	948.3682733441817
44.2175	0.1481469	0.046773510000000004	948.5207952107935
45.25099	0.1555945	0.04786301	948.6779978944074
46.30874	0.163471	0.04897788	948.8408032360732
47.39131	0.1718011	0.05011871999999999	949.0088952790495
48.4993	0.1806108	0.05128614	949.1825822727153
49.6333	0.1899278	0.05248075000000001	949.3619622432986
50.79395	0.199781	0.05370318000000001	949.5476990375616
51.98187	0.2102012	0.054954090000000004	949.7395225723873
53.1977	0.2212206	0.05623413	949.9377086477554
54.44212	0.2328734	0.05754399	950.1425500734308
55.71581	0.245196	0.05888436999999999	950.3541601956513
57.01946	0.2582266	0.06025595999999999	950.5729657282036
58.35378	0.272006	0.061659500000000006	950.7989198744718
59.71952	0.2865773	0.06309573	951.0326182136255
61.11742	0.3019865	0.06456542	951.2740178875937
62.54825	0.3182824	0.06606934	951.5235417820127
64.0128	0.3355173	0.0676083	951.7813241865275
65.51187	0.3537469	0.06918309999999998	952.0477819004932
67.0463	0.3730309	0.07079458000000001	952.3233402896099
68.61693	0.3934335	0.0724436	952.6081461992502
70.22464	0.4150234	0.07413102	952.9028927431457
71.87031	0.4378751	0.07585776	953.2074912309565
73.55486	0.4620685	0.07762471	953.5227700045515
75.27923	0.4876904	0.07943282000000002	953.8490563472378
77.04438	0.5148349	0.08128304999999998	954.1868187771006
78.8513	0.543604	0.08317638	954.5366605279047
80.701	0.574109	0.08511379999999999	954.8993112750222
82.59451	0.606471	0.08709636	955.2750654562373
84.5329	0.6408227	0.08912508999999999	955.6649277997924
86.51727	0.6773087	0.09120108	956.069584921582
88.54874	0.7160882	0.09332543	956.4898677670169
90.62846	0.7573353	0.09549926	956.9267374427823
92.75761	0.8012418	0.09772372	957.3811946577556
94.93741	0.8480183	0.09999999999999999	957.854283
97.16912	0.8978966	0.1023293	958.3473804667872
99.454	0.9511327	0.1047129	958.8611594177986
101.7934	1.008008	0.1071519	959.3988347383482
104.1886	1.068834	0.1096478	959.9593790299485
106.6411	1.133952	0.1122018	960.5465509465979
109.1524	1.203741	0.1148154	961.1614905317579
111.7237	1.277711	0.11748980000000002	961.7976283898686
114.3568	1.356167	0.1202264	962.4588859019318
117.053	1.440037	0.1230269	963.1473848402261
119.8141	1.529994	0.1258925	963.8707150942273
122.6417	1.62671	0.128825	964.6296138171939
125.5375	1.730898	0.1318257	965.429335857879
128.5032	1.843323	0.1348963	966.2720400781933
131.5408	1.964819	0.1380384	967.1628981500799
134.652	2.096295	0.1412538	968.1034775701607
137.8389	2.238744	0.144544	969.1003708213415
141.1035	2.39325	0.1479108	970.157351592987
144.4479	2.560999	0.1513561	971.2783231068984
147.8743	2.743288	0.1548817	972.468587315351
151.3849	2.941531	0.1584893	973.7340691138139
154.9821	3.157272	0.162181	975.079522262164
158.6683	3.392194	0.16595869999999996	976.5109873721594
162.4461	3.648128	0.1698244	978.0351233391668
166.3181	3.927065	0.1737801	979.6585742556254
170.2871	4.231165	0.17782789999999998	981.3885503905743
174.356	4.562775	0.1819701	983.231723233652
178.5276	4.924429	0.18620869999999998	985.1957991221678
182.8053	5.318875	0.19054610000000002	987.2895587996815
187.1922	5.74907	0.19498450000000003	989.5210644948701
191.6917	6.218209	0.19952619999999996	991.8993545709787
196.3075	6.729724	0.2041738	994.4332916368311
201.0432	7.287304	0.20892960000000002	997.1325460825083
205.9028	7.894903	0.2137962	1000.007030059468
210.8904	8.556756	0.2187762	1003.0668601063553
216.0102	9.277386	0.22387210000000002	1006.3227441025479
221.2668	10.06162	0.2290868	1009.7850247155226
226.6649	10.91459	0.2344229	1013.4653653717278
232.2094	11.84176	0.23988330000000002	1017.3745316993721
237.9056	12.84892	0.24547090000000002	1021.5244250947871
243.759	13.94221	0.2511886	1025.9271718541368
249.7752	15.1281	0.25703960000000003	1030.5933404813889
255.9603	16.41344	0.2630268	1035.5360746509482
262.3206	17.80544	0.2691535	1040.766848656993
268.8628	19.31167	0.27542289999999997	1046.2981473218094
275.5939	20.94009	0.2818383	1052.1422744885988
282.5212	22.69904	0.2884032	1058.310864789295
289.6525	24.59725	0.29512089999999996	1064.8169953398758
296.9957	26.64383	0.3019952	1071.6711060308241
304.5595	28.84832	0.30902949999999996	1078.8867082268846
312.3528	31.22063	0.31622780000000006	1086.4744655593215
320.3849	33.7711	0.3235937	1094.4465235262614
328.6656	36.51048	0.3311311	1102.8142025922662
337.2042	39.23176	0.3388442	1110.9411345981428
346.0014	41.71985	0.3467369	1118.2001396447854
355.0618	44.24768	0.35481339999999995	1125.4069885748397
364.393	46.8655	0.3630781	1132.6998240874345
374.0039	49.59754	0.3715352	1140.1381080446752
383.9035	52.38609	0.3801894	1147.5585326681912
394.0975	55.11349	0.3890451	1154.6501678083082
404.5934	57.9141	0.39810719999999994	1161.766227789902
415.4	60.81419	0.40738030000000003	1168.9671542782014
426.5276	63.87291	0.41686940000000006	1176.38884024589
437.9876	67.10739	0.4265795	1184.0582822193753
449.7922	70.53074	0.43651579999999995	1191.9910802770485
461.9537	74.15509	0.4466836	1200.1980596556489
474.4854	77.99235	0.45708819999999994	1208.6895920743525
487.4009	82.05461	0.4677351	1217.47439950519
500.7146	86.35422	0.47863009999999995	1226.5605944966687
514.4415	90.90394	0.48977880000000007	1235.956803356944
528.5971	95.71696	0.5011872	1245.6704002017607
543.1978	100.807	0.5128614	1255.7092423021113
558.2604	106.1883	0.5248075	1266.0808010556252
573.8028	111.8758	0.5370318	1276.7932923152784
589.8434	117.8848	0.5495409000000001	1287.8535519376264
606.4014	124.2315	0.5623413	1299.2695005684268
623.4971	130.9326	0.5754399	1311.0486429599339
641.1514	138.0058	0.5888437	1323.1986688487964
659.3861	145.4693	0.6025596	1335.7274533506727
678.2241	153.3421	0.616595	1348.6424638539072
697.6892	161.6443	0.6309573	1361.9519102164281
717.8063	170.3965	0.6456542000000001	1375.6633194672938
738.6013	179.6204	0.6606934	1389.784883578374
760.1012	189.3388	0.6760829999999999	1404.3246169479191
782.3342	199.5753	0.6918310000000001	1419.2909829134571
805.3298	210.3546	0.7079458	1434.6923168412045
829.1187	221.7025	0.724436	1450.536969449337
853.7328	233.646	0.7413102	1466.8337222393538
879.2057	246.2132	0.7585776	1483.5909997869696
905.5722	259.4336	0.7762471	1500.818231720286
932.8686	273.3379	0.7943282	1518.524081104007
961.1329	287.9582	0.8128305	1536.7178027891423
990.4048	303.3282	0.8317637999999999	1555.4091197525065
1020.726	319.4828	0.8511379999999998	1574.6081129029606
1052.138	336.4588	0.8709636	1594.3224263333161
1084.688	354.2945	0.8912509	1614.56498949959
1118.422	373.03	0.9120108000000001	1635.3446691640054
1153.389	392.7072	0.9332543	1656.6719274692869
1189.64	413.37	0.9549926000000001	1678.557509241433
1227.228	435.0644	0.9772372	1701.01220051795
1266.21	457.8387	1.	1724.0487
1285.5829379484096	469.29290045169046	1.0111602572991123	1735.3712745821579
1937.992623723782	469.2937584381081	1.3874289674877789	1735.3716623216746
1939.6605991692459	469.89592457588014	1.3881484924586454	1735.80603
1943.5057525163065	471.28518014463054	1.3903630520334715	1736.80603
1947.357364559633	472.6766514942609	1.3925800545495253	1737.80603
1951.2154436342266	474.0703410687046	1.3947995019909907	1738.80603
1955.0799980810418	475.4662513138795	1.3970213963420515	1739.80603
1958.9510362469828	476.86438467768676	1.3992457395868911	1740.80603
1962.82856648491	478.2647436100126	1.4014725337096936	1741.80603
1966.7125971536343	479.6673305627269	1.4037017806946428	1742.80603
1970.6031366179193	481.072147989684	1.4059334825259224	1743.80603
1974.5001932484815	482.4791983467222	1.4081676411877166	1744.80603
1978.4037754219903	483.8884840916643	1.4104042586642083	1745.80603
1982.3138915210664	485.30000768431694	1.4126433369395819	1746.80603
1986.2305499342838	486.7137715864709	1.4148848779980208	1747.80603
1990.1537590561697	488.1297782619022	1.417128883823709	1748.80603
1994.083527287203	489.548030176369	1.4193753564008302	1749.80603
1998.0198630338155	490.9685297976155	1.4216242977135687	1750.80603
2001.9627747083919	492.3912795953694	1.4238757097461077	1751.80603
2005.912270729267	493.81628204134233	1.4261295944826304	1752.80603
2009.868359520733	495.2435396092309	1.428385953907322	1753.80603
2013.8310495130295	496.6730547747146	1.4306447900043653	1754.80603
2017.8003491423513	498.10483001545845	1.432906104757944	1755.80603
2021.7762668508476	499.5388678111108	1.4351699001522429	1756.80603
2025.7588110866159	500.9751706433043	1.437436178171445	1757.80603
2029.747990303708	502.41374099565655	1.4397049407997338	1758.80603
2033.74381296213	503.8545813537686	1.4419761900212937	1759.80603
2037.7462875278384	505.29769420522473	1.4442499278203083	1760.80603
2041.7554224727428	506.7430820395962	1.446526156180961	1761.80603
2045.7712262747052	508.1907473484355	1.4488048770874358	1762.80603
2049.7937074175416	509.64069262528085	1.4510860925239168	1763.80603
2053.822874391018	511.09292036565455	1.4533698044745873	1764.80603
2057.8587356908556	512.5474330670628	1.4556560149236315	1765.80603
2061.9012998187263	514.0042332289962	1.4579447258552327	1766.80603
2065.950575282255	515.4633233529289	1.4602359392535753	1767.80603
2070.00657059502	516.9247059423203	1.4625296571028428	1768.80603
2074.069294276551	518.388383502613	1.4648258813872186	1769.80603
2078.138754852331	519.8543585412345	1.4671246140908871	1770.80603
2082.2149608537957	521.3226335675961	1.4694258571980316	1771.80603
2086.297920818331	522.7932110930932	1.471729612692836	1772.80603
2090.387643289279	524.2660936311057	1.4740358825594841	1773.80603
2094.484136815933	525.7412836969971	1.47634466878216	1774.80603
2098.5874099535367	527.2187838081168	1.4786559733450468	1775.80603
2102.6974712632896	528.6985964837958	1.4809697982323289	1776.80603
2106.814329312342	530.1807242453507	1.4832861454281898	1777.80603
2110.937992673797	531.665169616083	1.4856050169168136	1778.80603
2115.0684699267094	533.1519351212767	1.4879264146823832	1779.80603
2119.2057696560887	534.6410232882013	1.4902503407090832	1780.80603
2123.349900452895	536.1324366461101	1.4925767969810975	1781.80603
2127.500870914042	537.62617772624	1.494905785482609	1782.80603
2131.658689642395	539.1222490618134	1.4972373081978025	1783.80603
2135.8233652467725	540.6206531880351	1.4995713671108606	1784.80603
2139.9949063419467	542.1213926420955	1.5019079642059683	1785.80603
2144.1733215486397	543.6244699631692	1.5042471014673087	1786.80603
2148.3586194935287	545.1298876924136	1.506588780879066	1787.80603
2152.5508088092415	546.637648372972	1.5089330044254232	1788.80603
2156.74989813436	548.1477545499707	1.5112797740905648	1789.80603
2160.955896113417	549.6602087705209	1.5136290918586743	1790.80603
2165.1688113969	551.1750135837174	1.5159809597139358	1791.80603
2169.388652641246	552.6921715406392	1.5183353796405323	1792.80603
2173.6154285088487	554.2116851943503	1.5206923536226482	1793.80603
2177.849147668051	555.7335570998977	1.5230518836444675	1794.80603
2182.0898187931484	557.2577898143137	1.5254139716901733	1795.80603
2186.3374505643924	558.7843858966141	1.5277786197439502	1796.80603
2190.592051667982	560.3133479077992	1.5301458297899808	1797.80603
2194.853630796074	561.844678410853	1.5325156038124503	1798.80603
2199.1221966467715	563.378379970744	1.534887943795541	1799.80603
2203.3977579241373	564.9144551544255	1.537262851723438	1800.80603
2207.680323338182	566.4529065308338	1.5396403295803245	1801.80603
2211.969901604869	567.9937366708905	1.542020379350384	1802.80603
2216.266501446116	569.5369481475008	1.5444030030178004	1803.80603
2220.570131589793	571.0825435355531	1.546788202566758	1804.80603
2224.880800769721	572.6305254119227	1.54917597998144	1805.80603
2229.198517725675	574.1808963554661	1.5515663372460304	1806.80603
2233.5232912033825	575.7336589470261	1.553959276344713	1807.80603
2237.8551299545225	577.2888157694288	1.5563547992616718	1808.80603
2242.194042736728	578.8463694074835	1.5587529079810902	1809.80603
2246.5400383135843	580.4063224479861	1.5611536044871523	1810.80603
2250.8931254546264	581.9686774797146	1.5635568907640411	1811.80603
2255.253312935346	583.5334370934323	1.5659627687959414	1812.80603
2259.6206095371836	585.1006038818866	1.568371240567036	1813.80603
2263.9950240475373	586.6701804398077	1.5707823080615095	1814.80603
2268.3765652597535	588.2421693639118	1.5731959732635459	1815.80603
2272.7652419731303	589.8165732528986	1.5756122381573276	1816.80603
2277.161062992923	591.393394707452	1.5780311047270401	1817.80603
2281.5640371303352	592.9726363302397	1.5804525749568659	1818.80603
2285.974173202525	594.5543007259138	1.582876650830989	1819.80603
2290.3914800326024	596.1383905011108	1.5853033343335936	1820.80603
2294.815966449631	597.7249082644515	1.5877326274488635	1821.80603
2299.247641288626	599.3138566265409	1.5901645321609819	1822.80603
2303.686513390554	600.9052381999677	1.5925990504541327	1823.80603
2308.132591602339	602.4990555993043	1.5950361843125007	1824.80603
2312.5858847768486	604.0953114411088	1.597475935720268	1825.80603
2317.046401772913	605.6940083439226	1.5999183066616196	1826.80603
2321.5141514553084	607.2951489282715	1.6023632991207386	1827.80603
2325.989142694766	608.898735816665	1.6048109150818095	1828.80603
2330.471384367969	610.5047716335971	1.6072611565290156	1829.80603
2334.9608853575537	612.1132590055464	1.6097140254465407	1830.80603
2339.4576545521077	613.724200560975	1.6121695238185687	1831.80603
2343.961700846172	615.3375989303298	1.6146276536292834	1832.80603
2348.4730331402397	616.9534567460415	1.617088416862868	1833.80603
2352.991660340759	618.5717766425245	1.6195518155035078	1834.80603
2357.517591360125	620.1925612561787	1.6220178515353847	1835.80603
2362.0508351166914	621.8158132253869	1.6244865269426834	1836.80603
2366.5914005347604	623.4415351905172	1.6269578437095877	1837.80603
2371.1392965445893	625.0697297939209	1.6294318038202813	1838.80603
2375.6945320823866	626.7003996799336	1.631908409258948	1839.80603
2380.257116090313	628.3335474948763	1.6343876620097715	1840.80603
2384.8270575164825	629.969175887052	1.6368695640569353	1841.80603
2389.4043653149624	631.60728750675	1.6393541173846236	1842.80603
2393.9890484457715	633.2478850062427	1.6418413239770204	1843.80603
2398.5811158748793	634.8909710397872	1.644331185818309	1844.80603
2403.180576574213	636.5365482636239	1.6468237048926733	1845.80603
2407.7874395216477	638.1846193359779	1.649318883184297	1846.80603
2412.4017137010114	639.8351869170594	1.6518167226773641	1847.80603
2417.0234081020876	641.4882536690615	1.654317225356058	1848.80603
2421.65253172061	643.1438222561616	1.656820393204563	1849.80603
2426.2890935582654	644.8018953445221	1.6593262282070627	1850.80603
2430.9331026226937	646.4624756022884	1.6618347323477405	1851.80603
2435.5845679274853	648.1255656995918	1.6643459076107805	1852.80603
2440.243498492186	649.7911683085454	1.6668597559803662	1853.80603
2444.9099033422926	651.4592861032494	1.669376279440682	1854.80603
2449.5837915092557	653.1299217597852	1.6718954799759116	1855.80603
2454.2651720304752	654.8030779562207	1.6744173595702379	1856.80603
2458.9540539493073	656.478757372607	1.6769419202078455	1857.80603
2463.6504463150586	658.1569626909786	1.6794691638729176	1858.80603
2468.35435818299	659.8376965953564	1.6819990925496389	1859.80603
2473.0657986143124	661.5209617717436	1.6845317082221924	1860.80603
2477.7847766761915	663.2067609081275	1.6870670128747618	1861.80603
2482.5113014417443	664.8950966944809	1.689605008491531	1862.80603
2487.2453819900416	666.5859718227599	1.6921456970566842	1863.80603
2491.987027406106	668.2793889869054	1.6946890805544053	1864.80603
2496.7362467809103	669.9753508828414	1.6972351609688772	1865.80603
2501.493049211384	671.6738602084765	1.6997839402842836	1866.80603
2506.2574438004076	673.3749196637048	1.7023354204848096	1867.80603
2511.0294396568147	675.0785319504025	1.7048896035546381	1868.80603
2515.809045895388	676.7846997724318	1.7074464914779528	1869.80603
2520.5962716368667	678.4934258356379	1.710006086238938	1870.80603
2525.3911260079412	680.2047128478504	1.7125683898217763	1871.80603
2530.193618141256	681.9185635188835	1.7151334042106539	1872.80603
2535.0037571754037	683.634980560535	1.7177011313897517	1873.80603
2539.8215522549344	685.3539666865878	1.7202715733432552	1874.80603
2544.647012530347	687.075524612808	1.7228447320553477	1875.80603
2549.480147158096	688.799657056946	1.7254206095102125	1876.80603
2554.3209653005874	690.5263667387375	1.7279992076920343	1877.80603
2559.1694761261783	692.2556563799002	1.7305805285849964	1878.80603
2564.025688809181	693.9875287041389	1.733164574173283	1879.80603
2568.889612529858	695.7219864371398	1.7357513464410776	1880.80603
2573.761256474423	697.4590323065758	1.7383408473725632	1881.80603
2578.640629835049	699.1986690421011	1.7409330789519248	1882.80603
2583.527741809854	700.940899375357	1.7435280431633458	1883.80603
2588.4226016029124	702.6857260399667	1.7461257419910097	1884.80603
2593.32521842425	704.4331517715389	1.7487261774191003	1885.80603
2598.235601489846	706.1831793076665	1.7513293514318016	1886.80603
2603.1537600216316	707.9358113879258	1.7539352660132976	1887.80603
2608.0797032474884	709.6910507538774	1.7565439231477709	1888.80603
2613.0134404012565	711.4489001490672	1.759155324819407	1889.80603
2617.954980722723	713.209362319023	1.7617694730123883	1890.80603
2622.9043334576286	714.9724400112601	1.7643863697108992	1891.80603
2627.861507857668	716.7381359752751	1.7670060168991235	1892.80603
2632.8265131804883	718.5064529625494	1.769628416561245	1893.80603
2637.7993586896864	720.2773937265503	1.7722535706814468	1894.80603
2642.780053654816	722.0509610227264	1.7748814812439133	1895.80603
2647.7686073513805	723.8271576085135	1.7775121502328284	1896.80603
2652.7650290608394	725.6059862433293	1.780145579632376	1897.80603
2657.7693280705976	727.3874496885762	1.782781771426739	1898.80603
2662.7815136740182	729.1715507076426	1.7854207276001017	1899.80603
2667.801595170418	730.9582920658976	1.7880624501366482	1900.80603
2672.8295818650604	732.7476765306981	1.7907069410205616	1901.80603
2677.8654830691676	734.539706871383	1.7933542022360265	1902.80603
2682.9093080999114	736.3343858592754	1.7960042357672261	1903.80603
2687.961066280415	738.131716267684	1.7986570435983442	1904.80603
2693.020766939756	739.9317008719001	1.8013126277135645	1905.80603
2698.0884194129653	741.7343424492002	1.803970990097071	1906.80603
2703.1640330410237	743.5396437788453	1.8066321327330477	1907.80603
2708.247617170867	745.3476076420784	1.809296057605678	1908.80603
2713.339181155381	747.1582368221301	1.8119627666991456	1909.80603
2718.438734353408	748.9715341042119	1.8146322619976345	1910.80603
2723.54628612974	750.7875022755218	1.8173045454853292	1911.80603
2728.6618458551197	752.6061441252406	1.819979619146412	1912.80603
2733.785422906246	754.4274624445337	1.8226574849650672	1913.80603
2738.9170266657693	756.2514600265513	1.825338144925479	1914.80603
2744.056666522294	758.0781396664265	1.8280216010118313	1915.80603
2749.204351870371	759.9075041612783	1.830707855208307	1916.80603
2754.3600921105117	761.7395563102077	1.8333969094990905	1917.80603
2759.523896649176	763.5742989143025	1.8360887658683658	1918.80603
2764.6957748987747	765.4117347766324	1.8387834263003162	1919.80603
2769.875736277677	767.2518667022518	1.841480892779126	1920.80603
2775.0637902101957	769.0946974982012	1.844181167288978	1921.80603
2780.2599461266054	770.9402299735015	1.846884251814057	1922.80603
2785.4642134631276	772.788466939162	1.8495901483385462	1923.80603
2790.676601661938	774.6394112081737	1.8522988588466298	1924.80603
2795.8971201711656	776.4930655955112	1.855010385322491	1925.80603
2801.1257784448903	778.3494329181357	1.8577247297503143	1926.80603
2806.362585943145	780.2085159949906	1.8604418941142826	1927.80603
2811.607552131916	782.0703176470046	1.8631618803985803	1928.80603
2816.8606864831418	783.9348406970897	1.8658846905873911	1929.80603
2822.1219984747145	785.8020879701419	1.868610326664899	1930.80603
2827.391497590475	787.6720622930438	1.871338790615287	1931.80603
2832.6691933202214	789.5447664946581	1.8740700844227394	1932.80603
2837.955095159702	791.420203405836	1.8768042100714404	1933.80603
2843.249212610617	793.2983758594098	1.8795411695455733	1934.80603
2848.551555180621	795.179286690197	1.8822809648293213	1935.80603
2853.8621323833204	797.0629387349998	1.8850235979068697	1936.80603
2859.1809537382733	798.9493348326032	1.8877690707624006	1937.80603
2864.5080287709907	800.8384778237786	1.8905173853800987	1938.80603
2869.8433670129375	802.7303705512791	1.8932685437441479	1939.80603
2875.1869780015295	804.6250158598436	1.8960225478387314	1940.80603
2880.5388712801364	806.5224165961946	1.8987793996480336	1941.80603
2885.899056398079	808.4225756090394	1.9015391011562375	1942.80603
2891.267542910631	810.3254957490685	1.9043016543475275	1943.80603
2896.6443403790213	812.2311798689569	1.9070670612060876	1944.80603
2902.0294583704263	814.1396308233644	1.9098353237161008	1945.80603
2907.4229064579795	816.0508514689345	1.9126064438617514	1946.80603
2912.8246942207643	817.9648446642942	1.9153804236272225	1947.80603
2918.234831243818	819.8816132700568	1.918157264996699	1948.80603
2923.6533271181306	821.8011601488174	1.9209369699543641	1949.80603
2929.0801914406434	823.7234881651564	1.9237195404844016	1950.80603
2934.51543381425	825.6486001856382	1.9265049785709947	1951.80603
2939.9590638478003	827.5764990788116	1.9292932861983285	1952.80603
2945.4110911560892	829.50718771521	1.932084465350585	1953.80603
2950.871525359874	831.4406689673491	1.9348785180119497	1954.80603
2956.3403760858573	833.3769457097314	1.937675446166606	1955.80603
2961.8176529666944	835.3160208188419	1.9404752517987367	1956.80603
2967.3033656409984	837.2578971731497	1.9432779368925266	1957.80603
2972.797523753329	839.2025776531087	1.9460835034321586	1958.80603
2978.3001369542035	841.1500651411573	1.9488919534018172	1959.80603
2983.8112149000885	843.1003625217169	1.9517032887856864	1960.80603
2989.3307672534024	845.0534726811946	1.9545175115679492	1961.80603
2994.85880368252	847.0093985079804	1.9573346237327895	1962.80603
3000.395333861765	848.9681428924492	1.9601546272643915	1963.80603
3005.9403674714163	850.9297087269593	1.9629775241469387	1964.80603
3011.4939141977025	852.8940989058549	1.965803316364615	1965.80603
3017.0559837328083	854.8613163254622	1.968632005901604	1966.80603
3022.626585774867	856.8313638840926	1.9714635947420895	1967.80603
3028.2057300279694	858.8042444820421	1.9742980848702556	1968.80603
3033.7934262021527	860.77996102159	1.9771354782702855	1969.80603
3039.3896840134116	862.7585164070011	1.9799757769263637	1970.80603
3044.99451318369	864.7399135445232	1.9828189828226732	1971.80603
3050.6079234408894	866.724155342388	1.9856650979433985	1972.80603
3056.229924518857	868.7112447108128	1.988514124272723	1973.80603
3061.8605261573985	870.7011845619975	1.9913660637948307	1974.80603
3067.4997381022686	872.693977810128	1.9942209184939055	1975.80603
3073.147570105174	874.6896273713729	1.99707869035413	1976.80603
3078.804031923779	876.6881361638847	1.9999393813596895	1977.80603
3084.4691333216933	878.689507107802	2.002802993494767	1978.80603
3090.142884068485	880.6937431252455	2.005669528743546	1979.80603
3095.825293939674	882.7008471403213	2.0085389890902117	1980.80603
3101.516372716727	884.7108220791201	2.0114113765189456	1981.80603
3107.216130187071	886.723670869715	2.0142866930139336	1982.80603
3112.924576144082	888.7393964421648	2.0171649405593586	1983.80603
3118.641720387088	890.7580017285115	2.020046121139404	1984.80603
3124.3675727213704	892.7794896627829	2.0229302367382545	1985.80603
3130.1021429581624	894.8038631809892	2.025817289340093	1986.80603
3135.8454409146507	896.8311252211256	2.028707280929104	1987.80603
3141.5974764139755	898.8612787231714	2.0316002134894706	1988.80603
3147.3582592852263	900.8943266290897	2.034496089005377	1989.80603
3153.127799363448	902.9302718828287	2.037394909461007	1990.80603
3158.9061064896378	904.9691174303193	2.040296676840544	1991.80603
3164.693190510744	907.0108662194792	2.0432013931281725	1992.80603
3170.4890612796667	909.0555212002072	2.0461090603080754	1993.80603
3176.293728655264	911.1030853243872	2.049019680364437	1994.80603
3182.10720250234	913.1535615458891	2.051933255281441	1995.80603
3187.9294926916536	915.2069528205651	2.0548497870432705	1996.80603
3193.760609099919	917.2632621062521	2.0577692776341108	1997.80603
3199.600561609798	919.3224923627714	2.060691729038145	1998.80603
3205.4493601099093	921.3846465519274	2.0636171432395556	1999.80603
3211.3070144948233	923.4497276375107	2.0665455222225284	2000.80603
3217.1735346650585	925.5177385852943	2.069476867971246	2001.80603
3223.048930527094	927.5886823630366	2.0724111824698923	2002.80603
3228.9332119933533	929.662561940479	2.075348467702651	2003.80603
3234.826388982217	931.7393802893478	2.0782887256537057	2004.80603
3240.728471418019	933.819140383354	2.0812319583072414	2005.80603
3246.639469231043	935.901845198191	2.0841781676474405	2006.80603
3252.559392357527	937.9874977115389	2.0871273556584873	2007.80603
3258.48825073966	940.0761009030601	2.0900795243245662	2008.80603
3264.4260543255846	942.1676577544013	2.09303467562986	2009.80603
3270.372813069396	944.2621712491941	2.095992811558552	2010.80603
3276.3285369311434	946.359644373054	2.098953934094828	2011.80603
3282.2932358768244	948.4600801135813	2.1019180452228703	2012.80603
3288.2669198783938	950.5634814603588	2.104885146926863	2013.80603
3294.249598913755	952.6698514049548	2.1078552411909897	2014.80603
3300.241282966768	954.7791929409219	2.110828329999434	2015.80603
3306.2419820272403	956.8915090637965	2.1138044153363804	2016.80603
3312.251706090936	959.0068027710989	2.116783499186012	2017.80603
3318.2704651595714	961.1250770623345	2.119765583532513	2018.80603
3324.2982692408136	963.2463349389909	2.122750670360067	2019.80603
3330.335128348286	965.3705794045429	2.1257387616528582	2020.80603
3336.3810525015565	967.4978134644467	2.128729859395069	2021.80603
3342.4360517261557	969.6280401261442	2.1317239655708855	2022.80603
3348.5001360535566	971.7612623990609	2.134721082164489	2023.80603
3354.573315521195	973.897483294607	2.1377212111600645	2024.80603
3360.6556001724516	976.0367058261767	2.140724354541796	2025.80603
3366.747000056664	978.1789330091473	2.143730514293867	2026.80603
3372.847525229118	980.3241678608825	2.1467396924004616	2027.80603
3378.9571857510578	982.4724134007278	2.149751890845763	2028.80603
3385.075991689675	984.6236726500148	2.1527671116139553	2029.80603
3391.203953118114	986.7779486320584	2.1557853566892216	2030.80603
3397.341080115475	988.935244372157	2.1588066280557463	2031.80603
3403.4873827668116	991.095562897595	2.161830927697714	2032.80603
3409.6428711631256	993.2589072376387	2.164858257599307	2033.80603
3415.807555401371	995.4252804235415	2.16788861974471	2034.80603
3421.98144558446	997.594685488538	2.170922016118106	2035.80603
3428.1645518212517	999.7671254678481	2.1739584487036794	2036.80603
3434.356884226561	1001.9426033986775	2.176997919485614	2037.80603
3440.5584529211546	1004.121122320213	2.180040430448093	2038.80603
3446.769268031752	1006.3026852736285	2.183085983575301	2039.80603
3452.9893396910247	1008.48729530208	2.186134580851422	2040.80603
3459.2186780375937	1010.6749554507088	2.189186224260638	2041.80603
3465.457293216039	1012.8656687666402	2.192240915787134	2042.80603
3471.7051953768905	1015.0594382989831	2.195298657415094	2043.80603
3477.9623946766283	1017.2562670988324	2.1983594511287023	2044.80603
3484.2289012776846	1019.4561582192645	2.2014232989121405	2045.80603
3490.5047253484518	1021.6591147153412	2.2044902027495947	2046.80603
3496.7898770632632	1023.8651396441097	2.2075601646252467	2047.80603
3503.0843666024152	1026.074236064599	2.210633186523282	2048.8060299999997
3509.3882041521492	1028.2864070378241	2.2137092704278825	2049.8060299999997
3515.701399904666	1030.5016556267847	2.216788418323234	2050.8060299999997
3522.0239640581135	1032.7199848964624	2.21987063219352	2051.8060299999997
3528.3559068165937	1034.9413979138249	2.222955914022924	2052.8060299999997
3534.6972383901616	1037.1658977478228	2.2260442657956285	2053.8060299999997
3541.047968994823	1039.3934874693914	2.229135689495818	2054.8060299999997
3547.4081088525395	1041.6241701514514	2.2322301871076773	2055.8060299999997
3553.777668191223	1043.8579488689056	2.235327760615389	2056.8060299999997
3560.1566572447387	1046.0948266986425	2.2384284120031377	2057.8060299999997
3566.5450862529015	1048.3348067195338	2.241532143255106	2058.8060299999997
3572.9429654614855	1050.577892012435	2.2446389563554785	2059.8060299999997
3579.350305122213	1052.8240856601883	2.2477488532884395	2060.8060299999997
3585.7671154927557	1055.0733907476179	2.250861836038172	2061.8060299999997
3592.1934068367445	1057.325810361532	2.25397790658886	2062.8060299999997
3598.6291894237575	1059.5813475907246	2.257097066924687	2063.8060299999997
3605.07447352933	1061.8400055259708	2.260219319029837	2064.8060299999997
3611.529269434946	1064.1017872600346	2.2633446648884945	2065.8060299999997
3617.993587428044	1066.3666958876606	2.2664731064848427	2066.8060299999997
3624.467437802009	1068.634734505579	2.2696046458030636	2067.8060299999997
3630.950830856192	1070.9059062125027	2.2727392848273436	2068.8060299999997
3637.4437768958874	1073.1802141091293	2.275877025541866	2069.8060299999997
3643.9462862323417	1075.4576612981436	2.279017869930814	2070.8060299999997
3650.4583691827515	1077.7382508842113	2.282161819978371	2071.8060299999997
3656.9800360702757	1080.0219859739816	2.2853088776687214	2072.8060299999997
3663.5112972240167	1082.308869676091	2.2884590449860487	2073.8060299999997
3670.0521629790355	1084.5989051011575	2.2916123239145367	2074.8060299999997
3676.6026436763427	1086.892095361785	2.29476871643837	2075.8060299999997
3683.162749662899	1089.1884435725606	2.2979282245417307	2076.8060299999997
3689.7324912916233	1091.4879528500567	2.301090850208804	2077.8060299999997
3696.3118789213822	1093.7906263128282	2.3042565954237735	2078.8060299999997
3702.9009229169988	1096.0964670814142	2.3074254621708223	2079.8060299999997
3709.4996336492436	1098.405478278341	2.3105974524341346	2080.8060299999997
3716.108021494846	1100.7176630281165	2.3137725681978947	2081.8060299999997
3722.7260968364826	1103.0330244572322	2.316950811446285	2082.8060299999997
3729.3538700627873	1105.3515656941654	2.3201321841634908	2083.8060299999997
3735.9913515683393	1107.6732898693765	2.3233166883336946	2084.8060299999997
3742.6385517536783	1109.9982001153114	2.3265043259410803	2085.8060299999997
3749.295481025296	1112.3262995663995	2.3296950989698337	2086.8060299999997
3755.962149795627	1114.6575913590534	2.3328890094041355	2087.8060299999997
3762.638568483072	1116.992078631671	2.336086059228172	2088.8060299999997
3769.3247475119715	1119.329764524634	2.339286250426125	2089.8060299999997
3776.0206973126296	1121.6706521803094	2.34248958498218	2090.8060299999997
3782.7264283212944	1124.014744743046	2.3456960648805194	2091.8060299999997
3789.4419509801737	1126.3620453591793	2.348905692105328	2092.8060299999997
3796.1672757374236	1128.712557177027	2.3521184686407897	2093.8060299999997
3802.9024130471516	1131.0662833468923	2.3553343964710876	2094.8060299999997
3809.6473733694193	1133.4232270210618	2.3585534775804047	2095.8060299999997
3816.402167170243	1135.7833913538077	2.3617757139529263	2096.8060299999997
3823.166804921588	1138.1467795013841	2.365001107572836	2097.8060299999997
3829.9412971013767	1140.5133946220305	2.3682296604243165	2098.8060299999997
3836.7256541934803	1142.8832398759703	2.371461374491553	2099.8060299999997
3843.519886687719	1145.2563184254132	2.3746962517587273	2100.8060299999997
3850.3240050798768	1147.6326334345495	2.377934294210026	2101.8060299999997
3857.1380198716743	1150.0121880695565	2.381175503829629	2102.8060299999997
3863.9619415708057	1152.3949854985938	2.3844198826017244	2103.8060299999997
3870.7957806908976	1154.7810288918047	2.3876674325104927	2104.8060299999997
3877.63954775154	1157.1703214213214	2.3909181555401195	2105.8060299999997
3884.493253278274	1159.5628662612537	2.3941720536747884	2106.8060299999997
3891.3569078025885	1161.9586665877007	2.397429128898682	2107.8060299999997
3898.230521861932	1164.3577255787425	2.4006893831959855	2108.8060299999997
3905.1141059996994	1166.7600464144448	2.403952818550881	2109.8060299999997
3912.0076707652447	1169.1656322768579	2.4072194369475546	2110.8060299999997
3918.9112267138653	1171.5744863500156	2.410489240370188	2111.8060299999997
3925.8247844068214	1173.9866118199354	2.413762230802966	2112.8060299999997
3932.7483544113193	1176.4020118746191	2.4170384102300715	2113.8060299999997
3939.68194730052	1178.8206897040543	2.42031778063569	2114.8060299999997
3946.625573653532	1181.2426485002118	2.423600344004003	2115.8060299999997
3953.579244055426	1183.6678914570455	2.4268861023191968	2116.8060299999997
3960.542969097218	1186.0964217704939	2.4301750575654526	2117.8060299999997
3967.5167593758797	1188.5282426384804	2.433467211726956	2118.8060299999997
3974.500625494332	1190.9633572609139	2.43676256678789	2119.8060299999997
3981.4945780614535	1193.4017688396846	2.4400611247324386	2120.8060299999997
3988.49862769207	1195.8434805786683	2.443362887544786	2121.8060299999997
3995.512785006962	1198.2884956837254	2.446667857209115	2122.8060299999997
4002.537060632867	1200.7368173626976	2.4499760357096103	2123.8060299999997
4009.5714652024662	1203.188448825417	2.4532874250304553	2124.8060299999997
4016.6160093543995	1205.6433932836946	2.4566020271558333	2125.8060299999997
4023.670703733258	1208.1016539513255	2.459919844069929	2126.8060299999997
4030.7355589895856	1210.5632340440923	2.4632408777569252	2127.8060299999997
4037.8105857798782	1213.0281367797581	2.466565130201006	2128.8060299999997
4044.895794766586	1215.496365378074	2.4698926033863566	2129.8060299999997
4051.9911966181066	1217.9679230607726	2.473223299297158	2130.8060299999997
4059.0968020087957	1220.4428130515719	2.4765572199175967	2131.8060299999997
4066.2126216189613	1222.921038576173	2.479894367231855	2132.8060299999997
4073.338666134861	1225.402602862261	2.483234743224117	2133.8060299999997
4080.4749462487034	1227.887509139508	2.486578349878566	2134.8060299999997
4087.6214726586554	1230.3757606395677	2.4899251891793863	2135.8060299999997
4094.7782560688356	1232.8673605960776	2.4932752631107626	2136.8060299999997
4101.9453071893095	1235.3623122446606	2.496628573656877	2137.8060299999997
4109.1226367361	1237.8606188229232	2.4999851228019137	2138.8060299999997
4116.31025543118	1240.3622835704582	2.503344912530057	2139.8060299999997
4123.508174002476	1242.8673097288402	2.5067079448254903	2140.8060299999997
4130.716403183871	1245.3757005416273	2.5100742216723977	2141.8060299999997
4137.934953715196	1247.8874592543632	2.5134437450549636	2142.8060299999997
4145.163836342227	1250.4025891145766	2.516816516957369	2143.8060299999997
4152.403061816714	1252.9210933717789	2.5201925393638014	2144.8060299999997
4159.652640896336	1255.4429752774668	2.523571814258442	2145.8060299999997
4166.912584344741	1257.9682380851207	2.526954343625475	2146.8060299999997
4174.182902931522	1260.4968850502041	2.5303401294490855	2147.8060299999997
4181.463607432226	1263.028919430165	2.533729173713456	2148.8060299999997
4188.754708628352	1265.5643444844384	2.5371214784027707	2149.8060299999997
4196.056217307351	1268.1031634744406	2.5405170455012125	2150.8060299999997
4203.368144262632	1270.6453796635724	2.5439158769929673	2151.8060299999997
4210.69050029355	1273.1909963172193	2.5473179748622172	2152.8060299999997
4218.0232962054115	1275.7400167027506	2.5507233410931454	2153.8060299999997
4225.366542809485	1278.2924440895208	2.554131977669937	2154.8060299999997
4232.720250922983	1280.8482817488668	2.5575438865767763	2155.8060299999997
4240.084431369071	1283.4075329541124	2.5609590697978453	2156.8060299999997
4247.459094976869	1285.9702009805628	2.5643775293173285	2157.8060299999997
4254.844252581454	1288.5362891055076	2.56779926711941	2158.8060299999997
4262.239915023849	1291.1058006082235	2.571224285188274	2159.8060299999997
4269.646093151032	1293.678738769968	2.5746525855081033	2160.8060299999997
4277.06279781593	1296.255106873985	2.578084170063082	2161.8060299999997
4284.49003987743	1298.8349082055015	2.581519040837394	2162.8060299999997
4291.927830200367	1301.4181460517268	2.5849571998152228	2163.8060299999997
4299.376179655526	1304.00482370186	2.588398648980753	2164.8060299999997
4306.83509911965	1306.5949444470793	2.591843390318167	2165.8060299999997
4314.30459947543	1309.1885115805487	2.5952914258116495	2166.8060299999997
4321.784691611514	1311.7855283974168	2.5987427574453843	2167.8060299999997
4329.2753864225	1314.385998194814	2.602197387203555	2168.8060299999997
4336.7766948089375	1316.989924271859	2.605655317070345	2169.8060299999997
4344.288627677328	1319.597309929653	2.609116549029939	2170.8060299999997
4351.811195940133	1322.208158471278	2.61258108506652	2171.8060299999997
4359.344410515754	1324.8224732018064	2.616048927164272	2172.8060299999997
4366.888282328558	1327.4402574282888	2.6195200773073792	2173.8060299999997
4374.442822308854	1330.0615144597634	2.6229945374800243	2174.8060299999997
4382.008041392908	1332.6862476072533	2.626472309666392	2175.8060299999997
4389.583950522945	1335.3144601837628	2.6299533958506665	2176.8060299999997
4397.170560647128	1337.9461555042817	2.63343779801703	2177.8060299999997
4404.767882719582	1340.581336885785	2.636925518149667	2178.8060299999997
4412.37592770039	1343.2200076472316	2.6404165582327623	2179.8060299999997
4419.994706555572	1345.8621711095625	2.643910920250498	2180.8060299999997
4427.624230257115	1348.5078305957056	2.647408606187059	2181.8060299999997
4435.264509782952	1351.1569894305705	2.650909618026629	2182.8060299999997
4442.915556116968	1353.8096509410543	2.654413957753392	2183.8060299999997
4450.577380249002	1356.4658184560349	2.6579216273515307	2184.8060299999997
4458.249993174845	1359.1254953063765	2.6614326288052292	2185.8060299999997
4465.933405896244	1361.7886848249257	2.6649469640986725	2186.8060299999997
4473.627629420894	1364.4553903465142	2.6684646352160426	2187.8060299999997
4481.332674762443	1367.1256152079598	2.6719856441415253	2188.8060299999997
4489.048552940493	1369.799362748062	2.675509992859302	2189.8060299999997
4496.775274980601	1372.4766363076044	2.6790376833535583	2190.8060299999997
4504.512851914271	1375.1574392293558	2.682568717608477	2191.8060299999997
4512.261294778965	1377.841774858069	2.6861030976082434	2192.8060299999997
4520.02061461809	1380.5296465404813	2.6896408253370385	2193.8060299999997
4527.790822481016	1383.2210576253144	2.6931819027790493	2194.8060299999997
4535.571929423055	1385.9160114632728	2.6967263319184562	2195.8060299999997
4543.363946505481	1388.6145114070453	2.7002741147394462	2196.8060299999997
4551.166884795513	1391.3165608113065	2.7038252532262006	2197.8060299999997
4558.98075536633	1394.0221630327142	2.7073797493629055	2198.8060299999997
4566.805569297056	1396.7313214299102	2.710937605133743	2199.8060299999997
4574.641337672769	1399.4440393635216	2.7144988225228968	2200.8060299999997
4582.488071584506	1402.1603201961573	2.718063403514552	2201.8060299999997
4590.345782129247	1404.8801672924121	2.72163135009289	2202.8060299999997
4598.214480409933	1407.6035840188665	2.7252026642420977	2203.8060299999997
4606.094177535451	1410.330573744082	2.728777347946356	2204.8060299999997
4613.984884620649	1413.0611398386056	2.732355403189851	2205.8060299999997
4621.886612786317	1415.7952856749696	2.7359368319567654	2206.8060299999997
4629.799373159203	1418.533014627688	2.7395216362312826	2207.8060299999997
4637.7231768720085	1421.2743300732627	2.7431098179975866	2208.8060299999997
4645.658035063388	1424.0192353901755	2.746701379239862	2209.8060299999997
4653.603958877943	1426.7677339588959	2.750296321942292	2210.8060299999997
4661.560959466235	1429.5198291618751	2.75389464808906	2211.8060299999997
4669.529047984773	1432.2755243835493	2.75749635966435	2212.8060299999997
4677.508235596017	1435.0348230103411	2.7611014586523455	2213.8060299999997
4685.498533468388	1437.7977284306533	2.764709947037232	2214.8060299999997
4693.499952776248	1440.5642440348763	2.7683218268031906	2215.8060299999997
4701.512504699926	1443.3343732153821	2.7719370999344077	2216.8060299999997
4709.536200425686	1446.108119366528	2.7755557684150647	2217.8060299999997
4717.571051145759	1448.885485884656	2.7791778342293467	2218.8060299999997
4725.617068058321	1451.6664761680922	2.7828032993614373	2219.8060299999997
4733.674262367504	1454.4510936171469	2.7864321657955204	2220.8060299999997
4741.7426452833915	1457.2393416341133	2.7900644355157795	2221.8060299999997
4749.822228022021	1460.031223623268	2.793700110506399	2222.8060299999997
4757.913021805376	1462.8267429908765	2.797339192751561	2223.8060299999997
4766.0150378614035	1465.6259031451843	2.8009816842354516	2224.8060299999997
4774.128287423994	1468.428707496422	2.8046275869422534	2225.8060299999997
4782.252781732992	1471.2351594568045	2.808276902856149	2226.8060299999997
4790.3885320342	1474.0452624405311	2.8119296339613244	2227.8060299999997
4798.5355495793665	1476.8590198637855	2.8155857822419623	2228.8060299999997
4806.693845626196	1479.6764351447353	2.8192453496822463	2229.8060299999997
4814.863431438344	1482.4975117035317	2.8229083382663607	2230.8060299999997
4823.044318285423	1485.3222529623106	2.8265747499784895	2231.8060299999997
4831.236517442989	1488.1506623451924	2.830244586802814	2232.8060299999997
4839.4400401925595	1490.982743278282	2.8339178507235214	2233.8060299999997
4847.654897821601	1493.8184991896665	2.837594543724794	2234.8060299999997
4855.881101623532	1496.6579335094195	2.841274667790816	2235.8060299999997
4864.118662897723	1499.5010496695982	2.8449582249057697	2236.8060299999997
4872.3675929495	1502.3478511042415	2.84864521705384	2237.8060299999997
4880.62790309014	1505.1983412493773	2.8523356462192115	2238.8060299999997
4888.89960463687	1508.052523543014	2.856029514386067	2239.8060299999997
4897.182708912873	1510.9104014251454	2.85972682353859	2240.8060299999997
4905.477227247283	1513.7719783377477	2.8634275756609644	2241.8060299999997
4913.783170975189	1516.6372577247848	2.867131772737375	2242.8060299999997
4922.100551437627	1519.5062430322023	2.870839416752004	2243.8060299999997
4930.429379981592	1522.37893770793	2.874550509689037	2244.8060299999997
4938.769667960028	1525.2553452018828	2.878265053532656	2245.8060299999997
4947.121426731833	1528.1354689659581	2.881983050267046	2246.8060299999997
4955.484667661853	1531.0193124540413	2.88570450187639	2247.8060299999997
4963.859402120894	1533.906879121998	2.889429410344872	2248.8060299999997
4972.245641485708	1536.798172427679	2.893157777656676	2249.8060299999997
4980.643397139005	1539.6931958309212	2.8968896057959856	2250.8060299999997
4989.052680469447	1542.5919527935412	2.9006248967469856	2251.8060299999997
4997.47350287164	1545.494446779346	2.904363652493858	2252.8060299999997
5005.9058757461535	1548.400681254123	2.9081058750207873	2253.8060299999997
5014.349810499504	1551.3106596856426	2.9118515663119577	2254.8060299999997
5022.805318544161	1554.2243855436627	2.915600728351553	2255.8060299999997
5031.272411298547	1557.1418622999233	2.919353363123755	2256.8060299999997
5039.751100187037	1560.0630934281487	2.92310947261275	2257.8060299999997
5048.241396639962	1562.9880824040492	2.9268690588027213	2258.8060299999997
5056.743312093598	1565.9168327053164	2.930632123677852	2259.8060299999997
5065.256857990182	1568.8493478116281	2.9343986692223263	2260.8060299999997
5073.782045777896	1571.7856312046451	2.9381686974203274	2261.8060299999997
5082.318886910879	1574.7256863680147	2.9419422102560397	2262.8060299999997
5090.867392849225	1577.6695167873645	2.9457192097136478	2263.8060299999997
5099.427575058971	1580.6171259503108	2.9494996977773336	2264.8060299999997
5107.999445012116	1583.5685173464499	2.9532836764312815	2265.8060299999997
5116.583014186609	1586.5236944673638	2.9570711476596756	2266.8060299999997
5125.178294066347	1589.4826608066217	2.9608621134466997	2267.8060299999997
5133.785296141187	1592.445419859772	2.9646565757765377	2268.8060299999997
5142.404031906934	1595.4119751243506	2.9684545366333728	2269.8060299999997
5151.034512865346	1598.3823300998765	2.9722559980013896	2270.8060299999997
5159.676750524132	1601.3564882878518	2.97606096186477	2271.8060299999997
5168.330756396959	1604.334453191765	2.9798694302077005	2272.8060299999997
5176.996542003444	1607.3162283170884	2.9836814050143636	2273.8060299999997
5185.674118869149	1610.301817171277	2.9874968882689426	2274.8060299999997
5194.363498525601	1613.291223263771	2.991315881955622	2275.8060299999997
5203.064692510272	1616.284450105993	2.9951383880585847	2276.8060299999997
5211.777712366588	1619.2815012113545	2.9989644085620157	2277.8060299999997
5220.502569643928	1622.2823800952456	3.002793945450098	2278.8060299999997
5229.239275897623	1625.2870902750442	3.0066270007070153	2279.8060299999997
5237.987842688957	1628.295635270111	3.0104635763169516	2280.8060299999997
5246.748281585169	1631.30801860179	3.014303674264091	2281.8060299999997
5255.520604159441	1634.3242437934125	3.0181472965326166	2282.8060299999997
5264.304821990923	1637.344314370291	3.0219944451067127	2283.8060299999997
5273.100946664703	1640.368233859723	3.025845121970563	2284.8060299999997
5281.908989771832	1643.3960057909903	3.0296993291083507	2285.8060299999997
5290.728962909305	1646.427633695359	3.0335570685042597	2286.8060299999997
5299.560877680079	1649.4631211060791	3.0374183421424754	2287.8060299999997
5308.404745693054	1652.5024715583857	3.04128315200718	2288.8060299999997
5317.2605785630885	1655.5456885894976	3.0451515000825577	2289.8060299999997
5326.12838791099	1658.5927757386162	3.0490233883527917	2290.8060299999997
5335.008185363522	1661.6437365469287	3.0528988188020656	2291.8060299999997
5343.8999825534	1664.698574557608	3.056777793414565	2292.8060299999997
5352.80379111929	1667.7572933158074	3.060660314174472	2293.8060299999997
5361.719622705812	1670.8198963686677	3.0645463830659714	2294.8060299999997
5370.647488963539	1673.8863872653112	3.068436002073246	2295.8060299999997
5379.5874015489935	1676.9567695568462	3.0723291731804796	2296.8060299999997
5388.539372124652	1680.031046796367	3.076225898371857	2297.8060299999997
5397.50341235895	1683.1092225389468	3.080126179631562	2298.8060299999997
5406.479533926262	1686.191300341648	3.084030018943776	2299.8060299999997
5415.467748506932	1689.2772837635134	3.087937418292687	2300.8060299999997
5424.468067787238	1692.3671763655727	3.091848379662474	2301.8060299999997
5433.480503459428	1695.4609817108399	3.0957629050373248	2302.8060299999997
5442.505067221688	1698.5587033643112	3.0996809964014203	2303.8060299999997
5451.541770778169	1701.660344892967	3.1036026557389462	2304.8060299999997
5460.590625838965	1704.7659098657741	3.107527885034085	2305.8060299999997
5469.651644120126	1707.8754018536827	3.111456686271021	2306.8060299999997
5478.724837343656	1710.9888244296253	3.115389061433938	2307.8060299999997
5487.810217237512	1714.1061811685208	3.11932501250702	2308.8060299999997
5496.9077955356	1717.2274756472714	3.123264541474451	2309.8060299999997
5506.0175839777785	1720.3527114447625	3.127207650320413	2310.8060299999997
5515.139594309865	1723.481892141866	3.131154341029092	2311.8060299999997
5524.273838283623	1726.6150213214366	3.1351046155846714	2312.8060299999997
5533.420327656768	1729.7521025683127	3.139058475971334	2313.8060299999997
5542.579074192976	1732.8931394693172	3.143015924173264	2314.8060299999997
5551.750089661865	1736.0381356132582	3.146976962174645	2315.8060299999997
5560.9333858390155	1739.1870945909277	3.1509415919596617	2316.8060299999997
5570.12897450595	1742.3400199951002	3.154909815512496	2317.8060299999997
5579.3368674501535	1745.496915420537	3.158881634817334	2318.8060299999997
5588.557076465058	1748.6577844639814	3.1628570518583574	2319.8060299999997
5597.789613350053	1751.8226307241603	3.1668360686197516	2320.8060299999997
5607.03448991047	1754.9914578017876	3.170818687085699	2321.8060299999997
5616.291717957605	1758.164269299561	3.1748049092403847	2322.8060299999997
5625.561309308701	1761.3410688221604	3.1787947370679914	2323.8060299999997
5634.843275786956	1764.52185997625	3.1827881725527036	2324.8060299999997
5644.137629221515	1767.7066463704787	3.186785217678705	2325.8060299999997
5653.444381447481	1770.895431615482	3.190785874430179	2326.8060299999997
5662.763544305905	1774.088219323876	3.194790144791309	2327.8060299999997
5672.0951296438	1777.2850131102628	3.19879803074628	2328.8060299999997
5681.439149314118	1780.4858165912285	3.2028095342792753	2329.8060299999997
5690.7956151757735	1783.6906333853415	3.2068246573744776	2330.8060299999997
5700.164539093628	1786.899467113159	3.210843402016071	2331.8060299999997
5709.545932938505	1790.1123213972176	3.2148657701882413	2332.8060299999997
5718.939808587168	1793.3291998620405	3.218891763875171	2333.8060299999997
5728.346177922341	1796.5501061341342	3.222921385061043	2334.8060299999997
5737.765052832694	1799.7750438419896	3.226954635730041	2335.8060299999997
5747.196445212857	1803.0040166160836	3.2309915178663506	2336.8060299999997
5756.640366963409	1806.2370280888736	3.235032033454154	2337.8060299999997
5766.096829990883	1809.4740818948042	3.239076184477636	2338.8060299999997
5775.565846207759	1812.7151816703029	3.243123972920979	2339.8060299999997
5785.047427532483	1815.96033105378	3.2471754007683686	2340.8060299999997
5794.541585889437	1819.2095336856344	3.2512304700039873	2341.8060299999997
5804.048333208964	1822.4627932082458	3.2552891826120196	2342.8060299999997
5813.567681427359	1825.720113265978	3.259351540576648	2343.8060299999997
5823.099642486872	1828.9814975051797	3.2634175458820582	2344.8060299999997
5832.644228335698	1832.2469495741834	3.267487200512432	2345.8060299999997
5842.2014509279925	1835.5164731233072	3.271560506451954	2346.8060299999997
5851.77132222386	1838.7900718048516	3.275637465684809	2347.8060299999997
5861.3538541893595	1842.0677492731033	3.27971808019518	2348.8060299999997
5870.949058796497	1845.3495091843297	3.2838023519672506	2349.8060299999997
5880.556948023235	1848.6353551967857	3.2878902829852032	2350.8060299999997
5890.1775338534935	1851.9252909707097	3.2919818752332244	2351.8060299999997
5899.810828277135	1855.2193201683235	3.2960771306954957	2352.8060299999997
5909.456843289986	1858.5174464538343	3.3001760513562033	2353.8060299999997
5919.115590893813	1861.8196734934313	3.3042786391995285	2354.8060299999997
5928.787083096341	1865.126004955288	3.308384896209655	2355.8060299999997
5938.47133191125	1868.4364445095664	3.312494824370768	2356.8060299999997
5948.168349358174	1871.7509958284081	3.3166084256670523	2357.8060299999997
5957.8781474626885	1875.069662585941	3.320725702082689	2358.8060299999997
5967.600738256337	1878.3924484582756	3.3248466556018643	2359.8060299999997
5977.336133776598	1881.7193571235066	3.3289712882087588	2360.8060299999997
5987.084346066923	1885.0503922617165	3.3330996018875605	2361.8060299999997
5996.845387176696	1888.3855575549676	3.33723159862245	2362.8060299999997
6006.619269161267	1891.7248566873081	3.3413672803976118	2363.8060299999997
6016.4060040819295	1895.0682933447717	3.345506649197229	2364.8060299999997
6026.205604005945	1898.4158712153715	3.3496497070054883	2365.8060299999997
6036.018081006506	1901.7675939891133	3.3537964558065707	2366.8060299999997
6045.843447162771	1905.1234653579775	3.3579468975846596	2367.8060299999997
6055.681714559853	1908.4834890159361	3.3621010343239415	2368.8060299999997
6065.5328952888085	1911.8476686589402	3.3662588680085976	2369.8060299999997
6075.397001446653	1915.2160079849293	3.370420400622814	2370.8060299999997
6085.274045136352	1918.5885106938238	3.3745856341507725	2371.8060299999997
6095.164038466821	1921.9651804875302	3.378754570576657	2372.8060299999997
6105.066993552935	1925.3460210699384	3.3829272118846516	2373.8060299999997
6114.982922515516	1928.7310361469215	3.3871035600589403	2374.8060299999997
6124.911837481344	1932.1202294263394	3.3912836170837077	2375.8060299999997
6134.853750583145	1935.513604618034	3.395467384943137	2376.8060299999997
6144.808673959598	1938.9111654338321	3.399654865621411	2377.8060299999997
6154.776619755341	1942.312915587545	3.4038460611027146	2378.8060299999997
6164.757600120957	1945.718858794966	3.408040973371231	2379.8060299999997
6174.751627212989	1949.1289987738774	3.4122396044111443	2380.8060299999997
6184.758713193926	1952.5433392440405	3.4164419562066386	2381.8060299999997
6194.7788702322105	1955.961883927204	3.420648030741896	2382.8060299999997
6204.812110502242	1959.3846365470995	3.424857830001102	2383.8060299999997
6214.858446184369	1962.8116008294414	3.42907135596844	2384.8060299999997
6224.917889464894	1966.242780501933	3.4332886106280935	2385.8060299999997
6234.990452536069	1969.6781792942575	3.4375095959642468	2386.8060299999997
6245.076147596104	1973.1178009380824	3.441734313961083	2387.8060299999997
6255.174986849155	1976.561649167062	3.4459627666027863	2388.8060299999997
6265.286982505339	1980.0097277168302	3.4501949558735405	2389.8060299999997
6275.4121467807145	1983.4620403250124	3.4544308837575284	2390.8060299999997
6285.550491897305	1986.9185907312115	3.458670552238936	2391.8060299999997
6295.702030083072	1990.379382677018	3.4629139633019443	2392.8060299999997
6305.8667735719455	1993.844419906004	3.4671611189307394	2393.8060299999997
6316.044734603799	1997.3137061637287	3.4714120211095043	2394.8060299999997
6326.235925424455	2000.7872451977341	3.475666671822422	2395.8060299999997
6336.440358285697	2004.2650407575463	3.4799250730536775	2396.8060299999997
6346.658045445256	2007.7470965946761	3.484187226787453	2397.8060299999997
6356.888999166818	2011.2334164626172	3.488453135007934	2398.8060299999997
6367.133231720021	2014.7240041168486	3.4927227996993033	2399.8060299999997
6377.390755380452	2018.2188633148342	3.4969962228457443	2400.8060299999997
6387.661582429657	2021.7179978160207	3.501273406431442	2401.8060299999997
6397.945725155132	2025.2214113818384	3.5055543524405803	2402.8060299999997
6408.243195850322	2028.7291077757038	3.5098390628573415	2403.8060299999997
6418.554006814628	2032.241090763016	3.5141275396659104	2404.8060299999997
6428.878170353402	2035.757364111161	3.51841978485047	2405.8060299999997
6439.215698777951	2039.2779315895043	3.522715800395205	2406.8060299999997
6449.566604405533	2042.8027969693999	3.5270155882842995	2407.8060299999997
6459.930899559355	2046.3319640241832	3.531319150501935	2408.8060299999997
6470.308596568585	2049.865436529174	3.5356264890322975	2409.8060299999997
6480.6997077683345	2053.403218261679	3.5399376058595697	2410.8060299999997
6491.104245499674	2056.945313000987	3.5442525029679364	2411.8060299999997
6501.522222109625	2060.491724528371	3.548571182341581	2412.8060299999997
6511.953649951156	2064.042456627087	3.552893645964686	2413.8060299999997
6522.398541383198	2067.597513082377	3.5572198958214365	2414.8060299999997
6532.856908770627	2071.1568976814688	3.5615499338960164	2415.8060299999997
6543.328764484277	2074.7206142135706	3.5658837621726094	2416.8060299999997
6553.814120900926	2078.2886664698763	3.570221382635398	2417.8060299999997
6564.312990403312	2081.861058243565	3.5745627972685674	2418.8060299999997
6574.825385380125	2085.437793329798	3.5789080080563007	2419.8060299999997
6585.351318226008	2089.018875525723	3.583257016982782	2420.8060299999997
6595.890801341549	2092.604308630471	3.587609826032195	2421.8060299999997
6606.443847133296	2096.1940964451574	3.591966437188723	2422.8060299999997
6617.010468013751	2099.78824277288	3.5963268524365506	2423.8060299999997
6627.590676401365	2103.3867514187214	3.600691073759861	2424.8060299999997
6638.184484720535	2106.9896261897525	3.605059103142838	2425.8060299999997
6648.791905401628	2110.596870895022	3.6094309425696665	2426.8060299999997
6659.412950880946	2114.2084893455676	3.613806594024529	2427.8060299999997
6670.047633600749	2117.824485354409	3.618186059491609	2428.8060299999997
6680.695966009256	2121.444862736549	3.622569340955091	2429.8060299999997
6691.35796056063	2125.069625308979	3.6269564403991588	2430.8060299999997
6702.033629714995	2128.6987768906693	3.631347359807996	2431.8060299999997
6712.722985938416	2132.332321302578	3.6357421011657864	2432.8060299999997
6723.426041702921	2135.9702623676453	3.640140666456713	2433.8060299999997
6734.142809486488	2139.6126039107967	3.6445430576649613	2434.8060299999997
6744.873301773046	2143.2593497589423	3.6489492767747143	2435.8060299999997
6755.61753105247	2146.9105037409754	3.6533593257701544	2436.8060299999997
6766.375509820605	2150.566069687773	3.6577732066354676	2437.8060299999997
6777.147250579235	2154.226051432196	3.662190921354837	2438.8060299999997
6787.932765836093	2157.890452809095	3.666612471912445	2439.8060299999997
6798.732068104878	2161.5592776552967	3.6710378602924765	2440.8060299999997
6809.5451699052355	2165.2325298096157	3.6754670884791167	2441.8060299999997
6820.372083762757	2168.910213112851	3.679900158456547	2442.8060299999997
6831.212822208991	2172.5923314077863	3.684337072208951	2443.8060299999997
6842.067397781451	2176.278888539189	3.6887778317205155	2444.8060299999997
6852.935823023578	2179.969888353809	3.6932224389754196	2445.8060299999997
6863.818110484793	2183.665334700383	3.6976708959578524	2446.8060299999997
6874.714272720445	2187.3652314296287	3.7021232046519934	2447.8060299999997
6885.624322291853	2191.069582394252	3.7065793670420293	2448.8060299999997
6896.548271766278	2194.778391448939	3.711039385112142	2449.8060299999997
6907.486133716939	2198.491662450364	3.715503260846516	2450.8060299999997
6918.437920723007	2202.2093992571818	3.719970996229335	2451.8060299999997
6929.403645369603	2205.931605730035	3.724442593244782	2452.8060299999997
6940.383320247807	2209.658285731543	3.728918053877042	2453.8060299999997
6951.3769579546415	2213.389443126321	3.733397380110299	2454.8060299999997
6962.384571093089	2217.1250817809596	3.7378805739287353	2455.8060299999997
6973.40617227208	2220.8652055640355	3.7423676373165353	2456.8060299999997
6984.441774106506	2224.6098183461113	3.7468585722578847	2457.8060299999997
6995.4913892172	2228.35892399973	3.7513533807369632	2458.8060299999997
7006.555030230955	2232.1125263994245	3.7558520647379585	2459.8060299999997
7017.63270978051	2235.870629421708	3.7603546262450513	2460.8060299999997
7028.724440504565	2239.6332369450793	3.764861067242428	2461.8060299999997
7039.830235047768	2243.4003528500184	3.769371389714271	2462.8060299999997
7050.950106060719	2247.171981018993	3.7738855956447646	2463.8060299999997
7062.084066199969	2250.9481253364547	3.7784036870180913	2464.8060299999997
7073.232128128028	2254.7287896888383	3.7829256658184374	2465.8060299999997
7084.394304513349	2258.5139779645633	3.7874515340299832	2466.8060299999997
7095.57060803035	2262.3036940540305	3.7919812936369155	2467.8060299999997
7106.761051359391	2266.0979418496295	3.7965149466234176	2468.8060299999997
7117.965647186786	2269.8967252457314	3.8010524949736713	2469.8060299999997
7129.1844082048065	2273.700048138693	3.8055939406718626	2470.8060299999997
7140.417347111672	2277.5079144268534	3.810139285702174	2471.8060299999997
7151.664476611559	2281.3203280105363	3.8146885320487907	2472.8060299999997
7162.925809414592	2285.13729279205	3.8192416816958943	2473.8060299999997
7174.201358236851	2288.9588126756885	3.8237987366276704	2474.8060299999997
7185.491135800361	2292.7848915677296	3.8283596988283013	2475.8060299999997
7196.795154833119	2296.615533376431	3.832924570281973	2476.8060299999997
7208.1134280690485	2300.450742012039	3.8374933529728668	2477.8060299999997
7219.4459682480465	2304.2905213867825	3.842066048885168	2478.8060299999997
7230.792788115949	2308.1348754148776	3.84664266000306	2479.8060299999997
7242.153900424556	2311.983808012519	3.8512231883107266	2480.8060299999997
7253.529317931609	2315.8373230978905	3.8558076357923508	2481.8060299999997
7264.91905340081	2319.6954245911575	3.860396004432118	2482.8060299999997
7276.323119601815	2323.5581164144683	3.864988296214211	2483.8060299999997
7287.7415293102185	2327.42540249196	3.8695845131228124	2484.8060299999997
7299.174295307581	2331.297286749751	3.874184657142108	2485.8060299999997
7310.6214303814195	2335.1737731159433	3.8787887302562813	2486.8060299999997
7322.0829473251915	2339.054865520624	3.883396734449516	2487.8060299999997
7333.558858938304	2342.9405678958624	3.888008671705994	2488.8060299999997
7345.0491780261345	2346.8308841757175	3.8926245440099017	2489.8060299999997
7356.553917399997	2350.725818296227	3.8972443533454206	2490.8060299999997
7368.073089877165	2354.625374195414	3.9018681016967367	2491.8060299999997
7379.606708280864	2358.5295558132875	3.906495791048031	2492.8060299999997
7391.154785440274	2362.438367091838	3.911127423383491	2493.8060299999997
7402.717334190519	2366.3518119750433	3.9157630006872974	2494.8060299999997
7414.294367372682	2370.269894408863	3.9204025249436345	2495.8060299999997
7425.885897833808	2374.1926183412434	3.925045998136688	2496.8060299999997
7437.491938426871	2378.1199877221097	3.9296934222506383	2497.8060299999997
7449.1125020108175	2382.0520065033784	3.9343447992696725	2498.8060299999997
7460.747601450537	2385.988678638946	3.939000131177972	2499.8060299999997
7472.397249616882	2389.9300080846933	3.943659419959723	2500.8060299999997
7484.061459386647	2393.875998798485	3.948322667599107	2501.8060299999997
7495.740243642576	2397.826654740171	3.952989876080308	2502.8060299999997
7507.433615273378	2401.781979871587	3.9576610473875116	2503.8060299999997
7519.141587173707	2405.7419781565504	3.9623361835049	2504.8060299999997
7530.864172244173	2409.706653560862	3.9670152864166566	2505.8060299999997
7542.601383391335	2413.67601005231	3.971698358106968	2506.8060299999997
7554.353233527705	2417.6500516006636	3.9763854005600145	2507.8060299999997
7566.119735571745	2421.6287821776787	3.98107641575998	2508.8060299999997
7577.900902447882	2425.6122057570938	3.9857714056910516	2509.8060299999997
7589.696747086485	2429.600326314632	3.990470372337411	2510.8060299999997
7601.507282423868	2433.5931478280027	3.9951733176832414	2511.8060299999997
7613.332521402317	2437.590674276893	3.9998802437127274	2512.8060299999997
7625.172476970053	2441.5929096429827	4.004591152410052	2513.8060299999997
7637.027162081263	2445.5998579099305	4.009306045759399	2514.8060299999997
7648.89658969608	2449.611523063381	4.014024925744955	2515.8060299999997
7660.780772780581	2453.627909090962	4.018747794350899	2516.8060299999997
7672.679724306819	2457.649019982284	4.023474653561419	2517.8060299999997
7684.593457252775	2461.6748597289466	4.028205505360697	2518.8060299999997
7696.521984602393	2465.70543232453	4.0329403517329165	2519.8060299999997
7708.465319345575	2469.7407417645986	4.037679194662262	2520.8060299999997
7720.423474478166	2473.7807920467017	4.042422036132917	2521.8060299999997
7732.396463001964	2477.8255871703723	4.047168878129064	2522.8060299999997
7744.384297924729	2481.875131137129	4.051919722634889	2523.8060299999997
7756.386992260163	2485.9294279504734	4.056674571634574	2524.8060299999997
7768.40455902793	2489.988481615892	4.061433427112304	2525.8060299999997
7780.437011253638	2494.052296140853	4.066196291052263	2526.8060299999997
7792.48436196885	2498.120875534811	4.0709631654386325	2527.8060299999997
7804.546624211089	2502.194223809206	4.0757340522556	2528.8060299999997
7816.623811023811	2506.2723449774608	4.080508953487344	2529.8060299999997
7828.715935456452	2510.3552430549807	4.085287871118054	2530.8060299999997
7840.823010564378	2514.442922059159	4.0900708071319105	2531.8060299999997
7852.945049408918	2518.535386009367	4.094857763513097	2532.8060299999997
7865.082065057353	2522.632638926968	4.099648742245799	2533.8060299999997
7877.234070582916	2526.7346848353036	4.1044437453142	2534.8060299999997
7889.401079064786	2530.8415277597037	4.1092427747024844	2535.8060299999997
7901.583103588103	2534.9531717274776	4.114045832394833	2536.8060299999997
7913.780157243956	2539.069620767922	4.118852920375431	2537.8060299999997
7925.992253129389	2543.1908789123186	4.123664040628464	2538.8060299999997
7938.219404347396	2547.316950193931	4.128479195138114	2539.8060299999997
7950.461624006923	2551.4478386480087	4.1332983858885655	2540.8060299999997
7962.718925222873	2555.583548311784	4.138121614864001	2541.8060299999997
7974.99132111609	2559.7240832244734	4.1429488840486055	2542.8060299999997
7987.278824813391	2563.869447427278	4.147780195426563	2543.8060299999997
7999.581449447525	2568.019644963385	4.152615550982057	2544.8060299999997
8011.899208157202	2572.174679877963	4.15745495269927	2545.8060299999997
8024.232114087091	2576.3345562181657	4.162298402562389	2546.8060299999997
8036.5801803878	2580.499278033131	4.1671459025555935	2547.8060299999997
8048.943420215901	2584.668849373982	4.17199745466307	2548.8060299999997
8061.321846733913	2588.843274293823	4.176853060869002	2549.8060299999997
8073.715473110307	2593.0225568477476	4.181712723157572	2550.8060299999997
8086.124312519511	2597.2067010928286	4.1865764435129655	2551.8060299999997
8098.548378141902	2601.395711088123	4.191444223919365	2552.8060299999997
8110.9876831638085	2605.5895908946777	4.196316066360955	2553.8060299999997
8123.44224077752	2609.7883445755187	4.2011919728219205	2554.8060299999997
8135.912064181263	2613.991976195657	4.206071945286443	2555.8060299999997
8148.3971665792305	2618.2004898220875	4.210955985738707	2556.8060299999997
8160.897561181561	2622.413889523791	4.215844096162895	2557.8060299999997
8173.413261204349	2626.6321793717316	4.2207362785431926	2558.8060299999997
8185.944279869642	2630.8553634388577	4.225632534863784	2559.8060299999997
8198.49063040544	2635.083445800101	4.230532867108854	2560.8060299999997
8211.052326045687	2639.3164305323776	4.235437277262582	2561.8060299999997
8223.62938003029	2643.5543217145896	4.240345767309155	2562.8060299999997
8236.221805605104	2647.797123427622	4.245258339232756	2563.8060299999997
8248.829616021936	2652.044839754343	4.250174995017568	2564.8060299999997
8261.452824538552	2656.2974747796056	4.255095736647777	2565.8060299999997
8274.09144441866	2660.5550325902477	4.260020566107564	2566.8060299999997
8286.745488931934	2664.817517275092	4.264949485381116	2567.8060299999997
8299.414971353985	2669.084932924943	4.269882496452614	2568.8060299999997
8312.099904966386	2673.357283632591	4.274819601306243	2569.8060299999997
8324.800303056665	2677.6345734928113	4.279760801926187	2570.8060299999997
8337.516178918291	2681.9168066023603	4.284706100296628	2571.8060299999997
8350.2475458507	2686.203987059982	4.289655498401752	2572.8060299999997
8362.994417159265	2690.496118966403	4.2946089982257405	2573.8060299999997
8375.75680615533	2694.793206424335	4.29956660175278	2574.8060299999997
8388.534726156176	2699.095253538472	4.3045283109670525	2575.8060299999997
8401.328190485043	2703.4022644154925	4.309494127852742	2576.8060299999997
8414.13721247112	2707.7142431640623	4.314464054394032	2577.8060299999997
8426.961805449557	2712.031193894828	4.3194380925751075	2578.8060299999997
8439.801982761452	2716.3531207204205	4.324416244380153	2579.8060299999997
8452.657757753841	2720.6800277554576	4.3293985117933484	2580.8060299999997
8465.529143779733	2725.0119191165377	4.334384896798879	2581.8060299999997
8478.416154198094	2729.3487989222467	4.3393754013809325	2582.8060299999997
8491.318802373815	2733.690671293154	4.344370027523688	2583.8060299999997
8504.237101677765	2738.037540351809	4.349368777211332	2584.8060299999997
8517.171065486753	2742.3894102227528	4.354371652428046	2585.8060299999997
8530.120707183538	2746.746285032503	4.3593786551580145	2586.8060299999997
8543.08604015685	2751.108168909567	4.364389787385424	2587.8060299999997
8556.067077801341	2755.4750659844353	4.369405051094453	2588.8060299999997
8569.06383351765	2759.8469803895787	4.37442444826929	2589.8060299999997
8582.076320712342	2764.223916259457	4.379447980894116	2590.8060299999997
8595.104552797951	2768.605877730511	4.384475650953117	2591.8060299999997
8608.14854319295	2772.99286894117	4.389507460430475	2592.8060299999997
8621.208305321781	2777.3848940318408	4.394543411310376	2593.8060299999997
8634.28385261482	2781.781957144919	4.3995835055770005	2594.8060299999997
8647.375198508402	2786.184062424785	4.404627745214533	2595.8060299999997
8660.482356444832	2790.591214017799	4.409676132207161	2596.8060299999997
8673.60533987234	2795.0034160723117	4.414728668539064	2597.8060299999997
8686.744162245124	2799.420672738652	4.419785356194428	2598.8060299999997
8699.898837023333	2803.8429881691363	4.424846197157436	2599.8060299999997
8713.069377673066	2808.2703665180643	4.429911193412272	2600.8060299999997
8726.255797666374	2812.702811941719	4.434980346943117	2601.8060299999997
8739.458110481268	2817.1403285983706	4.4400536597341596	2602.8060299999997
8752.676329601698	2821.5829206482695	4.44513113376958	2603.8060299999997
8765.910468517584	2826.0305922536527	4.450212771033565	2604.8060299999997
8779.160540724788	2830.4833475787414	4.455298573510297	2605.8060299999997
8792.426559725114	2834.9411907897393	4.460388543183957	2606.8060299999997
8805.708539026347	2839.4041260548356	4.465482682038734	2607.8060299999997
8819.006492142194	2843.8721575442055	4.470580992058808	2608.8060299999997
8832.320432592333	2848.3452894300035	4.475683475228363	2609.8060299999997
8845.6503739024	2852.8235258863733	4.4807901335315865	2610.8060299999997
8858.996329603955	2857.306871089438	4.485900968952658	2611.8060299999997
8872.358313234537	2861.7953292173115	4.491015983475761	2612.8060299999997
8885.736338337629	2866.2889044500853	4.496135179085082	2613.8060299999997
8899.13041846267	2870.78760096984	4.501258557764803	2614.8060299999997
8912.54056716505	2875.291422960634	4.50638612149911	2615.8060299999997
8925.966798006106	2879.800374608516	4.511517872272185	2616.8060299999997
8939.40912455313	2884.3144601015188	4.516653812068212	2617.8060299999997
8952.86756037937	2888.8336836296558	4.521793942871374	2618.8060299999997
8966.342119064031	2893.358049384926	4.526938266665856	2619.8060299999997
8979.832814192256	2897.8875615613124	4.532086785435841	2620.8060299999997
8993.339659355153	2902.422224354784	4.537239501165514	2621.8060299999997
9006.862668149774	2906.962041963292	4.5423964158390575	2622.8060299999997
9020.401854179136	2911.507018586771	4.547557531440656	2623.8060299999997
9033.957231052193	2916.057158427144	4.552722849954494	2624.8060299999997
9047.528812383864	2920.612465688312	4.557892373364751	2625.8060299999997
9061.11661179501	2925.172944576166	4.563066103655617	2626.8060299999997
9074.720642912456	2929.7385992985783	4.568244042811271	2627.8060299999997
9088.340919368977	2934.309434065406	4.5734261928159015	2628.8060299999997
9101.977454803284	2938.8854530884882	4.578612555653686	2629.8060299999997
9115.630262860068	2943.466660581652	4.583803133308813	2630.8060299999997
9129.299357189953	2948.053060760706	4.588997927765467	2631.8060299999997
9142.98475144952	2952.6446578434443	4.594196941007828	2632.8060299999997
9156.686459301298	2957.2414560496454	4.599400175020081	2633.8060299999997
9170.404494413782	2961.8434596010698	4.60460763178641	2634.8060299999997
9184.138870461413	2966.4506727214634	4.609819313291	2635.8060299999997
9197.889601124574	2971.063099636559	4.615035221518033	2636.8060299999997
9211.656700089621	2975.6807445740696	4.620255358451695	2637.8060299999997
9225.440181048847	2980.303611763693	4.625479726076168	2638.8060299999997
9239.240057700497	2984.931705437113	4.630708326375636	2639.8060299999997
9253.056343748773	2989.565029827997	4.635941161334281	2640.8060299999997
9266.88905290384	2994.203589171997	4.641178232936291	2641.8060299999997
9280.7381988818	2998.8473877067454	4.646419543165847	2642.8060299999997
9294.60379540471	3003.4964296718654	4.651665094007133	2643.8060299999997
9308.485856200585	3008.1507193089583	4.656914887444334	2644.8060299999997
9322.384395003392	3012.8102608616136	4.662168925461632	2645.8060299999997
9336.299425553047	3017.4750585754027	4.667427210043212	2646.8060299999997
9350.230961595415	3022.145116697883	4.672689743173256	2647.8060299999997
9364.179016882332	3026.8204394785944	4.677956526835952	2648.8060299999997
9378.143605171557	3031.5010311690608	4.683227563015478	2649.8060299999997
9392.124740226835	3036.186896022791	4.688502853696024	2650.8060299999997
9406.12243581783	3040.8780382952805	4.693782400861767	2651.8060299999997
9420.13670572019	3045.5744622440047	4.699066206496897	2652.8060299999997
9434.167563715484	3050.2761721284264	4.704354272585594	2653.8060299999997
9448.215023591263	3054.98317220999	4.709646601112042	2654.8060299999997
9462.279099141013	3059.6954667521236	4.7149431940604245	2655.8060299999997
9476.359804164185	3064.4130600202443	4.72024405341493	2656.8060299999997
9490.457152466157	3069.13595628175	4.725549181159736	2657.8060299999997
9504.571157858292	3073.8641598060235	4.73085857927903	2658.8060299999997
9518.701834157891	3078.5976748644284	4.736172249756995	2659.8060299999997
9532.849195188204	3083.3365057303167	4.741490194577814	2660.8060299999997
9547.013254778434	3088.080656679025	4.746812415725672	2661.8060299999997
9561.19402676374	3092.830131987872	4.752138915184751	2662.8060299999997
9575.391524985236	3097.584935936161	4.757469694939236	2663.8060299999997
9589.605763289986	3102.3450728051776	4.762804756973312	2664.8060299999997
9603.836755531001	3107.1105468781952	4.768144103271159	2665.8060299999997
9618.084515567256	3111.8813624404693	4.773487735816964	2666.8060299999997
9632.349057263671	3116.6575237792395	4.778835656594911	2667.8060299999997
9646.630394491118	3121.439035183732	4.784187867589182	2668.8060299999997
9660.928541126425	3126.2259009451527	4.789544370783962	2669.8060299999997
9675.243511052367	3131.0181253566934	4.794905168163433	2670.8060299999997
9689.57531815768	3135.8157127135355	4.800270261711781	2671.8060299999997
9703.923976337046	3140.6186673128354	4.8056396534131895	2672.8060299999997
9718.2894994911	3145.42699345374	4.81101334525184	2673.8060299999997
9732.671901526439	3150.2406954373796	4.81639133921192	2674.8060299999997
9747.071196355591	3155.059777566866	4.821773637277609	2675.8060299999997
9761.487397897065	3159.8842441472975	4.827160241433095	2676.8060299999997
9775.920520075293	3164.714099485757	4.832551153662557	2677.8060299999997
9790.370576820687	3169.5493478913095	4.8379463759501835	2678.8060299999997
9804.837582069595	3174.389993675005	4.843345910280156	2679.8060299999997
9819.321549764321	3179.2360411498767	4.848749758636659	2680.8060299999997
9833.82249385312	3184.0874946309477	4.854157923003875	2681.8060299999997
9848.340428290201	3188.944358435218	4.859570405365989	2682.8060299999997
9862.87536703573	3193.8066368816735	4.864987207707184	2683.8060299999997
9877.427324055816	3198.6743342912873	4.870408332011644	2684.8060299999997
9891.996313322534	3203.5474549870128	4.875833780263553	2685.8060299999997
9906.582348813903	3208.42600329379	4.881263554447097	2686.8060299999997
9921.185444513882	3213.3099835385456	4.886697656546454	2687.8060299999997
9935.80561441241	3218.1994000501845	4.892136088545813	2688.8060299999997
9950.442872505366	3223.0942571595974	4.897578852429357	2689.8060299999997
9965.097232794564	3227.994559199665	4.9030259501812665	2690.8060299999997
9979.768709287804	3232.9003105052457	4.90847738378573	2691.8060299999997
9994.457315998814	3237.811515413182	4.913933155226927	2692.8060299999997
10009.163066947274	3242.7281782623063	4.919393266489044	2693.8060299999997
10023.88597615884	3247.650303393428	4.924857719556265	2694.8060299999997
10038.626057665093	3252.5778951493476	4.930326516412771	2695.8060299999997
10053.383325503577	3257.510957874845	4.935799659042747	2696.8060299999997
10068.157793717797	3262.449495916687	4.941277149430379	2697.8060299999997
10082.949476357207	3267.3935136236205	4.94675898955985	2698.8060299999997
10097.758387477195	3272.343015346381	4.952245181415339	2699.8060299999997
10112.584541139131	3277.2980054376876	4.957735726981037	2700.8060299999997
10127.427951410311	3282.258488252242	4.9632306282411225	2701.8060299999997
10142.288632364005	3287.2244681467296	4.968729887179783	2702.8060299999997
10157.166598079419	3292.1959494798225	4.974233505781198	2703.8060299999997
10172.061862641733	3297.172936612173	4.979741486029557	2704.8060299999997
10186.974440142041	3302.1554339064246	4.985253829909037	2705.8060299999997
10201.90434467743	3307.1434457271976	4.990770539403827	2706.8060299999997
10216.851590350925	3312.1369764410993	4.996291616498109	2707.8060299999997
10231.816191271497	3317.1360304167215	5.001817063176066	2708.8060299999997
10246.798161554078	3322.1406120246397	5.007346881421885	2709.8060299999997
10261.79751531954	3327.1507256374157	5.012881073219745	2710.8060299999997
10276.814266694726	3332.1663756295916	5.018419640553834	2711.8060299999997
10291.848429812411	3337.1875663776977	5.023962585408331	2712.8060299999997
10306.900018811351	3342.2143022602445	5.029509909767427	2713.8060299999997
10321.96904783622	3347.246587657727	5.035061615615297	2714.8060299999997
10337.055531037677	3352.2844269526313	5.040617704936132	2715.8060299999997
10352.159482572304	3357.327824529419	5.046178179714112	2716.8060299999997
10367.280916602656	3362.3767847745407	5.051743041933422	2717.8060299999997
10382.419847297235	3367.4313120764286	5.057312293578246	2718.8060299999997
10397.576288830498	3372.4914108254998	5.062885936632767	2719.8060299999997
10412.750255382842	3377.557085414159	5.068463973081169	2720.8060299999997
10427.941761140639	3382.6283402367876	5.074046404907637	2721.8060299999997
10443.150820296187	3387.7051796897617	5.079633234096352	2722.8060299999997
10458.377447047762	3392.78760817143	5.085224462631501	2723.8060299999997
10473.62165559957	3397.875630082134	5.090820092497266	2724.8060299999997
10488.883460161791	3402.9692498241966	5.096420125677831	2725.8060299999997
10504.16287495054	3408.068471801923	5.10202456415738	2726.8060299999997
10519.459914187893	3413.1733004216053	5.107633409920096	2727.8060299999997
10534.774592101876	3418.2837400915196	5.113246664950164	2728.8060299999997
10550.106922926469	3423.399795221922	5.118864331231766	2729.8060299999997
10565.4569209016	3428.5214702250614	5.124486410749087	2730.8060299999997
10580.824600273165	3433.648769515162	5.130112905486312	2731.8060299999997
10596.209975292992	3438.781697508436	5.135743817427624	2732.8060299999997
10611.613060218871	3443.920258623079	5.1413791485572045	2733.8060299999997
10627.033869314548	3449.064457279273	5.14701890085924	2734.8060299999997
10642.47241684971	3454.2142978991824	5.152663076317912	2735.8060299999997
10657.928717100014	3459.3697849069563	5.158311676917408	2736.8060299999997
10673.402784347054	3464.530922728726	5.1639647046419075	2737.8060299999997
10688.89463287839	3469.69771579261	5.169622161475598	2738.8060299999997
10704.404276987516	3474.870168528708	5.17528404940266	2739.8060299999997
10719.93173097389	3480.0482853691074	5.1809503704072775	2740.8060299999997
10735.477009142935	3485.232070747877	5.1866211264736375	2741.8060299999997
10751.040125806001	3490.421529101071	5.192296319585922	2742.8060299999997
10766.62109528041	3495.6166648667254	5.1979759517283135	2743.8060299999997
10782.219931889422	3500.8174824848647	5.2036600248849965	2744.8060299999997
10797.836649962264	3506.023986397495	5.209348541040155	2745.8060299999997
10813.471263834106	3511.2361810486063	5.215041502177973	2746.8060299999997
10829.12378784608	3516.4540708841732	5.220738910282636	2747.8060299999997
10844.794236345257	3521.6776603521553	5.226440767338325	2748.8060299999997
10860.482623684667	3526.9069539024936	5.232147075329223	2749.8060299999997
10876.1889642233	3532.1419559871197	5.2378578362395185	2750.8060299999997
10891.913272326081	3537.382671059942	5.2435730520533905	2751.8060299999997
10907.655562363901	3542.6291035768563	5.249292724755024	2752.8060299999997
10923.415848713608	3547.881257995742	5.255016856328603	2753.8060299999997
10939.194145757994	3553.1391387764643	5.260745448758314	2754.8060299999997
10954.990467885797	3558.402750380873	5.266478504028337	2755.8060299999997
10970.804829491717	3563.6720972727967	5.272216024122857	2756.8060299999997
10986.637244976411	3568.947183918054	5.277958011026057	2757.8060299999997
11002.48772874648	3574.228014784446	5.283704466722123	2758.8060299999997
11018.356295214475	3579.5145943417574	5.289455393195237	2759.8060299999997
11034.242958798917	3584.806927061757	5.295210792429584	2760.8060299999997
11050.147733924252	3590.1050174181973	5.300970666409347	2761.8060299999997
11066.070635020906	3595.408869886819	5.30673501711871	2762.8060299999997
11082.011676525237	3600.7184889453406	5.312503846541857	2763.8060299999997
11097.97087287956	3606.033879073468	5.318277156662969	2764.8060299999997
11113.948238532159	3611.3550447528937	5.324054949466234	2765.8060299999997
11129.943787937253	3616.6819904672902	5.329837226935833	2766.8060299999997
11145.957535555011	3622.0147207023165	5.335623991055952	2767.8060299999997
11161.989495851572	3627.353239945613	5.341415243810772	2768.8060299999997
11178.039683299012	3632.6975526868096	5.347210987184479	2769.8060299999997
11194.108112375365	3638.047663417517	5.353011223161255	2770.8060299999997
11210.194797564618	3643.4035766313286	5.358815953725285	2771.8060299999997
11226.299753356714	3648.765296823825	5.364625180860754	2772.8060299999997
11242.422994247545	3654.132828492568	5.370438906551845	2773.8060299999997
11258.564534738944	3659.5061761371076	5.376257132782738	2774.8060299999997
11274.72438933872	3664.8853442589757	5.382079861537623	2775.8060299999997
11290.902572560619	3670.270337361686	5.3879070948006795	2776.8060299999997
11307.099098924344	3675.661159950741	5.393738834556093	2777.8060299999997
11323.313982955546	3681.0578165336237	5.399575082788045	2778.8060299999997
11339.547239185831	3686.460311619803	5.405415841480723	2779.8060299999997
11355.798882152769	3691.8686497207336	5.411261112618309	2780.8060299999997
11372.068926399856	3697.2828353498508	5.417110898184985	2781.8060299999997
11388.357386476566	3702.702873022575	5.422965200164937	2782.8060299999997
11404.664276938322	3708.128767256312	5.428824020542349	2783.8060299999997
11420.989612346479	3713.5605225704535	5.434687361301402	2784.8060299999997
11437.333407268377	3718.9981434863703	5.440555224426285	2785.8060299999997
11453.695676277268	3724.441634527423	5.446427611901175	2786.8060299999997
11470.076433952407	3729.8910002189514	5.452304525710263	2787.8060299999997
11486.47569487895	3735.3462450882826	5.458185967837725	2788.8060299999997
11502.89347364804	3740.807373664727	5.4640719402677504	2789.8060299999997
11519.329784856762	3746.27439047958	5.469962444984521	2790.8060299999997
11535.78464310816	3751.7473000661203	5.475857483972224	2791.8060299999997
11552.25806301121	3757.22610695961	5.481757059215036	2792.8060299999997
11568.75005918086	3762.7108156972963	5.4876611726971465	2793.8060299999997
11585.26064623801	3768.201430818411	5.493569826402737	2794.8060299999997
11601.78983880951	3773.6979568641714	5.499483022315994	2795.8060299999997
11618.337651528147	3779.2003983777745	5.505400762421098	2796.8060299999997
11634.904099032687	3784.7087599044057	5.511323048702234	2797.8060299999997
11651.489195967828	3790.2230459912325	5.517249883143585	2798.8060299999997
11668.092956984234	3795.743261187407	5.523181267729337	2799.8060299999997
11684.715396738511	3801.2694100440676	5.529117204443672	2800.8060299999997
11701.356529893223	3806.801497114333	5.535057695270774	2801.8060299999997
11718.01637111689	3812.339526953309	5.541002742194828	2802.8060299999997