9.742712e-8	7.78799e-13	1.047129e-10	930.428808666363
9.969651e-8	8.092866e-13	1.0715190000000001e-10	930.4297850677403
1.020188e-7	8.409501e-13	1.096478e-10	930.4303501766565
1.043951e-7	8.73834e-13	1.1220180000000002e-10	930.4304728979391
1.068268e-7	9.079846e-13	1.148154e-10	930.4301338026083
1.093151e-7	9.434498e-13	1.174898e-10	930.4300752048265
1.118614e-7	9.802794e-13	1.202264e-10	930.4310890070733
1.14467e-7	1.018525e-12	1.230269e-10	930.4308124889759
1.171333e-7	1.05824e-12	1.258925e-10	930.4315844073315
1.198618e-7	1.09948e-12	1.28825e-10	930.4319773335923
1.226537e-7	1.142303e-12	1.318257e-10	930.4319438698221
1.255107e-7	1.186768e-12	1.348963e-10	930.4323896800727
1.284343e-7	1.232937e-12	1.380384e-10	930.4333644623524
1.314259e-7	1.280874e-12	1.412538e-10	930.4328865772108
1.344873e-7	1.330647e-12	1.4454399999999998e-10	930.4338516091987
1.376199e-7	1.382322e-12	1.479108e-10	930.4343044726957
1.408255e-7	1.435974e-12	1.513561e-10	930.4344917317505
1.441058e-7	1.491674e-12	1.548817e-10	930.4345941063405
1.474625e-7	1.549501e-12	1.584893e-10	930.435363781656
1.508974e-7	1.609534e-12	1.62181e-10	930.4358065001448
1.544122e-7	1.671855e-12	1.6595870000000001e-10	930.4355351964074
1.58009e-7	1.736551e-12	1.698244e-10	930.4360065514733
1.616896e-7	1.80371e-12	1.737801e-10	930.43682049901
1.654558e-7	1.873423e-12	1.7782789999999997e-10	930.4370878979058
1.693098e-7	1.945787e-12	1.8197010000000002e-10	930.4371750468895
1.732536e-7	2.0209e-12	1.862087e-10	930.4378415186832
1.772893e-7	2.098865e-12	1.905461e-10	930.4383499058758
1.814189e-7	2.179788e-12	1.9498450000000002e-10	930.4384696629733
1.856447e-7	2.263778e-12	1.9952619999999999e-10	930.4390289495815
1.89969e-7	2.350951e-12	2.041738e-10	930.4394146114731
1.94394e-7	2.441423e-12	2.089296e-10	930.4399253289146
1.989221e-7	2.535318e-12	2.1379620000000003e-10	930.4404630110357
2.035557e-7	2.632763e-12	2.187762e-10	930.4409381047847
2.082971e-7	2.733888e-12	2.238721e-10	930.441238046188
2.131491e-7	2.838831e-12	2.290868e-10	930.4418186949225
2.18114e-7	2.947732e-12	2.344229e-10	930.4421527589667
2.231946e-7	3.060738e-12	2.398833e-10	930.4426808285529
2.2839360000000003e-7	3.178e-12	2.454709e-10	930.4433967529349
2.337136e-7	3.299676e-12	2.511886e-10	930.443896243699
2.391576e-7	3.425927e-12	2.570396e-10	930.4442814531302
2.447283e-7	3.556923e-12	2.630268e-10	930.4445665726839
2.504289e-7	3.692838e-12	2.691535e-10	930.4452397535234
2.562622e-7	3.833852e-12	2.754229e-10	930.445630526728
2.622314e-7	3.980154e-12	2.818383e-10	930.4462174019641
2.683397e-7	4.131936e-12	2.884032e-10	930.4467909371325
2.745902e-7	4.289401e-12	2.951209e-10	930.4474518781965
2.809863e-7	4.452756e-12	3.019952e-10	930.4477447191213
2.875314e-7	4.622216e-12	3.090295e-10	930.448459503057
2.94229e-7	4.798006e-12	3.162278e-10	930.4488663109314
3.010826e-7	4.980355e-12	3.2359370000000006e-10	930.4494505146422
3.080958e-7	5.169504e-12	3.3113109999999996e-10	930.4501132753766
3.152724e-7	5.3657e-12	3.3884420000000004e-10	930.4505306568625
3.226162e-7	5.5692e-12	3.4673690000000003e-10	930.4512130090568
3.30131e-7	5.780271e-12	3.548134e-10	930.4518382648456
3.378209e-7	5.999186e-12	3.6307810000000007e-10	930.4524265881088
3.456899e-7	6.226231e-12	3.715352e-10	930.4532282028728
3.537422e-7	6.461702e-12	3.801894e-10	930.4537730457502
3.619821e-7	6.705902e-12	3.890451e-10	930.4546077100059
3.704139e-7	6.95915e-12	3.9810719999999997e-10	930.4550612247153
3.790421e-7	7.221772e-12	4.0738029999999993e-10	930.4556989427324
3.878713e-7	7.494107e-12	4.168694e-10	930.456382999088
3.969062e-7	7.776505e-12	4.265795e-10	930.4572219363565
4.061515e-7	8.069331e-12	4.365158e-10	930.4578879641928
4.156121e-7	8.372959e-12	4.466836e-10	930.4583220852522
4.252932e-7	8.68778e-12	4.570882e-10	930.4591275381862
4.351997e-7	9.014195e-12	4.677351000000001e-10	930.459814102042
4.453371e-7	9.352621e-12	4.786301e-10	930.4606054257767
4.557105e-7	9.703489e-12	4.897788e-10	930.4612684113728
4.6632559999999994e-7	1.006725e-11	5.011871999999999e-10	930.4620454193562
4.77188e-7	1.044435e-11	5.128614e-10	930.4627806849962
4.883034e-7	1.083529e-11	5.248075e-10	930.4635228917269
4.996777e-7	1.124055e-11	5.370318e-10	930.4643422419305
5.113169e-7	1.166065e-11	5.495409e-10	930.4649765831806
5.232273e-7	1.209611e-11	5.623413e-10	930.465886304278
5.354151e-7	1.254748e-11	5.754399000000001e-10	930.4666698989764
5.478868e-7	1.301533e-11	5.888436999999999e-10	930.4673130238125
5.606491e-7	1.350025e-11	6.025595999999999e-10	930.4682893609197
5.737086e-7	1.400285e-11	6.16595e-10	930.469113194236
5.870723e-7	1.452374e-11	6.309573e-10	930.4699759238857
6.007473e-7	1.506358e-11	6.456542e-10	930.4707745725187
6.147409e-7	1.562305e-11	6.606934000000001e-10	930.4717181222031
6.290604e-7	1.620283e-11	6.760829999999999e-10	930.4724461789453
6.437135e-7	1.680365e-11	6.918309999999999e-10	930.4733434176845
6.587079e-7	1.742624e-11	7.079458e-10	930.4742343834796
6.740516e-7	1.807139e-11	7.244359999999999e-10	930.4751163525833
6.897527e-7	1.873987e-11	7.413102e-10	930.4761216964235
7.058195e-7	1.943253e-11	7.585775999999999e-10	930.4768985137447
7.222606e-7	2.01502e-11	7.762471000000001e-10	930.4778725743387
7.390847e-7	2.089377e-11	7.943281999999999e-10	930.4788546724138
7.563007e-7	2.166414e-11	8.128305e-10	930.4798037721271
7.739177e-7	2.246226e-11	8.317638000000001e-10	930.4806992802523
7.919451e-7	2.32891e-11	8.51138e-10	930.4817657066186
8.103925e-7	2.414567e-11	8.709636e-10	930.482795917074
8.292695e-7	2.5033e-11	8.912509e-10	930.4838098901218
8.485863e-7	2.595218e-11	9.120107999999999e-10	930.4848716484498
8.68353e-7	2.690431e-11	9.332542999999998e-10	930.4858325431771
8.885802e-7	2.789054e-11	9.549926e-10	930.486886013567
9.092785e-7	2.891207e-11	9.772372e-10	930.4879225535009
9.304590000000001e-7	2.997011e-11	1.0000000000000003e-9	930.48897011
9.521329e-7	3.106595e-11	1.023293e-9	930.4900609600573
9.743117e-7	3.220089e-11	1.047129e-9	930.4907999778443
9.970071e-7	3.33763e-11	1.071519e-9	930.4925776397806
1.020231e-6	3.459357e-11	1.096478e-9	930.4934468087824
1.043996e-6	3.585415e-11	1.122018e-9	930.4947462072801
1.068315e-6	3.715955e-11	1.148154e-9	930.4955254695799
1.0932e-6	3.851132e-11	1.174898e-9	930.4965293327591
1.118665e-6	3.991105e-11	1.202264e-9	930.4985519403393
1.144723e-6	4.13604e-11	1.230269e-9	930.4992326068526
1.171388e-6	4.286109e-11	1.2589250000000002e-9	930.5009123577655
1.198674e-6	4.441488e-11	1.28825e-9	930.5013893887057
1.226596e-6	4.60236e-11	1.3182569999999998e-9	930.5029471491522
1.255168e-6	4.768913e-11	1.348963e-9	930.5041644062884
1.284406e-6	4.941343e-11	1.380384e-9	930.5058689683452
1.314324e-6	5.119851e-11	1.412538e-9	930.5060809054341
1.34494e-6	5.304646e-11	1.4454400000000001e-9	930.5076976284039
1.376269e-6	5.495944e-11	1.479108e-9	930.5094417987057
1.408328e-6	5.693966e-11	1.513561e-9	930.51085464015
1.441133e-6	5.898942e-11	1.548817e-9	930.5114738668287
1.474703e-6	6.11111e-11	1.584893e-9	930.5133602710088
1.509055e-6	6.330715e-11	1.62181e-9	930.5148612661162
1.544207e-6	6.558011e-11	1.659587e-9	930.5161947580934
1.580177e-6	6.79326e-11	1.6982440000000002e-9	930.5170120430279
1.616986e-6	7.036732e-11	1.7378010000000003e-9	930.5187229838168
1.654652e-6	7.288706e-11	1.778279e-9	930.520400375869
1.693196e-6	7.549472e-11	1.819701e-9	930.5218245854677
1.732637e-6	7.819327e-11	1.8620869999999998e-9	930.523221133062
1.772997e-6	8.098581e-11	1.905461e-9	930.5244168261643
1.814298e-6	8.38755e-11	1.949845e-9	930.5262087499264
1.85656e-6	8.686564e-11	1.995262e-9	930.5278533044784
1.8998069999999998e-6	8.995962e-11	2.041738e-9	930.5292645873271
1.944061e-6	9.316096e-11	2.089296e-9	930.5307438295005
1.989346e-6	9.647326e-11	2.1379620000000006e-9	930.5321952682041
2.035687e-6	9.990029e-11	2.187762e-9	930.5339887474048
2.083106e-6	1.034459e-10	2.238721e-9	930.5355360940467
2.13163e-6	1.071141e-10	2.290868e-9	930.536859434939
2.181285e-6	1.109089e-10	2.344229e-9	930.5387438257952
2.232096e-6	1.148347e-10	2.398833e-9	930.5403230237371
2.284091e-6	1.188959e-10	2.454709e-9	930.5420299921495
2.337297e-6	1.230969e-10	2.511886e-9	930.5438610271327
2.391743e-6	1.274425e-10	2.5703959999999997e-9	930.545504467016
2.447457e-6	1.319375e-10	2.630268e-9	930.5473577217227
2.504468e-6	1.365869e-10	2.691535e-9	930.5487712030496
2.562808e-6	1.413959e-10	2.754229e-9	930.5505809066713
2.622507e-6	1.463698e-10	2.818383e-9	930.5525082290093
2.683597e-6	1.515141e-10	2.8840319999999994e-9	930.5543468657769
2.746109e-6	1.568345e-10	2.9512089999999995e-9	930.5562006960538
2.810078e-6	1.623369e-10	3.019952e-9	930.5579482389123
2.875537e-6	1.680272e-10	3.0902949999999996e-9	930.5600362424946
2.942521e-6	1.739118e-10	3.162278e-9	930.5617380255626
3.011065e-6	1.799971e-10	3.235937e-9	930.5635422135845
3.081206e-6	1.862899e-10	3.311311e-9	930.5656550834398
3.152981e-6	1.927969e-10	3.388442e-9	930.5674398145223
3.226428e-6	1.995252e-10	3.467369e-9	930.5694101781495
3.301586e-6	2.064823e-10	3.548134e-9	930.5715292319851
3.378494e-6	2.136757e-10	3.630781e-9	930.5732501354393
3.457195e-6	2.211132e-10	3.7153519999999994e-9	930.575652912564
3.537728e-6	2.288028e-10	3.801894e-9	930.5774445052913
3.620138e-6	2.36753e-10	3.890451e-9	930.579707339843
3.704468e-6	2.449722e-10	3.981072e-9	930.5817559190086
3.790762e-6	2.534695e-10	4.073803e-9	930.5838965458075
3.879066e-6	2.622538e-10	4.168694e-9	930.5859949902775
3.969427e-6	2.713348e-10	4.265795000000001e-9	930.5881634724594
4.061893e-6	2.807222e-10	4.365158e-9	930.5903067426196
4.156514e-6	2.90426e-10	4.466836e-9	930.5925773858721
4.253338e-6	3.004567e-10	4.570882e-9	930.5946766291495
4.352418e-6	3.108249e-10	4.677351e-9	930.5970034962097
4.453806e-6	3.215419e-10	4.786301e-9	930.599129035136
4.538835e-6	3.306119e-10	4.877671e-9	930.6010208355586
4.675023e-6	3.30612e-10	5.024015000107458e-9	930.601045558184
4.772363e-6	3.407815e-10	5.128614e-9	930.6030404120879
4.883534e-6	3.525066e-10	5.248075000000001e-9	930.6053184453347
4.997294e-6	3.646249e-10	5.370318e-9	930.6075775959636
5.113705e-6	3.771492e-10	5.4954089999999994e-9	930.6099235197962
5.232827e-6	3.900928e-10	5.623413e-9	930.6122621262211
5.354725e-6	4.034695e-10	5.754399e-9	930.6147296181581
5.479462e-6	4.172934e-10	5.888437e-9	930.6169520706429
5.607105e-6	4.31579e-10	6.025596000000001e-9	930.6194074411893
5.737721e-6	4.463415e-10	6.16595e-9	930.6217762875144
5.871381e-6	4.615965e-10	6.309573e-9	930.6244014452324
6.008154e-6	4.773598e-10	6.456542e-9	930.6268525473853
6.148113e-6	4.936482e-10	6.606933999999999e-9	930.6293430810722
6.291332e-6	5.104787e-10	6.76083e-9	930.631664854759
6.437888e-6	5.278688e-10	6.918310000000001e-9	930.634196617382
6.587859e-6	5.458369e-10	7.079458e-9	930.6368986015597
6.741322e-6	5.644017e-10	7.24436e-9	930.6393389754237
6.898361e-6	5.835826e-10	7.413102e-9	930.642068947655
7.059059e-6	6.033995e-10	7.585776e-9	930.6447223725035
7.2235e-6	6.238732e-10	7.762471e-9	930.6474540387977
7.391771e-6	6.450248e-10	7.943282e-9	930.6500795011433
7.563963e-6	6.668763e-10	8.128305e-9	930.6528084637573
7.740166e-6	6.894505e-10	8.317637999999998e-9	930.6554878320024
7.920474e-6	7.127707e-10	8.51138e-9	930.6583386830338
8.104983e-6	7.36861e-10	8.709636e-9	930.6611505922866
8.293789e-6	7.617464e-10	8.912509e-9	930.6639405805929
8.486994e-6	7.874525e-10	9.120108e-9	930.6667697904454
8.684701e-6	8.140058e-10	9.332543e-9	930.669701259346
8.887013e-6	8.414337e-10	9.549926e-9	930.6725972222193
9.094038e-6	8.697645e-10	9.772371999999998e-9	930.6755580426126
9.305886e-6	8.990271e-10	1.e-8	930.67850271
9.522669e-6	9.292518e-10	1.023293e-8	930.6814618882372
9.744502e-6	9.604694e-10	1.047129e-8	930.6840388720016
9.971504e-6	9.927119e-10	1.071519e-8	930.6878097261924
0.00001020379	1.026012e-9	1.0964780000000002e-8	930.6904481439664
0.00001044149	1.060405e-9	1.1220179999999998e-8	930.6936613316362
0.00001068473	1.095924e-9	1.148154e-8	930.6962240256969
0.00001093364	1.132607e-9	1.174898e-8	930.6997379346973
0.00001118834	1.170491e-9	1.202264e-8	930.7032807270284
0.00001144898	1.209614e-9	1.230269e-8	930.7061800305462
0.00001171569	1.250016e-9	1.258925e-8	930.7099323629286
0.00001198861	1.291738e-9	1.28825e-8	930.7123413933631
0.00001226789	1.334822e-9	1.318257e-8	930.7156967116427
0.00001255368	1.379313e-9	1.3489630000000002e-8	930.7193238806401
0.00001284613	1.425255e-9	1.3803840000000001e-8	930.7232809855808
0.00001314539	1.472695e-9	1.4125379999999998e-8	930.7263022304534
0.00001345162	1.52168e-9	1.44544e-8	930.729859419969
0.00001376498	1.57226e-9	1.479108e-8	930.733405539014
0.00001408565	1.624487e-9	1.513561e-8	930.7371481559052
0.00001441378	1.678413e-9	1.548817e-8	930.7399397733883
0.00001474956	1.734091e-9	1.584893e-8	930.7438477550221
0.00001509316	1.791579e-9	1.6218099999999996e-8	930.7472255689632
0.00001544477	1.850934e-9	1.6595870000000003e-8	930.7508997117957
0.00001580457	1.912216e-9	1.6982440000000004e-8	930.7544861633544
0.00001617275	1.975486e-9	1.737801e-8	930.7582102899008
0.00001654951	2.040808e-9	1.778279e-8	930.7623161494905
0.00001693504	2.108247e-9	1.819701e-8	930.7654525111543
0.00001732956	2.17787e-9	1.8620870000000003e-8	930.7695005657631
0.00001773327	2.249748e-9	1.9054609999999996e-8	930.7731697473735
0.00001814639	2.323952e-9	1.949845e-8	930.7772644492253
0.00001856912	2.400556e-9	1.995262e-8	930.7810481029559
0.00001900171	2.479638e-9	2.041738e-8	930.7849311713843
0.00001944438	2.561274e-9	2.089296e-8	930.7891880327153
0.00001989735	2.645548e-9	2.137962e-8	930.7927618919325
0.00002036089	2.732543e-9	2.187762e-8	930.7969762250191
0.00002083522	2.822346e-9	2.238721e-8	930.801218463578
0.0000213206	2.915045e-9	2.290868e-8	930.8050505310651
0.00002181729	3.010733e-9	2.344229e-8	930.8092653490764
0.00002232555	3.109505e-9	2.398833e-8	930.8134207341653
0.00002284565	3.211459e-9	2.4547090000000004e-8	930.8175208955521
0.00002337787	3.316696e-9	2.5118860000000003e-8	930.8219678759307
0.00002392249	3.42532e-9	2.5703959999999997e-8	930.8260408123884
0.0000244798	3.53744e-9	2.6302680000000005e-8	930.8305252544607
0.00002505009	3.653165e-9	2.691535e-8	930.8347528454952
0.00002563367	3.77261e-9	2.754229e-8	930.8391789498985
0.00002623084	3.895894e-9	2.8183830000000005e-8	930.8435331181034
0.00002684193	4.023137e-9	2.8840320000000005e-8	930.8479634414597
0.00002746725	4.154466e-9	2.9512090000000002e-8	930.852557917789
0.00002810714	4.29001e-9	3.019952e-8	930.8568483869942
0.00002876195	4.429903e-9	3.090295e-8	930.8619372260578
0.000029432	4.574283e-9	3.162278e-8	930.8661124354026
0.00003011767	4.723291e-9	3.235937e-8	930.8708201364859
0.00003081931	4.877074e-9	3.311311e-8	930.8756282330471
0.0000315373	5.035783e-9	3.388442e-8	930.8802034386305
0.00003227202	5.199575e-9	3.4673690000000004e-8	930.8850478561699
0.00003302385	5.36861e-9	3.548134e-8	930.8898313874276
0.00003379321	5.543054e-9	3.630781000000001e-8	930.8948420188383
0.00003458048	5.723078e-9	3.715352e-8	930.8997661056071
0.0000353861	5.908859e-9	3.801894e-8	930.9046716978434
0.00003621049	6.100579e-9	3.890451e-8	930.9098245678972
0.00003705408	6.298425e-9	3.981072e-8	930.9145482674014
0.00003791733	6.502591e-9	4.073803e-8	930.9196490601042
0.0000388007	6.713277e-9	4.168694e-8	930.9249677956693
0.00003970464	6.930689e-9	4.265795e-8	930.9301241386424
0.00004062964	7.155039e-9	4.3651580000000004e-8	930.9352614269632
0.0000415762	7.386547e-9	4.466836000000001e-8	930.9405258442439
0.00004254481	7.625437e-9	4.570882e-8	930.9458313953413
0.00004353598	7.871944e-9	4.677351000000001e-8	930.9511290471894
0.00004455025	8.126309e-9	4.786301e-8	930.9564172625165
0.00004558815	8.388777e-9	4.897787999999999e-8	930.9618704811234
0.00004665024	8.659607e-9	5.011872e-8	930.9675029011116
0.00004773706	8.93906e-9	5.1286140000000005e-8	930.9727552122268
0.00004884922	9.22741e-9	5.248074999999999e-8	930.9784522896492
0.00004998728	9.524937e-9	5.370317999999999e-8	930.984067181869
0.00005115186	9.831929e-9	5.495409e-8	930.9897030230143
0.00005234357	1.014869e-8	5.623413e-8	930.9954415583561
0.00005356305	1.047552e-8	5.7543990000000006e-8	931.0012308844068
0.00005481094	1.081274e-8	5.888436999999999e-8	931.0068654890932
0.00005608791	1.116067e-8	6.025596e-8	931.0128105170013
0.000057394629999999996	1.151966e-8	6.16595e-8	931.0187345015772
0.00005873179	1.189006e-8	6.309573e-8	931.0246519059214
0.00006010011	1.227221e-8	6.456542e-8	931.0306075605178
0.00006150031	1.26665e-8	6.606934e-8	931.0366427150628
0.00006293314	1.30733e-8	6.76083e-8	931.0426870665287
0.00006439935	1.349302e-8	6.91831e-8	931.0488113426546
0.00006589972	1.392604e-8	7.079457999999999e-8	931.0549768075465
0.00006743505	1.43728e-8	7.24436e-8	931.0611675841619
0.00006900616	1.483373e-8	7.413102e-8	931.0676384865607
0.00007061387	1.530926e-8	7.585776e-8	931.0738843329938
0.00007225904	1.579987e-8	7.762470999999999e-8	931.0803205577195
0.00007394254	1.630602e-8	7.943281999999999e-8	931.0867475182173
0.00007566527	1.682821e-8	8.128305e-8	931.0932378890802
0.00007742814	1.736693e-8	8.317638000000002e-8	931.0997536800711
0.00007923208	1.792272e-8	8.51138e-8	931.1063860384567
0.00008107806	1.849609e-8	8.709636e-8	931.1130349190254
0.00008296705	1.908762e-8	8.912509e-8	931.1198184484302
0.00008490005	1.969786e-8	9.120108000000001e-8	931.1265596854773
0.00008687809	2.03274e-8	9.332543e-8	931.1333191821351
0.00008890223	2.097686e-8	9.549926000000002e-8	931.1402712439865
0.00009097352	2.164686e-8	9.772372e-8	931.1471857600181
0.00009309308	2.233804e-8	9.999999999999998e-8	931.1541804000001
0.00009526202	2.305107e-8	1.0232929999999999e-7	931.1611734859908
0.00009748151	2.378664e-8	1.0471290000000001e-7	931.1679519906335
0.0000997527	2.454544e-8	1.071519e-7	931.1756995442918
0.0001020768	2.532822e-8	1.0964780000000002e-7	931.1826431538069
0.0001044551	2.613572e-8	1.1220180000000002e-7	931.1903705644651
0.0001068888	2.696873e-8	1.148154e-7	931.1971105792429
0.0001093792	2.782803e-8	1.174898e-7	931.2044792824568
0.0001119276	2.871447e-8	1.202264e-7	931.2123998556058
0.0001145354	2.962888e-8	1.230269e-7	931.2193421113595
0.000117204	3.057214e-8	1.2589249999999996e-7	931.2276119705305
0.0001199348	3.154517e-8	1.28825e-7	931.2349712400544
0.0001227291	3.254889e-8	1.318257e-7	931.242154526773
0.0001255886	3.358427e-8	1.348963e-7	931.2500362871333
0.0001285148	3.465231e-8	1.3803839999999998e-7	931.2586375240514
0.0001315091	3.575401e-8	1.412538e-7	931.265948314311
0.0001345732	3.689045e-8	1.44544e-7	931.2741480102943
0.0001377086	3.806271e-8	1.479108e-7	931.281980152903
0.0001409172	3.927191e-8	1.513561e-7	931.2903273141949
0.0001442005	4.051922e-8	1.548817e-7	931.2980114500293
0.0001475603	4.180582e-8	1.584893e-7	931.3064403716844
0.0001509984	4.313295e-8	1.62181e-7	931.314598812438
0.0001522496	4.361852e-8	1.6352440000000002e-7	931.3180083216938
0.0001581168	4.397829e-8	1.698244e-7	931.3195176311532
0.0001618009	4.537383e-8	1.7378009999999998e-7	931.3280049326708
0.0001655708	4.681333e-8	1.778279e-7	931.336496297825
0.0001694285	4.829814e-8	1.8197010000000003e-7	931.3442051194124
0.0001733762	4.982969e-8	1.862087e-7	931.3529909719579
0.0001774158	5.140945e-8	1.905461e-7	931.3610168352959
0.0001815496	5.303892e-8	1.949845e-7	931.3696161489759
0.0001857796	5.471966e-8	1.995262e-7	931.378032859845
0.0001901083	5.645329e-8	2.0417380000000003e-7	931.3866582783883
0.0001945378	5.824145e-8	2.089296e-7	931.3952711822548
0.0001990706	6.008585e-8	2.1379619999999998e-7	931.4042337983557
0.000203709	6.198825e-8	2.1877620000000004e-7	931.4129610533503
0.0002084554	6.395048e-8	2.238721e-7	931.421782705393
0.0002133125	6.597441e-8	2.290868e-7	931.4306822130301
0.0002182827	6.806196e-8	2.3442290000000002e-7	931.4395562890827
0.0002233688	7.021512e-8	2.398833e-7	931.4488133188096
0.0002285734	7.243597e-8	2.454709e-7	931.458009768164
0.0002338992	7.47266e-8	2.511886e-7	931.4671390341758
0.0002393492	7.708921e-8	2.570396e-7	931.4762752898774
0.0002449262	7.952605e-8	2.630268e-7	931.4857879501252
0.0002506332	8.203945e-8	2.691535e-7	931.4953714144532
0.0002564731	8.463179e-8	2.754229e-7	931.5047216117468
0.0002624491	8.730556e-8	2.818383e-7	931.5142958213982
0.0002685644	9.006329e-8	2.884032e-7	931.5238641249474
0.0002748222	9.290762e-8	2.951209e-7	931.5338480602355
0.0002812258	9.584125e-8	3.019952e-7	931.5434193987189
0.0002877787	9.886699e-8	3.090295e-7	931.5536768819806
0.0002944843	1.019877e-7	3.1622779999999993e-7	931.5635364759203
0.0003013461	1.052064e-7	3.235937e-7	931.5734713005846
0.0003083678	1.085261e-7	3.311311e-7	931.5836721467721
0.0003155532	1.119499e-7	3.388442e-7	931.5937823341818
0.000322906	1.154813e-7	3.4673689999999997e-7	931.603995132909
0.0003304302	1.191234e-7	3.548134e-7	931.6145427427488
0.0003381298	1.228797e-7	3.630781e-7	931.6251233550028
0.0003460087	1.267539e-7	3.715352e-7	931.6356940069205
0.0003540713	1.307497e-7	3.801894e-7	931.646304973258
0.0003623218	1.348707e-7	3.890451e-7	931.6572055527752
0.0003707645	1.39121e-7	3.9810719999999996e-7	931.6677040756862
0.000379404	1.435046e-7	4.073803e-7	931.6785927056364
0.0003882449	1.480256e-7	4.1686939999999994e-7	931.6896985002976
0.0003972918	1.526884e-7	4.2657950000000004e-7	931.7008632622992
0.0004065495	1.574974e-7	4.365158e-7	931.7119733123062
0.000416023	1.624571e-7	4.466836e-7	931.7231640024393
0.0004257172	1.675723e-7	4.570882e-7	931.7343398932635
0.0004356374	1.728478e-7	4.677351e-7	931.7458702586143
0.0004457888	1.782886e-7	4.786301e-7	931.7572977545709
0.0004561768	1.839e-7	4.897788e-7	931.7689944930241
0.0004668068	1.896872e-7	5.011872000000001e-7	931.7805546510366
0.0004776847	1.956557e-7	5.128614e-7	931.7924018068038
0.000488816	2.018113e-7	5.248074999999999e-7	931.80415923934
0.0005002068	2.081596e-7	5.370318e-7	931.8162529667703
0.000511863	2.147069e-7	5.495409e-7	931.8281985926798
0.0005237909	2.214592e-7	5.623413e-7	931.8404307135186
0.0005359968	2.28423e-7	5.754399e-7	931.8526973885542
0.0005484872	2.35605e-7	5.888437e-7	931.864949900967
0.0005612686	2.430119e-7	6.025596e-7	931.8772979469582
0.000574348	2.506507e-7	6.165950000000001e-7	931.8898964474249
0.0005877322	2.585287e-7	6.309573e-7	931.9025688426141
0.0006014284	2.666534e-7	6.456542e-7	931.9153401309865
0.0006154438	2.750324e-7	6.606934e-7	931.9282323692048
0.0006297858	2.836738e-7	6.76083e-7	931.9410099055883
0.0006444621	2.925858e-7	6.918309999999999e-7	931.9540260554962
0.0006594805	3.017767e-7	7.079458e-7	931.9672165581036
0.0006748489	3.112553e-7	7.244360000000001e-7	931.9804030997907
0.0006905755	3.210305e-7	7.413102e-7	931.9938272804017
0.0007066687	3.311117e-7	7.585776e-7	932.0072352518714
0.0007231369	3.415085e-7	7.762470999999999e-7	932.0207553754467
0.000739989	3.522305e-7	7.943282000000001e-7	932.0344292195593
0.0007707905	3.569864e-7	8.273756e-7	932.0404014815036
0.0007748804	3.595303e-7	8.317637999999999e-7	932.0433641137063
0.0007929382	3.708164e-7	8.51138e-7	932.0568655141705
0.0008114169	3.824555e-7	8.709635999999999e-7	932.07035919756
0.0008303263	3.944589e-7	8.912509000000001e-7	932.0840617383948
0.0008420832	4.019687e-7	9.038643999999999e-7	932.0924341084792
0.0008694773	4.088093e-7	9.332543e-7	932.0997602689856
0.0008897397	4.216374e-7	9.549926e-7	932.1133351190365
0.0009104744	4.348669e-7	9.772372e-7	932.1270894108411
0.0009316923	4.485103e-7	1.e-6	932.1408103
0.0009534047999999999	4.625804e-7	1.023293e-6	932.154700950754
0.0009756234	4.770906e-7	1.047129e-6	932.1683294035405
0.0009983599	4.920546e-7	1.071519e-6	932.1831480356392
0.001021626	5.074866e-7	1.096478e-6	932.1969858036367
0.001045435	5.234013e-7	1.122018e-6	932.2117838572999
0.001069799	5.398137e-7	1.1481539999999999e-6	932.2258283296492
0.00109473	5.567393e-7	1.174898e-6	932.2398534170626
0.001120243	5.741942e-7	1.2022639999999998e-6	932.2554731739451
0.00114635	5.921948e-7	1.230269e-6	932.2694425365507
0.001173066	6.107583e-7	1.2589250000000002e-6	932.2848925074964
0.001200405	6.299022e-7	1.28825e-6	932.2995553658066
0.001228381	6.496446e-7	1.3182569999999998e-6	932.3149011156398
0.001257009	6.700042e-7	1.348963e-6	932.3302449362956
0.001286304	6.910003e-7	1.3803840000000001e-6	932.3456373733686
0.001316283	7.126527e-7	1.4125380000000002e-6	932.3612198043521
0.00134696	7.34982e-7	1.44544e-6	932.3769800199246
0.001378352	7.580093e-7	1.479108e-6	932.3930431719658
0.001410476	7.817563e-7	1.513561e-6	932.4089060830717
0.001443348	8.062455e-7	1.5488170000000002e-6	932.4240665617693
0.001476987	8.315002e-7	1.584893e-6	932.4405497405818
0.00151141	8.575441e-7	1.62181e-6	932.4566651457322
0.001546636	8.84402e-7	1.6595870000000002e-6	932.4732008626243
0.001582683	9.120992e-7	1.6982439999999998e-6	932.4897359861128
0.00161957	9.406619e-7	1.7378009999999997e-6	932.5064618445956
0.001657316	9.701172e-7	1.7782789999999998e-6	932.523027713874
0.001695943	1.000493e-6	1.8197010000000002e-6	932.5397375722715
0.001735471	1.031818e-6	1.8620869999999998e-6	932.5572961950758
0.001739608	1.03511e-6	1.866524e-6	932.5586544828782
0.00181731	1.051185e-6	1.949845e-6	932.567042508507
0.001859665	1.084093e-6	1.995262e-6	932.5838376113012
0.001903008	1.11803e-6	2.041738e-6	932.6005736289377
0.001947361	1.153027e-6	2.089296e-6	932.6175070454354
0.001992748	1.189118e-6	2.137962e-6	932.6344986487131
0.002039193	1.226336e-6	2.1877619999999994e-6	932.6514200356346
0.002086721	1.264716e-6	2.238721e-6	932.6690177114523
0.002135357	1.304296e-6	2.290868e-6	932.6863424693173
0.002185127	1.345112e-6	2.3442290000000005e-6	932.7041479309399
0.002236057	1.387203e-6	2.398833e-6	932.721953966783
0.002288174	1.430608e-6	2.4547090000000004e-6	932.7397292306338
0.002341506	1.47537e-6	2.511886e-6	932.7578441059826
0.002396082	1.52153e-6	2.5703960000000003e-6	932.7759341362187
0.00245193	1.569131e-6	2.630268e-6	932.7943506137017
0.00250908	1.618219e-6	2.691535e-6	932.812770036429
0.002567562	1.66884e-6	2.7542290000000004e-6	932.8312351659937
0.002627408	1.721042e-6	2.818383e-6	932.850163373821
0.002688649	1.774875e-6	2.8840319999999994e-6	932.8689400811087
0.002751317	1.830388e-6	2.951209e-6	932.8879750637791
0.002815447	1.887635e-6	3.019952e-6	932.9070909074052
0.002881072	1.94667e-6	3.090295e-6	932.9266849928567
0.002948227	2.007549e-6	3.1622780000000004e-6	932.9459803976753
0.003016947	2.070328e-6	3.235937e-6	932.9654217619192
0.00308727	2.135068e-6	3.311311e-6	932.9854755412584
0.003159232	2.201829e-6	3.388442e-6	933.0051477935878
0.003232872	2.270675e-6	3.467369e-6	933.0252058549291
0.003308229	2.34167e-6	3.548134e-6	933.0455585950249
0.003385343	2.414882e-6	3.630781e-6	933.0658836211823
0.003464255	2.49038e-6	3.715352e-6	933.0866577379478
0.003545007	2.568235e-6	3.801894e-6	933.1073499155948
0.003627641	2.648521e-6	3.890451e-6	933.1281954200168
0.003712203	2.731313e-6	3.981072e-6	933.1492404558369
0.003798736	2.81669e-6	4.073803e-6	933.170477315668
0.003887286	2.904733e-6	4.168694e-6	933.191722155668
0.003977901	2.995524e-6	4.265795e-6	933.2132753683661
0.004070629	3.089149e-6	4.365158e-6	933.2349823305365
0.00416552	3.185697e-6	4.466836e-6	933.2569400354076
0.004262622	3.285258e-6	4.570882e-6	933.2787978337661
0.004361989	3.387928e-6	4.677351e-6	933.3011202280951
0.004463673	3.493802e-6	4.786301e-6	933.3234165590504
0.004567728	3.602982e-6	4.897788e-6	933.346029268723
0.00467421	3.715569e-6	5.011872000000001e-6	933.368922630107
0.004783174	3.83167e-6	5.128614e-6	933.3916863308489
0.004894679	3.951396e-6	5.2480750000000006e-6	933.4147084407139
0.005008784	4.074858e-6	5.370318000000001e-6	933.4379934298116
0.00512555	4.202174e-6	5.495409e-6	933.4613991424478
0.005245039	4.333463e-6	5.623413e-6	933.4851384737347
0.005367314	4.46885e-6	5.754399000000001e-6	933.5089294294677
0.00549244	4.608463e-6	5.888436999999999e-6	933.5326951787038
0.005620485	4.752432e-6	6.025596e-6	933.5570177622263
0.005751515	4.900895e-6	6.165950000000001e-6	933.5813451292987
0.005885601	5.053992e-6	6.309573000000001e-6	933.6059654116054
0.006022814	5.211866e-6	6.456542e-6	933.6307060342826
0.006163226	5.374667e-6	6.606934e-6	933.655560506583
0.006306914	5.542549e-6	6.76083e-6	933.680709173282
0.006349596	5.592666e-6	6.8065439999999995e-6	933.6880311065352
0.006604413	5.624687e-6	7.079458e-6	933.6926198305013
0.006758382	5.800371e-6	7.24436e-6	933.7170393243848
0.006915942	5.981537e-6	7.413101999999999e-6	933.7418447769908
0.007077177	6.168356e-6	7.5857760000000005e-6	933.7667439692393
0.007242171	6.361006e-6	7.762471e-6	933.7918307198829
0.007411014	6.559667e-6	7.943282e-6	933.8172391462371
0.007583794	6.764527e-6	8.128305e-6	933.8427294497438
0.007760603	6.97578e-6	8.317638e-6	933.8683385836218
0.007941535	7.193624e-6	8.511379999999998e-6	933.8942244383402
0.008126688	7.418266e-6	8.709636e-6	933.9203459249043
0.008316158	7.649917e-6	8.912509000000001e-6	933.9466492544357
0.008510047	7.888797e-6	9.120108e-6	933.9731280594484
0.008708458	8.13513e-6	9.332543e-6	933.999782267277
0.008911497	8.389149e-6	9.549926e-6	934.0267295264908
0.009119271	8.651094e-6	9.772372e-6	934.053891317277
0.00933189	8.921211e-6	0.00001	934.0811211
0.009549469	9.199757e-6	0.00001023293	934.1086821663004
0.009772122	9.486993e-6	0.00001047129	934.1360035869504
0.009999969	9.783191e-6	0.000010715190000000001	934.1646943264655
0.01023313	0.00001008863	0.00001096478	934.1928091580496
0.01047173	0.0000104036	0.00001122018	934.2215187278636
0.01071589	0.0000107284	0.00001148154	934.2490989884633
0.01096575	0.00001106332	0.00001174898	934.2779815779753
0.01122144	0.0000114087	0.00001202264	934.3079972451973
0.01148309	0.00001176485	0.000012302690000000001	934.3367060374601
0.01175084	0.00001213212	0.00001258925	934.3663935500526
0.01202484	0.00001251084	0.000012882499999999999	934.3955629730254
0.01230523	0.00001290138	0.00001318257	934.4256377929341
0.01259216	0.0000133041	0.000013489630000000003	934.4558820367942
0.01288579	0.00001371938	0.00001380384	934.487025349468
0.01318626	0.00001414762	0.00001412538	934.5169914012932
0.01349374	0.00001458922	0.000014454400000000002	934.5479037524906
0.0138084	0.00001504459	0.00001479108	934.5798001227768
0.01413039	0.00001551417	0.000015135610000000002	934.6107735334089
0.0144599	0.0000159984	0.00001548817	934.6422721341514
0.01479709	0.00001649773	0.00001584893	934.6743111364617
0.01514215	0.00001701264	0.0000162181	934.7064477343215
0.01549526	0.00001754362	0.00001659587	934.7388006775179
0.01561285	0.00001772134	0.00001672167	934.7494203629183
0.01622636	0.00001772535	0.00001737801	934.7494534759734
0.01660474	0.00001827855	0.00001778279	934.7812435506464
0.01699195	0.00001884901	0.00001819701	934.8128626626021
0.01738819	0.00001943727	0.00001862087	934.8450029456195
0.01779367	0.00002004387	0.00001905461	934.8768549972947
0.01820861	0.0000206694	0.00001949845	934.9091543173945
0.01863323	0.00002131444	0.000019952619999999997	934.942099834508
0.01906776	0.0000219796	0.00002041738	934.9749869963726
0.01951243	0.0000226655	0.00002089296	935.0085148298758
0.01996746	0.0000233728	0.00002137962	935.0415395596367
0.02043312	0.00002410216	0.00002187762	935.0753034379425
0.02090964	0.00002485428	0.00002238721	935.1095683651514
0.02139727	0.00002562985	0.000022908679999999995	935.1433539601584
0.02189629	0.00002642961	0.00002344229	935.1782445315708
0.02240694	0.00002725432	0.00002398833	935.2128439120188
0.02292951	0.00002810475	0.00002454709	935.2479153333451
0.02346427	0.00002898171	0.00002511886	935.2833572064974
0.02401151	0.00002988602	0.00002570396	935.3187610002506
0.02457152	0.00003081853	0.00002630268	935.354820497379
0.02514459	0.00003178013	0.000026915349999999996	935.3907762670744
0.02573104	0.00003277172	0.00002754229	935.4273635198816
0.02633116	0.00003379424	0.00002818383	935.4638542738867
0.02694529	0.00003484865	0.000028840319999999997	935.5006688552693
0.02757376	0.00003593595	0.00002951209	935.5384843974113
0.02821688	0.00003705715	0.00003019952	935.5757028588533
0.02887501	0.00003821333	0.00003090295	935.6136980450085
0.0295485	0.00003940557	0.00003162278	935.6516274027774
0.03023771	0.00004063499	0.00003235937	935.6901877261517
0.03094299	0.00004190275	0.00003311311	935.7288623750533
0.03166474	0.00004321006	0.00003388442	935.7678266294656
0.03240333	0.00004455813	0.00003467368999999999	935.8071820449453
0.03315915	0.00004594825	0.00003548134	935.8467929903436
0.03393262	0.00004738172	0.000036307810000000006	935.8868441803568
0.03472413	0.0000488599	0.00003715352	935.9271988226151
0.03553411	0.00005038418	0.00003801894	935.9675514362053
0.03561557	0.00005053811	0.00003810597000000001	935.9716629703953
0.03721117	0.00005064854	0.00003981072	935.9744948094383
0.03807912	0.0000522286	0.00004073803	936.0135627569622
0.03896734	0.00005385794	0.000041686940000000005	936.05330446418
0.03987628	0.00005553809	0.00004265795	936.0932274054426
0.04080643	0.00005727064	0.00004365157999999999	936.1333688265122
0.04175829	0.00005905722	0.00004466836	936.1737753523972
0.04273236	0.00006089952	0.00004570882000000001	936.2144881447387
0.04372916	0.00006279928	0.00004677351	936.2555703003687
0.04474923	0.00006475828	0.00004786301	936.2969081969563
0.04579311	0.00006677837	0.00004897788000000001	936.3387792611684
0.04686135	0.00006886146	0.00005011872	936.3808864232766
0.04795452	0.00007100952	0.00005128614	936.4231646210848
0.0490732	0.00007322456	0.000052480750000000004	936.465743343988
0.05021799	0.00007550868	0.00005370318	936.5087631682146
0.05138951	0.00007786403	0.00005495409	936.5522025749129
0.0543213	0.00007956368	0.00005808442	936.5827132301572
0.05507053	0.00008102877	0.000058884370000000006	936.6077750343596
0.05635521	0.00008355627	0.00006025596	936.6503540894545
0.05766986	0.0000861626	0.0000616595	936.6930091875544
0.05901521	0.0000888502	0.00006309573	936.736292614413
0.06039195	0.00009162162	0.00006456542	936.7796510887716
0.06180083	0.00009447946	0.00006606934	936.8234866581079
0.06324259	0.00009742642	0.00006760830000000001	936.8674618353073
0.064718	0.0001004653	0.0000691831	936.9118368503291
0.06622785	0.0001035989	0.00007079458	936.9565989373764
0.06777295	0.0001068303	0.0000724436	937.0017544683036
0.06935411	0.0001101624	0.00007413101999999999	937.0473035444542
0.0709025	0.0001134499	0.0000757834	937.0911030647873
0.07432237	0.0001161892	0.00007943282	937.12597890897
0.0760563	0.0001198131	0.00008128305	937.1709489247758
0.07783072	0.0001235501	0.00008317637999999999	937.2164321169063
0.07964655	0.0001274036	0.00008511380000000001	937.262272392961
0.08150477	0.0001313772	0.00008709636	937.3083697183213
0.08340637	0.0001354748	0.00008912509	937.3549558266924
0.08535236	0.0001397002	0.00009120108	937.4018399782108
0.08734377	0.0001440573	0.00009332543	937.4489600530103
0.08938168	0.0001485503	0.00009549926000000002	937.4965868845475
0.09146716	0.0001531833	0.00009772372000000001	937.5445725971136
0.09360132	0.0001579609	0.00010000000000000002	937.592809
0.09578532	0.0001628874	0.0001023293	937.6415884795459
0.09802029	0.0001679676	0.00010471289999999999	937.69017570901
0.1003075	0.0001732062	0.0001071519	937.7407792115678
0.1008452	0.0001744436	0.0001077254	937.7513901085538
0.105043	0.0001766863	0.0001122018	937.7718209511792
0.107494	0.0001821968	0.00011481539999999999	937.8201600133781
0.1100021	0.0001878791	0.0001174898	937.8684711353667
0.1125689	0.0001937385	0.0001202264	937.9191134393112
0.1151955	0.0001997807	0.0001230269	937.9678810081374
0.1178835	0.0002060113	0.0001258925	938.0186373294678
0.1206342	0.0002124361	0.000128825	938.06820182418
0.1234492	0.0002190613	0.0001318257	938.1195115975111
0.1263299	0.0002258931	0.00013489629999999998	938.1709735552421
0.1292778	0.0002329379	0.0001380384	938.2225373519253
0.1322946	0.0002402024	0.0001412538	938.2742439495433
0.1353818	0.0002476934	0.000144544	938.3266922182864
0.1385411	0.000255418	0.0001479108	938.3798748975736
0.1417742	0.0002633835	0.0001513561	938.4331619274014
0.1450827	0.0002715973	0.0001548817	938.4859366858708
0.1484686	0.0002800673	0.0001584893	938.5407551172225
0.1519335	0.0002888014	0.000162181	938.5951584957547
0.1554793	0.0002978078	0.00016595869999999998	938.649843605668
0.1580418	0.000304359	0.0001686886	938.6891526754032
0.1666209	0.0003123413	0.0001778279	938.7348177648163
0.1705093	0.0003220817	0.0001819701	938.7881948737733
0.1744886	0.0003321258	0.0001862087	938.8429530951023
0.1785609	0.0003424831	0.0001905461	938.8981621770271
0.1827282	0.0003531634	0.0001949845	938.9534214258057
0.1869928	0.0003641767	0.0001995262	939.0093967609266
0.1913571	0.0003755334	0.00020417380000000001	939.0658027621565
0.1958232	0.0003872442	0.00020892960000000002	939.1222890389873
0.2003937	0.0003993201	0.00021379619999999997	939.1795555767595
0.2050709	0.0004117726	0.0002187762	939.2368667158494
0.2098573	0.0004246134	0.0002238721	939.2948625576836
0.2147556	0.0004378545	0.0002290868	939.3533564570284
0.2195833	0.0004510029	0.00023422600000000003	939.4102401099792
0.2301469	0.0004577091	0.0002454709	939.4376649126231
0.2355185	0.0004719822	0.0002511886	939.4951928550897
0.2410156	0.0004867003	0.00025703960000000007	939.5528949624882
0.2466411	0.0005018774	0.0002630268	939.611390930506
0.2477387	0.0005048519	0.0002641949	939.622800818638
0.252398	0.0005128182	0.0002691535	939.6527193590274
0.2582891	0.0005205402	0.00027542290000000003	939.6809059813108
0.2643176	0.0005274976	0.00028183829999999996	939.7058440957101
0.2704868	0.0005340658	0.0002884032	939.7290522435256
0.2767997	0.0005404122	0.00029512090000000004	939.7508349967759
0.2832599	0.0005466289	0.0003019952	939.7716549799468
0.2898706	0.0005527728	0.0003090295	939.7917441538751
0.2966355	0.0005588853	0.0003162277999999999	939.811064365625
0.3035582	0.0005650021	0.0003235937	939.8304172794464
0.3106422	0.0005711428	0.00033113110000000006	939.8493309749521
0.3178913	0.0005773289	0.0003388442	939.867434354786
0.3253095	0.0005835763	0.0003467369	939.8857643936944
0.3329006	0.0005899026	0.0003548134	939.9039117462869
0.3406687	0.0005963157	0.00036307810000000006	939.9217845967576
0.3486178	0.0006028331	0.0003715352	939.9395618503979
0.3567523	0.0006094621	0.0003801894	939.9571952821411
0.3650764	0.0006162136	0.00038904510000000006	939.9748604981788
0.3735945	0.0006230992	0.0003981072	939.9920403348646
0.3823113	0.0006301256	0.0004073803	940.0096803895525
0.3912312	0.0006373026	0.0004168694	940.0270266898937
0.4003591	0.0006446377	0.0004265795	940.0445584000169
0.4096997	0.0006521454	0.00043651579999999995	940.0618383114655
0.4192582	0.0006598278	0.00044668359999999995	940.079348782897
0.4290394	0.0006677003	0.0004570882	940.0966822158175
0.4390486	0.0006757658	0.00046773510000000003	940.1141068951208
0.4492912	0.0006840339	0.0004786301	940.1315000874371
0.4597726	0.0006925184	0.0004897788	940.1491416124993
0.4814738	0.0007011234	0.0005128614	940.1661411835635
0.4927052	0.0007103862	0.0005248075	940.1839459230289
0.5041984	0.000719897	0.0005370318000000002	940.2018595546855
0.5159596	0.0007296677	0.0005495409000000001	940.2198593407696
0.5279949	0.0007397086	0.0005623413	940.2379099667764
0.5403108	0.0007500283	0.0005754399	940.2560168316447
0.5529139	0.00076064	0.0005888437	940.2742017958244
0.5658108	0.0007715486	0.0006025596	940.2926259908562
0.5790083	0.0007827725	0.000616595	940.311018577835
0.5925135	0.0007943171	0.0006309573	940.3295866455622
0.6063335	0.0008061996	0.0006456542	940.3480990288608
0.6204758	0.0008184282	0.0006606934	940.3669360099557
0.6349477	0.0008310163	0.0006760829999999998	940.3855980700596
0.6497571	0.0008439751	0.000691831	940.4046293097592
0.6649117	0.0008573187	0.0007079458	940.4237142165404
0.6804196	0.0008710643	0.000724436	940.4428607910154
0.696289	0.000885219	0.0007413102	940.4621965271759
0.7125285	0.0008998009	0.0007585776000000001	940.4816341795487
0.7291465	0.000914823	0.0007762470999999999	940.5011922105732
0.746152	0.0009303016	0.0007943282	940.5209353010506
0.763554	0.0009462505	0.0008128305	940.5408021721624
0.7813617	0.0009626869	0.0008317638	940.5607540265639
0.7995845	0.0009796285	0.000851138	940.5808793638635
0.8182323	0.0009970903	0.0008709636	940.6011804626507
0.8373148	0.001015088	0.0008912509	940.6216453750567
0.8568422	0.001033644	0.0009120108	940.6421985353682
0.8768249	0.001052771	0.0009332543	940.6628729168459
0.8972736	0.001072492	0.0009549926	940.6838251940383
0.918199	0.001092826	0.0009772372	940.7049035791924
0.9396123	0.001113792	0.001	940.7260919999999
0.9615248	0.001135411	0.001023293	940.7473822258141
0.9839483000000001	0.001157703	0.001047129	940.7685232669519
1.006895	0.001180692	0.001071519	940.7912430857504
1.030376	0.001204401	0.0010964779999999997	940.8126756761195
1.054405	0.001228849	0.001122018	940.8350391883197
1.078994	0.001254065	0.001148154	940.8564225704914
1.104157	0.001280069	0.001174898	940.8791818523822
1.129906	0.001306894	0.001202264	940.9022427686433
1.16078	0.00132275	0.001235078	940.9144604632257
1.183219	0.001346557	0.001258925	940.9341755863138
1.210811	0.001376049	0.0012882500000000001	940.9563741509802
1.239047	0.001406466	0.0013182569999999998	940.9799955547363
1.267942	0.00143784	0.001348963	941.00419359167
1.29751	0.001470201	0.0013803839999999997	941.0281494134966
1.327767	0.001503579	0.0014125380000000003	941.0511993305665
1.35873	0.001538007	0.0014454399999999999	941.0753867334513
1.390415	0.001573518	0.001479108	941.0999859374704
1.422839	0.001610144	0.001513561	941.1243709371475
1.456019	0.001647922	0.001548817	941.148581142898
1.489973	0.001686887	0.0015848930000000002	941.1738754603623
1.524719	0.001727076	0.00162181	941.1990775738219
1.560275	0.001768526	0.0016595869999999997	941.2242479604867
1.59666	0.001811274	0.001698244	941.2494753404104
1.633894	0.001855364	0.0017378009999999998	941.2754187619872
1.671996	0.001900836	0.001778279	941.3015820352149
1.710986	0.00194773	0.0018197009999999997	941.3270257036733
1.750886	0.001996089	0.0018620869999999997	941.3534861690135
1.791717	0.002045964	0.001905461	941.3800460885843
1.833499	0.002097391	0.001949845	941.4063122966185
1.876257	0.002150423	0.0019952620000000003	941.4339685715461
1.920011	0.002205108	0.002041738	941.4607104339539
1.964786	0.002261495	0.0020892960000000005	941.4881831009104
2.010605	0.002319635	0.002137962	941.5156279671949
2.057492	0.002379577	0.002187762	941.5428081299519
2.105474	0.002441381	0.002238721	941.5712726150334
2.154574	0.002505096	0.002290868	941.599034077913
2.20482	0.00257078	0.002344229	941.6276225573524
2.256237	0.002638495	0.002398833	941.6560031481974
2.301204	0.002668723	0.002446585	941.6687844485273
2.362697	0.002750976	0.002511886	941.7019625890665
2.417796	0.002825259	0.0025703959999999995	941.730869095657
2.474181	0.002901822	0.0026302680000000003	941.7606198303748
2.53188	0.002980741	0.002691535	941.7899975292909
2.590926	0.003062081	0.0027542289999999995	941.8200451015512
2.651348	0.003145909	0.002818383	941.8499575820605
2.71318	0.003232301	0.0028840319999999995	941.8800835080888
2.776455	0.003321329	0.0029512089999999998	941.9110367988169
2.841205	0.003413069	0.0030199520000000002	941.9414841692849
2.907466	0.003507598	0.003090295	941.9727236396526
2.975272	0.003604995	0.0031622780000000006	942.0035161361524
3.04466	0.003705343	0.003235937	942.0348242255643
3.115667	0.003808728	0.0033113109999999995	942.066670270476
3.18833	0.003915228	0.003388442	942.0982351180867
3.262688	0.004024937	0.003467369	942.1301675708585
3.338781	0.004137945	0.0035481339999999997	942.1625409299648
3.416649	0.004254343	0.003630781	942.1949004911064
3.496333	0.004374226	0.003715352	942.2276075052915
3.577877	0.004497692	0.003801894	942.260539615255
3.661322	0.004624845	0.003890451	942.2935400034597
3.7467149999999996	0.004755782	0.0039810719999999996	942.3267858506451
3.834099	0.004890608	0.004073803	942.3601504540107
3.923522	0.005029431	0.004168694	942.3938123066841
4.015032	0.005172367	0.004265795	942.4279335973715
4.108676	0.005319531	0.004365158	942.461998168222
4.204505	0.005471035	0.004466836	942.4962176807029
4.302569	0.005626999	0.004570882	942.5305660920585
4.402922	0.005787548	0.004677350999999999	942.5654709257442
4.505616	0.005952815	0.004786301000000001	942.6003118065495
4.610706	0.006122923	0.004897788	942.6355168904821
4.718247	0.00629801	0.005011872	942.6707246314352
4.828298	0.006478212	0.005128614	942.706199374724
4.940916	0.006663677	0.005248075	942.7418009460611
5.056163	0.006854551	0.005370318	942.7779790693959
5.174097	0.007050987	0.005495408999999999	942.8138992020431
5.294784	0.007253135	0.005623413	942.850389078661
5.418287	0.007461169	0.005754399	942.8870276461538
5.544671	0.007675242	0.005888437	942.9236046849105
5.674004	0.007895537	0.006025596	942.9605863054874
5.806355	0.008122233	0.006165950000000001	942.9977915811837
5.941794	0.008355513	0.006309573000000001	943.0352122084964
6.080393	0.008595563	0.006456542	943.0727102836162
6.222227	0.008842591	0.006606933999999999	943.1106154534009
6.36737	0.009096805	0.00676083	943.1485194865129
6.5159	0.009358412	0.00691831	943.1867626631359
6.667895	0.00962764	0.007079458	943.2251226011933
6.823438	0.009904727	0.007244359999999999	943.2638255139171
6.98261	0.01018992	0.007413102000000001	943.3028063015995
7.145496	0.01048345	0.007585776	943.3417820404926
7.312184	0.01078561	0.007762471	943.3812519235177
7.482761	0.01109666	0.007943282	943.4208252961433
7.657319	0.01141689	0.008128305000000002	943.4606464693437
7.83595	0.01174662	0.008317638	943.5006212100118
8.01875	0.01208616	0.00851138	943.5410192001768
8.205816	0.01243585	0.008709636	943.5815515137486
8.397247	0.01279603	0.008912509	943.6223884879106
8.593146	0.01316708	0.009120108	943.663504862004
8.793617	0.0135494	0.009332543	943.7048830099149
8.998766	0.01394338	0.009549926	943.746514894461
9.208703	0.01434949	0.009772372	943.788518283995
9.42354	0.01476816	0.01	943.8308159999998
9.643391	0.01519989	0.01023293	943.8734448491292
9.868373	0.0156452	0.01047129	943.9160027083578
10.09861	0.01610465	0.01071519	943.9603637453001
10.33421	0.01657878	0.010964780000000002	944.0033251921151
10.57532	0.01706825	0.01122018	944.0479787311789
10.82205	0.01757369	0.01148154	944.0914450500544
11.07455	0.01809581	0.01174898	944.1369216732007
11.33293	0.01863534	0.01202264	944.1824208326956
11.59735	0.01919308	0.012302689999999998	944.2278948750234
11.86794	0.01976985	0.012589249999999998	944.2746668784877
12.14485	0.02036656	0.0128825	944.3210991655346
12.42822	0.02098417	0.013182570000000001	944.3685237400598
12.7182	0.02162368	0.01348963	944.4160944369859
13.01496	0.02228617	0.01380384	944.4651756322878
13.31864	0.02297282	0.01412538	944.5135507858904
13.62941	0.02368485	0.014454399999999997	944.5632367998672
13.94744	0.02442358	0.01479108	944.6141579925198
14.2729	0.02519041	0.01513561	944.6656203483044
14.60595	0.02598686	0.01548817	944.7169588143724
14.94678	0.02681453	0.01584893	944.7700589251135
15.29557	0.02767513	0.0162181	944.8236926643689
15.6525	0.02857048	0.01659587	944.8778810631803
16.01777	0.02950255	0.01698244	944.9332693064129
16.39157	0.03047343	0.01737801	944.9898711072213
16.7741	0.03148534	0.01778279	945.0477309803467
17.16556	0.03254067	0.01819701	945.1058536539794
19.2685	0.03356891	0.02042203	945.159169289243
19.71362	0.03472316	0.020892959999999995	945.2151901884654
20.17363	0.03594039	0.021379619999999995	945.272665744293
20.64438	0.03721237	0.02187762	945.3309989843502
21.12614	0.03854236	0.02238721	945.3916928460491
21.61914	0.03993383	0.02290868	945.4527205408605
22.12366	0.04139046	0.023442290000000005	945.5155814555659
22.63997	0.04291622	0.02398833	945.5800474647465
23.16834	0.0445153	0.02454709	945.6459115927795
23.70906	0.04619217	0.02511886	945.7137851797415
24.26241	0.04795161	0.025703960000000005	945.7827358119137
24.82869	0.04979869	0.02630268	945.8537567274515
25.40821	0.05173879	0.026915349999999998	945.9267217405682
26.00127	0.05377769	0.027542289999999997	946.0015013275948
26.60819	0.05592147	0.02818383	946.0783530840203
27.22931	0.05817664	0.02884032	946.1575544238067
27.86494	0.06055009	0.02951209	946.2389851074594
28.51544	0.06304915	0.030199519999999997	946.3226286378062
29.18115	0.06568159	0.030902949999999995	946.4090512394448
29.86242	0.0684557	0.03162278	946.4972940392969
30.55964	0.07138017	0.03235936999999999	946.5888912546816
31.27316	0.07446432	0.03311311	946.6831813743862
32.00338	0.07771794	0.03388442	946.7801998676679
32.75068	0.08115149	0.03467369	946.8802279192092
33.51548	0.08477594	0.03548134	946.9838495389406
34.29817	0.08860299	0.03630781	947.090253859982
35.09919	0.09264497	0.03715352	947.2005605390822
35.91896	0.09691487	0.03801894	947.3140195386825
36.75793	0.1014265	0.03890451	947.4314546051345
37.61655	0.1061944	0.039810719999999994	947.5524280897205
38.49528	0.1112339	0.04073803000000001	947.6774871048011
39.3946	0.1165612	0.041686940000000006	947.8067039701162
40.315	0.1221934	0.04265795	947.9403815701411
41.25697	0.1281485	0.04365158	948.0783627992389
42.22103	0.1344456	0.04466836	948.2209689364015
43.20769	0.1411047	0.04570882	948.3682733441817
44.2175	0.1481469	0.046773510000000004	948.5207952107935
45.25099	0.1555945	0.04786301	948.6779978944074
46.30874	0.163471	0.04897788	948.8408032360732
47.39131	0.1718011	0.05011871999999999	949.0088952790495
48.4993	0.1806108	0.05128614	949.1825822727153
49.6333	0.1899278	0.05248075000000001	949.3619622432986
50.79395	0.199781	0.05370318000000001	949.5476990375616
51.98187	0.2102012	0.054954090000000004	949.7395225723873
53.1977	0.2212206	0.05623413	949.9377086477554
54.44212	0.2328734	0.05754399	950.1425500734308
55.71581	0.245196	0.05888436999999999	950.3541601956513
57.01946	0.2582266	0.06025595999999999	950.5729657282036
58.35378	0.272006	0.061659500000000006	950.7989198744718
59.71952	0.2865773	0.06309573	951.0326182136255
61.11742	0.3019865	0.06456542	951.2740178875937
62.54825	0.3182824	0.06606934	951.5235417820127
64.0128	0.3355173	0.0676083	951.7813241865275
65.51187	0.3537469	0.06918309999999998	952.0477819004932
67.0463	0.3730309	0.07079458000000001	952.3233402896099
68.61693	0.3934335	0.0724436	952.6081461992502
70.22464	0.4150234	0.07413102	952.9028927431457
71.87031	0.4378751	0.07585776	953.2074912309565
73.55486	0.4620685	0.07762471	953.5227700045515
75.27923	0.4876904	0.07943282000000002	953.8490563472378
77.04438	0.5148349	0.08128304999999998	954.1868187771006
78.8513	0.543604	0.08317638	954.5366605279047
80.701	0.574109	0.08511379999999999	954.8993112750222
82.59451	0.606471	0.08709636	955.2750654562373
84.5329	0.6408227	0.08912508999999999	955.6649277997924
86.51727	0.6773087	0.09120108	956.069584921582
88.54874	0.7160882	0.09332543	956.4898677670169
90.62846	0.7573353	0.09549926	956.9267374427823
92.75761	0.8012418	0.09772372	957.3811946577556
94.93741	0.8480183	0.09999999999999999	957.854283
97.16912	0.8978966	0.1023293	958.3473804667872
99.454	0.9511327	0.1047129	958.8611594177986
101.7934	1.008008	0.1071519	959.3988347383482
104.1886	1.068834	0.1096478	959.9593790299485
106.6411	1.133952	0.1122018	960.5465509465979
109.1524	1.203741	0.1148154	961.1614905317579
111.7237	1.277711	0.11748980000000002	961.7976283898686
114.3568	1.356167	0.1202264	962.4588859019318
117.053	1.440037	0.1230269	963.1473848402261
119.8141	1.529994	0.1258925	963.8707150942273
122.6417	1.62671	0.128825	964.6296138171939
125.5375	1.730898	0.1318257	965.429335857879
128.5032	1.843323	0.1348963	966.2720400781933
131.5408	1.964819	0.1380384	967.1628981500799
134.652	2.096295	0.1412538	968.1034775701607
137.8389	2.238744	0.144544	969.1003708213415
141.1035	2.39325	0.1479108	970.157351592987
144.4479	2.560999	0.1513561	971.2783231068984
147.8743	2.743288	0.1548817	972.468587315351
151.3849	2.941531	0.1584893	973.7340691138139
154.9821	3.157272	0.162181	975.079522262164
158.6683	3.392194	0.16595869999999996	976.5109873721594
162.4461	3.648128	0.1698244	978.0351233391668
166.3181	3.927065	0.1737801	979.6585742556254
170.2871	4.231165	0.17782789999999998	981.3885503905743
174.356	4.562775	0.1819701	983.231723233652
178.5276	4.924429	0.18620869999999998	985.1957991221678
182.8053	5.318875	0.19054610000000002	987.2895587996815
187.1922	5.74907	0.19498450000000003	989.5210644948701
191.6917	6.218209	0.19952619999999996	991.8993545709787
196.3075	6.729724	0.2041738	994.4332916368311
201.0432	7.287304	0.20892960000000002	997.1325460825083
205.9028	7.894903	0.2137962	1000.007030059468
210.8904	8.556756	0.2187762	1003.0668601063553
216.0102	9.277386	0.22387210000000002	1006.3227441025479
221.2668	10.06162	0.2290868	1009.7850247155226
226.6649	10.91459	0.2344229	1013.4653653717278
232.2094	11.84176	0.23988330000000002	1017.3745316993721
237.9056	12.84892	0.24547090000000002	1021.5244250947871
243.759	13.94221	0.2511886	1025.9271718541368
249.7752	15.1281	0.25703960000000003	1030.5933404813889
255.9603	16.41344	0.2630268	1035.5360746509482
262.3206	17.80544	0.2691535	1040.766848656993
268.8628	19.31167	0.27542289999999997	1046.2981473218094
275.5939	20.94009	0.2818383	1052.1422744885988
282.5212	22.69904	0.2884032	1058.310864789295
289.6525	24.59725	0.29512089999999996	1064.8169953398758
296.9957	26.64383	0.3019952	1071.6711060308241
304.5595	28.84832	0.30902949999999996	1078.8867082268846
312.3528	31.22063	0.31622780000000006	1086.4744655593215
320.3849	33.7711	0.3235937	1094.4465235262614
328.6656	36.51048	0.3311311	1102.8142025922662
337.2042	39.23176	0.3388442	1110.9411345981428
346.0014	41.71985	0.3467369	1118.2001396447854
355.0618	44.24768	0.35481339999999995	1125.4069885748397
364.393	46.8655	0.3630781	1132.6998240874345
374.0039	49.59754	0.3715352	1140.1381080446752
383.9035	52.38609	0.3801894	1147.5585326681912
394.0975	55.11349	0.3890451	1154.6501678083082
404.5934	57.9141	0.39810719999999994	1161.766227789902
406.3100617628694	58.37478824717117	0.39958026055496304	1162.910117187094
629.1412494891549	58.375476273047795	0.5915291867226568	1162.9109359603603
630.3553837492407	58.85563181425954	0.5922466747525348	1163.7228961251344
631.852778142292	59.44852142092424	0.5935328496272171	1164.7228961251344
633.3536350351346	60.042698136091474	0.5948208922344043	1165.7228961251344
634.8579615032863	60.6381638289252	0.5961108054380873	1166.7228961251344
636.3657646308575	61.23492037145451	0.5974025921022587	1167.7228961251344
637.8770515105491	61.83296963857134	0.5986962550909098	1168.7228961251344
639.3918292436549	62.43231350803234	0.5999917972680323	1169.7228961251344
640.910104940061	63.032953860458235	0.6012892214976184	1170.7228961251344
642.4318857182445	63.634892579333155	0.6025885306436592	1171.7228961251344
643.9571787052762	64.23813155100572	0.6038897275701476	1172.7228961251344
645.485991036817	64.84267266468817	0.6051928151410746	1173.7228961251344
647.0183298571197	65.44851781245723	0.6064977962204317	1174.7228961251344
648.5542023190314	66.0556688892533	0.6078046736722115	1175.7228961251344
650.0936155839888	66.66412779288032	0.6091134503604052	1176.7228961251344
651.6365768220217	67.27389642400749	0.6104241291490049	1177.7228961251344
653.1830932117513	67.88497668616662	0.6117367129020022	1178.7228961251344
654.7331719403913	68.49737048575435	0.613051204483389	1179.7228961251344
656.2868202037474	69.11107973203082	0.6143676067571571	1180.7228961251344
657.8440452062164	69.72610633712077	0.615685922587298	1181.7228961251344
659.4048541607884	70.34245221601236	0.6170061548378041	1182.7228961251344
660.9692542890448	70.96011928655764	0.6183283063726667	1183.7228961251344
662.5372528211581	71.57910946947368	0.6196523800558775	1184.7228961251344
664.1088569958944	72.1994246883404	0.6209783787514288	1185.7228961251344
665.6840740606104	72.82106686960208	0.6223063053233117	1186.7228961251344
667.2629112712566	73.44403794256698	0.6236361626355187	1187.7228961251344
668.8453758923728	74.06833983940794	0.6249679535520409	1188.7228961251344
670.4314751970927	74.69397449516066	0.6263016809368704	1189.7228961251344
672.0212164671426	75.32094384772574	0.6276373476539996	1190.7228961251344
673.6146069928378	75.94924983786734	0.6289749565674191	1191.7228961251344
675.211654073089	76.57889440921394	0.6303145105411214	1192.7228961251344
676.8123650153964	77.20987950825781	0.6316560124390982	1193.7228961251344
678.416747135854	77.84220708435498	0.6329994651253416	1194.7228961251344
680.0248077591459	78.47587908972582	0.6343448714638423	1195.7228961251344
681.63655421855	79.11089747945482	0.6356922343185936	1196.7228961251344
683.2519938559352	79.74726421148966	0.6370415565535863	1197.7228961251344
684.8711340217618	80.38498124664318	0.6383928410328121	1198.7228961251344
686.4939820750836	81.0240505485915	0.6397460906202634	1199.7228961251344
688.1205453835453	81.66447408387455	0.6411013081799316	1200.7228961251344
689.7508313233841	82.30625382189669	0.6424584965758088	1201.7228961251344
691.3848472794282	82.94939173492628	0.6438176586718863	1202.7228961251344
693.0226006450991	83.59388979809512	0.6451787973321562	1203.7228961251344
694.6640988224095	84.23974998939991	0.6465419154206103	1204.7228961251344
696.3093492219641	84.88697428970039	0.6479070158012401	1205.7228961251344
697.9583592629597	85.53556468272114	0.6492741013380376	1206.7228961251344
699.6111363731859	86.1855231550499	0.650643174894995	1207.7228961251344
701.2676879890221	86.83685169613915	0.6520142393361031	1208.7228961251344
702.9280215554422	87.48955229830477	0.6533872975253548	1209.7228961251344
704.5921445260103	88.14362695672725	0.654762352326741	1210.7228961251344
706.2600643628837	88.79907766945036	0.6561394066042541	1211.7228961251344
707.93178853681	89.45590643738245	0.6575184632218853	1212.7228961251344
709.6073245271309	90.11411526429555	0.6588995250436268	1213.7228961251344
711.2866798217785	90.77370615682577	0.6602825949334706	1214.7228961251344
712.9698619172777	91.434681124473	0.661667675755408	1215.7228961251344
714.6568783187449	92.09704217960194	0.6630547703734309	1216.7228961251344
716.347736539888	92.76079133744003	0.6644438816515309	1217.7228961251344
718.0424441030095	93.4259306160796	0.6658350124537007	1218.7228961251344
719.7410085389995	94.09246203647677	0.667228165643931	1219.7228961251344
721.4434373873439	94.76038762245145	0.668623344086214	1220.7228961251344
723.1497381961187	95.42970940068795	0.6700205506445416	1221.7228961251344
724.8599185219923	96.10042940073396	0.6714197881829054	1222.7228961251344
726.5739859302257	96.77254965500168	0.6728210595652975	1223.7228961251344
728.2919479946704	97.4460721987673	0.6742243676557094	1224.7228961251344
730.0138122977714	98.12099907017046	0.6756297153181329	1225.7228961251344
731.7395864305647	98.79733231021555	0.6770371054165598	1226.7228961251344
733.4692779926781	99.47507396277024	0.6784465408149817	1227.7228961251344
735.2028945923332	100.15422607456685	0.6798580243773911	1228.7228961251344
736.9404438463412	100.83479069520104	0.6812715589677787	1229.7228961251344
738.6819333801068	101.5167698771329	0.6826871474501375	1230.7228961251344
740.427370827626	102.20016567568666	0.6841047926884585	1231.7228961251344
742.176763831487	102.88498014904985	0.6855244975467334	1232.7228961251344
743.9301200428699	103.57121535827469	0.6869462648889545	1233.7228961251344
745.6874471215467	104.25887336727715	0.6883700975791132	1234.7228961251344
747.4487527358822	104.947956242837	0.6897959984812015	1235.7228961251344
749.2140445628318	105.6384660545981	0.6912239704592111	1236.7228961251344
750.9833302879438	106.33040487506867	0.6926540163771338	1237.7228961251344
752.7566176053581	107.02377477962034	0.6940861390989613	1238.7228961251344
754.5339142178066	107.7185778464891	0.6955203414886856	1239.7228961251344
756.3152278366135	108.41481615677503	0.6969566264102982	1240.7228961251344
758.100566181695	109.1124917944419	0.6983949967277913	1241.7228961251344
759.8899369815584	109.81160684631732	0.6998354553051561	1242.7228961251344
761.6833479733043	110.51216340209339	0.7012780050063849	1243.7228961251344
763.4808069026237	111.21416355432598	0.7027226486954692	1244.7228961251344
765.2823215238016	111.91760939843493	0.704169389236401	1245.7228961251344
767.0878995997127	112.622503032704	0.7056182294931718	1246.7228961251344
768.8975489018256	113.32884655828116	0.7070691723297737	1247.7228961251344
770.7112772102003	114.03664207917836	0.7085222206101985	1248.7228961251344
772.5290923134874	114.74589170227091	0.7099773771984375	1249.7228961251344
774.3510020089319	115.45659753729888	0.7114346449584832	1250.7228961251344
776.1770141023684	116.16876169686645	0.7128940267543266	1251.7228961251344
778.007136408225	116.88238629644093	0.7143555254499601	1252.7228961251344
779.841376749522	117.59747345435426	0.7158191439093753	1253.7228961251344
781.6797429578704	118.31402529180241	0.717284884996564	1254.7228961251344
783.5222428734739	119.03204393284466	0.7187527515755178	1255.7228961251344
785.3688843451278	119.7515315044053	0.7202227465102287	1256.7228961251344
787.2196752302203	120.47249013627174	0.7216948726646885	1257.7228961251344
789.0746233947306	121.19492196109593	0.7231691329028889	1258.7228961251344
790.93373671323	121.91882911439347	0.7246455300888216	1259.7228961251344
792.7970230688826	122.64421373454411	0.7261240670864787	1260.7228961251344
794.6644903534431	123.37107796279156	0.7276047467598513	1261.7228961251344
796.5361464672595	124.09942394324378	0.7290875719729323	1262.7228961251344
798.4119993192711	124.82925382287203	0.7305725455897125	1263.7228961251344
800.2920568270094	125.56056975151228	0.7320596704741841	1264.7228961251344
802.1763269165972	126.29337388186423	0.7335489494903389	1265.7228961251344
804.0648175227503	127.02766836949161	0.7350403855021683	1266.7228961251344
805.9575365887764	127.76345537282191	0.7365339813736649	1267.7228961251344
807.8544920665739	128.50073705314685	0.7380297399688196	1268.7228961251344
809.7556919166344	129.23951557462203	0.7395276641516246	1269.7228961251344
811.6611441080415	129.9797931042674	0.7410277567860718	1270.7228961251344
813.57085661847	130.721571811966	0.7425300207361527	1271.7228961251344
815.4848374341876	131.4648538704662	0.7440344588658594	1272.7228961251344
817.4030945500527	132.20964145537914	0.7455410740391833	1273.7228961251344
819.3256359695174	132.95593674518034	0.7470498691201166	1274.7228961251344
821.252469704624	133.7037419212097	0.7485608469726509	1275.7228961251344
823.1836037760077	134.45305916767086	0.7500740104607778	1276.7228961251344
825.1190462128961	135.20389067163114	0.7515893624484894	1277.7228961251344
827.0588050531076	135.95623862302227	0.7531069057997772	1278.7228961251344
829.0028883430539	136.71010521463984	0.7546266433786336	1279.7228961251344
830.9513041377375	137.46549264214343	0.7561485780490494	1280.7228961251344
832.9040605007533	138.22240310405653	0.757672712675017	1281.7228961251344
834.8611655042882	138.9808388017667	0.7591990501205282	1282.7228961251344
836.8226272291217	139.74080193952534	0.7607275932495746	1283.7228961251344
838.7884537646244	140.50229472444835	0.7622583449261483	1284.7228961251344
840.7586532087594	141.26531936651475	0.7637913080142406	1285.7228961251344
842.7332336680806	142.0298780785687	0.7653264853778438	1286.7228961251344
844.7122032577363	142.79597307631707	0.7668638798809494	1287.7228961251344
846.6955701014635	143.56360657833181	0.7684034943875487	1288.7228961251344
848.6833423315948	144.33278080604794	0.7699453317616346	1289.7228961251344
850.6755280890518	145.10349798376546	0.771489394867198	1290.7228961251344
852.6721355233494	145.87576033864775	0.7730356865682312	1291.7228961251344
854.6731727925951	146.6495701007217	0.7745842097287258	1292.7228961251344
856.6786480634862	147.42492950287954	0.7761349672126733	1293.7228961251344
858.6885695113144	148.20184078087618	0.7776879618840659	1294.7228961251344
860.7029453199623	148.98030617333131	0.779243196606895	1295.7228961251344
862.7217836819036	149.7603279217284	0.7808006742451529	1296.7228961251344
864.7450927982061	150.54190827041487	0.7823603976628309	1297.7228961251344
866.7728808785271	151.32504946660208	0.7839223697239212	1298.7228961251344
868.8051561411185	152.10975376036504	0.7854865932924152	1299.7228961251344
870.8419268128209	152.89602340464398	0.7870530712323046	1300.7228961251344
872.883201129071	153.6838606552418	0.788621806407582	1301.7228961251344
874.9289873338937	154.47326777082571	0.7901928016822383	1302.7228961251344
876.9792936799083	155.26424701292706	0.7917660599202657	1303.7228961251344
879.0341284283245	156.05680064594196	0.793341583985656	1304.7228961251344
881.0934998489449	156.8509309371292	0.7949193767424007	1305.7228961251344
883.1574162201646	157.64664015661185	0.796499441054492	1306.7228961251344
885.2258858289683	158.44393057737773	0.7980817797859211	1307.7228961251344
887.2989169709372	159.24280447527792	0.7996663958006808	1308.7228961251344
889.3765179502377	160.04326412902833	0.8012532919627616	1309.7228961251344
891.4586970796349	160.84531182020748	0.8028424711361563	1310.7228961251344
893.5454626804824	161.64894983325883	0.8044339361848564	1311.7228961251344
895.6368230827252	162.45418045549036	0.806027689972853	1312.7228961251344
897.7327866249034	163.2610059770724	0.807623735364139	1313.7228961251344
899.8333616541465	164.0694286910408	0.8092220752227058	1314.7228961251344
901.9385565261753	164.87945089329503	0.8108227124125446	1315.7228961251344
904.0483796053052	165.69107488259795	0.812425649797648	1316.7228961251344
906.1628392644423	166.50430296057687	0.8140308902420071	1317.7228961251344
908.2819438850845	167.31913743172288	0.8156384366096144	1318.7228961251344
910.4057018573217	168.13558060339176	0.8172482917644611	1319.7228961251344
912.5341215798362	168.95363478580214	0.8188604585705394	1320.7228961251344
914.6672114599016	169.77330229203778	0.8204749398918407	1321.7228961251344
916.8049799133832	170.59458543804556	0.8220917385923567	1322.7228961251344
918.9474353647408	171.417486542637	0.8237108575360799	1323.7228961251344
921.094586247023	172.24200792748672	0.8253322995870016	1324.7228961251344
923.2464410018715	173.06815191713463	0.8269560676091134	1325.7228961251344
925.4030080795217	173.89592083898333	0.8285821644664078	1326.7228961251344
927.5642959387967	174.72531702330048	0.8302105930228751	1327.7228961251344
929.7303130471169	175.5563428032168	0.8318413561425089	1328.7228961251344
931.9010678804912	176.38900051472797	0.8334744566893002	1329.7228961251344
934.0765689235211	177.2232924966927	0.8351098975272406	1330.7228961251344
936.2568246694011	178.05922109083394	0.8367476815203223	1331.7228961251344
938.4418436199153	178.8967886417396	0.838387811532536	1332.7228961251344
940.6316342854427	179.73599749686025	0.8400302904278749	1333.7228961251344
942.8262051849538	180.57685000651077	0.8416751210703304	1334.7228961251344
945.0255648460081	181.41934852387112	0.8433223063238939	1335.7228961251344
947.22972180476	182.26349540498381	0.8449718490525571	1336.7228961251344
949.4386846059565	183.1092930087559	0.8466237521203126	1337.7228961251344
951.6524618029334	183.9567436969587	0.8482780183911514	1338.7228961251344
953.8710619576211	184.80584983422727	0.8499346507290657	1339.7228961251344
956.0944936405406	185.65661378806078	0.8515936519980469	1340.7228961251344
958.3227654308052	186.50903792882173	0.8532550250620867	1341.7228961251344
960.5558859161215	187.36312462973774	0.8549187727851777	1342.7228961251344
962.7938636927865	188.21887626689977	0.8565848980313113	1343.7228961251344
965.0367073656896	189.07629521926287	0.8582534036644791	1344.7228961251344
967.2844255483117	189.93538386864566	0.859924292548673	1345.7228961251344
969.537026862726	190.79614459973186	0.8615975675478842	1346.7228961251344
971.7945199395986	191.65857980006797	0.8632732315261054	1347.7228961251344
974.0569134181869	192.52269186006492	0.8649512873473282	1348.7228961251344
976.32421594634	193.38848317299824	0.8666317378755444	1349.7228961251344
978.5964361804986	194.25595613500627	0.8683145859747452	1350.7228961251344
980.8735827856954	195.12511314509277	0.8699998345089224	1351.7228961251344
983.1556644355583	195.99595660512387	0.8716874863420689	1352.7228961251344
985.4426898123018	196.86848891983118	0.8733775443381755	1353.7228961251344
987.7346676067359	197.74271249680942	0.8750700113612342	1354.7228961251344
990.0316065182628	198.6186297465174	0.8767648902752372	1355.7228961251344
992.3335152548741	199.49624308227794	0.8784621839441753	1356.7228961251344
994.6404025331556	200.37555492027855	0.8801618952320411	1357.7228961251344
996.9522770782839	201.25656767957003	0.8818640270028264	1358.7228961251344
999.2691476240291	202.1392837820665	0.8835685821205228	1359.7228961251344
1001.5910229127519	203.02370565254773	0.8852755634491221	1360.7228961251344
1003.9179116954035	203.9098357186566	0.8869849738526154	1361.7228961251344
1006.2498227315316	204.79767641089916	0.8886968161949957	1362.7228961251344
1008.5867647892717	205.68723016264744	0.8904110933402545	1363.7228961251344
1010.9287466453529	206.57849941013546	0.8921278081523829	1364.7228961251344
1013.275777085096	207.47148659246272	0.8938469634953734	1365.7228961251344
1015.6278649024136	208.36619415159112	0.8955685622332168	1366.7228961251344
1017.9850188998114	209.26262453234835	0.8972926072299061	1367.7228961251344
1020.3472478883859	210.16078018242547	0.8990191013494326	1368.7228961251344
1022.7145606878257	211.06066355237635	0.9007480474557883	1369.7228961251344
1025.0869661264119	211.96227709562027	0.9024794484129643	1370.7228961251344
1027.4644730410162	212.86562326844046	0.9042133070849527	1371.7228961251344
1029.8470902771046	213.77070452998328	0.9059496263357456	1372.7228961251344
1032.234826688734	214.67752334225952	0.9076884090293349	1373.7228961251344
1034.6276911385514	215.58608217014444	0.9094296580297117	1374.7228961251344
1037.0256924977984	216.49638348137591	0.9111733762008678	1375.7228961251344
1039.428839646309	217.40842974655743	0.9129195664067962	1376.7228961251344
1041.8371414725052	218.3222234391559	0.9146682315114874	1377.7228961251344
1044.2506068734062	219.2377670355014	0.916419374378934	1378.7228961251344
1046.669244754618	220.15506301478945	0.918172997873127	1379.7228961251344
1049.0930640303427	221.0741138590779	0.9199291048580582	1380.7228961251344
1051.5220736233728	221.99492205329034	0.9216876981977205	1381.7228961251344
1053.9562824650927	222.91749008521288	0.9234487807561049	1382.7228961251344
1056.395699495478	223.84182044549675	0.9252123553972031	1383.7228961251344
1058.8403336630988	224.7679156276563	0.9269784249850075	1384.7228961251344
1061.2901939251137	225.6957781280703	0.9287469923835088	1385.7228961251344
1063.7452892472757	226.62541044598152	0.9305180604566996	1386.7228961251344
1066.2056286039299	227.55681508349653	0.9322916320685717	1387.7228961251344
1068.6712209780114	228.48999454558634	0.9340677100831163	1388.7228961251344
1071.1420753610496	229.42495134008516	0.935846297364326	1389.7228961251344
1073.6182007531645	230.36168797769164	0.9376273967761919	1390.7228961251344
1076.0996061630674	231.30020697196915	0.9394110111827061	1391.7228961251344
1078.5863006080647	232.24051083934341	0.9411971434478608	1392.7228961251344
1081.0782931140504	233.18260209910557	0.9429857964356467	1393.7228961251344
1083.5755927155142	234.12648327341014	0.9447769730100568	1394.7228961251344
1086.0782084555342	235.0721568872758	0.9465706760350814	1395.7228961251344
1088.5861493857856	236.0196254685851	0.9483669083747142	1396.7228961251344
1091.09942456653	236.96889154808468	0.9501656728929455	1397.7228961251344
1093.6180430666245	237.91995765938532	0.9519669724537676	1398.7228961251344
1096.1420139635172	238.8728263389611	0.9537708099211724	1399.7228961251344
1098.6713463432473	239.82750012615122	0.955577188159151	1400.7228961251344
1101.206049300448	240.78398156315768	0.9573861100316963	1401.7228961251344
1103.7461319383433	241.74227319504723	0.9591975784027995	1402.7228961251344
1106.2916033687475	242.70237756975075	0.961011596136452	1403.7228961251344
1108.8424727120705	243.66429723806255	0.9628281660966465	1404.7228961251344
1111.3987490973109	244.62803475364103	0.9646472911473738	1405.7228961251344
1113.9604416620612	245.59359267300886	0.9664689741526262	1406.7228961251344
1116.5275595525052	246.56097355555255	0.9682932179763957	1407.7228961251344
1119.1001119234188	247.53017996352253	0.9701200254826738	1408.7228961251344
1121.67810793817	248.5012144620331	0.9719493995354522	1409.7228961251344
1124.2615567687174	249.47407961906367	0.9737813429987228	1410.7228961251344
1126.8504675956146	250.44877800545544	0.9756158587364776	1411.7228961251344
1129.4448496080042	251.42531219491582	0.9774529496127082	1412.7228961251344
1132.0447120036222	252.4036847640151	0.9792926184914064	1413.7228961251344
1134.6500639887952	253.3838982921876	0.9811348682365633	1414.7228961251344
1137.2609147784449	254.36595536173172	0.9829797017121717	1415.7228961251344
1139.8772735960817	255.34985855781008	0.9848271217822233	1416.7228961251344
1142.4991496738096	256.3356104684491	0.9866771313107097	1417.7228961251344
1145.1265522523242	257.3232136845387	0.9885297331616223	1418.7228961251344
1147.7594905809117	258.31267079983434	0.9903849301989527	1419.7228961251344
1150.3979739174542	259.3039844109536	0.9922427252866939	1420.7228961251344
1153.0420115284212	260.29715711737947	0.9941031212888367	1421.7228961251344
1155.6916126888777	261.29219152145754	0.9959661210693735	1422.7228961251344
1158.3467866824778	262.2890902283988	0.9978317274922954	1423.7228961251344
1161.0075428014695	263.28785584627747	0.9996999434215945	1424.7228961251344
1163.6738903466921	264.2884909860321	1.0015707717212625	1425.7228961251344
1166.3458386275775	265.2909982614649	1.0034442152552916	1426.7228961251344
1169.023396962149	266.29538028924196	1.0053202768876734	1427.7228961251344
1171.7065746770213	267.3016396888943	1.0071989594823993	1428.7228961251344
1174.395381107401	268.3097790828159	1.009080265903461	1429.7228961251344
1177.08982559709	269.31980109626477	1.0109641990148512	1430.7228961251344
1179.789917498478	270.3317083573635	1.012850761680561	1431.7228961251344
1182.4956661725473	271.34550349709855	1.0147399567645823	1432.7228961251344
1185.2070809888746	272.3611891493201	1.016631787130907	1433.7228961251344
1187.9241713256265	273.3787679507426	1.0185262556435264	1434.7228961251344
1190.6469465695627	274.3982425409439	1.020423365166433	1435.7228961251344
1193.375416116034	275.41961556236686	1.0223231185636183	1436.7228961251344
1196.109589368983	276.4428896603173	1.0242255186990739	1437.7228961251344
1198.8494757409455	277.4680674829658	1.0261305684367918	1438.7228961251344
1201.5950846530484	278.4951516813461	1.0280382706407634	1439.7228961251344
1204.346425535011	279.52414490935723	1.0299486281749812	1440.7228961251344
1207.103507825144	280.5550498237608	1.0318616439034367	1441.7228961251344
1209.86634097035	281.5878690841836	1.0337773206901213	1442.7228961251344
1212.6349344261253	282.6226053531151	1.0356956613990274	1443.7228961251344
1215.4092976565544	283.6592612959105	1.0376166688941457	1444.7228961251344
1218.1894401343193	284.697839580787	1.0395403460394697	1445.7228961251344
1220.975371340689	285.73834287882744	1.0414666956989898	1446.7228961251344
1223.7671007655267	286.78077386397774	1.0433957207366982	1447.7228961251344
1226.5646379072869	287.82513521304827	1.0453274240165864	1448.7228961251344
1229.3679922730175	288.87142960571305	1.0472618084026468	1449.7228961251344
1232.177173378357	289.9196597245102	1.0491988767588711	1450.7228961251344
1234.9921907475357	290.96982825484224	1.0511386319492508	1451.7228961251344
1237.8130539133765	292.0219378849747	1.0530810768377776	1452.7228961251344
1240.6397724172941	293.0759913060382	1.0550262142884432	1453.7228961251344
1243.472355809295	294.13199121202695	1.0569740471652398	1454.7228961251344
1246.3108136479782	295.189940299799	1.058924578332159	1455.7228961251344
1249.1551555005358	296.2498412690759	1.060877810653193	1456.7228961251344
1252.005390942747	297.3116968224448	1.0628337469923328	1457.7228961251344
1254.8615295589884	298.375509665355	1.0647923902135703	1458.7228961251344
1257.7235809422282	299.4412825061203	1.0667537431808982	1459.7228961251344
1260.5915546940228	300.5090180559197	1.0687178087583076	1460.7228961251344
1263.4654604245227	301.57871902879504	1.0706845898097899	1461.7228961251344
1266.3453077524714	302.6503881416519	1.0726540891993377	1462.7228961251344
1269.2311063052023	303.72402811426105	1.0746263097909419	1463.7228961251344
1272.1228657186427	304.7996416692562	1.076601254448595	1464.7228961251344
1275.020595637311	305.87723153213506	1.0785789260362888	1465.7228961251344
1277.9243057143185	306.9568004312598	1.080559327418015	1466.7228961251344
1280.8340056113652	308.038351097857	1.0825424614577648	1467.7228961251344
1283.749704998747	309.1218862660161	1.0845283310195304	1468.7228961251344
1286.6714135553505	310.20740867269126	1.086516938967304	1469.7228961251344
1289.5991409686535	311.29492105770066	1.088508288165077	1470.7228961251344
1292.532896934726	312.3844261637262	1.0905023814768409	1471.7228961251344
1295.4726911582316	313.4759267363139	1.0924992217665883	1472.7228961251344
1298.418533352423	314.56942552387306	1.0944988118983099	1473.7228961251344
1301.3704332391467	315.6649252776789	1.0965011547359982	1474.7228961251344
1304.3284005488408	316.7624287518688	1.0985062531436447	1475.7228961251344
1307.292445020537	317.86193870344425	1.1005141099852418	1476.7228961251344
1310.2625764018555	318.9634578922719	1.1025247281247808	1477.7228961251344
1313.2388044490108	320.0669890810814	1.1045381104262528	1478.7228961251344
1316.22113892681	321.17253503546647	1.1065542597536508	1479.7228961251344
1319.2095896086516	322.2800985238848	1.1085731789709665	1480.7228961251344
1322.2041662765237	323.3896823176592	1.110594870942191	1481.7228961251344
1325.2048787210085	324.5012891909754	1.1126193385313157	1482.7228961251344
1328.2117367412811	325.6149219208828	1.1146465846023335	1483.7228961251344
1331.224750145107	326.73058328729564	1.1166766120192357	1484.7228961251344
1334.2439287488455	327.8482760729911	1.1187094236460147	1485.7228961251344
1337.2692823774441	328.9680030636123	1.120745022346661	1486.7228961251344
1340.300820864446	330.0897670476637	1.122783410985167	1487.7228961251344
1343.3385540519848	331.2135708165164	1.124824592425525	1488.7228961251344
1346.3824917907868	332.33941716440336	1.126868569531726	1489.7228961251344
1349.4326439401698	333.4673088884232	1.1289153451677627	1490.7228961251344
1352.4890203680432	334.59724878853694	1.1309649221976261	1491.7228961251344
1355.551630950908	335.72923966757094	1.1330173034853077	1492.7228961251344
1358.6204855738592	336.8632843312149	1.1350724918948003	1493.7228961251344
1361.6955941305825	337.9993855880224	1.1371304902900952	1494.7228961251344
1364.7769665233554	339.13754624941157	1.1391913015351842	1495.7228961251344
1367.864612663047	340.2777691296641	1.141254928494059	1496.7228961251344
1370.958542469119	341.42005704592555	1.143321374030711	1497.7228961251344
1374.0587658696259	342.5644128182063	1.145390641009133	1498.7228961251344
1377.1652928012131	343.7108392693792	1.1474627322933164	1499.7228961251344
1380.2781332091172	344.8593392251829	1.1495376507472526	1500.7228961251344
1383.3972970471696	346.00991551421816	1.1516153992349336	1501.7228961251344
1386.5227942777885	347.16257096795164	1.1536959806203506	1502.7228961251344
1389.6546348719905	348.31730842071283	1.1557793977674966	1503.7228961251344
1392.792828809381	349.47413070969526	1.1578656535403629	1504.7228961251344
1395.9373860781557	350.6330406749571	1.1599547508029409	1505.7228961251344
1399.0883166751055	351.79404115941907	1.1620466924192228	1506.7228961251344
1402.2456306056101	352.95713500886814	1.1641414812531998	1507.7228961251344
1405.4093378836449	354.1223250719528	1.1662391201688642	1508.7228961251344
1408.5794485317742	355.28961420018754	1.168339612030208	1509.7228961251344
1411.755972581156	356.4590052479497	1.170442959701223	1510.7228961251344
1414.9389200715384	357.630501072481	1.1725491660459002	1511.7228961251344
1418.1283010512625	358.8041045338874	1.1746582339282314	1512.7228961251344
1421.324125577263	359.9798184951384	1.1767701662122094	1513.7228961251344
1424.5264037150646	361.15764582206725	1.1788849657618254	1514.7228961251344
1427.7351455387854	362.33758938337155	1.1810026354410714	1515.7228961251344
1430.950361131132	363.5196520506137	1.1831231781139384	1516.7228961251344
1434.1720605834084	364.70383669821877	1.1852465966444194	1517.7228961251344
1437.400253995506	365.89014620347643	1.1873728938965054	1518.7228961251344
1440.6349514759104	367.0785834465405	1.1895020727341883	1519.7228961251344
1443.8761631416987	368.26915131042824	1.1916341360214602	1520.7228961251344
1447.1238991185396	369.46185268102136	1.193769086622312	1521.7228961251344
1450.3781695406954	370.656690447065	1.1959069274007366	1522.7228961251344
1453.6389845510182	371.85366750016965	1.1980476612207256	1523.7228961251344
1456.9063543009524	373.0527867348086	1.2001912909462702	1524.7228961251344
1460.1802889505352	374.25405104831896	1.2023378194413623	1525.7228961251344
1463.4607986683964	375.45746334090245	1.2044872495699939	1526.7228961251344
1466.7478936317564	376.6630265156248	1.206639584196157	1527.7228961251344
1470.0415840264277	377.8707434784154	1.208794826183843	1528.7228961251344
1473.3418800468162	379.0806171380674	1.2109529783970439	1529.7228961251344
1476.6487918959174	380.29265040623886	1.2131140436997514	1530.7228961251344
1479.9623297853204	381.5068461974513	1.215278024955957	1531.7228961251344
1483.2825039352074	382.72320742908994	1.2174449250296533	1532.7228961251344
1486.609324574349	383.9417370214047	1.2196147467848315	1533.7228961251344
1489.942801940112	385.1624378975084	1.2217874930854833	1534.7228961251344
1493.282946278452	386.385312983379	1.2239631667956008	1535.7228961251344
1496.6297678439178	387.61036520785706	1.226141770779175	1536.7228961251344
1499.9832768996494	388.8375975026496	1.228323307900199	1537.7228961251344
1503.3434837173813	390.0670128023247	1.230507781022664	1538.7228961251344
1506.710398577437	391.29861404431665	1.2326951930105616	1539.7228961251344
1510.0840317687325	392.5324041689224	1.2348855467278834	1540.7228961251344
1513.4643935887761	393.7683861193035	1.2370788450386214	1541.7228961251344
1516.8514943436699	395.0065628414858	1.239275090806768	1542.7228961251344
1520.2453443481068	396.2469372843574	1.2414742868963142	1543.7228961251344
1523.6459539253688	397.48951239967334	1.2436764361712518	1544.7228961251344
1527.0533334073339	398.73429114205	1.245881541495573	1545.7228961251344
1530.4674931344703	399.98127646896876	1.248089605733269	1546.7228961251344
1533.888443455839	401.2304713407756	1.2503006317483327	1547.7228961251344
1537.3161947290923	402.48187872067945	1.2525146224047552	1548.7228961251344
1540.750757320473	403.7355015747538	1.2547315805665278	1549.7228961251344
1544.1921416048194	404.99134287193544	1.256951509097643	1550.7228961251344
1547.640357965559	406.2494055840265	1.259174410862092	1551.7228961251344
1551.0954167947116	407.50969268569213	1.2614002887238671	1552.7228961251344
1554.5573284928905	408.7722071544616	1.2636291455469602	1553.7228961251344
1558.0261034692994	410.0369519707282	1.2658609841953627	1554.7228961251344
1561.5017521417335	411.3039301177488	1.268095807533066	1555.7228961251344
1564.9842849365832	412.57314458164535	1.270333618424063	1556.7228961251344
1568.4737122888278	413.8445983514024	1.2725744197323445	1557.7228961251344
1571.9700446420388	415.1182944188698	1.274818214321903	1558.7228961251344
1575.4732924483806	416.3942357787613	1.2770650050567298	1559.7228961251344
1578.9834661686086	417.6724254286536	1.2793147948008163	1560.7228961251344
1582.500576272073	418.95286636898743	1.2815675864181555	1561.7228961251344
1586.0246332367115	420.23556160306896	1.2838233827727383	1562.7228961251344
1589.555647549058	421.5205141370669	1.2860821867285568	1563.7228961251344
1593.0936297042354	422.8077269800141	1.2883440011496026	1564.7228961251344
1596.6385902059587	424.097203143809	1.290608828899867	1565.7228961251344
1600.190539566538	425.38894564321174	1.292876672843343	1566.7228961251344
1603.7494883068725	426.6829574958482	1.2951475358440214	1567.7228961251344
1607.3154469564538	427.9792417222071	1.2974214207658947	1568.7228961251344
1610.888426053366	429.2778013456417	1.2996983304729541	1569.7228961251344
1614.4684361442833	430.5786393923696	1.3019782678291911	1570.7228961251344
1618.055487784477	431.8817588914709	1.3042612356985985	1571.7228961251344
1621.6495915378046	433.1871628748921	1.3065472369451678	1572.7228961251344
1625.2507579767175	434.4948543774416	1.3088362744328903	1573.7228961251344
1628.8589976822614	435.8048364367927	1.3111283510257583	1574.7228961251344
1632.474321244068	437.1171120934831	1.3134234695877625	1575.7228961251344
1636.0967392603707	438.4316843909129	1.3157216329828962	1576.7228961251344
1639.7262623379852	439.7485563753479	1.3180228440751505	1577.7228961251344
1643.3629010923241	441.06773109591666	1.3203271057285169	1578.7228961251344
1647.0066661473911	442.389211604613	1.3226344208069876	1579.7228961251344
1650.6575681357822	443.71300095629374	1.324944792174554	1580.7228961251344
1654.3156176986836	445.03910220868	1.3272582226952083	1581.7228961251344
1657.9808254858767	446.36751842235674	1.3295747152329425	1582.7228961251344
1661.6532021557327	447.69825266077294	1.331894272651748	1583.7228961251344
1665.3327583752143	449.031307990242	1.3342168978156164	1584.7228961251344
1669.0195048198761	450.3666874799404	1.336542593588539	1585.7228961251344
1672.713452173868	451.70439420190985	1.338871362834509	1586.7228961251344
1676.4146111299283	453.044431231055	1.3412032084175176	1587.7228961251344
1680.1229923893875	454.3868016451455	1.3435381332015564	1588.7228961251344
1683.8386066621706	455.7315085248134	1.345876140050617	1589.7228961251344
1687.5614646667905	457.07855495355636	1.3482172318286911	1590.7228961251344
1691.2915771303583	458.42794401773506	1.3505614113997715	1591.7228961251344
1695.028954788571	459.7796788065747	1.3529086816278493	1592.7228961251344
1698.7736083857194	461.1337624121644	1.355259045376916	1593.7228961251344
1702.5255486746864	462.4901979294567	1.3576125055109634	1594.7228961251344
1706.2847864169494	463.84898845626947	1.359969064893984	1595.7228961251344
1710.051332382574	465.21013709328247	1.3623287263899688	1596.7228961251344
1713.8251973502206	466.573646944042	1.3646914928629104	1597.7228961251344
1717.6063921071395	467.9395211149556	1.3670573671767998	1598.7228961251344
1721.3949274491733	469.3077627152966	1.369426352195629	1599.7228961251344
1725.190814180758	470.6783748572027	1.37179845078339	1600.7228961251344
1728.9940631149202	472.05136065567444	1.3741736658040746	1601.7228961251344
1732.8046850732799	473.42672322857675	1.3765520001216744	1602.7228961251344
1736.6226908860474	474.8044656966383	1.3789334566001816	1603.7228961251344
1740.4480913920247	476.18459118345186	1.3813180381035868	1604.7228961251344
1744.2808974386085	477.567102815475	1.3837057474958832	1605.7228961251344
1748.1211198817853	478.95200372202794	1.386096587641062	1606.7228961251344
1751.968769586134	480.3392970352961	1.388490561403115	1607.7228961251344
1755.8238574248255	481.72898589032775	1.390887671646034	1608.7228961251344
1759.686394279621	483.12107342503646	1.3932879212338105	1609.7228961251344
1763.5563910408785	484.5155627801985	1.395691313030437	1610.7228961251344
1767.4338586075426	485.91245709945497	1.3980978498999046	1611.7228961251344
1771.318807887153	487.3117595293106	1.4005075347062055	1612.7228961251344
1775.2112497958406	488.71347321913413	1.4029203703133313	1613.7228961251344
1779.111195258327	490.11760132115865	1.4053363595852733	1614.7228961251344
1783.0186552079285	491.52414699048086	1.4077555053860242	1615.7228961251344
1786.9336405865513	492.9331133850617	1.4101778105795757	1616.7228961251344
1790.8561623446926	494.34450366572605	1.4126032780299187	1617.7228961251344
1794.7862314414451	495.75832099616196	1.4150319106010458	1618.7228961251344
1798.7238588444907	497.174568542923	1.4174637111569488	1619.7228961251344
1802.669055530104	498.5932494754254	1.4198986825616187	1620.7228961251344
1806.621832483152	500.01436696595033	1.4223368276790482	1621.7228961251344
1810.5822006970934	501.43792418964244	1.424778149373229	1622.7228961251344
1814.5501711739764	502.8639243245102	1.4272226505081518	1623.7228961251344
1818.5257549244457	504.2923705514272	1.4296703339478094	1624.7228961251344
1822.5089629677373	505.72326605412877	1.432121202556194	1625.7228961251344
1826.4998063316734	507.1566140192174	1.4345752591972958	1626.7228961251344
1830.4982960526763	508.5924176361557	1.437032506735108	1627.7228961251344
1834.5044431757533	510.03068009727417	1.4394929480336216	1628.7228961251344
1838.5182587545112	511.4714045977646	1.4419565859568297	1629.7228961251344
1842.5397538511406	512.9145943356841	1.4444234233687225	1630.7228961251344
1846.5689395364282	514.3602525119529	1.4468934631332924	1631.7228961251344
1850.605826889753	515.8083823303562	1.449366708114531	1632.7228961251344
1854.6504269990855	517.2589869975425	1.4518431611764302	1633.7228961251344
1858.7027509609886	518.7120697230237	1.4543228251829823	1634.7228961251344
1862.7628098806158	520.1676337191773	1.4568057029981785	1635.7228961251344
1866.830614871711	521.6256822012444	1.45929179748601	1636.7228961251344
1870.9061770566173	523.0862183873285	1.4617811115104702	1637.7228961251344
1874.9895075662596	524.5492454983989	1.4642736479355491	1638.7228961251344
1879.080617540164	526.014766758288	1.4667694096252402	1639.7228961251344
1883.1795181264445	527.4827853936924	1.4692683994435345	1640.7228961251344
1887.2862204818057	528.9533046341721	1.4717706202544236	1641.7228961251344
1891.4007357715443	530.4263277121534	1.474276074921899	1642.7228961251344
1895.5230751695528	531.901857862923	1.4767847663099531	1643.7228961251344
1899.6532498583126	533.379898324635	1.4792966972825776	1644.7228961251344
1903.7912710288983	534.8604523383044	1.4818118707037644	1645.7228961251344
1907.9371498809735	536.3435231478134	1.484330289437505	1646.7228961251344
1912.0908976227995	537.8291139999053	1.4868519563477913	1647.7228961251344
1916.2525254712234	539.3172281441887	1.4893768742986149	1648.7228961251344
1920.4220446516886	540.8078688331373	1.4919050461539676	1649.7228961251344
1924.599466398229	542.3010393220864	1.4944364747778418	1650.7228961251344
1928.7848019534702	543.7967428692368	1.4969711630342286	1651.7228961251344
1932.9780625686294	545.2949827356535	1.4995091137871204	1652.7228961251344
1937.179259503516	546.795762185265	1.5020503299005075	1653.7228961251344
1941.3884040265332	548.299084484863	1.5045948142383834	1654.7228961251344
1945.6055074146761	549.8049529041041	1.5071425696647398	1655.7228961251344
1949.830580953527	551.3133707155096	1.5096935990435676	1656.7228961251344
1954.0636359372652	552.8243411944634	1.5122479052388589	1657.7228961251344
1958.3046836686594	554.3378676192144	1.514805491114605	1658.7228961251344
1962.5537354590738	555.8539532708744	1.5173663595347988	1659.7228961251344
1966.81080262846	557.3726014334204	1.5199305133634313	1660.7228961251344
1971.075896505364	558.893815393692	1.5224979554644946	1661.7228961251344
1975.349028426923	560.4175984413944	1.52506868870198	1662.7228961251344
1979.6302097388673	561.943953869096	1.52764271593988	1663.7228961251344
1983.9194517955182	563.4728849722289	1.5302200400421864	1664.7228961251344
1988.2167659597899	565.0043950490901	1.5328006638728904	1665.7228961251344
1992.522163603187	566.5384874008388	1.5353845902959842	1666.7228961251344
1996.835656105805	568.0751653315009	1.5379718221754586	1667.7228961251344
2001.157254856338	569.6144321479634	1.540562362375307	1668.7228961251344
2005.486971252064	571.1562911599791	1.54315621375952	1669.7228961251344
2009.824816698857	572.7007456801649	1.54575337919209	1670.7228961251344
2014.1708026111814	574.2477990240005	1.548353861537008	1671.7228961251344
2018.5249404120968	575.7974545098313	1.550957663658267	1672.7228961251344
2022.887241533252	577.3497154588644	1.553564788419858	1673.7228961251344
2027.2577174148864	578.9045851951724	1.5561752386857721	1674.7228961251344
2031.636379505836	580.4620670456922	1.5587890173200032	1675.7228961251344
2036.0232392635253	582.0221643402232	1.5614061271865416	1676.7228961251344
2040.4183081539682	583.5848804114302	1.5640265711493782	1677.7228961251344
2044.8215976517768	585.1502185948422	1.5666503520725064	1678.7228961251344
2049.233119240155	586.7181822288502	1.569277472819918	1679.7228961251344
2053.65288441089	588.2887746547113	1.5719079362556037	1680.7228961251344
2058.080904664371	589.8619992165455	1.5745417452435562	1681.7228961251344
2062.517191509573	591.4378592613372	1.5771789026477663	1682.7228961251344
2066.961756464067	593.0163581389344	1.5798194113322266	1683.7228961251344
2071.414611054014	594.5974992020493	1.5824632741609292	1684.7228961251344
2075.8757668141648	596.1812858062591	1.585110493997865	1685.7228961251344
2080.3452352878653	597.7677213100027	1.5877610737070262	1686.7228961251344
2084.8230280270523	599.3568090745854	1.590415016152404	1687.7228961251344
2089.3091565922564	600.9485524641744	1.5930723241979914	1688.7228961251344
2093.8036325525977	602.5429548458029	1.5957330007077797	1689.7228961251344
2098.3064674857887	604.1400195893658	1.5983970485457601	1690.7228961251344
2102.817672978134	605.7397500676246	1.601064470575925	1691.7228961251344
2107.3372606245307	607.3421496562033	1.6037352696622658	1692.7228961251344
2111.8652420284675	608.9472217335893	1.6064094486687743	1693.7228961251344
2116.401628802026	610.5549696811355	1.6090870104594428	1694.7228961251344
2120.9464325658773	612.165396883058	1.6117679578982624	1695.7228961251344
2125.499664949288	613.7785067264359	1.6144522938492254	1696.7228961251344
2130.061337590114	615.3943026012147	1.6171400211763234	1697.7228961251344
2134.631462134805	617.0127879002017	1.6198311427435486	1698.7228961251344
2139.210050238399	618.6339660190698	1.6225256614148917	1699.7228961251344
2143.797113564531	620.2578403563547	1.6252235800543455	1700.7228961251344
2148.3926637854247	621.8844143134562	1.6279249015259012	1701.7228961251344
2152.9967125818985	623.5136912946385	1.6306296286935518	1702.7228961251344
2157.6092716433577	625.14567470703	1.6333377644212872	1703.7228961251344
2162.230352667807	626.7803679606221	1.636049311573101	1704.7228961251344
2166.8599673618337	628.4177744682721	1.638764273012983	1705.7228961251344
2171.498127440626	630.0578976456992	1.6414826516049263	1706.7228961251344
2176.144844627959	631.7007409114873	1.6442044502129227	1707.7228961251344
2180.8001306562023	633.346307687085	1.6469296717009638	1708.7228961251344
2185.4639972663167	634.9946013968041	1.6496583189330418	1709.7228961251344
2190.136456207852	636.6456254678207	1.6523903947731475	1710.7228961251344
2194.817519238955	638.2993833301742	1.655125902085273	1711.7228961251344
2199.5071981263613	639.9558784167697	1.6578648437334111	1712.7228961251344
2204.2055046453993	641.6151141633744	1.6606072225815525	1713.7228961251344
2208.912450579988	643.2770940086208	1.6633530414936888	1714.7228961251344
2213.6280477226414	644.9418213940047	1.6661023033338127	1715.7228961251344
2218.352307874463	646.6092997638856	1.668855010965915	1716.7228961251344
2223.08524284515	648.2795325654882	1.6716111672539888	1717.7228961251344
2227.8268644529903	649.9525232489001	1.6743707750620254	1718.7228961251344
2232.577184524862	651.6282752670735	1.6771338372540154	1719.7228961251344
2237.3362148962406	653.3067920758241	1.6799003566939525	1720.7228961251344
2242.1039674111853	654.9880771338322	1.6826703362458262	1721.7228961251344
2246.8804539223574	656.6721339026411	1.6854437787736303	1722.7228961251344
2251.665686291002	658.3589658466595	1.6882206871413556	1723.7228961251344
2256.4596763869627	660.0485764331585	1.691001064212995	1724.7228961251344
2261.2624360886657	661.7409691322747	1.6937849128525384	1725.7228961251344
2266.07397728314	663.4361474170079	1.6965722359239788	1726.7228961251344
2270.8943118660004	665.134114763221	1.6993630362913086	1727.7228961251344
2275.7234517414536	666.8348746496434	1.7021573168185182	1728.7228961251344
2280.5614088223	668.5384305578665	1.7049550803696003	1729.7228961251344
2285.408195029931	670.2447859723453	1.7077563298085456	1730.7228961251344
2290.2638222943315	671.9539443804011	1.7105610679993473	1731.7228961251344
2295.1283025540793	673.6659092722156	1.713369297805997	1732.7228961251344
2300.0016477563368	675.3806841408394	1.716181022092485	1733.7228961251344
2304.8838698568693	677.098272482182	1.7189962437228048	1734.7228961251344
2309.774980820025	678.8186777950204	1.721814965560947	1735.7228961251344
2314.6749926187495	680.5419035809946	1.7246371904709044	1736.7228961251344
2319.5839172345786	682.2679533446078	1.7274629213166683	1737.7228961251344
2324.5017666576387	683.9968305932282	1.7302921609622306	1738.7228961251344
2329.4285528866503	685.7285388370867	1.7331249122715824	1739.7228961251344
2334.3642879289246	687.4630815892801	1.7359611781087159	1740.7228961251344
2339.3089838003643	689.2004623657685	1.7388009613376232	1741.7228961251344
2344.262652525469	690.9406846853744	1.7416442648222965	1742.7228961251344
2349.225306137322	692.6837520697864	1.7444910914267266	1743.7228961251344
2354.196956677605	694.4296680435559	1.7473414440149062	1744.7228961251344
2359.177616196588	696.1784361340988	1.7501953254508256	1745.7228961251344
2364.1672967531385	697.9300598716941	1.7530527385984782	1746.7228961251344
2369.166010414706	699.6845427894873	1.755913686321855	1747.7228961251344
2374.1737692573424	701.4418884234847	1.7587781714849484	1748.7228961251344
2379.1905853656863	703.2021003125583	1.7616461969517494	1749.7228961251344
2384.2164708329656	704.9651819984442	1.7645177655862496	1750.7228961251344
2389.2514377610078	706.7311370257419	1.7673928802524412	1751.7228961251344
2394.2954982602287	708.4999689419144	1.7702715438143173	1752.7228961251344
2399.348664449634	710.2716812972899	1.7731537591358681	1753.7228961251344
2404.4109484568207	712.0462776450606	1.776039529081085	1754.7228961251344
2409.482362417983	713.8237615412816	1.7789288565139607	1755.7228961251344
2414.5629184779054	715.6041365448723	1.7818217442984872	1756.7228961251344
2419.6526287899596	717.3874062176171	1.7847181952986562	1757.7228961251344
2424.7515055161157	719.173574124163	1.787618212378459	1758.7228961251344
2429.8595608269306	720.962643832022	1.7905217984018869	1759.7228961251344
2434.976806901557	722.7546189115692	1.7934289562329329	1760.7228961251344
2440.1032559277382	724.5495029360445	1.7963396887355882	1761.7228961251344
2445.2389201018086	726.3472994815525	1.7992539987738447	1762.7228961251344
2450.3838116286956	728.148012127059	1.8021718892116945	1763.7228961251344
2455.5379427219186	729.951644454397	1.8050933629131292	1764.7228961251344
2460.7013256035857	731.7582000482614	1.8080184227421388	1765.7228961251344
2465.8739725044056	733.5676824962115	1.8109470715627185	1766.7228961251344
2471.0558956636683	735.3800953886716	1.8138793122388575	1767.7228961251344
2476.2471073292636	737.1954423189293	1.8168151476345487	1768.7228961251344
2481.4476197576673	739.0137268831354	1.8197545806137825	1769.7228961251344
2486.657445213953	740.8349526803061	1.8226976140405524	1770.7228961251344
2491.8765959717853	742.6591233123204	1.8256442507788502	1771.7228961251344
2497.1050843134162	744.4862423839222	1.828594493692667	1772.7228961251344
2502.3429225296927	746.3163135027189	1.8315483456459942	1773.7228961251344
2507.5901229200535	748.1493402791818	1.8345058095028235	1774.7228961251344
2512.846697792529	749.9853263266468	1.8374668881271474	1775.7228961251344
2518.1126594637444	751.8242752613135	1.8404315843829577	1776.7228961251344
2523.388020258915	753.6661907022446	1.8433999011342466	1777.7228961251344
2528.672792511842	755.5110762713687	1.8463718412450043	1778.7228961251344
2533.966988564929	757.358935593476	1.8493474075792236	1779.7228961251344
2539.270620769166	759.2097722962228	1.8523266030008965	1780.7228961251344
2544.583701484134	761.0635900101283	1.8553094303740143	1781.7228961251344
2549.9062430780104	762.9203923685757	1.8582958925625697	1782.7228961251344
2555.2382579275577	764.7801830078131	1.861285992430553	1783.7228961251344
2560.5797584181378	766.6429655669513	1.8642797328419567	1784.7228961251344
2565.9307569436996	768.5087436879664	1.8672771166607731	1785.7228961251344
2571.2912659067874	770.3775210156966	1.8702781467509935	1786.7228961251344
2576.6612977185337	772.2493011978468	1.8732828259766094	1787.7228961251344
2582.0408647986656	774.124087884983	1.8762911572016128	1788.7228961251344
2587.4299795755023	776.0018847305375	1.879303143289996	1789.7228961251344
2592.828654485954	777.8826953908053	1.88231878710575	1790.7228961251344
2598.2369019755215	779.7665235249465	1.8853380915128675	1791.7228961251344
2603.6547344983032	781.6533727949832	1.88836105937534	1792.7228961251344
2609.082164516981	783.5432468658037	1.8913876935571583	1793.7228961251344
2614.5192045028334	785.4361494051589	1.8944179969223147	1794.7228961251344
2619.965866935735	787.3320840836636	1.8974519723348018	1795.7228961251344
2625.4221643041446	789.2310545747987	1.9004896226586108	1796.7228961251344
2630.888109105117	791.1330645549065	1.9035309507577334	1797.7228961251344
2636.363713844298	793.0381177031941	1.9065759594961613	1798.7228961251344
2641.8489910359267	794.9462177017333	1.9096246517378863	1799.7228961251344
2647.343953202834	796.8573682354588	1.9126770303469014	1800.7228961251344
2652.8486128764416	798.7715729921708	1.9157330981871965	1801.7228961251344
2658.3629825967623	800.6888356625313	1.9187928581227642	1802.7228961251344
2663.887074912403	802.6091599400689	1.9218563130175963	1803.7228961251344
2669.4209023805615	804.5325495211742	1.9249234657356848	1804.7228961251344
2674.964477567029	806.4590081051027	1.9279943191410212	1805.7228961251344
2680.517813046187	808.3885393939735	1.9310688760975978	1806.7228961251344
2686.0809214010073	810.32114709277	1.9341471394694052	1807.7228961251344
2691.6538152230596	812.2568349093391	1.9372291121204364	1808.7228961251344
2697.2365071125	814.1956065543915	1.9403147969146826	1809.7228961251344
2702.8290096780784	816.1374657415037	1.943404196716136	1810.7228961251344
2708.431335537137	818.0824161871143	1.9464973143887878	1811.7228961251344
2714.0434973156084	820.0304616105265	1.9495941527966298	1812.7228961251344
2719.6655076480197	821.9816057339077	1.9526947148036542	1813.7228961251344
2725.2973791774893	823.9358522822882	1.955799003273853	1814.7228961251344
2730.939124555727	825.8932049835643	1.958907021071218	1815.7228961251344
2736.5907564430336	827.8536675684942	1.96201877105974	1816.7228961251344
2742.2522875083037	829.8172437707018	1.9651342561034122	1817.7228961251344
2747.9237304290205	831.7839373266742	1.9682534790662243	1818.7228961251344
2753.6050978912654	833.7537519757624	1.9713764428121703	1819.7228961251344
2759.296402589707	835.7266914601809	1.974503150205241	1820.7228961251344
2764.9976572276055	837.7027595250098	1.9776336041094282	1821.7228961251344
2770.708874516815	839.6819599181916	1.9807678073887236	1822.7228961251344
2776.4300671777833	841.6642963905332	1.9839057629071197	1823.7228961251344
2782.1612479395444	843.6497726957067	1.987047473528607	1824.7228961251344
2787.902429539731	845.6383925902463	1.9901929421171785	1825.7228961251344
2793.653624724563	847.6301598335514	1.9933421715368258	1826.7228961251344
2799.414846248854	849.6250781878852	1.9964951646515394	1827.7228961251344
2805.186106876009	851.6231514183745	1.9996519243253124	1828.7228961251344
2810.967419378028	853.62438329301	2.0028124534221368	1829.7228961251344
2816.7587965354987	855.6287775826473	2.005976754806004	1830.7228961251344
2822.5602511376005	857.6363380610056	2.0091448313409046	1831.7228961251344
2828.37179598211	859.6470685046678	2.012316685890832	1832.7228961251344
2834.193443875391	861.6609726930807	2.015492321319777	1833.7228961251344
2840.0252076324027	863.6780544085553	2.0186717404917327	1834.7228961251344
2845.8671000766917	865.6983174362664	2.0218549462706896	1835.7228961251344
2851.7191340404015	867.7217655642534	2.02504194152064	1836.7228961251344
2857.581322364264	869.7484025834189	2.0282327291055755	1837.7228961251344
2863.4536778976044	871.7782322875306	2.0314273118894874	1838.7228961251344
2869.33621349834	873.811258473219	2.0346256927363684	1839.7228961251344
2875.2289420329826	875.8474849399789	2.0378278745102105	1840.7228961251344
2881.1318763766285	877.8869154901698	2.041033860075004	1841.7228961251344
2887.0450294129746	879.9295539290143	2.044243652294742	1842.7228961251344
2892.968414034305	881.9754040645993	2.047457254033416	1843.7228961251344
2898.9020431414974	884.024469707875	2.0506746681550174	1844.7228961251344
2904.84592964402	886.076754672658	2.053895897523539	1845.7228961251344
2910.800086459934	888.1322627756259	2.057120945002971	1846.7228961251344
2916.7645265158917	890.190997836322	2.060349813457306	1847.7228961251344
2922.739262747139	892.2529636771536	2.063582505750536	1848.7228961251344
2928.724308097513	894.3181641233913	2.066819024746653	1849.7228961251344
2934.7196755194423	896.3866030031694	2.0700593733096477	1850.7228961251344
2940.7253779739503	898.458284147487	2.073303554303514	1851.7228961251344
2946.7414284306437	900.5332113902078	2.07655157059224	1852.7228961251344
2952.7678398677326	902.611388568058	2.0798034250398207	1853.7228961251344
2958.804625272014	904.6928195206286	2.083059120510248	1854.7228961251344
2964.851797638875	906.7775080903742	2.086318659867512	1855.7228961251344
2970.9093699722944	908.8654581226139	2.0895820459756047	1856.7228961251344
2976.9773552848483	910.9566734655306	2.0928492816985185	1857.7228961251344
2983.0557665977017	913.05115797017	2.096120369900245	1858.7228961251344
2989.1446169406076	915.1489154904449	2.099395313444776	1859.7228961251344
2995.243919351919	917.2499498831288	2.1026741151961033	1860.7228961251344
3001.353686878574	919.3542650078608	2.1059567780182187	1861.7228961251344
3007.4739325761047	921.4618647271437	2.1092433047751133	1862.7228961251344
3013.604669508639	923.5727529063441	2.1125336983307803	1863.7228961251344
3019.7459107488908	925.686933413693	2.115827961549211	1864.7228961251344
3025.8976693781697	927.8044101202844	2.119126097294396	1865.7228961251344
3032.0599584863758	929.9251869000783	2.122428108430329	1866.7228961251344
3038.2327911720004	932.0492676298967	2.1257339978209995	1867.7228961251344
3044.416180542131	934.1766561894266	2.1290437683304013	1868.7228961251344
3050.610139712441	936.3073564612185	2.1323574228225253	1869.7228961251344
3056.814681807201	938.4413723306874	2.1356749641613635	1870.7228961251344
3063.0298199592717	940.5787076861116	2.1389963952109077	1871.7228961251344
3069.2555673101006	942.7193664186341	2.1423217188351487	1872.7228961251344
3075.491937009739	944.8633524222614	2.14565093789808	1873.7228961251344
3081.738942216823	947.0106695938641	2.148984055263693	1874.7228961251344
3087.9965960985746	949.1613218331775	2.1523210737959784	1875.7228961251344
3094.264911830817	951.3153130428	2.155661996358928	1876.7228961251344
3100.5439025979654	953.4726471281938	2.159006825816536	1877.7228961251344
3106.8335815930204	955.6333279976859	2.162355565032791	1878.7228961251344
3113.1339620175813	957.7973595624665	2.165708216871687	1879.7228961251344
3119.4450570818326	959.9647457365916	2.1690647841972144	1880.7228961251344
3125.7668800045576	962.1354904369782	2.1724252698733655	1881.7228961251344
3132.099444013129	964.3095975834096	2.1757896767641327	1882.7228961251344
3138.4427623435076	966.4870710985326	2.1791580077335073	1883.7228961251344
3144.796848240252	968.6679149078577	2.182530265645481	1884.7228961251344
3151.161714956509	970.852132939759	2.185906453364045	1885.7228961251344
3157.537375754019	973.0397291254758	2.189286573753192	1886.7228961251344
3163.923843903116	975.2307073991101	2.192670629676914	1887.7228961251344
3170.3211326827204	977.4250716976292	2.1960586239992015	1888.7228961251344
3176.729255380352	979.6228259608629	2.1994505595840477	1889.7228961251344
3183.148225292115	981.8239741315062	2.2028464392954437	1890.7228961251344
3189.578055722712	984.0285201551173	2.206246265997381	1891.7228961251344
3196.0187599854335	986.2364679801192	2.209650042553852	1892.7228961251344
3202.4703514021653	988.4478215577983	2.213057771828848	1893.7228961251344
3208.932843303381	990.6625848423041	2.216469456686361	1894.7228961251344
3215.4062490281517	992.8807617906525	2.2198850999903836	1895.7228961251344
3221.8905819241313	995.1023563627218	2.223304704604906	1896.7228961251344
3228.385855347576	997.3273725212541	2.2267282733939204	1897.7228961251344
3234.8920826633316	999.555814231856	2.2301558092214204	1898.7228961251344
3241.409277244828	1001.7876854629978	2.2335873149513947	1899.7228961251344
3247.937452474098	1004.0229901860146	2.2370227934478377	1900.7228961251344
3254.476621741759	1006.2617323751035	2.24046224757474	1901.7228961251344
3261.0267984470224	1008.5039160073281	2.2439056801960935	1902.7228961251344
3267.5879959976924	1010.7495450626152	2.24735309417589	1903.7228961251344
3274.1602278101636	1012.9986235237545	2.2508044923781214	1904.7228961251344
3280.7435073094266	1015.2511553764002	2.25425987766678	1905.7228961251344
3287.337847929058	1017.5071446090715	2.2577192529058565	1906.7228961251344
3293.9432631112304	1019.7665952131504	2.2611826209593433	1907.7228961251344
3300.559766306707	1022.0295111828827	2.2646499846912325	1908.7228961251344
3307.1873709748443	1024.29589651538	2.268121346965515	1909.7228961251344
3313.8260905835873	1026.565755210616	2.271596710646183	1910.7228961251344
3320.4759386094793	1028.8390912714294	2.275076078597229	1911.7228961251344
3327.136928537649	1031.115908703522	2.2785594536826443	1912.7228961251344
3333.809073861819	1033.3962115154611	2.2820468387664197	1913.7228961251344
3340.492388084307	1035.680003718676	2.285538236712548	1914.7228961251344
3347.1868847160194	1037.9672893274612	2.289033650385021	1915.7228961251344
3353.892577276456	1040.2580723589756	2.292533082647831	1916.7228961251344
3360.609479293708	1042.5523568332417	2.2960365363649684	1917.7228961251344
3367.3376043044577	1044.8501467731453	2.2995440144004258	1918.7228961251344
3374.0769658539803	1047.1514462044368	2.3030555196181948	1919.7228961251344
3380.8275774961444	1049.4562591557305	2.3065710548822675	1920.7228961251344
3387.5894527934083	1051.764589658505	2.3100906230566354	1921.7228961251344
3394.362605316825	1054.0764417471019	2.3136142270052904	1922.7228961251344
3401.1470486460335	1056.391819458728	2.317141869592224	1923.7228961251344
3407.942796369272	1058.7107268334535	2.320673553681428	1924.7228961251344
3414.749862083368	1061.0331679142128	2.324209282136895	1925.7228961251344
3421.5682593937395	1063.359146746804	2.327749057822616	1926.7228961251344
3428.398001914396	1065.6886673798897	2.3312928836025826	1927.7228961251344
3435.239103267944	1068.0217338649954	2.334840762340787	1928.7228961251344
3442.0915770855763	1070.3583502565116	2.338392696901221	1929.7228961251344
3448.9554370070796	1072.698520611693	2.3419486901478765	1930.7228961251344
3455.8306966808345	1075.0422489906578	2.3455087449447456	1931.7228961251344
3462.717369763812	1077.3895394563876	2.3490728641558194	1932.7228961251344
3469.6154699215717	1079.7403960747288	2.352641050645089	1933.7228961251344
3476.5250108282717	1082.094822914392	2.3562133072765477	1934.7228961251344
3483.4460061666573	1084.4528240469508	2.3597896369141864	1935.7228961251344
3490.3784696280695	1086.8144035468433	2.3633700424219977	1936.7228961251344
3497.322414912438	1089.1795654913724	2.366954526663973	1937.7228961251344
3504.2778557282822	1091.5483139607038	2.370543092504103	1938.7228961251344
3511.244805792722	1093.9206530378679	2.3741357428063807	1939.7228961251344
3518.2232788314614	1096.296586808759	2.377732480434798	1940.7228961251344
3525.2132885787996	1098.6761193621346	2.381333308253346	1941.7228961251344
3532.2148487776276	1101.0592547896172	2.3849382291260173	1942.7228961251344
3539.227973179429	1103.4459971856922	2.3885472459168025	1943.7228961251344
3546.252675544274	1105.8363506477112	2.392160361489694	1944.7228961251344
3553.2889696408356	1108.2303192758873	2.395777578708684	1945.7228961251344
3560.3368692463678	1110.6279071732988	2.399398900437764	1946.7228961251344
3567.3963881467234	1113.0291184458874	2.4030243295409255	1947.7228961251344
3574.467540136343	1115.43395720246	2.406653868882161	1948.7228961251344
3581.550339018262	1117.8424275546859	2.4102875213254604	1949.7228961251344
3588.6447986041085	1120.2545336170997	2.413925289734818	1950.7228961251344
3595.7509327140992	1122.6702795070987	2.417567176974224	1951.7228961251344
3602.8687551770454	1125.0896693449458	2.4212131859076713	1952.7228961251344
3609.998279830348	1127.5127072537666	2.4248633193991505	1953.7228961251344
3617.1395205200024	1129.9393973595515	2.4285175803126537	1954.7228961251344
3624.2924911005966	1132.3697437911542	2.432175971512174	1955.7228961251344
3631.4572054353066	1134.8037506802925	2.4358384958617014	1956.7228961251344
3638.633677395903	1137.2414221615486	2.439505156225228	1957.7228961251344
3645.821920862748	1139.6827623723689	2.443175955466746	1958.7228961251344
3653.0219497247963	1142.127775453063	2.446850896450247	1959.7228961251344
3660.2337778795963	1144.5764655468051	2.4505299820397237	1960.7228961251344
3667.4574192332825	1147.0288367996327	2.4542132150991667	1961.7228961251344
3674.692887700587	1149.484893360448	2.4579005984925684	1962.7228961251344
3681.940197204831	1151.9446393810172	2.46159213508392	1963.7228961251344
3689.199361677931	1154.4080790159696	2.465287827737214	1964.7228961251344
3696.47039506039	1156.8752164228	2.468987679316442	1965.7228961251344
3703.7533113013096	1159.346055761866	2.4726916926855953	1966.7228961251344
3711.0481243583768	1161.8206011963894	2.4763998707086667	1967.7228961251344
3718.3548481978733	1164.2988568924557	2.4801122162496463	1968.7228961251344
3725.6734967946754	1166.7808270190162	2.483828732172528	1969.7228961251344
3733.00408413225	1169.2665157478832	2.487549421341302	1970.7228961251344
3740.3466242026507	1171.755927253735	2.4912742866199604	1971.7228961251344
3747.701131006532	1174.2490657141138	2.4950033308724953	1972.7228961251344
3755.067618553132	1176.745935309426	2.4987365569628976	1973.7228961251344
3762.4461008602866	1179.2465402229404	2.502473967755161	1974.7228961251344
3769.836591954423	1181.7508846407918	2.5062155661132763	1975.7228961251344
3777.239105870557	1184.2589727519771	2.5099613549012343	1976.7228961251344
3784.653656652298	1186.7708087483588	2.5137113369830275	1977.7228961251344
3792.0802583518507	1189.286396824662	2.5174655152226486	1978.7228961251344
3799.5189250300054	1191.805741178478	2.521223892484088	1979.7228961251344
3806.9696707561498	1194.328846010259	2.5249864716313386	1980.7228961251344
3814.432509608262	1196.8557155233243	2.5287532555283914	1981.7228961251344
3821.9074556729092	1199.3863539238541	2.532524247039238	1982.7228961251344
3829.3945230452573	1201.9207654208953	2.5362994490278714	1983.7228961251344
3836.8937258290543	1204.4589542263575	2.540078864358282	1984.7228961251344
3844.4050781366523	1207.0009245550127	2.5438624958944627	1985.7228961251344
3851.928594088983	1209.5466806245022	2.5476503465004043	1986.7228961251344
3859.46428781558	1212.0962266553252	2.5514424190400993	1987.7228961251344
3867.012173454562	1214.6495668708485	2.555238716377539	1988.7228961251344
3874.5722651526467	1217.2067054973008	2.5590392413767167	1989.7228961251344
3882.1445770651326	1219.7676467637775	2.5628439969016212	1990.7228961251344
3889.7291233559245	1222.3323949022342	2.5666529858162472	1991.7228961251344
3897.325918197508	1224.9009541474943	2.5704662109845846	1992.7228961251344
3904.9349757709642	1227.4733287372428	2.574283675270626	1993.7228961251344
3912.55631026597	1230.0495229120293	2.5781053815383634	1994.7228961251344
3920.189935880787	1232.629540915268	2.5819313326517883	1995.7228961251344
3927.8358668222745	1235.2133869932359	2.5857615314748927	1996.7228961251344
3935.4941173058796	1237.8010653950755	2.5895959808716675	1997.7228961251344
3943.1647015556464	1240.392580372792	2.5934346837061053	1998.7228961251344
3950.8476338042065	1242.987936181255	2.5972776428421978	1999.7228961251344
3958.542928292786	1245.5871370781988	2.6011248611439366	2000.7228961251344
3966.250599271203	1248.1901873242196	2.604976341475314	2001.7228961251344
3973.970660997865	1250.7970911827797	2.608832086700321	2002.7228961251344
3981.7031277397728	1253.407852920206	2.61269209968295	2003.7228961251344
3989.4480137725213	1256.022476805687	2.6165563832871928	2004.7228961251344
3997.205333380295	1258.640967111276	2.6204249403770405	2005.7228961251344
4004.9751008558687	1261.2633281118906	2.6242977738164854	2006.7228961251344
4012.7573305006154	1263.889564085313	2.6281748864695187	2007.7228961251344
4020.5520366244946	1266.5196793121886	2.6320562812001334	2008.7228961251344
4028.359233546059	1269.153678076027	2.6359419608723207	2009.7228961251344
4036.1789355924525	1271.7915646632018	2.639831928350072	2010.7228961251344
4044.0111570994136	1274.4333433629508	2.6437261864973793	2011.7228961251344
4051.8559124112726	1277.0790184673747	2.6476247381782345	2012.7228961251344
4059.7132158809463	1279.7285942714393	2.651527586256629	2013.7228961251344
4067.583081869952	1282.3820750729747	2.6554347335965556	2014.7228961251344
4075.4655247483934	1285.0394651726742	2.6593461830620053	2015.7228961251344
4083.360558894962	1287.7007688740955	2.663261937516969	2016.7228961251344
4091.2681986969556	1290.3659904836595	2.6671819998254405	2017.7228961251344
4099.18845855025	1293.0351343106522	2.6711063728514106	2018.7228961251344
4107.121352859318	1295.708204667223	2.6750350594588705	2019.7228961251344
4115.066896037228	1298.3852058683851	2.6789680625118133	2020.7228961251344
4123.025102505628	1301.0661422320163	2.682905384874229	2021.7228961251344
4130.9959866947775	1303.7510180788577	2.6868470294101114	2022.7228961251344
4138.979563043509	1306.4398377325156	2.690792998983451	2023.7228961251344
4146.975845999261	1309.1326055194586	2.69474329645824	2024.7228961251344
4154.984850018053	1311.8293257690207	2.69869792469847	2025.7228961251344
4163.006589564505	1314.5300028133988	2.702656886568132	2026.7228961251344
4171.041079111825	1317.2346409876545	2.7066201849312193	2027.7228961251344
4179.088333141813	1319.9432446297133	2.710587822651723	2028.7228961251344
4187.148366144861	1322.655818080365	2.7145598025936355	2029.7228961251344
4195.221192619955	1325.372365683263	2.7185361276209474	2030.7228961251344
4203.306827074671	1328.0928917849242	2.722516800597651	2031.7228961251344
4211.405284025176	1330.8174007347297	2.7265018243877384	2032.7228961251344
4219.5165779962335	1333.5458968849252	2.7304912018552017	2033.7228961251344
4227.640723521195	1336.2783845906197	2.7344849358640313	2034.7228961251344
4235.777735142	1339.0148682097883	2.73848302927822	2035.7228961251344
4243.927627409192	1341.755352103266	2.742485484961759	2036.7228961251344
4252.090414881895	1344.4998406347559	2.7464923057786415	2037.7228961251344
4260.2661121278325	1347.248338170823	2.7505034945928584	2038.7228961251344
4268.4547337233125	1350.0008490808955	2.7545190542684006	2039.7228961251344
4276.656294253244	1352.7573777372681	2.7585389876692616	2040.7228961251344
4284.870808311118	1355.517928515097	2.762563297659431	2041.7228961251344
4293.098290499027	1358.2825057924047	2.766591987102903	2042.7228961251344
4301.3387554276505	1361.051113950075	2.7706250588636676	2043.7228961251344
4309.592217716259	1363.8237573718593	2.774662515805718	2044.7228961251344
4317.858691992718	1366.6004404443688	2.778704360793044	2045.7228961251344
4326.1381928934825	1369.3811675570819	2.7827505966896395	2046.7228961251344
4334.430735063603	1372.165943102339	2.7868012263594952	2047.7228961251344
4342.736333156717	1374.9547714753458	2.790856252666603	2048.7228961251344
4351.055001835055	1377.7476570741728	2.7949156784749545	2049.7228961251344
4359.386755769446	1380.5446042997514	2.7989795066485414	2050.7228961251344
4367.731609639302	1383.3456175558795	2.8030477400513565	2051.7228961251344
4376.089578132633	1386.1507012492189	2.8071203815473904	2052.7228961251344
4384.46067594604	1388.9598597892941	2.8111974340006367	2053.7228961251344
4392.844917784713	1391.7730975884938	2.8152789002750853	2054.7228961251344
4401.242318362436	1394.5904190620722	2.8193647832347284	2055.7228961251344
4409.652892401581	1397.4118286281464	2.8234550857435567	2056.7228961251344
4418.076654633127	1400.2373307076973	2.827549810665566	2057.7228961251344
4426.51361979662	1403.066929724569	2.8316489608647424	2058.7228961251344
4434.9638026402245	1405.9006301054728	2.835752539205083	2059.7228961251344
4443.427217920675	1408.7384362799808	2.8398605485505755	2060.7228961251344
4451.90388040331	1411.5803526805303	2.843972991765214	2061.7228961251344
4460.393804862058	1414.4263837424232	2.8480898717129897	2062.7228961251344
4468.897006079442	1417.276533903822	2.8522111912578954	2063.7228961251344
4477.413498846567	1420.130807605759	2.856336953263921	2064.7228961251344
4485.943297963138	1422.989209292125	2.860467160595058	2065.7228961251344
4494.486418237456	1425.8517434096793	2.864601816115301	2066.7228961251344
4503.042874486405	1428.7184144080397	2.8687409226886396	2067.7228961251344