9.742712e-8	7.78799e-13	1.047129e-10	930.428808666363
9.969651e-8	8.092866e-13	1.0715190000000001e-10	930.4297850677403
1.020188e-7	8.409501e-13	1.096478e-10	930.4303501766565
1.043951e-7	8.73834e-13	1.1220180000000002e-10	930.4304728979391
1.068268e-7	9.079846e-13	1.148154e-10	930.4301338026083
1.093151e-7	9.434498e-13	1.174898e-10	930.4300752048265
1.118614e-7	9.802794e-13	1.202264e-10	930.4310890070733
1.14467e-7	1.018525e-12	1.230269e-10	930.4308124889759
1.171333e-7	1.05824e-12	1.258925e-10	930.4315844073315
1.198618e-7	1.09948e-12	1.28825e-10	930.4319773335923
1.226537e-7	1.142303e-12	1.318257e-10	930.4319438698221
1.255107e-7	1.186768e-12	1.348963e-10	930.4323896800727
1.284343e-7	1.232937e-12	1.380384e-10	930.4333644623524
1.314259e-7	1.280874e-12	1.412538e-10	930.4328865772108
1.344873e-7	1.330647e-12	1.4454399999999998e-10	930.4338516091987
1.376199e-7	1.382322e-12	1.479108e-10	930.4343044726957
1.408255e-7	1.435974e-12	1.513561e-10	930.4344917317505
1.441058e-7	1.491674e-12	1.548817e-10	930.4345941063405
1.474625e-7	1.549501e-12	1.584893e-10	930.435363781656
1.508974e-7	1.609534e-12	1.62181e-10	930.4358065001448
1.544122e-7	1.671855e-12	1.6595870000000001e-10	930.4355351964074
1.58009e-7	1.736551e-12	1.698244e-10	930.4360065514733
1.616896e-7	1.80371e-12	1.737801e-10	930.43682049901
1.654558e-7	1.873423e-12	1.7782789999999997e-10	930.4370878979058
1.693098e-7	1.945787e-12	1.8197010000000002e-10	930.4371750468895
1.732536e-7	2.0209e-12	1.862087e-10	930.4378415186832
1.772893e-7	2.098865e-12	1.905461e-10	930.4383499058758
1.814189e-7	2.179788e-12	1.9498450000000002e-10	930.4384696629733
1.856447e-7	2.263778e-12	1.9952619999999999e-10	930.4390289495815
1.89969e-7	2.350951e-12	2.041738e-10	930.4394146114731
1.94394e-7	2.441423e-12	2.089296e-10	930.4399253289146
1.989221e-7	2.535318e-12	2.1379620000000003e-10	930.4404630110357
2.035557e-7	2.632763e-12	2.187762e-10	930.4409381047847
2.082971e-7	2.733888e-12	2.238721e-10	930.441238046188
2.131491e-7	2.838831e-12	2.290868e-10	930.4418186949225
2.18114e-7	2.947732e-12	2.344229e-10	930.4421527589667
2.231946e-7	3.060738e-12	2.398833e-10	930.4426808285529
2.2839360000000003e-7	3.178e-12	2.454709e-10	930.4433967529349
2.337136e-7	3.299676e-12	2.511886e-10	930.443896243699
2.391576e-7	3.425927e-12	2.570396e-10	930.4442814531302
2.447283e-7	3.556923e-12	2.630268e-10	930.4445665726839
2.504289e-7	3.692838e-12	2.691535e-10	930.4452397535234
2.562622e-7	3.833852e-12	2.754229e-10	930.445630526728
2.622314e-7	3.980154e-12	2.818383e-10	930.4462174019641
2.683397e-7	4.131936e-12	2.884032e-10	930.4467909371325
2.745902e-7	4.289401e-12	2.951209e-10	930.4474518781965
2.809863e-7	4.452756e-12	3.019952e-10	930.4477447191213
2.875314e-7	4.622216e-12	3.090295e-10	930.448459503057
2.94229e-7	4.798006e-12	3.162278e-10	930.4488663109314
3.010826e-7	4.980355e-12	3.2359370000000006e-10	930.4494505146422
3.080958e-7	5.169504e-12	3.3113109999999996e-10	930.4501132753766
3.152724e-7	5.3657e-12	3.3884420000000004e-10	930.4505306568625
3.226162e-7	5.5692e-12	3.4673690000000003e-10	930.4512130090568
3.30131e-7	5.780271e-12	3.548134e-10	930.4518382648456
3.378209e-7	5.999186e-12	3.6307810000000007e-10	930.4524265881088
3.456899e-7	6.226231e-12	3.715352e-10	930.4532282028728
3.537422e-7	6.461702e-12	3.801894e-10	930.4537730457502
3.619821e-7	6.705902e-12	3.890451e-10	930.4546077100059
3.704139e-7	6.95915e-12	3.9810719999999997e-10	930.4550612247153
3.790421e-7	7.221772e-12	4.0738029999999993e-10	930.4556989427324
3.878713e-7	7.494107e-12	4.168694e-10	930.456382999088
3.969062e-7	7.776505e-12	4.265795e-10	930.4572219363565
4.061515e-7	8.069331e-12	4.365158e-10	930.4578879641928
4.156121e-7	8.372959e-12	4.466836e-10	930.4583220852522
4.252932e-7	8.68778e-12	4.570882e-10	930.4591275381862
4.351997e-7	9.014195e-12	4.677351000000001e-10	930.459814102042
4.453371e-7	9.352621e-12	4.786301e-10	930.4606054257767
4.557105e-7	9.703489e-12	4.897788e-10	930.4612684113728
4.6632559999999994e-7	1.006725e-11	5.011871999999999e-10	930.4620454193562
4.77188e-7	1.044435e-11	5.128614e-10	930.4627806849962
4.883034e-7	1.083529e-11	5.248075e-10	930.4635228917269
4.996777e-7	1.124055e-11	5.370318e-10	930.4643422419305
5.113169e-7	1.166065e-11	5.495409e-10	930.4649765831806
5.232273e-7	1.209611e-11	5.623413e-10	930.465886304278
5.354151e-7	1.254748e-11	5.754399000000001e-10	930.4666698989764
5.478868e-7	1.301533e-11	5.888436999999999e-10	930.4673130238125
5.606491e-7	1.350025e-11	6.025595999999999e-10	930.4682893609197
5.737086e-7	1.400285e-11	6.16595e-10	930.469113194236
5.870723e-7	1.452374e-11	6.309573e-10	930.4699759238857
6.007473e-7	1.506358e-11	6.456542e-10	930.4707745725187
6.147409e-7	1.562305e-11	6.606934000000001e-10	930.4717181222031
6.290604e-7	1.620283e-11	6.760829999999999e-10	930.4724461789453
6.437135e-7	1.680365e-11	6.918309999999999e-10	930.4733434176845
6.587079e-7	1.742624e-11	7.079458e-10	930.4742343834796
6.740516e-7	1.807139e-11	7.244359999999999e-10	930.4751163525833
6.897527e-7	1.873987e-11	7.413102e-10	930.4761216964235
7.058195e-7	1.943253e-11	7.585775999999999e-10	930.4768985137447
7.222606e-7	2.01502e-11	7.762471000000001e-10	930.4778725743387
7.390847e-7	2.089377e-11	7.943281999999999e-10	930.4788546724138
7.563007e-7	2.166414e-11	8.128305e-10	930.4798037721271
7.739177e-7	2.246226e-11	8.317638000000001e-10	930.4806992802523
7.919451e-7	2.32891e-11	8.51138e-10	930.4817657066186
8.103925e-7	2.414567e-11	8.709636e-10	930.482795917074
8.292695e-7	2.5033e-11	8.912509e-10	930.4838098901218
8.485863e-7	2.595218e-11	9.120107999999999e-10	930.4848716484498
8.68353e-7	2.690431e-11	9.332542999999998e-10	930.4858325431771
8.885802e-7	2.789054e-11	9.549926e-10	930.486886013567
9.092785e-7	2.891207e-11	9.772372e-10	930.4879225535009
9.304590000000001e-7	2.997011e-11	1.0000000000000003e-9	930.48897011
9.521329e-7	3.106595e-11	1.023293e-9	930.4900609600573
9.743117e-7	3.220089e-11	1.047129e-9	930.4907999778443
9.970071e-7	3.33763e-11	1.071519e-9	930.4925776397806
1.020231e-6	3.459357e-11	1.096478e-9	930.4934468087824
1.043996e-6	3.585415e-11	1.122018e-9	930.4947462072801
1.068315e-6	3.715955e-11	1.148154e-9	930.4955254695799
1.0932e-6	3.851132e-11	1.174898e-9	930.4965293327591
1.118665e-6	3.991105e-11	1.202264e-9	930.4985519403393
1.144723e-6	4.13604e-11	1.230269e-9	930.4992326068526
1.171388e-6	4.286109e-11	1.2589250000000002e-9	930.5009123577655
1.198674e-6	4.441488e-11	1.28825e-9	930.5013893887057
1.226596e-6	4.60236e-11	1.3182569999999998e-9	930.5029471491522
1.255168e-6	4.768913e-11	1.348963e-9	930.5041644062884
1.284406e-6	4.941343e-11	1.380384e-9	930.5058689683452
1.314324e-6	5.119851e-11	1.412538e-9	930.5060809054341
1.34494e-6	5.304646e-11	1.4454400000000001e-9	930.5076976284039
1.376269e-6	5.495944e-11	1.479108e-9	930.5094417987057
1.408328e-6	5.693966e-11	1.513561e-9	930.51085464015
1.441133e-6	5.898942e-11	1.548817e-9	930.5114738668287
1.474703e-6	6.11111e-11	1.584893e-9	930.5133602710088
1.509055e-6	6.330715e-11	1.62181e-9	930.5148612661162
1.544207e-6	6.558011e-11	1.659587e-9	930.5161947580934
1.580177e-6	6.79326e-11	1.6982440000000002e-9	930.5170120430279
1.616986e-6	7.036732e-11	1.7378010000000003e-9	930.5187229838168
1.654652e-6	7.288706e-11	1.778279e-9	930.520400375869
1.693196e-6	7.549472e-11	1.819701e-9	930.5218245854677
1.732637e-6	7.819327e-11	1.8620869999999998e-9	930.523221133062
1.772997e-6	8.098581e-11	1.905461e-9	930.5244168261643
1.814298e-6	8.38755e-11	1.949845e-9	930.5262087499264
1.85656e-6	8.686564e-11	1.995262e-9	930.5278533044784
1.8998069999999998e-6	8.995962e-11	2.041738e-9	930.5292645873271
1.944061e-6	9.316096e-11	2.089296e-9	930.5307438295005
1.989346e-6	9.647326e-11	2.1379620000000006e-9	930.5321952682041
2.035687e-6	9.990029e-11	2.187762e-9	930.5339887474048
2.083106e-6	1.034459e-10	2.238721e-9	930.5355360940467
2.13163e-6	1.071141e-10	2.290868e-9	930.536859434939
2.181285e-6	1.109089e-10	2.344229e-9	930.5387438257952
2.232096e-6	1.148347e-10	2.398833e-9	930.5403230237371
2.284091e-6	1.188959e-10	2.454709e-9	930.5420299921495
2.337297e-6	1.230969e-10	2.511886e-9	930.5438610271327
2.391743e-6	1.274425e-10	2.5703959999999997e-9	930.545504467016
2.447457e-6	1.319375e-10	2.630268e-9	930.5473577217227
2.504468e-6	1.365869e-10	2.691535e-9	930.5487712030496
2.562808e-6	1.413959e-10	2.754229e-9	930.5505809066713
2.622507e-6	1.463698e-10	2.818383e-9	930.5525082290093
2.683597e-6	1.515141e-10	2.8840319999999994e-9	930.5543468657769
2.746109e-6	1.568345e-10	2.9512089999999995e-9	930.5562006960538
2.810078e-6	1.623369e-10	3.019952e-9	930.5579482389123
2.875537e-6	1.680272e-10	3.0902949999999996e-9	930.5600362424946
2.942521e-6	1.739118e-10	3.162278e-9	930.5617380255626
3.011065e-6	1.799971e-10	3.235937e-9	930.5635422135845
3.081206e-6	1.862899e-10	3.311311e-9	930.5656550834398
3.152981e-6	1.927969e-10	3.388442e-9	930.5674398145223
3.226428e-6	1.995252e-10	3.467369e-9	930.5694101781495
3.301586e-6	2.064823e-10	3.548134e-9	930.5715292319851
3.378494e-6	2.136757e-10	3.630781e-9	930.5732501354393
3.457195e-6	2.211132e-10	3.7153519999999994e-9	930.575652912564
3.537728e-6	2.288028e-10	3.801894e-9	930.5774445052913
3.620138e-6	2.36753e-10	3.890451e-9	930.579707339843
3.704468e-6	2.449722e-10	3.981072e-9	930.5817559190086
3.790762e-6	2.534695e-10	4.073803e-9	930.5838965458075
3.879066e-6	2.622538e-10	4.168694e-9	930.5859949902775
3.969427e-6	2.713348e-10	4.265795000000001e-9	930.5881634724594
4.061893e-6	2.807222e-10	4.365158e-9	930.5903067426196
4.156514e-6	2.90426e-10	4.466836e-9	930.5925773858721
4.253338e-6	3.004567e-10	4.570882e-9	930.5946766291495
4.352418e-6	3.108249e-10	4.677351e-9	930.5970034962097
4.453806e-6	3.215419e-10	4.786301e-9	930.599129035136
4.538835e-6	3.306119e-10	4.877671e-9	930.6010208355586
4.675023e-6	3.30612e-10	5.024015000107458e-9	930.601045558184
4.772363e-6	3.407815e-10	5.128614e-9	930.6030404120879
4.883534e-6	3.525066e-10	5.248075000000001e-9	930.6053184453347
4.997294e-6	3.646249e-10	5.370318e-9	930.6075775959636
5.113705e-6	3.771492e-10	5.4954089999999994e-9	930.6099235197962
5.232827e-6	3.900928e-10	5.623413e-9	930.6122621262211
5.354725e-6	4.034695e-10	5.754399e-9	930.6147296181581
5.479462e-6	4.172934e-10	5.888437e-9	930.6169520706429
5.607105e-6	4.31579e-10	6.025596000000001e-9	930.6194074411893
5.737721e-6	4.463415e-10	6.16595e-9	930.6217762875144
5.871381e-6	4.615965e-10	6.309573e-9	930.6244014452324
6.008154e-6	4.773598e-10	6.456542e-9	930.6268525473853
6.148113e-6	4.936482e-10	6.606933999999999e-9	930.6293430810722
6.291332e-6	5.104787e-10	6.76083e-9	930.631664854759
6.437888e-6	5.278688e-10	6.918310000000001e-9	930.634196617382
6.587859e-6	5.458369e-10	7.079458e-9	930.6368986015597
6.741322e-6	5.644017e-10	7.24436e-9	930.6393389754237
6.898361e-6	5.835826e-10	7.413102e-9	930.642068947655
7.059059e-6	6.033995e-10	7.585776e-9	930.6447223725035
7.2235e-6	6.238732e-10	7.762471e-9	930.6474540387977
7.391771e-6	6.450248e-10	7.943282e-9	930.6500795011433
7.563963e-6	6.668763e-10	8.128305e-9	930.6528084637573
7.740166e-6	6.894505e-10	8.317637999999998e-9	930.6554878320024
7.920474e-6	7.127707e-10	8.51138e-9	930.6583386830338
8.104983e-6	7.36861e-10	8.709636e-9	930.6611505922866
8.293789e-6	7.617464e-10	8.912509e-9	930.6639405805929
8.486994e-6	7.874525e-10	9.120108e-9	930.6667697904454
8.684701e-6	8.140058e-10	9.332543e-9	930.669701259346
8.887013e-6	8.414337e-10	9.549926e-9	930.6725972222193
9.094038e-6	8.697645e-10	9.772371999999998e-9	930.6755580426126
9.305886e-6	8.990271e-10	1.e-8	930.67850271
9.522669e-6	9.292518e-10	1.023293e-8	930.6814618882372
9.744502e-6	9.604694e-10	1.047129e-8	930.6840388720016
9.971504e-6	9.927119e-10	1.071519e-8	930.6878097261924
0.00001020379	1.026012e-9	1.0964780000000002e-8	930.6904481439664
0.00001044149	1.060405e-9	1.1220179999999998e-8	930.6936613316362
0.00001068473	1.095924e-9	1.148154e-8	930.6962240256969
0.00001093364	1.132607e-9	1.174898e-8	930.6997379346973
0.00001118834	1.170491e-9	1.202264e-8	930.7032807270284
0.00001144898	1.209614e-9	1.230269e-8	930.7061800305462
0.00001171569	1.250016e-9	1.258925e-8	930.7099323629286
0.00001198861	1.291738e-9	1.28825e-8	930.7123413933631
0.00001226789	1.334822e-9	1.318257e-8	930.7156967116427
0.00001255368	1.379313e-9	1.3489630000000002e-8	930.7193238806401
0.00001284613	1.425255e-9	1.3803840000000001e-8	930.7232809855808
0.00001314539	1.472695e-9	1.4125379999999998e-8	930.7263022304534
0.00001345162	1.52168e-9	1.44544e-8	930.729859419969
0.00001376498	1.57226e-9	1.479108e-8	930.733405539014
0.00001408565	1.624487e-9	1.513561e-8	930.7371481559052
0.00001441378	1.678413e-9	1.548817e-8	930.7399397733883
0.00001474956	1.734091e-9	1.584893e-8	930.7438477550221
0.00001509316	1.791579e-9	1.6218099999999996e-8	930.7472255689632
0.00001544477	1.850934e-9	1.6595870000000003e-8	930.7508997117957
0.00001580457	1.912216e-9	1.6982440000000004e-8	930.7544861633544
0.00001617275	1.975486e-9	1.737801e-8	930.7582102899008
0.00001654951	2.040808e-9	1.778279e-8	930.7623161494905
0.00001693504	2.108247e-9	1.819701e-8	930.7654525111543
0.00001732956	2.17787e-9	1.8620870000000003e-8	930.7695005657631
0.00001773327	2.249748e-9	1.9054609999999996e-8	930.7731697473735
0.00001814639	2.323952e-9	1.949845e-8	930.7772644492253
0.00001856912	2.400556e-9	1.995262e-8	930.7810481029559
0.00001900171	2.479638e-9	2.041738e-8	930.7849311713843
0.00001944438	2.561274e-9	2.089296e-8	930.7891880327153
0.00001989735	2.645548e-9	2.137962e-8	930.7927618919325
0.00002036089	2.732543e-9	2.187762e-8	930.7969762250191
0.00002083522	2.822346e-9	2.238721e-8	930.801218463578
0.0000213206	2.915045e-9	2.290868e-8	930.8050505310651
0.00002181729	3.010733e-9	2.344229e-8	930.8092653490764
0.00002232555	3.109505e-9	2.398833e-8	930.8134207341653
0.00002284565	3.211459e-9	2.4547090000000004e-8	930.8175208955521
0.00002337787	3.316696e-9	2.5118860000000003e-8	930.8219678759307
0.00002392249	3.42532e-9	2.5703959999999997e-8	930.8260408123884
0.0000244798	3.53744e-9	2.6302680000000005e-8	930.8305252544607
0.00002505009	3.653165e-9	2.691535e-8	930.8347528454952
0.00002563367	3.77261e-9	2.754229e-8	930.8391789498985
0.00002623084	3.895894e-9	2.8183830000000005e-8	930.8435331181034
0.00002684193	4.023137e-9	2.8840320000000005e-8	930.8479634414597
0.00002746725	4.154466e-9	2.9512090000000002e-8	930.852557917789
0.00002810714	4.29001e-9	3.019952e-8	930.8568483869942
0.00002876195	4.429903e-9	3.090295e-8	930.8619372260578
0.000029432	4.574283e-9	3.162278e-8	930.8661124354026
0.00003011767	4.723291e-9	3.235937e-8	930.8708201364859
0.00003081931	4.877074e-9	3.311311e-8	930.8756282330471
0.0000315373	5.035783e-9	3.388442e-8	930.8802034386305
0.00003227202	5.199575e-9	3.4673690000000004e-8	930.8850478561699
0.00003302385	5.36861e-9	3.548134e-8	930.8898313874276
0.00003379321	5.543054e-9	3.630781000000001e-8	930.8948420188383
0.00003458048	5.723078e-9	3.715352e-8	930.8997661056071
0.0000353861	5.908859e-9	3.801894e-8	930.9046716978434
0.00003621049	6.100579e-9	3.890451e-8	930.9098245678972
0.00003705408	6.298425e-9	3.981072e-8	930.9145482674014
0.00003791733	6.502591e-9	4.073803e-8	930.9196490601042
0.0000388007	6.713277e-9	4.168694e-8	930.9249677956693
0.00003970464	6.930689e-9	4.265795e-8	930.9301241386424
0.00004062964	7.155039e-9	4.3651580000000004e-8	930.9352614269632
0.0000415762	7.386547e-9	4.466836000000001e-8	930.9405258442439
0.00004254481	7.625437e-9	4.570882e-8	930.9458313953413
0.00004353598	7.871944e-9	4.677351000000001e-8	930.9511290471894
0.00004455025	8.126309e-9	4.786301e-8	930.9564172625165
0.00004558815	8.388777e-9	4.897787999999999e-8	930.9618704811234
0.00004665024	8.659607e-9	5.011872e-8	930.9675029011116
0.00004773706	8.93906e-9	5.1286140000000005e-8	930.9727552122268
0.00004884922	9.22741e-9	5.248074999999999e-8	930.9784522896492
0.00004998728	9.524937e-9	5.370317999999999e-8	930.984067181869
0.00005115186	9.831929e-9	5.495409e-8	930.9897030230143
0.00005234357	1.014869e-8	5.623413e-8	930.9954415583561
0.00005356305	1.047552e-8	5.7543990000000006e-8	931.0012308844068
0.00005481094	1.081274e-8	5.888436999999999e-8	931.0068654890932
0.00005608791	1.116067e-8	6.025596e-8	931.0128105170013
0.000057394629999999996	1.151966e-8	6.16595e-8	931.0187345015772
0.00005873179	1.189006e-8	6.309573e-8	931.0246519059214
0.00006010011	1.227221e-8	6.456542e-8	931.0306075605178
0.00006150031	1.26665e-8	6.606934e-8	931.0366427150628
0.00006293314	1.30733e-8	6.76083e-8	931.0426870665287
0.00006439935	1.349302e-8	6.91831e-8	931.0488113426546
0.00006589972	1.392604e-8	7.079457999999999e-8	931.0549768075465
0.00006743505	1.43728e-8	7.24436e-8	931.0611675841619
0.00006900616	1.483373e-8	7.413102e-8	931.0676384865607
0.00007061387	1.530926e-8	7.585776e-8	931.0738843329938
0.00007225904	1.579987e-8	7.762470999999999e-8	931.0803205577195
0.00007394254	1.630602e-8	7.943281999999999e-8	931.0867475182173
0.00007566527	1.682821e-8	8.128305e-8	931.0932378890802
0.00007742814	1.736693e-8	8.317638000000002e-8	931.0997536800711
0.00007923208	1.792272e-8	8.51138e-8	931.1063860384567
0.00008107806	1.849609e-8	8.709636e-8	931.1130349190254
0.00008296705	1.908762e-8	8.912509e-8	931.1198184484302
0.00008490005	1.969786e-8	9.120108000000001e-8	931.1265596854773
0.00008687809	2.03274e-8	9.332543e-8	931.1333191821351
0.00008890223	2.097686e-8	9.549926000000002e-8	931.1402712439865
0.00009097352	2.164686e-8	9.772372e-8	931.1471857600181
0.00009309308	2.233804e-8	9.999999999999998e-8	931.1541804000001
0.00009526202	2.305107e-8	1.0232929999999999e-7	931.1611734859908
0.00009748151	2.378664e-8	1.0471290000000001e-7	931.1679519906335
0.0000997527	2.454544e-8	1.071519e-7	931.1756995442918
0.0001020768	2.532822e-8	1.0964780000000002e-7	931.1826431538069
0.0001044551	2.613572e-8	1.1220180000000002e-7	931.1903705644651
0.0001068888	2.696873e-8	1.148154e-7	931.1971105792429
0.0001093792	2.782803e-8	1.174898e-7	931.2044792824568
0.0001119276	2.871447e-8	1.202264e-7	931.2123998556058
0.0001145354	2.962888e-8	1.230269e-7	931.2193421113595
0.000117204	3.057214e-8	1.2589249999999996e-7	931.2276119705305
0.0001199348	3.154517e-8	1.28825e-7	931.2349712400544
0.0001227291	3.254889e-8	1.318257e-7	931.242154526773
0.0001255886	3.358427e-8	1.348963e-7	931.2500362871333
0.0001285148	3.465231e-8	1.3803839999999998e-7	931.2586375240514
0.0001315091	3.575401e-8	1.412538e-7	931.265948314311
0.0001345732	3.689045e-8	1.44544e-7	931.2741480102943
0.0001377086	3.806271e-8	1.479108e-7	931.281980152903
0.0001409172	3.927191e-8	1.513561e-7	931.2903273141949
0.0001442005	4.051922e-8	1.548817e-7	931.2980114500293
0.0001475603	4.180582e-8	1.584893e-7	931.3064403716844
0.0001509984	4.313295e-8	1.62181e-7	931.314598812438
0.0001522496	4.361852e-8	1.6352440000000002e-7	931.3180083216938
0.0001581168	4.397829e-8	1.698244e-7	931.3195176311532
0.0001618009	4.537383e-8	1.7378009999999998e-7	931.3280049326708
0.0001655708	4.681333e-8	1.778279e-7	931.336496297825
0.0001694285	4.829814e-8	1.8197010000000003e-7	931.3442051194124
0.0001733762	4.982969e-8	1.862087e-7	931.3529909719579
0.0001774158	5.140945e-8	1.905461e-7	931.3610168352959
0.0001815496	5.303892e-8	1.949845e-7	931.3696161489759
0.0001857796	5.471966e-8	1.995262e-7	931.378032859845
0.0001901083	5.645329e-8	2.0417380000000003e-7	931.3866582783883
0.0001945378	5.824145e-8	2.089296e-7	931.3952711822548
0.0001990706	6.008585e-8	2.1379619999999998e-7	931.4042337983557
0.000203709	6.198825e-8	2.1877620000000004e-7	931.4129610533503
0.0002084554	6.395048e-8	2.238721e-7	931.421782705393
0.0002133125	6.597441e-8	2.290868e-7	931.4306822130301
0.0002182827	6.806196e-8	2.3442290000000002e-7	931.4395562890827
0.0002233688	7.021512e-8	2.398833e-7	931.4488133188096
0.0002285734	7.243597e-8	2.454709e-7	931.458009768164
0.0002338992	7.47266e-8	2.511886e-7	931.4671390341758
0.0002393492	7.708921e-8	2.570396e-7	931.4762752898774
0.0002449262	7.952605e-8	2.630268e-7	931.4857879501252
0.0002506332	8.203945e-8	2.691535e-7	931.4953714144532
0.0002564731	8.463179e-8	2.754229e-7	931.5047216117468
0.0002624491	8.730556e-8	2.818383e-7	931.5142958213982
0.0002685644	9.006329e-8	2.884032e-7	931.5238641249474
0.0002748222	9.290762e-8	2.951209e-7	931.5338480602355
0.0002812258	9.584125e-8	3.019952e-7	931.5434193987189
0.0002877787	9.886699e-8	3.090295e-7	931.5536768819806
0.0002944843	1.019877e-7	3.1622779999999993e-7	931.5635364759203
0.0003013461	1.052064e-7	3.235937e-7	931.5734713005846
0.0003083678	1.085261e-7	3.311311e-7	931.5836721467721
0.0003155532	1.119499e-7	3.388442e-7	931.5937823341818
0.000322906	1.154813e-7	3.4673689999999997e-7	931.603995132909
0.0003304302	1.191234e-7	3.548134e-7	931.6145427427488
0.0003381298	1.228797e-7	3.630781e-7	931.6251233550028
0.0003460087	1.267539e-7	3.715352e-7	931.6356940069205
0.0003540713	1.307497e-7	3.801894e-7	931.646304973258
0.0003623218	1.348707e-7	3.890451e-7	931.6572055527752
0.0003707645	1.39121e-7	3.9810719999999996e-7	931.6677040756862
0.000379404	1.435046e-7	4.073803e-7	931.6785927056364
0.0003882449	1.480256e-7	4.1686939999999994e-7	931.6896985002976
0.0003972918	1.526884e-7	4.2657950000000004e-7	931.7008632622992
0.0004065495	1.574974e-7	4.365158e-7	931.7119733123062
0.000416023	1.624571e-7	4.466836e-7	931.7231640024393
0.0004257172	1.675723e-7	4.570882e-7	931.7343398932635
0.0004356374	1.728478e-7	4.677351e-7	931.7458702586143
0.0004457888	1.782886e-7	4.786301e-7	931.7572977545709
0.0004561768	1.839e-7	4.897788e-7	931.7689944930241
0.0004668068	1.896872e-7	5.011872000000001e-7	931.7805546510366
0.0004776847	1.956557e-7	5.128614e-7	931.7924018068038
0.000488816	2.018113e-7	5.248074999999999e-7	931.80415923934
0.0005002068	2.081596e-7	5.370318e-7	931.8162529667703
0.000511863	2.147069e-7	5.495409e-7	931.8281985926798
0.0005237909	2.214592e-7	5.623413e-7	931.8404307135186
0.0005359968	2.28423e-7	5.754399e-7	931.8526973885542
0.0005484872	2.35605e-7	5.888437e-7	931.864949900967
0.0005612686	2.430119e-7	6.025596e-7	931.8772979469582
0.000574348	2.506507e-7	6.165950000000001e-7	931.8898964474249
0.0005877322	2.585287e-7	6.309573e-7	931.9025688426141
0.0006014284	2.666534e-7	6.456542e-7	931.9153401309865
0.0006154438	2.750324e-7	6.606934e-7	931.9282323692048
0.0006297858	2.836738e-7	6.76083e-7	931.9410099055883
0.0006444621	2.925858e-7	6.918309999999999e-7	931.9540260554962
0.0006594805	3.017767e-7	7.079458e-7	931.9672165581036
0.0006748489	3.112553e-7	7.244360000000001e-7	931.9804030997907
0.0006905755	3.210305e-7	7.413102e-7	931.9938272804017
0.0007066687	3.311117e-7	7.585776e-7	932.0072352518714
0.0007231369	3.415085e-7	7.762470999999999e-7	932.0207553754467
0.000739989	3.522305e-7	7.943282000000001e-7	932.0344292195593
0.0007707905	3.569864e-7	8.273756e-7	932.0404014815036
0.0007748804	3.595303e-7	8.317637999999999e-7	932.0433641137063
0.0007929382	3.708164e-7	8.51138e-7	932.0568655141705
0.0008114169	3.824555e-7	8.709635999999999e-7	932.07035919756
0.0008303263	3.944589e-7	8.912509000000001e-7	932.0840617383948
0.0008420832	4.019687e-7	9.038643999999999e-7	932.0924341084792
0.0008694773	4.088093e-7	9.332543e-7	932.0997602689856
0.0008897397	4.216374e-7	9.549926e-7	932.1133351190365
0.0009104744	4.348669e-7	9.772372e-7	932.1270894108411
0.0009316923	4.485103e-7	1.e-6	932.1408103
0.0009534047999999999	4.625804e-7	1.023293e-6	932.154700950754
0.0009756234	4.770906e-7	1.047129e-6	932.1683294035405
0.0009983599	4.920546e-7	1.071519e-6	932.1831480356392
0.001021626	5.074866e-7	1.096478e-6	932.1969858036367
0.001045435	5.234013e-7	1.122018e-6	932.2117838572999
0.001069799	5.398137e-7	1.1481539999999999e-6	932.2258283296492
0.00109473	5.567393e-7	1.174898e-6	932.2398534170626
0.001120243	5.741942e-7	1.2022639999999998e-6	932.2554731739451
0.00114635	5.921948e-7	1.230269e-6	932.2694425365507
0.001173066	6.107583e-7	1.2589250000000002e-6	932.2848925074964
0.001200405	6.299022e-7	1.28825e-6	932.2995553658066
0.001228381	6.496446e-7	1.3182569999999998e-6	932.3149011156398
0.001257009	6.700042e-7	1.348963e-6	932.3302449362956
0.001286304	6.910003e-7	1.3803840000000001e-6	932.3456373733686
0.001316283	7.126527e-7	1.4125380000000002e-6	932.3612198043521
0.00134696	7.34982e-7	1.44544e-6	932.3769800199246
0.001378352	7.580093e-7	1.479108e-6	932.3930431719658
0.001410476	7.817563e-7	1.513561e-6	932.4089060830717
0.001443348	8.062455e-7	1.5488170000000002e-6	932.4240665617693
0.001476987	8.315002e-7	1.584893e-6	932.4405497405818
0.00151141	8.575441e-7	1.62181e-6	932.4566651457322
0.001546636	8.84402e-7	1.6595870000000002e-6	932.4732008626243
0.001582683	9.120992e-7	1.6982439999999998e-6	932.4897359861128
0.00161957	9.406619e-7	1.7378009999999997e-6	932.5064618445956
0.001657316	9.701172e-7	1.7782789999999998e-6	932.523027713874
0.001695943	1.000493e-6	1.8197010000000002e-6	932.5397375722715
0.001735471	1.031818e-6	1.8620869999999998e-6	932.5572961950758
0.001739608	1.03511e-6	1.866524e-6	932.5586544828782
0.00181731	1.051185e-6	1.949845e-6	932.567042508507
0.001859665	1.084093e-6	1.995262e-6	932.5838376113012
0.001903008	1.11803e-6	2.041738e-6	932.6005736289377
0.001947361	1.153027e-6	2.089296e-6	932.6175070454354
0.001992748	1.189118e-6	2.137962e-6	932.6344986487131
0.002039193	1.226336e-6	2.1877619999999994e-6	932.6514200356346
0.002086721	1.264716e-6	2.238721e-6	932.6690177114523
0.002135357	1.304296e-6	2.290868e-6	932.6863424693173
0.002185127	1.345112e-6	2.3442290000000005e-6	932.7041479309399
0.002236057	1.387203e-6	2.398833e-6	932.721953966783
0.002288174	1.430608e-6	2.4547090000000004e-6	932.7397292306338
0.002341506	1.47537e-6	2.511886e-6	932.7578441059826
0.002396082	1.52153e-6	2.5703960000000003e-6	932.7759341362187
0.00245193	1.569131e-6	2.630268e-6	932.7943506137017
0.00250908	1.618219e-6	2.691535e-6	932.812770036429
0.002567562	1.66884e-6	2.7542290000000004e-6	932.8312351659937
0.002627408	1.721042e-6	2.818383e-6	932.850163373821
0.002688649	1.774875e-6	2.8840319999999994e-6	932.8689400811087
0.002751317	1.830388e-6	2.951209e-6	932.8879750637791
0.002815447	1.887635e-6	3.019952e-6	932.9070909074052
0.002881072	1.94667e-6	3.090295e-6	932.9266849928567
0.002948227	2.007549e-6	3.1622780000000004e-6	932.9459803976753
0.003016947	2.070328e-6	3.235937e-6	932.9654217619192
0.00308727	2.135068e-6	3.311311e-6	932.9854755412584
0.003159232	2.201829e-6	3.388442e-6	933.0051477935878
0.003232872	2.270675e-6	3.467369e-6	933.0252058549291
0.003308229	2.34167e-6	3.548134e-6	933.0455585950249
0.003385343	2.414882e-6	3.630781e-6	933.0658836211823
0.003464255	2.49038e-6	3.715352e-6	933.0866577379478
0.003545007	2.568235e-6	3.801894e-6	933.1073499155948
0.003627641	2.648521e-6	3.890451e-6	933.1281954200168
0.003712203	2.731313e-6	3.981072e-6	933.1492404558369
0.003798736	2.81669e-6	4.073803e-6	933.170477315668
0.003887286	2.904733e-6	4.168694e-6	933.191722155668
0.003977901	2.995524e-6	4.265795e-6	933.2132753683661
0.004070629	3.089149e-6	4.365158e-6	933.2349823305365
0.00416552	3.185697e-6	4.466836e-6	933.2569400354076
0.004262622	3.285258e-6	4.570882e-6	933.2787978337661
0.004361989	3.387928e-6	4.677351e-6	933.3011202280951
0.004463673	3.493802e-6	4.786301e-6	933.3234165590504
0.004567728	3.602982e-6	4.897788e-6	933.346029268723
0.00467421	3.715569e-6	5.011872000000001e-6	933.368922630107
0.004783174	3.83167e-6	5.128614e-6	933.3916863308489
0.004894679	3.951396e-6	5.2480750000000006e-6	933.4147084407139
0.005008784	4.074858e-6	5.370318000000001e-6	933.4379934298116
0.00512555	4.202174e-6	5.495409e-6	933.4613991424478
0.005245039	4.333463e-6	5.623413e-6	933.4851384737347
0.005367314	4.46885e-6	5.754399000000001e-6	933.5089294294677
0.00549244	4.608463e-6	5.888436999999999e-6	933.5326951787038
0.005620485	4.752432e-6	6.025596e-6	933.5570177622263
0.005751515	4.900895e-6	6.165950000000001e-6	933.5813451292987
0.005885601	5.053992e-6	6.309573000000001e-6	933.6059654116054
0.006022814	5.211866e-6	6.456542e-6	933.6307060342826
0.006163226	5.374667e-6	6.606934e-6	933.655560506583
0.006306914	5.542549e-6	6.76083e-6	933.680709173282
0.006349596	5.592666e-6	6.8065439999999995e-6	933.6880311065352
0.006604413	5.624687e-6	7.079458e-6	933.6926198305013
0.006758382	5.800371e-6	7.24436e-6	933.7170393243848
0.006915942	5.981537e-6	7.413101999999999e-6	933.7418447769908
0.007077177	6.168356e-6	7.5857760000000005e-6	933.7667439692393
0.007242171	6.361006e-6	7.762471e-6	933.7918307198829
0.007411014	6.559667e-6	7.943282e-6	933.8172391462371
0.007583794	6.764527e-6	8.128305e-6	933.8427294497438
0.007760603	6.97578e-6	8.317638e-6	933.8683385836218
0.007941535	7.193624e-6	8.511379999999998e-6	933.8942244383402
0.008126688	7.418266e-6	8.709636e-6	933.9203459249043
0.008316158	7.649917e-6	8.912509000000001e-6	933.9466492544357
0.008510047	7.888797e-6	9.120108e-6	933.9731280594484
0.008708458	8.13513e-6	9.332543e-6	933.999782267277
0.008911497	8.389149e-6	9.549926e-6	934.0267295264908
0.009119271	8.651094e-6	9.772372e-6	934.053891317277
0.00933189	8.921211e-6	0.00001	934.0811211
0.009549469	9.199757e-6	0.00001023293	934.1086821663004
0.009772122	9.486993e-6	0.00001047129	934.1360035869504
0.009999969	9.783191e-6	0.000010715190000000001	934.1646943264655
0.01023313	0.00001008863	0.00001096478	934.1928091580496
0.01047173	0.0000104036	0.00001122018	934.2215187278636
0.01071589	0.0000107284	0.00001148154	934.2490989884633
0.01096575	0.00001106332	0.00001174898	934.2779815779753
0.01122144	0.0000114087	0.00001202264	934.3079972451973
0.01148309	0.00001176485	0.000012302690000000001	934.3367060374601
0.01175084	0.00001213212	0.00001258925	934.3663935500526
0.01202484	0.00001251084	0.000012882499999999999	934.3955629730254
0.01230523	0.00001290138	0.00001318257	934.4256377929341
0.01259216	0.0000133041	0.000013489630000000003	934.4558820367942
0.01288579	0.00001371938	0.00001380384	934.487025349468
0.01318626	0.00001414762	0.00001412538	934.5169914012932
0.01349374	0.00001458922	0.000014454400000000002	934.5479037524906
0.0138084	0.00001504459	0.00001479108	934.5798001227768
0.01413039	0.00001551417	0.000015135610000000002	934.6107735334089
0.0144599	0.0000159984	0.00001548817	934.6422721341514
0.01479709	0.00001649773	0.00001584893	934.6743111364617
0.01514215	0.00001701264	0.0000162181	934.7064477343215
0.01549526	0.00001754362	0.00001659587	934.7388006775179
0.01561285	0.00001772134	0.00001672167	934.7494203629183
0.01622636	0.00001772535	0.00001737801	934.7494534759734
0.01660474	0.00001827855	0.00001778279	934.7812435506464
0.01699195	0.00001884901	0.00001819701	934.8128626626021
0.01738819	0.00001943727	0.00001862087	934.8450029456195
0.01779367	0.00002004387	0.00001905461	934.8768549972947
0.01820861	0.0000206694	0.00001949845	934.9091543173945
0.01863323	0.00002131444	0.000019952619999999997	934.942099834508
0.01906776	0.0000219796	0.00002041738	934.9749869963726
0.01951243	0.0000226655	0.00002089296	935.0085148298758
0.01996746	0.0000233728	0.00002137962	935.0415395596367
0.02043312	0.00002410216	0.00002187762	935.0753034379425
0.02090964	0.00002485428	0.00002238721	935.1095683651514
0.02139727	0.00002562985	0.000022908679999999995	935.1433539601584
0.02189629	0.00002642961	0.00002344229	935.1782445315708
0.02240694	0.00002725432	0.00002398833	935.2128439120188
0.02292951	0.00002810475	0.00002454709	935.2479153333451
0.02346427	0.00002898171	0.00002511886	935.2833572064974
0.02401151	0.00002988602	0.00002570396	935.3187610002506
0.02457152	0.00003081853	0.00002630268	935.354820497379
0.02514459	0.00003178013	0.000026915349999999996	935.3907762670744
0.02573104	0.00003277172	0.00002754229	935.4273635198816
0.02633116	0.00003379424	0.00002818383	935.4638542738867
0.02694529	0.00003484865	0.000028840319999999997	935.5006688552693
0.02757376	0.00003593595	0.00002951209	935.5384843974113
0.02821688	0.00003705715	0.00003019952	935.5757028588533
0.02887501	0.00003821333	0.00003090295	935.6136980450085
0.0295485	0.00003940557	0.00003162278	935.6516274027774
0.03023771	0.00004063499	0.00003235937	935.6901877261517
0.03094299	0.00004190275	0.00003311311	935.7288623750533
0.03166474	0.00004321006	0.00003388442	935.7678266294656
0.03240333	0.00004455813	0.00003467368999999999	935.8071820449453
0.03315915	0.00004594825	0.00003548134	935.8467929903436
0.03393262	0.00004738172	0.000036307810000000006	935.8868441803568
0.03472413	0.0000488599	0.00003715352	935.9271988226151
0.03553411	0.00005038418	0.00003801894	935.9675514362053
0.03561557	0.00005053811	0.00003810597000000001	935.9716629703953
0.03721117	0.00005064854	0.00003981072	935.9744948094383
0.03807912	0.0000522286	0.00004073803	936.0135627569622
0.03896734	0.00005385794	0.000041686940000000005	936.05330446418
0.03987628	0.00005553809	0.00004265795	936.0932274054426
0.04080643	0.00005727064	0.00004365157999999999	936.1333688265122
0.04175829	0.00005905722	0.00004466836	936.1737753523972
0.04273236	0.00006089952	0.00004570882000000001	936.2144881447387
0.04372916	0.00006279928	0.00004677351	936.2555703003687
0.04474923	0.00006475828	0.00004786301	936.2969081969563
0.04579311	0.00006677837	0.00004897788000000001	936.3387792611684
0.04686135	0.00006886146	0.00005011872	936.3808864232766
0.04795452	0.00007100952	0.00005128614	936.4231646210848
0.0490732	0.00007322456	0.000052480750000000004	936.465743343988
0.05021799	0.00007550868	0.00005370318	936.5087631682146
0.05138951	0.00007786403	0.00005495409	936.5522025749129
0.0543213	0.00007956368	0.00005808442	936.5827132301572
0.05507053	0.00008102877	0.000058884370000000006	936.6077750343596
0.05635521	0.00008355627	0.00006025596	936.6503540894545
0.05766986	0.0000861626	0.0000616595	936.6930091875544
0.05901521	0.0000888502	0.00006309573	936.736292614413
0.06039195	0.00009162162	0.00006456542	936.7796510887716
0.06180083	0.00009447946	0.00006606934	936.8234866581079
0.06324259	0.00009742642	0.00006760830000000001	936.8674618353073
0.064718	0.0001004653	0.0000691831	936.9118368503291
0.06622785	0.0001035989	0.00007079458	936.9565989373764
0.06777295	0.0001068303	0.0000724436	937.0017544683036
0.06935411	0.0001101624	0.00007413101999999999	937.0473035444542
0.0709025	0.0001134499	0.0000757834	937.0911030647873
0.07432237	0.0001161892	0.00007943282	937.12597890897
0.0760563	0.0001198131	0.00008128305	937.1709489247758
0.07783072	0.0001235501	0.00008317637999999999	937.2164321169063
0.07964655	0.0001274036	0.00008511380000000001	937.262272392961
0.08150477	0.0001313772	0.00008709636	937.3083697183213
0.08340637	0.0001354748	0.00008912509	937.3549558266924
0.08535236	0.0001397002	0.00009120108	937.4018399782108
0.08734377	0.0001440573	0.00009332543	937.4489600530103
0.08938168	0.0001485503	0.00009549926000000002	937.4965868845475
0.09146716	0.0001531833	0.00009772372000000001	937.5445725971136
0.09360132	0.0001579609	0.00010000000000000002	937.592809
0.09578532	0.0001628874	0.0001023293	937.6415884795459
0.09802029	0.0001679676	0.00010471289999999999	937.69017570901
0.1003075	0.0001732062	0.0001071519	937.7407792115678
0.1008452	0.0001744436	0.0001077254	937.7513901085538
0.105043	0.0001766863	0.0001122018	937.7718209511792
0.107494	0.0001821968	0.00011481539999999999	937.8201600133781
0.1100021	0.0001878791	0.0001174898	937.8684711353667
0.1125689	0.0001937385	0.0001202264	937.9191134393112
0.1151955	0.0001997807	0.0001230269	937.9678810081374
0.1178835	0.0002060113	0.0001258925	938.0186373294678
0.1206342	0.0002124361	0.000128825	938.06820182418
0.1234492	0.0002190613	0.0001318257	938.1195115975111
0.1263299	0.0002258931	0.00013489629999999998	938.1709735552421
0.1292778	0.0002329379	0.0001380384	938.2225373519253
0.1322946	0.0002402024	0.0001412538	938.2742439495433
0.1353818	0.0002476934	0.000144544	938.3266922182864
0.1385411	0.000255418	0.0001479108	938.3798748975736
0.1417742	0.0002633835	0.0001513561	938.4331619274014
0.1450827	0.0002715973	0.0001548817	938.4859366858708
0.1484686	0.0002800673	0.0001584893	938.5407551172225
0.1519335	0.0002888014	0.000162181	938.5951584957547
0.1554793	0.0002978078	0.00016595869999999998	938.649843605668
0.1580418	0.000304359	0.0001686886	938.6891526754032
0.1666209	0.0003123413	0.0001778279	938.7348177648163
0.1705093	0.0003220817	0.0001819701	938.7881948737733
0.1744886	0.0003321258	0.0001862087	938.8429530951023
0.1785609	0.0003424831	0.0001905461	938.8981621770271
0.1827282	0.0003531634	0.0001949845	938.9534214258057
0.1869928	0.0003641767	0.0001995262	939.0093967609266
0.1913571	0.0003755334	0.00020417380000000001	939.0658027621565
0.1958232	0.0003872442	0.00020892960000000002	939.1222890389873
0.2003937	0.0003993201	0.00021379619999999997	939.1795555767595
0.2050709	0.0004117726	0.0002187762	939.2368667158494
0.2098573	0.0004246134	0.0002238721	939.2948625576836
0.2147556	0.0004378545	0.0002290868	939.3533564570284
0.2195833	0.0004510029	0.00023422600000000003	939.4102401099792
0.2301469	0.0004577091	0.0002454709	939.4376649126231
0.2355185	0.0004719822	0.0002511886	939.4951928550897
0.2410156	0.0004867003	0.00025703960000000007	939.5528949624882
0.2466411	0.0005018774	0.0002630268	939.611390930506
0.2477387	0.0005048519	0.0002641949	939.622800818638
0.252398	0.0005128182	0.0002691535	939.6527193590274
0.2582891	0.0005205402	0.00027542290000000003	939.6809059813108
0.2643176	0.0005274976	0.00028183829999999996	939.7058440957101
0.2704868	0.0005340658	0.0002884032	939.7290522435256
0.2767997	0.0005404122	0.00029512090000000004	939.7508349967759
0.2832599	0.0005466289	0.0003019952	939.7716549799468
0.2898706	0.0005527728	0.0003090295	939.7917441538751
0.2966355	0.0005588853	0.0003162277999999999	939.811064365625
0.3035582	0.0005650021	0.0003235937	939.8304172794464
0.3106422	0.0005711428	0.00033113110000000006	939.8493309749521
0.3178913	0.0005773289	0.0003388442	939.867434354786
0.3253095	0.0005835763	0.0003467369	939.8857643936944
0.3329006	0.0005899026	0.0003548134	939.9039117462869
0.3406687	0.0005963157	0.00036307810000000006	939.9217845967576
0.3486178	0.0006028331	0.0003715352	939.9395618503979
0.3567523	0.0006094621	0.0003801894	939.9571952821411
0.3650764	0.0006162136	0.00038904510000000006	939.9748604981788
0.3735945	0.0006230992	0.0003981072	939.9920403348646
0.3823113	0.0006301256	0.0004073803	940.0096803895525
0.3912312	0.0006373026	0.0004168694	940.0270266898937
0.4003591	0.0006446377	0.0004265795	940.0445584000169
0.4096997	0.0006521454	0.00043651579999999995	940.0618383114655
0.4192582	0.0006598278	0.00044668359999999995	940.079348782897
0.4290394	0.0006677003	0.0004570882	940.0966822158175
0.4390486	0.0006757658	0.00046773510000000003	940.1141068951208
0.4492912	0.0006840339	0.0004786301	940.1315000874371
0.4597726	0.0006925184	0.0004897788	940.1491416124993
0.4814738	0.0007011234	0.0005128614	940.1661411835635
0.4927052	0.0007103862	0.0005248075	940.1839459230289
0.5041984	0.000719897	0.0005370318000000002	940.2018595546855
0.5159596	0.0007296677	0.0005495409000000001	940.2198593407696
0.5279949	0.0007397086	0.0005623413	940.2379099667764
0.5403108	0.0007500283	0.0005754399	940.2560168316447
0.5529139	0.00076064	0.0005888437	940.2742017958244
0.5658108	0.0007715486	0.0006025596	940.2926259908562
0.5790083	0.0007827725	0.000616595	940.311018577835
0.5925135	0.0007943171	0.0006309573	940.3295866455622
0.6063335	0.0008061996	0.0006456542	940.3480990288608
0.6204758	0.0008184282	0.0006606934	940.3669360099557
0.6349477	0.0008310163	0.0006760829999999998	940.3855980700596
0.6497571	0.0008439751	0.000691831	940.4046293097592
0.6649117	0.0008573187	0.0007079458	940.4237142165404
0.6804196	0.0008710643	0.000724436	940.4428607910154
0.696289	0.000885219	0.0007413102	940.4621965271759
0.7125285	0.0008998009	0.0007585776000000001	940.4816341795487
0.7291465	0.000914823	0.0007762470999999999	940.5011922105732
0.746152	0.0009303016	0.0007943282	940.5209353010506
0.763554	0.0009462505	0.0008128305	940.5408021721624
0.7813617	0.0009626869	0.0008317638	940.5607540265639
0.7995845	0.0009796285	0.000851138	940.5808793638635
0.8182323	0.0009970903	0.0008709636	940.6011804626507
0.8373148	0.001015088	0.0008912509	940.6216453750567
0.8568422	0.001033644	0.0009120108	940.6421985353682
0.8768249	0.001052771	0.0009332543	940.6628729168459
0.8972736	0.001072492	0.0009549926	940.6838251940383
0.918199	0.001092826	0.0009772372	940.7049035791924
0.9396123	0.001113792	0.001	940.7260919999999
0.9615248	0.001135411	0.001023293	940.7473822258141
0.9839483000000001	0.001157703	0.001047129	940.7685232669519
1.006895	0.001180692	0.001071519	940.7912430857504
1.030376	0.001204401	0.0010964779999999997	940.8126756761195
1.054405	0.001228849	0.001122018	940.8350391883197
1.078994	0.001254065	0.001148154	940.8564225704914
1.104157	0.001280069	0.001174898	940.8791818523822
1.129906	0.001306894	0.001202264	940.9022427686433
1.16078	0.00132275	0.001235078	940.9144604632257
1.183219	0.001346557	0.001258925	940.9341755863138
1.210811	0.001376049	0.0012882500000000001	940.9563741509802
1.239047	0.001406466	0.0013182569999999998	940.9799955547363
1.267942	0.00143784	0.001348963	941.00419359167
1.29751	0.001470201	0.0013803839999999997	941.0281494134966
1.327767	0.001503579	0.0014125380000000003	941.0511993305665
1.35873	0.001538007	0.0014454399999999999	941.0753867334513
1.390415	0.001573518	0.001479108	941.0999859374704
1.422839	0.001610144	0.001513561	941.1243709371475
1.456019	0.001647922	0.001548817	941.148581142898
1.489973	0.001686887	0.0015848930000000002	941.1738754603623
1.524719	0.001727076	0.00162181	941.1990775738219
1.560275	0.001768526	0.0016595869999999997	941.2242479604867
1.59666	0.001811274	0.001698244	941.2494753404104
1.633894	0.001855364	0.0017378009999999998	941.2754187619872
1.671996	0.001900836	0.001778279	941.3015820352149
1.710986	0.00194773	0.0018197009999999997	941.3270257036733
1.750886	0.001996089	0.0018620869999999997	941.3534861690135
1.791717	0.002045964	0.001905461	941.3800460885843
1.833499	0.002097391	0.001949845	941.4063122966185
1.876257	0.002150423	0.0019952620000000003	941.4339685715461
1.920011	0.002205108	0.002041738	941.4607104339539
1.964786	0.002261495	0.0020892960000000005	941.4881831009104
2.010605	0.002319635	0.002137962	941.5156279671949
2.057492	0.002379577	0.002187762	941.5428081299519
2.105474	0.002441381	0.002238721	941.5712726150334
2.154574	0.002505096	0.002290868	941.599034077913
2.20482	0.00257078	0.002344229	941.6276225573524
2.256237	0.002638495	0.002398833	941.6560031481974
2.301204	0.002668723	0.002446585	941.6687844485273
2.362697	0.002750976	0.002511886	941.7019625890665
2.417796	0.002825259	0.0025703959999999995	941.730869095657
2.474181	0.002901822	0.0026302680000000003	941.7606198303748
2.53188	0.002980741	0.002691535	941.7899975292909
2.590926	0.003062081	0.0027542289999999995	941.8200451015512
2.651348	0.003145909	0.002818383	941.8499575820605
2.71318	0.003232301	0.0028840319999999995	941.8800835080888
2.776455	0.003321329	0.0029512089999999998	941.9110367988169
2.841205	0.003413069	0.0030199520000000002	941.9414841692849
2.907466	0.003507598	0.003090295	941.9727236396526
2.975272	0.003604995	0.0031622780000000006	942.0035161361524
3.04466	0.003705343	0.003235937	942.0348242255643
3.115667	0.003808728	0.0033113109999999995	942.066670270476
3.18833	0.003915228	0.003388442	942.0982351180867
3.262688	0.004024937	0.003467369	942.1301675708585
3.338781	0.004137945	0.0035481339999999997	942.1625409299648
3.416649	0.004254343	0.003630781	942.1949004911064
3.496333	0.004374226	0.003715352	942.2276075052915
3.577877	0.004497692	0.003801894	942.260539615255
3.661322	0.004624845	0.003890451	942.2935400034597
3.7467149999999996	0.004755782	0.0039810719999999996	942.3267858506451
3.834099	0.004890608	0.004073803	942.3601504540107
3.923522	0.005029431	0.004168694	942.3938123066841
4.015032	0.005172367	0.004265795	942.4279335973715
4.108676	0.005319531	0.004365158	942.461998168222
4.204505	0.005471035	0.004466836	942.4962176807029
4.302569	0.005626999	0.004570882	942.5305660920585
4.402922	0.005787548	0.004677350999999999	942.5654709257442
4.505616	0.005952815	0.004786301000000001	942.6003118065495
4.610706	0.006122923	0.004897788	942.6355168904821
4.718247	0.00629801	0.005011872	942.6707246314352
4.828298	0.006478212	0.005128614	942.706199374724
4.940916	0.006663677	0.005248075	942.7418009460611
5.056163	0.006854551	0.005370318	942.7779790693959
5.174097	0.007050987	0.005495408999999999	942.8138992020431
5.294784	0.007253135	0.005623413	942.850389078661
5.418287	0.007461169	0.005754399	942.8870276461538
5.544671	0.007675242	0.005888437	942.9236046849105
5.674004	0.007895537	0.006025596	942.9605863054874
5.806355	0.008122233	0.006165950000000001	942.9977915811837
5.941794	0.008355513	0.006309573000000001	943.0352122084964
6.080393	0.008595563	0.006456542	943.0727102836162
6.222227	0.008842591	0.006606933999999999	943.1106154534009
6.36737	0.009096805	0.00676083	943.1485194865129
6.5159	0.009358412	0.00691831	943.1867626631359
6.667895	0.00962764	0.007079458	943.2251226011933
6.823438	0.009904727	0.007244359999999999	943.2638255139171
6.98261	0.01018992	0.007413102000000001	943.3028063015995
7.145496	0.01048345	0.007585776	943.3417820404926
7.312184	0.01078561	0.007762471	943.3812519235177
7.482761	0.01109666	0.007943282	943.4208252961433
7.657319	0.01141689	0.008128305000000002	943.4606464693437
7.83595	0.01174662	0.008317638	943.5006212100118
8.01875	0.01208616	0.00851138	943.5410192001768
8.205816	0.01243585	0.008709636	943.5815515137486
8.397247	0.01279603	0.008912509	943.6223884879106
8.593146	0.01316708	0.009120108	943.663504862004
8.793617	0.0135494	0.009332543	943.7048830099149
8.998766	0.01394338	0.009549926	943.746514894461
9.208703	0.01434949	0.009772372	943.788518283995
9.42354	0.01476816	0.01	943.8308159999998
9.643391	0.01519989	0.01023293	943.8734448491292
9.868373	0.0156452	0.01047129	943.9160027083578
10.09861	0.01610465	0.01071519	943.9603637453001
10.33421	0.01657878	0.010964780000000002	944.0033251921151
10.57532	0.01706825	0.01122018	944.0479787311789
10.82205	0.01757369	0.01148154	944.0914450500544
11.07455	0.01809581	0.01174898	944.1369216732007
11.33293	0.01863534	0.01202264	944.1824208326956
11.59735	0.01919308	0.012302689999999998	944.2278948750234
11.86794	0.01976985	0.012589249999999998	944.2746668784877
12.14485	0.02036656	0.0128825	944.3210991655346
12.42822	0.02098417	0.013182570000000001	944.3685237400598
12.7182	0.02162368	0.01348963	944.4160944369859
13.01496	0.02228617	0.01380384	944.4651756322878
13.31864	0.02297282	0.01412538	944.5135507858904
13.62941	0.02368485	0.014454399999999997	944.5632367998672
13.94744	0.02442358	0.01479108	944.6141579925198
14.2729	0.02519041	0.01513561	944.6656203483044
14.60595	0.02598686	0.01548817	944.7169588143724
14.94678	0.02681453	0.01584893	944.7700589251135
15.29557	0.02767513	0.0162181	944.8236926643689
15.6525	0.02857048	0.01659587	944.8778810631803
16.01777	0.02950255	0.01698244	944.9332693064129
16.39157	0.03047343	0.01737801	944.9898711072213
16.7741	0.03148534	0.01778279	945.0477309803467
17.16556	0.03254067	0.01819701	945.1058536539794
19.2685	0.03356891	0.02042203	945.159169289243
19.71362	0.03472316	0.020892959999999995	945.2151901884654
20.17363	0.03594039	0.021379619999999995	945.272665744293
20.64438	0.03721237	0.02187762	945.3309989843502
21.12614	0.03854236	0.02238721	945.3916928460491
21.61914	0.03993383	0.02290868	945.4527205408605
22.12366	0.04139046	0.023442290000000005	945.5155814555659
22.63997	0.04291622	0.02398833	945.5800474647465
23.16834	0.0445153	0.02454709	945.6459115927795
23.70906	0.04619217	0.02511886	945.7137851797415
24.26241	0.04795161	0.025703960000000005	945.7827358119137
24.82869	0.04979869	0.02630268	945.8537567274515
25.40821	0.05173879	0.026915349999999998	945.9267217405682
26.00127	0.05377769	0.027542289999999997	946.0015013275948
26.60819	0.05592147	0.02818383	946.0783530840203
27.22931	0.05817664	0.02884032	946.1575544238067
27.86494	0.06055009	0.02951209	946.2389851074594
28.51544	0.06304915	0.030199519999999997	946.3226286378062
29.18115	0.06568159	0.030902949999999995	946.4090512394448
29.86242	0.0684557	0.03162278	946.4972940392969
30.55964	0.07138017	0.03235936999999999	946.5888912546816
31.27316	0.07446432	0.03311311	946.6831813743862
32.00338	0.07771794	0.03388442	946.7801998676679
32.75068	0.08115149	0.03467369	946.8802279192092
33.51548	0.08477594	0.03548134	946.9838495389406
34.29817	0.08860299	0.03630781	947.090253859982
35.09919	0.09264497	0.03715352	947.2005605390822
35.91896	0.09691487	0.03801894	947.3140195386825
36.75793	0.1014265	0.03890451	947.4314546051345
37.61655	0.1061944	0.039810719999999994	947.5524280897205
38.49528	0.1112339	0.04073803000000001	947.6774871048011
39.3946	0.1165612	0.041686940000000006	947.8067039701162
40.315	0.1221934	0.04265795	947.9403815701411
41.25697	0.1281485	0.04365158	948.0783627992389
42.22103	0.1344456	0.04466836	948.2209689364015
43.20769	0.1411047	0.04570882	948.3682733441817
44.2175	0.1481469	0.046773510000000004	948.5207952107935
45.25099	0.1555945	0.04786301	948.6779978944074
46.30874	0.163471	0.04897788	948.8408032360732
47.39131	0.1718011	0.05011871999999999	949.0088952790495
48.4993	0.1806108	0.05128614	949.1825822727153
49.6333	0.1899278	0.05248075000000001	949.3619622432986
50.79395	0.199781	0.05370318000000001	949.5476990375616
51.98187	0.2102012	0.054954090000000004	949.7395225723873
53.1977	0.2212206	0.05623413	949.9377086477554
54.44212	0.2328734	0.05754399	950.1425500734308
55.71581	0.245196	0.05888436999999999	950.3541601956513
57.01946	0.2582266	0.06025595999999999	950.5729657282036
58.35378	0.272006	0.061659500000000006	950.7989198744718
59.71952	0.2865773	0.06309573	951.0326182136255
61.11742	0.3019865	0.06456542	951.2740178875937
62.54825	0.3182824	0.06606934	951.5235417820127
64.0128	0.3355173	0.0676083	951.7813241865275
65.51187	0.3537469	0.06918309999999998	952.0477819004932
67.0463	0.3730309	0.07079458000000001	952.3233402896099
68.61693	0.3934335	0.0724436	952.6081461992502
70.22464	0.4150234	0.07413102	952.9028927431457
71.87031	0.4378751	0.07585776	953.2074912309565
73.55486	0.4620685	0.07762471	953.5227700045515
75.27923	0.4876904	0.07943282000000002	953.8490563472378
77.04438	0.5148349	0.08128304999999998	954.1868187771006
78.8513	0.543604	0.08317638	954.5366605279047
80.701	0.574109	0.08511379999999999	954.8993112750222
82.59451	0.606471	0.08709636	955.2750654562373
84.5329	0.6408227	0.08912508999999999	955.6649277997924
86.51727	0.6773087	0.09120108	956.069584921582
88.54874	0.7160882	0.09332543	956.4898677670169
90.62846	0.7573353	0.09549926	956.9267374427823
92.75761	0.8012418	0.09772372	957.3811946577556
94.93741	0.8480183	0.09999999999999999	957.854283
97.16912	0.8978966	0.1023293	958.3473804667872
99.454	0.9511327	0.1047129	958.8611594177986
101.7934	1.008008	0.1071519	959.3988347383482
104.1886	1.068834	0.1096478	959.9593790299485
106.6411	1.133952	0.1122018	960.5465509465979
109.1524	1.203741	0.1148154	961.1614905317579
111.7237	1.277711	0.11748980000000002	961.7976283898686
114.3568	1.356167	0.1202264	962.4588859019318
117.053	1.440037	0.1230269	963.1473848402261
119.8141	1.529994	0.1258925	963.8707150942273
122.6417	1.62671	0.128825	964.6296138171939
125.5375	1.730898	0.1318257	965.429335857879
128.5032	1.843323	0.1348963	966.2720400781933
131.5408	1.964819	0.1380384	967.1628981500799
134.652	2.096295	0.1412538	968.1034775701607
137.8389	2.238744	0.144544	969.1003708213415
141.1035	2.39325	0.1479108	970.157351592987
144.4479	2.560999	0.1513561	971.2783231068984
147.8743	2.743288	0.1548817	972.468587315351
151.3849	2.941531	0.1584893	973.7340691138139
154.9821	3.157272	0.162181	975.079522262164
158.6683	3.392194	0.16595869999999996	976.5109873721594
162.4461	3.648128	0.1698244	978.0351233391668
166.3181	3.927065	0.1737801	979.6585742556254
170.2871	4.231165	0.17782789999999998	981.3885503905743
174.356	4.562775	0.1819701	983.231723233652
178.5276	4.924429	0.18620869999999998	985.1957991221678
182.8053	5.318875	0.19054610000000002	987.2895587996815
187.1922	5.74907	0.19498450000000003	989.5210644948701
191.6917	6.218209	0.19952619999999996	991.8993545709787
196.3075	6.729724	0.2041738	994.4332916368311
201.0432	7.287304	0.20892960000000002	997.1325460825083
205.9028	7.894903	0.2137962	1000.007030059468
210.8904	8.556756	0.2187762	1003.0668601063553
216.0102	9.277386	0.22387210000000002	1006.3227441025479
221.2668	10.06162	0.2290868	1009.7850247155226
226.6649	10.91459	0.2344229	1013.4653653717278
232.2094	11.84176	0.23988330000000002	1017.3745316993721
237.9056	12.84892	0.24547090000000002	1021.5244250947871
243.759	13.94221	0.2511886	1025.9271718541368
249.7752	15.1281	0.25703960000000003	1030.5933404813889
255.9603	16.41344	0.2630268	1035.5360746509482
262.3206	17.80544	0.2691535	1040.766848656993
268.8628	19.31167	0.27542289999999997	1046.2981473218094
275.5939	20.94009	0.2818383	1052.1422744885988
282.5212	22.69904	0.2884032	1058.310864789295
289.6525	24.59725	0.29512089999999996	1064.8169953398758
296.9957	26.64383	0.3019952	1071.6711060308241
304.5595	28.84832	0.30902949999999996	1078.8867082268846
312.3528	31.22063	0.31622780000000006	1086.4744655593215
320.3849	33.7711	0.3235937	1094.4465235262614
328.6656	36.51048	0.3311311	1102.8142025922662
337.2042	39.23176	0.3388442	1110.9411345981428
346.0014	41.71985	0.3467369	1118.2001396447854
355.0618	44.24768	0.35481339999999995	1125.4069885748397
364.393	46.8655	0.3630781	1132.6998240874345
374.0039	49.59754	0.3715352	1140.1381080446752
383.9035	52.38609	0.3801894	1147.5585326681912
394.0975	55.11349	0.3890451	1154.6501678083082
404.5934	57.9141	0.39810719999999994	1161.766227789902
415.4	60.81419	0.40738030000000003	1168.9671542782014
426.5276	63.87291	0.41686940000000006	1176.38884024589
437.9876	67.10739	0.4265795	1184.0582822193753
449.7922	70.53074	0.43651579999999995	1191.9910802770485
461.9537	74.15509	0.4466836	1200.1980596556489
474.4854	77.99235	0.45708819999999994	1208.6895920743525
487.4009	82.05461	0.4677351	1217.47439950519
500.7146	86.35422	0.47863009999999995	1226.5605944966687
514.4415	90.90394	0.48977880000000007	1235.956803356944
528.5971	95.71696	0.5011872	1245.6704002017607
543.1978	100.807	0.5128614	1255.7092423021113
558.2604	106.1883	0.5248075	1266.0808010556252
573.8028	111.8758	0.5370318	1276.7932923152784
589.8434	117.8848	0.5495409000000001	1287.8535519376264
606.4014	124.2315	0.5623413	1299.2695005684268
623.4971	130.9326	0.5754399	1311.0486429599339
641.1514	138.0058	0.5888437	1323.1986688487964
659.3861	145.4693	0.6025596	1335.7274533506727
678.2241	153.3421	0.616595	1348.6424638539072
697.6892	161.6443	0.6309573	1361.9519102164281
717.8063	170.3965	0.6456542000000001	1375.6633194672938
738.6013	179.6204	0.6606934	1389.784883578374
760.1012	189.3388	0.6760829999999999	1404.3246169479191
782.3342	199.5753	0.6918310000000001	1419.2909829134571
805.3298	210.3546	0.7079458	1434.6923168412045
829.1187	221.7025	0.724436	1450.536969449337
853.7328	233.646	0.7413102	1466.8337222393538
879.2057	246.2132	0.7585776	1483.5909997869696
905.5722	259.4336	0.7762471	1500.818231720286
932.8686	273.3379	0.7943282	1518.524081104007
959.6102014088339	287.17055232387054	0.8118337151461974	1535.7376421491115
1365.764487677957	287.17126879388866	1.0765909005117709	1535.7382490761343
1368.4728862179427	288.17776669501507	1.0780764313511035	1536.67273
1371.3749470045232	289.25678689772815	1.0799643522989781	1537.67273
1374.2823880939463	290.3376961564379	1.0818545437211877	1538.67273
1377.195217504931	291.42049674274836	1.0837470078772384	1539.67273
1380.1134432629751	292.50519093052344	1.0856417470266373	1540.67273
1383.0370734003552	293.5917809958861	1.0875387634288902	1541.67273
1385.9661159561274	294.68026921721867	1.0894380593435045	1542.67273
1388.9005789761231	295.7706578751636	1.0913396370299853	1543.67273
1391.8404705129547	296.86294925262257	1.0932434987478397	1544.67273
1394.7857986260137	297.9571456347561	1.0951496467565742	1545.67273
1397.7365713814686	299.05324930898564	1.0970580833156955	1546.67273
1400.6927968522664	300.15126256499104	1.0989688106847093	1547.67273
1403.6544831181332	301.2511876947116	1.1008818311231223	1548.67273
1406.6216382655748	302.3530269923467	1.1027971468904414	1549.67273
1409.5942703878723	303.45678275435534	1.1047147602461724	1550.67273
1412.5723875850886	304.56245727945486	1.1066346734498218	1551.67273
1415.5559979640634	305.67005286862377	1.1085568887608963	1552.67273
1418.5451096384156	306.7795718250991	1.1104814084389025	1553.67273
1421.5397307285416	307.8910164543771	1.1124082347433462	1554.67273
1424.5398693616185	309.00438906421425	1.1143373699337344	1555.67273
1427.5455336715986	310.11969196462667	1.1162688162695733	1556.67273
1430.5567317992154	311.2369274678887	1.118202576010369	1557.67273
1433.5734718919805	312.3560978885356	1.1201386514156284	1558.67273
1436.595762104183	313.4772055433616	1.1220770447448578	1559.67273
1439.6236105968924	314.6002527514198	1.124017758257564	1560.67273
1442.6570255379543	315.725241834024	1.1259607942132526	1561.67273
1445.696015101994	316.8521751147473	1.1279061548714304	1562.67273
1448.740587470416	317.981054919421	1.1298538424916043	1563.67273
1451.7907508314017	319.11188357613753	1.13180385933328	1564.67273
1454.8465133799125	320.24466341524794	1.1337562076559642	1565.67273
1457.9078833176877	321.37939676936287	1.1357108897191635	1566.67273
1460.9748688532454	322.5160859733528	1.1376679077823841	1567.67273
1464.0474782018819	323.6547333643475	1.1396272641051326	1568.67273
1467.1257195856724	324.7953412817359	1.1415889609469154	1569.67273
1470.209601233469	325.93791206716753	1.1435530005672387	1570.67273
1473.2991313809057	327.0824480645499	1.1455193852256096	1571.67273
1476.394318270391	328.22895162005125	1.1474881171815337	1572.67273
1479.4951701511154	329.3774250820985	1.1494591986945175	1573.67273
1482.601695279046	330.527870801379	1.1514326320240682	1574.67273
1485.7139019169279	331.68029113083867	1.1534084194296912	1575.67273
1488.8317983342868	332.83468842568357	1.1553865631708937	1576.67273
1491.9553928074258	333.99106504337885	1.157367065507182	1577.67273
1495.0846936194257	335.14942334364946	1.159349928698062	1578.67273
1498.2197090601471	336.3097656884796	1.1613351550030409	1579.67273
1501.3604474262283	337.4720944421134	1.1633227466816245	1580.67273
1504.5069170210875	338.6364119710538	1.1653127059933197	1581.67273
1507.6591261549188	339.8027206440646	1.1673050351976326	1582.67273
1510.8170831446969	340.9710228321668	1.1692997365540694	1583.67273
1513.9807963141757	342.14132090864314	1.1712968123221372	1584.67273
1517.150273993886	343.3136172490349	1.1732962647613425	1585.67273
1520.3255245211362	344.48791423114255	1.1752980961311907	1586.67273
1523.5065562400152	345.6642142350272	1.177302308691189	1587.67273
1526.6933775013906	346.8425196430085	1.1793089047008436	1588.67273
1529.8859966629072	348.02283283966517	1.1813178864196612	1589.67273
1533.084422088989	349.2051562118369	1.1833292561071478	1590.67273
1536.2886621508374	350.38949214862225	1.1853430160228098	1591.67273
1539.4987252264345	351.5758430413788	1.1873591684261544	1592.67273
1542.7146197005393	352.7642112837236	1.1893777155766874	1593.67273
1545.9363539646895	353.9545992715342	1.1913986597339152	1594.67273
1549.1639364172017	355.1470094029469	1.1934220031573444	1595.67273
1552.3973754631706	356.3414440783573	1.1954477481064814	1596.67273
1555.6366795144695	357.53790570042156	1.1974758968408323	1597.67273
1558.8818569897508	358.73639667405416	1.199506451619904	1598.67273
1562.1329163144455	359.9369194064294	1.201539414703203	1599.67273
1565.3898659207623	361.13947630698146	1.2035747883502355	1600.67273
1568.6527142476875	362.34406978740435	1.2056125748205078	1601.67273
1571.9214697409884	363.55070226165026	1.207652776373526	1602.67273
1575.1961408532097	364.75937614593204	1.2096953952687977	1603.67273
1578.476736043674	365.9700938587216	1.2117404337658282	1604.67273
1581.7632637784827	367.18285782075066	1.2137878941241242	1605.67273
1585.055732530517	368.39767045501014	1.2158377786031926	1606.67273
1588.3541507794346	369.61453418675046	1.2178900894625393	1607.67273
1591.6585270116725	370.83345144348175	1.219944828961671	1608.67273
1594.968869720447	372.0544246549738	1.222001999360094	1609.67273
1598.285187405752	373.2774562532553	1.2240616029173148	1610.67273
1601.60748857436	374.5025486726147	1.2261236418928394	1611.67273
1604.9357817398238	375.72970434960007	1.2281881185461752	1612.67273
1608.2700754224704	376.95892572301943	1.2302550351368273	1613.67273
1611.610378149412	378.1902152339393	1.2323243939243038	1614.67273
1614.9566984545313	379.42357532568656	1.2343961971681094	1615.67273
1618.3090448784951	380.6590084438475	1.2364704471277517	1616.67273
1621.6674259687484	381.8965170362675	1.2385471460627366	1617.67273
1625.0318502795124	383.1361035530515	1.2406262962325707	1618.67273
1628.4023263717886	384.3777704465639	1.2427078998967604	1619.67273
1631.7788628133562	385.62152017142944	1.2447919593148122	1620.67273
1635.1614681787732	386.8673551845312	1.2468784767462326	1621.67273
1638.5501510493755	388.11527794501285	1.2489674544505276	1622.67273
1641.9449200132785	389.36529091427633	1.251058894687204	1623.67273
1645.3457836653763	390.61739655598444	1.2531527997157683	1624.67273
1648.7527506073397	391.87159733605824	1.2552491717957268	1625.67273
1652.1658294476192	393.1278957226797	1.2573480131865853	1626.67273
1655.5850288014453	394.3862941862883	1.2594493261478512	1627.67273
1659.0103572908242	395.6467951995852	1.2615531129390305	1628.67273
1662.4418235445432	396.90940123752944	1.2636593758196302	1629.67273
1665.879436198165	398.1741147773406	1.2657681170491553	1630.67273
1669.323203894035	399.44093829849726	1.267879338887114	1631.67273
1672.7731352812734	400.7098742827376	1.2699930435930114	1632.67273
1676.2292390157809	401.98092521405897	1.2721092334263544	1633.67273
1679.6915237602343	403.2540935787192	1.274227910646649	1634.67273
1683.1599981840943	404.52938186523477	1.2763490775134025	1635.67273
1686.6346709635936	405.8067925643817	1.2784727362861208	1636.67273
1690.1155507817487	407.08632816919555	1.2805988892243105	1637.67273
1693.602646328351	408.36799117497185	1.282727538587478	1638.67273
1697.0959662999712	409.6517840792653	1.284858686635129	1639.67273
1700.5955193999603	410.9377093818903	1.286992335626771	1640.67273
1704.1013143384469	412.22576958492016	1.28912848782191	1641.67273
1707.613359832337	413.5159671926883	1.2912671454800526	1642.67273
1711.131664605316	414.8083047117876	1.2934083108607048	1643.67273
1714.6562373878478	416.10278465107024	1.2955519862233733	1644.67273
1718.187086917174	417.3994095216483	1.2976981738275644	1645.67273
1721.7242219373184	418.69818183689233	1.299846875932785	1646.67273
1725.267651199077	419.99910411243377	1.3019980947985408	1647.67273
1728.8173834600295	421.30217886616276	1.3041518326843389	1648.67273
1732.3734274845315	422.6074086182291	1.3063080918496852	1649.67273
1735.9357920437192	423.91479589104176	1.3084668745540862	1650.67273
1739.5044859155055	425.22434320927005	1.3106281830570488	1651.67273
1743.0795178845815	426.536053099842	1.312792019618079	1652.67273
1746.660896742419	427.84992809194546	1.3149583864966827	1653.67273
1750.248631287268	429.16597071702756	1.317127285952368	1654.67273
1753.8427303241533	430.4841835087956	1.3192987202446396	1655.67273
1757.4432026648815	431.80456900321576	1.3214726916330044	1656.67273
1761.0500571280404	433.1271297385134	1.3236492023769697	1657.67273
1764.6633025389892	434.45186825517465	1.3258282547360407	1658.67273
1768.282947729872	435.7787870959438	1.3280098509697245	1659.67273
1771.909001539609	437.1078888058254	1.330193993337528	1660.67273
1775.5414728138965	438.4391759320837	1.3323806840989563	1661.67273
1779.180370405215	439.7726510242411	1.334569925513517	1662.67273
1782.8257031728176	441.10831663408146	1.3367617198407158	1663.67273
1786.4774799827396	442.44617531564666	1.3389560693400595	1664.67273
1790.135709707794	443.7862296252388	1.3411529762710546	1665.67273
1793.8004012275705	445.1284821214193	1.3433524428932067	1666.67273
1797.4715634284416	446.4729353650089	1.3455544714660237	1667.67273
1801.1492052035546	447.819591919088	1.347759064249011	1668.67273
1804.833335452835	449.16845434899676	1.349966223501675	1669.67273
1808.5239630829892	450.51952522233444	1.3521759514835225	1670.67273
1812.2210970075025	451.87280710895993	1.35438825045406	1671.67273
1815.9247461466346	453.2283025809919	1.3566031226727935	1672.67273
1819.6349194274283	454.5860142128081	1.3588205703992298	1673.67273
1823.3516257837023	455.9459445810461	1.3610405958928753	1674.67273
1827.0748741560556	457.30809626460257	1.3632632014132364	1675.67273
1830.8046734918616	458.67247184463463	1.3654883892198189	1676.67273
1834.541032745279	460.03907390455754	1.36771616157213	1677.67273
1838.2839608772392	461.40790503004746	1.369946520729676	1678.67273
1842.033466855456	462.7789678090387	1.3721794689519633	1679.67273
1845.789559654418	464.1522648317257	1.374415008498498	1680.67273
1849.552248255396	465.52779869056326	1.376653141628787	1681.67273
1853.3215416464363	466.9055719802644	1.3788938706023366	1682.67273
1857.0974488223655	468.28558729780207	1.381137197678653	1683.67273
1860.8799787847877	469.66784724240904	1.3833831251172426	1684.67273
1864.6691405420868	471.0523544155774	1.3856316551776122	1685.67273
1868.464943109424	472.4391114210581	1.3878827901192676	1686.67273
1872.267395508739	473.8281208648632	1.3901365322017156	1687.67273
1876.076506768753	475.21938535526215	1.3923928836844632	1688.67273
1879.892285924961	476.61290750278533	1.3946518468270162	1689.67273
1883.7147420196386	478.00868992022265	1.3969134238888807	1690.67273
1887.5438841018422	479.4067352226226	1.3991776171295642	1691.67273
1891.3797212274021	480.8070460272943	1.4014444288085721	1692.67273
1895.2222624589308	482.2096249538057	1.4037138611854112	1693.67273
1899.0715168658176	483.61447462398417	1.4059859165195878	1694.67273
1902.9274935242317	485.021597661917	1.4082605970706084	1695.67273
1906.790201517119	486.4309966939509	1.4105379050979796	1696.67273
1910.659649934207	487.8426743486916	1.4128178428612082	1697.67273
1914.5358478719972	489.25663325700486	1.4151004126197997	1698.67273
1918.418804433772	490.6728760520159	1.417385616633261	1699.67273
1922.3085287295935	492.0914053691097	1.4196734571610983	1700.67273
1926.2050298763008	493.5122238459295	1.4219639364628183	1701.67273
1930.1083169975127	494.9353341223796	1.4242570567979276	1702.67273
1934.0183992236236	496.3607388406232	1.426552820425932	1703.67273
1937.9352856918113	497.78844064508246	1.4288512296063383	1704.67273
1941.8589855460273	499.21844218243973	1.431152286598653	1705.67273
1945.7895079370046	500.65074610163674	1.4334559936623827	1706.67273
1949.7268620222533	502.08535505387476	1.4357623530570334	1707.67273
1953.6710569660625	503.52227169261437	1.4380713670421117	1708.67273
1957.6221019395007	504.96149867357565	1.440383037877124	1709.67273
1961.5800061204136	506.4030386547381	1.442697367821577	1710.67273
1965.5447786934246	507.8468942963416	1.4450143591349767	1711.67273
1969.5164288499373	509.2930682608844	1.4473340140768294	1712.67273
1973.4949657881346	510.74156321312466	1.449656334906642	1713.67273
1977.4803987129771	512.1923818200804	1.4519813238839212	1714.67273
1981.472736836202	513.6455267510286	1.4543089832681728	1715.67273
1985.4719893763263	515.1010006775057	1.456639315318903	1716.67273
1989.478165558647	516.5588062733084	1.458972322295619	1717.67273
1993.491274615239	518.0189462144922	1.461308006457827	1718.67273
1997.5113257849532	519.4814231793721	1.4636463700650328	1719.67273
2001.5383283134222	520.9462398485236	1.4659874153767438	1720.67273
2005.5722914530554	522.4133989047804	1.4683311446524658	1721.67273
2009.6132244630412	523.8829030332363	1.4706775601517053	1722.67273
2013.6611366093466	525.3547549212445	1.4730266641339689	1723.67273
2017.716037164717	526.8289572584183	1.4753784588587628	1724.67273
2021.7779354086767	528.3055127366295	1.477732946585594	1725.67273
2025.846840627527	529.78442405001	1.480090129573968	1726.67273
2029.9227621143498	531.2656938949511	1.4824500100833917	1727.67273
2034.005709169005	532.7493249701038	1.484812590373372	1728.67273
2038.09569109813	534.2353199763778	1.4871778727034146	1729.67273
2042.1927172151404	535.7236816169437	1.4895458593330262	1730.67273
2046.296796840233	537.2144125972301	1.491916552521713	1731.67273
2050.4079393003803	538.7075156249268	1.494289954528982	1732.67273
2054.526153929335	540.2029934099809	1.4966660676143393	1733.67273
2058.6514500676262	541.7008486646012	1.4990448940372907	1734.67273
2062.7838370625664	543.2010841032545	1.501426436057344	1735.67273
2066.92332426824	544.703702442668	1.5038106959340045	1736.67273
2071.069921045514	546.2087064018278	1.506197675926779	1737.67273
2075.2236367620326	547.7160987019802	1.508587378295174	1738.67273
2079.384480792221	549.2258820666299	1.510979805298696	1739.67273
2083.552462517279	550.7380592215425	1.513374959196851	1740.67273
2087.7275913251865	552.2526328947419	1.5157728422491454	1741.67273
2091.909876610705	553.769605816512	1.5181734567150866	1742.67273
2096.0993277753696	555.2889807193964	1.5205768048541801	1743.67273
2100.2959542274943	556.8107603381981	1.522982888925932	1744.67273
2104.4997653821774	558.3349474099792	1.5253917111898498	1745.67273
2108.71077066129	559.8615446740616	1.5278032739054397	1746.67273
2112.9289794934843	561.3905548720269	1.5302175793322077	1747.67273
2117.1544013141875	562.9219807477164	1.53263462972966	1748.67273
2121.3870455656106	564.4558250472295	1.5350544273573037	1749.67273
2125.6269216967403	565.9920905189271	1.5374769744746453	1750.67273
2129.87403916334	567.5307799134287	1.53990227334119	1751.67273
2134.1284074279556	569.0718959836125	1.5423303262164456	1752.67273
2138.3900359599093	570.6154414846176	1.544761135359918	1753.67273
2142.6589342353013	572.1614191738416	1.5471947030311135	1754.67273
2146.9351117370124	573.7098318109422	1.549631031489539	1755.67273
2151.2185779547	575.2606821578362	1.5520701229947003	1756.67273
2155.5093423848	576.8139729787002	1.5545119798061042	1757.67273
2159.8074145305272	578.3697070399703	1.5569566041832568	1758.67273
2164.1128039018768	579.9278871103421	1.5594039983856651	1759.67273
2168.425520015621	581.4885159607697	1.5618541646728354	1760.67273
2172.745572395308	583.0515963644688	1.5643071053042734	1761.67273
2177.0729705712693	584.6171310969128	1.5667628225394865	1762.67273
2181.407724080611	586.1851229358357	1.5692213186379804	1763.67273
2185.7498424672212	587.7555746612301	1.5716825958592624	1764.67273
2190.0993352817627	589.3284890553482	1.5741466564628377	1765.67273
2194.4562120816786	590.9038689027032	1.5766135027082135	1766.67273
2198.8204824311924	592.4817169900654	1.5790831368548963	1767.67273
2203.1921559013035	594.0620361064666	1.5815555611623922	1768.67273
2207.57124206979	595.6448290431969	1.5840307778902074	1769.67273
2211.957750521209	597.2300985938068	1.5865087892978484	1770.67273
2216.351690846899	598.8178475541062	1.588989597644823	1771.67273
2220.7530726449727	600.4080787221628	1.5914732051906364	1772.67273
2225.1619055203214	602.0007948983064	1.5939596141947943	1773.67273
2229.578199084618	603.5959988851248	1.5964488269168045	1774.67273
2234.001962956312	605.1936934874659	1.598940845616173	1775.67273
2238.4332067606333	606.7938815124362	1.6014356725524062	1776.67273
2242.871940129586	608.3965657694029	1.6039333099850102	1777.67273
2247.318172701959	610.0017490699913	1.6064337601734922	1778.67273
2251.771914123313	611.6094342280879	1.6089370253773574	1779.67273
2256.2331740459913	613.2196240598377	1.6114431078561129	1780.67273
2260.7019621291165	614.8323213836452	1.613952009869266	1781.67273
2265.1782880385863	616.4475290201742	1.6164637336763215	1782.67273
2269.6621614470805	618.0652497923488	1.618978281536787	1783.67273
2274.1535920340534	619.6854865253524	1.621495655710168	1784.67273
2278.6525894857423	621.3082420466268	1.6240158584559723	1785.67273
2283.15916349516	622.9335191858747	1.626538892033705	1786.67273
2287.6733237620992	624.5613207750578	1.6290647587028733	1787.67273
2292.1950799931283	626.1916496483975	1.631593460722983	1788.67273
2296.7244419016	627.8245086423739	1.6341250003535417	1789.67273
2301.2614192076376	629.4599005957281	1.6366593798540539	1790.67273
2305.806021638152	631.0978283494586	1.639196601484028	1791.67273
2310.358258926825	632.7382947468253	1.6417366675029692	1792.67273
2314.91814081412	634.3813026333478	1.6442795801703847	1793.67273
2319.4856770472793	636.0268548568026	1.6468253417457799	1794.67273
2324.060877380324	637.6749542672281	1.6493739544886625	1795.67273
2328.6437515740513	639.3256037169223	1.6519254206585379	1796.67273
2333.234309396039	640.9788060604409	1.6544797425149127	1797.67273
2337.832560620645	642.6345641546006	1.6570369223172943	1798.67273
2342.438515029	644.2928808584772	1.6595969623251874	1799.67273
2347.05218240902	645.9537590334058	1.6621598647981002	1800.67273
2351.673572555394	647.6172015429815	1.6647256319955375	1801.67273
2356.302695269593	649.2832112530583	1.667294266177007	1802.67273
2360.9395603598678	650.95179103175	1.6698657696020152	1803.67273
2365.584177641241	652.62294374943	1.672440144530067	1804.67273
2370.236556935519	654.2966722787311	1.6750173932206698	1805.67273
2374.896708071289	655.9729794945453	1.6775975179333307	1806.67273
2379.5646408839116	657.651868274025	1.6801805209275555	1807.67273
2384.2403652155263	659.333341496581	1.68276640446285	1808.67273
2388.923890915056	661.0174020438837	1.6853551707987222	1809.67273
2393.615227838195	662.7040527998652	1.687946822194677	1810.67273
2398.3143858474223	664.3932966507132	1.6905413609102211	1811.67273
2403.0213748119922	666.0851364848785	1.6931387892048615	1812.67273
2407.7362046079384	667.7795751930693	1.695739109338104	1813.67273
2412.458885118074	669.4766156682539	1.698342323569456	1814.67273
2417.189426231988	671.1762608056606	1.7009484341584227	1815.67273
2421.9278378460513	672.8785135027765	1.7035574433645115	1816.67273
2426.6741298634097	674.5833766593485	1.7061693534472284	1817.67273
2431.428312193991	676.2908531773829	1.7087841666660797	1818.67273
2436.1903947544993	678.0009459611462	1.711401885280572	1819.67273
2440.9603874684167	679.713657917163	1.7140225115502115	1820.67273
2445.738300266009	681.428991954218	1.7166460477345056	1821.67273
2450.5241430843125	683.1469509833564	1.7192724960929595	1822.67273
2455.317925867147	684.8675379178819	1.72190185888508	1823.67273
2460.1196585651096	686.5907556733576	1.7245341383703736	1824.67273
2464.929351135578	688.3166071676068	1.7271693368083474	1825.67273
2469.7470135427043	690.0450953207118	1.7298074564585064	1826.67273
2474.572655757422	691.7762230550145	1.7324484995803577	1827.67273
2479.4062877574443	693.5099932951161	1.7350924684334088	1828.67273
2484.24791952726	695.2464089678781	1.737739365277165	1829.67273
2489.097561058136	696.9854730024205	1.7403891923711323	1830.67273
2493.9552223481196	698.7271883301233	1.7430419519748177	1831.67273
2498.820913402039	700.4715578846266	1.7456976463477283	1832.67273
2503.694644231496	702.2185846018285	1.7483562777493695	1833.67273
2508.576424854873	703.968271419888	1.751017848439248	1834.67273
2513.466265297332	705.7206212792232	1.7536823606768701	1835.67273
2518.364175590813	707.4756371225106	1.7563498167217433	1836.67273
2523.2701657740317	709.2333218946886	1.7590202188333721	1837.67273
2528.184245892488	710.9936785429528	1.761693569271265	1838.67273
2533.106425998455	712.7567100167596	1.764369870294927	1839.67273
2538.0367161509857	714.5224192678245	1.7670491241638648	1840.67273
2542.9751264159127	716.2908092501223	1.7697313331375848	1841.67273
2547.92166686585	718.0618829198876	1.7724164994755947	1842.67273
2552.876347580182	719.8356432356146	1.7751046254373988	1843.67273
2557.8391786450793	721.6120931580573	1.7777957132825053	1844.67273
2562.810170153486	723.3912356502276	1.780489765270419	1845.67273
2567.789332205129	725.1730736773989	1.7831867836606479	1846.67273
2572.7766749065104	726.957610207103	1.7858867707126973	1847.67273
2577.7722083709127	728.7448482091314	1.7885897286860744	1848.67273
2582.7759427183964	730.5347906555354	1.7912956598402854	1849.67273
2587.7878880758	732.3274405206254	1.7940045664348365	1850.67273
2592.8080545767407	734.1228007809716	1.7967164507292346	1851.67273
2597.8364523616137	735.9208744154037	1.7994313149829853	1852.67273
2602.873091577594	737.7216644050104	1.8021491614555956	1853.67273
2607.917982378635	739.5251737331406	1.8048699924065719	1854.67273
2612.9711349254676	741.331405385403	1.8075938100954207	1855.67273
2618.032559385602	743.1403623496641	1.8103206167816477	1856.67273
2623.1022659333275	744.9520476160517	1.813050414724761	1857.67273
2628.1802647497097	746.7664641769525	1.8157832061842658	1858.67273
2633.2665660225935	748.583615027012	1.8185189934196677	1859.67273
2638.3611799466044	750.4035031631366	1.8212577786904744	1860.67273
2643.4641167231453	752.2261315844916	1.8239995642561926	1861.67273
2648.5753865603956	754.0515032925006	1.8267443523763276	1862.67273
2653.6949996733156	755.8796212908487	1.8294921453103865	1863.67273
2658.822966283645	757.7104885854794	1.832242945317876	1864.67273
2663.959296619898	759.5441081845956	1.8349967546583017	1865.67273
2669.1040009173726	761.38048309866	1.837753575591171	1866.67273
2674.2570894181385	763.2196163403952	1.840513410375989	1867.67273
2679.4185723710516	765.0615109247825	1.8432762612722635	1868.67273
2684.5884600317395	766.9061698690632	1.8460421305394998	1869.67273
2689.7667626626153	768.7535961927383	1.848811020437206	1870.67273
2694.9534905328637	770.6037929175682	1.851582933224887	1871.67273
2700.148653918451	772.4567630675712	1.8543578711620488	1872.67273
2705.352263102122	774.3125096690284	1.857135836508199	1873.67273
2710.564328373403	776.1710357504775	1.8599168315228443	1874.67273
2715.784860028592	778.0323443427167	1.8627008584654898	1875.67273
2721.013868370772	779.8964384788042	1.8654879195956429	1876.67273
2726.2513637098	781.7633211940572	1.8682780171728102	1877.67273
2731.4973563623134	783.632995526052	1.8710711534564963	1878.67273
2736.7518566517297	785.5054645146255	1.8738673307062104	1879.67273
2742.0148749082437	787.3807312018729	1.8766665511814578	1880.67273
2747.286421468825	789.2587986321498	1.8794688171417435	1881.67273
2752.566506677229	791.1396698520709	1.8822741308465758	1882.67273
2757.855140883981	793.0233479105111	1.8850824945554592	1883.67273
2763.152334446395	794.9098358586035	1.8878939105279027	1884.67273
2768.458097728555	796.799136749741	1.8907083810234113	1885.67273
2773.772441101327	798.6912536395774	1.8935259083014915	1886.67273
2779.0953749423543	800.5861895860246	1.896346494621649	1887.67273
2784.4269096360604	802.4839476492548	1.8991701422433918	1888.67273
2789.767055573646	804.3845308916987	1.901996853426225	1889.67273
2795.1158231530917	806.2879423780472	1.9048266304296562	1890.67273
2800.4732227791533	808.1941851752512	1.9076594755131902	1891.67273
2805.8392648633694	810.1032623525201	1.9104953909363347	1892.67273
2811.2139598240556	812.0151769813235	1.9133343789585961	1893.67273
2816.597318086304	813.9299321353903	1.91617644183948	1894.67273
2821.9893500819876	815.8475308907086	1.919021581838494	1895.67273
2827.3900662497567	817.7679763255265	1.9218698012151434	1896.67273
2832.7994770350406	819.691271520351	1.9247211022289348	1897.67273
2838.217592890048	821.6174195579503	1.9275754871393758	1898.67273
2843.6444242737653	823.546423523349	1.9304329582059714	1899.67273
2849.0799816519548	825.4782865038339	1.9332935176882284	1900.67273
2854.524275497162	827.4130115889504	1.9361571678456537	1901.67273
2859.97731628871	829.3506018705035	1.939023910937754	1902.67273
2865.4391145126947	831.2910604425573	1.941893749224034	1903.67273
2870.909680661999	833.2343904014361	1.9447666849640017	1904.67273
2876.3890252362808	835.1805948457231	1.947642720417164	1905.67273
2881.877158741972	837.1296768762611	1.9505218578430255	1906.67273
2887.3740916922907	839.0816395961533	1.9534040995010942	1907.67273
2892.8798346072263	841.0364861107606	1.9562894476508748	1908.67273
2898.3943980135555	842.994219527705	1.9591779045518762	1909.67273
2903.917792444824	844.954842956868	1.9620694724636027	1910.67273
2909.4500284413607	846.9183595103891	1.964964153645561	1911.67273
2914.9911165502735	848.8847723026688	1.967861950357259	1912.67273
2920.541067325449	850.8540844503668	1.9707628648582018	1913.67273
2926.09989132755	852.8262990724014	1.9736668994078956	1914.67273
2931.66759912402	854.8014192899519	1.9765740562658485	1915.67273
2937.2442012890774	856.7794482264559	1.979484337691565	1916.67273
2942.8297084037254	858.7603890076109	1.9823977459445523	1917.67273
2948.4241310557404	860.7442447613739	1.9853142832843174	1918.67273
2954.027479839679	862.7310186179616	1.9882339519703656	1919.67273
2959.6397653568774	864.7207137098497	1.9911567542622042	1920.67273
2965.260998215449	866.713333171774	1.99408269241934	1921.67273
2970.8911890302843	868.70888014073	1.9970117687012776	1922.67273
2976.5303484230562	870.7073577559715	1.9999439853675256	1923.67273
2982.1784870222127	872.7087691590134	2.0028793446775888	1924.67273
2987.8356154629823	874.7131174936283	2.005817848890975	1925.67273
2993.501744387371	876.7204059058494	2.008759500267189	1926.67273
2999.176884444164	878.7306375439701	2.0117043010657385	1927.67273
3004.8610462889246	880.7438155585418	2.0146522535461298	1928.67273
3010.5542405839933	882.7599431023759	2.017603359967868	1929.67273
3016.2564779984928	884.7790233305443	2.020557622590462	1930.67273
3021.9677692083196	886.801059400377	2.0235150436734157	1931.67273
3027.688124896153	888.8260544714643	2.0264756254762375	1932.67273
3033.417555751447	890.8540117056561	2.029439370258432	1933.67273
3039.15607247044	892.8849342670608	2.032406280279508	1934.67273
3044.90368575614	894.9188253220477	2.0353763577989694	1935.67273
3050.660406318342	896.9556880392447	2.0383496050763243	1936.67273
3056.4262448736145	898.9955255895395	2.0413260243710782	1937.67273
3062.2012121453063	901.0383411460793	2.0443056179427384	1938.67273
3067.985318863542	903.0841378842704	2.0472883880508093	1939.67273
3073.778575765234	905.1329189817795	2.050274336954801	1940.67273
3079.580993594061	907.1846876185316	2.053263466914217	1941.67273
3085.3925831004835	909.2394469767128	2.0562557801885637	1942.67273
3091.21335504175	911.2972002407669	2.0592512790373494	1943.67273
3097.043320181875	913.3579505973989	2.0622499657200795	1944.67273
3102.8824892916577	915.4217012355714	2.0652518424962603	1945.67273
3108.7308731486714	917.488455346509	2.0682569116253973	1946.67273
3114.5884825372777	919.558216123693	2.0712651753669986	1947.67273
3120.4553282486063	921.6309867628668	2.0742766359805698	1948.67273
3126.331421080571	923.7067704620317	2.077291295725618	1949.67273
3132.216771837863	925.7855704214485	2.0803091568616487	1950.67273
3138.111391331949	927.8673898436389	2.0833302216481693	1951.67273
3144.0152903810804	929.9522319333817	2.086354492344686	1952.67273
3149.92847981028	932.0400998977177	2.0893819712107042	1953.67273
3155.8509704513535	934.130996945946	2.0924126605057305	1954.67273
3161.782773142886	936.2249262896257	2.095446562489273	1955.67273
3167.723898730238	938.3218911425738	2.098483679420836	1956.67273
3173.674358065551	940.4218947208699	2.101524013559928	1957.67273
3179.6341620077424	942.5249402428497	2.104567567166053	1958.67273
3185.603321422511	944.6310309291105	2.10761434249872	1959.67273
3191.5818471823322	946.7401700025086	2.110664341817434	1960.67273
3197.56975016646	948.8523606881606	2.113717567381701	1961.67273
3203.567041260929	950.9676062134406	2.116774021451029	1962.67273
3209.5737313585482	953.0859098079839	2.119833706284923	1963.67273
3215.589831358909	955.207274703685	2.1228966241428893	1964.67273
3221.6153521683805	957.3317041346979	2.1259627772844354	1965.67273
3227.65030470011	959.4592013374349	2.1290321679690676	1966.67273
3233.6946998740227	961.5897695505698	2.132104798456292	1967.67273
3239.74854861682	963.7234120150351	2.1351806710056147	1968.67273
3245.811861861988	965.8601319740219	2.1382597878765424	1969.67273
3251.8846505497863	967.9999326729821	2.1413421513285815	1970.67273
3257.9669256272564	970.1428173596257	2.1444277636212385	1971.67273
3264.058698048214	972.288789283924	2.14751662701402	1972.67273
3270.1599787732584	974.4378516981069	2.1506087437664325	1973.67273
3276.2707787697614	976.5900078566635	2.1537041161379813	1974.67273
3282.391109011879	978.7452610163425	2.1568027463881743	1975.67273
3288.520980480546	980.9036144361523	2.159904636776518	1976.67273
3294.660404163468	983.0650713773616	2.1630097895625173	1977.67273
3300.8093910551374	985.2296351034968	2.16611820700568	1978.67273
3306.967952156821	987.397308880345	2.1692298913655117	1979.67273
3313.1360984765643	989.5680959759534	2.1723448449015184	1980.67273
3319.3138410291963	991.741999660627	2.175463069873209	1981.67273
3325.501190836315	993.9190232069313	2.178584568540087	1982.67273
3331.698158926304	996.0991698896921	2.1817093431616597	1983.67273
3337.9047563343274	998.2824429859927	2.1848373959974348	1984.67273
3344.1209941023203	1000.4688457751779	2.1879687293069177	1985.67273
3350.3468832789986	1002.658381538851	2.191103345349614	1986.67273
3356.5824349198647	1004.8510535608746	2.1942412463850323	1987.67273
3362.827660087186	1007.046865127372	2.1973824346726767	1988.67273
3369.0825698500207	1009.2458195267241	2.2005269124720552	1989.67273
3375.3471752841992	1011.447920049573	2.2036746820426742	1990.67273
3381.6214874723278	1013.6531699888199	2.2068257456440383	1991.67273
3387.9055175038006	1015.8615726396245	2.2099801055356565	1992.67273
3394.19927647478	1018.0731312994074	2.2131377639770333	1993.67273
3400.502775488216	1020.2878492678478	2.216298723227676	1994.67273
3406.8160256538285	1022.505729846886	2.219462985547091	1995.67273
3413.139038088123	1024.7267763407183	2.2226305531947848	1996.67273
3419.471823914378	1026.9509920558041	2.2258014284302625	1997.67273
3425.8143942626566	1029.1783803008614	2.2289756135130325	1998.67273
3432.1667602697944	1031.4089443868659	2.2321531107026003	1999.67273
3438.52893307941	1033.642687627055	2.235333922258472	2000.67273
3444.900923841897	1035.879613336925	2.238518050440155	2001.67273
3451.2827437144324	1038.1197248342305	2.241705497507155	2002.67273
3457.6744038609627	1040.363025438988	2.244896265718978	2003.67273
3464.0759154522243	1042.6095184734706	2.2480903573351325	2004.67273
3470.4872896657216	1044.859207262213	2.251287774615121	2005.67273
3476.9085376857474	1047.1120951320088	2.2544885198184543	2006.67273
3483.3396707033653	1049.3681854119109	2.2576925952046363	2007.67273
3489.780699916423	1051.6274814332317	2.260900003033174	2008.67273
3496.231636529539	1053.8899865295439	2.264110745563574	2009.67273
3502.692491754119	1056.155704036679	2.2673248250553426	2010.67273
3509.1632768083396	1058.4246372927282	2.270542243767985	2011.67273
3515.6440029171663	1060.6967896380422	2.273763003961011	2012.67273
3522.1346813123296	1062.9721644152305	2.2769871078939232	2013.67273
3528.63532323235	1065.250764969163	2.2802145578262296	2014.67273
3535.1459399225205	1067.532594646969	2.2834453560174373	2015.67273
3541.6665426349155	1069.8176567980372	2.2866795047270525	2016.67273
3548.1971426283826	1072.1059547740158	2.28991700621458	2017.67273
3554.737751168555	1074.3974919288125	2.2931578627395277	2018.67273
3561.2883795278412	1076.6922716185943	2.296402076561402	2019.67273
3567.8490389854323	1078.9902972017867	2.2996496499397105	2020.67273
3574.419740827285	1081.2915720390781	2.3029005851339566	2021.67273
3581.000496346149	1083.5960994934132	2.3061548844036484	2022.67273
3587.5913168415473	1085.903882929997	2.309412550008293	2023.67273
3594.1922136197795	1088.2149257162948	2.3126735842073964	2024.67273
3600.803197993924	1090.5292312220301	2.3159379892604637	2025.67273
3607.4242812838443	1092.8468028191867	2.319205767427004	2026.67273
3614.0554748161708	1095.1676438820086	2.322476920966521	2027.67273
3620.6967899243214	1097.4917577869978	2.3257514521385216	2028.67273
3627.348237948491	1099.8191479129166	2.3290293632025136	2029.67273
3634.00983023565	1102.149817640787	2.3323106564180023	2030.67273
3640.6815781395503	1104.48377035389	2.335595334044495	2031.67273
3647.363493020725	1106.8210094377657	2.3388833983414985	2032.67273
3654.0555862464744	1109.161538280216	2.342174851568517	2033.67273
3660.7578691908893	1111.5053602712994	2.3454696959850585	2034.67273
3667.470353234835	1113.8524788033358	2.3487679338506293	2035.67273
3674.1930497659514	1116.2028972709036	2.352069567424736	2036.67273
3680.925970178667	1118.5566190708414	2.3553745989668853	2037.67273
3687.6691258741753	1120.9136476022466	2.3586830307365823	2038.67273
3694.4225282604584	1123.2739862664764	2.361994864993334	2039.67273
3701.1861887522746	1125.6376384671487	2.3653101039966478	2040.67273
3707.960118771158	1128.0046076101387	2.368628750006029	2041.67273
3714.7443297454256	1130.3748971035825	2.371950805280985	2042.67273
3721.5388331101653	1132.7485103578758	2.3752762720810203	2043.67273
3728.3436403072565	1135.1254507856727	2.378605152665644	2044.67273
3735.158762785344	1137.505721801888	2.3819374492943606	2045.67273
3741.9842119998566	1139.889326823696	2.3852731642266773	2046.67273
3748.819999413001	1142.2762692705294	2.3886122997220998	2047.67273
3755.666136493768	1144.6665525640822	2.391954858040137	2048.6727300000002
3762.522634717915	1147.0601801283042	2.3953008414402914	2049.6727300000002
3769.38950556799	1149.4571553894095	2.3986502521820725	2050.6727300000002
3776.266760533309	1151.8574817758688	2.4020030925249847	2051.6727300000002
3783.1544111099774	1154.2611627184135	2.405359364728536	2052.6727300000002
3790.052468800869	1156.6682016500324	2.408719071052232	2053.6727300000002
3796.960945115643	1159.0786020059777	2.4120822137555793	2054.6727300000002
3803.879851570735	1161.4923672237567	2.4154487950980847	2055.6727300000002
3810.8091996893554	1163.9095007431401	2.418818817339254	2056.6727300000002
3817.749001001499	1166.3300060061545	2.4221922827385933	2057.6727300000002
3824.6992670439377	1168.75388645709	2.425569193555611	2058.6727300000002
3831.660009360222	1171.181145542491	2.4289495520498114	2059.6727300000002
3838.6312395006735	1173.611786711168	2.432333360480701	2060.6727300000002
3845.612969022405	1176.0458134141847	2.435720621107788	2061.6727300000002
3852.605209489299	1178.4832291048688	2.439111336190578	2062.6727300000002
3859.6079724720194	1180.9240372388044	2.442505507988577	2063.6727300000002
3866.621269548007	1183.3682412738376	2.4459031387612917	2064.6727300000002
3873.645112301483	1185.8158446700716	2.4493042307682273	2065.6727300000002
3880.679512323447	1188.2668508898714	2.452708786268892	2066.6727300000002
3887.724481211675	1190.7212633978606	2.4561168075227915	2067.6727300000002
3894.780030570725	1193.1790856609214	2.4595282967894327	2068.6727300000002
3901.8461720119294	1195.6403211481975	2.4629432563283213	2069.6727300000002
3908.9229171534043	1198.1049733310892	2.4663616883989645	2070.6727300000002
3916.01027762004	1200.573045683259	2.4697835952608687	2071.6727300000002
3923.108265043504	1203.0445416806276	2.4732089791735383	2072.6727300000002
3930.2168910622504	1205.519464801376	2.4766378423964834	2073.6727300000002
3937.3361673214995	1207.9978185259436	2.480070187189207	2074.6727300000002
3944.466105473261	1210.4796063370313	2.4835060158112165	2075.6727300000002
3951.6067171763198	1212.9648317195956	2.48694533052202	2076.6727300000002
3958.7580140962355	1215.453498160858	2.4903881335811215	2077.6727300000002
3965.9200079053553	1217.9456091502936	2.4938344272480295	2078.6727300000002
3973.092710282792	1220.4411681796428	2.4972842137822493	2079.6727300000002
3980.276132914447	1222.9401787429008	2.5007374954432873	2080.6727300000002
3987.470287492998	1225.442644336325	2.5041942744906507	2081.6727300000002
3994.675185717897	1227.9485684584306	2.507654553183844	2082.6727300000002
4001.8908392953826	1230.457954609994	2.5111183337823766	2083.6727300000002
4009.117259938466	1232.9708062940497	2.5145856185457536	2084.6727300000002
4016.354459366932	1235.487127015894	2.5180564097334797	2085.6727300000002
4023.6024493073564	1238.0069202830784	2.521530709605063	2086.6727300000002
4030.8612414930853	1240.5301896054184	2.52500852042001	2087.6727300000002
4038.1308476642475	1243.0569384949856	2.5284898444378276	2088.6727300000002
4045.411279567744	1245.587170466115	2.531974683918021	2089.6727300000002
4052.7025489572598	1248.1208890353957	2.5354630411200967	2090.6727300000002
4060.0046675932563	1250.6580977216822	2.5389549183035616	2091.6727300000002
4067.3176472429786	1253.1988000460833	2.5424503177279236	2092.6727300000002
4074.641499680436	1255.742999531972	2.5459492416526857	2093.6727300000002
4081.976236686436	1258.2906997049763	2.5494516923373567	2094.6727300000002
4089.32187004855	1260.841904092986	2.552957672041443	2095.6727300000002
4096.6784115611335	1263.396616226152	2.5564671830244503	2096.6727300000002
4104.0458730253185	1265.9548396368807	2.5599802275458856	2097.6727300000002
4111.424266249016	1268.516577859843	2.5634968078652545	2098.6727300000002
4118.8136030469195	1271.081834431964	2.567016926242064	2099.6727300000002
4126.213895240494	1273.650612892433	2.57054058493582	2100.6727300000002
4133.625154657991	1276.2229167826938	2.5740677862060304	2101.6727300000002
4141.047393134432	1278.7987496464566	2.5775985323122006	2102.6727300000002
4148.480622511624	1281.378115029684	2.581132825513837	2103.6727300000002
4155.924854638148	1283.9610164806022	2.584670668070446	2104.6727300000002
4163.380101369364	1286.5474575496962	2.588212062241533	2105.6727300000002
4170.8463745674135	1289.1374417897107	2.5917570102866065	2106.6727300000002
4178.323686101217	1291.7309727556474	2.5953055144651724	2107.6727300000002
4185.812047846468	1294.328054004772	2.5988575770367364	2108.6727300000002
4193.311471685644	1296.9286890966052	2.6024132002608047	2109.6727300000002
4200.821969508	1299.5328815929304	2.6059723863968856	2110.6727300000002
4208.343553209563	1302.140635057789	2.6095351377044826	2111.6727300000002
4215.876234693147	1304.7519530574837	2.613101456443104	2112.6727300000002
4223.420025868341	1307.366839160572	2.6166713448722563	2113.6727300000002
4230.974938651518	1309.9852969378774	2.6202448052514464	2114.6727300000002
4238.540984965815	1312.6073299624777	2.6238218398401782	2115.6727300000002
4246.118176741164	1315.2329418097145	2.6274024508979608	2116.6727300000002
4253.706525914266	1317.8621360571833	2.6309866406842994	2117.6727300000002
4261.306044428604	1320.4949162847454	2.6345744114587006	2118.6727300000002
4268.916744234438	1323.1312860745174	2.6381657654806716	2119.6727300000002
4276.538637288809	1325.7712490108754	2.641760705009718	2120.6727300000002
4284.171735555528	1328.414808680459	2.6453592323053456	2121.6727300000002
4291.816051005197	1331.0619686721625	2.6489613496270614	2122.6727300000002
4299.471595615192	1333.7127325771417	2.6525670592343733	2123.6727300000002
4307.138381369661	1336.3671039888125	2.656176363386785	2124.6727300000002
4314.816420259538	1339.0250865028504	2.6597892643438055	2125.6727300000002
4322.505724282534	1341.6866837171879	2.6634057643649394	2126.6727300000002
4330.206305443137	1344.3518992320212	2.667025865709694	2127.6727300000002
4337.918175752615	1347.0207366498018	2.6706495706375755	2128.6727300000002
4345.64134722901	1349.6931995752443	2.6742768814080904	2129.6727300000002
4353.375831897152	1352.3692916153186	2.677907800280745	2130.6727300000002
4361.121641788639	1355.0490163792595	2.681542329515046	2131.6727300000002
4368.878788941854	1357.7323774785555	2.685180471370499	2132.6727300000002
4376.647285401957	1360.4193785269606	2.688822228106612	2133.6727300000002
4384.427143220888	1363.1100231404823	2.69246760198289	2134.6727300000002
4392.218374457358	1365.8043149373927	2.6961165952588395	2135.6727300000002
4400.020991176871	1368.50225753822	2.699769210193968	2136.6727300000002
4407.835005451694	1371.2038545657533	2.7034254490477814	2137.6727300000002
4415.660429360881	1373.9091096450418	2.7070853140797855	2138.6727300000002
4423.4972749902645	1376.6180264033926	2.7107488075494874	2139.6727300000002
4431.345554432455	1379.3306084703722	2.7144159317163936	2140.6727300000002
4439.205279786835	1382.0468594778108	2.7180866888400104	2141.6727300000002
4447.076463159576	1384.7667830597914	2.721761081179843	2142.6727300000002
4454.95911666362	1387.4903828526624	2.7254391109954	2143.6727300000002
4462.853252418696	1390.217662495027	2.729120780546187	2144.6727300000002
4470.758882551299	1392.9486256277528	2.7328060920917103	2145.6727300000002
4478.676019194712	1395.683275893963	2.7364950478914754	2146.6727300000002
4486.604674488996	1398.4216169390402	2.74018765020499	2147.6727300000002
4494.544860580989	1401.1636524106304	2.7438839012917606	2148.6727300000002
4502.496589624299	1403.909385958635	2.747583803411291	2149.6727300000002
4510.459873779334	1406.6588212352174	2.7512873588230926	2150.6727300000002
4518.434725213256	1409.411961894798	2.7549945697866667	2151.6727300000002
4526.42115610002	1412.1688115940613	2.758705438561523	2152.6727300000002
4534.419178620358	1414.9293739919449	2.7624199674071663	2153.6727300000002
4542.428804961777	1417.693652749652	2.7661381585831037	2154.6727300000002
4550.450047318569	1420.461651530641	2.7698600143488425	2155.6727300000002
4558.482917891793	1423.2333740006325	2.773585536963888	2156.6727300000002
4566.527428889292	1426.008823827605	2.7773147286877453	2157.6727300000002
4574.583592525696	1428.788004681798	2.7810475917799238	2158.6727300000002
4582.651421022403	1431.5709202357075	2.784784128499928	2159.6727300000002
4590.730926607595	1434.3575741640932	2.7885243411072658	2160.6727300000002
4598.822121516227	1437.1479701439705	2.792268231861442	2161.6727300000002
4606.925017990035	1439.9421118546181	2.7960158030219633	2162.6727300000002
4615.039628277535	1442.7400029775702	2.799767056848336	2163.6727300000002
4623.165964634024	1445.5416471966232	2.803521995600068	2164.6727300000002
4631.3040393215715	1448.3470481978318	2.8072806215366635	2165.6727300000002
4639.453864609032	1451.1562096695118	2.811042936917632	2166.6727300000002
4647.615452772033	1453.9691353022351	2.8148089440024773	2167.6727300000002
4655.788816092978	1456.7858287888373	2.8185786450507058	2168.6727300000002
4663.97396686106	1459.6062938244104	2.8223520423218256	2169.6727300000002
4672.170917372241	1462.4305341063086	2.826129138075342	2170.6727300000002
4680.379679929266	1465.2585533341426	2.829909934570762	2171.6727300000002
4688.600266841657	1468.0903552097834	2.833694434067592	2172.6727300000002
4696.832690425711	1470.9259434373646	2.837482638825337	2173.6727300000002
4705.076963004511	1473.7653217232748	2.8412745511035054	2174.6727300000002
4713.333096907913	1476.608493776165	2.845070173161603	2175.6727300000002
4721.601104472555	1479.455463306944	2.8488695072591357	2176.6727300000002
4729.880998041846	1482.3062340287831	2.8526725556556096	2177.6727300000002
4738.172789965988	1485.1608096571078	2.856479320610533	2178.6727300000002
4746.476492601943	1488.0191939096098	2.8602898043834095	2179.6727300000002
4754.792118313471	1490.8813905062334	2.864104009233749	2180.6727300000002
4763.119679471096	1493.7474031691895	2.8679219374210563	2181.6727300000002
4771.45918845212	1496.6172356229422	2.871743591204835	2182.6727300000002
4779.810657640637	1499.4908915942183	2.8755689728445963	2183.6727300000002
4788.17409942751	1502.368374812003	2.8793980845998437	2184.6727300000002
4796.549526210377	1505.2496890075429	2.883230928730084	2185.6727300000002
4804.936950393665	1508.1348379143403	2.887067507494825	2186.6727300000002
4813.336384388567	1511.0238252681636	2.8909078231535714	2187.6727300000002
4821.74784061307	1513.9166548070327	2.894751877965831	2188.6727300000002
4830.171331491922	1516.8133302712329	2.898599674191108	2189.6727300000002
4838.606869456667	1519.7138554033056	2.902451214088912	2190.6727300000002
4847.054466945613	1522.6182339480542	2.906306499918748	2191.6727300000002
4855.5141364038545	1525.52646965254	2.9101655339401216	2192.6727300000002
4863.985890283258	1528.4385662660857	2.914028318412539	2193.6727300000002
4872.469741042483	1531.3545275402685	2.9178948555955087	2194.6727300000002
4880.96570114695	1534.2743572289332	2.9217651477485367	2195.6727300000002
4889.4737830688655	1537.1980590881763	2.925639197131127	2196.6727300000002
4897.993999287219	1540.1256368763582	2.929517006002789	2197.6727300000002
4906.526362287767	1543.0570943540981	2.933398576623027	2198.6727300000002
4915.070884563058	1545.9924352842738	2.937283911251348	2199.6727300000002
4923.62757861241	1548.9316634320232	2.9411730121472592	2200.6727300000002
4932.1964569419215	1551.874782564744	2.945065881570266	2201.6727300000002
4940.777532064474	1554.8217964520927	2.948962521779877	2202.6727300000002
4949.370816499719	1557.7727088659854	2.9528629350355953	2203.6727300000002
4957.976322774091	1560.7275235805987	2.9567671235969293	2204.6727300000002
4966.594063420807	1563.6862443723676	2.9606750897233853	2205.6727300000002
4975.224050979858	1566.6488750199874	2.96458683567447	2206.6727300000002
4983.86629799801	1569.6154193044113	2.968502363709688	2207.6727300000002
4992.520817028814	1572.5858810088546	2.9724216760885476	2208.6727300000002
5001.187620632604	1575.560263918789	2.9763447750705563	2209.6727300000002
5009.866721376474	1578.5385718219497	2.980271662915217	2210.6727300000002
5018.558131834317	1581.5208085083275	2.984202341882039	2211.6727300000002
5027.261864586789	1584.506977770175	2.9881368142305273	2212.6727300000002
5035.977932221338	1587.497083402002	2.9920750822201887	2213.6727300000002
5044.706347332183	1590.4911292005822	2.996017148110531	2214.6727300000002
5053.447122520318	1593.489118964943	2.9999630141610583	2215.6727300000002
5062.200270393522	1596.4910564963775	3.0039126826312783	2216.6727300000002
5070.965803566356	1599.496945598432	3.0078661557806985	2217.6727300000002
5079.743734660143	1602.5067900769177	3.0118234358688225	2218.6727300000002
5088.534076303003	1605.5205937399028	3.0157845251551585	2219.6727300000002
5097.336841129827	1608.5383603977136	3.0197494258992137	2220.6727300000002
5106.152041782278	1611.5600938629407	3.023718140360492	2221.6727300000002
5114.97969090881	1614.5857979504274	3.027690670798502	2222.6727300000002
5123.819801164652	1617.615476477283	3.03166701947275	2223.6727300000002
5132.672385211802	1620.6491332628714	3.0356471886427414	2224.6727300000002
5141.53745571905	1623.6867721288197	3.0396311805679845	2225.6727300000002
5150.415025361948	1626.7283968990123	3.0436189975079815	2226.6727300000002
5159.305106822851	1629.7740113995942	3.047610641722245	2227.6727300000002
5168.207712790867	1632.8236194589676	3.0516061154702756	2228.6727300000002
5177.122855961897	1635.8772249077997	3.055605421011583	2229.6727300000002
5186.05054903862	1638.934831579009	3.0596085606056738	2230.6727300000002
5194.990804730487	1641.9964433077812	3.063615536512053	2231.6727300000002
5203.943635753733	1645.0620639315564	3.067626350990227	2232.6727300000002
5212.909054831368	1648.1316972900383	3.0716410062997035	2233.6727300000002
5221.887074693184	1651.2053472251862	3.0756595046999875	2234.6727300000002
5230.877708075749	1654.283017581222	3.079681848450587	2235.6727300000002
5239.880967722407	1657.3647122046243	3.0837080398110057	2236.6727300000002
5248.896866383291	1660.4504349441338	3.0877380810407535	2237.6727300000002
5257.925416815304	1663.5401896507487	3.091771974399336	2238.6727300000002
5266.966631782122	1666.6339801777285	3.0958097221462575	2239.6727300000002
5276.020524054209	1669.7318103805906	3.0998513265410246	2240.6727300000002
5285.087106408811	1672.833684117113	3.103896789843147	2241.6727300000002
5294.166391629944	1675.939605247332	3.1079461143121296	2242.6727300000002
5303.258392508399	1679.0495776335465	3.111999302207477	2243.6727300000002
5312.363121841754	1682.163605140309	3.1160563557886958	2244.6727300000002
5321.480592434369	1685.2816916344389	3.1201172773152956	2245.6727300000002
5330.610817097368	1688.4038409850084	3.124182069046779	2246.6727300000002
5339.753808648666	1691.5300570633542	3.1282507332426546	2247.6727300000002
5348.909579912953	1694.6603437430688	3.132323272162428	2248.6727300000002
5358.0781437216965	1697.7947049000065	3.136399688065607	2249.6727300000002
5367.259512913144	1700.9331444122809	3.140479983211697	2250.6727300000002
5376.45370033232	1704.0756661602632	3.144564159860204	2251.6727300000002
5385.6607188310245	1707.2222740265888	3.148652220270635	2252.6727300000002
5394.880581267846	1710.3729718961454	3.1527441667024965	2253.6727300000002
5404.113300508139	1713.5277636560872	3.1568400014152944	2254.6727300000002
5413.358889424046	1716.6866531958235	3.160939726668535	2255.6727300000002
5422.617360894487	1719.849644407024	3.1650433447217265	2256.6727300000002
5431.888727805153	1723.0167411836194	3.1691508578343734	2257.6727300000002
5441.173003048522	1726.1879474217988	3.173262268265983	2258.6727300000002
5450.470199523844	1729.363267020011	3.1773775782760607	2259.6727300000002
5459.780330137153	1732.5427038789642	3.181496790124114	2260.6727300000002
5469.103407801261	1735.7262619016253	3.1856199060696486	2261.6727300000002
5478.439445435754	1738.9139449932227	3.1897469283721716	2262.6727300000002
5487.788455967003	1742.1057570612415	3.19387785929119	2263.6727300000002
5497.150452328151	1745.3017020154298	3.19801270108621	2264.6727300000002
5506.52544745912	1748.501783767792	3.2021514560167352	2265.6727300000002
5515.9134543066175	1751.706006232595	3.206294126342276	2266.6727300000002
5525.314485824123	1754.9143733263613	3.2104407143223366	2267.6727300000002
5534.7285549718945	1758.126888967877	3.2145912222164235	2268.6727300000002
5544.15567471697	1761.3435570781855	3.218745652284043	2269.6727300000002
5553.595858033172	1764.56438158059	3.2229040067847032	2270.6727300000002
5563.0491179010905	1767.7893664006522	3.227066287977909	2271.6727300000002
5572.5154673081015	1771.018515466197	3.231232498123167	2272.6727300000002
5581.994919248359	1774.2518327073033	3.235402639479984	2273.6727300000002
5591.487486722794	1777.4893220563135	3.2395767143078675	2274.6727300000002
5600.993182739113	1780.7309874478292	3.2437547248663217	2275.6727300000002
5610.512020311805	1783.9768328187092	3.247936673414854	2276.6727300000002
5620.044012462136	1787.2268621080757	3.2521225622129704	2277.6727300000002
5629.589172218153	1790.4810792573053	3.2563123935201777	2278.6727300000002
5639.14751261468	1793.7394882100389	3.260506169595983	2279.6727300000002
5648.719046693319	1797.0020929121727	3.2647038926998926	2280.6727300000002
5658.303787502448	1800.2688973118677	3.268905565091412	2281.6727300000002
5667.901748097228	1803.5399053595381	3.2731111890300477	2282.6727300000002
5677.512941539595	1806.8151210078638	3.277320766775307	2283.6727300000002
5687.137380898268	1810.0945482117775	3.281534300586695	2284.6727300000002
5696.775079248743	1813.3781909284787	3.2857517927237208	2285.6727300000002
5706.426049673288	1816.6660531174198	3.2899732454458874	2286.6727300000002
5716.090305260957	1819.9581387403182	3.294198661012703	2287.6727300000002
5725.767859107582	1823.2544517611464	3.2984280416836738	2288.6727300000002
5735.458724315769	1826.5549961461406	3.302661389718307	2289.6727300000002
5745.162913994911	1829.8597758637907	3.3068987073761082	2290.6727300000002
5754.880441261166	1833.1687948848535	3.311139996916584	2291.6727300000002
5764.611319237484	1836.4820571823382	3.31538526059924	2292.6727300000002
5774.355561053585	1839.7995667315188	3.319634500683584	2293.6727300000002
5784.113179845972	1843.1213275099255	3.3238877194291216	2294.6727300000002
5793.884188757924	1846.4473434973509	3.32814491909536	2295.6727300000002
5803.668600939502	1849.777618675843	3.332406101941805	2296.6727300000002
5813.466429547537	1853.1121570297148	3.3366712702279626	2297.6727300000002
5823.277687745647	1856.4509625455325	3.340940426213339	2298.6727300000002
5833.102388704231	1859.7940392121272	3.3452135721574425	2299.6727300000002
5842.940545600455	1863.1413910205874	3.3494907103197775	2300.6727300000002
5852.7921716182755	1866.4930219642592	3.353771842959852	2301.6727300000002
5862.657279948418	1869.848936038753	3.358056972337172	2302.6727300000002
5872.535883788394	1873.2091372419327	3.3623461007112434	2303.6727300000002
5882.427996342484	1876.5736295739273	3.3666392303415726	2304.6727300000002
5892.333630821762	1879.9424170371205	3.370936363487667	2305.6727300000002
5902.252800444061	1883.315503636161	3.375237502409031	2306.6727300000002
5912.185518434011	1886.6928933779507	3.379542649365173	2307.6727300000002
5922.131798023015	1890.074590271656	3.3838518066156	2308.6727300000002
5932.09165244924	1893.4605983287	3.388164976419815	2309.6727300000002
5942.0650949576575	1896.8509215627669	3.3924821610373286	2310.6727300000002
5952.052138799994	1900.2455639897985	3.3968033627276437	2311.6727300000002
5962.052797234772	1903.6445296279994	3.4011285837502703	2312.6727300000002
5972.0670835272795	1907.0478224978292	3.405457826364711	2313.6727300000002
5982.095010949584	1910.455446622013	3.409791092830474	2314.6727300000002
5992.136592780549	1913.867406025527	3.414128385407067	2315.6727300000002
6002.191842305794	1917.2837047356168	3.4184697063539957	2316.6727300000002
6012.2607728177245	1920.7043467817791	3.422815057930764	2317.6727300000002
6022.343397615533	1924.1293361957744	3.427164442396882	2318.6727300000002
6032.439730005179	1927.5586770116217	3.4315178620118534	2319.6727300000002
6042.549783299408	1930.9923732656014	3.435875319035187	2320.6727300000002
6052.6735708177375	1934.4304289962486	3.4402368157263856	2321.6727300000002
6062.811105886474	1937.8728482443626	3.44460235434496	2322.6727300000002
6072.962401838693	1941.3196350530006	3.4489719371504144	2323.6727300000002
6083.127472014249	1944.770793467479	3.4533455664022554	2324.6727300000002
6093.306329759778	1948.2263275353748	3.457723244359989	2325.6727300000002
6103.498988428697	1951.6862413065214	3.4621049732831217	2326.6727300000002
6113.7054613812	1955.1505388330156	3.4664907554311615	2327.6727300000002
6123.925761984251	1958.6192241692113	3.4708805930636126	2328.6727300000002
6134.159903611609	1962.092301371724	3.475274488439984	2329.6727300000002
6144.407899643789	1965.5697744994256	3.479672443819778	2330.6727300000002
6154.66976346811	1969.0516476134515	3.484074461462506	2331.6727300000002
6164.945508478652	1972.5379247771914	3.488480543627671	2332.6727300000002
6175.235148076281	1976.028610056301	3.4928906925747816	2333.6727300000002
6185.538695668634	1979.5237075186878	3.497304910563341	2334.6727300000002
6195.8561646701355	1983.0232212345277	3.501723199852859	2335.6727300000002
6206.187568501986	1986.5271552762474	3.506145562702841	2336.6727300000002
6216.532920592162	1990.0355137185393	3.5105720013727924	2337.6727300000002
6226.892234375415	1993.5483006383529	3.5150025181222198	2338.6727300000002
6237.265523293289	1997.0655201148975	3.519437115210633	2339.6727300000002
6247.65280079409	2000.5871762296395	3.523875794897533	2340.6727300000002
6258.054080332911	2004.1132730663119	3.52831855944243	2341.6727300000002
6268.469375371625	2007.6438147108977	3.532765411104829	2342.6727300000002
6278.898699378878	2011.178805251647	3.5372163521442364	2343.6727300000002
6289.342065830098	2014.7182487790649	3.541671384820159	2344.6727300000002
6299.799488207495	2018.2621493859194	3.5461305113921044	2345.6727300000002
6310.270980000048	2021.8105111672344	3.550593734119577	2346.6727300000002
6320.756554703523	2025.3633382202966	3.5550610552620845	2347.6727300000002
6331.256225820455	2028.9206346446504	3.559532477079131	2348.6727300000002
6341.770006860174	2032.4824045421	3.564008001830227	2349.6727300000002
6352.2979113387755	2036.0486520167092	3.5684876317748766	2350.6727300000002
6362.839952779132	2039.6193811748008	3.572971369172585	2351.6727300000002
6373.396144710901	2043.1945961249583	3.5774592162828607	2352.6727300000002
6383.966500670521	2046.7743009780231	3.58195117536521	2353.6727300000002
6394.551034201194	2050.3584998470997	3.586447248679137	2354.6727300000002
6405.149758852923	2053.9471968475455	3.5909474384841515	2355.6727300000002
6415.7626881824735	2057.5403960969843	3.5954517470397582	2356.6727300000002
6426.38983575339	2061.1381017152944	3.599960176605463	2357.6727300000002
6437.031215136003	2064.740317824619	3.6044727294407735	2358.6727300000002
6447.686839907414	2068.347048549352	3.6089894078051943	2359.6727300000002
6458.356723651511	2071.958298016158	3.6135102139582345	2360.6727300000002
6469.040879958955	2075.5740703539523	3.618035150159398	2361.6727300000002
6479.739322427186	2079.194369693913	3.622564218668194	2362.6727300000002
6490.452064660425	2082.819200169477	3.6270974217441263	2363.6727300000002
6501.179120269665	2086.448565916343	3.631634761646702	2364.6727300000002
6511.920502872686	2090.0824710724655	3.636176240635428	2365.6727300000002
6522.676226094039	2093.720919778063	3.6407218609698098	2366.6727300000002
6533.446303565064	2097.3639161756073	3.645271624909356	2367.6727300000002
6544.230748923871	2101.0114644098367	3.649825534713572	2368.6727300000002
6555.029575815346	2104.6635686277423	3.6543835926419623	2369.6727300000002
6565.842797891161	2108.3202329785818	3.6589458009540365	2370.6727300000002
6576.670428809758	2111.981461613865	3.6635121619092965	2371.6727300000002
6587.512482236374	2115.647258687368	3.668082677767254	2372.6727300000002
6598.368971843007	2119.3176283551206	3.672657350787413	2373.6727300000002
6609.2399113084375	2122.9925747754164	3.6772361832292795	2374.6727300000002
6620.125314318228	2126.672102108807	3.6818191773523603	2375.6727300000002
6631.025194564727	2130.3562145181004	3.6864063354161627	2376.6727300000002
6641.939565747038	2134.0449161683728	3.6909976596801912	2377.6727300000002
6652.8684415710695	2137.738211226948	3.695593152403953	2378.6727300000002
6663.811835749498	2141.4361038634197	3.7001928158469575	2379.6727300000002
6674.769762001765	2145.138598249636	3.704796652268706	2380.6727300000002
6685.742234054119	2148.845698559703	3.709404663928709	2381.6727300000002
6696.729265639558	2152.5574089699917	3.7140168530864703	2382.6727300000002
6707.730870497878	2156.2737336591285	3.7186332220014973	2383.6727300000002
6718.747062375647	2159.994676808	3.7232537729332975	2384.6727300000002
6729.777855026208	2163.7202425997543	3.7278785081413757	2385.6727300000002
6740.8232622096975	2167.4504352197946	3.7325074298852403	2386.6727300000002
6751.8832976930025	2171.1852588557895	3.7371405404243947	2387.6727300000002
6762.957975249815	2174.9247176976623	3.7417778420183474	2388.6727300000002
6774.047308660593	2178.668815937598	3.7464193369266052	2389.6727300000002
6785.151311712578	2182.41755777004	3.751065027408673	2390.6727300000002
6796.26999819979	2186.1709473916926	3.7557149157240595	2391.6727300000002
6807.40338192302	2189.928989001518	3.760369004132269	2392.6727300000002
6818.551476689838	2193.691686800742	3.765027294892807	2393.6727300000002
6829.714296314611	2197.4590449928414	3.7696897902651822	2394.6727300000002
6840.891854618461	2201.2310677835626	3.7743564925089013	2395.6727300000002
6852.084165429305	2205.007759380903	3.77902740388347	2396.6727300000002
6863.2912425818295	2208.7891239951255	3.783702526648394	2397.6727300000002
6874.513099917494	2212.5751658387494	3.7883818630631794	2398.6727300000002
6885.749751284553	2216.3658891265554	3.7930654153873338	2399.6727300000002
6897.001210538033	2220.16129807558	3.797753185880364	2400.6727300000002
6908.267491539728	2223.961396905125	3.8024451768017755	2401.6727300000002
6919.548608158228	2227.766189836748	3.8071413904110756	2402.6727300000002
6930.844574268887	2231.575681094264	3.8118418289677694	2403.6727300000002
6942.155403753844	2235.3898749037517	3.8165464947313623	2404.6727300000002
6953.481110502021	2239.2087754935483	3.821255389961364	2405.6727300000002
6964.82170840911	2243.03238709425	3.8259685169172792	2406.6727300000002
6976.177211377588	2246.8607139387113	3.830685877858615	2407.6727300000002
6987.547633316704	2250.6937602620487	3.8354074750448777	2408.6727300000002
6998.932988142486	2254.5315303016355	3.840133310735571	2409.6727300000002
7010.333289777755	2258.374028297108	3.8448633871902063	2410.6727300000002
7021.748552152088	2262.2212584903577	3.849597706668286	2411.6727300000002
7033.178789201857	2266.0732251255386	3.8543362714293186	2412.6727300000002
7044.624014870204	2269.929932449064	3.8590790837328086	2413.6727300000002
7056.084243107055	2273.791384709605	3.863826145838264	2414.6727300000002
7067.559487869112	2277.657586158093	3.8685774600051905	2415.6727300000002
7079.049763119858	2281.5285410477227	3.8733330284930965	2416.6727300000002
7090.555082829549	2285.4042536339402	3.878092853561486	2417.6727300000002
7102.075460975224	2289.2847281744585	3.8828569374698665	2418.6727300000002
7113.610911540696	2293.169968929246	3.8876252824777433	2419.6727300000002
7125.161448516566	2297.059980160534	3.892397890844624	2420.6727300000002
7136.727085900204	2300.9547661328083	3.897174764830015	2421.6727300000002
7148.307837695762	2304.8543311128196	3.901955906693423	2422.6727300000002
7159.903717914171	2308.7586793695746	3.9067413186943534	2423.6727300000002
7171.5147405731395	2312.667815174341	3.911531003092314	2424.6727300000002
7183.140919697153	2316.581742800644	3.916324962146809	2425.6727300000002
7194.782269317481	2320.500466524273	3.921123198117347	2426.6727300000002
7206.438803472166	2324.4239906232715	3.9259257132634335	2427.6727300000002
7218.11053620603	2328.3523193779447	3.9307325098445745	2428.6727300000002
7229.797481570678	2332.2854570708587	3.9355435901202775	2429.6727300000002
7241.499653624487	2336.2234079868367	3.9403589563500487	2430.6727300000002
7253.217066432617	2340.166176412964	3.945178610793394	2431.6727300000002
7264.9497340670005	2344.113766638581	3.9500025557098186	2432.6727300000002
7276.697670606358	2348.0661829552946	3.9548307933588314	2433.6727300000002
7288.460890136188	2352.0234296569633	3.9596633259999385	2434.6727300000002
7300.239406748753	2355.9855110397116	3.964500155892645	2435.6727300000002
7312.033234543111	2359.952431401919	3.9693412852964576	2436.6727300000002
7323.842387625086	2363.9241950442274	3.974186716470883	2437.6727300000002
7335.666880107294	2367.9008062695366	3.979036451675429	2438.6727300000002
7347.50672610912	2371.882269383008	3.9838904931696004	2439.6727300000002
7359.361939756722	2375.8685886920584	3.9887488432129032	2440.6727300000002
7371.23253518305	2379.8597685063705	3.993611504064846	2441.6727300000002
7383.11852652782	2383.855813137878	3.998478477984931	2442.6727300000002
7395.019927937539	2387.856726900783	4.003349767232669	2443.6727300000002
7406.936753565489	2391.862514111539	4.008225374067566	2444.6727300000002
7418.86901757172	2395.8731790888664	4.013105300749126	2445.6727300000002
7430.816734123075	2399.8887261537398	4.017989549536857	2446.6727300000002
7442.779917393163	2403.9091596293956	4.0228781226902655	2447.6727300000002
7454.75858156238	2407.934483841328	4.0277710224688565	2448.6727300000002
7466.752740817896	2411.9647031172944	4.032668251132138	2449.6727300000002
7478.762409353668	2415.999821787307	4.037569810939617	2450.6727300000002
7490.787601370418	2420.0398441836414	4.042475704150798	2451.6727300000002
7502.828331075658	2424.084774640831	4.047385933025189	2452.6727300000002
7514.884612683667	2428.134617495667	4.0523004998222945	2453.6727300000002
7526.956460415515	2432.189377087203	4.057219406801622	2454.6727300000002
7539.043888499046	2436.24905775675	4.062142656222679	2455.6727300000002
7551.146911168881	2440.313663847882	4.067070250344971	2456.6727300000002
7563.265542666418	2444.3831997064276	4.072002191428004	2457.6727300000002
7575.399797239837	2448.457669680478	4.076938481731285	2458.6727300000002
7587.549689144091	2452.5370781203833	4.0818791235143195	2459.6727300000002
7599.715232640921	2456.6214293787534	4.086824119036615	2460.6727300000002
7611.89644199884	2460.710727810456	4.091773470557678	2461.6727300000002
7624.093331493139	2464.804977772621	4.096727180337015	2462.6727300000002
7636.305915405891	2468.904183624636	4.101685250634132	2463.6727300000002
7648.534208025946	2473.0083497281485	4.106647683708536	2464.6727300000002
7660.778223648926	2477.1174804470647	4.11161448181973	2465.6727300000002
7673.037976577243	2481.2315801475534	4.116585647227225	2466.6727300000002
7685.31348112009	2485.350653198038	4.121561182190527	2467.6727300000002
7697.604751593412	2489.474703969206	4.126541088969139	2468.6727300000002
7709.911802319967	2493.6037368340017	4.131525369822571	2469.6727300000002
7722.234647629268	2497.7377561676294	4.1365140270103264	2470.6727300000002
7734.573301857621	2501.8767663475533	4.141507062791915	2471.6727300000002
7746.927779348098	2506.020771753497	4.146504479426841	2472.6727300000002
7759.298094450556	2510.169776767444	4.15150627917461	2473.6727300000002
7771.684261521632	2514.3237857736376	4.156512464294731	2474.6727300000002
7784.086294924742	2518.4828031585776	4.16152303704671	2475.6727300000002
7796.5042090300685	2522.646833311028	4.16653799969005	2476.6727300000002
7808.938018214588	2526.815880622009	4.171557354484261	2477.6727300000002
7821.387736862052	2530.9899494848005	4.176581103688848	2478.6727300000002
7833.853379362985	2535.1690442949434	4.181609249563319	2479.6727300000002
7846.334960114693	2539.3531694502362	4.186641794367179	2480.6727300000002
7858.83249352126	2543.5423293507406	4.191678740359935	2481.6727300000002
7871.345993993547	2547.736528398772	4.19672008980109	2482.6727300000002
7883.8754759492	2551.9357709989117	4.201765844950156	2483.6727300000002
7896.42095381264	2556.140061557995	4.206816008066637	2484.6727300000002
7908.982442015061	2560.3494044851204	4.2118705814100394	2485.6727300000002
7921.559954994444	2564.563804191643	4.21692956723987	2486.6727300000002
7934.153507195536	2568.783265091183	4.221992967815633	2487.6727300000002
7946.7631130698865	2573.0077915996103	4.227060785396839	2488.6727300000002
7959.388787075794	2577.237388135064	4.232133022242991	2489.6727300000002
7972.0305436783565	2581.4720591179375	4.237209680613596	2490.6727300000002
7984.6883973494405	2585.7118089708856	4.24229076276816	2491.6727300000002
7997.362362567699	2589.956642118822	4.2473762709661935	2492.6727300000002
8010.052453818553	2594.20656298892	4.252466207467197	2493.6727300000002
8022.75868559421	2598.4615760106103	4.257560574530681	2494.6727300000002
8035.481072393659	2602.7216856155887	4.262659374416151	2495.6727300000002
8048.219628722658	2606.986896237803	4.267762609383112	2496.6727300000002
8060.97436909374	2611.2572123134682	4.2728702816910715	2497.6727300000002
8073.745308026238	2615.532638281052	4.277982393599537	2498.6727300000002
8086.532460046241	2619.8131785812866	4.283098947368012	2499.6727300000002
8099.335839686629	2624.0988376571613	4.288219945256007	2500.6727300000002
8112.155461487053	2628.389619953926	4.293345389523024	2501.6727300000002
8124.991339993953	2632.6855299190865	4.298475282428574	2502.6727300000002
8137.843489760537	2636.9865720024145	4.303609626232159	2503.6727300000002
8150.711925346792	2641.292750655938	4.308748423193288	2504.6727300000002
8163.596661319498	2645.604070333941	4.313891675571469	2505.6727300000002
8176.497712252185	2649.920535492973	4.319039385626203	2506.6727300000002
8189.415092725198	2654.242150591838	4.324191555617002	2507.6727300000002
8202.34881732563	2658.5689200916063	4.329348187803371	2508.6727300000002
8215.298900647362	2662.900848455597	4.334509284444812	2509.6727300000002
8228.265357291066	2667.2379401494004	4.339674847800838	2510.6727300000002
8241.248201864173	2671.5801996408563	4.344844880130951	2511.6727300000002
8254.24744898091	2675.927631400072	4.350019383694661	2512.6727300000002
8267.263113262265	2680.2802398994104	4.35519836075147	2513.6727300000002
8280.295209336018	2684.638029613493	4.360381813560888	2514.6727300000002
8293.343751836723	2689.0010050192022	4.3655697443824195	2515.6727300000002
8306.408755405715	2693.3691705956817	4.370762155475573	2516.6727300000002
8319.490234691097	2697.74253082433	4.375959049099851	2517.6727300000002
8332.58820434777	2702.121090188811	4.381160427514765	2518.6727300000002
8345.702679037395	2706.504853175044	4.386366292979818	2519.6727300000002
8358.833673428418	2710.8938242712084	4.391576647754516	2520.6727300000002
8371.98120219607	2715.2880079677425	4.396791494098369	2521.6727300000002
8385.145280022354	2719.687408757347	4.402010834270881	2522.6727300000002
8398.325921596042	2724.09203113498	4.407234670531556	2523.6727300000002
8411.52314161271	2728.50187959786	4.412463005139905	2524.6727300000002
8424.73695477469	2732.9169586454623	4.4176958403554325	2525.6727300000002
8437.967375791093	2737.3372727795263	4.422933178437644	2526.6727300000002
8451.21441937783	2741.7628265040466	4.428175021646048	2527.6727300000002
8464.478100257564	2746.19362432528	4.433421372240149	2528.6727300000002
8477.758433159755	2750.6296707517427	4.438672232479455	2529.6727300000002
8491.05543282063	2755.070970294207	4.44392760462347	2530.6727300000002
8504.369113983203	2759.5175274657113	4.449187490931703	2531.6727300000002
8517.699491397265	2763.969346781546	4.454451893663659	2532.6727300000002
8531.046579819375	2768.426432759266	4.459720815078844	2533.6727300000002
8544.410394012893	2772.888789918684	4.464994257436768	2534.6727300000002
8557.79094874793	2777.3564227818733	4.470272222996934	2535.6727300000002
8571.188258801394	2781.8293358731657	4.475554714018847	2536.6727300000002
8584.602338956967	2786.3075337191517	4.480841732762017	2537.6727300000002
8598.03320400511	2790.791020848682	4.486133281485949	2538.6727300000002
8611.480868743063	2795.27980179287	4.49142936245015	2539.6727300000002
8624.945347974835	2799.773881085083	4.496729977914124	2540.6727300000002
8638.426656511232	2804.273263260952	4.502035130137382	2541.6727300000002
8651.924809169825	2808.7779528583637	4.5073448213794265	2542.6727300000002
8665.439820774958	2813.28795441747	4.512659053899763	2543.6727300000002
8678.971706157776	2817.803272480676	4.517977829957902	2544.6727300000002
8692.520480156185	2822.3239115926513	4.5233011518133495	2545.6727300000002
8706.08615761486	2826.8498763003217	4.5286290217256076	2546.6727300000002
8719.668753385284	2831.381171152875	4.533961441954187	2547.6727300000002
8733.2682823257	2835.9178007017545	4.539298414758592	2548.6727300000002
8746.884759301123	2840.45976950067	4.54463994239833	2549.6727300000002
8760.518199183363	2845.0070821055833	4.549986027132907	2550.6727300000002
8774.168616851002	2849.5597430747202	4.555336671221831	2551.6727300000002
8787.836027189393	2854.117756968564	4.560691876924605	2552.6727300000002
8801.520445090675	2858.6811283498614	4.566051646500739	2553.6727300000002
8815.221885453768	2863.249861783612	4.571415982209737	2554.6727300000002
8828.940363184363	2867.823961837078	4.5767848863111045	2555.6727300000002
8842.67589319494	2872.403433079785	4.582158361064353	2556.6727300000002
8856.428490404749	2876.9882800835103	4.587536408728984	2557.6727300000002
8870.198169739811	2881.5785074222995	4.592919031564506	2558.6727300000002
8883.984946132947	2886.1741196724497	4.598306231830424	2559.6727300000002
8897.788834523737	2890.775121412523	4.603698011786245	2560.6727300000002
8911.609849858552	2895.381517223339	4.6090943736914785	2561.6727300000002
8925.448007090532	2899.993311687976	4.614495319805626	2562.6727300000002
8939.303321179605	2904.610509391772	4.619900852388197	2563.6727300000002
8953.17580709247	2909.233114922328	4.6253109736986975	2564.6727300000002
8967.065479802604	2913.8611328694988	4.630725685996632	2565.6727300000002
8980.972354290272	2918.4945678254044	4.63614499154151	2566.6727300000002
8994.896445542505	2923.1334243844176	4.641568892592835	2567.6727300000002
9008.837768553123	2927.7777071431788	4.646997391410116	2568.6727300000002
9022.796338322722	2932.4274207005788	4.652430490252858	2569.6727300000002
9036.772169858661	2937.0825696577795	4.657868191380565	2570.6727300000002
9050.765278175115	2941.7431586181883	4.66331049705275	2571.6727300000002
9064.775678293	2946.409192187485	4.668757409528915	2572.6727300000002
9078.803385240015	2951.0806749736016	4.6742089310685655	2573.6727300000002
9092.848414050664	2955.75761158673	4.6796650639312105	2574.6727300000002
9106.910779766204	2960.440006639324	4.685125810376355	2575.6727300000002
9120.990497434677	2965.1278647460967	4.690591172663504	2576.6727300000002
9135.087582110911	2969.821190524018	4.696061153052167	2577.6727300000002
9149.202048856505	2974.5199885923207	4.70153575380185	2578.6727300000002
9163.333912739834	2979.2242635724956	4.707014977172057	2579.6727300000002
9177.483188836064	2983.934020088292	4.712498825422298	2580.6727300000002
9191.64989222712	2988.6492627657203	4.717987300812074	2581.6727300000002
9205.834038001729	2993.3699962330493	4.723480405600898	2582.6727300000002
9220.035641255377	2998.096225120809	4.7289781420482715	2583.6727300000002
9234.25471709034	3002.827954061786	4.734480512413703	2584.6727300000002
9248.491280615668	3007.5651876910283	4.739987518956699	2585.6727300000002
9262.74534694719	3012.307930645844	4.745499163936766	2586.6727300000002
9277.016931207503	3017.0561875658013	4.751015449613408	2587.6727300000002
9291.306048526012	3021.809963092723	4.7565363782461345	2588.6727300000002
9305.61271403887	3026.5692618706985	4.762061952094451	2589.6727300000002
9319.93694288902	3031.33408854607	4.767592173417864	2590.6727300000002
9334.278750226189	3036.104447767445	4.773127044475879	2591.6727300000002
9348.63815120687	3040.8803441856876	4.778666567528003	2592.6727300000002
9363.015160994348	3045.66178245392	4.784210744833742	2593.6727300000002
9377.409794758674	3050.4487672275245	4.789759578652603	2594.6727300000002
9391.822067676696	3055.241303164149	4.795313071244094	2595.6727300000002
9406.251994932012	3060.0393949236905	4.800871224867718	2596.6727300000002
9420.699591715025	3064.8430471683146	4.8064340417829845	2597.6727300000002
9435.164873222906	3069.6522645624395	4.812001524249398	2598.6727300000002
9449.647854659594	3074.4670517727513	4.817573674526464	2599.6727300000002
9464.148551235836	3079.2874134681833	4.823150494873693	2600.6727300000002
9478.666978169125	3084.1133543199408	4.828731987550588	2601.6727300000002
9493.203150683752	3088.944879001481	4.834318154816657	2602.6727300000002
9507.757084010775	3093.781992188524	4.839908998931405	2603.6727300000002
9522.328793388042	3098.6246985590456	4.8455045221543385	2604.6727300000002
9536.918294060171	3103.473002793288	4.851104726744966	2605.6727300000002
9551.525601278565	3108.326909573746	4.856709614962791	2606.6727300000002
9566.150730301397	3113.186423585176	4.862319189067323	2607.6727300000002
9580.793696393626	3118.0515495145964	4.867933451318066	2608.6727300000002
9595.454514826986	3122.9222920512807	4.873552403974527	2609.6727300000002
9610.133200879995	3127.798655886767	4.8791760492962135	2610.6727300000002
9624.82976983794	3132.680645714848	4.884804389542631	2611.6727300000002
9639.544236992891	3137.5682662315808	4.890437426973286	2612.6727300000002
9654.2766176437	3142.461522135276	4.8960751638476845	2613.6727300000002
9669.026927095996	3147.3604181265105	4.901717602425335	2614.6727300000002
9683.795180662179	3152.2649589081143	4.90736474496574	2615.6727300000002
9698.581393661441	3157.175149185183	4.913016593728411	2616.6727300000002
9713.385581419738	3162.0909936650655	4.918673150972849	2617.6727300000002
9728.207759269815	3167.012497057375	4.924334418958565	2618.6727300000002
9743.047942551199	3171.939664073982	4.930000399945064	2619.6727300000002
9757.90614661017	3176.8724994290183	4.935671096191849	2620.6727300000002
9772.782386799823	3181.811007838872	4.941346509958432	2621.6727300000002
9787.67667848001	3186.7551940221947	4.947026643504317	2622.6727300000002
9802.589037017366	3191.705062699894	4.952711499089011	2623.6727300000002
9817.519477785296	3196.660618595139	4.958401078972019	2624.6727300000002
9832.468016163997	3201.621866433358	4.964095385412848	2625.6727300000002
9847.434667540438	3206.5888109422376	4.969794420671003	2626.6727300000002
9862.419447308366	3211.5614568517244	4.975498187005994	2627.6727300000002
9877.42237086831	3216.5398088940274	4.981206686677324	2628.6727300000002
9892.443453627575	3221.5238718036107	4.9869199219445015	2629.6727300000002
9907.482711000244	3226.513650317201	4.992637895067033	2630.6727300000002
9922.540158407177	3231.5091491737853	4.998360608304423	2631.6727300000002
9937.615811276022	3236.510373114602	5.00408806391618	2632.6727300000002
9952.709685041193	3241.517326883162	5.009820264161809	2633.6727300000002
9967.821795143887	3246.530015225224	5.015557211300817	2634.6727300000002
9982.952157032087	3251.5484428888144	5.021298907592712	2635.6727300000002
9998.100786160536	3256.5726146242137	5.027045355296996	2636.6727300000002
10013.267697990785	3261.6025351839658	5.032796556673181	2637.6727300000002
10028.452907991126	3266.6382093228704	5.038552513980768	2638.6727300000002
10043.656431636666	3271.679641797991	5.044313229479268	2639.6727300000002
10058.878284409271	3276.7268373686447	5.050078705428186	2640.6727300000002
10074.118481797574	3281.779800796418	5.0558489440870265	2641.6727300000002
10089.377039297022	3286.838536845143	5.061623947715298	2642.6727300000002
10104.653972409806	3291.9030502809233	5.067403718572506	2643.6727300000002
10119.949296644912	3296.9733458721175	5.073188258918157	2644.6727300000002
10135.263027518113	3302.049428389342	5.078977571011761	2645.6727300000002
10150.59518055193	3307.131302605477	5.084771657112818	2646.6727300000002
10165.945771275692	3312.218973295657	5.0905705194808375	2647.6727300000002
10181.314815225493	3317.3124452372804	5.096374160375325	2648.6727300000002
10196.702327944213	3322.411723210003	5.10218258205579	2649.6727300000002
10212.108324981506	3327.5168119957398	5.1079957867817365	2650.6727300000002
10227.532821893801	3332.6277163786676	5.1138137768126715	2651.6727300000002
10242.975834244311	3337.7444411452198	5.119636554408101	2652.6727300000002
10258.437377603026	3342.866991084092	5.125464121827531	2653.6727300000002
10273.917467546711	3347.9953709862366	5.131296481330468	2654.6727300000002
10289.416119658923	3353.129585644868	5.13713363517642	2655.6727300000002
10304.933349529976	3358.2696398554554	5.142975585624892	2656.6727300000002
10320.469172756977	3363.415538415739	5.148822334935391	2657.6727300000002
10336.023604943817	3368.567286125702	5.1546738853674245	2658.6727300000002
10351.596661701144	3373.7248877876004	5.1605302391804955	2659.6727300000002
10367.188358646403	3378.8883482059437	5.166391398634114	2660.6727300000002
10382.798711403815	3384.057672187502	5.172257365987785	2661.6727300000002
10398.427735604375	3389.232864541306	5.178128143501015	2662.6727300000002
10414.07544688585	3394.4139300786433	5.1840037334333084	2663.6727300000002
10429.741860892806	3399.6008736130657	5.189884138044175	2664.6727300000002
10445.426993276566	3404.7936999603776	5.195769359593119	2665.6727300000002
10461.130859695244	3409.99241393865	5.201659400339648	2666.6727300000002
10476.853475813734	3415.1970203682085	5.20755426254327	2667.6727300000002
10492.594857303697	3420.407524071642	5.2134539484634885	2668.6727300000002
10508.355019843577	3425.6239298737955	5.2193584603598095	2669.6727300000002
10524.133979118604	3430.8462426017727	5.225267800491742	2670.6727300000002
10539.931750820779	3436.074467084943	5.231181971118791	2671.6727300000002
10555.74835064889	3441.3086081549286	5.237100974500464	2672.6727300000002
10571.583794308484	3446.548670645616	5.243024812896266	2673.6727300000002
10587.438097511911	3451.794659393147	5.2489534885657045	2674.6727300000002
10603.311275978285	3457.0465792359246	5.254887003768285	2675.6727300000002
10619.203345433496	3462.304435014614	5.260825360763514	2676.6727300000002
10635.11432161023	3467.5682315721347	5.266768561810899	2677.6727300000002
10651.044220247932	3472.8379737536734	5.2727166091699464	2678.6727300000002
10666.99305709283	3478.1136664066653	5.278669505100161	2679.6727300000002
10682.960847897946	3483.395314380817	5.284627251861051	2680.6727300000002
10698.947608423054	3488.682922528084	5.29058985171212	2681.6727300000002
10714.953354434729	3493.976495702691	5.296557306912878	2682.6727300000002
10730.978101706316	3499.2760387611143	5.30252961972283	2683.6727300000002
10747.02186601794	3504.581556562093	5.308506792401483	2684.6727300000002
10763.084663156502	3509.893053966627	5.314488827208343	2685.6727300000002
10779.166508915683	3515.2105358379717	5.320475726402916	2686.6727300000002
10795.26741909594	3520.5340070416487	5.326467492244707	2687.6727300000002
10811.38740950451	3525.8634724454305	5.332464126993225	2688.6727300000002
10827.526495955417	3531.1989369193566	5.338465632907975	2689.6727300000002
10843.68469426945	3536.540405335721	5.344472012248465	2690.6727300000002
10859.86202027418	3541.8878825690826	5.350483267274199	2691.6727300000002
10876.05848980397	3547.241373496252	5.356499400244686	2692.6727300000002
10892.274118699941	3552.6008829963057	5.36252041341943	2693.6727300000002
10908.508922810004	3557.9664159505783	5.3685463090579395	2694.6727300000002
10924.762917988854	3563.337977242662	5.374577089419721	2695.6727300000002
10941.036120097939	3568.715571758412	5.380612756764277	2696.6727300000002
10957.328545005526	3574.0992043859387	5.386653313351121	2697.6727300000002
10973.64020858662	3579.488880015615	5.3926987614397515	2698.6727300000002
10989.971126723032	3584.884603540073	5.39874910328968	2699.6727300000002
11006.321315303345	3590.2863798542003	5.404804341160413	2700.6727300000002
11022.690790222907	3595.6942138551535	5.410864477311454	2701.6727300000002
11039.079567383862	3601.108110442338	5.416929514002311	2702.6727300000002
11055.48766269513	3606.528074517424	5.4229994534924915	2703.6727300000002
11071.915092072399	3611.9541109843412	5.429074298041501	2704.6727300000002
11088.36187143814	3617.38622474928	5.435154049908844	2705.6727300000002
11104.828016721609	3622.8244207206853	5.44123871135403	2706.6727300000002
11121.31354385884	3628.2687038092663	5.447328284636565	2707.6727300000002
11137.818468792631	3633.719078927992	5.453422772015954	2708.6727300000002
11154.342807472573	3639.175550992084	5.459522175751703	2709.6727300000002
11170.886575855036	3644.638124919033	5.465626498103321	2710.6727300000002
11187.449789903152	3650.1068056285835	5.47173574133031	2711.6727300000002
11204.03246558686	3655.5815980427396	5.477849907692182	2712.6727300000002
11220.634618882856	3661.0625070857645	5.48396899944844	2713.6727300000002
11237.256265774613	3666.549537684187	5.490093018858593	2714.6727300000002
11253.897422252381	3672.042694766787	5.496221968182141	2715.6727300000002
11270.55810431322	3677.5419832646085	5.502355849678599	2716.6727300000002
11287.238327960931	3683.0474081109546	5.508494665607468	2717.6727300000002
11303.938109206108	3688.5589742413886	5.514638418228256	2718.6727300000002
11320.657464066126	3694.076686593729	5.5207871098004695	2719.6727300000002
11337.396408565133	3699.6005501080585	5.526940742583615	2720.6727300000002
11354.154958734061	3705.1305697267185	5.533099318837198	2721.6727300000002
11370.933130610614	3710.6667503943104	5.539262840820727	2722.6727300000002
11387.730940239278	3716.20909705769	5.545431310793705	2723.6727300000002
11404.548403671326	3721.7576146659803	5.551604731015642	2724.6727300000002
11421.385536964792	3727.312308170556	5.557783103746042	2725.6727300000002
11438.242356184497	3732.873182525062	5.5639664312444115	2726.6727300000002
11455.118877402043	3738.440242685389	5.570154715770257	2727.6727300000002
11472.015116695817	3744.013493609699	5.576347959583088	2728.6727300000002
11488.93109015097	3749.5929402584043	5.582546164942408	2729.6727300000002
11505.866813859437	3755.1785875941846	5.588749334107724	2730.6727300000002
11522.822303919933	3760.7704405819736	5.594957469338541	2731.6727300000002
11539.797576437952	3766.36850418897	5.601170572894369	2732.6727300000002
11556.792647525763	3771.972783384626	5.607388647034712	2733.6727300000002
11573.807533302419	3777.5832831406537	5.613611694019076	2734.6727300000002
11590.84224989374	3783.200008431032	5.619839716106967	2735.6727300000002
11607.896813432348	3788.8229642319884	5.6260727155578945	2736.6727300000002
11624.971240057615	3794.4521555220217	5.632310694631362	2737.6727300000002
11642.06554591571	3800.0875872818806	5.638553655586875	2738.6727300000002
11659.179747159578	3805.7292644945755	5.6448016006839445	2739.6727300000002
11676.31385994894	3811.3771921453817	5.651054532182075	2740.6727300000002
11693.467900450289	3817.031375221827	5.65731245234077	2741.6727300000002
11710.641884836907	3822.691818713702	5.663575363419539	2742.6727300000002
11727.835829288853	3828.3585276130584	5.669843267677887	2743.6727300000002
11745.049749992959	3834.0315069142043	5.676116167375322	2744.6727300000002
11762.283663142836	3839.71076161371	5.682394064771349	2745.6727300000002
11779.53758493888	3845.3962967104	5.688676962125474	2746.6727300000002
11796.811531588268	3851.088117205366	5.694964861697205	2747.6727300000002
11814.105519304932	3856.7862281019534	5.701257765746046	2748.6727300000002
11831.41956430962	3862.49063440577	5.707555676531507	2749.6727300000002
11848.753682829825	3868.2013411246817	5.713858596313093	2750.6727300000002
11866.10789109983	3873.9183532688157	5.720166527350308	2751.6727300000002