9.742712e-8	7.78799e-13	1.047129e-10	930.428808666363
9.969651e-8	8.092866e-13	1.0715190000000001e-10	930.4297850677403
1.020188e-7	8.409501e-13	1.096478e-10	930.4303501766565
1.043951e-7	8.73834e-13	1.1220180000000002e-10	930.4304728979391
1.068268e-7	9.079846e-13	1.148154e-10	930.4301338026083
1.093151e-7	9.434498e-13	1.174898e-10	930.4300752048265
1.118614e-7	9.802794e-13	1.202264e-10	930.4310890070733
1.14467e-7	1.018525e-12	1.230269e-10	930.4308124889759
1.171333e-7	1.05824e-12	1.258925e-10	930.4315844073315
1.198618e-7	1.09948e-12	1.28825e-10	930.4319773335923
1.226537e-7	1.142303e-12	1.318257e-10	930.4319438698221
1.255107e-7	1.186768e-12	1.348963e-10	930.4323896800727
1.284343e-7	1.232937e-12	1.380384e-10	930.4333644623524
1.314259e-7	1.280874e-12	1.412538e-10	930.4328865772108
1.344873e-7	1.330647e-12	1.4454399999999998e-10	930.4338516091987
1.376199e-7	1.382322e-12	1.479108e-10	930.4343044726957
1.408255e-7	1.435974e-12	1.513561e-10	930.4344917317505
1.441058e-7	1.491674e-12	1.548817e-10	930.4345941063405
1.474625e-7	1.549501e-12	1.584893e-10	930.435363781656
1.508974e-7	1.609534e-12	1.62181e-10	930.4358065001448
1.544122e-7	1.671855e-12	1.6595870000000001e-10	930.4355351964074
1.58009e-7	1.736551e-12	1.698244e-10	930.4360065514733
1.616896e-7	1.80371e-12	1.737801e-10	930.43682049901
1.654558e-7	1.873423e-12	1.7782789999999997e-10	930.4370878979058
1.693098e-7	1.945787e-12	1.8197010000000002e-10	930.4371750468895
1.732536e-7	2.0209e-12	1.862087e-10	930.4378415186832
1.772893e-7	2.098865e-12	1.905461e-10	930.4383499058758
1.814189e-7	2.179788e-12	1.9498450000000002e-10	930.4384696629733
1.856447e-7	2.263778e-12	1.9952619999999999e-10	930.4390289495815
1.89969e-7	2.350951e-12	2.041738e-10	930.4394146114731
1.94394e-7	2.441423e-12	2.089296e-10	930.4399253289146
1.989221e-7	2.535318e-12	2.1379620000000003e-10	930.4404630110357
2.035557e-7	2.632763e-12	2.187762e-10	930.4409381047847
2.082971e-7	2.733888e-12	2.238721e-10	930.441238046188
2.131491e-7	2.838831e-12	2.290868e-10	930.4418186949225
2.18114e-7	2.947732e-12	2.344229e-10	930.4421527589667
2.231946e-7	3.060738e-12	2.398833e-10	930.4426808285529
2.2839360000000003e-7	3.178e-12	2.454709e-10	930.4433967529349
2.337136e-7	3.299676e-12	2.511886e-10	930.443896243699
2.391576e-7	3.425927e-12	2.570396e-10	930.4442814531302
2.447283e-7	3.556923e-12	2.630268e-10	930.4445665726839
2.504289e-7	3.692838e-12	2.691535e-10	930.4452397535234
2.562622e-7	3.833852e-12	2.754229e-10	930.445630526728
2.622314e-7	3.980154e-12	2.818383e-10	930.4462174019641
2.683397e-7	4.131936e-12	2.884032e-10	930.4467909371325
2.745902e-7	4.289401e-12	2.951209e-10	930.4474518781965
2.809863e-7	4.452756e-12	3.019952e-10	930.4477447191213
2.875314e-7	4.622216e-12	3.090295e-10	930.448459503057
2.94229e-7	4.798006e-12	3.162278e-10	930.4488663109314
3.010826e-7	4.980355e-12	3.2359370000000006e-10	930.4494505146422
3.080958e-7	5.169504e-12	3.3113109999999996e-10	930.4501132753766
3.152724e-7	5.3657e-12	3.3884420000000004e-10	930.4505306568625
3.226162e-7	5.5692e-12	3.4673690000000003e-10	930.4512130090568
3.30131e-7	5.780271e-12	3.548134e-10	930.4518382648456
3.378209e-7	5.999186e-12	3.6307810000000007e-10	930.4524265881088
3.456899e-7	6.226231e-12	3.715352e-10	930.4532282028728
3.537422e-7	6.461702e-12	3.801894e-10	930.4537730457502
3.619821e-7	6.705902e-12	3.890451e-10	930.4546077100059
3.704139e-7	6.95915e-12	3.9810719999999997e-10	930.4550612247153
3.790421e-7	7.221772e-12	4.0738029999999993e-10	930.4556989427324
3.878713e-7	7.494107e-12	4.168694e-10	930.456382999088
3.969062e-7	7.776505e-12	4.265795e-10	930.4572219363565
4.061515e-7	8.069331e-12	4.365158e-10	930.4578879641928
4.156121e-7	8.372959e-12	4.466836e-10	930.4583220852522
4.252932e-7	8.68778e-12	4.570882e-10	930.4591275381862
4.351997e-7	9.014195e-12	4.677351000000001e-10	930.459814102042
4.453371e-7	9.352621e-12	4.786301e-10	930.4606054257767
4.557105e-7	9.703489e-12	4.897788e-10	930.4612684113728
4.6632559999999994e-7	1.006725e-11	5.011871999999999e-10	930.4620454193562
4.77188e-7	1.044435e-11	5.128614e-10	930.4627806849962
4.883034e-7	1.083529e-11	5.248075e-10	930.4635228917269
4.996777e-7	1.124055e-11	5.370318e-10	930.4643422419305
5.113169e-7	1.166065e-11	5.495409e-10	930.4649765831806
5.232273e-7	1.209611e-11	5.623413e-10	930.465886304278
5.354151e-7	1.254748e-11	5.754399000000001e-10	930.4666698989764
5.478868e-7	1.301533e-11	5.888436999999999e-10	930.4673130238125
5.606491e-7	1.350025e-11	6.025595999999999e-10	930.4682893609197
5.737086e-7	1.400285e-11	6.16595e-10	930.469113194236
5.870723e-7	1.452374e-11	6.309573e-10	930.4699759238857
6.007473e-7	1.506358e-11	6.456542e-10	930.4707745725187
6.147409e-7	1.562305e-11	6.606934000000001e-10	930.4717181222031
6.290604e-7	1.620283e-11	6.760829999999999e-10	930.4724461789453
6.437135e-7	1.680365e-11	6.918309999999999e-10	930.4733434176845
6.587079e-7	1.742624e-11	7.079458e-10	930.4742343834796
6.740516e-7	1.807139e-11	7.244359999999999e-10	930.4751163525833
6.897527e-7	1.873987e-11	7.413102e-10	930.4761216964235
7.058195e-7	1.943253e-11	7.585775999999999e-10	930.4768985137447
7.222606e-7	2.01502e-11	7.762471000000001e-10	930.4778725743387
7.390847e-7	2.089377e-11	7.943281999999999e-10	930.4788546724138
7.563007e-7	2.166414e-11	8.128305e-10	930.4798037721271
7.739177e-7	2.246226e-11	8.317638000000001e-10	930.4806992802523
7.919451e-7	2.32891e-11	8.51138e-10	930.4817657066186
8.103925e-7	2.414567e-11	8.709636e-10	930.482795917074
8.292695e-7	2.5033e-11	8.912509e-10	930.4838098901218
8.485863e-7	2.595218e-11	9.120107999999999e-10	930.4848716484498
8.68353e-7	2.690431e-11	9.332542999999998e-10	930.4858325431771
8.885802e-7	2.789054e-11	9.549926e-10	930.486886013567
9.092785e-7	2.891207e-11	9.772372e-10	930.4879225535009
9.304590000000001e-7	2.997011e-11	1.0000000000000003e-9	930.48897011
9.521329e-7	3.106595e-11	1.023293e-9	930.4900609600573
9.743117e-7	3.220089e-11	1.047129e-9	930.4907999778443
9.970071e-7	3.33763e-11	1.071519e-9	930.4925776397806
1.020231e-6	3.459357e-11	1.096478e-9	930.4934468087824
1.043996e-6	3.585415e-11	1.122018e-9	930.4947462072801
1.068315e-6	3.715955e-11	1.148154e-9	930.4955254695799
1.0932e-6	3.851132e-11	1.174898e-9	930.4965293327591
1.118665e-6	3.991105e-11	1.202264e-9	930.4985519403393
1.144723e-6	4.13604e-11	1.230269e-9	930.4992326068526
1.171388e-6	4.286109e-11	1.2589250000000002e-9	930.5009123577655
1.198674e-6	4.441488e-11	1.28825e-9	930.5013893887057
1.226596e-6	4.60236e-11	1.3182569999999998e-9	930.5029471491522
1.255168e-6	4.768913e-11	1.348963e-9	930.5041644062884
1.284406e-6	4.941343e-11	1.380384e-9	930.5058689683452
1.314324e-6	5.119851e-11	1.412538e-9	930.5060809054341
1.34494e-6	5.304646e-11	1.4454400000000001e-9	930.5076976284039
1.376269e-6	5.495944e-11	1.479108e-9	930.5094417987057
1.408328e-6	5.693966e-11	1.513561e-9	930.51085464015
1.441133e-6	5.898942e-11	1.548817e-9	930.5114738668287
1.474703e-6	6.11111e-11	1.584893e-9	930.5133602710088
1.509055e-6	6.330715e-11	1.62181e-9	930.5148612661162
1.544207e-6	6.558011e-11	1.659587e-9	930.5161947580934
1.580177e-6	6.79326e-11	1.6982440000000002e-9	930.5170120430279
1.616986e-6	7.036732e-11	1.7378010000000003e-9	930.5187229838168
1.654652e-6	7.288706e-11	1.778279e-9	930.520400375869
1.693196e-6	7.549472e-11	1.819701e-9	930.5218245854677
1.732637e-6	7.819327e-11	1.8620869999999998e-9	930.523221133062
1.772997e-6	8.098581e-11	1.905461e-9	930.5244168261643
1.814298e-6	8.38755e-11	1.949845e-9	930.5262087499264
1.85656e-6	8.686564e-11	1.995262e-9	930.5278533044784
1.8998069999999998e-6	8.995962e-11	2.041738e-9	930.5292645873271
1.944061e-6	9.316096e-11	2.089296e-9	930.5307438295005
1.989346e-6	9.647326e-11	2.1379620000000006e-9	930.5321952682041
2.035687e-6	9.990029e-11	2.187762e-9	930.5339887474048
2.083106e-6	1.034459e-10	2.238721e-9	930.5355360940467
2.13163e-6	1.071141e-10	2.290868e-9	930.536859434939
2.181285e-6	1.109089e-10	2.344229e-9	930.5387438257952
2.232096e-6	1.148347e-10	2.398833e-9	930.5403230237371
2.284091e-6	1.188959e-10	2.454709e-9	930.5420299921495
2.337297e-6	1.230969e-10	2.511886e-9	930.5438610271327
2.391743e-6	1.274425e-10	2.5703959999999997e-9	930.545504467016
2.447457e-6	1.319375e-10	2.630268e-9	930.5473577217227
2.504468e-6	1.365869e-10	2.691535e-9	930.5487712030496
2.562808e-6	1.413959e-10	2.754229e-9	930.5505809066713
2.622507e-6	1.463698e-10	2.818383e-9	930.5525082290093
2.683597e-6	1.515141e-10	2.8840319999999994e-9	930.5543468657769
2.746109e-6	1.568345e-10	2.9512089999999995e-9	930.5562006960538
2.810078e-6	1.623369e-10	3.019952e-9	930.5579482389123
2.875537e-6	1.680272e-10	3.0902949999999996e-9	930.5600362424946
2.942521e-6	1.739118e-10	3.162278e-9	930.5617380255626
3.011065e-6	1.799971e-10	3.235937e-9	930.5635422135845
3.081206e-6	1.862899e-10	3.311311e-9	930.5656550834398
3.152981e-6	1.927969e-10	3.388442e-9	930.5674398145223
3.226428e-6	1.995252e-10	3.467369e-9	930.5694101781495
3.301586e-6	2.064823e-10	3.548134e-9	930.5715292319851
3.378494e-6	2.136757e-10	3.630781e-9	930.5732501354393
3.457195e-6	2.211132e-10	3.7153519999999994e-9	930.575652912564
3.537728e-6	2.288028e-10	3.801894e-9	930.5774445052913
3.620138e-6	2.36753e-10	3.890451e-9	930.579707339843
3.704468e-6	2.449722e-10	3.981072e-9	930.5817559190086
3.790762e-6	2.534695e-10	4.073803e-9	930.5838965458075
3.879066e-6	2.622538e-10	4.168694e-9	930.5859949902775
3.969427e-6	2.713348e-10	4.265795000000001e-9	930.5881634724594
4.061893e-6	2.807222e-10	4.365158e-9	930.5903067426196
4.156514e-6	2.90426e-10	4.466836e-9	930.5925773858721
4.253338e-6	3.004567e-10	4.570882e-9	930.5946766291495
4.352418e-6	3.108249e-10	4.677351e-9	930.5970034962097
4.453806e-6	3.215419e-10	4.786301e-9	930.599129035136
4.538835e-6	3.306119e-10	4.877671e-9	930.6010208355586
4.675023e-6	3.30612e-10	5.024015000107458e-9	930.601045558184
4.772363e-6	3.407815e-10	5.128614e-9	930.6030404120879
4.883534e-6	3.525066e-10	5.248075000000001e-9	930.6053184453347
4.997294e-6	3.646249e-10	5.370318e-9	930.6075775959636
5.113705e-6	3.771492e-10	5.4954089999999994e-9	930.6099235197962
5.232827e-6	3.900928e-10	5.623413e-9	930.6122621262211
5.354725e-6	4.034695e-10	5.754399e-9	930.6147296181581
5.479462e-6	4.172934e-10	5.888437e-9	930.6169520706429
5.607105e-6	4.31579e-10	6.025596000000001e-9	930.6194074411893
5.737721e-6	4.463415e-10	6.16595e-9	930.6217762875144
5.871381e-6	4.615965e-10	6.309573e-9	930.6244014452324
6.008154e-6	4.773598e-10	6.456542e-9	930.6268525473853
6.148113e-6	4.936482e-10	6.606933999999999e-9	930.6293430810722
6.291332e-6	5.104787e-10	6.76083e-9	930.631664854759
6.437888e-6	5.278688e-10	6.918310000000001e-9	930.634196617382
6.587859e-6	5.458369e-10	7.079458e-9	930.6368986015597
6.741322e-6	5.644017e-10	7.24436e-9	930.6393389754237
6.898361e-6	5.835826e-10	7.413102e-9	930.642068947655
7.059059e-6	6.033995e-10	7.585776e-9	930.6447223725035
7.2235e-6	6.238732e-10	7.762471e-9	930.6474540387977
7.391771e-6	6.450248e-10	7.943282e-9	930.6500795011433
7.563963e-6	6.668763e-10	8.128305e-9	930.6528084637573
7.740166e-6	6.894505e-10	8.317637999999998e-9	930.6554878320024
7.920474e-6	7.127707e-10	8.51138e-9	930.6583386830338
8.104983e-6	7.36861e-10	8.709636e-9	930.6611505922866
8.293789e-6	7.617464e-10	8.912509e-9	930.6639405805929
8.486994e-6	7.874525e-10	9.120108e-9	930.6667697904454
8.684701e-6	8.140058e-10	9.332543e-9	930.669701259346
8.887013e-6	8.414337e-10	9.549926e-9	930.6725972222193
9.094038e-6	8.697645e-10	9.772371999999998e-9	930.6755580426126
9.305886e-6	8.990271e-10	1.e-8	930.67850271
9.522669e-6	9.292518e-10	1.023293e-8	930.6814618882372
9.744502e-6	9.604694e-10	1.047129e-8	930.6840388720016
9.971504e-6	9.927119e-10	1.071519e-8	930.6878097261924
0.00001020379	1.026012e-9	1.0964780000000002e-8	930.6904481439664
0.00001044149	1.060405e-9	1.1220179999999998e-8	930.6936613316362
0.00001068473	1.095924e-9	1.148154e-8	930.6962240256969
0.00001093364	1.132607e-9	1.174898e-8	930.6997379346973
0.00001118834	1.170491e-9	1.202264e-8	930.7032807270284
0.00001144898	1.209614e-9	1.230269e-8	930.7061800305462
0.00001171569	1.250016e-9	1.258925e-8	930.7099323629286
0.00001198861	1.291738e-9	1.28825e-8	930.7123413933631
0.00001226789	1.334822e-9	1.318257e-8	930.7156967116427
0.00001255368	1.379313e-9	1.3489630000000002e-8	930.7193238806401
0.00001284613	1.425255e-9	1.3803840000000001e-8	930.7232809855808
0.00001314539	1.472695e-9	1.4125379999999998e-8	930.7263022304534
0.00001345162	1.52168e-9	1.44544e-8	930.729859419969
0.00001376498	1.57226e-9	1.479108e-8	930.733405539014
0.00001408565	1.624487e-9	1.513561e-8	930.7371481559052
0.00001441378	1.678413e-9	1.548817e-8	930.7399397733883
0.00001474956	1.734091e-9	1.584893e-8	930.7438477550221
0.00001509316	1.791579e-9	1.6218099999999996e-8	930.7472255689632
0.00001544477	1.850934e-9	1.6595870000000003e-8	930.7508997117957
0.00001580457	1.912216e-9	1.6982440000000004e-8	930.7544861633544
0.00001617275	1.975486e-9	1.737801e-8	930.7582102899008
0.00001654951	2.040808e-9	1.778279e-8	930.7623161494905
0.00001693504	2.108247e-9	1.819701e-8	930.7654525111543
0.00001732956	2.17787e-9	1.8620870000000003e-8	930.7695005657631
0.00001773327	2.249748e-9	1.9054609999999996e-8	930.7731697473735
0.00001814639	2.323952e-9	1.949845e-8	930.7772644492253
0.00001856912	2.400556e-9	1.995262e-8	930.7810481029559
0.00001900171	2.479638e-9	2.041738e-8	930.7849311713843
0.00001944438	2.561274e-9	2.089296e-8	930.7891880327153
0.00001989735	2.645548e-9	2.137962e-8	930.7927618919325
0.00002036089	2.732543e-9	2.187762e-8	930.7969762250191
0.00002083522	2.822346e-9	2.238721e-8	930.801218463578
0.0000213206	2.915045e-9	2.290868e-8	930.8050505310651
0.00002181729	3.010733e-9	2.344229e-8	930.8092653490764
0.00002232555	3.109505e-9	2.398833e-8	930.8134207341653
0.00002284565	3.211459e-9	2.4547090000000004e-8	930.8175208955521
0.00002337787	3.316696e-9	2.5118860000000003e-8	930.8219678759307
0.00002392249	3.42532e-9	2.5703959999999997e-8	930.8260408123884
0.0000244798	3.53744e-9	2.6302680000000005e-8	930.8305252544607
0.00002505009	3.653165e-9	2.691535e-8	930.8347528454952
0.00002563367	3.77261e-9	2.754229e-8	930.8391789498985
0.00002623084	3.895894e-9	2.8183830000000005e-8	930.8435331181034
0.00002684193	4.023137e-9	2.8840320000000005e-8	930.8479634414597
0.00002746725	4.154466e-9	2.9512090000000002e-8	930.852557917789
0.00002810714	4.29001e-9	3.019952e-8	930.8568483869942
0.00002876195	4.429903e-9	3.090295e-8	930.8619372260578
0.000029432	4.574283e-9	3.162278e-8	930.8661124354026
0.00003011767	4.723291e-9	3.235937e-8	930.8708201364859
0.00003081931	4.877074e-9	3.311311e-8	930.8756282330471
0.0000315373	5.035783e-9	3.388442e-8	930.8802034386305
0.00003227202	5.199575e-9	3.4673690000000004e-8	930.8850478561699
0.00003302385	5.36861e-9	3.548134e-8	930.8898313874276
0.00003379321	5.543054e-9	3.630781000000001e-8	930.8948420188383
0.00003458048	5.723078e-9	3.715352e-8	930.8997661056071
0.0000353861	5.908859e-9	3.801894e-8	930.9046716978434
0.00003621049	6.100579e-9	3.890451e-8	930.9098245678972
0.00003705408	6.298425e-9	3.981072e-8	930.9145482674014
0.00003791733	6.502591e-9	4.073803e-8	930.9196490601042
0.0000388007	6.713277e-9	4.168694e-8	930.9249677956693
0.00003970464	6.930689e-9	4.265795e-8	930.9301241386424
0.00004062964	7.155039e-9	4.3651580000000004e-8	930.9352614269632
0.0000415762	7.386547e-9	4.466836000000001e-8	930.9405258442439
0.00004254481	7.625437e-9	4.570882e-8	930.9458313953413
0.00004353598	7.871944e-9	4.677351000000001e-8	930.9511290471894
0.00004455025	8.126309e-9	4.786301e-8	930.9564172625165
0.00004558815	8.388777e-9	4.897787999999999e-8	930.9618704811234
0.00004665024	8.659607e-9	5.011872e-8	930.9675029011116
0.00004773706	8.93906e-9	5.1286140000000005e-8	930.9727552122268
0.00004884922	9.22741e-9	5.248074999999999e-8	930.9784522896492
0.00004998728	9.524937e-9	5.370317999999999e-8	930.984067181869
0.00005115186	9.831929e-9	5.495409e-8	930.9897030230143
0.00005234357	1.014869e-8	5.623413e-8	930.9954415583561
0.00005356305	1.047552e-8	5.7543990000000006e-8	931.0012308844068
0.00005481094	1.081274e-8	5.888436999999999e-8	931.0068654890932
0.00005608791	1.116067e-8	6.025596e-8	931.0128105170013
0.000057394629999999996	1.151966e-8	6.16595e-8	931.0187345015772
0.00005873179	1.189006e-8	6.309573e-8	931.0246519059214
0.00006010011	1.227221e-8	6.456542e-8	931.0306075605178
0.00006150031	1.26665e-8	6.606934e-8	931.0366427150628
0.00006293314	1.30733e-8	6.76083e-8	931.0426870665287
0.00006439935	1.349302e-8	6.91831e-8	931.0488113426546
0.00006589972	1.392604e-8	7.079457999999999e-8	931.0549768075465
0.00006743505	1.43728e-8	7.24436e-8	931.0611675841619
0.00006900616	1.483373e-8	7.413102e-8	931.0676384865607
0.00007061387	1.530926e-8	7.585776e-8	931.0738843329938
0.00007225904	1.579987e-8	7.762470999999999e-8	931.0803205577195
0.00007394254	1.630602e-8	7.943281999999999e-8	931.0867475182173
0.00007566527	1.682821e-8	8.128305e-8	931.0932378890802
0.00007742814	1.736693e-8	8.317638000000002e-8	931.0997536800711
0.00007923208	1.792272e-8	8.51138e-8	931.1063860384567
0.00008107806	1.849609e-8	8.709636e-8	931.1130349190254
0.00008296705	1.908762e-8	8.912509e-8	931.1198184484302
0.00008490005	1.969786e-8	9.120108000000001e-8	931.1265596854773
0.00008687809	2.03274e-8	9.332543e-8	931.1333191821351
0.00008890223	2.097686e-8	9.549926000000002e-8	931.1402712439865
0.00009097352	2.164686e-8	9.772372e-8	931.1471857600181
0.00009309308	2.233804e-8	9.999999999999998e-8	931.1541804000001
0.00009526202	2.305107e-8	1.0232929999999999e-7	931.1611734859908
0.00009748151	2.378664e-8	1.0471290000000001e-7	931.1679519906335
0.0000997527	2.454544e-8	1.071519e-7	931.1756995442918
0.0001020768	2.532822e-8	1.0964780000000002e-7	931.1826431538069
0.0001044551	2.613572e-8	1.1220180000000002e-7	931.1903705644651
0.0001068888	2.696873e-8	1.148154e-7	931.1971105792429
0.0001093792	2.782803e-8	1.174898e-7	931.2044792824568
0.0001119276	2.871447e-8	1.202264e-7	931.2123998556058
0.0001145354	2.962888e-8	1.230269e-7	931.2193421113595
0.000117204	3.057214e-8	1.2589249999999996e-7	931.2276119705305
0.0001199348	3.154517e-8	1.28825e-7	931.2349712400544
0.0001227291	3.254889e-8	1.318257e-7	931.242154526773
0.0001255886	3.358427e-8	1.348963e-7	931.2500362871333
0.0001285148	3.465231e-8	1.3803839999999998e-7	931.2586375240514
0.0001315091	3.575401e-8	1.412538e-7	931.265948314311
0.0001345732	3.689045e-8	1.44544e-7	931.2741480102943
0.0001377086	3.806271e-8	1.479108e-7	931.281980152903
0.0001409172	3.927191e-8	1.513561e-7	931.2903273141949
0.0001442005	4.051922e-8	1.548817e-7	931.2980114500293
0.0001475603	4.180582e-8	1.584893e-7	931.3064403716844
0.0001509984	4.313295e-8	1.62181e-7	931.314598812438
0.0001522496	4.361852e-8	1.6352440000000002e-7	931.3180083216938
0.0001581168	4.397829e-8	1.698244e-7	931.3195176311532
0.0001618009	4.537383e-8	1.7378009999999998e-7	931.3280049326708
0.0001655708	4.681333e-8	1.778279e-7	931.336496297825
0.0001694285	4.829814e-8	1.8197010000000003e-7	931.3442051194124
0.0001733762	4.982969e-8	1.862087e-7	931.3529909719579
0.0001774158	5.140945e-8	1.905461e-7	931.3610168352959
0.0001815496	5.303892e-8	1.949845e-7	931.3696161489759
0.0001857796	5.471966e-8	1.995262e-7	931.378032859845
0.0001901083	5.645329e-8	2.0417380000000003e-7	931.3866582783883
0.0001945378	5.824145e-8	2.089296e-7	931.3952711822548
0.0001990706	6.008585e-8	2.1379619999999998e-7	931.4042337983557
0.000203709	6.198825e-8	2.1877620000000004e-7	931.4129610533503
0.0002084554	6.395048e-8	2.238721e-7	931.421782705393
0.0002133125	6.597441e-8	2.290868e-7	931.4306822130301
0.0002182827	6.806196e-8	2.3442290000000002e-7	931.4395562890827
0.0002233688	7.021512e-8	2.398833e-7	931.4488133188096
0.0002285734	7.243597e-8	2.454709e-7	931.458009768164
0.0002338992	7.47266e-8	2.511886e-7	931.4671390341758
0.0002393492	7.708921e-8	2.570396e-7	931.4762752898774
0.0002449262	7.952605e-8	2.630268e-7	931.4857879501252
0.0002506332	8.203945e-8	2.691535e-7	931.4953714144532
0.0002564731	8.463179e-8	2.754229e-7	931.5047216117468
0.0002624491	8.730556e-8	2.818383e-7	931.5142958213982
0.0002685644	9.006329e-8	2.884032e-7	931.5238641249474
0.0002748222	9.290762e-8	2.951209e-7	931.5338480602355
0.0002812258	9.584125e-8	3.019952e-7	931.5434193987189
0.0002877787	9.886699e-8	3.090295e-7	931.5536768819806
0.0002944843	1.019877e-7	3.1622779999999993e-7	931.5635364759203
0.0003013461	1.052064e-7	3.235937e-7	931.5734713005846
0.0003083678	1.085261e-7	3.311311e-7	931.5836721467721
0.0003155532	1.119499e-7	3.388442e-7	931.5937823341818
0.000322906	1.154813e-7	3.4673689999999997e-7	931.603995132909
0.0003304302	1.191234e-7	3.548134e-7	931.6145427427488
0.0003381298	1.228797e-7	3.630781e-7	931.6251233550028
0.0003460087	1.267539e-7	3.715352e-7	931.6356940069205
0.0003540713	1.307497e-7	3.801894e-7	931.646304973258
0.0003623218	1.348707e-7	3.890451e-7	931.6572055527752
0.0003707645	1.39121e-7	3.9810719999999996e-7	931.6677040756862
0.000379404	1.435046e-7	4.073803e-7	931.6785927056364
0.0003882449	1.480256e-7	4.1686939999999994e-7	931.6896985002976
0.0003972918	1.526884e-7	4.2657950000000004e-7	931.7008632622992
0.0004065495	1.574974e-7	4.365158e-7	931.7119733123062
0.000416023	1.624571e-7	4.466836e-7	931.7231640024393
0.0004257172	1.675723e-7	4.570882e-7	931.7343398932635
0.0004356374	1.728478e-7	4.677351e-7	931.7458702586143
0.0004457888	1.782886e-7	4.786301e-7	931.7572977545709
0.0004561768	1.839e-7	4.897788e-7	931.7689944930241
0.0004668068	1.896872e-7	5.011872000000001e-7	931.7805546510366
0.0004776847	1.956557e-7	5.128614e-7	931.7924018068038
0.000488816	2.018113e-7	5.248074999999999e-7	931.80415923934
0.0005002068	2.081596e-7	5.370318e-7	931.8162529667703
0.000511863	2.147069e-7	5.495409e-7	931.8281985926798
0.0005237909	2.214592e-7	5.623413e-7	931.8404307135186
0.0005359968	2.28423e-7	5.754399e-7	931.8526973885542
0.0005484872	2.35605e-7	5.888437e-7	931.864949900967
0.0005612686	2.430119e-7	6.025596e-7	931.8772979469582
0.000574348	2.506507e-7	6.165950000000001e-7	931.8898964474249
0.0005877322	2.585287e-7	6.309573e-7	931.9025688426141
0.0006014284	2.666534e-7	6.456542e-7	931.9153401309865
0.0006154438	2.750324e-7	6.606934e-7	931.9282323692048
0.0006297858	2.836738e-7	6.76083e-7	931.9410099055883
0.0006444621	2.925858e-7	6.918309999999999e-7	931.9540260554962
0.0006594805	3.017767e-7	7.079458e-7	931.9672165581036
0.0006748489	3.112553e-7	7.244360000000001e-7	931.9804030997907
0.0006905755	3.210305e-7	7.413102e-7	931.9938272804017
0.0007066687	3.311117e-7	7.585776e-7	932.0072352518714
0.0007231369	3.415085e-7	7.762470999999999e-7	932.0207553754467
0.000739989	3.522305e-7	7.943282000000001e-7	932.0344292195593
0.0007707905	3.569864e-7	8.273756e-7	932.0404014815036
0.0007748804	3.595303e-7	8.317637999999999e-7	932.0433641137063
0.0007929382	3.708164e-7	8.51138e-7	932.0568655141705
0.0008114169	3.824555e-7	8.709635999999999e-7	932.07035919756
0.0008303263	3.944589e-7	8.912509000000001e-7	932.0840617383948
0.0008420832	4.019687e-7	9.038643999999999e-7	932.0924341084792
0.0008694773	4.088093e-7	9.332543e-7	932.0997602689856
0.0008897397	4.216374e-7	9.549926e-7	932.1133351190365
0.0009104744	4.348669e-7	9.772372e-7	932.1270894108411
0.0009316923	4.485103e-7	1.e-6	932.1408103
0.0009534047999999999	4.625804e-7	1.023293e-6	932.154700950754
0.0009756234	4.770906e-7	1.047129e-6	932.1683294035405
0.0009983599	4.920546e-7	1.071519e-6	932.1831480356392
0.001021626	5.074866e-7	1.096478e-6	932.1969858036367
0.001045435	5.234013e-7	1.122018e-6	932.2117838572999
0.001069799	5.398137e-7	1.1481539999999999e-6	932.2258283296492
0.00109473	5.567393e-7	1.174898e-6	932.2398534170626
0.001120243	5.741942e-7	1.2022639999999998e-6	932.2554731739451
0.00114635	5.921948e-7	1.230269e-6	932.2694425365507
0.001173066	6.107583e-7	1.2589250000000002e-6	932.2848925074964
0.001200405	6.299022e-7	1.28825e-6	932.2995553658066
0.001228381	6.496446e-7	1.3182569999999998e-6	932.3149011156398
0.001257009	6.700042e-7	1.348963e-6	932.3302449362956
0.001286304	6.910003e-7	1.3803840000000001e-6	932.3456373733686
0.001316283	7.126527e-7	1.4125380000000002e-6	932.3612198043521
0.00134696	7.34982e-7	1.44544e-6	932.3769800199246
0.001378352	7.580093e-7	1.479108e-6	932.3930431719658
0.001410476	7.817563e-7	1.513561e-6	932.4089060830717
0.001443348	8.062455e-7	1.5488170000000002e-6	932.4240665617693
0.001476987	8.315002e-7	1.584893e-6	932.4405497405818
0.00151141	8.575441e-7	1.62181e-6	932.4566651457322
0.001546636	8.84402e-7	1.6595870000000002e-6	932.4732008626243
0.001582683	9.120992e-7	1.6982439999999998e-6	932.4897359861128
0.00161957	9.406619e-7	1.7378009999999997e-6	932.5064618445956
0.001657316	9.701172e-7	1.7782789999999998e-6	932.523027713874
0.001695943	1.000493e-6	1.8197010000000002e-6	932.5397375722715
0.001735471	1.031818e-6	1.8620869999999998e-6	932.5572961950758
0.001739608	1.03511e-6	1.866524e-6	932.5586544828782
0.00181731	1.051185e-6	1.949845e-6	932.567042508507
0.001859665	1.084093e-6	1.995262e-6	932.5838376113012
0.001903008	1.11803e-6	2.041738e-6	932.6005736289377
0.001947361	1.153027e-6	2.089296e-6	932.6175070454354
0.001992748	1.189118e-6	2.137962e-6	932.6344986487131
0.002039193	1.226336e-6	2.1877619999999994e-6	932.6514200356346
0.002086721	1.264716e-6	2.238721e-6	932.6690177114523
0.002135357	1.304296e-6	2.290868e-6	932.6863424693173
0.002185127	1.345112e-6	2.3442290000000005e-6	932.7041479309399
0.002236057	1.387203e-6	2.398833e-6	932.721953966783
0.002288174	1.430608e-6	2.4547090000000004e-6	932.7397292306338
0.002341506	1.47537e-6	2.511886e-6	932.7578441059826
0.002396082	1.52153e-6	2.5703960000000003e-6	932.7759341362187
0.00245193	1.569131e-6	2.630268e-6	932.7943506137017
0.00250908	1.618219e-6	2.691535e-6	932.812770036429
0.002567562	1.66884e-6	2.7542290000000004e-6	932.8312351659937
0.002627408	1.721042e-6	2.818383e-6	932.850163373821
0.002688649	1.774875e-6	2.8840319999999994e-6	932.8689400811087
0.002751317	1.830388e-6	2.951209e-6	932.8879750637791
0.002815447	1.887635e-6	3.019952e-6	932.9070909074052
0.002881072	1.94667e-6	3.090295e-6	932.9266849928567
0.002948227	2.007549e-6	3.1622780000000004e-6	932.9459803976753
0.003016947	2.070328e-6	3.235937e-6	932.9654217619192
0.00308727	2.135068e-6	3.311311e-6	932.9854755412584
0.003159232	2.201829e-6	3.388442e-6	933.0051477935878
0.003232872	2.270675e-6	3.467369e-6	933.0252058549291
0.003308229	2.34167e-6	3.548134e-6	933.0455585950249
0.003385343	2.414882e-6	3.630781e-6	933.0658836211823
0.003464255	2.49038e-6	3.715352e-6	933.0866577379478
0.003545007	2.568235e-6	3.801894e-6	933.1073499155948
0.003627641	2.648521e-6	3.890451e-6	933.1281954200168
0.003712203	2.731313e-6	3.981072e-6	933.1492404558369
0.003798736	2.81669e-6	4.073803e-6	933.170477315668
0.003887286	2.904733e-6	4.168694e-6	933.191722155668
0.003977901	2.995524e-6	4.265795e-6	933.2132753683661
0.004070629	3.089149e-6	4.365158e-6	933.2349823305365
0.00416552	3.185697e-6	4.466836e-6	933.2569400354076
0.004262622	3.285258e-6	4.570882e-6	933.2787978337661
0.004361989	3.387928e-6	4.677351e-6	933.3011202280951
0.004463673	3.493802e-6	4.786301e-6	933.3234165590504
0.004567728	3.602982e-6	4.897788e-6	933.346029268723
0.00467421	3.715569e-6	5.011872000000001e-6	933.368922630107
0.004783174	3.83167e-6	5.128614e-6	933.3916863308489
0.004894679	3.951396e-6	5.2480750000000006e-6	933.4147084407139
0.005008784	4.074858e-6	5.370318000000001e-6	933.4379934298116
0.00512555	4.202174e-6	5.495409e-6	933.4613991424478
0.005245039	4.333463e-6	5.623413e-6	933.4851384737347
0.005367314	4.46885e-6	5.754399000000001e-6	933.5089294294677
0.00549244	4.608463e-6	5.888436999999999e-6	933.5326951787038
0.005620485	4.752432e-6	6.025596e-6	933.5570177622263
0.005751515	4.900895e-6	6.165950000000001e-6	933.5813451292987
0.005885601	5.053992e-6	6.309573000000001e-6	933.6059654116054
0.006022814	5.211866e-6	6.456542e-6	933.6307060342826
0.006163226	5.374667e-6	6.606934e-6	933.655560506583
0.006306914	5.542549e-6	6.76083e-6	933.680709173282
0.006349596	5.592666e-6	6.8065439999999995e-6	933.6880311065352
0.006604413	5.624687e-6	7.079458e-6	933.6926198305013
0.006758382	5.800371e-6	7.24436e-6	933.7170393243848
0.006915942	5.981537e-6	7.413101999999999e-6	933.7418447769908
0.007077177	6.168356e-6	7.5857760000000005e-6	933.7667439692393
0.007242171	6.361006e-6	7.762471e-6	933.7918307198829
0.007411014	6.559667e-6	7.943282e-6	933.8172391462371
0.007583794	6.764527e-6	8.128305e-6	933.8427294497438
0.007760603	6.97578e-6	8.317638e-6	933.8683385836218
0.007941535	7.193624e-6	8.511379999999998e-6	933.8942244383402
0.008126688	7.418266e-6	8.709636e-6	933.9203459249043
0.008316158	7.649917e-6	8.912509000000001e-6	933.9466492544357
0.008510047	7.888797e-6	9.120108e-6	933.9731280594484
0.008708458	8.13513e-6	9.332543e-6	933.999782267277
0.008911497	8.389149e-6	9.549926e-6	934.0267295264908
0.009119271	8.651094e-6	9.772372e-6	934.053891317277
0.00933189	8.921211e-6	0.00001	934.0811211
0.009549469	9.199757e-6	0.00001023293	934.1086821663004
0.009772122	9.486993e-6	0.00001047129	934.1360035869504
0.009999969	9.783191e-6	0.000010715190000000001	934.1646943264655
0.01023313	0.00001008863	0.00001096478	934.1928091580496
0.01047173	0.0000104036	0.00001122018	934.2215187278636
0.01071589	0.0000107284	0.00001148154	934.2490989884633
0.01096575	0.00001106332	0.00001174898	934.2779815779753
0.01122144	0.0000114087	0.00001202264	934.3079972451973
0.01148309	0.00001176485	0.000012302690000000001	934.3367060374601
0.01175084	0.00001213212	0.00001258925	934.3663935500526
0.01202484	0.00001251084	0.000012882499999999999	934.3955629730254
0.01230523	0.00001290138	0.00001318257	934.4256377929341
0.01259216	0.0000133041	0.000013489630000000003	934.4558820367942
0.01288579	0.00001371938	0.00001380384	934.487025349468
0.01318626	0.00001414762	0.00001412538	934.5169914012932
0.01349374	0.00001458922	0.000014454400000000002	934.5479037524906
0.0138084	0.00001504459	0.00001479108	934.5798001227768
0.01413039	0.00001551417	0.000015135610000000002	934.6107735334089
0.0144599	0.0000159984	0.00001548817	934.6422721341514
0.01479709	0.00001649773	0.00001584893	934.6743111364617
0.01514215	0.00001701264	0.0000162181	934.7064477343215
0.01549526	0.00001754362	0.00001659587	934.7388006775179
0.01561285	0.00001772134	0.00001672167	934.7494203629183
0.01622636	0.00001772535	0.00001737801	934.7494534759734
0.01660474	0.00001827855	0.00001778279	934.7812435506464
0.01699195	0.00001884901	0.00001819701	934.8128626626021
0.01738819	0.00001943727	0.00001862087	934.8450029456195
0.01779367	0.00002004387	0.00001905461	934.8768549972947
0.01820861	0.0000206694	0.00001949845	934.9091543173945
0.01863323	0.00002131444	0.000019952619999999997	934.942099834508
0.01906776	0.0000219796	0.00002041738	934.9749869963726
0.01951243	0.0000226655	0.00002089296	935.0085148298758
0.01996746	0.0000233728	0.00002137962	935.0415395596367
0.02043312	0.00002410216	0.00002187762	935.0753034379425
0.02090964	0.00002485428	0.00002238721	935.1095683651514
0.02139727	0.00002562985	0.000022908679999999995	935.1433539601584
0.02189629	0.00002642961	0.00002344229	935.1782445315708
0.02240694	0.00002725432	0.00002398833	935.2128439120188
0.02292951	0.00002810475	0.00002454709	935.2479153333451
0.02346427	0.00002898171	0.00002511886	935.2833572064974
0.02401151	0.00002988602	0.00002570396	935.3187610002506
0.02457152	0.00003081853	0.00002630268	935.354820497379
0.02514459	0.00003178013	0.000026915349999999996	935.3907762670744
0.02573104	0.00003277172	0.00002754229	935.4273635198816
0.02633116	0.00003379424	0.00002818383	935.4638542738867
0.02694529	0.00003484865	0.000028840319999999997	935.5006688552693
0.02757376	0.00003593595	0.00002951209	935.5384843974113
0.02821688	0.00003705715	0.00003019952	935.5757028588533
0.02887501	0.00003821333	0.00003090295	935.6136980450085
0.0295485	0.00003940557	0.00003162278	935.6516274027774
0.03023771	0.00004063499	0.00003235937	935.6901877261517
0.03094299	0.00004190275	0.00003311311	935.7288623750533
0.03166474	0.00004321006	0.00003388442	935.7678266294656
0.03240333	0.00004455813	0.00003467368999999999	935.8071820449453
0.03315915	0.00004594825	0.00003548134	935.8467929903436
0.03393262	0.00004738172	0.000036307810000000006	935.8868441803568
0.03472413	0.0000488599	0.00003715352	935.9271988226151
0.03553411	0.00005038418	0.00003801894	935.9675514362053
0.03561557	0.00005053811	0.00003810597000000001	935.9716629703953
0.03721117	0.00005064854	0.00003981072	935.9744948094383
0.03807912	0.0000522286	0.00004073803	936.0135627569622
0.03896734	0.00005385794	0.000041686940000000005	936.05330446418
0.03987628	0.00005553809	0.00004265795	936.0932274054426
0.04080643	0.00005727064	0.00004365157999999999	936.1333688265122
0.04175829	0.00005905722	0.00004466836	936.1737753523972
0.04273236	0.00006089952	0.00004570882000000001	936.2144881447387
0.04372916	0.00006279928	0.00004677351	936.2555703003687
0.04474923	0.00006475828	0.00004786301	936.2969081969563
0.04579311	0.00006677837	0.00004897788000000001	936.3387792611684
0.04686135	0.00006886146	0.00005011872	936.3808864232766
0.04795452	0.00007100952	0.00005128614	936.4231646210848
0.0490732	0.00007322456	0.000052480750000000004	936.465743343988
0.05021799	0.00007550868	0.00005370318	936.5087631682146
0.05138951	0.00007786403	0.00005495409	936.5522025749129
0.0543213	0.00007956368	0.00005808442	936.5827132301572
0.05507053	0.00008102877	0.000058884370000000006	936.6077750343596
0.05635521	0.00008355627	0.00006025596	936.6503540894545
0.05766986	0.0000861626	0.0000616595	936.6930091875544
0.05901521	0.0000888502	0.00006309573	936.736292614413
0.06039195	0.00009162162	0.00006456542	936.7796510887716
0.06180083	0.00009447946	0.00006606934	936.8234866581079
0.06324259	0.00009742642	0.00006760830000000001	936.8674618353073
0.064718	0.0001004653	0.0000691831	936.9118368503291
0.06622785	0.0001035989	0.00007079458	936.9565989373764
0.06777295	0.0001068303	0.0000724436	937.0017544683036
0.06935411	0.0001101624	0.00007413101999999999	937.0473035444542
0.0709025	0.0001134499	0.0000757834	937.0911030647873
0.07432237	0.0001161892	0.00007943282	937.12597890897
0.0760563	0.0001198131	0.00008128305	937.1709489247758
0.07783072	0.0001235501	0.00008317637999999999	937.2164321169063
0.07964655	0.0001274036	0.00008511380000000001	937.262272392961
0.08150477	0.0001313772	0.00008709636	937.3083697183213
0.08340637	0.0001354748	0.00008912509	937.3549558266924
0.08535236	0.0001397002	0.00009120108	937.4018399782108
0.08734377	0.0001440573	0.00009332543	937.4489600530103
0.08938168	0.0001485503	0.00009549926000000002	937.4965868845475
0.09146716	0.0001531833	0.00009772372000000001	937.5445725971136
0.09360132	0.0001579609	0.00010000000000000002	937.592809
0.09578532	0.0001628874	0.0001023293	937.6415884795459
0.09802029	0.0001679676	0.00010471289999999999	937.69017570901
0.1003075	0.0001732062	0.0001071519	937.7407792115678
0.1008452	0.0001744436	0.0001077254	937.7513901085538
0.105043	0.0001766863	0.0001122018	937.7718209511792
0.107494	0.0001821968	0.00011481539999999999	937.8201600133781
0.1100021	0.0001878791	0.0001174898	937.8684711353667
0.1125689	0.0001937385	0.0001202264	937.9191134393112
0.1151955	0.0001997807	0.0001230269	937.9678810081374
0.1178835	0.0002060113	0.0001258925	938.0186373294678
0.1206342	0.0002124361	0.000128825	938.06820182418
0.1234492	0.0002190613	0.0001318257	938.1195115975111
0.1263299	0.0002258931	0.00013489629999999998	938.1709735552421
0.1292778	0.0002329379	0.0001380384	938.2225373519253
0.1322946	0.0002402024	0.0001412538	938.2742439495433
0.1353818	0.0002476934	0.000144544	938.3266922182864
0.1385411	0.000255418	0.0001479108	938.3798748975736
0.1417742	0.0002633835	0.0001513561	938.4331619274014
0.1450827	0.0002715973	0.0001548817	938.4859366858708
0.1484686	0.0002800673	0.0001584893	938.5407551172225
0.1519335	0.0002888014	0.000162181	938.5951584957547
0.1554793	0.0002978078	0.00016595869999999998	938.649843605668
0.1580418	0.000304359	0.0001686886	938.6891526754032
0.1666209	0.0003123413	0.0001778279	938.7348177648163
0.1705093	0.0003220817	0.0001819701	938.7881948737733
0.1744886	0.0003321258	0.0001862087	938.8429530951023
0.1785609	0.0003424831	0.0001905461	938.8981621770271
0.1827282	0.0003531634	0.0001949845	938.9534214258057
0.1869928	0.0003641767	0.0001995262	939.0093967609266
0.1913571	0.0003755334	0.00020417380000000001	939.0658027621565
0.1958232	0.0003872442	0.00020892960000000002	939.1222890389873
0.2003937	0.0003993201	0.00021379619999999997	939.1795555767595
0.2050709	0.0004117726	0.0002187762	939.2368667158494
0.2098573	0.0004246134	0.0002238721	939.2948625576836
0.2147556	0.0004378545	0.0002290868	939.3533564570284
0.2195833	0.0004510029	0.00023422600000000003	939.4102401099792
0.2301469	0.0004577091	0.0002454709	939.4376649126231
0.2355185	0.0004719822	0.0002511886	939.4951928550897
0.2410156	0.0004867003	0.00025703960000000007	939.5528949624882
0.2466411	0.0005018774	0.0002630268	939.611390930506
0.2477387	0.0005048519	0.0002641949	939.622800818638
0.252398	0.0005128182	0.0002691535	939.6527193590274
0.2582891	0.0005205402	0.00027542290000000003	939.6809059813108
0.2643176	0.0005274976	0.00028183829999999996	939.7058440957101
0.2704868	0.0005340658	0.0002884032	939.7290522435256
0.2767997	0.0005404122	0.00029512090000000004	939.7508349967759
0.2832599	0.0005466289	0.0003019952	939.7716549799468
0.2898706	0.0005527728	0.0003090295	939.7917441538751
0.2966355	0.0005588853	0.0003162277999999999	939.811064365625
0.3035582	0.0005650021	0.0003235937	939.8304172794464
0.3106422	0.0005711428	0.00033113110000000006	939.8493309749521
0.3178913	0.0005773289	0.0003388442	939.867434354786
0.3253095	0.0005835763	0.0003467369	939.8857643936944
0.3329006	0.0005899026	0.0003548134	939.9039117462869
0.3406687	0.0005963157	0.00036307810000000006	939.9217845967576
0.3486178	0.0006028331	0.0003715352	939.9395618503979
0.3567523	0.0006094621	0.0003801894	939.9571952821411
0.3650764	0.0006162136	0.00038904510000000006	939.9748604981788
0.3735945	0.0006230992	0.0003981072	939.9920403348646
0.3823113	0.0006301256	0.0004073803	940.0096803895525
0.3912312	0.0006373026	0.0004168694	940.0270266898937
0.4003591	0.0006446377	0.0004265795	940.0445584000169
0.4096997	0.0006521454	0.00043651579999999995	940.0618383114655
0.4192582	0.0006598278	0.00044668359999999995	940.079348782897
0.4290394	0.0006677003	0.0004570882	940.0966822158175
0.4390486	0.0006757658	0.00046773510000000003	940.1141068951208
0.4492912	0.0006840339	0.0004786301	940.1315000874371
0.4597726	0.0006925184	0.0004897788	940.1491416124993
0.4814738	0.0007011234	0.0005128614	940.1661411835635
0.4927052	0.0007103862	0.0005248075	940.1839459230289
0.5041984	0.000719897	0.0005370318000000002	940.2018595546855
0.5159596	0.0007296677	0.0005495409000000001	940.2198593407696
0.5279949	0.0007397086	0.0005623413	940.2379099667764
0.5403108	0.0007500283	0.0005754399	940.2560168316447
0.5529139	0.00076064	0.0005888437	940.2742017958244
0.5658108	0.0007715486	0.0006025596	940.2926259908562
0.5790083	0.0007827725	0.000616595	940.311018577835
0.5925135	0.0007943171	0.0006309573	940.3295866455622
0.6063335	0.0008061996	0.0006456542	940.3480990288608
0.6204758	0.0008184282	0.0006606934	940.3669360099557
0.6349477	0.0008310163	0.0006760829999999998	940.3855980700596
0.6497571	0.0008439751	0.000691831	940.4046293097592
0.6649117	0.0008573187	0.0007079458	940.4237142165404
0.6804196	0.0008710643	0.000724436	940.4428607910154
0.696289	0.000885219	0.0007413102	940.4621965271759
0.7125285	0.0008998009	0.0007585776000000001	940.4816341795487
0.7291465	0.000914823	0.0007762470999999999	940.5011922105732
0.746152	0.0009303016	0.0007943282	940.5209353010506
0.763554	0.0009462505	0.0008128305	940.5408021721624
0.7813617	0.0009626869	0.0008317638	940.5607540265639
0.7995845	0.0009796285	0.000851138	940.5808793638635
0.8182323	0.0009970903	0.0008709636	940.6011804626507
0.8373148	0.001015088	0.0008912509	940.6216453750567
0.8568422	0.001033644	0.0009120108	940.6421985353682
0.8768249	0.001052771	0.0009332543	940.6628729168459
0.8972736	0.001072492	0.0009549926	940.6838251940383
0.918199	0.001092826	0.0009772372	940.7049035791924
0.9396123	0.001113792	0.001	940.7260919999999
0.9615248	0.001135411	0.001023293	940.7473822258141
0.9839483000000001	0.001157703	0.001047129	940.7685232669519
1.006895	0.001180692	0.001071519	940.7912430857504
1.030376	0.001204401	0.0010964779999999997	940.8126756761195
1.054405	0.001228849	0.001122018	940.8350391883197
1.078994	0.001254065	0.001148154	940.8564225704914
1.104157	0.001280069	0.001174898	940.8791818523822
1.129906	0.001306894	0.001202264	940.9022427686433
1.16078	0.00132275	0.001235078	940.9144604632257
1.183219	0.001346557	0.001258925	940.9341755863138
1.210811	0.001376049	0.0012882500000000001	940.9563741509802
1.239047	0.001406466	0.0013182569999999998	940.9799955547363
1.267942	0.00143784	0.001348963	941.00419359167
1.29751	0.001470201	0.0013803839999999997	941.0281494134966
1.327767	0.001503579	0.0014125380000000003	941.0511993305665
1.35873	0.001538007	0.0014454399999999999	941.0753867334513
1.390415	0.001573518	0.001479108	941.0999859374704
1.422839	0.001610144	0.001513561	941.1243709371475
1.456019	0.001647922	0.001548817	941.148581142898
1.489973	0.001686887	0.0015848930000000002	941.1738754603623
1.524719	0.001727076	0.00162181	941.1990775738219
1.560275	0.001768526	0.0016595869999999997	941.2242479604867
1.59666	0.001811274	0.001698244	941.2494753404104
1.633894	0.001855364	0.0017378009999999998	941.2754187619872
1.671996	0.001900836	0.001778279	941.3015820352149
1.710986	0.00194773	0.0018197009999999997	941.3270257036733
1.750886	0.001996089	0.0018620869999999997	941.3534861690135
1.791717	0.002045964	0.001905461	941.3800460885843
1.833499	0.002097391	0.001949845	941.4063122966185
1.876257	0.002150423	0.0019952620000000003	941.4339685715461
1.920011	0.002205108	0.002041738	941.4607104339539
1.964786	0.002261495	0.0020892960000000005	941.4881831009104
2.010605	0.002319635	0.002137962	941.5156279671949
2.057492	0.002379577	0.002187762	941.5428081299519
2.105474	0.002441381	0.002238721	941.5712726150334
2.154574	0.002505096	0.002290868	941.599034077913
2.20482	0.00257078	0.002344229	941.6276225573524
2.256237	0.002638495	0.002398833	941.6560031481974
2.301204	0.002668723	0.002446585	941.6687844485273
2.362697	0.002750976	0.002511886	941.7019625890665
2.417796	0.002825259	0.0025703959999999995	941.730869095657
2.474181	0.002901822	0.0026302680000000003	941.7606198303748
2.53188	0.002980741	0.002691535	941.7899975292909
2.590926	0.003062081	0.0027542289999999995	941.8200451015512
2.651348	0.003145909	0.002818383	941.8499575820605
2.71318	0.003232301	0.0028840319999999995	941.8800835080888
2.776455	0.003321329	0.0029512089999999998	941.9110367988169
2.841205	0.003413069	0.0030199520000000002	941.9414841692849
2.907466	0.003507598	0.003090295	941.9727236396526
2.975272	0.003604995	0.0031622780000000006	942.0035161361524
3.04466	0.003705343	0.003235937	942.0348242255643
3.115667	0.003808728	0.0033113109999999995	942.066670270476
3.18833	0.003915228	0.003388442	942.0982351180867
3.262688	0.004024937	0.003467369	942.1301675708585
3.338781	0.004137945	0.0035481339999999997	942.1625409299648
3.416649	0.004254343	0.003630781	942.1949004911064
3.496333	0.004374226	0.003715352	942.2276075052915
3.577877	0.004497692	0.003801894	942.260539615255
3.661322	0.004624845	0.003890451	942.2935400034597
3.7467149999999996	0.004755782	0.0039810719999999996	942.3267858506451
3.834099	0.004890608	0.004073803	942.3601504540107
3.923522	0.005029431	0.004168694	942.3938123066841
4.015032	0.005172367	0.004265795	942.4279335973715
4.108676	0.005319531	0.004365158	942.461998168222
4.204505	0.005471035	0.004466836	942.4962176807029
4.302569	0.005626999	0.004570882	942.5305660920585
4.402922	0.005787548	0.004677350999999999	942.5654709257442
4.505616	0.005952815	0.004786301000000001	942.6003118065495
4.610706	0.006122923	0.004897788	942.6355168904821
4.718247	0.00629801	0.005011872	942.6707246314352
4.828298	0.006478212	0.005128614	942.706199374724
4.940916	0.006663677	0.005248075	942.7418009460611
5.056163	0.006854551	0.005370318	942.7779790693959
5.174097	0.007050987	0.005495408999999999	942.8138992020431
5.294784	0.007253135	0.005623413	942.850389078661
5.418287	0.007461169	0.005754399	942.8870276461538
5.544671	0.007675242	0.005888437	942.9236046849105
5.674004	0.007895537	0.006025596	942.9605863054874
5.806355	0.008122233	0.006165950000000001	942.9977915811837
5.941794	0.008355513	0.006309573000000001	943.0352122084964
6.080393	0.008595563	0.006456542	943.0727102836162
6.222227	0.008842591	0.006606933999999999	943.1106154534009
6.36737	0.009096805	0.00676083	943.1485194865129
6.5159	0.009358412	0.00691831	943.1867626631359
6.667895	0.00962764	0.007079458	943.2251226011933
6.823438	0.009904727	0.007244359999999999	943.2638255139171
6.98261	0.01018992	0.007413102000000001	943.3028063015995
7.145496	0.01048345	0.007585776	943.3417820404926
7.312184	0.01078561	0.007762471	943.3812519235177
7.482761	0.01109666	0.007943282	943.4208252961433
7.657319	0.01141689	0.008128305000000002	943.4606464693437
7.83595	0.01174662	0.008317638	943.5006212100118
8.01875	0.01208616	0.00851138	943.5410192001768
8.205816	0.01243585	0.008709636	943.5815515137486
8.397247	0.01279603	0.008912509	943.6223884879106
8.593146	0.01316708	0.009120108	943.663504862004
8.793617	0.0135494	0.009332543	943.7048830099149
8.998766	0.01394338	0.009549926	943.746514894461
9.208703	0.01434949	0.009772372	943.788518283995
9.42354	0.01476816	0.01	943.8308159999998
9.643391	0.01519989	0.01023293	943.8734448491292
9.868373	0.0156452	0.01047129	943.9160027083578
10.09861	0.01610465	0.01071519	943.9603637453001
10.33421	0.01657878	0.010964780000000002	944.0033251921151
10.57532	0.01706825	0.01122018	944.0479787311789
10.82205	0.01757369	0.01148154	944.0914450500544
11.07455	0.01809581	0.01174898	944.1369216732007
11.33293	0.01863534	0.01202264	944.1824208326956
11.59735	0.01919308	0.012302689999999998	944.2278948750234
11.86794	0.01976985	0.012589249999999998	944.2746668784877
12.14485	0.02036656	0.0128825	944.3210991655346
12.42822	0.02098417	0.013182570000000001	944.3685237400598
12.7182	0.02162368	0.01348963	944.4160944369859
13.01496	0.02228617	0.01380384	944.4651756322878
13.31864	0.02297282	0.01412538	944.5135507858904
13.62941	0.02368485	0.014454399999999997	944.5632367998672
13.94744	0.02442358	0.01479108	944.6141579925198
14.2729	0.02519041	0.01513561	944.6656203483044
14.60595	0.02598686	0.01548817	944.7169588143724
14.94678	0.02681453	0.01584893	944.7700589251135
15.29557	0.02767513	0.0162181	944.8236926643689
15.6525	0.02857048	0.01659587	944.8778810631803
16.01777	0.02950255	0.01698244	944.9332693064129
16.39157	0.03047343	0.01737801	944.9898711072213
16.7741	0.03148534	0.01778279	945.0477309803467
17.16556	0.03254067	0.01819701	945.1058536539794
19.2685	0.03356891	0.02042203	945.159169289243
19.71362	0.03472316	0.020892959999999995	945.2151901884654
20.17363	0.03594039	0.021379619999999995	945.272665744293
20.64438	0.03721237	0.02187762	945.3309989843502
21.12614	0.03854236	0.02238721	945.3916928460491
21.61914	0.03993383	0.02290868	945.4527205408605
22.12366	0.04139046	0.023442290000000005	945.5155814555659
22.63997	0.04291622	0.02398833	945.5800474647465
23.16834	0.0445153	0.02454709	945.6459115927795
23.70906	0.04619217	0.02511886	945.7137851797415
24.26241	0.04795161	0.025703960000000005	945.7827358119137
24.82869	0.04979869	0.02630268	945.8537567274515
25.40821	0.05173879	0.026915349999999998	945.9267217405682
26.00127	0.05377769	0.027542289999999997	946.0015013275948
26.60819	0.05592147	0.02818383	946.0783530840203
27.22931	0.05817664	0.02884032	946.1575544238067
27.86494	0.06055009	0.02951209	946.2389851074594
28.51544	0.06304915	0.030199519999999997	946.3226286378062
29.18115	0.06568159	0.030902949999999995	946.4090512394448
29.86242	0.0684557	0.03162278	946.4972940392969
30.55964	0.07138017	0.03235936999999999	946.5888912546816
31.27316	0.07446432	0.03311311	946.6831813743862
32.00338	0.07771794	0.03388442	946.7801998676679
32.75068	0.08115149	0.03467369	946.8802279192092
33.51548	0.08477594	0.03548134	946.9838495389406
34.29817	0.08860299	0.03630781	947.090253859982
35.09919	0.09264497	0.03715352	947.2005605390822
35.91896	0.09691487	0.03801894	947.3140195386825
36.75793	0.1014265	0.03890451	947.4314546051345
37.61655	0.1061944	0.039810719999999994	947.5524280897205
38.49528	0.1112339	0.04073803000000001	947.6774871048011
39.3946	0.1165612	0.041686940000000006	947.8067039701162
40.315	0.1221934	0.04265795	947.9403815701411
41.25697	0.1281485	0.04365158	948.0783627992389
42.22103	0.1344456	0.04466836	948.2209689364015
43.20769	0.1411047	0.04570882	948.3682733441817
44.2175	0.1481469	0.046773510000000004	948.5207952107935
45.25099	0.1555945	0.04786301	948.6779978944074
46.30874	0.163471	0.04897788	948.8408032360732
47.39131	0.1718011	0.05011871999999999	949.0088952790495
48.4993	0.1806108	0.05128614	949.1825822727153
49.6333	0.1899278	0.05248075000000001	949.3619622432986
50.79395	0.199781	0.05370318000000001	949.5476990375616
51.98187	0.2102012	0.054954090000000004	949.7395225723873
53.1977	0.2212206	0.05623413	949.9377086477554
54.44212	0.2328734	0.05754399	950.1425500734308
55.71581	0.245196	0.05888436999999999	950.3541601956513
57.01946	0.2582266	0.06025595999999999	950.5729657282036
58.35378	0.272006	0.061659500000000006	950.7989198744718
59.71952	0.2865773	0.06309573	951.0326182136255
61.11742	0.3019865	0.06456542	951.2740178875937
61.55937547747426	0.30701998564495625	0.06502995155279319	951.3510909514092
374.8185177460967	0.30707271448069673	0.3951970886612232	951.3515699024957
387.1560859968446	5.562915331348222	0.40728339136705527	964.2401572281726
388.1133042894511	5.970694702859305	0.40827559446343376	965.2401572281726
389.07292315699397	6.379467006386335	0.40926925589369423	966.2401572281726
390.03494838586323	6.7892337017474915	0.41026437862628945	967.2401572281726
390.9993857713541	7.199996251729317	0.4112609656296717	968.2401572281726
391.9662411176673	7.61175612208649	0.41225901987229324	969.2401572281726
392.93552023790903	8.024514781543019	0.4132585443226071	970.2401572281726
393.90722895409056	8.438273701790479	0.41425954194906545	971.2401572281726
394.88137309712886	8.85303435748932	0.41526201572012084	972.2401572281726
395.85795850684576	9.268798226268473	0.4162659686042258	973.2401572281726
396.8369910319691	9.685566788724998	0.4172714035698327	974.2401572281726
397.81847653013153	10.103341528424835	0.41827832358539435	975.2401572281726
398.80242086787143	10.522123931901945	0.4192867316193628	976.2401572281726
399.78882992063234	10.941915488659163	0.42029663064019096	977.2401572281726
400.7777095727629	11.362717691167404	0.4213080236163311	978.2401572281726
401.76906571751795	11.784532034866288	0.42232091351623574	979.2401572281726
402.76290425705645	12.207360018163968	0.42333530330835734	980.2401572281726
403.7592311024439	12.631203142436561	0.42435119596114856	981.2401572281726
404.7580521736504	13.05606291202929	0.4253685944430617	982.2401572281726
405.75937339955203	13.481940834255283	0.42638750172254947	983.2401572281726
406.7632007179294	13.908838419396375	0.42740792076806416	984.2401572281726
407.7695400754692	14.336757180702989	0.4284298545480584	985.2401572281726
408.77839742776325	14.765698634393516	0.42945330603098464	986.2401572281726
409.78977873930876	15.195664299655277	0.4304782781852954	987.2401572281726
410.80368998350787	15.626655698644015	0.43150477397944303	988.2401572281726
411.82013714266884	16.058674356483607	0.4325327963818803	989.2401572281726
412.8391262080047	16.491721801266692	0.43356234836105956	990.2401572281726
413.860663179634	16.92579956405416	0.4345934328854332	991.2401572281726
414.88475406658074	17.36090917887543	0.4356260529234539	992.2401572281726
415.9114048867741	17.79705218272852	0.4366602114435741	993.2401572281726
416.9406216670492	18.234230115579464	0.4376959114142464	994.2401572281726
417.97241044314546	18.67244452036323	0.43873315580392297	995.2401572281726
419.00677725970854	19.11169694298303	0.43977194758105664	996.2401572281726
420.0437281702889	19.551988932310678	0.4408122897140997	997.2401572281726
421.08326923734296	19.993322040186115	0.4418541851715048	998.2401572281726
422.12540653223186	20.43569782141799	0.4428976369217243	999.2401572281726
423.1701461352228	20.87911783378331	0.4439426479332108	1000.2401572281726
424.21749413548764	21.32358363802763	0.44498922117441686	1001.2401572281726
425.26745663110364	21.769096797864904	0.4460373596137947	1002.2401572281726
426.3200397290542	22.215658879977525	0.4470870662197971	1003.2401572281726
427.37524954522735	22.66327145401607	0.4481383439608764	1004.2401572281726
428.43309220441654	23.11193609260033	0.4491911958054853	1005.2401572281726
429.4935738403208	23.561654371317672	0.45024562472207597	1006.2401572281726
430.5567005955444	24.01242786872467	0.45130163367910114	1007.2401572281726
431.6224786215969	24.464258166345644	0.4523592256450132	1008.2401572281726
432.6909140788937	24.917146848673838	0.4534184035882648	1009.2401572281726
433.7620131367545	25.371095503170807	0.45447917047730824	1010.2401572281726
434.8357819734058	25.82610572026647	0.4555415292805961	1011.2401572281726
435.9122267759782	26.28217909335956	0.4566054829665811	1012.2401572281726
436.9913537405082	26.739317218816723	0.4576710345037154	1013.2401572281726
438.07316907193774	27.197521695973364	0.45873818686045154	1014.2401572281726
439.15767898411366	27.656794127133594	0.45980694300524205	1015.2401572281726
440.2448896997889	28.11713611756943	0.46087730590653964	1016.2401572281726
441.3348074506214	28.57854927552171	0.46194927853279666	1017.2401572281726
442.4274384771737	29.041035212199517	0.4630228638524655	1018.2401572281726
443.522789028915	29.504595541780645	0.46409806483399885	1019.2401572281726
444.62086536421896	29.96923188141102	0.465174884445849	1020.2401572281726
445.7216737503653	30.434945851205043	0.4662533256564686	1021.2401572281726
446.8252204635378	30.90173907424628	0.46733339143430996	1022.2401572281726
447.9315117888275	31.369613176585688	0.4684150847478259	1023.2401572281726
449.040554020229	31.838569787243387	0.46949840856546865	1024.2401572281726
450.15235346064367	32.308610538207404	0.4705833658556908	1025.2401572281726
451.2669164218772	32.77973706443504	0.4716699595869449	1026.2401572281726
452.38424922464094	33.25195100385122	0.47275819272768327	1027.2401572281726
453.50435819855204	33.725253997349796	0.4738480682463587	1028.2401572281726
454.62724968213206	34.19964768879282	0.4749395891114232	1029.2401572281726
455.75293002280955	34.675133725010824	0.47603275829132985	1030.2401572281726
456.8814055769167	35.15171375580309	0.4771275787545308	1031.2401572281726
458.0126827096916	35.62938943393715	0.4782240534694787	1032.2401572281726
459.14676779527804	36.10816241514891	0.4793221854046259	1033.2401572281726
460.28366721672535	36.588034358142636	0.48042197752842497	1034.2401572281726
461.4233873659871	37.069006924591406	0.4815234328093283	1035.2401572281726
462.56593464392336	37.55108177913644	0.4826265542157885	1036.2401572281726
463.71131546029926	38.03426058938771	0.4837313447162582	1037.2401572281726
464.8595362337852	38.51854502592323	0.4848378072791898	1038.2401572281726
466.0106033919569	39.00393676228964	0.48594594487303566	1039.2401572281726
467.1645233712949	39.490437475002295	0.4870557604662482	1040.2401572281726
468.32130261718623	39.9780488435448	0.48816725702728025	1041.2401572281726
469.48094758392244	40.466772550369	0.48928043752458394	1042.2401572281726
470.64346473470096	40.956610280895575	0.4903953049266122	1043.2401572281726
471.8088605416243	41.447563723513326	0.4915118622018173	1044.2401572281726
472.97714148570026	41.93963456957965	0.4926301123186517	1045.2401572281726
474.14831405684174	42.432824513420655	0.49375005824556795	1046.2401572281726
475.3223847538676	42.927135252330345	0.49487170295101846	1047.2401572281726
476.4993600845021	43.422568486571606	0.49599504940345585	1048.2401572281726
477.6792465653742	43.919125919375745	0.4971201005713326	1049.2401572281726
478.86205072201835	44.4168092569422	0.49824685942310076	1050.2401572281726
480.04777908887525	44.91562020843935	0.4993753289272137	1051.2401572281726
481.23643820928964	45.41556048600364	0.5005055120521233	1052.2401572281726
482.42803463551263	45.91663180474012	0.5016374117662823	1053.2401572281726
483.62257492870015	46.41883588272219	0.502771031038143	1054.2401572281726
484.8200656589139	46.922174440991625	0.503906372836158	1055.2401572281726
486.02051340512037	47.42664920355918	0.5050434401287799	1056.2401572281726
487.2239247551918	47.93226189740352	0.5061822358844608	1057.2401572281726
488.4303063059059	48.43901425247202	0.5073227630716538	1058.2401572281726
489.6396646629455	48.94690800168024	0.508465024658811	1059.2401572281726
490.85200644089855	49.45594488091251	0.509609023614385	1060.2401572281726
492.0673382632591	49.9661266290214	0.5107547629068283	1061.2401572281726
493.2856667624262	50.477454987827855	0.5119022455045935	1062.2401572281726
494.50699857970346	50.989931702121794	0.513051474376133	1063.2401572281726
495.7313403653012	51.503558519661	0.514202452489899	1064.2401572281726
496.958698778334	52.01833719117178	0.5153551828143443	1065.2401572281726
498.1890804868226	52.53426947034927	0.5165096683179214	1066.2401572281726
499.4224921676928	53.05135711385674	0.517665911969083	1067.2401572281726
500.65894050677514	53.56960188132621	0.5188239167362811	1068.2401572281726
501.89843219880663	54.089005535357614	0.5199836855879686	1069.2401572281726
503.14097394742885	54.60956984151977	0.5211452214925978	1070.2401572281726
504.3865724651894	55.13129656834985	0.5223085274186213	1071.2401572281726
505.6352344735403	55.654187487353624	0.5234736063344917	1072.2401572281726
506.88696670283923	56.178244373004986	0.5246404612086609	1073.2401572281726
508.1417758923503	56.703469002746374	0.5258090950095823	1074.2401572281726
509.39966879024166	57.2298631569891	0.5269795107057078	1075.2401572281726
510.66065215358697	57.75742861911243	0.52815171126549	1076.2401572281726
511.92473274836584	58.28616717546424	0.5293256996573814	1077.2401572281726
513.1919173494631	58.81608061536076	0.5305014788498347	1078.2401572281726
514.4622127406686	59.34717073108692	0.5316790518113022	1079.2401572281726
515.7356257146773	59.879439317895844	0.532858421510236	1080.2401572281726
517.012163073091	60.412888174009424	0.5340395909150895	1081.2401572281726
518.291831626415	60.9475191006174	0.5352225629943146	1082.2401572281726
519.5746381940611	61.48333390187895	0.536407340716364	1083.2401572281726
520.8605896043462	62.020334384920545	0.5375939270496901	1084.2401572281726
522.149692694492	62.55852235983809	0.5387823249627454	1085.2401572281726
523.4419543106263	63.097899639695584	0.5399725374239823	1086.2401572281726
524.7373813077824	63.63846804052497	0.5411645674018536	1087.2401572281726
526.0359805498974	64.18022938132765	0.5423584178648112	1088.2401572281726
527.3377589098164	64.72318548407247	0.5435540917813084	1089.2401572281726
528.6427232692874	65.26733817369757	0.5447515921197972	1090.2401572281726
529.9508805189653	65.81268927810885	0.5459509218487302	1091.2401572281726
531.2622375584094	66.35924062818123	0.54715208393656	1092.2401572281726
532.5768012960845	66.90699405775786	0.5483550813517388	1093.2401572281726
533.8945786493615	67.45595140365003	0.5495599170627193	1094.2401572281726
535.2155765445158	68.00611450563804	0.5507665940379539	1095.2401572281726
536.539801916729	68.55748520647023	0.5519751152458955	1096.2401572281726
537.867261710087	69.11006535186351	0.553185483654996	1097.2401572281726
539.1979628775821	69.66385679050347	0.5543977022337084	1098.2401572281726
540.5319123811114	70.21886137404351	0.5556117739504849	1099.2401572281726
541.8691171914771	70.77508095710641	0.556827701773778	1100.2401572281726
543.2095842883873	71.3325173972828	0.5580454886720403	1101.2401572281726
544.5533206604554	71.89117255513173	0.5592651376137243	1102.2401572281726
545.9003333051994	72.45104829418096	0.5604866515672822	1103.2401572281726
547.2506292290446	73.01214648092633	0.5617100335011671	1104.2401572281726
548.6042154473191	73.57446898483283	0.5629352863838311	1105.2401572281726
549.9610989842579	74.13801767833314	0.5641624131837266	1106.2401572281726
551.3212868730012	74.70279443682887	0.5653914168693064	1107.2401572281726
552.6847861555945	75.26880113868981	0.5666223004090228	1108.2401572281726
554.0516038829885	75.83603966525436	0.5678550667713285	1109.2401572281726
555.4217471150388	76.40451190082945	0.5690897189246754	1110.2401572281726
556.7952229205075	76.97421973269013	0.5703262598375167	1111.2401572281726
558.1720383770612	77.54516505108052	0.5715646924783047	1112.2401572281726
559.5522005712724	78.1173497492124	0.5728050198154919	1113.2401572281726
560.9357165986183	78.69077572326637	0.5740472448175307	1114.2401572281726
562.3225935634816	79.26544487239187	0.5752913704528735	1115.2401572281726
563.7128385791511	79.84135909870622	0.576537399689973	1116.2401572281726
565.1064587678202	80.41852030729524	0.5777853354972816	1117.2401572281726
566.5034612605875	80.9969304062135	0.5790351808432517	1118.2401572281726
567.9038531974583	81.57659130648392	0.5802869386963361	1119.2401572281726
569.3076417273412	82.15750492209804	0.581540612024987	1120.2401572281726
570.7148340080518	82.7396731700153	0.582796203797657	1121.2401572281726
572.1254372063104	83.32309797016421	0.5840537169827987	1122.2401572281726
573.5394584977429	83.90778124544136	0.5853131545488645	1123.2401572281726
574.9569050668804	84.49372492171176	0.5865745194643068	1124.2401572281726
576.3777841071592	85.0809309278091	0.5878378146975781	1125.2401572281726
577.8021028209212	85.66940119553556	0.5891030432171311	1126.2401572281726
579.2298684194138	86.25913765966163	0.5903702079914185	1127.2401572281726
580.6610881227892	86.85014225792628	0.5916393119888921	1128.2401572281726
582.0957691601059	87.44241693103663	0.592910358178005	1129.2401572281726
583.5339187693266	88.03596362266882	0.5941833495272094	1130.2401572281726
584.97554419732	88.63078427946732	0.5954582890049579	1131.2401572281726
586.4206526998603	89.22688085104448	0.596735179579703	1132.2401572281726
587.8692515416263	89.82425528998192	0.5980140242198969	1133.2401572281726
589.3213479962038	90.42290955182875	0.5992948258939926	1134.2401572281726
590.7769493460819	91.02284559510389	0.6005775875704424	1135.2401572281726
592.2360628826563	91.62406538129335	0.6018623122176988	1136.2401572281726
593.6986959062277	92.22657087485243	0.6031490028042142	1137.2401572281726
595.1648557260024	92.83036404320444	0.6044376622984412	1138.2401572281726
596.634549660092	93.43544685674135	0.6057282936688324	1139.2401572281726
598.1077850355128	94.0418212888236	0.6070208998838399	1140.2401572281726
599.5845691881873	94.6494893157801	0.6083154839119164	1141.2401572281726
601.064909462943	95.25845291690803	0.6096120487215144	1142.2401572281726
602.5488132135133	95.86871407447302	0.6109105972810868	1143.2401572281726
604.036287802536	96.48027477370954	0.6122111325590854	1144.2401572281726
605.527340601555	97.09313700282013	0.6135136575239634	1145.2401572281726
607.0219789910186	97.70730275297603	0.6148181751441727	1146.2401572281726
608.5202103602819	98.32277401831652	0.616124688388166	1147.2401572281726
610.0220421076042	98.9395527959498	0.6174332002243957	1148.2401572281726
611.5274816401508	99.55764108595224	0.6187437136213146	1149.2401572281726
613.0365363739924	100.17704089136868	0.6200562315473752	1150.2401572281726
614.5492137341041	100.79775421821279	0.6213707569710297	1151.2401572281726
616.0655211543673	101.41978307546617	0.6226872928607307	1152.2401572281726
617.5854660775686	102.04312947507913	0.6240058421849307	1153.2401572281726
619.1090559554001	102.6677954319702	0.6253264079120823	1154.2401572281726
620.6362982484583	103.29378296402695	0.6266489930106378	1155.2401572281726
622.167200426246	103.92109409210485	0.6279736004490497	1156.2401572281726
623.7017699671715	104.5497308400279	0.6293002331957707	1157.2401572281726
625.2400143585478	105.17969523458873	0.6306288942192533	1158.2401572281726
626.7819410965935	105.81098930554822	0.6319595864879497	1159.2401572281726
628.3275576864331	106.44361508563577	0.6332923129703129	1160.2401572281726
629.8768716420952	107.07757461054945	0.6346270766347949	1161.2401572281726
631.4298904865151	107.71286991895556	0.6359638804498484	1162.2401572281726
632.9866217515319	108.3495030524889	0.6373027273839256	1163.2401572281726
634.5470729778926	108.9874760557525	0.6386436204054797	1164.2401572281726
636.1112517152468	109.62679097631849	0.6399865624829627	1165.2401572281726
637.6791655221508	110.2674498647267	0.6413315565848271	1166.2401572281726
639.2508219660664	110.90945477448577	0.6426786056795255	1167.2401572281726
640.8262286233603	111.55280776207292	0.6440277127355104	1168.2401572281726
642.4053930793048	112.19751088693329	0.6453788807212343	1169.2401572281726
643.9883229280772	112.84356621148129	0.6467321126051496	1170.2401572281726
645.5750257727606	113.49097580109913	0.6480874113557087	1171.2401572281726
647.1655092253435	114.1397417241377	0.6494447799413646	1172.2401572281726
648.759780906719	114.78986605191642	0.6508042213305693	1173.2401572281726
650.3578484466867	115.4413508587229	0.6521657384917754	1174.2401572281726
651.9597194839507	116.09419822181349	0.6535293343934355	1175.2401572281726
653.5654016661208	116.74841022141277	0.6548950120040021	1176.2401572281726
655.174902649712	117.40398894071382	0.6562627742919277	1177.2401572281726
656.7882301001439	118.06093646587863	0.6576326242256644	1178.2401572281726
658.4053916917436	118.71925488603665	0.6590045647736652	1179.2401572281726
660.0263951077421	119.37894629328673	0.6603785989043826	1180.2401572281726
661.6512480402753	120.04001278269584	0.6617547295862688	1181.2401572281726
663.2799581903852	120.7024564522992	0.6631329597877765	1182.2401572281726
664.912533268019	121.36627940310086	0.6645132924773581	1183.2401572281726
666.5489809920298	122.03148373907266	0.6658957306234662	1184.2401572281726
668.1893090901749	122.69807156715603	0.6672802771945533	1185.2401572281726
669.8335252991175	123.36604499725968	0.6686669351590714	1186.2401572281726
671.4816373644269	124.03540614226142	0.6700557074854737	1187.2401572281726
673.1336530405766	124.70615711800747	0.6714465971422124	1188.2401572281726
674.7895800909461	125.37830004331215	0.6728396070977399	1189.2401572281726
676.4494262878203	126.05183703995863	0.6742347403205091	1190.2401572281726
678.1131994123889	126.72677023269841	0.675631999778972	1191.2401572281726
679.7809072547475	127.40310174925139	0.6770313884415813	1192.2401572281726
681.4525576138972	128.0808337203058	0.6784329092767896	1193.2401572281726
683.1281582977437	128.7599682795185	0.679836565253049	1194.2401572281726
684.8077171230987	129.44050756351487	0.6812423593388125	1195.2401572281726
686.4912419156788	130.12245371188874	0.6826502945025322	1196.2401572281726
688.1787405101069	130.80580886720213	0.6840603737126612	1197.2401572281726
689.8702207499098	131.4905751749858	0.6854725999376513	1198.2401572281726
691.5656904875211	132.1767547837386	0.6868869761459554	1199.2401572281726
693.2651575842788	132.86434984492814	0.6883035053060259	1200.2401572281726
694.9686299104261	133.5533625129907	0.6897221903863151	1201.2401572281726
696.6761153451124	134.24379494533048	0.6911430343552757	1202.2401572281726
698.3876217763923	134.93564930232037	0.6925660401813601	1203.2401572281726
700.1031571012256	135.62892774730153	0.6939912108330211	1204.2401572281726
701.8227292254771	136.32363244658427	0.695418549278711	1205.2401572281726
703.5463460639172	137.01976556944646	0.6968480584868822	1206.2401572281726
705.2740155402213	137.71732928813515	0.698279741425987	1207.2401572281726
707.0057455869711	138.41632577786515	0.6997136010644784	1208.2401572281726
708.7415441456534	139.11675721682002	0.7011496403708086	1209.2401572281726
710.4814191666591	139.8186257861521	0.70258786231343	1210.2401572281726
712.2253786092865	140.52193366998188	0.7040282698607956	1211.2401572281726
713.9734304417376	141.22668305539798	0.7054708659813573	1212.2401572281726
715.72558264112	141.93287613245843	0.7069156536435677	1213.2401572281726
717.4818431934481	142.64051509418857	0.7083626358158797	1214.2401572281726
719.2422200936392	143.34960213658303	0.7098118154667453	1215.2401572281726
721.006721345518	144.06013945860445	0.7112631955646173	1216.2401572281726
722.7753549618143	144.77212926218408	0.7127167790779481	1217.2401572281726
724.5481289641621	145.48557375222174	0.7141725689751903	1218.2401572281726
726.3250513831023	146.20047513658528	0.7156305682247965	1219.2401572281726
728.1061302580794	146.9168356261115	0.7170907797952188	1220.2401572281726
729.8913736374446	147.6346574346054	0.7185532066549101	1221.2401572281726
731.680789578454	148.35394277884052	0.7200178517723226	1222.2401572281726
733.4743861472692	149.07469387855883	0.7214847181159089	1223.2401572281726
735.2721714189573	149.79691295647046	0.7229538086541213	1224.2401572281726
737.0741534774901	150.5206022382547	0.7244251263554128	1225.2401572281726
738.8803404157452	151.2457639525586	0.7258986741882354	1226.2401572281726
740.6907403355058	151.97240033099797	0.7273744551210419	1227.2401572281726
742.5053613474606	152.70051360815683	0.7288524721222849	1228.2401572281726
744.3242115712026	153.43010602158802	0.7303327281604164	1229.2401572281726
746.1472991352308	154.16117981181276	0.7318152262038894	1230.2401572281726
747.9746321769496	154.8937372223204	0.7332999692211558	1231.2401572281726
749.8062188426691	155.6277804995692	0.7347869601806688	1232.2401572281726
751.6420672876043	156.3633118929854	0.7362762020508805	1233.2401572281726
753.4821856758756	157.10033365496395	0.7377676978002434	1234.2401572281726
755.3265821805089	157.83884804086824	0.7392614503972105	1235.2401572281726
757.1752649834347	158.57885730903047	0.7407574628102334	1236.2401572281726
759.0282422754906	159.32036372075027	0.7422557380077653	1237.2401572281726
760.8855222564177	160.0633695402969	0.7437562789582585	1238.2401572281726
762.7471131348634	160.80787703490716	0.7452590886301651	1239.2401572281726
764.6130231283801	161.55388847478707	0.7467641699919381	1240.2401572281726
766.4832604634264	162.30140613311062	0.7482715260120301	1241.2401572281726
768.3578333753649	163.05043228602017	0.7497811596588932	1242.2401572281726
770.236750108465	163.8009692126269	0.7512930739009802	1243.2401572281726
772.1200189159001	164.55301919500994	0.7528072717067433	1244.2401572281726
774.0076480597497	165.30658451821762	0.7543237560446352	1245.2401572281726
775.8996458109983	166.06166747026623	0.7558425298831082	1246.2401572281726
777.7960204495367	166.81827034214018	0.757363596190615	1247.2401572281726
779.6967802641601	167.57639542779316	0.7588869579356081	1248.2401572281726
781.6019335525689	168.33604502414664	0.76041261808654	1249.2401572281726
783.5114886213697	169.09722143109104	0.761940579611863	1250.2401572281726
785.4254537860736	169.8599269514848	0.7634708454800299	1251.2401572281726
787.3438373710978	170.62416389115504	0.7650034186594928	1252.2401572281726
789.2666477097652	171.38993455889704	0.7665383021187047	1253.2401572281726
791.1938931443015	172.15724126647513	0.7680754988261173	1254.2401572281726
793.1255820258414	172.92608632862152	0.7696150117501841	1255.2401572281726
795.0617227144227	173.69647206303705	0.7711568438593569	1256.2401572281726
797.0023235789891	174.46840079039146	0.7727009981220885	1257.2401572281726
798.9473929973897	175.24187483432195	0.7742474775068314	1258.2401572281726
800.8969393563781	176.01689652143523	0.7757962849820378	1259.2401572281726
802.8509710516155	176.79346818130557	0.7773474235161606	1260.2401572281726
804.8094964876656	177.57159214647663	0.778900896077652	1261.2401572281726
806.7725240779992	178.35127075245964	0.7804567056349643	1262.2401572281726
808.7400622449929	179.13250633773475	0.7820148551565507	1263.2401572281726
810.7121194199277	179.91530124375015	0.7835753476108632	1264.2401572281726
812.6887040429891	180.6996578149234	0.7851381859663544	1265.2401572281726
814.6698245632699	181.48557839863963	0.786703373191477	1266.2401572281726
816.6554894387667	182.27306534525246	0.7882709122546827	1267.2401572281726
818.6457071363832	183.06212100808432	0.7898408061244251	1268.2401572281726
820.640486131926	183.85274774342622	0.7914130577691558	1269.2401572281726
822.639834910109	184.6449479105372	0.7929876701573277	1270.2401572281726
824.6437619645516	185.43872387164492	0.7945646462573936	1271.2401572281726
826.6522757977765	186.23407799194558	0.7961439890378055	1272.2401572281726
828.6653849212149	187.03101263960332	0.7977257014670163	1273.2401572281726
830.6830978551994	187.82953018575176	0.799309786513478	1274.2401572281726
832.7054231289713	188.62963300449223	0.8008962471456433	1275.2401572281726
834.7323692806758	189.43132347289463	0.8024850863319648	1276.2401572281726
836.7639448573638	190.23460397099723	0.8040763070408947	1277.2401572281726
838.8001584149918	191.03947688180665	0.8056699122408861	1278.2401572281726
840.8410185184208	191.8459445912987	0.8072659049003912	1279.2401572281726
842.8865337414181	192.6540094884167	0.8088642879878625	1280.2401572281726
844.9367126666554	193.46367396507333	0.8104650644717522	1281.2401572281726
846.9915638857107	194.27494041614864	0.8120682373205128	1282.2401572281726
849.0510959990675	195.08781123949188	0.8136738095025975	1283.2401572281726
851.115317616113	195.902288835921	0.8152817839864581	1284.2401572281726
853.1842373551417	196.71837560922154	0.8168921637405473	1285.2401572281726
855.2578638433519	197.53607396614848	0.8185049517333176	1286.2401572281726
857.3362057168488	198.35538631642407	0.8201201509332217	1287.2401572281726
859.4192716206422	199.17631507274007	0.821737764308712	1288.2401572281726
861.5070702086464	199.99886265075622	0.8233577948282407	1289.2401572281726
863.5996101436824	200.82303146910067	0.8249802454602606	1290.2401572281726
865.696900097476	201.64882394937035	0.8266051191732242	1291.2401572281726
867.7989487506582	202.47624251613024	0.8282324189355836	1292.2401572281726
869.9057647927656	203.30528959691412	0.8298621477157919	1293.2401572281726
872.0173569222403	204.1359676222238	0.8314943084823012	1294.2401572281726
874.133733846429	204.96827902553025	0.8331289042035639	1295.2401572281726
876.254904281585	205.80222624327212	0.834765937848033	1296.2401572281726
878.3808769528664	206.63781171485687	0.8364054123841609	1297.2401572281726
880.5116605943357	207.47503788266044	0.8380473307803993	1298.2401572281726
882.6472639489617	208.31390719202727	0.8396916960052014	1299.2401572281726
884.787695768619	209.1544220912699	0.8413385110270197	1300.2401572281726
886.9329648140871	209.99658503166984	0.842987778814307	1301.2401572281726
889.0830798550496	210.84039846747658	0.8446395023355149	1302.2401572281726
891.2380496700985	211.685864855908	0.8462936845590965	1303.2401572281726
893.3978830467273	212.53298665715158	0.8479503284535042	1304.2401572281726
895.5625887813377	213.38176633436183	0.8496094369871903	1305.2401572281726
897.7321756792368	214.23220635366204	0.8512710131286079	1306.2401572281726
899.9066525546341	215.08430918414433	0.8529350598462084	1307.2401572281726
902.086028230648	215.9380772978692	0.8546015801084452	1308.2401572281726
904.2703115393008	216.79351316986538	0.8562705768837708	1309.2401572281726
906.4595113215194	217.65061927813076	0.8579420531406374	1310.2401572281726
908.6536364271369	218.50939810363025	0.8596160118474974	1311.2401572281726
910.8526957148923	219.36985213029845	0.8612924559728037	1312.2401572281726
913.056698052429	220.23198384503803	0.8629713884850085	1313.2401572281726
915.2656523162952	221.0957957377201	0.8646528123525641	1314.2401572281726
917.4795673919464	221.96129030118448	0.8663367305439234	1315.2401572281726
919.6984521737417	222.8284700312388	0.8680231460275387	1316.2401572281726
921.9223155649468	223.69733742665971	0.8697120617718626	1317.2401572281726
924.1511664777315	224.56789498919204	0.8714034807453472	1318.2401572281726
926.3850138331721	225.4401452235495	0.8730974059164458	1319.2401572281726
928.6238665612491	226.31409063741387	0.87479384025361	1320.2401572281726
930.8677336008502	227.18973374143502	0.876492786725293	1321.2401572281726
933.1166238997665	228.06707704923213	0.878194248299947	1322.2401572281726
935.370546414696	228.94612307739203	0.8798982279460246	1323.2401572281726
937.6295101112397	229.82687434547086	0.8816047286319777	1324.2401572281726
939.8935239639078	230.70933337599206	0.8833137533262598	1325.2401572281726
942.162596956112	231.59350269444894	0.8850253049973229	1326.2401572281726
944.4367380801718	232.47938482930192	0.8867393866136195	1327.2401572281726
946.7159563373107	233.36698231198056	0.8884560011436018	1328.2401572281726
949.0002607376588	234.25629767688315	0.8901751515557232	1329.2401572281726
951.2896603002496	235.14733346137564	0.8918968408184349	1330.2401572281726
953.5841640530248	236.04009220579303	0.8936210719001905	1331.2401572281726
955.8837810328286	236.93457645343858	0.8953478477694419	1332.2401572281726
958.1885202854132	237.8307887505838	0.8970771713946422	1333.2401572281726
960.4983908654334	238.7287316464691	0.898809045744243	1334.2401572281726
962.8134018364515	239.6284076933032	0.9005434737866975	1335.2401572281726
965.1335622709344	240.529819446263	0.902280458490458	1336.2401572281726
967.4588812502533	241.43296946349415	0.9040200028239767	1337.2401572281726
969.7893678646876	242.33786030611043	0.9057621097557065	1338.2401572281726
972.1250312134193	243.24449453819443	0.9075067822540999	1339.2401572281726
974.4658804045372	244.152874726797	0.9092540232876094	1340.2401572281726
976.8119245550339	245.06300344193755	0.911003835824687	1341.2401572281726
979.1631727908099	245.9748832566038	0.9127562228337858	1342.2401572281726
981.5196342466688	246.88851674675186	0.914511187283358	1343.2401572281726
983.8813180663203	247.80390649130663	0.9162687321418561	1344.2401572281726
986.2482334023795	248.72105507216145	0.9180288603777325	1345.2401572281726
988.6203894163681	249.63996507417755	0.9197915749594403	1346.2401572281726
990.9977952787099	250.56063908518513	0.9215568788554311	1347.2401572281726
993.3804601687382	251.4830796959825	0.9233247750341582	1348.2401572281726
995.7683932746878	252.40728950033701	0.9250952664640735	1349.2401572281726
998.1616037937017	253.33327109498396	0.9268683561136299	1350.2401572281726
1000.5601009318267	254.26102707962707	0.9286440469512798	1351.2401572281726
1002.9638939040152	255.19056005693858	0.9304223419454751	1352.2401572281726
1005.3729919341263	256.12187263255953	0.9322032440646693	1353.2401572281726
1007.7874042549217	257.0549674150992	0.9339867562773143	1354.2401572281726
1010.2071401080719	257.98984701613495	0.9357728815518629	1355.2401572281726
1012.6322087441494	258.9265140502131	0.9375616228567671	1356.2401572281726
1015.0626194226347	259.86497113484825	0.9393529831604801	1357.2401572281726
1017.4983814119125	260.80522089052295	0.9411469654314539	1358.2401572281726
1019.9395039892719	261.74726594068966	0.942943572638141	1359.2401572281726
1022.3859964409093	262.6911089117675	0.9447428077489939	1360.2401572281726
1024.837868061925	263.63675243314503	0.9465446737324652	1361.2401572281726
1027.2951281563264	264.5841991371793	0.9483491735570078	1362.2401572281726
1029.7577860370234	265.5334516591955	0.9501563101910733	1363.2401572281726
1032.2258510258341	266.48451263748757	0.951966086603115	1364.2401572281726
1034.6993324534806	267.43738471331733	0.9537785057615851	1365.2401572281726
1037.1782396595904	268.3920705309156	0.9555935706349361	1366.2401572281726
1039.6625819926962	269.3485727374816	0.9574112841916202	1367.2401572281726
1042.152368810236	270.3068939831827	0.9592316494000903	1368.2401572281726
1044.6476094785553	271.26703692115507	0.9610546692287991	1369.2401572281726
1047.148313372901	272.2290042075033	0.9628803466461984	1370.2401572281726
1049.6544898774291	273.1927985013	0.9647086846207413	1371.2401572281726
1052.1661483851985	274.1584224645867	0.9665396861208801	1372.2401572281726
1054.6832982981743	275.1258787623731	0.968373354115067	1373.2401572281726
1057.205949027228	276.09517006263764	0.9702096915717551	1374.2401572281726
1059.734109992134	277.0662990363269	0.9720487014593961	1375.2401572281726
1062.267790621575	278.03926835735626	0.9738903867464435	1376.2401572281726
1064.8070003531361	279.01408070260925	0.9757347504013487	1377.2401572281726
1067.3517486333108	279.99073875193767	0.9775817953925654	1378.2401572281726
1069.9020449174955	280.9692451881625	0.9794315246885452	1379.2401572281726
1072.4578986699926	281.94960269707246	0.9812839412577408	1380.2401572281726
1075.01931936401	282.93181396742534	0.9831390480686046	1381.2401572281726
1077.5863164816615	283.91588169094666	0.9849968480895892	1382.2401572281726
1080.1588995139664	284.90180856233053	0.9868573442891473	1383.2401572281726
1082.7370779608484	285.88959727924043	0.9887205396357315	1384.2401572281726
1085.3208613311358	286.8792505423072	0.9905864370977937	1385.2401572281726
1087.9102591425649	287.8707710551306	0.9924550396437868	1386.2401572281726
1090.5052809217748	288.86416152427887	0.9943263502421633	1387.2401572281726
1093.1059362043115	289.8594246592886	0.9962003718613754	1388.2401572281726
1095.7122345346256	290.8565631726649	0.998077107469876	1389.2401572281726
1098.3241854660732	291.85557977988094	0.9999565600361171	1390.2401572281726
1100.9417985609166	292.856477199379	1.001838732528552	1391.2401572281726
1103.5650833903223	293.8592581525696	1.0037236279156325	1392.2401572281726
1106.194049534363	294.8639253638314	1.0056112491658116	1393.2401572281726
1108.8287065820155	295.87048156051173	1.0075015992475411	1394.2401572281726
1111.4690641311636	296.8789294729263	1.0093946811292742	1395.2401572281726
1114.1151317885947	297.88927183435976	1.011290497779463	1396.2401572281726
1116.7669191700033	298.9015113810643	1.01318905216656	1397.2401572281726
1119.424435899988	299.91565085226125	1.0150903472590176	1398.2401572281726
1122.0876916120537	300.9316929901403	1.0169943860252888	1399.2401572281726
1124.75669594861	301.9496405398593	1.0189011714338259	1400.2401572281726
1127.4314585609723	302.96949624954493	1.0208107064530811	1401.2401572281726
1130.111989109361	303.99126287029185	1.0227229940515072	1402.2401572281726
1132.798297262902	305.01494315616355	1.0246380371975565	1403.2401572281726
1135.4903926996258	306.04053986419217	1.0265558388596818	1404.2401572281726
1138.1882851064695	307.06805575437795	1.0284764020063348	1405.2401572281726
1140.8919841792751	308.0974935896893	1.030399729605969	1406.2401572281726
1143.6014996227898	309.12885613606386	1.0323258246270364	1407.2401572281726
1146.3168411506665	310.16214616240666	1.0342546900379894	1408.2401572281726
1149.0380184854632	311.19736644059253	1.036186328807281	1409.2401572281726
1151.7650413586427	312.23451974546356	1.038120743903363	1410.2401572281726
1154.4979195105743	313.2736088548311	1.0400579382946886	1411.2401572281726
1157.236662690532	314.31463654947413	1.0419979149497098	1412.2401572281726
1159.9812806566952	315.3576056131409	1.0439406768368793	1413.2401572281726
1162.7317831761486	316.402518832548	1.0458862269246496	1414.2401572281726
1165.488180024882	317.44937899738	1.047834568181473	1415.2401572281726
1168.250480987792	318.4981889002902	1.0497857035758023	1416.2401572281726
1171.0186958586783	319.54895133690025	1.0517396360760898	1417.2401572281726
1173.7928344402471	320.6016691058005	1.0536963686507876	1418.2401572281726
1176.572906544111	321.6563450085497	1.055655904268349	1419.2401572281726
1179.3589219907865	322.7129818496743	1.0576182458972263	1420.2401572281726
1182.1508906096956	323.77158243667054	1.0595833965058716	1421.2401572281726
1184.9488222391662	324.832149580002	1.0615513590627377	1422.2401572281726
1187.7527267264313	325.89468609310154	1.063522136536277	1423.2401572281726
1190.5626139276294	326.95919479236966	1.065495731894942	1424.2401572281726
1193.378493707804	328.02567849717605	1.0674721481071854	1425.2401572281726
1196.2003759409042	329.0941400298583	1.0694513881414593	1426.2401572281726
1199.0282705097848	330.16458221572236	1.0714334549662166	1427.2401572281726
1201.8621873062048	331.2370078830435	1.0734183515499094	1428.2401572281726
1204.7021362308303	332.31141986306466	1.0754060808609904	1429.2401572281726
1207.5481271932315	333.3878209899973	1.0773966458679125	1430.2401572281726
1210.4001701118834	334.46621410102205	1.0793900495391273	1431.2401572281726
1213.258274914169	335.5466020362866	1.0813862948430881	1432.2401572281726
1216.1224515363729	336.6289876389085	1.0833853847482469	1433.2401572281726
1218.9927099236886	337.71337375497296	1.0853873222230563	1434.2401572281726
1221.8690600302125	338.799763233534	1.0873921102359692	1435.2401572281726
1224.7515118189478	339.88815892661387	1.0893997517554375	1436.2401572281726
1227.6400752618024	340.97856368920327	1.091410249749914	1437.2401572281726
1230.53476033959	342.0709803792613	1.0934236071878516	1438.2401572281726
1233.4355770420282	343.1654118577162	1.0954398270377022	1439.2401572281726
1236.3425353677424	344.2618609884636	1.0974589122679184	1440.2401572281726
1239.255645324261	345.3603306383683	1.0994808658469526	1441.2401572281726
1242.1749169280197	346.4608236772631	1.1015056907432577	1442.2401572281726
1245.100360204357	347.56334297795	1.1035333899252855	1443.2401572281726
1248.0319851875213	348.6678914161986	1.1055639663614896	1444.2401572281726
1250.9698019206608	349.77447187074733	1.1075974230203214	1445.2401572281726
1253.913820455833	350.88308722330305	1.1096337628702342	1446.2401572281726
1256.864050854	351.9937403585408	1.1116729888796801	1447.2401572281726
1259.8205031850273	353.1064341641048	1.1137151040171114	1448.2401572281726
1262.7831875276881	354.2211715306073	1.1157601112509812	1449.2401572281726
1265.7521139696594	355.3379553516286	1.1178080135497412	1450.2401572281726
1268.7272926075252	356.4567885237178	1.1198588138818446	1451.2401572281726
1271.7087335467731	357.5776739463928	1.1219125152157436	1452.2401572281726
1274.6964469017973	358.70061452213963	1.1239691205198907	1453.2401572281726
1277.6904427958966	359.8256131564124	1.1260286327627385	1454.2401572281726
1280.690731361276	360.9526727576339	1.1280910549127394	1455.2401572281726
1283.6973227390445	362.08179623719616	1.130156389938346	1456.2401572281726
1286.7102270792188	363.21298650945846	1.132224640808011	1457.2401572281726
1289.7294545407165	364.34624649174964	1.134295810490186	1458.2401572281726
1292.7550152913664	365.481579104366	1.1363699019533244	1459.2401572281726
1295.7869195078974	366.6189872705729	1.1384469181658783	1460.2401572281726
1298.8251773759487	367.75847391660386	1.1405268620963005	1461.2401572281726
1301.869799090061	368.9000419716608	1.1426097367130434	1462.2401572281726
1304.9207948536798	370.043694367915	1.144695544984559	1463.2401572281726
1307.9781748791609	371.18943404050447	1.1467842898793004	1464.2401572281726
1311.0419493877605	372.33726392753715	1.1488759743657202	1465.2401572281726
1314.1121286096425	373.48718697008906	1.1509706014122703	1466.2401572281726
1317.1887227838747	374.63920611220465	1.1530681739874034	1467.2401572281726
1320.2717421584327	375.7933243008963	1.155168695059572	1468.2401572281726
1323.3611969901954	376.9495444861458	1.157272167597229	1469.2401572281726
1326.4570975449476	378.1078696209022	1.1593785945688269	1470.2401572281726
1329.5594540973793	379.26830266108414	1.1614879789428174	1471.2401572281726
1332.6682769310853	380.43084656557835	1.1636003236876535	1472.2401572281726
1335.7835763385679	381.59550429623914	1.1657156317717876	1473.2401572281726
1338.9053626212321	382.762278817891	1.1678339061636724	1474.2401572281726
1342.0336460893916	383.93117309832496	1.1699551498317604	1475.2401572281726
1345.1684370622604	385.1021901083026	1.1720793657445037	1476.2401572281726
1348.3097458679629	386.27533282155196	1.1742065568703552	1477.2401572281726
1351.4575828435268	387.45060421477035	1.1763367261777675	1478.2401572281726
1354.6119583348832	388.6280072676243	1.1784698766351926	1479.2401572281726
1357.7728826968723	389.8075449627472	1.1806060112110832	1480.2401572281726
1360.9403662932377	390.9892202857419	1.182745132873892	1481.2401572281726
1364.1144194966278	392.1730362251801	1.1848872445920713	1482.2401572281726
1367.2950526885975	393.3589957726007	1.1870323493340735	1483.2401572281726
1370.4822762596066	394.5471019225125	1.1891804500683514	1484.2401572281726
1373.6761006090208	395.7373576723908	1.1913315497633574	1485.2401572281726
1376.8765361451092	396.92976602268186	1.1934856513875438	1486.2401572281726
1380.0835932850491	398.12432997679844	1.1956427579093634	1487.2401572281726
1383.2972824549206	399.32105254112275	1.1978028722972682	1488.2401572281726
1386.5176140897115	400.51993672500475	1.1999659975197114	1489.2401572281726
1389.7445986333128	401.7209855407632	1.202132136545145	1490.2401572281726
1392.9782465385226	402.9242020036854	1.2043012923420218	1491.2401572281726
1396.2185682670427	404.12958913202726	1.2064734678787938	1492.2401572281726
1399.4655742894818	405.33714994701256	1.208648666123914	1493.2401572281726
1402.7192750853528	406.5468874728341	1.2108268900458345	1494.2401572281726
1405.9796811430758	407.75880473665256	1.2130081426130084	1495.2401572281726
1409.2468029599731	408.9729047685977	1.2151924267938874	1496.2401572281726
1412.5206510422747	410.1891906017678	1.2173797455569246	1497.2401572281726
1415.8012359051158	411.40766527222854	1.2195701018705722	1498.2401572281726
1419.0885680725364	412.62833181901533	1.2217634987032828	1499.2401572281726
1422.3826580774835	413.851193284131	1.2239599390235094	1500.2401572281726
1425.6835164618049	415.07625271254767	1.2261594257997035	1501.2401572281726
1428.9911537762591	416.30351315220526	1.228361962000318	1502.2401572281726
1432.305580580507	417.5329776540127	1.2305675505938056	1503.2401572281726
1435.6268074431161	418.76464927184657	1.2327761945486189	1504.2401572281726
1438.9548449415583	419.99853106255307	1.23498789683321	1505.2401572281726
1442.2897036622112	421.2346260859456	1.2372026604160316	1506.2401572281726
1445.6313942003578	422.47293740480734	1.2394204882655362	1507.2401572281726
1448.9799271601873	423.7134680848883	1.2416413833501765	1508.2401572281726
1452.335313154792	424.95622119490895	1.2438653486384044	1509.2401572281726
1455.6975628061725	426.201199806556	1.2460923870986729	1510.2401572281726
1459.0666867452328	427.4484069944863	1.2483225016994344	1511.2401572281726
1462.4426956117813	428.69784583632475	1.250555695409141	1512.2401572281726
1465.8256000545362	429.9495194126639	1.252791971196246	1513.2401572281726
1469.2154107311153	431.2034308070654	1.2550313320292015	1514.2401572281726
1472.6121383080454	432.4595831060602	1.2572737808764596	1515.2401572281726
1476.015793460759	433.71797939914586	1.2595193207064737	1516.2401572281726
1479.4263868735904	434.97862277879005	1.2617679544876954	1517.2401572281726
1482.8439292397827	436.2415163404281	1.2640196851885772	1518.2401572281726
1486.2684312614833	437.5066631824635	1.2662745157775723	1519.2401572281726
1489.6999036497452	438.77406640626896	1.268532449223133	1520.2401572281726
1493.138357124527	440.04372911618464	1.2707934884937115	1521.2401572281726
1496.5838024146901	441.3156544195209	1.2730576365577604	1522.2401572281726
1500.0362502580047	442.58984542655435	1.2753248963837323	1523.2401572281726
1503.4957114011452	443.86630525053147	1.2775952709400795	1524.2401572281726
1506.9621965996894	445.14503700766727	1.2798687631952546	1525.2401572281726
1510.4357166181237	446.4260438171443	1.28214537611771	1526.2401572281726
1513.9162822298388	447.70932880111457	1.2844251126758988	1527.2401572281726
1517.4039042171273	448.99489508469765	1.2867079758382725	1528.2401572281726
1520.898593371194	450.2827457959819	1.2889939685732845	1529.2401572281726
1524.4003604921422	451.5728840660247	1.2912830938493867	1530.2401572281726
1527.9092163889848	452.86531302885066	1.293575354635032	1531.2401572281726
1531.4251718796381	454.16003582145424	1.2958707538986725	1532.2401572281726
1534.948237790926	455.4570555837968	1.298169294608761	1533.2401572281726
1538.4784249585741	456.75637545880954	1.3004709797337495	1534.2401572281726
1542.0157442272166	458.0579985923921	1.3027758122420914	1535.2401572281726
1545.5602064503914	459.3619281334112	1.3050837951022385	1536.2401572281726
1549.1118224905438	460.66816723370346	1.3073949312826436	1537.2401572281726
1552.670603219021	461.9767190480727	1.3097092237517591	1538.2401572281726
1556.2365595160782	463.28758673429263	1.3120266754780372	1539.2401572281726
1559.8097022708757	464.60077345310435	1.3143472894299313	1540.2401572281726
1563.3900423814775	465.91628236821725	1.3166710685758927	1541.2401572281726
1566.977590754855	467.23411664631	1.3189980158843744	1542.2401572281726
1570.5723583068843	468.5542794570297	1.3213281343238292	1543.2401572281726
1574.174355962347	469.8767739729907	1.3236614268627094	1544.2401572281726
1577.783594654929	471.20160336977744	1.3259978964694676	1545.2401572281726
1581.4000853272214	472.52877082594193	1.328337546112556	1546.2401572281726
1585.023838930723	473.8582795230043	1.330680378760427	1547.2401572281726
1588.6548664258362	475.1901326454538	1.3330263973815337	1548.2401572281726
1592.2931787818693	476.524333380748	1.3353756049443282	1549.2401572281726
1595.9387869770349	477.86088491931264	1.337728004417263	1550.2401572281726
1599.5917019984518	479.19979045454215	1.3400835987687905	1551.2401572281726
1603.2519348421454	480.54105318279926	1.3424423909673637	1552.2401572281726
1606.919496513044	481.8846763034153	1.3448043839814345	1553.2401572281726
1610.5943980249835	483.2306630186897	1.347169580779456	1554.2401572281726
1614.2766504007013	484.5790165338916	1.3495379843298796	1555.2401572281726
1617.9662646718461	485.9297400572566	1.3519095976011588	1556.2401572281726
1621.6632518789684	487.28283679999026	1.3542844235617462	1557.2401572281726
1625.3676230715228	488.6383099762662	1.3566624651800936	1558.2401572281726
1629.079389307873	489.99616280322596	1.3590437254246541	1559.2401572281726
1632.7985616552849	491.3563985009804	1.36142820726388	1560.2401572281726
1636.5251511899305	492.7190202926081	1.3638159136662233	1561.2401572281726
1640.2591689968876	494.0840314041567	1.366206847600137	1562.2401572281726
1644.0006261701394	495.4514350646418	1.3686010120340737	1563.2401572281726
1647.7495338125746	496.8212345060475	1.3709984099364851	1564.2401572281726
1651.5059030359869	498.1934329633268	1.3733990442758248	1565.2401572281726
1655.2697449610764	499.5680336744009	1.375802918020545	1566.2401572281726
1659.041070717445	500.94503988015936	1.3782100341390977	1567.2401572281726
1662.8198914436052	502.3244548244602	1.3806203955999359	1568.2401572281726
1666.6062182869714	503.70628175412946	1.3830340053715122	1569.2401572281726
1670.4000624038633	505.0905239189626	1.3854508664222784	1570.2401572281726
1674.2014349595074	506.47718457172334	1.3878709817206873	1571.2401572281726
1678.0103471280352	507.866266968143	1.3902943542351913	1572.2401572281726
1681.826810092483	509.25777436692204	1.3927209869342436	1573.2401572281726
1685.6508350447932	510.651710029729	1.3951508827862957	1574.2401572281726
1689.4824331858126	512.0480772212014	1.3975840447598011	1575.2401572281726
1693.3216157252944	513.4468792089451	1.4000204758232113	1576.2401572281726
1697.168393881897	514.848119263534	1.4024601789449798	1577.2401572281726
1701.0227788831821	516.2518006585107	1.4049031570935582	1578.2401572281726
1704.8847819656198	517.6579266703864	1.407349413237399	1579.2401572281726
1708.7544143745852	519.0665005786401	1.4097989503449557	1580.2401572281726
1712.631687364356	520.4775256657206	1.4122517713846798	1581.2401572281726
1716.5166121981174	521.8910052170432	1.4147078793250243	1582.2401572281726
1720.4092001479614	523.3069425209933	1.4171672771344417	1583.2401572281726
1724.3094624948812	524.7253408689243	1.4196299677813842	1584.2401572281726
1728.2174105287784	526.146203555158	1.4220959542343043	1585.2401572281726
1732.13305554846	527.5695338769845	1.4245652394616548	1586.2401572281726
1736.0564088616375	528.9953351346625	1.4270378264318881	1587.2401572281726
1739.9874817849266	530.4236106314188	1.4295137181134563	1588.2401572281726
1743.9262856438518	531.8543636734493	1.4319929174748127	1589.2401572281726
1747.8728317728387	533.287597569918	1.4344754274844091	1590.2401572281726
1751.8271315152215	534.7233156329572	1.4369612511106982	1591.2401572281726
1755.789196223239	536.1615211776677	1.4394503913221326	1592.2401572281726
1759.7590372580348	537.6022175221193	1.4419428510871648	1593.2401572281726
1763.7366659896575	539.0454079873492	1.4444386333742472	1594.2401572281726
1767.7220937970615	540.4910958973642	1.4469377411518323	1595.2401572281726
1771.715332068107	541.9392845791391	1.4494401773883725	1596.2401572281726
1775.7163921995589	543.3899773626167	1.4519459450523202	1597.2401572281726
1779.7252855970887	544.8431775807093	1.4544550471121287	1598.2401572281726
1783.7420236752712	546.2988885692962	1.4569674865362496	1599.2401572281726
1787.7666178575882	547.757113667226	1.4594832662931354	1600.2401572281726
1791.7990795764267	549.2178562163158	1.4620023893512393	1601.2401572281726
1795.8394202730774	550.6811195613517	1.4645248586790132	1602.2401572281726
1799.8876513977395	552.1469070500867	1.46705067724491	1603.2401572281726
1803.9437844095146	553.6152220332435	1.4695798480173816	1604.2401572281726
1808.0078307764113	555.086067864513	1.4721123739648814	1605.2401572281726
1812.0798019753433	556.5594479005545	1.4746482580558615	1606.2401572281726
1816.1597094921271	558.0353655009955	1.4771875032587736	1607.2401572281726
1820.2475648214906	559.513824028432	1.4797301125420714	1608.2401572281726
1824.343379467059	560.9948268484294	1.4822760888742064	1609.2401572281726
1828.4471649413713	562.4783773295196	1.484825435223632	1610.2401572281726
1832.558932765865	563.9644788432051	1.4873781545588	1611.2401572281726
1836.678694470887	565.4531347639553	1.4899342498481634	1612.2401572281726
1840.8064615956873	566.9443484692094	1.4924937240601743	1613.2401572281726
1844.9422456884233	568.4381233393725	1.4950565801632856	1614.2401572281726
1849.086058306156	569.9344627578218	1.4976228211259495	1615.2401572281726
1853.2379110148527	571.4333701109007	1.5001924499166186	1616.2401572281726
1857.3978153893845	572.9348487879208	1.502765469503745	1617.2401572281726
1861.565783013531	574.4389021811631	1.5053418828557819	1618.2401572281726
1865.7418254799736	575.9455336858769	1.5079216929411812	1619.2401572281726
1869.9259543903022	577.4547467002797	1.5105049027283959	1620.2401572281726
1874.11818135501	578.966544625557	1.5130915151858781	1621.2401572281726
1878.3185179934949	580.4809308658641	1.51568153328208	1622.2401572281726
1882.5269759340645	581.9979088283236	1.5182749599854555	1623.2401572281726
1886.7435668139262	583.5174819230267	1.5208717982644555	1624.2401572281726
1890.968302279195	585.0396535630338	1.523472051087533	1625.2401572281726
1895.2011939848937	586.5644271643728	1.5260757214231413	1626.2401572281726
1899.4422535949461	588.0918061460403	1.5286828122397318	1627.2401572281726
1903.6914927821826	589.6217939300022	1.531293326505757	1628.2401572281726
1907.9489232283436	591.1543939411914	1.53390726718967	1629.2401572281726
1912.2145566240688	592.6896096075102	1.5365246372599237	1630.2401572281726
1916.4884046689056	594.2274443598294	1.53914543968497	1631.2401572281726
1920.770479071306	595.7679016319881	1.5417696774332605	1632.2401572281726
1925.0607915486298	597.3109848607935	1.5443973534732491	1633.2401572281726
1929.3593538271402	598.8566974860208	1.547028470773388	1634.2401572281726
1933.6661776420053	600.4050429504159	1.5496630323021297	1635.2401572281726
1937.981274737299	601.9560246996908	1.5523010410279263	1636.2401572281726
1942.3046568660016	603.5096461825269	1.5549424999192303	1637.2401572281726
1946.6363357899963	605.0659108505741	1.5575874119444943	1638.2401572281726
1950.976323280075	606.6248221584503	1.5602357800721707	1639.2401572281726
1955.324631115934	608.1863835637421	1.5628876072707125	1640.2401572281726
1959.6812710861727	609.7505985270049	1.5655428965085723	1641.2401572281726
1964.0462549882986	611.3174705117619	1.568201650754202	1642.2401572281726
1968.4195946287218	612.8870029845056	1.5708638729760542	1643.2401572281726
1972.8013018227593	614.4591994146954	1.5735295661425805	1644.2401572281726
1977.1913883946363	616.0340632747615	1.5761987332222356	1645.2401572281726
1981.5898661774781	617.6115980401007	1.5788713771834708	1646.2401572281726
1985.996747013316	619.1918071890788	1.5815475009947375	1647.2401572281726
1990.4120427530934	620.7746942030293	1.5842271076244903	1648.2401572281726
1994.8357652566506	622.3602625662563	1.58691020004118	1649.2401572281726
1999.2679263927375	623.9485157660303	1.5895967812132603	1650.2401572281726
2003.708538039008	625.5394572925911	1.5922868541091828	1651.2401572281726
2008.1576120820241	627.1330906391462	1.5949804216974006	1652.2401572281726
2012.6151604172485	628.7294193018731	1.5976774869463657	1653.2401572281726
2017.081194949053	630.328446779915	1.6003780528245304	1654.2401572281726
2021.5557275907145	631.9301765753876	1.6030821223003489	1655.2401572281726
2026.0387702644116	633.5346121933711	1.605789698342271	1656.2401572281726
2030.5303349012343	635.1417571419169	1.608500783918752	1657.2401572281726
2035.0304334411728	636.7516149320431	1.6112153819982424	1658.2401572281726
2039.5390778331234	638.3641890777375	1.6139334955491953	1659.2401572281726
2044.0562800348912	639.9794830959552	1.6166551275400634	1660.2401572281726
2048.582052013183	641.5975005066203	1.6193802809392988	1661.2401572281726
2053.1164057436117	643.2182448326257	1.622108958715354	1662.2401572281726
2057.659353210697	644.841719599833	1.6248411638366822	1663.2401572281726
2062.2109064078645	646.4679283370699	1.6275768992717354	1664.2401572281726
2066.7710773374406	648.0968745761367	1.6303161679889657	1665.2401572281726
2071.3398780106627	649.7285618517984	1.6330589729568268	1666.2401572281726
2075.917320447669	651.36299370179	1.6358053171437696	1667.2401572281726
2080.503416677507	653.0001736668152	1.6385552035182478	1668.2401572281726
2085.0981787381256	654.6401052905453	1.641308635048713	1669.2401572281726
2089.7016186763835	656.2827921196211	1.6440656147036186	1670.2401572281726
2094.31374854804	657.9282377036504	1.6468261454514166	1671.2401572281726
2098.934580417765	659.5764455952109	1.6495902302605596	1672.2401572281726
2103.5641263591287	661.2274193498479	1.6523578720995005	1673.2401572281726
2108.2023984546095	662.8811625260755	1.6551290739366908	1674.2401572281726
2112.84940879559	664.5376786853768	1.657903838740584	1675.2401572281726
2117.5051694823596	666.1969713922017	1.660682169479632	1676.2401572281726
2122.16969262411	667.8590442139706	1.6634640691222873	1677.2401572281726
2126.8429903389438	669.5239007210705	1.6662495406370028	1678.2401572281726
2131.525074753862	671.1915444868583	1.6690385869922306	1679.2401572281726
2136.215958004777	672.8619790876583	1.6718312111564235	1680.2401572281726
2140.9156522365024	674.5352081027637	1.6746274160980337	1681.2401572281726
2145.624169602762	676.2112351144362	1.6774272047855143	1682.2401572281726
2150.3415222661774	677.8900637079055	1.6802305801873172	1683.2401572281726
2155.0677223982825	679.5716974713715	1.6830375452718949	1684.2401572281726
2159.802782179513	681.256139996	1.6858481030077002	1685.2401572281726
2164.5467137992105	682.9433948759271	1.6886622563631848	1686.2401572281726
2169.299529455625	684.6334657082559	1.6914800083068027	1687.2401572281726
2174.0612413559056	686.3263560930596	1.694301361807005	1688.2401572281726
2178.831861716114	688.0220696333784	1.6971263198322455	1689.2401572281726
2183.6114027612116	689.7206099352217	1.6999548853509756	1690.2401572281726
2188.399876725066	691.4219806075675	1.7027870613316476	1691.2401572281726
2193.1972958504534	693.1261852623622	1.7056228507427147	1692.2401572281726
2198.003672389054	694.8332275145191	1.7084622565526295	1693.2401572281726
2202.8190186014513	696.5431109819226	1.7113052817298444	1694.2401572281726
2207.6433467571355	698.255839285424	1.7141519292428116	1695.2401572281726
2212.476669134501	699.9714160488431	1.717002202059983	1696.2401572281726
2217.3189980208526	701.6898448989685	1.719856103149813	1697.2401572281726
2222.170345712392	703.4111294655568	1.722713635480752	1698.2401572281726
2227.0307245142353	705.1352733813331	1.725574802021254	1699.2401572281726
2231.9001467403955	706.8622802819917	1.7284396057397702	1700.2401572281726
2236.7786247137983	708.5921538061948	1.7313080496047544	1701.2401572281726
2241.66617076627	710.3248975955729	1.7341801365846585	1702.2401572281726
2246.562797238544	712.0605152947248	1.7370558696479348	1703.2401572281726
2251.468516480258	713.7990105512191	1.7399352517630362	1704.2401572281726
2256.3833408499563	715.5403870155913	1.742818285898415	1705.2401572281726
2261.3072827150877	717.2846483413458	1.7457049750225235	1706.2401572281726
2266.2403544520075	719.0317981849553	1.7485953221038144	1707.2401572281726
2271.1825684459754	720.7818402058621	1.7514893301107402	1708.2401572281726
2276.133937091156	722.534778066475	1.7543870020117531	1709.2401572281726
2281.0944727906212	724.2906154321731	1.7572883407753064	1710.2401572281726
2286.0641879563454	726.0493559713028	1.7601933493698516	1711.2401572281726
2291.043095009212	727.8110033551795	1.7631020307638419	1712.2401572281726
2296.031206379006	729.5755612580862	1.7660143879257297	1713.2401572281726
2301.0285345044203	731.3430333572758	1.7689304238239674	1714.2401572281726
2306.0350918330514	733.1134233329691	1.7718501414270076	1715.2401572281726
2311.0508908214015	734.8867348683546	1.774773543703302	1716.2401572281726
2316.075943934881	736.6629716495896	1.7777006336213041	1717.2401572281726
2321.1102636478017	738.4421373658005	1.7806314141494664	1718.2401572281726
2326.1538624433833	740.2242357090815	1.7835658882562409	1719.2401572281726
2331.2067528137495	742.0092703744955	1.7865040589100802	1720.2401572281726
2336.2689472599295	743.7972450600737	1.7894459290794367	1721.2401572281726
2341.340458291858	745.5881634668159	1.7923915017327627	1722.2401572281726
2346.4212984283768	747.3820292986895	1.7953407798385113	1723.2401572281726
2351.511480197232	749.1788462626326	1.7982937663651357	1724.2401572281726
2356.6110161350707	750.9786180685496	1.8012504642810867	1725.2401572281726
2361.719918787453	752.781348429314	1.8042108765548173	1726.2401572281726
2366.8382007088385	754.5870410607682	1.8071750061547804	1727.2401572281726
2371.965874462596	756.3956996817224	1.8101428560494288	1728.2401572281726
2377.102952620997	758.2073280139547	1.813114429207214	1729.2401572281726
2382.249447765217	760.0219297822136	1.8160897285965887	1730.2401572281726
2387.4053724853434	761.839508714215	1.8190687571860065	1731.2401572281726
2392.5707393803614	763.660068540642	1.8220515179439185	1732.2401572281726
2397.745561058167	765.4836129951481	1.8250380138387778	1733.2401572281726
2402.929850135559	767.3101458143547	1.8280282478390375	1734.2401572281726
2408.1236192382403	769.1396707378506	1.8310222229131492	1735.2401572281726
2413.3268810008217	770.9721915081949	1.8340199420295655	1736.2401572281726
2418.539648066819	772.8077118709134	1.837021408156739	1737.2401572281726
2423.7619330886537	774.6462355745012	1.8400266242631231	1738.2401572281726
2428.9937487276493	776.4877663704222	1.843035593317169	1739.2401572281726
2434.235107654037	778.332308013108	1.8460483182873293	1740.2401572281726
2439.486022546957	780.1798642599588	1.8490648021420573	1741.2401572281726
2444.7465060944487	782.0304388713429	1.852085047849805	1742.2401572281726
2450.01657099346	783.8840356105982	1.855109058379025	1743.2401572281726
2455.296229949845	785.7406582440308	1.85813683669817	1744.2401572281726
2460.5854956783583	787.6003105409144	1.861168385775692	1745.2401572281726
2465.8843809026657	789.4629962734912	1.8642037085800434	1746.2401572281726
2471.192898355338	791.3287192169731	1.867242808079678	1747.2401572281726
2476.511060777847	793.1974831495384	1.870285687243047	1748.2401572281726
2481.838880920571	795.0692918523363	1.873332349038603	1749.2401572281726
2487.1763715427987	796.9441491094826	1.876382796434799	1750.2401572281726
2492.523545412715	798.8220587080629	1.8794370324000869	1751.2401572281726
2497.880415307423	800.7030244381286	1.8824950599029204	1752.2401572281726
2503.2469940129167	802.5870500927031	1.8855568819117503	1753.2401572281726
2508.6232943241052	804.474139467777	1.88862250139503	1754.2401572281726
2514.0093290448012	806.3642963623079	1.8916919213212122	1755.2401572281726
2519.40511098772	808.2575245782233	1.8947651446587492	1756.2401572281726
2524.8106529744855	810.1538279204185	1.8978421743760936	1757.2401572281726
2530.225967835624	812.0532101967582	1.9009230134416975	1758.2401572281726
2535.6510684105706	813.9556752180742	1.9040076648240143	1759.2401572281726
2541.0859675476604	815.8612267981681	1.9070961314914947	1760.2401572281726
2546.5306781041404	817.7698687538085	1.9101884164125926	1761.2401572281726
2551.985212946158	819.6816049047341	1.9132845225557604	1762.2401572281726
2557.4495849487707	821.5964390736498	1.9163844528894507	1763.2401572281726
2562.9238069959356	823.5143750862321	1.9194882103821156	1764.2401572281726
2568.407891980517	825.4354167711236	1.9225957980022077	1765.2401572281726
2573.901852804288	827.3595679599355	1.9257072187181792	1766.2401572281726
2579.4057023779255	829.286832487248	1.9288224754984835	1767.2401572281726
2584.9194536210066	831.2172141906101	1.9319415713115717	1768.2401572281726
2590.4431194620215	833.1507169105383	1.9350645091258978	1769.2401572281726
2595.9767128383623	835.0873444905181	1.9381912919099136	1770.2401572281726
2601.5202466963237	837.0271007770039	1.9413219226320713	1771.2401572281726
2607.073733991112	838.969989619418	1.944456404260824	1772.2401572281726
2612.6371876868325	840.9160148701508	1.9475947397646236	1773.2401572281726
2618.2106207564993	842.8651803845615	1.950736932111923	1774.2401572281726
2623.7940461820313	844.8174900209788	1.953882984271174	1775.2401572281726
2629.3874769542554	846.7729476406977	1.957032899210831	1776.2401572281726
2634.9909260728973	848.731557107983	1.9601866798993441	1777.2401572281726
2640.604406546592	850.6933222900689	1.963344329305167	1778.2401572281726
2646.2279313928834	852.6582470571553	1.9665058503967523	1779.2401572281726
2651.861513638215	854.6263352824135	1.9696712461425525	1780.2401572281726
2657.505166317937	856.5975908419815	1.9728405195110197	1781.2401572281726
2663.158902476306	858.5720176149664	1.976013673470606	1782.2401572281726
2668.822735166485	860.5496194834424	1.979190710989765	1783.2401572281726
2674.4966774505406	862.5304003324547	1.9823716350369491	1784.2401572281726
2680.1807423994455	864.5143640500154	1.98555644858061	1785.2401572281726
2685.8749430930757	866.5015145271045	1.9887451545892005	1786.2401572281726
2691.579292620214	868.4918556576715	1.9919377560311726	1787.2401572281726
2697.293804078554	870.485391338634	1.9951342558749803	1788.2401572281726
2703.0184905746837	872.4821254698784	1.9983346570890748	1789.2401572281726
2708.7533652241063	874.4820619542585	2.0015389626419093	1790.2401572281726
2714.4984411512237	876.485204697598	2.0047471755019353	1791.2401572281726
2720.2537314893457	878.4915576086877	2.0079592986376054	1792.2401572281726
2726.019249380691	880.5011245992876	2.011175335017374	1793.2401572281726
2731.7950079763764	882.5139095841263	2.0143952876096916	1794.2401572281726
2737.5810204364293	884.5299164809005	2.017619159383011	1795.2401572281726
2743.377299929782	886.5491492102756	2.0208469533057856	1796.2401572281726
2749.183859634271	888.5716116958848	2.024078672346467	1797.2401572281726
2755.0007127366353	890.5973078643308	2.0273143194735077	1798.2401572281726
2760.827872432527	892.6262416451835	2.030553897655361	1799.2401572281726
2766.6653519264974	894.6584169709827	2.0337974098604796	1800.2401572281726
2772.5131644320018	896.6938377772352	2.037044859057314	1801.2401572281726
2778.3713231714073	898.7325080024173	2.040296248214319	1802.2401572281726
2784.2398413759815	900.774431587973	2.0435515802999458	1803.2401572281726
2790.118732285899	902.8196124783159	2.0468108582826474	1804.2401572281726
2796.008009150237	904.8680546208268	2.050074085130875	1805.2401572281726
2801.9076852269823	906.9197619658556	2.0533412638130835	1806.2401572281726
2807.817773783025	908.9747384667207	2.056612397297723	1807.2401572281726
2813.7382880941623	911.0329880797082	2.059887488553248	1808.2401572281726
2819.6692414450945	913.0945147640734	2.06316654054811	1809.2401572281726
2825.6106471294247	915.1593224820405	2.066449556250761	1810.2401572281726
2831.5625184496694	917.2274151988006	2.069736538629655	1811.2401572281726
2837.524868717243	919.2987968825145	2.073027490653243	1812.2401572281726
2843.497711252467	921.3734715043112	2.0763224152899777	1813.2401572281726
2849.4810593845714	923.4514430382885	2.0796213155083123	1814.2401572281726
2855.4749264516886	925.5327154615114	2.082924194276699	1815.2401572281726
2861.4793258008585	927.6172927540144	2.0862310545635907	1816.2401572281726
2867.4942707880223	929.7051788988007	2.0895418993374397	1817.2401572281726
2873.5197747780294	931.7963778818412	2.0928567315666973	1818.2401572281726
2879.5558511446366	933.8908936920758	2.0961755542198173	1819.2401572281726
2885.602513270503	935.9887303214116	2.099498370265252	1820.2401572281726
2891.6597745471922	938.0898917647263	2.1028251826714532	1821.2401572281726
2897.727648375176	940.1943820198647	2.1061559944068744	1822.2401572281726
2903.806148163833	942.3022050876391	2.109490808439968	1823.2401572281726
2909.89528733144	944.413364971833	2.1128296277391856	1824.2401572281726
2915.9950793051876	946.5278656791959	2.116172455272981	1825.2401572281726
2922.1055375211654	948.6457112194463	2.119519294009805	1826.2401572281726
2928.226675424371	950.7669056052728	2.1228701469181117	1827.2401572281726
2934.358506468709	952.8914528523295	2.1262250169663526	1828.2401572281726
2940.5010441169834	955.0193569792418	2.1295839071229796	1829.2401572281726
2946.6543018409157	957.150622007601	2.132946820356448	1830.2401572281726
2952.8182931211154	959.2852519619697	2.1363137596352066	1831.2401572281726
2958.993031447114	961.4232508698763	2.139684727927712	1832.2401572281726
2965.1785303173383	963.5646227618187	2.143059728202413	1833.2401572281726
2971.37480323912	965.7093716712643	2.1464387634277626	1834.2401572281726
2977.5818637287052	967.8575016346475	2.149821836572216	1835.2401572281726
2983.799725311235	970.0090166913712	2.1532089506042227	1836.2401572281726
2990.028401520763	972.1639208838079	2.1566001084922366	1837.2401572281726
2996.2679059002467	974.3222182572974	2.159995313204711	1838.2401572281726
3002.5182520015433	976.4839128601484	2.163394567710096	1839.2401572281726
3008.7794533854244	978.6490087436383	2.1667978749768464	1840.2401572281726
3015.0515236215597	980.8175099620119	2.1702052379734136	1841.2401572281726
3021.3344762885285	982.9894205724842	2.1736166596682502	1842.2401572281726
3027.6283249738117	985.1647446352374	2.177032143029808	1843.2401572281726
3033.933083273802	987.3434862134219	2.1804516910265415	1844.2401572281726
3040.2487647937905	989.5256493731581	2.183875306626902	1845.2401572281726
3046.575383147975	991.7112381835335	2.1873029927993413	1846.2401572281726
3052.9129519594626	993.900256716604	2.190734752512313	1847.2401572281726
3059.261484860263	996.0927090473947	2.194170588734269	1848.2401572281726
3065.6209954912906	998.288599253898	2.197610504433662	1849.2401572281726
3071.9914975023676	1000.4879314170773	2.2010545025789447	1850.2401572281726
3078.3730045522175	1002.690709620861	2.204502586138569	1851.2401572281726
3084.765530308473	1004.8969379521479	2.2079547580809877	1852.2401572281726
3091.16908844767	1007.1066205008066	2.2114110213746536	1853.2401572281726
3097.583692655253	1009.3197613596708	2.2148713789880192	1854.2401572281726
3104.009356625567	1011.5363646245454	2.2183358338895363	1855.2401572281726
3110.446094061866	1013.7564343942022	2.2218043890476578	1856.2401572281726
3116.8939186763077	1015.9799747703821	2.2252770474308363	1857.2401572281726
3123.352844189957	1018.2069898577951	2.228753812007525	1858.2401572281726
3129.8228843327797	1020.437483764118	2.2322346857461746	1859.2401572281726
3136.3040528436536	1022.6714605999979	2.2357196716152394	1860.2401572281726
3142.7963634703565	1024.9089244790482	2.2392087725831713	1861.2401572281726
3149.2998299695723	1027.1498795178527	2.2427019916184214	1862.2401572281726
3155.8144661068936	1029.3943298359636	2.2461993316894446	1863.2401572281726
3162.3402856568127	1031.6422795559001	2.2497007957646913	1864.2401572281726
3168.877302402736	1033.8937328031507	2.253206386812616	1865.2401572281726
3175.425530136966	1036.148693706172	2.2567161078016698	1866.2401572281726
3181.9849826607133	1038.40716639639	2.260229961700305	1867.2401572281726
3188.555673784099	1040.669155008199	2.263747951476975	1868.2401572281726
3195.137617326143	1042.93466367896	2.267270080100132	1869.2401572281726
3201.7308271147713	1045.2036965490045	2.270796350538228	1870.2401572281726
3208.335316986821	1047.4762577616311	2.2743267657597164	1871.2401572281726
3214.95110078803	1049.7523514631073	2.277861328733049	1872.2401572281726
3221.5781923730397	1052.03198180267	2.2814000424266783	1873.2401572281726
3228.2166056054	1054.3151529325237	2.2849429098090566	1874.2401572281726
3234.8663543575694	1056.6018690078404	2.2884899338486377	1875.2401572281726
3241.5274525109025	1058.892134186763	2.2920411175138726	1876.2401572281726
3248.1999139556674	1061.1859526304	2.295596463773215	1877.2401572281726
3254.8837525910344	1063.4833285028303	2.2991559755951165	1878.2401572281726
3261.578982325078	1065.7842659711007	2.30271965594803	1879.2401572281726
3268.2856170747846	1068.088769205226	2.306287507800408	1880.2401572281726
3275.0036707660324	1070.396842378191	2.309859534120702	1881.2401572281726
3281.7331573336205	1072.7084896659462	2.313435737877366	1882.2401572281726
3288.474090721245	1075.0237152474133	2.317016122038852	1883.2401572281726
3295.2264848815066	1077.3425233044816	2.320600689573612	1884.2401572281726
3301.990353775916	1079.6649180220084	2.324189443450099	1885.2401572281726
3308.7657113748865	1081.9909035878186	2.327782386636766	1886.2401572281726
3315.5525716577345	1084.3204841927081	2.3313795221020643	1887.2401572281726
3322.3509486126854	1086.6536640304387	2.3349808528144473	1888.2401572281726
3329.16085623687	1088.9904472977419	2.338586381742367	1889.2401572281726
3335.9823085363223	1091.330838194318	2.3421961118542756	1890.2401572281726
3342.8153195259833	1093.6748409228346	2.3458100461186264	1891.2401572281726
3349.6599032296963	1096.0224596889284	2.3494281875038707	1892.2401572281726
3356.5160736802163	1098.3736987012053	2.3530505389784633	1893.2401572281726
3363.3838449191967	1100.728562171238	2.3566771035108545	1894.2401572281726
3370.2632309972005	1103.087054313569	2.3603078840694973	1895.2401572281726
3377.1542459736934	1105.4491793457091	2.3639428836228444	1896.2401572281726
3384.05690391705	1107.8149414881361	2.367582105139349	1897.2401572281726
3390.971218904547	1110.1843449642984	2.3712255515874623	1898.2401572281726
3397.8972050223674	1112.557394000611	2.374873225935638	1899.2401572281726
3404.8348763656004	1114.9340928264592	2.378525131152328	1900.2401572281726
3411.7842470382398	1117.3144456741948	2.3821812702059844	1901.2401572281726
3418.7453311531835	1119.6984567791392	2.38584164606506	1902.2401572281726
3425.718142832238	1122.0861303795823	2.389506261698008	1903.2401572281726
3432.7026962061104	1124.4774707167826	2.3931751200732796	1904.2401572281726
3439.6990054144185	1126.8724820349662	2.396848224159328	1905.2401572281726
3446.707084605685	1129.2711685813279	2.4005255769246068	1906.2401572281726
3453.7269479373304	1131.6735346060314	2.4042071813375667	1907.2401572281726
3460.758609575691	1134.0795843622084	2.4078930403666607	1908.2401572281726
3467.8020836960013	1136.4893221059594	2.411583156980342	1909.2401572281726
3474.857384482403	1138.9027520963537	2.4152775341470623	1910.2401572281726
3481.924526127946	1141.3198785954273	2.4189761748352745	1911.2401572281726
3489.0035228345814	1143.740705868187	2.422679082013431	1912.2401572281726
3496.0943888131656	1146.165238182607	2.4263862586499836	1913.2401572281726
3503.197138283465	1148.5934798096296	2.4300977077133865	1914.2401572281726
3510.3117854741486	1151.0254350231655	2.433813432172091	1915.2401572281726
3517.4383446227894	1153.4611081000949	2.4375334349945494	1916.2401572281726
3524.576829975864	1155.9005033202652	2.441257719149214	1917.2401572281726
3531.7272557887636	1158.3436249664935	2.4449862876045394	1918.2401572281726
3538.889636325774	1160.7904773245646	2.448719143328975	1919.2401572281726
3546.0639858600944	1163.2410646832311	2.4524562892909767	1920.2401572281726
3553.2503186738218	1165.695391334215	2.456197728458993	1921.2401572281726
3560.4486490579657	1168.1534615722067	2.45994346380148	1922.2401572281726
3567.658991312436	1170.615279694865	2.4636934982868883	1923.2401572281726
3574.8813597460503	1173.080850002818	2.4674478348836706	1924.2401572281726
3582.1157686765337	1175.5501767996593	2.4712064765602806	1925.2401572281726
3589.362232430509	1178.0232643919544	2.4749694262851687	1926.2401572281726
3596.620765343514	1180.5001170892351	2.4787366870267893	1927.2401572281726
3603.891381759985	1182.9807392040034	2.482508261753594	1928.2401572281726
3611.174096033266	1185.4651350517272	2.4862841534340356	1929.2401572281726
3618.468922525605	1187.9533089508454	2.490064365036566	1930.2401572281726
3625.775875608162	1190.4452652227637	2.4938488995296386	1931.2401572281726
3633.094969660989	1192.9410081918572	2.4976377598817048	1932.2401572281726
3640.426219073057	1195.4405421854697	2.501430949061218	1933.2401572281726
3647.7696382422346	1197.9438715339115	2.5052284700366307	1934.2401572281726
3655.1252415752992	1200.4510005704642	2.5090303257763944	1935.2401572281726
3662.4930434879298	1202.9619336313756	2.512836519248963	1936.2401572281726
3669.8730584047157	1205.4766750558629	2.516647053422788	1937.2401572281726
3677.26530075915	1207.9952291861111	2.520461931266323	1938.2401572281726
3684.6697849936254	1210.517600367275	2.5242811557480183	1939.2401572281726
3692.0865255594495	1213.0437929474763	2.528104729836329	1940.2401572281726
3699.5155369168288	1215.5738112778058	2.5319326564997064	1941.2401572281726
3706.956833534876	1218.1076597123233	2.535764938706602	1942.2401572281726
3714.41042989161	1220.6453426080561	2.53960157942547	1943.2401572281726
3721.876340473957	1223.1868643250004	2.5434425816247623	1944.2401572281726
3729.354579777744	1225.7322292261217	2.547287948272931	1945.2401572281726
3736.845162307706	1228.2814416773526	2.5511376823384286	1946.2401572281726
3744.348102577487	1230.8345060475942	2.5549917867897083	1947.2401572281726
3751.86341510963	1233.3914267087166	2.5588502645952222	1948.2401572281726
3759.391114435586	1235.9522080355591	2.5627131187234227	1949.2401572281726
3766.931215095711	1238.516854405928	2.566580352142762	1950.2401572281726
3774.483731639269	1241.0853702005977	2.5704519678216933	1951.2401572281726
3782.0486786244255	1243.6577598033134	2.574327968728669	1952.2401572281726
3789.6260706182543	1246.2340276007867	2.5782083578321418	1953.2401572281726
3797.2159221967313	1248.8141779826992	2.5820931381005634	1954.2401572281726
3804.818247944737	1251.3982153416991	2.5859823125023853	1955.2401572281726
3812.433062456069	1253.9861440734048	2.589875884006063	1956.2401572281726
3820.0603803334125	1256.5779685764019	2.593773855580047	1957.2401572281726
3827.70021618837	1259.1736932522444	2.5976762301927896	1958.2401572281726
3835.3525846414477	1261.7733225054562	2.6015830108127442	1959.2401572281726
3843.0175003220534	1264.3768607435286	2.605494200408363	1960.2401572281726
3850.694977868503	1266.9843123769208	2.609409801948099	1961.2401572281726
3858.3850319280173	1269.595681819062	2.6133298184004032	1962.2401572281726
3866.087677156722	1272.2109734863486	2.6172542527337295	1963.2401572281726
3873.80292821965	1274.8301917981462	2.62118310791653	1964.2401572281726
3881.530799790735	1277.4533411767877	2.6251163869172567	1965.2401572281726
3889.2713065528224	1280.080426047576	2.6290540927043633	1966.2401572281726
3897.0244631976566	1282.7114508387815	2.6329962282463004	1967.2401572281726
3904.790284425894	1285.346419981643	2.636942796511523	1968.2401572281726
3912.568784947089	1287.9853379103683	2.640893800468481	1969.2401572281726
3920.3599794797083	1290.6282090621337	2.6448492430856287	1970.2401572281726
3928.1638827511215	1293.2750378770825	2.6488091273314183	1971.2401572281726
3935.9805094975977	1295.9258287983284	2.652773456174301	1972.2401572281726
3943.809874464321	1298.580586271953	2.656742232582731	1973.2401572281726
3951.6519924053755	1301.2393147470052	2.66071545952516	1974.2401572281726
3959.5068780837514	1303.9020186755042	2.6646931399700406	1975.2401572281726
3967.3745462713446	1306.5687025124357	2.6686752768858253	1976.2401572281726
3975.255011748956	1309.2393707157557	2.672661873240967	1977.2401572281726
3983.1482893062907	1311.914027746387	2.676652932003917	1978.2401572281726
3991.0543937419625	1314.5926780682223	2.680648456143129	1979.2401572281726
3998.973339863489	1317.2753261481216	2.6846484486270557	1980.2401572281726
4006.9051424872873	1319.9619764559143	2.688652912424147	1981.2401572281726
4014.849816438693	1322.6526334643968	2.6926618505028594	1982.2401572281726
4022.8073765519352	1325.3473016493365	2.696675265831643	1983.2401572281726
4030.7778376701517	1328.0459854894666	2.7006931613789504	1984.2401572281726
4038.7612146453894	1330.74868946649	2.7047155401132343	1985.2401572281726
4046.7575223385948	1333.455418065078	2.7087424050029476	1986.2401572281726
4054.766775619624	1336.1661757728707	2.712773759016542	1987.2401572281726
4062.7889893672354	1338.8809670804753	2.716809605122471	1988.2401572281726
4070.824178469097	1341.5997964814692	2.7208499462891864	1989.2401572281726
4078.8723578217787	1344.3226684723966	2.724894785485141	1990.2401572281726
4086.933542330752	1347.0495875527722	2.7289441256787863	1991.2401572281726
4095.0077469104062	1349.7805582250762	2.7329979698385762	1992.2401572281726
4103.094986484024	1352.5155849947605	2.7370563209329632	1993.2401572281726
4111.195275983794	1355.2546723702433	2.741119181930398	1994.2401572281726
4119.30863035082	1357.9978248629118	2.745186555799336	1995.2401572281726
4127.435064535102	1360.745046987122	2.749258445508227	1996.2401572281726
4135.574593495547	1363.496343260198	2.753334854025524	1997.2401572281726
4143.727232199973	1366.2517182024321	2.757415784319681	1998.2401572281726
4151.892995625093	1369.011176337086	2.7615012393591494	1999.2401572281726
4160.071898756536	1371.7747221903883	2.7655912221123815	2000.2401572281726
4168.263956588829	1374.542360291538	2.7696857355478306	2001.2401572281726
4176.469184125409	1377.3140951727005	2.7737847826339483	2002.2401572281726