9.742712e-8	7.78799e-13	1.047129e-10	930.428808666363
9.969651e-8	8.092866e-13	1.0715190000000001e-10	930.4297850677403
1.020188e-7	8.409501e-13	1.096478e-10	930.4303501766565
1.043951e-7	8.73834e-13	1.1220180000000002e-10	930.4304728979391
1.068268e-7	9.079846e-13	1.148154e-10	930.4301338026083
1.093151e-7	9.434498e-13	1.174898e-10	930.4300752048265
1.118614e-7	9.802794e-13	1.202264e-10	930.4310890070733
1.14467e-7	1.018525e-12	1.230269e-10	930.4308124889759
1.171333e-7	1.05824e-12	1.258925e-10	930.4315844073315
1.198618e-7	1.09948e-12	1.28825e-10	930.4319773335923
1.226537e-7	1.142303e-12	1.318257e-10	930.4319438698221
1.255107e-7	1.186768e-12	1.348963e-10	930.4323896800727
1.284343e-7	1.232937e-12	1.380384e-10	930.4333644623524
1.314259e-7	1.280874e-12	1.412538e-10	930.4328865772108
1.344873e-7	1.330647e-12	1.4454399999999998e-10	930.4338516091987
1.376199e-7	1.382322e-12	1.479108e-10	930.4343044726957
1.408255e-7	1.435974e-12	1.513561e-10	930.4344917317505
1.441058e-7	1.491674e-12	1.548817e-10	930.4345941063405
1.474625e-7	1.549501e-12	1.584893e-10	930.435363781656
1.508974e-7	1.609534e-12	1.62181e-10	930.4358065001448
1.544122e-7	1.671855e-12	1.6595870000000001e-10	930.4355351964074
1.58009e-7	1.736551e-12	1.698244e-10	930.4360065514733
1.616896e-7	1.80371e-12	1.737801e-10	930.43682049901
1.654558e-7	1.873423e-12	1.7782789999999997e-10	930.4370878979058
1.693098e-7	1.945787e-12	1.8197010000000002e-10	930.4371750468895
1.732536e-7	2.0209e-12	1.862087e-10	930.4378415186832
1.772893e-7	2.098865e-12	1.905461e-10	930.4383499058758
1.814189e-7	2.179788e-12	1.9498450000000002e-10	930.4384696629733
1.856447e-7	2.263778e-12	1.9952619999999999e-10	930.4390289495815
1.89969e-7	2.350951e-12	2.041738e-10	930.4394146114731
1.94394e-7	2.441423e-12	2.089296e-10	930.4399253289146
1.989221e-7	2.535318e-12	2.1379620000000003e-10	930.4404630110357
2.035557e-7	2.632763e-12	2.187762e-10	930.4409381047847
2.082971e-7	2.733888e-12	2.238721e-10	930.441238046188
2.131491e-7	2.838831e-12	2.290868e-10	930.4418186949225
2.18114e-7	2.947732e-12	2.344229e-10	930.4421527589667
2.231946e-7	3.060738e-12	2.398833e-10	930.4426808285529
2.2839360000000003e-7	3.178e-12	2.454709e-10	930.4433967529349
2.337136e-7	3.299676e-12	2.511886e-10	930.443896243699
2.391576e-7	3.425927e-12	2.570396e-10	930.4442814531302
2.447283e-7	3.556923e-12	2.630268e-10	930.4445665726839
2.504289e-7	3.692838e-12	2.691535e-10	930.4452397535234
2.562622e-7	3.833852e-12	2.754229e-10	930.445630526728
2.622314e-7	3.980154e-12	2.818383e-10	930.4462174019641
2.683397e-7	4.131936e-12	2.884032e-10	930.4467909371325
2.745902e-7	4.289401e-12	2.951209e-10	930.4474518781965
2.809863e-7	4.452756e-12	3.019952e-10	930.4477447191213
2.875314e-7	4.622216e-12	3.090295e-10	930.448459503057
2.94229e-7	4.798006e-12	3.162278e-10	930.4488663109314
3.010826e-7	4.980355e-12	3.2359370000000006e-10	930.4494505146422
3.080958e-7	5.169504e-12	3.3113109999999996e-10	930.4501132753766
3.152724e-7	5.3657e-12	3.3884420000000004e-10	930.4505306568625
3.226162e-7	5.5692e-12	3.4673690000000003e-10	930.4512130090568
3.30131e-7	5.780271e-12	3.548134e-10	930.4518382648456
3.378209e-7	5.999186e-12	3.6307810000000007e-10	930.4524265881088
3.456899e-7	6.226231e-12	3.715352e-10	930.4532282028728
3.537422e-7	6.461702e-12	3.801894e-10	930.4537730457502
3.619821e-7	6.705902e-12	3.890451e-10	930.4546077100059
3.704139e-7	6.95915e-12	3.9810719999999997e-10	930.4550612247153
3.790421e-7	7.221772e-12	4.0738029999999993e-10	930.4556989427324
3.878713e-7	7.494107e-12	4.168694e-10	930.456382999088
3.969062e-7	7.776505e-12	4.265795e-10	930.4572219363565
4.061515e-7	8.069331e-12	4.365158e-10	930.4578879641928
4.156121e-7	8.372959e-12	4.466836e-10	930.4583220852522
4.252932e-7	8.68778e-12	4.570882e-10	930.4591275381862
4.351997e-7	9.014195e-12	4.677351000000001e-10	930.459814102042
4.453371e-7	9.352621e-12	4.786301e-10	930.4606054257767
4.557105e-7	9.703489e-12	4.897788e-10	930.4612684113728
4.6632559999999994e-7	1.006725e-11	5.011871999999999e-10	930.4620454193562
4.77188e-7	1.044435e-11	5.128614e-10	930.4627806849962
4.883034e-7	1.083529e-11	5.248075e-10	930.4635228917269
4.996777e-7	1.124055e-11	5.370318e-10	930.4643422419305
5.113169e-7	1.166065e-11	5.495409e-10	930.4649765831806
5.232273e-7	1.209611e-11	5.623413e-10	930.465886304278
5.354151e-7	1.254748e-11	5.754399000000001e-10	930.4666698989764
5.478868e-7	1.301533e-11	5.888436999999999e-10	930.4673130238125
5.606491e-7	1.350025e-11	6.025595999999999e-10	930.4682893609197
5.737086e-7	1.400285e-11	6.16595e-10	930.469113194236
5.870723e-7	1.452374e-11	6.309573e-10	930.4699759238857
6.007473e-7	1.506358e-11	6.456542e-10	930.4707745725187
6.147409e-7	1.562305e-11	6.606934000000001e-10	930.4717181222031
6.290604e-7	1.620283e-11	6.760829999999999e-10	930.4724461789453
6.437135e-7	1.680365e-11	6.918309999999999e-10	930.4733434176845
6.587079e-7	1.742624e-11	7.079458e-10	930.4742343834796
6.740516e-7	1.807139e-11	7.244359999999999e-10	930.4751163525833
6.897527e-7	1.873987e-11	7.413102e-10	930.4761216964235
7.058195e-7	1.943253e-11	7.585775999999999e-10	930.4768985137447
7.222606e-7	2.01502e-11	7.762471000000001e-10	930.4778725743387
7.390847e-7	2.089377e-11	7.943281999999999e-10	930.4788546724138
7.563007e-7	2.166414e-11	8.128305e-10	930.4798037721271
7.739177e-7	2.246226e-11	8.317638000000001e-10	930.4806992802523
7.919451e-7	2.32891e-11	8.51138e-10	930.4817657066186
8.103925e-7	2.414567e-11	8.709636e-10	930.482795917074
8.292695e-7	2.5033e-11	8.912509e-10	930.4838098901218
8.485863e-7	2.595218e-11	9.120107999999999e-10	930.4848716484498
8.68353e-7	2.690431e-11	9.332542999999998e-10	930.4858325431771
8.885802e-7	2.789054e-11	9.549926e-10	930.486886013567
9.092785e-7	2.891207e-11	9.772372e-10	930.4879225535009
9.304590000000001e-7	2.997011e-11	1.0000000000000003e-9	930.48897011
9.521329e-7	3.106595e-11	1.023293e-9	930.4900609600573
9.743117e-7	3.220089e-11	1.047129e-9	930.4907999778443
9.970071e-7	3.33763e-11	1.071519e-9	930.4925776397806
1.020231e-6	3.459357e-11	1.096478e-9	930.4934468087824
1.043996e-6	3.585415e-11	1.122018e-9	930.4947462072801
1.068315e-6	3.715955e-11	1.148154e-9	930.4955254695799
1.0932e-6	3.851132e-11	1.174898e-9	930.4965293327591
1.118665e-6	3.991105e-11	1.202264e-9	930.4985519403393
1.144723e-6	4.13604e-11	1.230269e-9	930.4992326068526
1.171388e-6	4.286109e-11	1.2589250000000002e-9	930.5009123577655
1.198674e-6	4.441488e-11	1.28825e-9	930.5013893887057
1.226596e-6	4.60236e-11	1.3182569999999998e-9	930.5029471491522
1.255168e-6	4.768913e-11	1.348963e-9	930.5041644062884
1.284406e-6	4.941343e-11	1.380384e-9	930.5058689683452
1.314324e-6	5.119851e-11	1.412538e-9	930.5060809054341
1.34494e-6	5.304646e-11	1.4454400000000001e-9	930.5076976284039
1.376269e-6	5.495944e-11	1.479108e-9	930.5094417987057
1.408328e-6	5.693966e-11	1.513561e-9	930.51085464015
1.441133e-6	5.898942e-11	1.548817e-9	930.5114738668287
1.474703e-6	6.11111e-11	1.584893e-9	930.5133602710088
1.509055e-6	6.330715e-11	1.62181e-9	930.5148612661162
1.544207e-6	6.558011e-11	1.659587e-9	930.5161947580934
1.580177e-6	6.79326e-11	1.6982440000000002e-9	930.5170120430279
1.616986e-6	7.036732e-11	1.7378010000000003e-9	930.5187229838168
1.654652e-6	7.288706e-11	1.778279e-9	930.520400375869
1.693196e-6	7.549472e-11	1.819701e-9	930.5218245854677
1.732637e-6	7.819327e-11	1.8620869999999998e-9	930.523221133062
1.772997e-6	8.098581e-11	1.905461e-9	930.5244168261643
1.814298e-6	8.38755e-11	1.949845e-9	930.5262087499264
1.85656e-6	8.686564e-11	1.995262e-9	930.5278533044784
1.8998069999999998e-6	8.995962e-11	2.041738e-9	930.5292645873271
1.944061e-6	9.316096e-11	2.089296e-9	930.5307438295005
1.989346e-6	9.647326e-11	2.1379620000000006e-9	930.5321952682041
2.035687e-6	9.990029e-11	2.187762e-9	930.5339887474048
2.083106e-6	1.034459e-10	2.238721e-9	930.5355360940467
2.13163e-6	1.071141e-10	2.290868e-9	930.536859434939
2.181285e-6	1.109089e-10	2.344229e-9	930.5387438257952
2.232096e-6	1.148347e-10	2.398833e-9	930.5403230237371
2.284091e-6	1.188959e-10	2.454709e-9	930.5420299921495
2.337297e-6	1.230969e-10	2.511886e-9	930.5438610271327
2.391743e-6	1.274425e-10	2.5703959999999997e-9	930.545504467016
2.447457e-6	1.319375e-10	2.630268e-9	930.5473577217227
2.504468e-6	1.365869e-10	2.691535e-9	930.5487712030496
2.562808e-6	1.413959e-10	2.754229e-9	930.5505809066713
2.622507e-6	1.463698e-10	2.818383e-9	930.5525082290093
2.683597e-6	1.515141e-10	2.8840319999999994e-9	930.5543468657769
2.746109e-6	1.568345e-10	2.9512089999999995e-9	930.5562006960538
2.810078e-6	1.623369e-10	3.019952e-9	930.5579482389123
2.875537e-6	1.680272e-10	3.0902949999999996e-9	930.5600362424946
2.942521e-6	1.739118e-10	3.162278e-9	930.5617380255626
3.011065e-6	1.799971e-10	3.235937e-9	930.5635422135845
3.081206e-6	1.862899e-10	3.311311e-9	930.5656550834398
3.152981e-6	1.927969e-10	3.388442e-9	930.5674398145223
3.226428e-6	1.995252e-10	3.467369e-9	930.5694101781495
3.301586e-6	2.064823e-10	3.548134e-9	930.5715292319851
3.378494e-6	2.136757e-10	3.630781e-9	930.5732501354393
3.457195e-6	2.211132e-10	3.7153519999999994e-9	930.575652912564
3.537728e-6	2.288028e-10	3.801894e-9	930.5774445052913
3.620138e-6	2.36753e-10	3.890451e-9	930.579707339843
3.704468e-6	2.449722e-10	3.981072e-9	930.5817559190086
3.790762e-6	2.534695e-10	4.073803e-9	930.5838965458075
3.879066e-6	2.622538e-10	4.168694e-9	930.5859949902775
3.969427e-6	2.713348e-10	4.265795000000001e-9	930.5881634724594
4.061893e-6	2.807222e-10	4.365158e-9	930.5903067426196
4.156514e-6	2.90426e-10	4.466836e-9	930.5925773858721
4.253338e-6	3.004567e-10	4.570882e-9	930.5946766291495
4.352418e-6	3.108249e-10	4.677351e-9	930.5970034962097
4.453806e-6	3.215419e-10	4.786301e-9	930.599129035136
4.538835e-6	3.306119e-10	4.877671e-9	930.6010208355586
4.675023e-6	3.30612e-10	5.024015000107458e-9	930.601045558184
4.772363e-6	3.407815e-10	5.128614e-9	930.6030404120879
4.883534e-6	3.525066e-10	5.248075000000001e-9	930.6053184453347
4.997294e-6	3.646249e-10	5.370318e-9	930.6075775959636
5.113705e-6	3.771492e-10	5.4954089999999994e-9	930.6099235197962
5.232827e-6	3.900928e-10	5.623413e-9	930.6122621262211
5.354725e-6	4.034695e-10	5.754399e-9	930.6147296181581
5.479462e-6	4.172934e-10	5.888437e-9	930.6169520706429
5.607105e-6	4.31579e-10	6.025596000000001e-9	930.6194074411893
5.737721e-6	4.463415e-10	6.16595e-9	930.6217762875144
5.871381e-6	4.615965e-10	6.309573e-9	930.6244014452324
6.008154e-6	4.773598e-10	6.456542e-9	930.6268525473853
6.148113e-6	4.936482e-10	6.606933999999999e-9	930.6293430810722
6.291332e-6	5.104787e-10	6.76083e-9	930.631664854759
6.437888e-6	5.278688e-10	6.918310000000001e-9	930.634196617382
6.587859e-6	5.458369e-10	7.079458e-9	930.6368986015597
6.741322e-6	5.644017e-10	7.24436e-9	930.6393389754237
6.898361e-6	5.835826e-10	7.413102e-9	930.642068947655
7.059059e-6	6.033995e-10	7.585776e-9	930.6447223725035
7.2235e-6	6.238732e-10	7.762471e-9	930.6474540387977
7.391771e-6	6.450248e-10	7.943282e-9	930.6500795011433
7.563963e-6	6.668763e-10	8.128305e-9	930.6528084637573
7.740166e-6	6.894505e-10	8.317637999999998e-9	930.6554878320024
7.920474e-6	7.127707e-10	8.51138e-9	930.6583386830338
8.104983e-6	7.36861e-10	8.709636e-9	930.6611505922866
8.293789e-6	7.617464e-10	8.912509e-9	930.6639405805929
8.486994e-6	7.874525e-10	9.120108e-9	930.6667697904454
8.684701e-6	8.140058e-10	9.332543e-9	930.669701259346
8.887013e-6	8.414337e-10	9.549926e-9	930.6725972222193
9.094038e-6	8.697645e-10	9.772371999999998e-9	930.6755580426126
9.305886e-6	8.990271e-10	1.e-8	930.67850271
9.522669e-6	9.292518e-10	1.023293e-8	930.6814618882372
9.744502e-6	9.604694e-10	1.047129e-8	930.6840388720016
9.971504e-6	9.927119e-10	1.071519e-8	930.6878097261924
0.00001020379	1.026012e-9	1.0964780000000002e-8	930.6904481439664
0.00001044149	1.060405e-9	1.1220179999999998e-8	930.6936613316362
0.00001068473	1.095924e-9	1.148154e-8	930.6962240256969
0.00001093364	1.132607e-9	1.174898e-8	930.6997379346973
0.00001118834	1.170491e-9	1.202264e-8	930.7032807270284
0.00001144898	1.209614e-9	1.230269e-8	930.7061800305462
0.00001171569	1.250016e-9	1.258925e-8	930.7099323629286
0.00001198861	1.291738e-9	1.28825e-8	930.7123413933631
0.00001226789	1.334822e-9	1.318257e-8	930.7156967116427
0.00001255368	1.379313e-9	1.3489630000000002e-8	930.7193238806401
0.00001284613	1.425255e-9	1.3803840000000001e-8	930.7232809855808
0.00001314539	1.472695e-9	1.4125379999999998e-8	930.7263022304534
0.00001345162	1.52168e-9	1.44544e-8	930.729859419969
0.00001376498	1.57226e-9	1.479108e-8	930.733405539014
0.00001408565	1.624487e-9	1.513561e-8	930.7371481559052
0.00001441378	1.678413e-9	1.548817e-8	930.7399397733883
0.00001474956	1.734091e-9	1.584893e-8	930.7438477550221
0.00001509316	1.791579e-9	1.6218099999999996e-8	930.7472255689632
0.00001544477	1.850934e-9	1.6595870000000003e-8	930.7508997117957
0.00001580457	1.912216e-9	1.6982440000000004e-8	930.7544861633544
0.00001617275	1.975486e-9	1.737801e-8	930.7582102899008
0.00001654951	2.040808e-9	1.778279e-8	930.7623161494905
0.00001693504	2.108247e-9	1.819701e-8	930.7654525111543
0.00001732956	2.17787e-9	1.8620870000000003e-8	930.7695005657631
0.00001773327	2.249748e-9	1.9054609999999996e-8	930.7731697473735
0.00001814639	2.323952e-9	1.949845e-8	930.7772644492253
0.00001856912	2.400556e-9	1.995262e-8	930.7810481029559
0.00001900171	2.479638e-9	2.041738e-8	930.7849311713843
0.00001944438	2.561274e-9	2.089296e-8	930.7891880327153
0.00001989735	2.645548e-9	2.137962e-8	930.7927618919325
0.00002036089	2.732543e-9	2.187762e-8	930.7969762250191
0.00002083522	2.822346e-9	2.238721e-8	930.801218463578
0.0000213206	2.915045e-9	2.290868e-8	930.8050505310651
0.00002181729	3.010733e-9	2.344229e-8	930.8092653490764
0.00002232555	3.109505e-9	2.398833e-8	930.8134207341653
0.00002284565	3.211459e-9	2.4547090000000004e-8	930.8175208955521
0.00002337787	3.316696e-9	2.5118860000000003e-8	930.8219678759307
0.00002392249	3.42532e-9	2.5703959999999997e-8	930.8260408123884
0.0000244798	3.53744e-9	2.6302680000000005e-8	930.8305252544607
0.00002505009	3.653165e-9	2.691535e-8	930.8347528454952
0.00002563367	3.77261e-9	2.754229e-8	930.8391789498985
0.00002623084	3.895894e-9	2.8183830000000005e-8	930.8435331181034
0.00002684193	4.023137e-9	2.8840320000000005e-8	930.8479634414597
0.00002746725	4.154466e-9	2.9512090000000002e-8	930.852557917789
0.00002810714	4.29001e-9	3.019952e-8	930.8568483869942
0.00002876195	4.429903e-9	3.090295e-8	930.8619372260578
0.000029432	4.574283e-9	3.162278e-8	930.8661124354026
0.00003011767	4.723291e-9	3.235937e-8	930.8708201364859
0.00003081931	4.877074e-9	3.311311e-8	930.8756282330471
0.0000315373	5.035783e-9	3.388442e-8	930.8802034386305
0.00003227202	5.199575e-9	3.4673690000000004e-8	930.8850478561699
0.00003302385	5.36861e-9	3.548134e-8	930.8898313874276
0.00003379321	5.543054e-9	3.630781000000001e-8	930.8948420188383
0.00003458048	5.723078e-9	3.715352e-8	930.8997661056071
0.0000353861	5.908859e-9	3.801894e-8	930.9046716978434
0.00003621049	6.100579e-9	3.890451e-8	930.9098245678972
0.00003705408	6.298425e-9	3.981072e-8	930.9145482674014
0.00003791733	6.502591e-9	4.073803e-8	930.9196490601042
0.0000388007	6.713277e-9	4.168694e-8	930.9249677956693
0.00003970464	6.930689e-9	4.265795e-8	930.9301241386424
0.00004062964	7.155039e-9	4.3651580000000004e-8	930.9352614269632
0.0000415762	7.386547e-9	4.466836000000001e-8	930.9405258442439
0.00004254481	7.625437e-9	4.570882e-8	930.9458313953413
0.00004353598	7.871944e-9	4.677351000000001e-8	930.9511290471894
0.00004455025	8.126309e-9	4.786301e-8	930.9564172625165
0.00004558815	8.388777e-9	4.897787999999999e-8	930.9618704811234
0.00004665024	8.659607e-9	5.011872e-8	930.9675029011116
0.00004773706	8.93906e-9	5.1286140000000005e-8	930.9727552122268
0.00004884922	9.22741e-9	5.248074999999999e-8	930.9784522896492
0.00004998728	9.524937e-9	5.370317999999999e-8	930.984067181869
0.00005115186	9.831929e-9	5.495409e-8	930.9897030230143
0.00005234357	1.014869e-8	5.623413e-8	930.9954415583561
0.00005356305	1.047552e-8	5.7543990000000006e-8	931.0012308844068
0.00005481094	1.081274e-8	5.888436999999999e-8	931.0068654890932
0.00005608791	1.116067e-8	6.025596e-8	931.0128105170013
0.000057394629999999996	1.151966e-8	6.16595e-8	931.0187345015772
0.00005873179	1.189006e-8	6.309573e-8	931.0246519059214
0.00006010011	1.227221e-8	6.456542e-8	931.0306075605178
0.00006150031	1.26665e-8	6.606934e-8	931.0366427150628
0.00006293314	1.30733e-8	6.76083e-8	931.0426870665287
0.00006439935	1.349302e-8	6.91831e-8	931.0488113426546
0.00006589972	1.392604e-8	7.079457999999999e-8	931.0549768075465
0.00006743505	1.43728e-8	7.24436e-8	931.0611675841619
0.00006900616	1.483373e-8	7.413102e-8	931.0676384865607
0.00007061387	1.530926e-8	7.585776e-8	931.0738843329938
0.00007225904	1.579987e-8	7.762470999999999e-8	931.0803205577195
0.00007394254	1.630602e-8	7.943281999999999e-8	931.0867475182173
0.00007566527	1.682821e-8	8.128305e-8	931.0932378890802
0.00007742814	1.736693e-8	8.317638000000002e-8	931.0997536800711
0.00007923208	1.792272e-8	8.51138e-8	931.1063860384567
0.00008107806	1.849609e-8	8.709636e-8	931.1130349190254
0.00008296705	1.908762e-8	8.912509e-8	931.1198184484302
0.00008490005	1.969786e-8	9.120108000000001e-8	931.1265596854773
0.00008687809	2.03274e-8	9.332543e-8	931.1333191821351
0.00008890223	2.097686e-8	9.549926000000002e-8	931.1402712439865
0.00009097352	2.164686e-8	9.772372e-8	931.1471857600181
0.00009309308	2.233804e-8	9.999999999999998e-8	931.1541804000001
0.00009526202	2.305107e-8	1.0232929999999999e-7	931.1611734859908
0.00009748151	2.378664e-8	1.0471290000000001e-7	931.1679519906335
0.0000997527	2.454544e-8	1.071519e-7	931.1756995442918
0.0001020768	2.532822e-8	1.0964780000000002e-7	931.1826431538069
0.0001044551	2.613572e-8	1.1220180000000002e-7	931.1903705644651
0.0001068888	2.696873e-8	1.148154e-7	931.1971105792429
0.0001093792	2.782803e-8	1.174898e-7	931.2044792824568
0.0001119276	2.871447e-8	1.202264e-7	931.2123998556058
0.0001145354	2.962888e-8	1.230269e-7	931.2193421113595
0.000117204	3.057214e-8	1.2589249999999996e-7	931.2276119705305
0.0001199348	3.154517e-8	1.28825e-7	931.2349712400544
0.0001227291	3.254889e-8	1.318257e-7	931.242154526773
0.0001255886	3.358427e-8	1.348963e-7	931.2500362871333
0.0001285148	3.465231e-8	1.3803839999999998e-7	931.2586375240514
0.0001315091	3.575401e-8	1.412538e-7	931.265948314311
0.0001345732	3.689045e-8	1.44544e-7	931.2741480102943
0.0001377086	3.806271e-8	1.479108e-7	931.281980152903
0.0001409172	3.927191e-8	1.513561e-7	931.2903273141949
0.0001442005	4.051922e-8	1.548817e-7	931.2980114500293
0.0001475603	4.180582e-8	1.584893e-7	931.3064403716844
0.0001509984	4.313295e-8	1.62181e-7	931.314598812438
0.0001522496	4.361852e-8	1.6352440000000002e-7	931.3180083216938
0.0001581168	4.397829e-8	1.698244e-7	931.3195176311532
0.0001618009	4.537383e-8	1.7378009999999998e-7	931.3280049326708
0.0001655708	4.681333e-8	1.778279e-7	931.336496297825
0.0001694285	4.829814e-8	1.8197010000000003e-7	931.3442051194124
0.0001733762	4.982969e-8	1.862087e-7	931.3529909719579
0.0001774158	5.140945e-8	1.905461e-7	931.3610168352959
0.0001815496	5.303892e-8	1.949845e-7	931.3696161489759
0.0001857796	5.471966e-8	1.995262e-7	931.378032859845
0.0001901083	5.645329e-8	2.0417380000000003e-7	931.3866582783883
0.0001945378	5.824145e-8	2.089296e-7	931.3952711822548
0.0001990706	6.008585e-8	2.1379619999999998e-7	931.4042337983557
0.000203709	6.198825e-8	2.1877620000000004e-7	931.4129610533503
0.0002084554	6.395048e-8	2.238721e-7	931.421782705393
0.0002133125	6.597441e-8	2.290868e-7	931.4306822130301
0.0002182827	6.806196e-8	2.3442290000000002e-7	931.4395562890827
0.0002233688	7.021512e-8	2.398833e-7	931.4488133188096
0.0002285734	7.243597e-8	2.454709e-7	931.458009768164
0.0002338992	7.47266e-8	2.511886e-7	931.4671390341758
0.0002393492	7.708921e-8	2.570396e-7	931.4762752898774
0.0002449262	7.952605e-8	2.630268e-7	931.4857879501252
0.0002506332	8.203945e-8	2.691535e-7	931.4953714144532
0.0002564731	8.463179e-8	2.754229e-7	931.5047216117468
0.0002624491	8.730556e-8	2.818383e-7	931.5142958213982
0.0002685644	9.006329e-8	2.884032e-7	931.5238641249474
0.0002748222	9.290762e-8	2.951209e-7	931.5338480602355
0.0002812258	9.584125e-8	3.019952e-7	931.5434193987189
0.0002877787	9.886699e-8	3.090295e-7	931.5536768819806
0.0002944843	1.019877e-7	3.1622779999999993e-7	931.5635364759203
0.0003013461	1.052064e-7	3.235937e-7	931.5734713005846
0.0003083678	1.085261e-7	3.311311e-7	931.5836721467721
0.0003155532	1.119499e-7	3.388442e-7	931.5937823341818
0.000322906	1.154813e-7	3.4673689999999997e-7	931.603995132909
0.0003304302	1.191234e-7	3.548134e-7	931.6145427427488
0.0003381298	1.228797e-7	3.630781e-7	931.6251233550028
0.0003460087	1.267539e-7	3.715352e-7	931.6356940069205
0.0003540713	1.307497e-7	3.801894e-7	931.646304973258
0.0003623218	1.348707e-7	3.890451e-7	931.6572055527752
0.0003707645	1.39121e-7	3.9810719999999996e-7	931.6677040756862
0.000379404	1.435046e-7	4.073803e-7	931.6785927056364
0.0003882449	1.480256e-7	4.1686939999999994e-7	931.6896985002976
0.0003972918	1.526884e-7	4.2657950000000004e-7	931.7008632622992
0.0004065495	1.574974e-7	4.365158e-7	931.7119733123062
0.000416023	1.624571e-7	4.466836e-7	931.7231640024393
0.0004257172	1.675723e-7	4.570882e-7	931.7343398932635
0.0004356374	1.728478e-7	4.677351e-7	931.7458702586143
0.0004457888	1.782886e-7	4.786301e-7	931.7572977545709
0.0004561768	1.839e-7	4.897788e-7	931.7689944930241
0.0004668068	1.896872e-7	5.011872000000001e-7	931.7805546510366
0.0004776847	1.956557e-7	5.128614e-7	931.7924018068038
0.000488816	2.018113e-7	5.248074999999999e-7	931.80415923934
0.0005002068	2.081596e-7	5.370318e-7	931.8162529667703
0.000511863	2.147069e-7	5.495409e-7	931.8281985926798
0.0005237909	2.214592e-7	5.623413e-7	931.8404307135186
0.0005359968	2.28423e-7	5.754399e-7	931.8526973885542
0.0005484872	2.35605e-7	5.888437e-7	931.864949900967
0.0005612686	2.430119e-7	6.025596e-7	931.8772979469582
0.000574348	2.506507e-7	6.165950000000001e-7	931.8898964474249
0.0005877322	2.585287e-7	6.309573e-7	931.9025688426141
0.0006014284	2.666534e-7	6.456542e-7	931.9153401309865
0.0006154438	2.750324e-7	6.606934e-7	931.9282323692048
0.0006297858	2.836738e-7	6.76083e-7	931.9410099055883
0.0006444621	2.925858e-7	6.918309999999999e-7	931.9540260554962
0.0006594805	3.017767e-7	7.079458e-7	931.9672165581036
0.0006748489	3.112553e-7	7.244360000000001e-7	931.9804030997907
0.0006905755	3.210305e-7	7.413102e-7	931.9938272804017
0.0007066687	3.311117e-7	7.585776e-7	932.0072352518714
0.0007231369	3.415085e-7	7.762470999999999e-7	932.0207553754467
0.000739989	3.522305e-7	7.943282000000001e-7	932.0344292195593
0.0007707905	3.569864e-7	8.273756e-7	932.0404014815036
0.0007748804	3.595303e-7	8.317637999999999e-7	932.0433641137063
0.0007929382	3.708164e-7	8.51138e-7	932.0568655141705
0.0008114169	3.824555e-7	8.709635999999999e-7	932.07035919756
0.0008303263	3.944589e-7	8.912509000000001e-7	932.0840617383948
0.0008420832	4.019687e-7	9.038643999999999e-7	932.0924341084792
0.0008694773	4.088093e-7	9.332543e-7	932.0997602689856
0.0008897397	4.216374e-7	9.549926e-7	932.1133351190365
0.0009104744	4.348669e-7	9.772372e-7	932.1270894108411
0.0009316923	4.485103e-7	1.e-6	932.1408103
0.0009534047999999999	4.625804e-7	1.023293e-6	932.154700950754
0.0009756234	4.770906e-7	1.047129e-6	932.1683294035405
0.0009983599	4.920546e-7	1.071519e-6	932.1831480356392
0.001021626	5.074866e-7	1.096478e-6	932.1969858036367
0.001045435	5.234013e-7	1.122018e-6	932.2117838572999
0.001069799	5.398137e-7	1.1481539999999999e-6	932.2258283296492
0.00109473	5.567393e-7	1.174898e-6	932.2398534170626
0.001120243	5.741942e-7	1.2022639999999998e-6	932.2554731739451
0.00114635	5.921948e-7	1.230269e-6	932.2694425365507
0.001173066	6.107583e-7	1.2589250000000002e-6	932.2848925074964
0.001200405	6.299022e-7	1.28825e-6	932.2995553658066
0.001228381	6.496446e-7	1.3182569999999998e-6	932.3149011156398
0.001257009	6.700042e-7	1.348963e-6	932.3302449362956
0.001286304	6.910003e-7	1.3803840000000001e-6	932.3456373733686
0.001316283	7.126527e-7	1.4125380000000002e-6	932.3612198043521
0.00134696	7.34982e-7	1.44544e-6	932.3769800199246
0.001378352	7.580093e-7	1.479108e-6	932.3930431719658
0.001410476	7.817563e-7	1.513561e-6	932.4089060830717
0.001443348	8.062455e-7	1.5488170000000002e-6	932.4240665617693
0.001476987	8.315002e-7	1.584893e-6	932.4405497405818
0.00151141	8.575441e-7	1.62181e-6	932.4566651457322
0.001546636	8.84402e-7	1.6595870000000002e-6	932.4732008626243
0.001582683	9.120992e-7	1.6982439999999998e-6	932.4897359861128
0.00161957	9.406619e-7	1.7378009999999997e-6	932.5064618445956
0.001657316	9.701172e-7	1.7782789999999998e-6	932.523027713874
0.001695943	1.000493e-6	1.8197010000000002e-6	932.5397375722715
0.001735471	1.031818e-6	1.8620869999999998e-6	932.5572961950758
0.001739608	1.03511e-6	1.866524e-6	932.5586544828782
0.00181731	1.051185e-6	1.949845e-6	932.567042508507
0.001859665	1.084093e-6	1.995262e-6	932.5838376113012
0.001903008	1.11803e-6	2.041738e-6	932.6005736289377
0.001947361	1.153027e-6	2.089296e-6	932.6175070454354
0.001992748	1.189118e-6	2.137962e-6	932.6344986487131
0.002039193	1.226336e-6	2.1877619999999994e-6	932.6514200356346
0.002086721	1.264716e-6	2.238721e-6	932.6690177114523
0.002135357	1.304296e-6	2.290868e-6	932.6863424693173
0.002185127	1.345112e-6	2.3442290000000005e-6	932.7041479309399
0.002236057	1.387203e-6	2.398833e-6	932.721953966783
0.002288174	1.430608e-6	2.4547090000000004e-6	932.7397292306338
0.002341506	1.47537e-6	2.511886e-6	932.7578441059826
0.002396082	1.52153e-6	2.5703960000000003e-6	932.7759341362187
0.00245193	1.569131e-6	2.630268e-6	932.7943506137017
0.00250908	1.618219e-6	2.691535e-6	932.812770036429
0.002567562	1.66884e-6	2.7542290000000004e-6	932.8312351659937
0.002627408	1.721042e-6	2.818383e-6	932.850163373821
0.002688649	1.774875e-6	2.8840319999999994e-6	932.8689400811087
0.002751317	1.830388e-6	2.951209e-6	932.8879750637791
0.002815447	1.887635e-6	3.019952e-6	932.9070909074052
0.002881072	1.94667e-6	3.090295e-6	932.9266849928567
0.002948227	2.007549e-6	3.1622780000000004e-6	932.9459803976753
0.003016947	2.070328e-6	3.235937e-6	932.9654217619192
0.00308727	2.135068e-6	3.311311e-6	932.9854755412584
0.003159232	2.201829e-6	3.388442e-6	933.0051477935878
0.003232872	2.270675e-6	3.467369e-6	933.0252058549291
0.003308229	2.34167e-6	3.548134e-6	933.0455585950249
0.003385343	2.414882e-6	3.630781e-6	933.0658836211823
0.003464255	2.49038e-6	3.715352e-6	933.0866577379478
0.003545007	2.568235e-6	3.801894e-6	933.1073499155948
0.003627641	2.648521e-6	3.890451e-6	933.1281954200168
0.003712203	2.731313e-6	3.981072e-6	933.1492404558369
0.003798736	2.81669e-6	4.073803e-6	933.170477315668
0.003887286	2.904733e-6	4.168694e-6	933.191722155668
0.003977901	2.995524e-6	4.265795e-6	933.2132753683661
0.004070629	3.089149e-6	4.365158e-6	933.2349823305365
0.00416552	3.185697e-6	4.466836e-6	933.2569400354076
0.004262622	3.285258e-6	4.570882e-6	933.2787978337661
0.004361989	3.387928e-6	4.677351e-6	933.3011202280951
0.004463673	3.493802e-6	4.786301e-6	933.3234165590504
0.004567728	3.602982e-6	4.897788e-6	933.346029268723
0.00467421	3.715569e-6	5.011872000000001e-6	933.368922630107
0.004783174	3.83167e-6	5.128614e-6	933.3916863308489
0.004894679	3.951396e-6	5.2480750000000006e-6	933.4147084407139
0.005008784	4.074858e-6	5.370318000000001e-6	933.4379934298116
0.00512555	4.202174e-6	5.495409e-6	933.4613991424478
0.005245039	4.333463e-6	5.623413e-6	933.4851384737347
0.005367314	4.46885e-6	5.754399000000001e-6	933.5089294294677
0.00549244	4.608463e-6	5.888436999999999e-6	933.5326951787038
0.005620485	4.752432e-6	6.025596e-6	933.5570177622263
0.005751515	4.900895e-6	6.165950000000001e-6	933.5813451292987
0.005885601	5.053992e-6	6.309573000000001e-6	933.6059654116054
0.006022814	5.211866e-6	6.456542e-6	933.6307060342826
0.006163226	5.374667e-6	6.606934e-6	933.655560506583
0.006306914	5.542549e-6	6.76083e-6	933.680709173282
0.006349596	5.592666e-6	6.8065439999999995e-6	933.6880311065352
0.006604413	5.624687e-6	7.079458e-6	933.6926198305013
0.006758382	5.800371e-6	7.24436e-6	933.7170393243848
0.006915942	5.981537e-6	7.413101999999999e-6	933.7418447769908
0.007077177	6.168356e-6	7.5857760000000005e-6	933.7667439692393
0.007242171	6.361006e-6	7.762471e-6	933.7918307198829
0.007411014	6.559667e-6	7.943282e-6	933.8172391462371
0.007583794	6.764527e-6	8.128305e-6	933.8427294497438
0.007760603	6.97578e-6	8.317638e-6	933.8683385836218
0.007941535	7.193624e-6	8.511379999999998e-6	933.8942244383402
0.008126688	7.418266e-6	8.709636e-6	933.9203459249043
0.008316158	7.649917e-6	8.912509000000001e-6	933.9466492544357
0.008510047	7.888797e-6	9.120108e-6	933.9731280594484
0.008708458	8.13513e-6	9.332543e-6	933.999782267277
0.008911497	8.389149e-6	9.549926e-6	934.0267295264908
0.009119271	8.651094e-6	9.772372e-6	934.053891317277
0.00933189	8.921211e-6	0.00001	934.0811211
0.009549469	9.199757e-6	0.00001023293	934.1086821663004
0.009772122	9.486993e-6	0.00001047129	934.1360035869504
0.009999969	9.783191e-6	0.000010715190000000001	934.1646943264655
0.01023313	0.00001008863	0.00001096478	934.1928091580496
0.01047173	0.0000104036	0.00001122018	934.2215187278636
0.01071589	0.0000107284	0.00001148154	934.2490989884633
0.01096575	0.00001106332	0.00001174898	934.2779815779753
0.01122144	0.0000114087	0.00001202264	934.3079972451973
0.01148309	0.00001176485	0.000012302690000000001	934.3367060374601
0.01175084	0.00001213212	0.00001258925	934.3663935500526
0.01202484	0.00001251084	0.000012882499999999999	934.3955629730254
0.01230523	0.00001290138	0.00001318257	934.4256377929341
0.01259216	0.0000133041	0.000013489630000000003	934.4558820367942
0.01288579	0.00001371938	0.00001380384	934.487025349468
0.01318626	0.00001414762	0.00001412538	934.5169914012932
0.01349374	0.00001458922	0.000014454400000000002	934.5479037524906
0.0138084	0.00001504459	0.00001479108	934.5798001227768
0.01413039	0.00001551417	0.000015135610000000002	934.6107735334089
0.0144599	0.0000159984	0.00001548817	934.6422721341514
0.01479709	0.00001649773	0.00001584893	934.6743111364617
0.01514215	0.00001701264	0.0000162181	934.7064477343215
0.01549526	0.00001754362	0.00001659587	934.7388006775179
0.01561285	0.00001772134	0.00001672167	934.7494203629183
0.01622636	0.00001772535	0.00001737801	934.7494534759734
0.01660474	0.00001827855	0.00001778279	934.7812435506464
0.01699195	0.00001884901	0.00001819701	934.8128626626021
0.01738819	0.00001943727	0.00001862087	934.8450029456195
0.01779367	0.00002004387	0.00001905461	934.8768549972947
0.01820861	0.0000206694	0.00001949845	934.9091543173945
0.01863323	0.00002131444	0.000019952619999999997	934.942099834508
0.01906776	0.0000219796	0.00002041738	934.9749869963726
0.01951243	0.0000226655	0.00002089296	935.0085148298758
0.01996746	0.0000233728	0.00002137962	935.0415395596367
0.02043312	0.00002410216	0.00002187762	935.0753034379425
0.02090964	0.00002485428	0.00002238721	935.1095683651514
0.02139727	0.00002562985	0.000022908679999999995	935.1433539601584
0.02189629	0.00002642961	0.00002344229	935.1782445315708
0.02240694	0.00002725432	0.00002398833	935.2128439120188
0.02292951	0.00002810475	0.00002454709	935.2479153333451
0.02346427	0.00002898171	0.00002511886	935.2833572064974
0.02401151	0.00002988602	0.00002570396	935.3187610002506
0.02457152	0.00003081853	0.00002630268	935.354820497379
0.02514459	0.00003178013	0.000026915349999999996	935.3907762670744
0.02573104	0.00003277172	0.00002754229	935.4273635198816
0.02633116	0.00003379424	0.00002818383	935.4638542738867
0.02694529	0.00003484865	0.000028840319999999997	935.5006688552693
0.02757376	0.00003593595	0.00002951209	935.5384843974113
0.02821688	0.00003705715	0.00003019952	935.5757028588533
0.02887501	0.00003821333	0.00003090295	935.6136980450085
0.0295485	0.00003940557	0.00003162278	935.6516274027774
0.03023771	0.00004063499	0.00003235937	935.6901877261517
0.03094299	0.00004190275	0.00003311311	935.7288623750533
0.03166474	0.00004321006	0.00003388442	935.7678266294656
0.03240333	0.00004455813	0.00003467368999999999	935.8071820449453
0.03315915	0.00004594825	0.00003548134	935.8467929903436
0.03393262	0.00004738172	0.000036307810000000006	935.8868441803568
0.03472413	0.0000488599	0.00003715352	935.9271988226151
0.03553411	0.00005038418	0.00003801894	935.9675514362053
0.03561557	0.00005053811	0.00003810597000000001	935.9716629703953
0.03721117	0.00005064854	0.00003981072	935.9744948094383
0.03807912	0.0000522286	0.00004073803	936.0135627569622
0.03896734	0.00005385794	0.000041686940000000005	936.05330446418
0.03987628	0.00005553809	0.00004265795	936.0932274054426
0.04080643	0.00005727064	0.00004365157999999999	936.1333688265122
0.04175829	0.00005905722	0.00004466836	936.1737753523972
0.04273236	0.00006089952	0.00004570882000000001	936.2144881447387
0.04372916	0.00006279928	0.00004677351	936.2555703003687
0.04474923	0.00006475828	0.00004786301	936.2969081969563
0.04579311	0.00006677837	0.00004897788000000001	936.3387792611684
0.04686135	0.00006886146	0.00005011872	936.3808864232766
0.04795452	0.00007100952	0.00005128614	936.4231646210848
0.0490732	0.00007322456	0.000052480750000000004	936.465743343988
0.05021799	0.00007550868	0.00005370318	936.5087631682146
0.05138951	0.00007786403	0.00005495409	936.5522025749129
0.0543213	0.00007956368	0.00005808442	936.5827132301572
0.05507053	0.00008102877	0.000058884370000000006	936.6077750343596
0.05635521	0.00008355627	0.00006025596	936.6503540894545
0.05766986	0.0000861626	0.0000616595	936.6930091875544
0.05901521	0.0000888502	0.00006309573	936.736292614413
0.06039195	0.00009162162	0.00006456542	936.7796510887716
0.06180083	0.00009447946	0.00006606934	936.8234866581079
0.06324259	0.00009742642	0.00006760830000000001	936.8674618353073
0.064718	0.0001004653	0.0000691831	936.9118368503291
0.06622785	0.0001035989	0.00007079458	936.9565989373764
0.06777295	0.0001068303	0.0000724436	937.0017544683036
0.06935411	0.0001101624	0.00007413101999999999	937.0473035444542
0.0709025	0.0001134499	0.0000757834	937.0911030647873
0.07432237	0.0001161892	0.00007943282	937.12597890897
0.0760563	0.0001198131	0.00008128305	937.1709489247758
0.07783072	0.0001235501	0.00008317637999999999	937.2164321169063
0.07964655	0.0001274036	0.00008511380000000001	937.262272392961
0.08150477	0.0001313772	0.00008709636	937.3083697183213
0.08340637	0.0001354748	0.00008912509	937.3549558266924
0.08535236	0.0001397002	0.00009120108	937.4018399782108
0.08734377	0.0001440573	0.00009332543	937.4489600530103
0.08938168	0.0001485503	0.00009549926000000002	937.4965868845475
0.09146716	0.0001531833	0.00009772372000000001	937.5445725971136
0.09360132	0.0001579609	0.00010000000000000002	937.592809
0.09578532	0.0001628874	0.0001023293	937.6415884795459
0.09802029	0.0001679676	0.00010471289999999999	937.69017570901
0.1003075	0.0001732062	0.0001071519	937.7407792115678
0.1008452	0.0001744436	0.0001077254	937.7513901085538
0.105043	0.0001766863	0.0001122018	937.7718209511792
0.107494	0.0001821968	0.00011481539999999999	937.8201600133781
0.1100021	0.0001878791	0.0001174898	937.8684711353667
0.1125689	0.0001937385	0.0001202264	937.9191134393112
0.1151955	0.0001997807	0.0001230269	937.9678810081374
0.1178835	0.0002060113	0.0001258925	938.0186373294678
0.1206342	0.0002124361	0.000128825	938.06820182418
0.1234492	0.0002190613	0.0001318257	938.1195115975111
0.1263299	0.0002258931	0.00013489629999999998	938.1709735552421
0.1292778	0.0002329379	0.0001380384	938.2225373519253
0.1322946	0.0002402024	0.0001412538	938.2742439495433
0.1353818	0.0002476934	0.000144544	938.3266922182864
0.1385411	0.000255418	0.0001479108	938.3798748975736
0.1417742	0.0002633835	0.0001513561	938.4331619274014
0.1450827	0.0002715973	0.0001548817	938.4859366858708
0.1484686	0.0002800673	0.0001584893	938.5407551172225
0.1519335	0.0002888014	0.000162181	938.5951584957547
0.1554793	0.0002978078	0.00016595869999999998	938.649843605668
0.1580418	0.000304359	0.0001686886	938.6891526754032
0.1666209	0.0003123413	0.0001778279	938.7348177648163
0.1705093	0.0003220817	0.0001819701	938.7881948737733
0.1744886	0.0003321258	0.0001862087	938.8429530951023
0.1785609	0.0003424831	0.0001905461	938.8981621770271
0.1827282	0.0003531634	0.0001949845	938.9534214258057
0.1869928	0.0003641767	0.0001995262	939.0093967609266
0.1913571	0.0003755334	0.00020417380000000001	939.0658027621565
0.1958232	0.0003872442	0.00020892960000000002	939.1222890389873
0.2003937	0.0003993201	0.00021379619999999997	939.1795555767595
0.2050709	0.0004117726	0.0002187762	939.2368667158494
0.2098573	0.0004246134	0.0002238721	939.2948625576836
0.2147556	0.0004378545	0.0002290868	939.3533564570284
0.2195833	0.0004510029	0.00023422600000000003	939.4102401099792
0.2301469	0.0004577091	0.0002454709	939.4376649126231
0.2355185	0.0004719822	0.0002511886	939.4951928550897
0.2410156	0.0004867003	0.00025703960000000007	939.5528949624882
0.2466411	0.0005018774	0.0002630268	939.611390930506
0.2477387	0.0005048519	0.0002641949	939.622800818638
0.252398	0.0005128182	0.0002691535	939.6527193590274
0.2582891	0.0005205402	0.00027542290000000003	939.6809059813108
0.2643176	0.0005274976	0.00028183829999999996	939.7058440957101
0.2704868	0.0005340658	0.0002884032	939.7290522435256
0.2767997	0.0005404122	0.00029512090000000004	939.7508349967759
0.2832599	0.0005466289	0.0003019952	939.7716549799468
0.2898706	0.0005527728	0.0003090295	939.7917441538751
0.2966355	0.0005588853	0.0003162277999999999	939.811064365625
0.3035582	0.0005650021	0.0003235937	939.8304172794464
0.3106422	0.0005711428	0.00033113110000000006	939.8493309749521
0.3178913	0.0005773289	0.0003388442	939.867434354786
0.3253095	0.0005835763	0.0003467369	939.8857643936944
0.3329006	0.0005899026	0.0003548134	939.9039117462869
0.3406687	0.0005963157	0.00036307810000000006	939.9217845967576
0.3486178	0.0006028331	0.0003715352	939.9395618503979
0.3567523	0.0006094621	0.0003801894	939.9571952821411
0.3650764	0.0006162136	0.00038904510000000006	939.9748604981788
0.3735945	0.0006230992	0.0003981072	939.9920403348646
0.3823113	0.0006301256	0.0004073803	940.0096803895525
0.3912312	0.0006373026	0.0004168694	940.0270266898937
0.4003591	0.0006446377	0.0004265795	940.0445584000169
0.4096997	0.0006521454	0.00043651579999999995	940.0618383114655
0.4192582	0.0006598278	0.00044668359999999995	940.079348782897
0.4290394	0.0006677003	0.0004570882	940.0966822158175
0.4390486	0.0006757658	0.00046773510000000003	940.1141068951208
0.4492912	0.0006840339	0.0004786301	940.1315000874371
0.4597726	0.0006925184	0.0004897788	940.1491416124993
0.4814738	0.0007011234	0.0005128614	940.1661411835635
0.4927052	0.0007103862	0.0005248075	940.1839459230289
0.5041984	0.000719897	0.0005370318000000002	940.2018595546855
0.5159596	0.0007296677	0.0005495409000000001	940.2198593407696
0.5279949	0.0007397086	0.0005623413	940.2379099667764
0.5403108	0.0007500283	0.0005754399	940.2560168316447
0.5529139	0.00076064	0.0005888437	940.2742017958244
0.5658108	0.0007715486	0.0006025596	940.2926259908562
0.5790083	0.0007827725	0.000616595	940.311018577835
0.5925135	0.0007943171	0.0006309573	940.3295866455622
0.6063335	0.0008061996	0.0006456542	940.3480990288608
0.6204758	0.0008184282	0.0006606934	940.3669360099557
0.6349477	0.0008310163	0.0006760829999999998	940.3855980700596
0.6497571	0.0008439751	0.000691831	940.4046293097592
0.6649117	0.0008573187	0.0007079458	940.4237142165404
0.6804196	0.0008710643	0.000724436	940.4428607910154
0.696289	0.000885219	0.0007413102	940.4621965271759
0.7125285	0.0008998009	0.0007585776000000001	940.4816341795487
0.7291465	0.000914823	0.0007762470999999999	940.5011922105732
0.746152	0.0009303016	0.0007943282	940.5209353010506
0.763554	0.0009462505	0.0008128305	940.5408021721624
0.7813617	0.0009626869	0.0008317638	940.5607540265639
0.7995845	0.0009796285	0.000851138	940.5808793638635
0.8182323	0.0009970903	0.0008709636	940.6011804626507
0.8373148	0.001015088	0.0008912509	940.6216453750567
0.8568422	0.001033644	0.0009120108	940.6421985353682
0.8768249	0.001052771	0.0009332543	940.6628729168459
0.8972736	0.001072492	0.0009549926	940.6838251940383
0.918199	0.001092826	0.0009772372	940.7049035791924
0.9396123	0.001113792	0.001	940.7260919999999
0.9615248	0.001135411	0.001023293	940.7473822258141
0.9839483000000001	0.001157703	0.001047129	940.7685232669519
1.006895	0.001180692	0.001071519	940.7912430857504
1.030376	0.001204401	0.0010964779999999997	940.8126756761195
1.054405	0.001228849	0.001122018	940.8350391883197
1.078994	0.001254065	0.001148154	940.8564225704914
1.104157	0.001280069	0.001174898	940.8791818523822
1.129906	0.001306894	0.001202264	940.9022427686433
1.16078	0.00132275	0.001235078	940.9144604632257
1.183219	0.001346557	0.001258925	940.9341755863138
1.210811	0.001376049	0.0012882500000000001	940.9563741509802
1.239047	0.001406466	0.0013182569999999998	940.9799955547363
1.267942	0.00143784	0.001348963	941.00419359167
1.29751	0.001470201	0.0013803839999999997	941.0281494134966
1.327767	0.001503579	0.0014125380000000003	941.0511993305665
1.35873	0.001538007	0.0014454399999999999	941.0753867334513
1.390415	0.001573518	0.001479108	941.0999859374704
1.422839	0.001610144	0.001513561	941.1243709371475
1.456019	0.001647922	0.001548817	941.148581142898
1.489973	0.001686887	0.0015848930000000002	941.1738754603623
1.524719	0.001727076	0.00162181	941.1990775738219
1.560275	0.001768526	0.0016595869999999997	941.2242479604867
1.59666	0.001811274	0.001698244	941.2494753404104
1.633894	0.001855364	0.0017378009999999998	941.2754187619872
1.671996	0.001900836	0.001778279	941.3015820352149
1.710986	0.00194773	0.0018197009999999997	941.3270257036733
1.750886	0.001996089	0.0018620869999999997	941.3534861690135
1.791717	0.002045964	0.001905461	941.3800460885843
1.833499	0.002097391	0.001949845	941.4063122966185
1.876257	0.002150423	0.0019952620000000003	941.4339685715461
1.920011	0.002205108	0.002041738	941.4607104339539
1.964786	0.002261495	0.0020892960000000005	941.4881831009104
2.010605	0.002319635	0.002137962	941.5156279671949
2.057492	0.002379577	0.002187762	941.5428081299519
2.105474	0.002441381	0.002238721	941.5712726150334
2.154574	0.002505096	0.002290868	941.599034077913
2.20482	0.00257078	0.002344229	941.6276225573524
2.256237	0.002638495	0.002398833	941.6560031481974
2.301204	0.002668723	0.002446585	941.6687844485273
2.362697	0.002750976	0.002511886	941.7019625890665
2.417796	0.002825259	0.0025703959999999995	941.730869095657
2.474181	0.002901822	0.0026302680000000003	941.7606198303748
2.53188	0.002980741	0.002691535	941.7899975292909
2.590926	0.003062081	0.0027542289999999995	941.8200451015512
2.651348	0.003145909	0.002818383	941.8499575820605
2.71318	0.003232301	0.0028840319999999995	941.8800835080888
2.776455	0.003321329	0.0029512089999999998	941.9110367988169
2.841205	0.003413069	0.0030199520000000002	941.9414841692849
2.907466	0.003507598	0.003090295	941.9727236396526
2.975272	0.003604995	0.0031622780000000006	942.0035161361524
3.04466	0.003705343	0.003235937	942.0348242255643
3.115667	0.003808728	0.0033113109999999995	942.066670270476
3.18833	0.003915228	0.003388442	942.0982351180867
3.262688	0.004024937	0.003467369	942.1301675708585
3.338781	0.004137945	0.0035481339999999997	942.1625409299648
3.416649	0.004254343	0.003630781	942.1949004911064
3.496333	0.004374226	0.003715352	942.2276075052915
3.577877	0.004497692	0.003801894	942.260539615255
3.661322	0.004624845	0.003890451	942.2935400034597
3.7467149999999996	0.004755782	0.0039810719999999996	942.3267858506451
3.834099	0.004890608	0.004073803	942.3601504540107
3.923522	0.005029431	0.004168694	942.3938123066841
4.015032	0.005172367	0.004265795	942.4279335973715
4.108676	0.005319531	0.004365158	942.461998168222
4.204505	0.005471035	0.004466836	942.4962176807029
4.302569	0.005626999	0.004570882	942.5305660920585
4.402922	0.005787548	0.004677350999999999	942.5654709257442
4.505616	0.005952815	0.004786301000000001	942.6003118065495
4.610706	0.006122923	0.004897788	942.6355168904821
4.718247	0.00629801	0.005011872	942.6707246314352
4.828298	0.006478212	0.005128614	942.706199374724
4.940916	0.006663677	0.005248075	942.7418009460611
5.056163	0.006854551	0.005370318	942.7779790693959
5.174097	0.007050987	0.005495408999999999	942.8138992020431
5.294784	0.007253135	0.005623413	942.850389078661
5.418287	0.007461169	0.005754399	942.8870276461538
5.544671	0.007675242	0.005888437	942.9236046849105
5.674004	0.007895537	0.006025596	942.9605863054874
5.806355	0.008122233	0.006165950000000001	942.9977915811837
5.941794	0.008355513	0.006309573000000001	943.0352122084964
6.080393	0.008595563	0.006456542	943.0727102836162
6.222227	0.008842591	0.006606933999999999	943.1106154534009
6.36737	0.009096805	0.00676083	943.1485194865129
6.5159	0.009358412	0.00691831	943.1867626631359
6.667895	0.00962764	0.007079458	943.2251226011933
6.823438	0.009904727	0.007244359999999999	943.2638255139171
6.98261	0.01018992	0.007413102000000001	943.3028063015995
7.145496	0.01048345	0.007585776	943.3417820404926
7.312184	0.01078561	0.007762471	943.3812519235177
7.482761	0.01109666	0.007943282	943.4208252961433
7.657319	0.01141689	0.008128305000000002	943.4606464693437
7.83595	0.01174662	0.008317638	943.5006212100118
8.01875	0.01208616	0.00851138	943.5410192001768
8.205816	0.01243585	0.008709636	943.5815515137486
8.397247	0.01279603	0.008912509	943.6223884879106
8.593146	0.01316708	0.009120108	943.663504862004
8.793617	0.0135494	0.009332543	943.7048830099149
8.998766	0.01394338	0.009549926	943.746514894461
9.208703	0.01434949	0.009772372	943.788518283995
9.42354	0.01476816	0.01	943.8308159999998
9.643391	0.01519989	0.01023293	943.8734448491292
9.868373	0.0156452	0.01047129	943.9160027083578
10.09861	0.01610465	0.01071519	943.9603637453001
10.33421	0.01657878	0.010964780000000002	944.0033251921151
10.57532	0.01706825	0.01122018	944.0479787311789
10.82205	0.01757369	0.01148154	944.0914450500544
11.07455	0.01809581	0.01174898	944.1369216732007
11.33293	0.01863534	0.01202264	944.1824208326956
11.59735	0.01919308	0.012302689999999998	944.2278948750234
11.86794	0.01976985	0.012589249999999998	944.2746668784877
12.14485	0.02036656	0.0128825	944.3210991655346
12.42822	0.02098417	0.013182570000000001	944.3685237400598
12.7182	0.02162368	0.01348963	944.4160944369859
13.01496	0.02228617	0.01380384	944.4651756322878
13.31864	0.02297282	0.01412538	944.5135507858904
13.62941	0.02368485	0.014454399999999997	944.5632367998672
13.94744	0.02442358	0.01479108	944.6141579925198
14.2729	0.02519041	0.01513561	944.6656203483044
14.60595	0.02598686	0.01548817	944.7169588143724
14.94678	0.02681453	0.01584893	944.7700589251135
15.29557	0.02767513	0.0162181	944.8236926643689
15.6525	0.02857048	0.01659587	944.8778810631803
16.01777	0.02950255	0.01698244	944.9332693064129
16.39157	0.03047343	0.01737801	944.9898711072213
16.7741	0.03148534	0.01778279	945.0477309803467
17.16556	0.03254067	0.01819701	945.1058536539794
19.2685	0.03356891	0.02042203	945.159169289243
19.71362	0.03472316	0.020892959999999995	945.2151901884654
20.17363	0.03594039	0.021379619999999995	945.272665744293
20.64438	0.03721237	0.02187762	945.3309989843502
21.12614	0.03854236	0.02238721	945.3916928460491
21.61914	0.03993383	0.02290868	945.4527205408605
22.12366	0.04139046	0.023442290000000005	945.5155814555659
22.63997	0.04291622	0.02398833	945.5800474647465
23.16834	0.0445153	0.02454709	945.6459115927795
23.70906	0.04619217	0.02511886	945.7137851797415
24.26241	0.04795161	0.025703960000000005	945.7827358119137
24.82869	0.04979869	0.02630268	945.8537567274515
25.40821	0.05173879	0.026915349999999998	945.9267217405682
26.00127	0.05377769	0.027542289999999997	946.0015013275948
26.60819	0.05592147	0.02818383	946.0783530840203
27.22931	0.05817664	0.02884032	946.1575544238067
27.86494	0.06055009	0.02951209	946.2389851074594
28.51544	0.06304915	0.030199519999999997	946.3226286378062
29.18115	0.06568159	0.030902949999999995	946.4090512394448
29.86242	0.0684557	0.03162278	946.4972940392969
30.55964	0.07138017	0.03235936999999999	946.5888912546816
31.27316	0.07446432	0.03311311	946.6831813743862
32.00338	0.07771794	0.03388442	946.7801998676679
32.75068	0.08115149	0.03467369	946.8802279192092
33.51548	0.08477594	0.03548134	946.9838495389406
34.29817	0.08860299	0.03630781	947.090253859982
35.09919	0.09264497	0.03715352	947.2005605390822
35.91896	0.09691487	0.03801894	947.3140195386825
36.75793	0.1014265	0.03890451	947.4314546051345
37.61655	0.1061944	0.039810719999999994	947.5524280897205
38.49528	0.1112339	0.04073803000000001	947.6774871048011
39.3946	0.1165612	0.041686940000000006	947.8067039701162
40.315	0.1221934	0.04265795	947.9403815701411
41.25697	0.1281485	0.04365158	948.0783627992389
42.22103	0.1344456	0.04466836	948.2209689364015
43.20769	0.1411047	0.04570882	948.3682733441817
44.2175	0.1481469	0.046773510000000004	948.5207952107935
45.25099	0.1555945	0.04786301	948.6779978944074
46.30874	0.163471	0.04897788	948.8408032360732
47.39131	0.1718011	0.05011871999999999	949.0088952790495
48.4993	0.1806108	0.05128614	949.1825822727153
49.6333	0.1899278	0.05248075000000001	949.3619622432986
50.79395	0.199781	0.05370318000000001	949.5476990375616
51.98187	0.2102012	0.054954090000000004	949.7395225723873
53.1977	0.2212206	0.05623413	949.9377086477554
54.44212	0.2328734	0.05754399	950.1425500734308
55.71581	0.245196	0.05888436999999999	950.3541601956513
57.01946	0.2582266	0.06025595999999999	950.5729657282036
58.35378	0.272006	0.061659500000000006	950.7989198744718
59.71952	0.2865773	0.06309573	951.0326182136255
61.11742	0.3019865	0.06456542	951.2740178875937
62.54825	0.3182824	0.06606934	951.5235417820127
64.0128	0.3355173	0.0676083	951.7813241865275
65.51187	0.3537469	0.06918309999999998	952.0477819004932
67.0463	0.3730309	0.07079458000000001	952.3233402896099
68.61693	0.3934335	0.0724436	952.6081461992502
70.22464	0.4150234	0.07413102	952.9028927431457
71.87031	0.4378751	0.07585776	953.2074912309565
73.55486	0.4620685	0.07762471	953.5227700045515
75.27923	0.4876904	0.07943282000000002	953.8490563472378
77.04438	0.5148349	0.08128304999999998	954.1868187771006
78.8513	0.543604	0.08317638	954.5366605279047
80.701	0.574109	0.08511379999999999	954.8993112750222
82.59451	0.606471	0.08709636	955.2750654562373
84.5329	0.6408227	0.08912508999999999	955.6649277997924
86.51727	0.6773087	0.09120108	956.069584921582
88.54874	0.7160882	0.09332543	956.4898677670169
90.62846	0.7573353	0.09549926	956.9267374427823
92.75761	0.8012418	0.09772372	957.3811946577556
94.93741	0.8480183	0.09999999999999999	957.854283
97.16912	0.8978966	0.1023293	958.3473804667872
99.454	0.9511327	0.1047129	958.8611594177986
101.7934	1.008008	0.1071519	959.3988347383482
104.1886	1.068834	0.1096478	959.9593790299485
106.6411	1.133952	0.1122018	960.5465509465979
109.1524	1.203741	0.1148154	961.1614905317579
111.7237	1.277711	0.11748980000000002	961.7976283898686
114.3568	1.356167	0.1202264	962.4588859019318
117.053	1.440037	0.1230269	963.1473848402261
119.8141	1.529994	0.1258925	963.8707150942273
122.6417	1.62671	0.128825	964.6296138171939
125.5375	1.730898	0.1318257	965.429335857879
128.5032	1.843323	0.1348963	966.2720400781933
131.5408	1.964819	0.1380384	967.1628981500799
134.652	2.096295	0.1412538	968.1034775701607
137.8389	2.238744	0.144544	969.1003708213415
141.1035	2.39325	0.1479108	970.157351592987
144.4479	2.560999	0.1513561	971.2783231068984
147.8743	2.743288	0.1548817	972.468587315351
151.3849	2.941531	0.1584893	973.7340691138139
154.9821	3.157272	0.162181	975.079522262164
158.6683	3.392194	0.16595869999999996	976.5109873721594
162.4461	3.648128	0.1698244	978.0351233391668
166.3181	3.927065	0.1737801	979.6585742556254
170.2871	4.231165	0.17782789999999998	981.3885503905743
174.356	4.562775	0.1819701	983.231723233652
178.5276	4.924429	0.18620869999999998	985.1957991221678
182.8053	5.318875	0.19054610000000002	987.2895587996815
187.1922	5.74907	0.19498450000000003	989.5210644948701
191.6917	6.218209	0.19952619999999996	991.8993545709787
196.3075	6.729724	0.2041738	994.4332916368311
201.0432	7.287304	0.20892960000000002	997.1325460825083
205.9028	7.894903	0.2137962	1000.007030059468
210.8904	8.556756	0.2187762	1003.0668601063553
216.0102	9.277386	0.22387210000000002	1006.3227441025479
221.2668	10.06162	0.2290868	1009.7850247155226
226.6649	10.91459	0.2344229	1013.4653653717278
232.2094	11.84176	0.23988330000000002	1017.3745316993721
237.9056	12.84892	0.24547090000000002	1021.5244250947871
243.759	13.94221	0.2511886	1025.9271718541368
249.7752	15.1281	0.25703960000000003	1030.5933404813889
255.9603	16.41344	0.2630268	1035.5360746509482
262.3206	17.80544	0.2691535	1040.766848656993
268.8628	19.31167	0.27542289999999997	1046.2981473218094
275.5939	20.94009	0.2818383	1052.1422744885988
282.5212	22.69904	0.2884032	1058.310864789295
289.6525	24.59725	0.29512089999999996	1064.8169953398758
296.9957	26.64383	0.3019952	1071.6711060308241
304.5595	28.84832	0.30902949999999996	1078.8867082268846
312.3528	31.22063	0.31622780000000006	1086.4744655593215
320.3849	33.7711	0.3235937	1094.4465235262614
328.6656	36.51048	0.3311311	1102.8142025922662
337.2042	39.23176	0.3388442	1110.9411345981428
346.0014	41.71985	0.3467369	1118.2001396447854
355.0618	44.24768	0.35481339999999995	1125.4069885748397
364.393	46.8655	0.3630781	1132.6998240874345
374.0039	49.59754	0.3715352	1140.1381080446752
383.9035	52.38609	0.3801894	1147.5585326681912
394.0975	55.11349	0.3890451	1154.6501678083082
404.5934	57.9141	0.39810719999999994	1161.766227789902
415.4	60.81419	0.40738030000000003	1168.9671542782014
426.5276	63.87291	0.41686940000000006	1176.38884024589
437.9876	67.10739	0.4265795	1184.0582822193753
449.7922	70.53074	0.43651579999999995	1191.9910802770485
456.2587807144255	72.45789962770448	0.4419222794135703	1196.354941196618
505.7147579196546	72.45851007312736	0.48402364462951203	1196.355534807514
506.3746672252708	72.76991332757518	0.48382989935869036	1197.000394809196
507.39994784307294	73.25417123923214	0.48468608324188833	1198.000394809196
508.42723054106875	73.7392858127617	0.4855432232334452	1199.000394809196
509.4565181643104	74.22525800466104	0.48640132011104786	1200.000394809196
510.4878135601842	74.71208877220505	0.4872603746523835	1201.000394809196
511.5211195784083	75.19977907344628	0.4881203876351387	1202.000394809196
512.5564390710343	75.68832986721506	0.4889813598370007	1203.000394809196
513.5937748924471	76.17774211311922	0.48984329203565624	1204.000394809196
514.6331298993646	76.66801677154444	0.4907061850087923	1205.000394809196
515.6745069508376	77.15915480365419	0.49157003953409584	1206.000394809196
516.7179089082499	77.65115717138931	0.4924348563892539	1207.000394809196
517.7633386353185	78.14402483746855	0.4933006363519532	1208.000394809196
518.8107989980937	78.6377587653883	0.4941673801998808	1209.000394809196
519.8602928649583	79.13235991942258	0.49503508871072366	1210.000394809196
520.9118231066287	79.62782926462324	0.4959037626621686	1211.000394809196
521.9653925961541	80.12416776681968	0.49677340283190263	1212.000394809196
523.0210042089167	80.62137639261908	0.4976440099976128	1213.000394809196
524.0786608226318	81.11945610940614	0.49851558493698583	1214.000394809196
525.1383653173482	81.61840788534352	0.49938812842770874	1215.000394809196
526.2001205754469	82.11823268937127	0.5002616412474685	1216.000394809196
527.2639294816425	82.61893149120735	0.501136124173952	1217.000394809196
528.3297949229832	83.12050526134726	0.5020115779848463	1218.000394809196
529.3977197888487	83.62295497106442	0.5028880034578382	1219.000394809196
530.4677069709533	84.12628159240955	0.5037654013706145	1220.000394809196
531.5397593633437	84.63048609821146	0.5046437725008625	1221.000394809196
532.6138798624	85.13556946207635	0.5055231176262689	1222.000394809196
533.6900713668343	85.64153265838826	0.5064034375245205	1223.000394809196
534.7683367776935	86.14837666230886	0.5072847329733046	1224.000394809196
535.8486789983561	86.65610244977768	0.508167004750308	1225.000394809196
536.9311009345342	87.16471099751152	0.5090502536332173	1226.000394809196
538.0156054942735	87.67420328300526	0.50993448039972	1227.000394809196
539.1021955879514	88.18458028453131	0.5108196858275027	1228.000394809196
540.1908741282796	88.69584298113989	0.5117058706942522	1229.000394809196
541.281644030302	89.20799235265872	0.5125930357776557	1230.000394809196
542.3745082113968	89.72102937969339	0.5134811818554001	1231.000394809196
543.4694695912738	90.23495504362685	0.5143703097051723	1232.000394809196
544.5665310919766	90.74977032662025	0.5152604201046591	1233.000394809196
545.6656956378821	91.265476211612	0.5161515138315477	1234.000394809196
546.7669661556995	91.78207368231836	0.5170435916635248	1235.000394809196
547.8703455744719	92.29956372323326	0.5179366543782775	1236.000394809196
548.9758368255744	92.81794731962842	0.5188307027534926	1237.000394809196
550.0834428427167	93.33722545755302	0.5197257375668571	1238.000394809196
551.1931665619402	93.85739912383411	0.520621759596058	1239.000394809196
552.3050109216197	94.37846930607634	0.5215187696187822	1240.000394809196
553.4189788624633	94.90043699266201	0.5224167684127163	1241.000394809196
554.5350733275125	95.42330317275142	0.523315756755548	1242.000394809196
555.6532972621405	95.94706883628203	0.5242157354249635	1243.000394809196
556.7736536140555	96.47173497396938	0.5251167051986501	1244.000394809196
557.8961453332969	96.99730257730664	0.5260186668542944	1245.000394809196
559.0207753722384	97.52377263856451	0.5269216211695837	1246.000394809196
560.1475466855866	98.05114615079151	0.527825568922205	1247.000394809196
561.2764622303805	98.57942410781396	0.528730510889845	1248.000394809196
562.4075249659926	99.10860750423552	0.5296364478501905	1249.000394809196
563.5407378541286	99.63869733543783	0.5305433805809288	1250.000394809196
564.6761038588271	100.16969459758005	0.5314513098597464	1251.000394809196
565.81362594646	100.70160028759915	0.5323602364643308	1252.000394809196
566.9533070857315	101.23441540320982	0.5332701611723685	1253.000394809196
568.0951502476794	101.76814094290438	0.5341810847615465	1254.000394809196
569.2391584056754	102.30277790595261	0.535093008009552	1255.000394809196
570.3853345354223	102.83832729240228	0.5360059316940714	1256.000394809196
571.533681614958	103.37479010307874	0.5369198565927922	1257.000394809196
572.6842026246517	103.91216733958515	0.537834783483401	1258.000394809196
573.8369005472072	104.4504600043021	0.5387507131435848	1259.000394809196
574.9917783676601	104.98966910038814	0.5396676463510307	1260.000394809196
576.1488390733798	105.52979563177914	0.5405855838834254	1261.000394809196
577.308085654069	106.07084060318908	0.5415045265184559	1262.000394809196
578.4695211017624	106.61280502010948	0.5424244750338093	1263.000394809196
579.6331484108288	107.15568988880943	0.5433454302071723	1264.000394809196
580.7989705779695	107.69949621633572	0.544267392816232	1265.000394809196
581.9669906022189	108.24422501051302	0.5451903636386752	1266.000394809196
583.137211484945	108.78987727994343	0.5461143434521891	1267.000394809196
584.3096362298479	109.33645403400698	0.5470393330344603	1268.000394809196
585.4842678429618	109.88395628286116	0.547965333163176	1269.000394809196
586.6611093326528	110.43238503744132	0.5488923446160228	1270.000394809196
587.8401637096215	110.98174130946049	0.549820368170688	1271.000394809196
589.0214339869003	111.53202611140927	0.5507494046048584	1272.000394809196
590.2049231798553	112.08324045655593	0.5516794546962209	1273.000394809196
591.3906343061852	112.63538535894668	0.5526105192224624	1274.000394809196
592.5785703859224	113.18846183340506	0.5535425989612699	1275.000394809196
593.7687344414323	113.74247089553262	0.5544756946903304	1276.000394809196
594.9611294974125	114.29741356170831	0.5554098071873308	1277.000394809196
596.1557585808945	114.85329084908915	0.5563449372299579	1278.000394809196
597.3526247212425	115.4101037756094	0.5572810855958987	1279.000394809196
598.551730950154	115.96785335998126	0.5582182530628403	1280.000394809196
599.7530803016593	116.52654062169461	0.5591564404084695	1281.000394809196
600.9566758121222	117.08616658101698	0.5600956484104731	1282.000394809196
602.1625205202389	117.64673225899355	0.5610358778465383	1283.000394809196
603.3706174670391	118.20823867744735	0.5619771294943519	1284.000394809196
604.5809696958854	118.77068685897879	0.5629194041316008	1285.000394809196
605.7935802524739	119.33407782696622	0.5638627025359719	1286.000394809196
607.008452184833	119.89841260556562	0.5648070254851523	1287.000394809196
608.2255885433249	120.46369221971071	0.5657523737568289	1288.000394809196
609.4449923806438	121.02991769511272	0.5666987481286885	1289.000394809196
610.6666667518184	121.5970900582607	0.5676461493784181	1290.000394809196
611.8906147142097	122.16521033642141	0.5685945782837047	1291.000394809196
613.1168393275115	122.73427955763918	0.5695440356222352	1292.000394809196
614.3453436537511	123.30429875073617	0.5704945221716966	1293.000394809196
615.5761307572885	123.87526894531214	0.5714460387097755	1294.000394809196
616.8092037048173	124.44719117174455	0.5723985860141593	1295.000394809196
618.0445655653639	125.02006646118843	0.5733521648625348	1296.000394809196
619.2822194102871	125.59389584557681	0.5743067760325886	1297.000394809196
620.5221683132801	126.16868035762013	0.575262420302008	1298.000394809196
621.7644153503679	126.74442103080648	0.57621909844848	1299.000394809196
623.0089635999095	127.32111889940197	0.5771768112496912	1300.000394809196
624.2558161425962	127.89877499845005	0.5781355594833288	1301.000394809196
625.5049760614527	128.47739036377197	0.5790953439270796	1302.000394809196
626.7564464418369	129.0569660319668	0.5800561653586305	1303.000394809196
628.01023037144	129.63750304041108	0.5810180245556686	1304.000394809196
629.2663309402852	130.21900242725914	0.5819809222958807	1305.000394809196
630.5247512407299	130.8014652314431	0.5829448593569538	1306.000394809196
631.7854943674639	131.38489249267263	0.5839098365165749	1307.000394809196
633.0485634175101	131.96928525143505	0.5848758545524306	1308.000394809196
634.3139614902253	132.5546445489954	0.5858429142422084	1309.000394809196
635.581691687298	133.1409714273966	0.5868110163635947	1310.000394809196
636.8517571127508	133.72826692945898	0.5877801616942767	1311.000394809196
638.1241608729389	134.31653209878084	0.5887503510119413	1312.000394809196
639.3989060765506	134.90576797973785	0.5897215850942754	1313.000394809196
640.6759958346078	135.49597561748354	0.590693864718966	1314.000394809196
641.9554332604642	136.08715605794913	0.5916671906637	1315.000394809196
643.2372214698081	136.6793103478435	0.5926415637061644	1316.000394809196
644.5213635806595	137.27243953465324	0.5936169846240458	1317.000394809196
645.8078627133729	137.8665446666426	0.5945934541950317	1318.000394809196
647.0967219906341	138.4616267928536	0.5955709731968086	1319.000394809196
648.3879445374633	139.0576869631057	0.5965495424070636	1320.000394809196
649.6815334812136	139.65472622799643	0.5975291626034835	1321.000394809196
650.9774919515706	140.25274563890065	0.5985098345637554	1322.000394809196
652.2758230805534	140.8517462479711	0.5994915590655662	1323.000394809196
653.5765300025141	141.45172910813815	0.6004743368866028	1324.000394809196
654.8796158541377	142.05269527310992	0.6014581688045522	1325.000394809196
656.1850837744424	142.65464579737215	0.6024430555971012	1326.000394809196
657.4929369047794	143.25758173618823	0.6034289980419367	1327.000394809196
658.8031783888331	143.86150414559938	0.604415996916746	1328.000394809196
660.1158113726208	144.46641408242428	0.6054040529992156	1329.000394809196
661.4308390044924	145.07231260425954	0.6063931670670326	1330.000394809196
662.7482644351326	145.6792007694794	0.6073833398978842	1331.000394809196
664.0680908175567	146.28707963723565	0.6083745722694569	1332.000394809196
665.390321307115	146.89595026745778	0.6093668649594378	1333.000394809196
666.7149590614897	147.50581372085313	0.6103602187455139	1334.000394809196
668.0420072406969	148.11667105890666	0.6113546344053722	1335.000394809196
669.3714690070849	148.72852334388102	0.6123501127166993	1336.000394809196
670.7033475253361	149.3413716388165	0.6133466544571826	1337.000394809196
672.0376459624651	149.95521700753105	0.6143442604045086	1338.000394809196
673.3743674878198	150.5700605146203	0.6153429313363645	1339.000394809196
674.7135152730814	151.18590322545782	0.6163426680304374	1340.000394809196
676.0550924922638	151.8027462061945	0.6173434712644137	1341.000394809196
677.3991023217143	152.42059052375924	0.6183453418159808	1342.000394809196
678.745547940113	153.03943724585824	0.6193482804628254	1343.000394809196
680.0944325284729	153.65928744097585	0.6203522879826344	1344.000394809196
681.4457592701408	154.28014217837375	0.621357365153095	1345.000394809196
682.7995313507961	154.9020025280915	0.622363512751894	1346.000394809196
684.1557519584507	155.52486956094623	0.6233707315567183	1347.000394809196
685.5144242834505	156.14874434853286	0.6243790223452548	1348.000394809196
686.8755515184739	156.77362796322382	0.6253883858951905	1349.000394809196
688.2391368585327	157.39952147816956	0.6263988229842123	1350.000394809196
689.6051835009714	158.02642596729788	0.6274103343900072	1351.000394809196
690.9736946454682	158.6543425053144	0.6284229208902621	1352.000394809196
692.3446734940331	159.2832721677024	0.6294365832626638	1353.000394809196
693.7181232510104	159.913216030723	0.6304513222848994	1354.000394809196
695.0940471230774	160.5441751714148	0.631467138734656	1355.000394809196
696.4724483192434	161.17615066759407	0.63248403338962	1356.000394809196
697.8533300508519	161.80914359785498	0.6335020070274788	1357.000394809196
699.2366955315789	162.44315504156916	0.6345210604259193	1358.000394809196
700.6225479774336	163.07818607888618	0.6355411943626282	1359.000394809196
702.0108906067582	163.71423779073314	0.6365624096152926	1360.000394809196
703.4017266402278	164.3513112588147	0.6375847069615995	1361.000394809196
704.795059300851	164.9894075656134	0.6386080871792357	1362.000394809196
706.1908918139693	165.6285277943895	0.6396325510458882	1363.000394809196
707.5892274072569	166.26867302918072	0.6406580993392438	1364.000394809196
708.9900693107217	166.90984435480271	0.6416847328369897	1365.000394809196
710.3934207567037	167.5520428568488	0.6427124523168125	1366.000394809196
711.799284979877	168.19526962168968	0.6437412585563994	1367.000394809196
713.2076652172483	168.8395257364741	0.6447711523334372	1368.000394809196
714.6185647081575	169.48481228912817	0.6458021344256131	1369.000394809196
716.0319866942771	170.1311303683562	0.6468342056106136	1370.000394809196
717.447934419613	170.77848106363962	0.6478673666661259	1371.000394809196
718.8664111305044	171.42686546523785	0.6489016183698368	1372.000394809196
720.2874200756235	172.07628466418794	0.6499369614994335	1373.000394809196
721.7109645059749	172.72673975230458	0.6509733968326027	1374.000394809196
723.1370476748972	173.37823182218023	0.6520109251470314	1375.000394809196
724.565672838061	174.03076196718496	0.6530495472204064	1376.000394809196
725.9968432534711	174.6843312814665	0.6540892638304148	1377.000394809196
727.4305621814644	175.33894085995058	0.6551300757547436	1378.000394809196
728.866832884712	175.99459179834008	0.6561719837710797	1379.000394809196
730.305658628217	176.651285193116	0.6572149886571098	1380.000394809196
731.7470426793154	177.30902214153673	0.6582590911905211	1381.000394809196
733.1909883076773	177.96780374163868	0.6593042921490004	1382.000394809196
734.6374987853054	178.62763109223562	0.6603505923102346	1383.000394809196
736.0865773865349	179.28850529291935	0.6613979924519109	1384.000394809196
737.5382273880352	179.9504274440589	0.662446493351716	1385.000394809196
738.9924520688077	180.61339864680133	0.6634960957873368	1386.000394809196
740.4492547101871	181.2774200030714	0.6645468005364603	1387.000394809196
741.9086385958417	181.94249261557133	0.6655986083767734	1388.000394809196
743.3706070117724	182.60861758778117	0.6666515200859633	1389.000394809196
744.8351632463133	183.27579602395878	0.6677055364417166	1390.000394809196
746.3023105901312	183.94402902913941	0.6687606582217204	1391.000394809196
747.7720523362269	184.61331770913623	0.6698168862036615	1392.000394809196
749.2443917799332	185.2836631705399	0.670874221165227	1393.000394809196
750.7193322189162	185.95506652071907	0.6719326638841037	1394.000394809196
752.1968769531758	186.62752886781988	0.6729922151379787	1395.000394809196
753.6770292850439	187.30105132076594	0.6740528757045386	1396.000394809196
755.1597925191865	187.97563498925902	0.6751146463614708	1397.000394809196
756.6451699626016	188.65128098377824	0.6761775278864619	1398.000394809196
758.1331649246212	189.32799041558047	0.6772415210571989	1399.000394809196
759.6237807169099	190.00576439670044	0.6783066266513689	1400.000394809196
761.1170206534651	190.68460403995036	0.6793728454466585	1401.000394809196
762.612888050618	191.36451045892005	0.680440178220755	1402.000394809196
764.1113862270325	192.0454847679773	0.6815086257513452	1403.000394809196
765.6125185037054	192.72752808226744	0.682578188816116	1404.000394809196
767.1162882039662	193.4106415177135	0.6836488681927542	1405.000394809196
768.6226986534784	194.09482619101615	0.684720664658947	1406.000394809196
770.1317531802381	194.78008321965382	0.6857935789923811	1407.000394809196
771.6434551145743	195.4664137218826	0.6868676119707438	1408.000394809196
773.157807789149	196.15381881673613	0.6879427643717215	1409.000394809196
774.6748145389582	196.84229962402605	0.6890190369730016	1410.000394809196
776.1944787013296	197.53185726434148	0.6900964305522708	1411.000394809196
777.7168036159245	198.2224928590491	0.6911749458872161	1412.000394809196
779.2417926247377	198.9142075302937	0.6922545837555243	1413.000394809196
780.769449072097	199.60700240099726	0.6933353449348827	1414.000394809196
782.2997763046624	200.30087859485974	0.6944172302029779	1415.000394809196
783.8327776714274	200.99583723635865	0.6955002403374968	1416.000394809196
785.3684565237194	201.6918794507494	0.6965843761161266	1417.000394809196
786.9068162151978	202.38900636406487	0.697669638316554	1418.000394809196
788.4478601018552	203.08721910311573	0.6987560277164662	1419.000394809196
789.9915915420179	203.78651879549022	0.6998435450935498	1420.000394809196
791.5380138963445	204.4869065695544	0.700932191225492	1421.000394809196
793.0871305278274	205.188383554452	0.7020219668899796	1422.000394809196
794.6389448017912	205.8909508801044	0.7031128728646996	1423.000394809196
796.1934600858942	206.59460967721066	0.7042049099273389	1424.000394809196
797.7506797501277	207.2993610772477	0.7052980788555845	1425.000394809196
799.3106071668159	208.0052062124697	0.7063923804271233	1426.000394809196
800.873245710616	208.7121462159089	0.707487815419642	1427.000394809196
802.4385987585183	209.42018222137511	0.708584384610828	1428.000394809196
804.0066696898466	210.129315363456	0.7096820887783679	1429.000394809196
805.5774618862567	210.83954677751652	0.7107809286999485	1430.000394809196
807.1509787317391	211.55087759969987	0.7118809051532573	1431.000394809196
808.7272236126157	212.26330896692622	0.7129820189159807	1432.000394809196
810.3061999175426	212.97684201689412	0.7140842707658059	1433.000394809196
811.8879110375083	213.69147788807942	0.7151876614804198	1434.000394809196
813.4723603658342	214.40721771973577	0.7162921918375091	1435.000394809196
815.0595512981756	215.12406265189446	0.717397862614761	1436.000394809196
816.6494872325205	215.84201382536457	0.7185046745898624	1437.000394809196
818.2421715691902	216.5610723817328	0.7196126285405005	1438.000394809196
819.8376077108378	217.28123946336336	0.7207217252443615	1439.000394809196
821.435799062451	218.00251621339842	0.721831965479133	1440.000394809196
823.0367490313497	218.7249037757578	0.7229433500225015	1441.000394809196
824.6404610271874	219.44840329513886	0.7240558796521543	1442.000394809196
826.2469384619501	220.1730159170168	0.7251695551457782	1443.000394809196
827.8561847499575	220.89874278764432	0.7262843772810601	1444.000394809196
829.4682033078616	221.62558505405198	0.7274003468356869	1445.000394809196
831.082997554648	222.353543864048	0.7285174645873456	1446.000394809196
832.7005709116356	223.08262036621824	0.7296357313137231	1447.000394809196
834.3209268024754	223.81281570992633	0.7307551477925063	1448.000394809196
835.9440686531522	224.5441310453133	0.7318757148013822	1449.000394809196
837.5699998919836	225.27656752329838	0.7329974331180378	1450.000394809196
839.1987239496209	226.010126295578	0.73412030352016	1451.000394809196
840.8302442590475	226.74480851462636	0.7352443267854355	1452.000394809196
842.4645642555805	227.48061533369577	0.7363695036915516	1453.000394809196
844.1016873768697	228.21754790681558	0.737495835016195	1454.000394809196
845.7416170628977	228.95560738879348	0.7386233215370526	1455.000394809196
847.3843567559812	229.69479493521425	0.7397519640318115	1456.000394809196
849.0299099007694	230.43511170244096	0.7408817632781586	1457.000394809196
850.6782799442443	231.17655884761388	0.7420127200537809	1458.000394809196
852.3294703357207	231.9191375286508	0.743144835136365	1459.000394809196
853.9834845268475	232.66284890424808	0.7442781093035984	1460.000394809196
855.6403259716055	233.40769413387875	0.7454125433331673	1461.000394809196
857.2999981263098	234.15367437779446	0.7465481380027592	1462.000394809196
858.9625044496076	234.90079079702372	0.7476848940900611	1463.000394809196
860.6278484024792	235.64904455337293	0.7488228123727594	1464.000394809196
862.2960334482386	236.3984368094268	0.7499618936285415	1465.000394809196
863.9670630525325	237.14896872854695	0.7511021386350942	1466.000394809196
865.6409406833407	237.90064147487317	0.7522435481701044	1467.000394809196
867.317669810975	238.6534562133225	0.7533861230112588	1468.000394809196
868.9972539080825	239.4074141095903	0.754529863936245	1469.000394809196
870.6796964496419	240.16251633014895	0.7556747717227494	1470.000394809196
872.3650009129643	240.91876404224882	0.7568208471484589	1471.000394809196
874.0531707776959	241.6761584139182	0.7579680909910607	1472.000394809196
875.7442095258141	242.43470061396243	0.7591165040282416	1473.000394809196
877.43812064163	243.1943918119654	0.7602660870376885	1474.000394809196
879.1349076117883	243.95523317828793	0.7614168407970885	1475.000394809196
880.8345739252661	244.71722588406874	0.7625687660841284	1476.000394809196
882.5371230733738	245.4803711012246	0.7637218636764952	1477.000394809196
884.2425585497547	246.24467000244942	0.7648761343518757	1478.000394809196
885.950883850385	247.01012376121523	0.766031578887957	1479.000394809196
887.6621024735746	247.77673355177137	0.767188198062426	1480.000394809196
889.3762179199659	248.54450054914537	0.7683459926529694	1481.000394809196
891.0932336925351	249.31342592914206	0.7695049634372748	1482.000394809196
892.81315329659	250.0835108683438	0.7706651111930283	1483.000394809196
894.535980239773	250.8547565441111	0.7718264366979173	1484.000394809196
896.2617180320588	251.62716413458185	0.7729889407296285	1485.000394809196
897.9903701857552	252.40073481867182	0.7741526240658492	1486.000394809196
899.7219402155032	253.1754697760744	0.7753174874842661	1487.000394809196
901.4564316382767	253.95137018726035	0.776483531762566	1488.000394809196
903.1938479733833	254.72843723347867	0.7776507576784362	1489.000394809196
904.9341927424621	255.5066720967556	0.7788191660095631	1490.000394809196
906.6774694694876	256.2860759598954	0.7799887575336343	1491.000394809196
908.4236816807652	257.0666500064797	0.7811595330283362	1492.000394809196
910.1728329049342	257.8483954208682	0.782331493271356	1493.000394809196
911.9249266729673	258.6313133881979	0.7835046390403806	1494.000394809196
913.6799665181701	259.41540509438346	0.7846789711130968	1495.000394809196
915.4379559761802	260.20067172611783	0.7858544902671916	1496.000394809196
917.1988985849706	260.9871144708709	0.7870311972803521	1497.000394809196
918.9627978848446	261.7747345168907	0.788209092930265	1498.000394809196
920.7296574184404	262.563533053203	0.7893881779946175	1499.000394809196
922.4994807307288	263.35351126961064	0.7905684532510961	1500.000394809196
924.2722713690139	264.1446703566951	0.7917499194773883	1501.000394809196
926.0480328829318	264.93701150581467	0.7929325774511805	1502.000394809196
927.8267688244532	265.7305359091058	0.79411642795016	1503.000394809196
929.6084827478804	266.52524475948263	0.7953014717520135	1504.000394809196
931.3931782098498	267.3211392506367	0.796487709634428	1505.000394809196
933.1808587693307	268.11822057703756	0.7976751423750907	1506.000394809196
934.9715279876251	268.9164899339322	0.7988637707516882	1507.000394809196
936.765189428368	269.7159485173455	0.8000535955419077	1508.000394809196
938.5618466575282	270.5165975240797	0.8012446175234358	1509.000394809196
940.3615032434062	271.3184381517153	0.8024368374739597	1510.000394809196
942.1641627566378	272.12147159860996	0.8036302561711662	1511.000394809196
943.9698287701892	272.92569906389906	0.8048248743927424	1512.000394809196
945.778504859361	273.7311217474961	0.806020692916375	1513.000394809196
947.5901946017875	274.53774085009167	0.807217712519751	1514.000394809196
949.404901577435	275.34555757315474	0.8084159339805577	1515.000394809196
951.2226293686031	276.1545731189313	0.8096153580764816	1516.000394809196
953.0433815599251	276.96478869044535	0.8108159855852097	1517.000394809196
954.8671617383662	277.77620549149856	0.812017817284429	1518.000394809196
956.6939734932255	278.5888247266701	0.8132208539518264	1519.000394809196
958.5238204161352	279.4026476013174	0.814425096365089	1520.000394809196
960.3567061010602	280.21767532157486	0.8156305453019035	1521.000394809196
962.1926341442982	281.03390909435507	0.816837201539957	1522.000394809196
964.0316081444809	281.8513501273478	0.8180450658569363	1523.000394809196
965.8736317025721	282.669999629021	0.8192541390305283	1524.000394809196
967.7187084218695	283.4898588086203	0.8204644218384203	1525.000394809196
969.5668419080031	284.31092887616853	0.821675915058299	1526.000394809196
971.4180357689359	285.13321104246677	0.8228886194678511	1527.000394809196
973.2722936149655	285.9567065190935	0.824102535844764	1528.000394809196
975.1296190587203	286.7814165184047	0.8253176649667242	1529.000394809196
976.9900157151634	287.6073422535345	0.8265340076114188	1530.000394809196
978.8534872015905	288.4344849383943	0.827751564556535	1531.000394809196
980.7200371376296	289.26284578767354	0.8289703365797592	1532.000394809196
982.5896691452432	290.092426016839	0.8301903244587787	1533.000394809196
984.4623868487258	290.92322684213553	0.8314115289712805	1534.000394809196
986.3381938747056	291.7552494805854	0.8326339508949513	1535.000394809196
988.217093852143	292.58849514998843	0.8338575910074781	1536.000394809196
990.0990904123324	293.4229650689226	0.8350824500865479	1537.000394809196
991.9841871889005	294.25866045674286	0.8363085289098475	1538.000394809196
993.8723878178079	295.0955825335828	0.837535828255064	1539.000394809196
995.7636959373474	295.93373252035303	0.8387643488998845	1540.000394809196
997.6581151881455	296.7731116387418	0.8399940916219955	1541.000394809196
999.5556492131609	297.61372111121534	0.841225057199084	1542.000394809196
1001.4563016576867	298.4555621610174	0.8424572464088373	1543.000394809196
1003.360076169348	299.29863601216977	0.843690660028942	1544.000394809196
1005.2669763981036	300.14294388947144	0.8449252988370853	1545.000394809196
1007.1770059962442	300.98848701849914	0.8461611636109538	1546.000394809196
1009.0901686183954	301.8352666256078	0.8473982551282349	1547.000394809196
1011.0064679215142	302.6832839379292	0.848636574166615	1548.000394809196
1012.9259075648915	303.5325401833739	0.8498761215037813	1549.000394809196
1014.8484912101513	304.383036590629	0.8511168979174206	1550.000394809196
1016.7742225212502	305.2347743891601	0.8523589041852203	1551.000394809196
1018.7031051644782	306.0877548092101	0.8536021410848669	1552.000394809196
1020.6351428084581	306.94197908179956	0.8548466093940472	1553.000394809196
1022.5703391241461	307.7974484387274	0.8560923098904485	1554.000394809196
1024.5086977848316	308.6541641125689	0.8573392433517576	1555.000394809196
1026.4502224661362	309.5121273366782	0.8585874105556615	1556.000394809196
1028.3949168460151	310.37133934518704	0.859836812279847	1557.000394809196
1030.3427846047573	311.2318013730039	0.8610874493020011	1558.000394809196
1032.2938294249836	312.09351465581625	0.8623393223998108	1559.000394809196
1034.2480549916481	312.95648043008805	0.8635924323509628	1560.000394809196
1036.2054649920387	313.82069993306175	0.8648467799331444	1561.000394809196
1038.1660631157752	314.6861744027571	0.8661023659240421	1562.000394809196
1040.1298530548124	315.552905077972	0.8673591911013433	1563.000394809196
1042.0968385034364	316.42089319828136	0.8686172562427348	1564.000394809196
1044.0670231582667	317.290140004038	0.8698765621259033	1565.000394809196
1046.0404107182558	318.160646736373	0.8711371095285357	1566.000394809196
1048.0170048846903	319.0324146371941	0.8723988992283194	1567.000394809196
1049.9968093611885	319.90544494918777	0.873661932002941	1568.000394809196
1051.9798278537025	320.77973891581763	0.8749262086300873	1569.000394809196
1053.9660640705172	321.65529778132475	0.8761917298874455	1570.000394809196
1055.955521722251	322.5321227907284	0.8774584965527027	1571.000394809196
1057.9482045218544	323.41021518982524	0.8787265094035452	1572.000394809196
1059.9441161846125	324.28957622519	0.8799957692176608	1573.000394809196
1061.9432604281415	325.1702071441743	0.8812662767727355	1574.000394809196
1063.9456409723925	326.0521091949083	0.8825380328464569	1575.000394809196
1065.9512615396488	326.93528362629934	0.8838110382165119	1576.000394809196
1067.9601258545263	327.8197316880326	0.8850852936605871	1577.000394809196
1069.9722376439747	328.7054546305711	0.8863607999563694	1578.000394809196
1071.9876006372767	329.59245370515515	0.8876375578815461	1579.000394809196
1074.0062185660481	330.4807301638033	0.8889155682138041	1580.000394809196
1076.0280951642374	331.3702852593111	0.8901948317308302	1581.000394809196
1078.0532341681258	332.26112024525236	0.8914753492103111	1582.000394809196
1080.0816393163288	333.1532363759785	0.8927571214299342	1583.000394809196
1082.113314349794	334.04663490661807	0.8940401491673862	1584.000394809196
1084.1482630118023	334.9413170930784	0.895324433200354	1585.000394809196
1086.1864890479678	335.83728419204317	0.8966099743065246	1586.000394809196
1088.2279962062373	336.734537460975	0.897896773263585	1587.000394809196
1090.2727882368913	337.63307815811334	0.8991848308492219	1588.000394809196
1092.3208688925422	338.5329075424756	0.9004741478411225	1589.000394809196
1094.372241928137	339.43402687385685	0.9017647250169736	1590.000394809196
1096.4269111009546	340.3364374128299	0.903056563154462	1591.000394809196
1098.4848801706073	341.2401404207455	0.9043496630312748	1592.000394809196
1100.5461528990406	342.1451371597317	0.9056440254250991	1593.000394809196
1102.6107330505333	343.051428892694	0.9069396511136216	1594.000394809196
1104.6786243916965	343.9590168833163	0.9082365408745294	1595.000394809196
1106.7498306914745	344.8679023960598	0.9095346954855091	1596.000394809196
1108.8243557211463	345.77808669616326	0.9108341157242481	1597.000394809196
1110.9022032543205	346.6895710496435	0.912134802368433	1598.000394809196
1112.9833770669425	347.6023567232946	0.9134367561957508	1599.000394809196
1115.0678809372885	348.5164449846885	0.9147399779838885	1600.000394809196
1117.1557186459686	349.4318371021751	0.9160444685105331	1601.000394809196
1119.2468939759258	350.34853434488167	0.9173502285533714	1602.000394809196
1121.3414107124356	351.2665379827131	0.9186572588900902	1603.000394809196
1123.4392726431072	352.1858492863524	0.9199655602983767	1604.000394809196
1125.5404835578834	353.1064695272597	0.921275133555918	1605.000394809196
1127.6450472490392	354.0283999776731	0.9225859794404007	1606.000394809196
1129.752967511182	354.95164191060866	0.9238980987295116	1607.000394809196
1131.864248141254	355.87619659985955	0.925211492200938	1608.000394809196
1133.9788929385295	356.8020653199972	0.9265261606323667	1609.000394809196
1136.0969057046157	357.72924934637035	0.9278421048014847	1610.000394809196
1138.2182902434527	358.65774995510526	0.9291593254859786	1611.000394809196
1140.3430503613147	359.5875684231066	0.9304778234635358	1612.000394809196
1142.4711898668077	360.51870602805593	0.9317975995118428	1613.000394809196
1144.602712570872	361.4511640484131	0.933118654408587	1614.000394809196
1146.73762228678	362.3849437634151	0.9344409889314549	1615.000394809196
1148.8759228301378	363.3200464530772	0.9357646038581338	1616.000394809196
1151.017618018884	364.256473398192	0.9370894999663104	1617.000394809196
1153.1627116732905	365.19422588032955	0.9384156780336717	1618.000394809196
1155.3112076159625	366.1333051818382	0.9397431388379047	1619.000394809196
1157.4631096718379	367.0737125858435	0.9410718831566962	1620.000394809196
1159.6184216681877	368.0154493762491	0.9424019117677332	1621.000394809196
1161.7771474346164	368.9585168377358	0.9437332254487028	1622.000394809196
1163.9392908030604	369.9029162557623	0.9450658249772915	1623.000394809196
1166.1048556077913	370.84864891656537	0.9463997111311868	1624.000394809196
1168.2738456854113	371.79571610715897	0.9477348846880753	1625.000394809196
1170.4462648748568	372.74411911533514	0.9490713464256438	1626.000394809196
1172.6221170173983	373.693859229663	0.9504090971215795	1627.000394809196
1174.8014059566374	374.6449377394903	0.9517481375535694	1628.000394809196
1176.9841355385106	375.59735593494145	0.9530884684993003	1629.000394809196
1179.1703096112851	376.5511151069193	0.9544300907364587	1630.000394809196
1181.359932025564	377.50621654710415	0.9557730050427323	1631.000394809196
1183.5530066342815	378.4626615479537	0.9571172121958076	1632.000394809196
1185.749537292705	379.42045140270386	0.9584627129733717	1633.000394809196
1187.9495278584366	380.379587405368	0.9598095081531116	1634.000394809196
1190.1529821914091	381.3400708507367	0.9611575985127139	1635.000394809196
1192.35990415389	382.30190303437917	0.9625069848298657	1636.000394809196
1194.5702976104797	383.26508525264154	0.9638576678822541	1637.000394809196
1196.78416642811	384.229618802648	0.9652096484475658	1638.000394809196
1199.0015144760487	385.1955049823001	0.9665629273034878	1639.000394809196
1201.2223456258941	386.1627450902777	0.9679175052277071	1640.000394809196
1203.4466637515789	387.1313404260377	0.9692733829979109	1641.000394809196
1205.6744727293685	388.1012922898148	0.9706305613917854	1642.000394809196
1207.9057764378613	389.0726019826217	0.9719890411870182	1643.000394809196
1210.1405787579888	390.04527080624837	0.9733488231612961	1644.000394809196
1212.3788835730152	391.0193000632631	0.9747099080923058	1645.000394809196
1214.6206947685382	391.9946910570113	0.9760722967577344	1646.000394809196
1216.8660162324888	392.971445091616	0.9774359899352687	1647.000394809196
1219.114851855131	393.9495634719784	0.9788009884025961	1648.000394809196
1221.3672055290617	394.9290475037768	0.980167292937403	1649.000394809196
1223.6230811492096	395.9098984934681	0.9815349043173767	1650.000394809196
1225.8824826128384	396.8921177482862	0.9829038233202037	1651.000394809196
1228.1454138195443	397.8757065762422	0.9842740507235712	1652.000394809196
1230.4118786712556	398.86066628612605	0.9856455873051662	1653.000394809196
1232.6818810722355	399.84699818750437	0.9870184338426756	1654.000394809196
1234.9554249290782	400.83470359072254	0.9883925911137863	1655.000394809196
1237.2325141507122	401.8237838069024	0.989768059896185	1656.000394809196
1239.5131526483988	402.81424014794453	0.9911448409675592	1657.000394809196
1241.7973443357328	403.80607392652655	0.9925229351055954	1658.000394809196
1244.085093128641	404.7992864561037	0.9939023430879805	1659.000394809196
1246.3764029453844	405.79387905090977	0.9952830656924019	1660.000394809196
1248.6712777065557	406.78985302595515	0.9966651036965458	1661.000394809196
1250.9697213350823	407.7872096970287	0.9980484578780997	1662.000394809196
1253.2717377562235	408.7859503806966	0.9994331290147505	1663.000394809196
1255.5773308975727	409.7860763943024	1.000819117884185	1664.000394809196
1257.8865046890548	410.7875890559682	1.00220642526409	1665.000394809196
1260.1992630629286	411.79048968459324	1.0035950519321526	1666.000394809196
1262.5156099537862	412.7947795998546	1.0049849986660597	1667.000394809196
1264.8355492985534	413.8004601222064	1.0063762662434985	1668.000394809196
1267.1590850364873	414.8075325728819	1.0077688554421556	1669.000394809196
1269.486221109179	415.81599827389056	1.0091627670397179	1670.000394809196
1271.8169614605526	416.82585854802016	1.0105580018138722	1671.000394809196
1274.1513100368657	417.8371147188365	1.0119545605423061	1672.000394809196
1276.4892707867084	418.8497681106821	1.013352444002706	1673.000394809196
1278.8308476610046	419.86382004867835	1.0147516529727592	1674.000394809196
1281.1760446130102	420.8792718587235	1.0161521882301523	1675.000394809196
1283.5248655983132	421.89612486749365	1.017554050552572	1676.000394809196
1285.8773145748387	422.9143804024429	1.0189572407177059	1677.000394809196
1288.2333955028407	423.9340397918025	1.0203617595032404	1678.000394809196
1290.5931123449081	424.9551043645821	1.0217676076868627	1679.000394809196
1292.9564690659631	425.97757545056805	1.0231747860462599	1680.000394809196
1295.3234696332593	427.00145438032564	1.0245832953591183	1681.000394809196
1297.6941180163856	428.02674248519696	1.0259931364031256	1682.000394809196
1300.0684181872625	429.05344109730146	1.0274043099559682	1683.000394809196
1302.4463741201441	430.0815515495376	1.0288168167953333	1684.000394809196
1304.8279897916173	431.1110751755802	1.0302306576989078	1685.000394809196
1307.2132691806016	432.1420133098827	1.0316458334443785	1686.000394809196
1309.6022162683503	433.1743672876756	1.0330623448094323	1687.000394809196
1311.9948350384504	434.20813844496723	1.0344801925717564	1688.000394809196
1314.3911294768207	435.2433281185441	1.0358993775090375	1689.000394809196
1316.7911035717132	436.2799376459696	1.0373199003989628	1690.000394809196
1319.1947613137136	437.31796836558544	1.0387417620192188	1691.000394809196
1321.6021066957403	438.35742161651063	1.040164963147493	1692.000394809196
1324.013143713044	439.39829873864227	1.0415895045614718	1693.000394809196
1326.4278763632108	440.4406010726548	1.0430153870388426	1694.000394809196
1328.8463086461563	441.48432996000037	1.0444426113572916	1695.000394809196
1331.2684445641335	442.52948674290906	1.0458711782945067	1696.000394809196
1333.694288121724	443.57607276438813	1.0473010886281742	1697.000394809196
1336.123843325846	444.62408936822334	1.0487323431359812	1698.000394809196
1338.5571141857488	445.67353789897754	1.0501649425956148	1699.000394809196
1340.9941047130148	446.72441970199117	1.0515988877847615	1700.000394809196
1343.4348189215611	447.77673612338276	1.053034179481109	1701.000394809196
1345.8792608276358	448.8304885100482	1.054470818462343	1702.000394809196
1348.3274344498209	449.88567820966165	1.0559088055061516	1703.000394809196
1350.779343809033	450.94230657067396	1.0573481413902215	1704.000394809196
1353.2349929285185	452.00037494231464	1.0587888268922392	1705.000394809196
1355.6943858338598	453.0598846745904	1.060230862789892	1706.000394809196
1358.157526552971	454.1208371182854	1.0616742498608667	1707.000394809196
1360.6244191160986	455.1832336249624	1.06311898888285	1708.000394809196
1363.0950675558242	456.2470755469607	1.0645650806335292	1709.000394809196
1365.5694759070611	457.3123642373983	1.0660125258905913	1710.000394809196
1368.047648207056	458.3791010501701	1.0674613254317231	1711.000394809196
1370.5295884953875	459.44728733994896	1.0689114800346113	1712.000394809196
1373.0153008139696	460.5169244621857	1.0703629904769432	1713.000394809196
1375.5047892070472	461.5880137731085	1.0718158575364054	1714.000394809196
1377.9980577211995	462.66055662972343	1.073270081990685	1715.000394809196
1380.4951104053382	463.7345543898142	1.074725664617469	1716.000394809196
1382.9959513107087	464.8100084119417	1.0761826061944444	1717.000394809196
1385.5005844908887	465.8869200554456	1.077640907499298	1718.000394809196
1388.0090140017885	466.9652906804422	1.0791005693097164	1719.000394809196
1390.5212439016536	468.0451216478262	1.0805615924033873	1720.000394809196
1393.0372782510594	469.1264143192693	1.0820239775579967	1721.000394809196
1395.5571211129184	470.2091700572216	1.0834877255512325	1722.000394809196
1398.0807765524726	471.29339022491064	1.084952837160781	1723.000394809196
1400.6082486372984	472.3790761863412	1.0864193131643294	1724.000394809196
1403.139541437305	473.4662293062965	1.0878871543395645	1725.000394809196
1405.6746590247353	474.5548509503368	1.0893563614641733	1726.000394809196
1408.2136054741652	475.6449424848005	1.0908269353158428	1727.000394809196
1410.7563848625023	476.7365052768035	1.0922988766722597	1728.000394809196
1413.3030012689894	477.8295406942392	1.0937721863111112	1729.000394809196
1415.8534587752004	478.92405010577914	1.095246865010084	1730.000394809196
1418.4077614650432	480.02003488087183	1.096722913546865	1731.000394809196
1420.9659134247595	481.1174963897446	1.0982003326991419	1732.000394809196
1423.5279187429214	482.21643600340127	1.0996791232446004	1733.000394809196
1426.093781510438	483.3168550936241	1.1011592859609285	1734.000394809196
1428.663505820548	484.4187550329727	1.1026408216258123	1735.000394809196
1431.2370957688247	485.5221371947844	1.1041237310169394	1736.000394809196
1433.8145554531752	486.6270029531745	1.1056080149119967	1737.000394809196
1436.3958889738371	487.73335368303555	1.1070936740886705	1738.000394809196
1438.9811004333837	488.84119076003833	1.1085807093246483	1739.000394809196
1441.5701939367198	489.9505155606308	1.1100691213976168	1740.000394809196
1444.1631735910846	491.0613294620384	1.1115589110852633	1741.000394809196
1446.760043506049	492.1736338422653	1.113050079165274	1742.000394809196
1449.3608077935173	493.2874300800923	1.1145426264153364	1743.000394809196
1451.9654705677276	494.40271955507865	1.1160365536131374	1744.000394809196
1454.5740359452504	495.5195036475604	1.1175318615363639	1745.000394809196
1457.186508044989	496.6377837386522	1.1190285509627027	1746.000394809196
1459.802890988181	497.7575612102462	1.120526622669841	1747.000394809196
1462.423188898395	498.87883744501147	1.1220260774354651	1748.000394809196
1465.0474059015355	500.0016138263958	1.123526916037263	1749.000394809196
1467.675546125837	501.1258917386238	1.1250291392529206	1750.000394809196
1470.3076137018695	502.2516725666987	1.1265327478601255	1751.000394809196
1472.943612762534	503.3789576964007	1.1280377426365642	1752.000394809196
1475.5835474430667	504.50774851428747	1.1295441243599238	1753.000394809196
1478.227421881035	505.63804640769536	1.1310518938078915	1754.000394809196
1480.8752402163407	506.76985276473744	1.132561051758154	1755.000394809196
1483.527006591218	507.90316897430495	1.134071598988398	1756.000394809196
1486.1827251502345	509.0379964260669	1.135583536276311	1757.000394809196
1488.8424000402897	510.17433651046935	1.1370968643995791	1758.000394809196
1491.5060354106176	511.31219061873696	1.13861158413589	1759.000394809196
1494.1736354127852	512.4515601428714	1.1401276962629305	1760.000394809196
1496.845204200692	513.5924464756522	1.1416452015583873	1761.000394809196
1499.5207459305702	514.7348510106368	1.1431641007999476	1762.000394809196
1502.2002647609856	515.8787751421601	1.144684394765298	1763.000394809196
1504.8837648528374	517.0242202653346	1.1462060842321256	1764.000394809196
1507.5712503693574	518.1711877760507	1.1477291699781174	1765.000394809196
1510.2627254761105	519.3196790709765	1.1492536527809605	1766.000394809196
1512.9581943409935	520.4696955475574	1.150779533418341	1767.000394809196
1515.6576611342393	521.6212386040172	1.152306812667947	1768.000394809196
1518.3611300284113	522.7743096393568	1.1538354913074649	1769.000394809196
1521.068605198406	523.9289100533547	1.1553655701145813	1770.000394809196
1523.780090821455	525.0850412465677	1.1568970498669837	1771.000394809196
1526.4955910771196	526.2427046203296	1.1584299313423587	1772.000394809196
1529.215110147298	527.4019015767526	1.1599642153183936	1773.000394809196
1531.9386522162188	528.5626335187259	1.1614999025727746	1774.000394809196
1534.666221470445	529.7249018499167	1.1630369938831895	1775.000394809196
1537.3978220988715	530.8887079747701	1.1645754900273246	1776.000394809196
1540.1334582927263	532.0540532985085	1.166115391782867	1777.000394809196
1542.8731342455728	533.2209392271322	1.167656699927504	1778.000394809196
1545.616854153304	534.3893671674192	1.169199415238922	1779.000394809196
1548.364622214149	535.5593385269249	1.1707435384948084	1780.000394809196
1551.116442628668	536.730854713983	1.17228907047285	1781.000394809196
1553.872319599754	537.9039171377038	1.173836011950733	1782.000394809196
1556.632257332636	539.0785272079768	1.1753843637061456	1783.000394809196
1559.396260034873	540.2546863354679	1.176934126516774	1784.000394809196
1562.1643319163577	541.4323959316214	1.1784853011603051	1785.000394809196
1564.9364771893158	542.6116574086586	1.180037888414426	1786.000394809196
1567.712700068308	543.7924721795796	1.1815918890568238	1787.000394809196
1570.493004770226	544.974841658161	1.1831473038651852	1788.000394809196
1573.2773955142936	546.1587672589579	1.1847041336171968	1789.000394809196
1576.065876522072	547.3442503973026	1.1862623790905464	1790.000394809196
1578.85845201745	548.5312924893053	1.1878220410629203	1791.000394809196
1581.6551262266535	549.7198949518539	1.1893831203120055	1792.000394809196
1584.4559033782398	550.9100592026141	1.1909456176154893	1793.000394809196
1587.2607877030998	552.1017866600289	1.1925095337510583	1794.000394809196
1590.069783434456	553.2950787433196	1.1940748694963992	1795.000394809196
1592.8828948078672	554.4899368724841	1.1956416256291995	1796.000394809196
1595.700126061221	555.6863624682996	1.1972098029271458	1797.000394809196
1598.521481434742	556.8843569523194	1.1987794021679252	1798.000394809196
1601.3469651709852	558.0839217468756	1.2003504241292244	1799.000394809196
1604.1765815148392	559.2850582750774	1.2019228695887305	1800.000394809196
1607.0103347135273	560.4877679608117	1.2034967393241305	1801.000394809196
1609.8482290166037	561.6920522287435	1.2050720341131111	1802.000394809196
1612.690268675957	562.897912504315	1.2066487547333595	1803.000394809196
1615.5364579458083	564.1053502137465	1.2082269019625627	1804.000394809196
1618.3868010827114	565.3143667840358	1.2098064765784071	1805.000394809196
1621.2413023455547	566.524963642958	1.2113874793585802	1806.000394809196
1624.0999659955576	567.737142219067	1.2129699110807688	1807.000394809196
1626.9627962962736	568.9509039416928	1.2145537725226594	1808.000394809196
1629.8297975135902	570.1662502409447	1.2161390644619394	1809.000394809196
1632.700973915726	571.3831825477084	1.217725787676296	1810.000394809196
1635.5763297732346	572.6017022936483	1.2193139429434154	1811.000394809196
1638.4558693590006	573.8218109112055	1.2209035310409848	1812.000394809196
1641.3395969482435	575.0435098335995	1.2224945527466915	1813.000394809196
1644.2275168185151	576.2668004948275	1.224087008838222	1814.000394809196
1647.1196332497002	577.4916843296637	1.2256809000932636	1815.000394809196
1650.0159505240165	578.7181627736609	1.2272762272895028	1816.000394809196
1652.9164729260156	579.9462372631492	1.228872991204627	1817.000394809196
1655.8212047425814	581.1759092352358	1.2304711926163228	1818.000394809196
1658.7301502629302	582.4071801278064	1.232070832302277	1819.000394809196
1661.6433137786134	583.6400513795243	1.2336719110401773	1820.000394809196
1664.560699583514	584.87452442983	1.2352744296077098	1821.000394809196
1667.4823119738476	586.1106007189422	1.2368783887825618	1822.000394809196
1670.4081552481643	587.3482816878568	1.23848378934242	1823.000394809196
1673.338233707346	588.587568778348	1.2400906320649718	1824.000394809196
1676.272551654609	589.8284634329668	1.2416989177279039	1825.000394809196
1679.2111133955007	591.070967095043	1.2433086471089028	1826.000394809196
1682.1539232379037	592.3150812086833	1.2449198209856558	1827.000394809196
1685.1009854920328	593.5608072187721	1.2465324401358504	1828.000394809196
1688.052304470435	594.808146570972	1.2481465053371728	1829.000394809196
1691.007884487991	596.0571007117228	1.2497620173673099	1830.000394809196
1693.967729861916	597.3076710882422	1.251378977003949	1831.000394809196
1696.9318449117554	598.5598591485253	1.2529973850247766	1832.000394809196
1699.9002339593908	599.8136663413457	1.2546172422074804	1833.000394809196
1702.8729013290338	601.0690941162536	1.2562385493297468	1834.000394809196
1705.8498513472305	602.3261439235775	1.2578613071692626	1835.000394809196
1708.8310883428608	603.5848172144238	1.2594855165037149	1836.000394809196
1711.816616647137	604.845115440676	1.2611111781107907	1837.000394809196
1714.806440593604	606.1070400549954	1.262738292768177	1838.000394809196
1717.8005645181402	607.3705925108216	1.2643668612535606	1839.000394809196
1720.7989927589576	608.6357742623711	1.2659968843446285	1840.000394809196
1723.8017296565997	609.9025867646387	1.2676283628190677	1841.000394809196
1726.8087795539443	611.1710314733963	1.2692612974545647	1842.000394809196
1729.8201467962028	612.441109845194	1.2708956890288072	1843.000394809196
1732.8358357309185	613.7128233373594	1.2725315383194815	1844.000394809196
1735.8558507079674	614.9861734079976	1.274168846104275	1845.000394809196
1738.8801960795593	616.261161515992	1.275807613160874	1846.000394809196
1741.9088762002384	617.5377891210026	1.277447840266966	1847.000394809196
1744.9418954268797	618.8160576834682	1.279089528200238	1848.000394809196
1747.9792581186919	620.0959686646045	1.280732677738376	1849.000394809196
1751.0209686372175	621.3775235264059	1.2823772896590684	1850.000394809196
1754.0670313463315	622.660723731643	1.2840233647400012	1851.000394809196
1757.1174506122416	623.9455707438651	1.2856709037588612	1852.000394809196
1760.1722308034896	625.2320660273992	1.2873199074933357	1853.000394809196
1763.2313762909496	626.5202110473494	1.2889703767211116	1854.000394809196
1766.2948914478293	627.8100072695984	1.2906223122198761	1855.000394809196
1769.362780649668	629.1014561608056	1.2922757147673154	1856.000394809196
1772.4350482743398	630.3945591884085	1.2939305851411171	1857.000394809196
1775.511698702052	631.6893178206225	1.295586924118968	1858.000394809196
1778.592736315343	632.9857335264403	1.2972447324785548	1859.000394809196
1781.6781654990855	634.2838077756328	1.2989040109975645	1860.000394809196
1784.7679906404856	635.5835420387477	1.300564760453684	1861.000394809196
1787.8622161290825	636.8849377871115	1.3022269816246008	1862.000394809196
1790.9608463567472	638.187996492828	1.303890675288001	1863.000394809196
1794.063885717685	639.4927196287776	1.305555842221572	1864.000394809196
1797.1713386084336	640.7991086686203	1.3072224832030008	1865.000394809196
1800.2832094278647	642.1071650867923	1.3088905990099742	1866.000394809196
1803.399502577181	643.416890358508	1.310560190420179	1867.000394809196
1806.5202224599207	644.7282859597594	1.312231258211302	1868.000394809196
1809.645373481954	646.0413533673168	1.3139038031610308	1869.000394809196
1812.7749600514833	647.3560940587272	1.3155778260470516	1870.000394809196
1815.9089865790456	648.6725095123156	1.317253327647052	1871.000394809196
1819.0474574775108	649.9906012071849	1.3189303087387185	1872.000394809196
1822.19037716208	651.3103706232159	1.320608770099738	1873.000394809196
1825.3377500502893	652.631819241067	1.3222887125077976	1874.000394809196
1828.4895805620072	653.9549485421734	1.3239701367405843	1875.000394809196
1831.645873119436	655.2797600087488	1.325653043575785	1876.000394809196
1834.8066321471097	656.6062551237849	1.3273374337910864	1877.000394809196
1837.971862071895	657.9344353710502	1.3290233081641756	1878.000394809196
1841.141567322995	659.2643022350917	1.3307106674727396	1879.000394809196
1844.3157523319414	660.5958572012335	1.3323995124944652	1880.000394809196
1847.4944215326025	661.9291017555777	1.3340898440070394	1881.000394809196
1850.6775793611778	663.2640373850038	1.3357816627881494	1882.000394809196
1853.8652302562	664.6006655771693	1.3374749696154815	1883.000394809196
1857.0573786585358	665.9389878205093	1.3391697652667234	1884.000394809196
1860.2540290113839	667.2790056042367	1.3408660505195613	1885.000394809196
1863.4551857602767	668.6207204183415	1.3425638261516828	1886.000394809196
1866.66085335308	669.9641337535925	1.3442630929407746	1887.000394809196
1869.871036239991	671.3092471015347	1.3459638516645231	1888.000394809196
1873.0857388735421	672.6560619544921	1.347666103100616	1889.000394809196
1876.3049657085976	674.004579805566	1.34936984802674	1890.000394809196
1879.528721202355	675.3548021486348	1.351075087220582	1891.000394809196
1882.7570098143435	676.7067304783554	1.3527818214598286	1892.000394809196
1885.9898360064285	678.0603662901622	1.3544900515221672	1893.000394809196
1889.2272042428062	679.4157110802669	1.3561997781852846	1894.000394809196
1892.4691189900063	680.7727663456589	1.3579110022268674	1895.000394809196
1895.7155847168915	682.1315335841059	1.3596237244246032	1896.000394809196
1898.9666058946575	683.4920142941528	1.3613379455561785	1897.000394809196
1902.2221869968337	684.8542099751221	1.36305366639928	1898.000394809196
1905.4823324992822	686.2181221271144	1.3647708877315954	1899.000394809196
1908.7470468801978	687.5837522510076	1.366489610330811	1900.000394809196
1912.0163346201084	688.9511018484576	1.368209834974614	1901.000394809196
1915.2902002018755	690.3201724218975	1.369931562440691	1902.000394809196
1918.5686481106932	691.6909654745389	1.3716547935067294	1903.000394809196
1921.8516828340892	693.0634825103705	1.3733795289504158	1904.000394809196
1925.1393088619232	694.4377250341582	1.3751057695494373	1905.000394809196
1928.431530686389	695.8136945514468	1.3768335160814806	1906.000394809196
1931.7283528020134	697.1913925685581	1.3785627693242333	1907.000394809196
1935.029779705655	698.5708205925914	1.3802935300553814	1908.000394809196
1938.3358158965075	699.9519801314241	1.3820257990526124	1909.000394809196
1941.646465876096	701.3348726937113	1.3837595770936133	1910.000394809196
1944.9617341482794	702.7194997888852	1.3854948649560708	1911.000394809196
1948.2816252192495	704.1058629271563	1.3872316634176718	1912.000394809196
1951.6061435975312	705.4939636195129	1.3889699732561034	1913.000394809196
1954.935293793982	706.8838033777201	1.3907097952490524	1914.000394809196
1958.2690803217938	708.2753837143217	1.392451130174206	1915.000394809196
1961.6075076964894	709.6687061426385	1.3941939788092508	1916.000394809196
1964.9505804359273	711.0637721767694	1.3959383419318738	1917.000394809196
1968.2983030602961	712.4605833315908	1.397684220319762	1918.000394809196
1971.6506800921202	713.8591411227565	1.3994316147506023	1919.000394809196
1975.0077160562553	715.2594470666988	1.4011805260020818	1920.000394809196
1978.3694154798904	716.6615026806268	1.4029309548518871	1921.000394809196
1981.7357828925497	718.0653094825279	1.4046829020777056	1922.000394809196
1985.106822826087	719.4708689911669	1.406436368457224	1923.000394809196
1988.482539814691	720.8781827260862	1.4081913547681293	1924.000394809196
1991.8629383948842	722.2872522076061	1.4099478617881083	1925.000394809196
1995.2480231055195	723.6980789568245	1.4117058902948476	1926.000394809196
1998.6377984877865	725.1106644956171	1.413465441066035	1927.000394809196
2002.0322690852045	726.5250103466375	1.4152265148793568	1928.000394809196
2005.4314394436287	727.9411180333159	1.4169891125125	1929.000394809196
2008.8353141112452	729.3589890798617	1.4187532347431517	1930.000394809196
2012.2438976385738	730.7786250112605	1.4205188823489987	1931.000394809196
2015.6571945784679	732.2000273532772	1.422286056107728	1932.000394809196
2019.0752094861127	733.6231976324528	1.4240547567970265	1933.000394809196
2022.4979469190293	735.0481373761072	1.4258249851945815	1934.000394809196
2025.9254114370679	736.4748481123374	1.4275967420780793	1935.000394809196
2029.3576076024149	737.9033313700179	1.429370028225207	1936.000394809196
2032.7945399795879	739.3335886788016	1.431144844413652	1937.000394809196
2036.2362131354384	740.7656215691183	1.4329211914211006	1938.000394809196
2039.6826316391514	742.1994315721761	1.4346990700252404	1939.000394809196
2043.1338000622445	743.6350202199603	1.436478481003758	1940.000394809196
2046.589722978567	745.0723890452342	1.43825942513434	1941.000394809196
2050.0504049643037	746.511539581539	1.4400419031946738	1942.000394809196
2053.5158505979707	747.9524733631927	1.441825915962446	1943.000394809196
2056.9860644604178	749.3951919252922	1.443611464215344	1944.000394809196
2060.4610511348283	750.8396968037109	1.4453985487310541	1945.000394809196
2063.940815206718	752.285989535101	1.4471871702872638	1946.000394809196
2067.425361263935	753.7340716568917	1.4489773296616602	1947.000394809196
2070.914693896662	755.1839447072897	1.4507690276319292	1948.000394809196
2074.4088176974137	756.6356102252801	1.4525622649757588	1949.000394809196
2077.9077372610386	758.089069750625	1.4543570424708354	1950.000394809196
2081.411457184718	759.5443248238646	1.456153360894846	1951.000394809196
2084.919982067965	761.0013769863169	1.4579512210254777	1952.000394809196
2088.433316512628	762.460227780077	1.4597506236404172	1953.000394809196
2091.9514651228874	763.9208787480183	1.461551569517352	1954.000394809196
2095.474432505255	765.3833314337915	1.4633540594339678	1955.000394809196
2099.00222326858	766.8475873818254	1.465158094167953	1956.000394809196
2102.5348420240393	768.313648137326	1.4669636744969938	1957.000394809196
2106.0722933851475	769.781515246277	1.468770801198777	1958.000394809196
2109.6145819677486	771.2511902554402	1.4705794750509897	1959.000394809196
2113.1617123900232	772.722674712355	1.4723896968313193	1960.000394809196
2116.713689272481	774.1959701653383	1.474201467317452	1961.000394809196
2120.2705172379674	775.6710781634843	1.4760147872870748	1962.000394809196
2123.832200911662	777.1480002566659	1.4778296575178753	1963.000394809196
2127.3987449210736	778.6267379955331	1.4796460787875398	1964.000394809196
2130.970153896048	780.107292931513	1.4814640518737556	1965.000394809196
2134.54643246876	781.5896666168119	1.4832835775542095	1966.000394809196
2138.1275852737226	783.0738606044124	1.4851046566065884	1967.000394809196
2141.7136169477767	784.559876448075	1.4869272898085792	1968.000394809196
2145.304532130099	786.0477157023388	1.4887514779378688	1969.000394809196
2148.9003354622	787.5373799225192	1.4905772217721445	1970.000394809196
2152.501031587921	789.0288706647106	1.4924045220890927	1971.000394809196
2156.106625153437	790.5221894857841	1.4942333796664007	1972.000394809196
2159.717120807258	792.0173379433893	1.4960637952817553	1973.000394809196
2163.3325232002244	793.5143175959528	1.4978957697128434	1974.000394809196
2166.952836985512	795.0131300026792	1.4997293037373522	1975.000394809196
2170.5780668186267	796.5137767235512	1.5015643981329683	1976.000394809196
2174.208217357411	798.0162593193284	1.5034010536773788	1977.000394809196
2177.843293262037	799.5205793515482	1.5052392711482707	1978.000394809196
2181.4832991950134	801.026738382526	1.5070790513233305	1979.000394809196
2185.1282398211797	802.5347379753555	1.5089203949802459	1980.000394809196
2188.7781198077078	804.0445796939067	1.5107633028967034	1981.000394809196
2192.432943824104	805.5562651028279	1.5126077758503895	1982.000394809196
2196.092716542208	807.0697957675457	1.514453814618992	1983.000394809196
2199.7574426361925	808.5851732542634	1.5163014199801972	1984.000394809196
2203.4271267825616	810.1023991299628	1.5181505927116925	1985.000394809196
2207.1017736601543	811.6214749624028	1.5200013335911644	1986.000394809196
2210.781387950141	813.1424023201205	1.5218536433963001	1987.000394809196
2214.465974336028	814.6651827724297	1.5237075229047865	1988.000394809196
2218.1555375036505	816.1898178894235	1.5255629728943103	1989.000394809196
2221.850082141181	817.7163092419717	1.527419994142559	1990.000394809196
2225.5496129391213	819.2446584017208	1.5292785874272188	1991.000394809196
2229.2541345903096	820.7748669410971	1.531138753525977	1992.000394809196
2232.963651789915	822.3069364333035	1.5330004932165207	1993.000394809196
2236.67816923544	823.84086845232	1.5348638072765366	1994.000394809196
2240.3976916267206	825.3766645729056	1.536728696483712	1995.000394809196
2244.122223665926	826.9143263705957	1.538595161615733	1996.000394809196
2247.851770057559	828.4538554217047	1.5404632034502876	1997.000394809196
2251.586335508452	829.9952533033229	1.5423328227650617	1998.000394809196
2255.3259247277756	831.5385215933204	1.5442040203377432	1999.000394809196
2259.07054242703	833.0836618703438	1.5460767969460185	2000.000394809196
2262.8201933200494	834.6306757138169	1.5479511533675743	2001.000394809196
2266.574882123001	836.1795647039426	1.549827090380098	2002.000394809196
2270.3346135543857	837.7303304217003	1.5517046087612765	2003.000394809196
2274.099392335036	839.2829744488473	1.5535837092887965	2004.000394809196
2277.8692231881187	840.8374983679189	1.555464392740345	2005.000394809196
2281.6441108391336	842.3939037622285	1.557346659893609	2006.000394809196
2285.4240600159137	843.9521922158663	1.5592305115262757	2007.000394809196
2289.2090754486226	845.5123653137	1.5611159484160313	2008.000394809196
2292.9991618697622	847.0744246413765	1.5630029713405635	2009.000394809196
2296.794324014162	848.6383717853189	1.5648915810775592	2010.000394809196
2300.594566618987	850.2042083327282	1.5667817784047047	2011.000394809196
2304.399894423735	851.771935871584	1.5686735640996872	2012.000394809196
2308.2103121702376	853.3415559906427	1.5705669389401937	2013.000394809196
2312.0258246026588	854.913070279439	1.5724619037039116	2014.000394809196
2315.846436467495	856.4864803282842	1.5743584591685271	2015.000394809196
2319.672152513577	858.0617877282687	1.5762566061117276	2016.000394809196
2323.502977492068	859.6389940712598	1.5781563453112	2017.000394809196
2327.3389161564637	861.2181009499022	1.5800576775446307	2018.000394809196
2331.179973262593	862.7991099576195	1.5819606035897071	2019.000394809196
2335.02615356862	864.3820226886116	1.5838651242241162	2020.000394809196
2338.8774618350376	865.9668407378568	1.5857712402255448	2021.000394809196
2342.733902824677	867.553565701111	1.58767895237168	2022.000394809196
2346.5954813026965	869.1421991749078	1.5895882614402082	2023.000394809196
2350.462202036595	870.7327427565582	1.5914991682088173	2024.000394809196
2354.3340697961967	872.3251980441512	1.593411673455193	2025.000394809196
2358.211089353663	873.9195666365538	1.5953257779570233	2026.000394809196
2362.0932654834887	875.5158501334096	1.5972414824919947	2027.000394809196
2365.9806029625006	877.1140501351413	1.5991587878377942	2028.000394809196
2369.8731065698576	878.7141682429481	1.6010776947721086	2029.000394809196
2373.7707810870534	880.3162060588077	1.602998204072625	2030.000394809196
2377.6736312979137	881.9201651854745	1.6049203165170303	2031.000394809196
2381.5816619885973	883.5260472264822	1.6068440328830111	2032.000394809196
2385.494877947597	885.1338537861404	1.608769353948255	2033.000394809196
2389.4132839657377	886.7435864695377	1.6106962804904483	2034.000394809196
2393.336884836178	888.3552468825394	1.6126248132872785	2035.000394809196
2397.2656853544086	889.9688366317898	1.6145549531164318	2036.000394809196
2401.1996903182544	891.584357324709	1.6164867007555959	2037.000394809196
2405.138904527873	893.2018105694965	1.6184200569824574	2038.000394809196
2409.0833327857545	894.821197975129	1.620355022574703	2039.000394809196
2413.0329798967227	896.4425211513606	1.6222915983100203	2040.000394809196
2416.9878506679333	898.0657817087227	1.6242297849660954	2041.000394809196
2420.9479499088775	899.6909812585257	1.6261695833206156	2042.000394809196
2424.913282431378	901.318121412856	1.6281109941512684	2043.000394809196
2428.883853049589	902.9472037845791	1.6300540182357397	2044.000394809196
2432.859666580001	904.5782299873379	1.6319986563517173	2045.000394809196
2436.8407278414356	906.2112016355525	1.6339449092768876	2046.000394809196
2440.8270416550477	907.8461203444207	1.635892777788938	2047.000394809196
2444.818612844326	909.4829877299187	1.637842262665555	2048.000394809196
2448.81544623509	911.1218054087999	1.6397933646844263	2049.000394809196
2452.817546655494	912.7625749985942	1.641746084623237	2050.000394809196
2456.8249189360263	914.4052981176117	1.643700423259676	2051.000394809196
2460.8375679095084	916.0499763849389	1.6456563813714298	2052.000394809196
2464.8554984110897	917.6966114204392	1.647613959736184	2053.000394809196
2468.8787152782616	919.3452048447547	1.6495731591316274	2054.000394809196
2472.9072233508396	920.9957582793049	1.6515339803354459	2055.000394809196
2476.9410274709776	922.6482733462879	1.6534964241253265	2056.000394809196
2480.980132483162	924.3027516686769	1.6554604912789563	2057.000394809196
2485.0245432342103	925.9591948702259	1.657426182574022	2058.000394809196
2489.0742645732757	927.6176045754648	1.6593934987882115	2059.000394809196
2493.1293013518425	929.2779824097014	1.6613624406992105	2060.000394809196
2497.189658423726	930.9403299990213	1.663333009084706	2061.000394809196
2501.2553406450816	932.6046489702878	1.6653052047223862	2062.000394809196
2505.3263528743896	934.2709409511431	1.6672790283899368	2063.000394809196
2509.4026999724683	935.9392075700039	1.6692544808650447	2064.000394809196
2513.484386802468	937.6094504560679	1.6712315629253975	2065.000394809196
2517.571418229873	939.2816712393092	1.6732102753486826	2066.000394809196
2521.663799122497	940.955871550479	1.6751906189125854	2067.000394809196
2525.7615343504913	942.6320530211069	1.677172594394794	2068.000394809196
2529.8646287863367	944.3102172835006	1.6791562025729951	2069.000394809196
2533.9730873048493	945.9903659707444	1.681141444224875	2070.000394809196
2538.086914783178	947.6725007167006	1.6831283201281215	2071.000394809196
2542.2061161008046	949.3566231560103	1.6851168310604214	2072.000394809196
2546.330696139542	951.0427349240906	1.6871069777994612	2073.000394809196
2550.4606597835395	952.730837657137	1.689098761122928	2074.000394809196
2554.5960119192764	954.4209329921237	1.6910921818085085	2075.000394809196
2558.736757435569	956.113022566801	1.6930872406338908	2076.000394809196
2562.8829012235615	957.8071080196972	1.6950839383767604	2077.000394809196
2567.0344481767343	959.5031909901193	1.697082275814805	2078.000394809196
2571.1914031909014	961.201273118151	1.6990822537257113	2079.000394809196
2575.353771164208	962.9013560446546	1.7010838728871664	2080.000394809196
2579.5215569971338	964.6034414112682	1.7030871340768567	2081.000394809196
2583.694765592489	966.30753086041	1.70509203807247	2082.000394809196
2587.873401855422	968.0136260352747	1.7070985856516927	2083.000394809196
2592.0574706934076	969.7217285798338	1.7091067775922113	2084.000394809196
2596.24697701626	971.4318401388384	1.7111166146717138	2085.000394809196
2600.4419257361233	973.1439623578167	1.7131280976678869	2086.000394809196
2604.642321767473	974.8580968830726	1.7151412273584168	2087.000394809196
2608.84817002712	976.5742453616901	1.7171560045209906	2088.000394809196
2613.0594754342087	978.2924094415309	1.7191724299332956	2089.000394809196
2617.2762429102163	980.0125907712328	1.7211905043730191	2090.000394809196
2621.4984773789515	981.734791000212	1.7232102286178472	2091.000394809196
2625.7261837665574	983.4590117786627	1.725231603445467	2092.000394809196
2629.9593670015097	985.1852547575568	1.7272546296335662	2093.000394809196
2634.1980320146167	986.9135215886424	1.7292793079598308	2094.000394809196
2638.442183739021	988.6438139244478	1.731305639201948	2095.000394809196
2642.691827110197	990.3761334182775	1.733333624137605	2096.000394809196
2646.946967065954	992.1104817242139	1.7353632635444887	2097.000394809196
2651.2076085464323	993.8468604971163	1.7373945582002857	2098.000394809196
2655.4737564941056	995.5852713926231	1.7394275088826832	2099.000394809196
2659.745415853782	997.32571606715	1.7414621163693684	2100.000394809196
2664.022591572601	999.0681961778891	1.7434983814380274	2101.000394809196
2668.3052886000373	1000.8127133828123	1.7455363048663481	2102.000394809196
2672.5935118878947	1002.5592693406674	1.7475758874320164	2103.000394809196
2676.887266390315	1004.3078657109813	1.7496171299127203	2104.000394809196
2681.1865570637706	1006.0585041540573	1.7516600330861463	2105.000394809196
2685.491388867066	1007.8111863309771	1.7537045977299812	2106.000394809196
2689.8017667613403	1009.5659139036003	1.755750824621912	2107.000394809196
2694.117695710065	1011.3226885345628	1.7577987145396254	2108.000394809196
2698.439180679046	1013.0815118872802	1.7598482682608088	2109.000394809196
2702.7662266364205	1014.8423856259452	1.7618994865631494	2110.000394809196
2707.0988385526575	1016.6053114155263	1.763952370224333	2111.000394809196
2711.437021400565	1018.3702909217725	1.7660069200220476	2112.000394809196
2715.7807801552763	1020.1373258112084	1.7680631367339794	2113.000394809196
2720.1301197942626	1021.9064177511377	1.7701210211378158	2114.000394809196
2724.485045297327	1023.6775684096406	1.7721805740112435	2115.000394809196
2728.845561646607	1025.450779455576	1.7742417961319497	2116.000394809196
2733.2116738265704	1027.2260525585798	1.7763046882776212	2117.000394809196
2737.5833868240206	1029.0033893890654	1.778369251225945	2118.000394809196
2741.960705628092	1030.7827916182248	1.7804354857546076	2119.000394809196
2746.3436352302533	1032.5642609180272	1.7825033926412965	2120.000394809196
2750.732180624306	1034.3477989612195	1.7845729726636985	2121.000394809196
2755.1263468063853	1036.1334074213257	1.7866442265995004	2122.000394809196
2759.5261387749583	1037.9210879726488	1.7887171552263892	2123.000394809196
2763.931561530825	1039.7108422902684	1.7907917593220517	2124.000394809196
2768.34262007712	1041.5026720500416	1.792868039664175	2125.000394809196
2772.75931941931	1043.2965789286045	1.794945997030446	2126.000394809196
2777.1816645651957	1045.09256460337	1.7970256321985518	2127.000394809196
2781.6096605249077	1046.8906307525283	1.7991069459461788	2128.000394809196
2786.0433123109146	1048.690779055048	1.8011899390510149	2129.000394809196
2790.4826249380135	1050.4930111906751	1.8032746122907457	2130.000394809196
2794.9276034233376	1052.2973288399337	1.8053609664430592	2131.000394809196
2799.378252786352	1054.103733684125	1.8074490022856422	2132.000394809196
2803.8345780488544	1055.9122274053275	1.809538720596181	2133.000394809196
2808.2965842349763	1057.7228116863992	1.8116301221523634	2134.000394809196
2812.764276371183	1059.5354882109734	1.8137232077318755	2135.000394809196
2817.2376594862703	1061.350258663463	1.8158179781124049	2136.000394809196
2821.7167386113697	1063.1671247290576	1.8179144340716382	2137.000394809196
2826.201518779944	1064.9860880937254	1.8200125763872623	2138.000394809196
2830.692005027791	1066.8071504442103	1.8221124058369644	2139.000394809196
2835.1882023930393	1068.630313468036	1.8242139231984313	2140.000394809196
2839.690115916153	1070.4555788535038	1.82631712924935	2141.000394809196
2844.1977506399253	1072.282948289691	1.8284220247674072	2142.000394809196
2848.7111116094875	1074.1124234664535	1.83052861053029	2143.000394809196
2853.2302038723005	1075.944006074425	1.8326368873156853	2144.000394809196
2857.7550324781587	1077.7776978050183	1.83474685590128	2145.000394809196
2862.285602479192	1079.6135003504205	1.8368585170647613	2146.000394809196
2866.8219189298597	1081.4514154035994	1.8389718715838157	2147.000394809196
2871.3639868869564	1083.2914446582997	1.8410869202361306	2148.000394809196
2875.9118114096095	1085.1335898090424	1.8432036637993927	2149.000394809196
2880.4653975592796	1086.9778525511274	1.8453221030512887	2150.000394809196
2885.0247503997593	1088.8242345806336	1.8474422387695062	2151.000394809196
2889.589874997175	1090.672737594415	1.8495640717317312	2152.000394809196
2894.160776419986	1092.523363290104	1.8516876027156508	2153.000394809196
2898.737459738987	1094.3761133661121	1.8538128324989531	2154.000394809196
2903.319930027301	1096.2309895216279	1.8559397618593243	2155.000394809196
2907.908192360388	1098.087993456616	1.8580683915744505	2156.000394809196
2912.5022518160386	1099.9471268718205	1.8601987224220198	2157.000394809196
2917.102113474378	1101.8083914687636	1.8623307551797186	2158.000394809196
2921.7077824178646	1103.671788949743	1.8644644906252341	2159.000394809196
2926.3192637312877	1105.537321017836	1.8665999295362528	2160.000394809196
2930.9365625017736	1107.4049893768963	1.8687370726904617	2161.000394809196
2935.5596838187776	1109.274795731557	1.8708759208655485	2162.000394809196
2940.18863277409	1111.1467417872273	1.8730164748391993	2163.000394809196
2944.8234144618345	1113.0208292500938	1.8751587353891015	2164.000394809196
2949.4640339784673	1114.8970598271235	1.877302703292942	2165.000394809196
2954.110496422777	1116.7754352260572	1.8794483793284074	2166.000394809196
2958.762806895885	1118.6559571554162	1.8815957642731844	2167.000394809196
2963.4209705012495	1120.5386273244994	1.883744858904961	2168.000394809196
2968.0849923446576	1122.4234474433815	1.8858956640014237	2169.000394809196
2972.7548775342293	1124.3104192229162	1.8880481803402582	2170.000394809196
2977.43063118042	1126.1995443747348	1.8902024086991531	2171.000394809196
2982.1122583960178	1128.0908246112472	1.8923583498557948	2172.000394809196
2986.799764296144	1129.9842616456385	1.89451600458787	2173.000394809196
2991.4931539982513	1131.8798571918735	1.8966753736730657	2174.000394809196
2996.192432622125	1133.7776129646952	1.898836457889069	2175.000394809196
3000.8976052898893	1135.6775306796212	1.9009992580135666	2176.000394809196
3005.6086771259925	1137.5796120529508	1.903163774824246	2177.000394809196
3010.3256532572236	1139.4838588017578	1.9053300090987932	2178.000394809196
3015.0485388126995	1141.3902726438957	1.907497961614896	2179.000394809196
3019.7773389238737	1143.2988552979941	1.9096676331502407	2180.000394809196
3024.5120587245315	1145.2096084834616	1.9118390244825145	2181.000394809196
3029.25270335079	1147.122533920484	1.9140121363894047	2182.000394809196
3033.9992779411014	1149.0376333300246	1.9161869696485976	2183.000394809196
3038.7517876362494	1150.9549084338246	1.9183635250377806	2184.000394809196
3043.510237579352	1152.8743609544028	1.9205418033346402	2185.000394809196
3048.27463291586	1154.7959926150556	1.922721805316864	2186.000394809196
3053.0449787935545	1156.7198051398575	1.924903531762138	2187.000394809196
3057.8212803625547	1158.64580025366	1.9270869834481499	2188.000394809196
3062.60354277531	1160.5739796820935	1.929272161152587	2189.000394809196
3067.391771186602	1162.504345151564	1.9314590656531347	2190.000394809196
3072.1859707535477	1164.4368983892575	1.9336476977274812	2191.000394809196
3076.9861466355937	1166.3716411231364	1.9358380581533132	2192.000394809196
3081.792303994525	1168.3085750819405	1.9380301477083175	2193.000394809196
3086.604447994454	1170.2477019951884	1.9402239671701813	2194.000394809196
3091.4225838018283	1172.1890235931755	1.9424195173165906	2195.000394809196
3096.246716585433	1174.1325416069758	1.9446167989252339	2196.000394809196
3101.0768515163777	1176.0782577684392	1.946815812773797	2197.000394809196
3105.9129937681123	1178.0261738101958	1.9490165596399667	2198.000394809196
3110.755148516416	1179.9762914656515	1.9512190403014307	2199.000394809196
3115.603320939402	1181.9286124689895	1.9534232555358757	2200.000394809196
3120.457516217517	1183.883138555173	1.9556292061209881	2201.000394809196
3125.31773953354	1185.839871459941	1.9578368928344556	2202.000394809196
3130.183996072584	1187.798812919811	1.9600463164539645	2203.000394809196
3135.0562910220947	1189.7599646720769	1.9622574777572024	2204.000394809196
3139.93462957185	1191.7233284548122	1.9644703775218555	2205.000394809196
3144.819016913962	1193.688906006867	1.9666850165256116	2206.000394809196
3149.709458242876	1195.656699067869	1.9689013955461565	2207.000394809196
3154.605958755368	1197.6267093782242	1.971119515361178	2208.000394809196
3159.508523650552	1199.598938679116	1.9733393767483633	2209.000394809196
3164.417158129868	1201.5733887125043	1.975560980485398	2210.000394809196
3169.3318673970966	1203.5500612211288	1.9777843273499702	2211.000394809196
3174.252656658345	1205.5289579485059	1.9800094181197667	2212.000394809196
3179.179531122057	1207.5100806389291	1.982236253572474	2213.000394809196
3184.1124959990107	1209.493431037471	1.9844648344857794	2214.000394809196
3189.0515565023125	1211.4790108899801	1.9866951616373694	2215.000394809196
3193.9967178474076	1213.4668219430846	1.988927235804932	2216.000394809196
3198.947985252068	1215.4568659441882	1.9911610577661525	2217.000394809196
3203.905363936406	1217.4491446414736	1.9933966282987192	2218.000394809196
3208.868859122859	1219.443659783902	1.995633948180318	2219.000394809196
3213.8384760362055	1221.44041312121	1.9978730181886373	2220.000394809196
3218.81421990355	1223.4394064039138	2.0001138391013624	2221.000394809196
3223.7960959543334	1225.440641383307	2.0023564116961814	2222.000394809196
3228.7841094203313	1227.44411981146	2.0046007367507808	2223.000394809196
3233.7782655356486	1229.4498434412208	2.006846815042847	2224.000394809196
3238.778569536727	1231.457814026217	2.009094647350068	2225.000394809196
3243.785026662338	1233.468033320852	2.0113442344501298	2226.000394809196
3248.7976421535864	1235.4805030803075	2.0135955771207197	2227.000394809196
3253.816421253914	1237.4952250605427	2.015848676139525	2228.000394809196
3258.8413692090926	1239.512201018295	2.0181035322842322	2229.000394809196
3263.872491267225	1241.531432711079	2.0203601463325285	2230.000394809196
3268.9097926787495	1243.5529218971872	2.0226185190621	2231.000394809196
3273.9532786964405	1245.5766703356894	2.024878651250635	2232.000394809196
3279.0029545753996	1247.6026797864342	2.0271405436758196	2233.000394809196
3284.058825573064	1249.630952010046	2.0294041971153405	2234.000394809196
3289.1208969492077	1251.6614887679289	2.0316696123468856	2235.000394809196
3294.1891739659286	1253.694291822263	2.0339367901481404	2236.000394809196
3299.2636618876677	1255.7293629360076	2.0362057312967936	2237.000394809196
3304.344365981193	1257.7667038728982	2.0384764365705306	2238.000394809196
3309.431291515607	1259.8063163974493	2.040748906747039	2239.000394809196
3314.5244437623464	1261.8482022749529	2.043023142604006	2240.000394809196
3319.6238279951785	1263.8923632714768	2.045299144919118	2241.000394809196
3324.729449490206	1265.9388011538692	2.047576914470062	2242.000394809196
3329.841313525865	1267.987517689755	2.0498564520345255	2243.000394809196
3334.959425382922	1270.0385146475355	2.052137758390195	2244.000394809196
3340.0837903444767	1272.0917937963916	2.054420834314757	2245.000394809196
3345.214413695966	1274.1473569062805	2.056705680585899	2246.000394809196
3350.3513007251563	1276.2052057479382	2.0589922979813085	2247.000394809196
3355.4944567221473	1278.265342092877	2.0612806872786713	2248.000394809196
3360.643886979372	1280.3277677133883	2.0635708492556746	2249.000394809196
3365.7995967915967	1282.3924843825412	2.0658627846900055	2250.000394809196
3370.9615914559226	1284.4594938741805	2.0681564943593513	2251.000394809196
3376.12987627178	1286.5287979629306	2.0704519790413984	2252.000394809196
3381.304456540937	1288.600398424193	2.072749239513834	2253.000394809196
3386.485337567489	1290.6742970341477	2.0750482765543454	2254.000394809196
3391.672524657869	1292.7504955697505	2.0773490909406185	2255.000394809196
3396.866023120841	1294.8289958087366	2.0796516834503405	2256.000394809196
3402.0658382675065	1296.9097995296183	2.0819560548612	2257.000394809196
3407.2719754112914	1298.9929085116855	2.0842622059508815	2258.000394809196
3412.4844398679606	1301.0783245350053	2.086570137497073	2259.000394809196
3417.7032369556155	1303.166049380424	2.088879850277462	2260.000394809196
3422.9283719946793	1305.2560848295645	2.091191345069735	2261.000394809196
3428.1598503079204	1307.3484326648268	2.093504622651578	2262.000394809196
3433.3976772204337	1309.44309466939	2.0958196838006797	2263.000394809196
3438.6418580596464	1311.54007262721	2.098136529294726	2264.000394809196
3443.892398155323	1313.63936832302	2.100455159911404	2265.000394809196
3449.1493028395566	1315.7409835423327	2.1027755764284	2266.000394809196
3454.4125774467784	1317.8449200714367	2.105097779623402	2267.000394809196
3459.682227313748	1319.9511796973982	2.1074217702740965	2268.000394809196
3464.9582577795595	1322.0597642080625	2.10974754915817	2269.000394809196
3470.2406741856416	1324.1706753920514	2.11207511705331	2270.000394809196
3475.5294818757557	1326.2839150387656	2.1144044747372037	2271.000394809196
3480.8246861959933	1328.3994849383816	2.1167356229875374	2272.000394809196
3486.126292494783	1330.517386881855	2.1190685625819983	2273.000394809196
3491.434306122882	1332.6376226609195	2.121403294298273	2274.000394809196
3496.7487324333865	1334.7601940680847	2.1237398189140486	2275.000394809196
3502.06957678172	1336.8851028966396	2.126078137207012	2276.000394809196
3507.3968445256437	1339.01235094065	2.1284182499548505	2277.000394809196
3512.7305410252466	1341.1419399949605	2.130760157935251	2278.000394809196
3518.0706716429568	1343.273871855191	2.1331038619259	2279.000394809196
3523.417241743531	1345.4081483177413	2.135449362704485	2280.000394809196
3528.7702566940616	1347.5447711797888	2.137796661048693	2281.000394809196
3534.12972186397	1349.6837422392866	2.1401457577362097	2282.000394809196
3539.495642625017	1351.8250632949678	2.142496653544723	2283.000394809196
3544.8680243512913	1353.9687361463425	2.1448493492519205	2284.000394809196
3550.246872419216	1356.1147625936976	2.1472038456354876	2285.000394809196
3555.632192207549	1358.2631444380982	2.149560143473112	2286.000394809196
3561.0239890973785	1360.4138834813873	2.1519182435424806	2287.000394809196
3566.422268472128	1362.5669815261865	2.154278146621281	2288.000394809196
3571.827035717553	1364.7224403758923	2.156639853487199	2289.000394809196
3577.238296221742	1366.8802618346817	2.159003364917922	2290.000394809196
3582.6560553751183	1369.0404477075092	2.1613686816911373	2291.000394809196
3588.0803185704353	1371.2029998001044	2.1637358045845314	2292.000394809196
3593.5110912027803	1373.3679199189773	2.166104734375791	2293.000394809196
3598.948378669576	1375.5352098714145	2.1684754718426036	2294.000394809196
3604.3921863705764	1377.7048714654807	2.170848017762656	2295.000394809196
3609.8425197078677	1379.8769065100169	2.173222372913635	2296.000394809196
3615.2993840858708	1382.0513168146438	2.1755985380732277	2297.000394809196
3620.7627849113373	1384.228104189759	2.1779765140191207	2298.000394809196
3626.232727593355	1386.4072704465366	2.180356301529001	2299.000394809196
3631.7092175433445	1388.5888173969304	2.182737901380556	2300.000394809196
3637.1922601750566	1390.7727468536707	2.185121314351472	2301.000394809196
3642.6818609045768	1392.9590606302659	2.1875065412194368	2302.000394809196
3648.178025150323	1395.1477605410012	2.189893582762136	2303.000394809196
3653.680758333049	1397.338848400941	2.192282439757258	2304.000394809196
3659.1900658758386	1399.532326025926	2.194673112982489	2305.000394809196
3664.705953204109	1401.7281952325752	2.1970656032155156	2306.000394809196
3670.228425745611	1403.9264578382854	2.199459911234025	2307.000394809196
3675.7574889304287	1406.1271156612313	2.201856037815705	2308.000394809196
3681.29314819098	1408.330170520364	2.2042539837382416	2309.000394809196
3686.8354089620125	1410.5356242354135	2.2066537497793215	2310.000394809196
3692.3842766806106	1412.7434786268875	2.209055336716632	2311.000394809196
3697.9397567861915	1414.953735516072	2.2114587453278607	2312.000394809196
3703.501854720504	1417.1663967250274	2.213863976390694	2313.000394809196
3709.0705759276293	1419.381464076596	2.2162710306828184	2314.000394809196
3714.6459258539826	1421.5989393943958	2.218679908981921	2315.000394809196
3720.227909948315	1423.8188245028214	2.2210906120656895	2316.000394809196
3725.8165336617044	1426.0411212270476	2.2235031407118098	2317.000394809196
3731.4118024475647	1428.265831393025	2.2259174956979693	2318.000394809196
3737.0137217616475	1430.4929568274829	2.228333677801855	2319.000394809196
3742.622297062032	1432.7224993579273	2.2307516878011544	2320.000394809196
3748.2375338091288	1434.9544608126425	2.2331715264735528	2321.000394809196
3753.8594374656886	1437.1888430206914	2.235593194596739	2322.000394809196
3759.4880134967902	1439.4256478119123	2.2380166929483987	2323.000394809196
3765.123267369845	1441.6648770169234	2.2404420223062194	2324.000394809196
3770.7652045545983	1443.9065324671199	2.2428691834478878	2325.000394809196
3776.413830523133	1446.1506159946732	2.245298177151091	2326.000394809196
3782.0691507498564	1448.3971294325347	2.2477290041935154	2327.000394809196
3787.7311707115173	1450.6460746144323	2.2501616653528487	2328.000394809196
3793.399895887193	1452.897453374872	2.2525961614067778	2329.000394809196
3799.075331758293	1455.1512675491367	2.2550324931329886	2330.000394809196
3804.7574838085616	1457.4075189732878	2.257470661309169	2331.000394809196
3810.4463575240798	1459.6662094841645	2.259910666713006	2332.000394809196
3816.141958393254	1461.9273409193825	2.262352510122186	2333.000394809196
3821.844291906828	1464.1909151173363	2.264796192314396	2334.000394809196
3827.553363557881	1466.456933917198	2.2672417140673233	2335.000394809196
3833.2691788418206	1468.7253991589173	2.269689076158655	2336.000394809196
3838.99174325639	1470.9963126832206	2.2721382793660774	2337.000394809196
3844.7210623016645	1473.269676331614	2.2745893244672777	2338.000394809196
3850.457141480054	1475.5454919463791	2.277042212239943	2339.000394809196
3856.1999862962975	1477.823761370577	2.2794969434617602	2340.000394809196
3861.9496022574726	1480.104486448045	2.2819535189104156	2341.000394809196
3867.705994872987	1482.3876690233992	2.2844119393635975	2342.000394809196
3873.469169654581	1484.673310942033	2.286872205598991	2343.000394809196
3879.2391321163277	1486.9614140501171	2.2893343183942845	2344.000394809196
3885.015887774637	1489.2519801946003	2.2917982785271644	2345.000394809196
3890.799442148246	1491.5450112232097	2.2942640867753177	2346.000394809196
3896.589800758228	1493.840508984449	2.296731743916431	2347.000394809196
3902.3869691279933	1496.1384753275995	2.299201250728192	2348.000394809196
3908.1909527832777	1498.4389121027216	2.301672607988287	2349.000394809196
3914.0017572521547	1500.7418211606516	2.3041458164744038	2350.000394809196
3919.819388065028	1503.0472043530049	2.3066208769642276	2351.000394809196
3925.6438507546395	1505.3550635321735	2.309097790235447	2352.000394809196
3931.475150856061	1507.6654005513287	2.3115765570657487	2353.000394809196
3937.3132939066913	1509.9782172644175	2.3140571782328183	2354.000394809196
3943.158285446274	1512.2935155261657	2.316539654514344	2355.000394809196
3949.010131016878	1514.611297192077	2.319023986688013	2356.000394809196
3954.8688361629065	1516.9315641184319	2.321510175531511	2357.000394809196
3960.734406431098	1519.254318162289	2.323998221822526	2358.000394809196
3966.6068473705204	1521.5795611814851	2.3264881263387447	2359.000394809196