9.742712e-8	7.78799e-13	1.047129e-10	930.428808666363
9.969651e-8	8.092866e-13	1.0715190000000001e-10	930.4297850677403
1.020188e-7	8.409501e-13	1.096478e-10	930.4303501766565
1.043951e-7	8.73834e-13	1.1220180000000002e-10	930.4304728979391
1.068268e-7	9.079846e-13	1.148154e-10	930.4301338026083
1.093151e-7	9.434498e-13	1.174898e-10	930.4300752048265
1.118614e-7	9.802794e-13	1.202264e-10	930.4310890070733
1.14467e-7	1.018525e-12	1.230269e-10	930.4308124889759
1.171333e-7	1.05824e-12	1.258925e-10	930.4315844073315
1.198618e-7	1.09948e-12	1.28825e-10	930.4319773335923
1.226537e-7	1.142303e-12	1.318257e-10	930.4319438698221
1.255107e-7	1.186768e-12	1.348963e-10	930.4323896800727
1.284343e-7	1.232937e-12	1.380384e-10	930.4333644623524
1.314259e-7	1.280874e-12	1.412538e-10	930.4328865772108
1.344873e-7	1.330647e-12	1.4454399999999998e-10	930.4338516091987
1.376199e-7	1.382322e-12	1.479108e-10	930.4343044726957
1.408255e-7	1.435974e-12	1.513561e-10	930.4344917317505
1.441058e-7	1.491674e-12	1.548817e-10	930.4345941063405
1.474625e-7	1.549501e-12	1.584893e-10	930.435363781656
1.508974e-7	1.609534e-12	1.62181e-10	930.4358065001448
1.544122e-7	1.671855e-12	1.6595870000000001e-10	930.4355351964074
1.58009e-7	1.736551e-12	1.698244e-10	930.4360065514733
1.616896e-7	1.80371e-12	1.737801e-10	930.43682049901
1.654558e-7	1.873423e-12	1.7782789999999997e-10	930.4370878979058
1.693098e-7	1.945787e-12	1.8197010000000002e-10	930.4371750468895
1.732536e-7	2.0209e-12	1.862087e-10	930.4378415186832
1.772893e-7	2.098865e-12	1.905461e-10	930.4383499058758
1.814189e-7	2.179788e-12	1.9498450000000002e-10	930.4384696629733
1.856447e-7	2.263778e-12	1.9952619999999999e-10	930.4390289495815
1.89969e-7	2.350951e-12	2.041738e-10	930.4394146114731
1.94394e-7	2.441423e-12	2.089296e-10	930.4399253289146
1.989221e-7	2.535318e-12	2.1379620000000003e-10	930.4404630110357
2.035557e-7	2.632763e-12	2.187762e-10	930.4409381047847
2.082971e-7	2.733888e-12	2.238721e-10	930.441238046188
2.131491e-7	2.838831e-12	2.290868e-10	930.4418186949225
2.18114e-7	2.947732e-12	2.344229e-10	930.4421527589667
2.231946e-7	3.060738e-12	2.398833e-10	930.4426808285529
2.2839360000000003e-7	3.178e-12	2.454709e-10	930.4433967529349
2.337136e-7	3.299676e-12	2.511886e-10	930.443896243699
2.391576e-7	3.425927e-12	2.570396e-10	930.4442814531302
2.447283e-7	3.556923e-12	2.630268e-10	930.4445665726839
2.504289e-7	3.692838e-12	2.691535e-10	930.4452397535234
2.562622e-7	3.833852e-12	2.754229e-10	930.445630526728
2.622314e-7	3.980154e-12	2.818383e-10	930.4462174019641
2.683397e-7	4.131936e-12	2.884032e-10	930.4467909371325
2.745902e-7	4.289401e-12	2.951209e-10	930.4474518781965
2.809863e-7	4.452756e-12	3.019952e-10	930.4477447191213
2.875314e-7	4.622216e-12	3.090295e-10	930.448459503057
2.94229e-7	4.798006e-12	3.162278e-10	930.4488663109314
3.010826e-7	4.980355e-12	3.2359370000000006e-10	930.4494505146422
3.080958e-7	5.169504e-12	3.3113109999999996e-10	930.4501132753766
3.152724e-7	5.3657e-12	3.3884420000000004e-10	930.4505306568625
3.226162e-7	5.5692e-12	3.4673690000000003e-10	930.4512130090568
3.30131e-7	5.780271e-12	3.548134e-10	930.4518382648456
3.378209e-7	5.999186e-12	3.6307810000000007e-10	930.4524265881088
3.456899e-7	6.226231e-12	3.715352e-10	930.4532282028728
3.537422e-7	6.461702e-12	3.801894e-10	930.4537730457502
3.619821e-7	6.705902e-12	3.890451e-10	930.4546077100059
3.704139e-7	6.95915e-12	3.9810719999999997e-10	930.4550612247153
3.790421e-7	7.221772e-12	4.0738029999999993e-10	930.4556989427324
3.878713e-7	7.494107e-12	4.168694e-10	930.456382999088
3.969062e-7	7.776505e-12	4.265795e-10	930.4572219363565
4.061515e-7	8.069331e-12	4.365158e-10	930.4578879641928
4.156121e-7	8.372959e-12	4.466836e-10	930.4583220852522
4.252932e-7	8.68778e-12	4.570882e-10	930.4591275381862
4.351997e-7	9.014195e-12	4.677351000000001e-10	930.459814102042
4.453371e-7	9.352621e-12	4.786301e-10	930.4606054257767
4.557105e-7	9.703489e-12	4.897788e-10	930.4612684113728
4.6632559999999994e-7	1.006725e-11	5.011871999999999e-10	930.4620454193562
4.77188e-7	1.044435e-11	5.128614e-10	930.4627806849962
4.883034e-7	1.083529e-11	5.248075e-10	930.4635228917269
4.996777e-7	1.124055e-11	5.370318e-10	930.4643422419305
5.113169e-7	1.166065e-11	5.495409e-10	930.4649765831806
5.232273e-7	1.209611e-11	5.623413e-10	930.465886304278
5.354151e-7	1.254748e-11	5.754399000000001e-10	930.4666698989764
5.478868e-7	1.301533e-11	5.888436999999999e-10	930.4673130238125
5.606491e-7	1.350025e-11	6.025595999999999e-10	930.4682893609197
5.737086e-7	1.400285e-11	6.16595e-10	930.469113194236
5.870723e-7	1.452374e-11	6.309573e-10	930.4699759238857
6.007473e-7	1.506358e-11	6.456542e-10	930.4707745725187
6.147409e-7	1.562305e-11	6.606934000000001e-10	930.4717181222031
6.290604e-7	1.620283e-11	6.760829999999999e-10	930.4724461789453
6.437135e-7	1.680365e-11	6.918309999999999e-10	930.4733434176845
6.587079e-7	1.742624e-11	7.079458e-10	930.4742343834796
6.740516e-7	1.807139e-11	7.244359999999999e-10	930.4751163525833
6.897527e-7	1.873987e-11	7.413102e-10	930.4761216964235
7.058195e-7	1.943253e-11	7.585775999999999e-10	930.4768985137447
7.222606e-7	2.01502e-11	7.762471000000001e-10	930.4778725743387
7.390847e-7	2.089377e-11	7.943281999999999e-10	930.4788546724138
7.563007e-7	2.166414e-11	8.128305e-10	930.4798037721271
7.739177e-7	2.246226e-11	8.317638000000001e-10	930.4806992802523
7.919451e-7	2.32891e-11	8.51138e-10	930.4817657066186
8.103925e-7	2.414567e-11	8.709636e-10	930.482795917074
8.292695e-7	2.5033e-11	8.912509e-10	930.4838098901218
8.485863e-7	2.595218e-11	9.120107999999999e-10	930.4848716484498
8.68353e-7	2.690431e-11	9.332542999999998e-10	930.4858325431771
8.885802e-7	2.789054e-11	9.549926e-10	930.486886013567
9.092785e-7	2.891207e-11	9.772372e-10	930.4879225535009
9.304590000000001e-7	2.997011e-11	1.0000000000000003e-9	930.48897011
9.521329e-7	3.106595e-11	1.023293e-9	930.4900609600573
9.743117e-7	3.220089e-11	1.047129e-9	930.4907999778443
9.970071e-7	3.33763e-11	1.071519e-9	930.4925776397806
1.020231e-6	3.459357e-11	1.096478e-9	930.4934468087824
1.043996e-6	3.585415e-11	1.122018e-9	930.4947462072801
1.068315e-6	3.715955e-11	1.148154e-9	930.4955254695799
1.0932e-6	3.851132e-11	1.174898e-9	930.4965293327591
1.118665e-6	3.991105e-11	1.202264e-9	930.4985519403393
1.144723e-6	4.13604e-11	1.230269e-9	930.4992326068526
1.171388e-6	4.286109e-11	1.2589250000000002e-9	930.5009123577655
1.198674e-6	4.441488e-11	1.28825e-9	930.5013893887057
1.226596e-6	4.60236e-11	1.3182569999999998e-9	930.5029471491522
1.255168e-6	4.768913e-11	1.348963e-9	930.5041644062884
1.284406e-6	4.941343e-11	1.380384e-9	930.5058689683452
1.314324e-6	5.119851e-11	1.412538e-9	930.5060809054341
1.34494e-6	5.304646e-11	1.4454400000000001e-9	930.5076976284039
1.376269e-6	5.495944e-11	1.479108e-9	930.5094417987057
1.408328e-6	5.693966e-11	1.513561e-9	930.51085464015
1.441133e-6	5.898942e-11	1.548817e-9	930.5114738668287
1.474703e-6	6.11111e-11	1.584893e-9	930.5133602710088
1.509055e-6	6.330715e-11	1.62181e-9	930.5148612661162
1.544207e-6	6.558011e-11	1.659587e-9	930.5161947580934
1.580177e-6	6.79326e-11	1.6982440000000002e-9	930.5170120430279
1.616986e-6	7.036732e-11	1.7378010000000003e-9	930.5187229838168
1.654652e-6	7.288706e-11	1.778279e-9	930.520400375869
1.693196e-6	7.549472e-11	1.819701e-9	930.5218245854677
1.732637e-6	7.819327e-11	1.8620869999999998e-9	930.523221133062
1.772997e-6	8.098581e-11	1.905461e-9	930.5244168261643
1.814298e-6	8.38755e-11	1.949845e-9	930.5262087499264
1.85656e-6	8.686564e-11	1.995262e-9	930.5278533044784
1.8998069999999998e-6	8.995962e-11	2.041738e-9	930.5292645873271
1.944061e-6	9.316096e-11	2.089296e-9	930.5307438295005
1.989346e-6	9.647326e-11	2.1379620000000006e-9	930.5321952682041
2.035687e-6	9.990029e-11	2.187762e-9	930.5339887474048
2.083106e-6	1.034459e-10	2.238721e-9	930.5355360940467
2.13163e-6	1.071141e-10	2.290868e-9	930.536859434939
2.181285e-6	1.109089e-10	2.344229e-9	930.5387438257952
2.232096e-6	1.148347e-10	2.398833e-9	930.5403230237371
2.284091e-6	1.188959e-10	2.454709e-9	930.5420299921495
2.337297e-6	1.230969e-10	2.511886e-9	930.5438610271327
2.391743e-6	1.274425e-10	2.5703959999999997e-9	930.545504467016
2.447457e-6	1.319375e-10	2.630268e-9	930.5473577217227
2.504468e-6	1.365869e-10	2.691535e-9	930.5487712030496
2.562808e-6	1.413959e-10	2.754229e-9	930.5505809066713
2.622507e-6	1.463698e-10	2.818383e-9	930.5525082290093
2.683597e-6	1.515141e-10	2.8840319999999994e-9	930.5543468657769
2.746109e-6	1.568345e-10	2.9512089999999995e-9	930.5562006960538
2.810078e-6	1.623369e-10	3.019952e-9	930.5579482389123
2.875537e-6	1.680272e-10	3.0902949999999996e-9	930.5600362424946
2.942521e-6	1.739118e-10	3.162278e-9	930.5617380255626
3.011065e-6	1.799971e-10	3.235937e-9	930.5635422135845
3.081206e-6	1.862899e-10	3.311311e-9	930.5656550834398
3.152981e-6	1.927969e-10	3.388442e-9	930.5674398145223
3.226428e-6	1.995252e-10	3.467369e-9	930.5694101781495
3.301586e-6	2.064823e-10	3.548134e-9	930.5715292319851
3.378494e-6	2.136757e-10	3.630781e-9	930.5732501354393
3.457195e-6	2.211132e-10	3.7153519999999994e-9	930.575652912564
3.537728e-6	2.288028e-10	3.801894e-9	930.5774445052913
3.620138e-6	2.36753e-10	3.890451e-9	930.579707339843
3.704468e-6	2.449722e-10	3.981072e-9	930.5817559190086
3.790762e-6	2.534695e-10	4.073803e-9	930.5838965458075
3.879066e-6	2.622538e-10	4.168694e-9	930.5859949902775
3.969427e-6	2.713348e-10	4.265795000000001e-9	930.5881634724594
4.061893e-6	2.807222e-10	4.365158e-9	930.5903067426196
4.156514e-6	2.90426e-10	4.466836e-9	930.5925773858721
4.253338e-6	3.004567e-10	4.570882e-9	930.5946766291495
4.352418e-6	3.108249e-10	4.677351e-9	930.5970034962097
4.453806e-6	3.215419e-10	4.786301e-9	930.599129035136
4.538835e-6	3.306119e-10	4.877671e-9	930.6010208355586
4.675023e-6	3.30612e-10	5.024015000107458e-9	930.601045558184
4.772363e-6	3.407815e-10	5.128614e-9	930.6030404120879
4.883534e-6	3.525066e-10	5.248075000000001e-9	930.6053184453347
4.997294e-6	3.646249e-10	5.370318e-9	930.6075775959636
5.113705e-6	3.771492e-10	5.4954089999999994e-9	930.6099235197962
5.232827e-6	3.900928e-10	5.623413e-9	930.6122621262211
5.354725e-6	4.034695e-10	5.754399e-9	930.6147296181581
5.479462e-6	4.172934e-10	5.888437e-9	930.6169520706429
5.607105e-6	4.31579e-10	6.025596000000001e-9	930.6194074411893
5.737721e-6	4.463415e-10	6.16595e-9	930.6217762875144
5.871381e-6	4.615965e-10	6.309573e-9	930.6244014452324
6.008154e-6	4.773598e-10	6.456542e-9	930.6268525473853
6.148113e-6	4.936482e-10	6.606933999999999e-9	930.6293430810722
6.291332e-6	5.104787e-10	6.76083e-9	930.631664854759
6.437888e-6	5.278688e-10	6.918310000000001e-9	930.634196617382
6.587859e-6	5.458369e-10	7.079458e-9	930.6368986015597
6.741322e-6	5.644017e-10	7.24436e-9	930.6393389754237
6.898361e-6	5.835826e-10	7.413102e-9	930.642068947655
7.059059e-6	6.033995e-10	7.585776e-9	930.6447223725035
7.2235e-6	6.238732e-10	7.762471e-9	930.6474540387977
7.391771e-6	6.450248e-10	7.943282e-9	930.6500795011433
7.563963e-6	6.668763e-10	8.128305e-9	930.6528084637573
7.740166e-6	6.894505e-10	8.317637999999998e-9	930.6554878320024
7.920474e-6	7.127707e-10	8.51138e-9	930.6583386830338
8.104983e-6	7.36861e-10	8.709636e-9	930.6611505922866
8.293789e-6	7.617464e-10	8.912509e-9	930.6639405805929
8.486994e-6	7.874525e-10	9.120108e-9	930.6667697904454
8.684701e-6	8.140058e-10	9.332543e-9	930.669701259346
8.887013e-6	8.414337e-10	9.549926e-9	930.6725972222193
9.094038e-6	8.697645e-10	9.772371999999998e-9	930.6755580426126
9.305886e-6	8.990271e-10	1.e-8	930.67850271
9.522669e-6	9.292518e-10	1.023293e-8	930.6814618882372
9.744502e-6	9.604694e-10	1.047129e-8	930.6840388720016
9.971504e-6	9.927119e-10	1.071519e-8	930.6878097261924
0.00001020379	1.026012e-9	1.0964780000000002e-8	930.6904481439664
0.00001044149	1.060405e-9	1.1220179999999998e-8	930.6936613316362
0.00001068473	1.095924e-9	1.148154e-8	930.6962240256969
0.00001093364	1.132607e-9	1.174898e-8	930.6997379346973
0.00001118834	1.170491e-9	1.202264e-8	930.7032807270284
0.00001144898	1.209614e-9	1.230269e-8	930.7061800305462
0.00001171569	1.250016e-9	1.258925e-8	930.7099323629286
0.00001198861	1.291738e-9	1.28825e-8	930.7123413933631
0.00001226789	1.334822e-9	1.318257e-8	930.7156967116427
0.00001255368	1.379313e-9	1.3489630000000002e-8	930.7193238806401
0.00001284613	1.425255e-9	1.3803840000000001e-8	930.7232809855808
0.00001314539	1.472695e-9	1.4125379999999998e-8	930.7263022304534
0.00001345162	1.52168e-9	1.44544e-8	930.729859419969
0.00001376498	1.57226e-9	1.479108e-8	930.733405539014
0.00001408565	1.624487e-9	1.513561e-8	930.7371481559052
0.00001441378	1.678413e-9	1.548817e-8	930.7399397733883
0.00001474956	1.734091e-9	1.584893e-8	930.7438477550221
0.00001509316	1.791579e-9	1.6218099999999996e-8	930.7472255689632
0.00001544477	1.850934e-9	1.6595870000000003e-8	930.7508997117957
0.00001580457	1.912216e-9	1.6982440000000004e-8	930.7544861633544
0.00001617275	1.975486e-9	1.737801e-8	930.7582102899008
0.00001654951	2.040808e-9	1.778279e-8	930.7623161494905
0.00001693504	2.108247e-9	1.819701e-8	930.7654525111543
0.00001732956	2.17787e-9	1.8620870000000003e-8	930.7695005657631
0.00001773327	2.249748e-9	1.9054609999999996e-8	930.7731697473735
0.00001814639	2.323952e-9	1.949845e-8	930.7772644492253
0.00001856912	2.400556e-9	1.995262e-8	930.7810481029559
0.00001900171	2.479638e-9	2.041738e-8	930.7849311713843
0.00001944438	2.561274e-9	2.089296e-8	930.7891880327153
0.00001989735	2.645548e-9	2.137962e-8	930.7927618919325
0.00002036089	2.732543e-9	2.187762e-8	930.7969762250191
0.00002083522	2.822346e-9	2.238721e-8	930.801218463578
0.0000213206	2.915045e-9	2.290868e-8	930.8050505310651
0.00002181729	3.010733e-9	2.344229e-8	930.8092653490764
0.00002232555	3.109505e-9	2.398833e-8	930.8134207341653
0.00002284565	3.211459e-9	2.4547090000000004e-8	930.8175208955521
0.00002337787	3.316696e-9	2.5118860000000003e-8	930.8219678759307
0.00002392249	3.42532e-9	2.5703959999999997e-8	930.8260408123884
0.0000244798	3.53744e-9	2.6302680000000005e-8	930.8305252544607
0.00002505009	3.653165e-9	2.691535e-8	930.8347528454952
0.00002563367	3.77261e-9	2.754229e-8	930.8391789498985
0.00002623084	3.895894e-9	2.8183830000000005e-8	930.8435331181034
0.00002684193	4.023137e-9	2.8840320000000005e-8	930.8479634414597
0.00002746725	4.154466e-9	2.9512090000000002e-8	930.852557917789
0.00002810714	4.29001e-9	3.019952e-8	930.8568483869942
0.00002876195	4.429903e-9	3.090295e-8	930.8619372260578
0.000029432	4.574283e-9	3.162278e-8	930.8661124354026
0.00003011767	4.723291e-9	3.235937e-8	930.8708201364859
0.00003081931	4.877074e-9	3.311311e-8	930.8756282330471
0.0000315373	5.035783e-9	3.388442e-8	930.8802034386305
0.00003227202	5.199575e-9	3.4673690000000004e-8	930.8850478561699
0.00003302385	5.36861e-9	3.548134e-8	930.8898313874276
0.00003379321	5.543054e-9	3.630781000000001e-8	930.8948420188383
0.00003458048	5.723078e-9	3.715352e-8	930.8997661056071
0.0000353861	5.908859e-9	3.801894e-8	930.9046716978434
0.00003621049	6.100579e-9	3.890451e-8	930.9098245678972
0.00003705408	6.298425e-9	3.981072e-8	930.9145482674014
0.00003791733	6.502591e-9	4.073803e-8	930.9196490601042
0.0000388007	6.713277e-9	4.168694e-8	930.9249677956693
0.00003970464	6.930689e-9	4.265795e-8	930.9301241386424
0.00004062964	7.155039e-9	4.3651580000000004e-8	930.9352614269632
0.0000415762	7.386547e-9	4.466836000000001e-8	930.9405258442439
0.00004254481	7.625437e-9	4.570882e-8	930.9458313953413
0.00004353598	7.871944e-9	4.677351000000001e-8	930.9511290471894
0.00004455025	8.126309e-9	4.786301e-8	930.9564172625165
0.00004558815	8.388777e-9	4.897787999999999e-8	930.9618704811234
0.00004665024	8.659607e-9	5.011872e-8	930.9675029011116
0.00004773706	8.93906e-9	5.1286140000000005e-8	930.9727552122268
0.00004884922	9.22741e-9	5.248074999999999e-8	930.9784522896492
0.00004998728	9.524937e-9	5.370317999999999e-8	930.984067181869
0.00005115186	9.831929e-9	5.495409e-8	930.9897030230143
0.00005234357	1.014869e-8	5.623413e-8	930.9954415583561
0.00005356305	1.047552e-8	5.7543990000000006e-8	931.0012308844068
0.00005481094	1.081274e-8	5.888436999999999e-8	931.0068654890932
0.00005608791	1.116067e-8	6.025596e-8	931.0128105170013
0.000057394629999999996	1.151966e-8	6.16595e-8	931.0187345015772
0.00005873179	1.189006e-8	6.309573e-8	931.0246519059214
0.00006010011	1.227221e-8	6.456542e-8	931.0306075605178
0.00006150031	1.26665e-8	6.606934e-8	931.0366427150628
0.00006293314	1.30733e-8	6.76083e-8	931.0426870665287
0.00006439935	1.349302e-8	6.91831e-8	931.0488113426546
0.00006589972	1.392604e-8	7.079457999999999e-8	931.0549768075465
0.00006743505	1.43728e-8	7.24436e-8	931.0611675841619
0.00006900616	1.483373e-8	7.413102e-8	931.0676384865607
0.00007061387	1.530926e-8	7.585776e-8	931.0738843329938
0.00007225904	1.579987e-8	7.762470999999999e-8	931.0803205577195
0.00007394254	1.630602e-8	7.943281999999999e-8	931.0867475182173
0.00007566527	1.682821e-8	8.128305e-8	931.0932378890802
0.00007742814	1.736693e-8	8.317638000000002e-8	931.0997536800711
0.00007923208	1.792272e-8	8.51138e-8	931.1063860384567
0.00008107806	1.849609e-8	8.709636e-8	931.1130349190254
0.00008296705	1.908762e-8	8.912509e-8	931.1198184484302
0.00008490005	1.969786e-8	9.120108000000001e-8	931.1265596854773
0.00008687809	2.03274e-8	9.332543e-8	931.1333191821351
0.00008890223	2.097686e-8	9.549926000000002e-8	931.1402712439865
0.00009097352	2.164686e-8	9.772372e-8	931.1471857600181
0.00009309308	2.233804e-8	9.999999999999998e-8	931.1541804000001
0.00009526202	2.305107e-8	1.0232929999999999e-7	931.1611734859908
0.00009748151	2.378664e-8	1.0471290000000001e-7	931.1679519906335
0.0000997527	2.454544e-8	1.071519e-7	931.1756995442918
0.0001020768	2.532822e-8	1.0964780000000002e-7	931.1826431538069
0.0001044551	2.613572e-8	1.1220180000000002e-7	931.1903705644651
0.0001068888	2.696873e-8	1.148154e-7	931.1971105792429
0.0001093792	2.782803e-8	1.174898e-7	931.2044792824568
0.0001119276	2.871447e-8	1.202264e-7	931.2123998556058
0.0001145354	2.962888e-8	1.230269e-7	931.2193421113595
0.000117204	3.057214e-8	1.2589249999999996e-7	931.2276119705305
0.0001199348	3.154517e-8	1.28825e-7	931.2349712400544
0.0001227291	3.254889e-8	1.318257e-7	931.242154526773
0.0001255886	3.358427e-8	1.348963e-7	931.2500362871333
0.0001285148	3.465231e-8	1.3803839999999998e-7	931.2586375240514
0.0001315091	3.575401e-8	1.412538e-7	931.265948314311
0.0001345732	3.689045e-8	1.44544e-7	931.2741480102943
0.0001377086	3.806271e-8	1.479108e-7	931.281980152903
0.0001409172	3.927191e-8	1.513561e-7	931.2903273141949
0.0001442005	4.051922e-8	1.548817e-7	931.2980114500293
0.0001475603	4.180582e-8	1.584893e-7	931.3064403716844
0.0001509984	4.313295e-8	1.62181e-7	931.314598812438
0.0001522496	4.361852e-8	1.6352440000000002e-7	931.3180083216938
0.0001581168	4.397829e-8	1.698244e-7	931.3195176311532
0.0001618009	4.537383e-8	1.7378009999999998e-7	931.3280049326708
0.0001655708	4.681333e-8	1.778279e-7	931.336496297825
0.0001694285	4.829814e-8	1.8197010000000003e-7	931.3442051194124
0.0001733762	4.982969e-8	1.862087e-7	931.3529909719579
0.0001774158	5.140945e-8	1.905461e-7	931.3610168352959
0.0001815496	5.303892e-8	1.949845e-7	931.3696161489759
0.0001857796	5.471966e-8	1.995262e-7	931.378032859845
0.0001901083	5.645329e-8	2.0417380000000003e-7	931.3866582783883
0.0001945378	5.824145e-8	2.089296e-7	931.3952711822548
0.0001990706	6.008585e-8	2.1379619999999998e-7	931.4042337983557
0.000203709	6.198825e-8	2.1877620000000004e-7	931.4129610533503
0.0002084554	6.395048e-8	2.238721e-7	931.421782705393
0.0002133125	6.597441e-8	2.290868e-7	931.4306822130301
0.0002182827	6.806196e-8	2.3442290000000002e-7	931.4395562890827
0.0002233688	7.021512e-8	2.398833e-7	931.4488133188096
0.0002285734	7.243597e-8	2.454709e-7	931.458009768164
0.0002338992	7.47266e-8	2.511886e-7	931.4671390341758
0.0002393492	7.708921e-8	2.570396e-7	931.4762752898774
0.0002449262	7.952605e-8	2.630268e-7	931.4857879501252
0.0002506332	8.203945e-8	2.691535e-7	931.4953714144532
0.0002564731	8.463179e-8	2.754229e-7	931.5047216117468
0.0002624491	8.730556e-8	2.818383e-7	931.5142958213982
0.0002685644	9.006329e-8	2.884032e-7	931.5238641249474
0.0002748222	9.290762e-8	2.951209e-7	931.5338480602355
0.0002812258	9.584125e-8	3.019952e-7	931.5434193987189
0.0002877787	9.886699e-8	3.090295e-7	931.5536768819806
0.0002944843	1.019877e-7	3.1622779999999993e-7	931.5635364759203
0.0003013461	1.052064e-7	3.235937e-7	931.5734713005846
0.0003083678	1.085261e-7	3.311311e-7	931.5836721467721
0.0003155532	1.119499e-7	3.388442e-7	931.5937823341818
0.000322906	1.154813e-7	3.4673689999999997e-7	931.603995132909
0.0003304302	1.191234e-7	3.548134e-7	931.6145427427488
0.0003381298	1.228797e-7	3.630781e-7	931.6251233550028
0.0003460087	1.267539e-7	3.715352e-7	931.6356940069205
0.0003540713	1.307497e-7	3.801894e-7	931.646304973258
0.0003623218	1.348707e-7	3.890451e-7	931.6572055527752
0.0003707645	1.39121e-7	3.9810719999999996e-7	931.6677040756862
0.000379404	1.435046e-7	4.073803e-7	931.6785927056364
0.0003882449	1.480256e-7	4.1686939999999994e-7	931.6896985002976
0.0003972918	1.526884e-7	4.2657950000000004e-7	931.7008632622992
0.0004065495	1.574974e-7	4.365158e-7	931.7119733123062
0.000416023	1.624571e-7	4.466836e-7	931.7231640024393
0.0004257172	1.675723e-7	4.570882e-7	931.7343398932635
0.0004356374	1.728478e-7	4.677351e-7	931.7458702586143
0.0004457888	1.782886e-7	4.786301e-7	931.7572977545709
0.0004561768	1.839e-7	4.897788e-7	931.7689944930241
0.0004668068	1.896872e-7	5.011872000000001e-7	931.7805546510366
0.0004776847	1.956557e-7	5.128614e-7	931.7924018068038
0.000488816	2.018113e-7	5.248074999999999e-7	931.80415923934
0.0005002068	2.081596e-7	5.370318e-7	931.8162529667703
0.000511863	2.147069e-7	5.495409e-7	931.8281985926798
0.0005237909	2.214592e-7	5.623413e-7	931.8404307135186
0.0005359968	2.28423e-7	5.754399e-7	931.8526973885542
0.0005484872	2.35605e-7	5.888437e-7	931.864949900967
0.0005612686	2.430119e-7	6.025596e-7	931.8772979469582
0.000574348	2.506507e-7	6.165950000000001e-7	931.8898964474249
0.0005877322	2.585287e-7	6.309573e-7	931.9025688426141
0.0006014284	2.666534e-7	6.456542e-7	931.9153401309865
0.0006154438	2.750324e-7	6.606934e-7	931.9282323692048
0.0006297858	2.836738e-7	6.76083e-7	931.9410099055883
0.0006444621	2.925858e-7	6.918309999999999e-7	931.9540260554962
0.0006594805	3.017767e-7	7.079458e-7	931.9672165581036
0.0006748489	3.112553e-7	7.244360000000001e-7	931.9804030997907
0.0006905755	3.210305e-7	7.413102e-7	931.9938272804017
0.0007066687	3.311117e-7	7.585776e-7	932.0072352518714
0.0007231369	3.415085e-7	7.762470999999999e-7	932.0207553754467
0.000739989	3.522305e-7	7.943282000000001e-7	932.0344292195593
0.0007707905	3.569864e-7	8.273756e-7	932.0404014815036
0.0007748804	3.595303e-7	8.317637999999999e-7	932.0433641137063
0.0007929382	3.708164e-7	8.51138e-7	932.0568655141705
0.0008114169	3.824555e-7	8.709635999999999e-7	932.07035919756
0.0008303263	3.944589e-7	8.912509000000001e-7	932.0840617383948
0.0008420832	4.019687e-7	9.038643999999999e-7	932.0924341084792
0.0008694773	4.088093e-7	9.332543e-7	932.0997602689856
0.0008897397	4.216374e-7	9.549926e-7	932.1133351190365
0.0009104744	4.348669e-7	9.772372e-7	932.1270894108411
0.0009316923	4.485103e-7	1.e-6	932.1408103
0.0009534047999999999	4.625804e-7	1.023293e-6	932.154700950754
0.0009756234	4.770906e-7	1.047129e-6	932.1683294035405
0.0009983599	4.920546e-7	1.071519e-6	932.1831480356392
0.001021626	5.074866e-7	1.096478e-6	932.1969858036367
0.001045435	5.234013e-7	1.122018e-6	932.2117838572999
0.001069799	5.398137e-7	1.1481539999999999e-6	932.2258283296492
0.00109473	5.567393e-7	1.174898e-6	932.2398534170626
0.001120243	5.741942e-7	1.2022639999999998e-6	932.2554731739451
0.00114635	5.921948e-7	1.230269e-6	932.2694425365507
0.001173066	6.107583e-7	1.2589250000000002e-6	932.2848925074964
0.001200405	6.299022e-7	1.28825e-6	932.2995553658066
0.001228381	6.496446e-7	1.3182569999999998e-6	932.3149011156398
0.001257009	6.700042e-7	1.348963e-6	932.3302449362956
0.001286304	6.910003e-7	1.3803840000000001e-6	932.3456373733686
0.001316283	7.126527e-7	1.4125380000000002e-6	932.3612198043521
0.00134696	7.34982e-7	1.44544e-6	932.3769800199246
0.001378352	7.580093e-7	1.479108e-6	932.3930431719658
0.001410476	7.817563e-7	1.513561e-6	932.4089060830717
0.001443348	8.062455e-7	1.5488170000000002e-6	932.4240665617693
0.001476987	8.315002e-7	1.584893e-6	932.4405497405818
0.00151141	8.575441e-7	1.62181e-6	932.4566651457322
0.001546636	8.84402e-7	1.6595870000000002e-6	932.4732008626243
0.001582683	9.120992e-7	1.6982439999999998e-6	932.4897359861128
0.00161957	9.406619e-7	1.7378009999999997e-6	932.5064618445956
0.001657316	9.701172e-7	1.7782789999999998e-6	932.523027713874
0.001695943	1.000493e-6	1.8197010000000002e-6	932.5397375722715
0.001735471	1.031818e-6	1.8620869999999998e-6	932.5572961950758
0.001739608	1.03511e-6	1.866524e-6	932.5586544828782
0.00181731	1.051185e-6	1.949845e-6	932.567042508507
0.001859665	1.084093e-6	1.995262e-6	932.5838376113012
0.001903008	1.11803e-6	2.041738e-6	932.6005736289377
0.001947361	1.153027e-6	2.089296e-6	932.6175070454354
0.001992748	1.189118e-6	2.137962e-6	932.6344986487131
0.002039193	1.226336e-6	2.1877619999999994e-6	932.6514200356346
0.002086721	1.264716e-6	2.238721e-6	932.6690177114523
0.002135357	1.304296e-6	2.290868e-6	932.6863424693173
0.002185127	1.345112e-6	2.3442290000000005e-6	932.7041479309399
0.002236057	1.387203e-6	2.398833e-6	932.721953966783
0.002288174	1.430608e-6	2.4547090000000004e-6	932.7397292306338
0.002341506	1.47537e-6	2.511886e-6	932.7578441059826
0.002396082	1.52153e-6	2.5703960000000003e-6	932.7759341362187
0.00245193	1.569131e-6	2.630268e-6	932.7943506137017
0.00250908	1.618219e-6	2.691535e-6	932.812770036429
0.002567562	1.66884e-6	2.7542290000000004e-6	932.8312351659937
0.002627408	1.721042e-6	2.818383e-6	932.850163373821
0.002688649	1.774875e-6	2.8840319999999994e-6	932.8689400811087
0.002751317	1.830388e-6	2.951209e-6	932.8879750637791
0.002815447	1.887635e-6	3.019952e-6	932.9070909074052
0.002881072	1.94667e-6	3.090295e-6	932.9266849928567
0.002948227	2.007549e-6	3.1622780000000004e-6	932.9459803976753
0.003016947	2.070328e-6	3.235937e-6	932.9654217619192
0.00308727	2.135068e-6	3.311311e-6	932.9854755412584
0.003159232	2.201829e-6	3.388442e-6	933.0051477935878
0.003232872	2.270675e-6	3.467369e-6	933.0252058549291
0.003308229	2.34167e-6	3.548134e-6	933.0455585950249
0.003385343	2.414882e-6	3.630781e-6	933.0658836211823
0.003464255	2.49038e-6	3.715352e-6	933.0866577379478
0.003545007	2.568235e-6	3.801894e-6	933.1073499155948
0.003627641	2.648521e-6	3.890451e-6	933.1281954200168
0.003712203	2.731313e-6	3.981072e-6	933.1492404558369
0.003798736	2.81669e-6	4.073803e-6	933.170477315668
0.003887286	2.904733e-6	4.168694e-6	933.191722155668
0.003977901	2.995524e-6	4.265795e-6	933.2132753683661
0.004070629	3.089149e-6	4.365158e-6	933.2349823305365
0.00416552	3.185697e-6	4.466836e-6	933.2569400354076
0.004262622	3.285258e-6	4.570882e-6	933.2787978337661
0.004361989	3.387928e-6	4.677351e-6	933.3011202280951
0.004463673	3.493802e-6	4.786301e-6	933.3234165590504
0.004567728	3.602982e-6	4.897788e-6	933.346029268723
0.00467421	3.715569e-6	5.011872000000001e-6	933.368922630107
0.004783174	3.83167e-6	5.128614e-6	933.3916863308489
0.004894679	3.951396e-6	5.2480750000000006e-6	933.4147084407139
0.005008784	4.074858e-6	5.370318000000001e-6	933.4379934298116
0.00512555	4.202174e-6	5.495409e-6	933.4613991424478
0.005245039	4.333463e-6	5.623413e-6	933.4851384737347
0.005367314	4.46885e-6	5.754399000000001e-6	933.5089294294677
0.00549244	4.608463e-6	5.888436999999999e-6	933.5326951787038
0.005620485	4.752432e-6	6.025596e-6	933.5570177622263
0.005751515	4.900895e-6	6.165950000000001e-6	933.5813451292987
0.005885601	5.053992e-6	6.309573000000001e-6	933.6059654116054
0.006022814	5.211866e-6	6.456542e-6	933.6307060342826
0.006163226	5.374667e-6	6.606934e-6	933.655560506583
0.006306914	5.542549e-6	6.76083e-6	933.680709173282
0.006349596	5.592666e-6	6.8065439999999995e-6	933.6880311065352
0.006604413	5.624687e-6	7.079458e-6	933.6926198305013
0.006758382	5.800371e-6	7.24436e-6	933.7170393243848
0.006915942	5.981537e-6	7.413101999999999e-6	933.7418447769908
0.007077177	6.168356e-6	7.5857760000000005e-6	933.7667439692393
0.007242171	6.361006e-6	7.762471e-6	933.7918307198829
0.007411014	6.559667e-6	7.943282e-6	933.8172391462371
0.007583794	6.764527e-6	8.128305e-6	933.8427294497438
0.007760603	6.97578e-6	8.317638e-6	933.8683385836218
0.007941535	7.193624e-6	8.511379999999998e-6	933.8942244383402
0.008126688	7.418266e-6	8.709636e-6	933.9203459249043
0.008316158	7.649917e-6	8.912509000000001e-6	933.9466492544357
0.008510047	7.888797e-6	9.120108e-6	933.9731280594484
0.008708458	8.13513e-6	9.332543e-6	933.999782267277
0.008911497	8.389149e-6	9.549926e-6	934.0267295264908
0.009119271	8.651094e-6	9.772372e-6	934.053891317277
0.00933189	8.921211e-6	0.00001	934.0811211
0.009549469	9.199757e-6	0.00001023293	934.1086821663004
0.009772122	9.486993e-6	0.00001047129	934.1360035869504
0.009999969	9.783191e-6	0.000010715190000000001	934.1646943264655
0.01023313	0.00001008863	0.00001096478	934.1928091580496
0.01047173	0.0000104036	0.00001122018	934.2215187278636
0.01071589	0.0000107284	0.00001148154	934.2490989884633
0.01096575	0.00001106332	0.00001174898	934.2779815779753
0.01122144	0.0000114087	0.00001202264	934.3079972451973
0.01148309	0.00001176485	0.000012302690000000001	934.3367060374601
0.01175084	0.00001213212	0.00001258925	934.3663935500526
0.01202484	0.00001251084	0.000012882499999999999	934.3955629730254
0.01230523	0.00001290138	0.00001318257	934.4256377929341
0.01259216	0.0000133041	0.000013489630000000003	934.4558820367942
0.01288579	0.00001371938	0.00001380384	934.487025349468
0.01318626	0.00001414762	0.00001412538	934.5169914012932
0.01349374	0.00001458922	0.000014454400000000002	934.5479037524906
0.0138084	0.00001504459	0.00001479108	934.5798001227768
0.01413039	0.00001551417	0.000015135610000000002	934.6107735334089
0.0144599	0.0000159984	0.00001548817	934.6422721341514
0.01479709	0.00001649773	0.00001584893	934.6743111364617
0.01514215	0.00001701264	0.0000162181	934.7064477343215
0.01549526	0.00001754362	0.00001659587	934.7388006775179
0.01561285	0.00001772134	0.00001672167	934.7494203629183
0.01622636	0.00001772535	0.00001737801	934.7494534759734
0.01660474	0.00001827855	0.00001778279	934.7812435506464
0.01699195	0.00001884901	0.00001819701	934.8128626626021
0.01738819	0.00001943727	0.00001862087	934.8450029456195
0.01779367	0.00002004387	0.00001905461	934.8768549972947
0.01820861	0.0000206694	0.00001949845	934.9091543173945
0.01863323	0.00002131444	0.000019952619999999997	934.942099834508
0.01906776	0.0000219796	0.00002041738	934.9749869963726
0.01951243	0.0000226655	0.00002089296	935.0085148298758
0.01996746	0.0000233728	0.00002137962	935.0415395596367
0.02043312	0.00002410216	0.00002187762	935.0753034379425
0.02090964	0.00002485428	0.00002238721	935.1095683651514
0.02139727	0.00002562985	0.000022908679999999995	935.1433539601584
0.02189629	0.00002642961	0.00002344229	935.1782445315708
0.02240694	0.00002725432	0.00002398833	935.2128439120188
0.02292951	0.00002810475	0.00002454709	935.2479153333451
0.02346427	0.00002898171	0.00002511886	935.2833572064974
0.02401151	0.00002988602	0.00002570396	935.3187610002506
0.02457152	0.00003081853	0.00002630268	935.354820497379
0.02514459	0.00003178013	0.000026915349999999996	935.3907762670744
0.02573104	0.00003277172	0.00002754229	935.4273635198816
0.02633116	0.00003379424	0.00002818383	935.4638542738867
0.02694529	0.00003484865	0.000028840319999999997	935.5006688552693
0.02757376	0.00003593595	0.00002951209	935.5384843974113
0.02821688	0.00003705715	0.00003019952	935.5757028588533
0.02887501	0.00003821333	0.00003090295	935.6136980450085
0.0295485	0.00003940557	0.00003162278	935.6516274027774
0.03023771	0.00004063499	0.00003235937	935.6901877261517
0.03094299	0.00004190275	0.00003311311	935.7288623750533
0.03166474	0.00004321006	0.00003388442	935.7678266294656
0.03240333	0.00004455813	0.00003467368999999999	935.8071820449453
0.03315915	0.00004594825	0.00003548134	935.8467929903436
0.03393262	0.00004738172	0.000036307810000000006	935.8868441803568
0.03472413	0.0000488599	0.00003715352	935.9271988226151
0.03553411	0.00005038418	0.00003801894	935.9675514362053
0.03561557	0.00005053811	0.00003810597000000001	935.9716629703953
0.03721117	0.00005064854	0.00003981072	935.9744948094383
0.03807912	0.0000522286	0.00004073803	936.0135627569622
0.03896734	0.00005385794	0.000041686940000000005	936.05330446418
0.03987628	0.00005553809	0.00004265795	936.0932274054426
0.04080643	0.00005727064	0.00004365157999999999	936.1333688265122
0.04175829	0.00005905722	0.00004466836	936.1737753523972
0.04273236	0.00006089952	0.00004570882000000001	936.2144881447387
0.04372916	0.00006279928	0.00004677351	936.2555703003687
0.04474923	0.00006475828	0.00004786301	936.2969081969563
0.04579311	0.00006677837	0.00004897788000000001	936.3387792611684
0.04686135	0.00006886146	0.00005011872	936.3808864232766
0.04795452	0.00007100952	0.00005128614	936.4231646210848
0.0490732	0.00007322456	0.000052480750000000004	936.465743343988
0.05021799	0.00007550868	0.00005370318	936.5087631682146
0.05138951	0.00007786403	0.00005495409	936.5522025749129
0.0543213	0.00007956368	0.00005808442	936.5827132301572
0.05507053	0.00008102877	0.000058884370000000006	936.6077750343596
0.05635521	0.00008355627	0.00006025596	936.6503540894545
0.05766986	0.0000861626	0.0000616595	936.6930091875544
0.05901521	0.0000888502	0.00006309573	936.736292614413
0.06039195	0.00009162162	0.00006456542	936.7796510887716
0.06180083	0.00009447946	0.00006606934	936.8234866581079
0.06324259	0.00009742642	0.00006760830000000001	936.8674618353073
0.064718	0.0001004653	0.0000691831	936.9118368503291
0.06622785	0.0001035989	0.00007079458	936.9565989373764
0.06777295	0.0001068303	0.0000724436	937.0017544683036
0.06935411	0.0001101624	0.00007413101999999999	937.0473035444542
0.0709025	0.0001134499	0.0000757834	937.0911030647873
0.07432237	0.0001161892	0.00007943282	937.12597890897
0.0760563	0.0001198131	0.00008128305	937.1709489247758
0.07783072	0.0001235501	0.00008317637999999999	937.2164321169063
0.07964655	0.0001274036	0.00008511380000000001	937.262272392961
0.08150477	0.0001313772	0.00008709636	937.3083697183213
0.08340637	0.0001354748	0.00008912509	937.3549558266924
0.08535236	0.0001397002	0.00009120108	937.4018399782108
0.08734377	0.0001440573	0.00009332543	937.4489600530103
0.08938168	0.0001485503	0.00009549926000000002	937.4965868845475
0.09146716	0.0001531833	0.00009772372000000001	937.5445725971136
0.09360132	0.0001579609	0.00010000000000000002	937.592809
0.09578532	0.0001628874	0.0001023293	937.6415884795459
0.09802029	0.0001679676	0.00010471289999999999	937.69017570901
0.1003075	0.0001732062	0.0001071519	937.7407792115678
0.1008452	0.0001744436	0.0001077254	937.7513901085538
0.105043	0.0001766863	0.0001122018	937.7718209511792
0.107494	0.0001821968	0.00011481539999999999	937.8201600133781
0.1100021	0.0001878791	0.0001174898	937.8684711353667
0.1125689	0.0001937385	0.0001202264	937.9191134393112
0.1151955	0.0001997807	0.0001230269	937.9678810081374
0.1178835	0.0002060113	0.0001258925	938.0186373294678
0.1206342	0.0002124361	0.000128825	938.06820182418
0.1234492	0.0002190613	0.0001318257	938.1195115975111
0.1263299	0.0002258931	0.00013489629999999998	938.1709735552421
0.1292778	0.0002329379	0.0001380384	938.2225373519253
0.1322946	0.0002402024	0.0001412538	938.2742439495433
0.1353818	0.0002476934	0.000144544	938.3266922182864
0.1385411	0.000255418	0.0001479108	938.3798748975736
0.1417742	0.0002633835	0.0001513561	938.4331619274014
0.1450827	0.0002715973	0.0001548817	938.4859366858708
0.1484686	0.0002800673	0.0001584893	938.5407551172225
0.1519335	0.0002888014	0.000162181	938.5951584957547
0.1554793	0.0002978078	0.00016595869999999998	938.649843605668
0.1580418	0.000304359	0.0001686886	938.6891526754032
0.1666209	0.0003123413	0.0001778279	938.7348177648163
0.1705093	0.0003220817	0.0001819701	938.7881948737733
0.1744886	0.0003321258	0.0001862087	938.8429530951023
0.1785609	0.0003424831	0.0001905461	938.8981621770271
0.1827282	0.0003531634	0.0001949845	938.9534214258057
0.1869928	0.0003641767	0.0001995262	939.0093967609266
0.1913571	0.0003755334	0.00020417380000000001	939.0658027621565
0.1958232	0.0003872442	0.00020892960000000002	939.1222890389873
0.2003937	0.0003993201	0.00021379619999999997	939.1795555767595
0.2050709	0.0004117726	0.0002187762	939.2368667158494
0.2098573	0.0004246134	0.0002238721	939.2948625576836
0.2147556	0.0004378545	0.0002290868	939.3533564570284
0.2195833	0.0004510029	0.00023422600000000003	939.4102401099792
0.2301469	0.0004577091	0.0002454709	939.4376649126231
0.2355185	0.0004719822	0.0002511886	939.4951928550897
0.2410156	0.0004867003	0.00025703960000000007	939.5528949624882
0.2466411	0.0005018774	0.0002630268	939.611390930506
0.2477387	0.0005048519	0.0002641949	939.622800818638
0.252398	0.0005128182	0.0002691535	939.6527193590274
0.2582891	0.0005205402	0.00027542290000000003	939.6809059813108
0.2643176	0.0005274976	0.00028183829999999996	939.7058440957101
0.2704868	0.0005340658	0.0002884032	939.7290522435256
0.2767997	0.0005404122	0.00029512090000000004	939.7508349967759
0.2832599	0.0005466289	0.0003019952	939.7716549799468
0.2898706	0.0005527728	0.0003090295	939.7917441538751
0.2966355	0.0005588853	0.0003162277999999999	939.811064365625
0.3035582	0.0005650021	0.0003235937	939.8304172794464
0.3106422	0.0005711428	0.00033113110000000006	939.8493309749521
0.3178913	0.0005773289	0.0003388442	939.867434354786
0.3253095	0.0005835763	0.0003467369	939.8857643936944
0.3329006	0.0005899026	0.0003548134	939.9039117462869
0.3406687	0.0005963157	0.00036307810000000006	939.9217845967576
0.3486178	0.0006028331	0.0003715352	939.9395618503979
0.3567523	0.0006094621	0.0003801894	939.9571952821411
0.3650764	0.0006162136	0.00038904510000000006	939.9748604981788
0.3735945	0.0006230992	0.0003981072	939.9920403348646
0.3823113	0.0006301256	0.0004073803	940.0096803895525
0.3912312	0.0006373026	0.0004168694	940.0270266898937
0.4003591	0.0006446377	0.0004265795	940.0445584000169
0.4096997	0.0006521454	0.00043651579999999995	940.0618383114655
0.4192582	0.0006598278	0.00044668359999999995	940.079348782897
0.4290394	0.0006677003	0.0004570882	940.0966822158175
0.4390486	0.0006757658	0.00046773510000000003	940.1141068951208
0.4492912	0.0006840339	0.0004786301	940.1315000874371
0.4597726	0.0006925184	0.0004897788	940.1491416124993
0.4814738	0.0007011234	0.0005128614	940.1661411835635
0.4927052	0.0007103862	0.0005248075	940.1839459230289
0.5041984	0.000719897	0.0005370318000000002	940.2018595546855
0.5159596	0.0007296677	0.0005495409000000001	940.2198593407696
0.5279949	0.0007397086	0.0005623413	940.2379099667764
0.5403108	0.0007500283	0.0005754399	940.2560168316447
0.5529139	0.00076064	0.0005888437	940.2742017958244
0.5658108	0.0007715486	0.0006025596	940.2926259908562
0.5790083	0.0007827725	0.000616595	940.311018577835
0.5925135	0.0007943171	0.0006309573	940.3295866455622
0.6063335	0.0008061996	0.0006456542	940.3480990288608
0.6204758	0.0008184282	0.0006606934	940.3669360099557
0.6349477	0.0008310163	0.0006760829999999998	940.3855980700596
0.6497571	0.0008439751	0.000691831	940.4046293097592
0.6649117	0.0008573187	0.0007079458	940.4237142165404
0.6804196	0.0008710643	0.000724436	940.4428607910154
0.696289	0.000885219	0.0007413102	940.4621965271759
0.7125285	0.0008998009	0.0007585776000000001	940.4816341795487
0.7291465	0.000914823	0.0007762470999999999	940.5011922105732
0.746152	0.0009303016	0.0007943282	940.5209353010506
0.763554	0.0009462505	0.0008128305	940.5408021721624
0.7813617	0.0009626869	0.0008317638	940.5607540265639
0.7995845	0.0009796285	0.000851138	940.5808793638635
0.8182323	0.0009970903	0.0008709636	940.6011804626507
0.8373148	0.001015088	0.0008912509	940.6216453750567
0.8568422	0.001033644	0.0009120108	940.6421985353682
0.8768249	0.001052771	0.0009332543	940.6628729168459
0.8972736	0.001072492	0.0009549926	940.6838251940383
0.918199	0.001092826	0.0009772372	940.7049035791924
0.9396123	0.001113792	0.001	940.7260919999999
0.9615248	0.001135411	0.001023293	940.7473822258141
0.9839483000000001	0.001157703	0.001047129	940.7685232669519
1.006895	0.001180692	0.001071519	940.7912430857504
1.030376	0.001204401	0.0010964779999999997	940.8126756761195
1.054405	0.001228849	0.001122018	940.8350391883197
1.078994	0.001254065	0.001148154	940.8564225704914
1.104157	0.001280069	0.001174898	940.8791818523822
1.129906	0.001306894	0.001202264	940.9022427686433
1.16078	0.00132275	0.001235078	940.9144604632257
1.183219	0.001346557	0.001258925	940.9341755863138
1.210811	0.001376049	0.0012882500000000001	940.9563741509802
1.239047	0.001406466	0.0013182569999999998	940.9799955547363
1.267942	0.00143784	0.001348963	941.00419359167
1.29751	0.001470201	0.0013803839999999997	941.0281494134966
1.327767	0.001503579	0.0014125380000000003	941.0511993305665
1.35873	0.001538007	0.0014454399999999999	941.0753867334513
1.390415	0.001573518	0.001479108	941.0999859374704
1.422839	0.001610144	0.001513561	941.1243709371475
1.456019	0.001647922	0.001548817	941.148581142898
1.489973	0.001686887	0.0015848930000000002	941.1738754603623
1.524719	0.001727076	0.00162181	941.1990775738219
1.560275	0.001768526	0.0016595869999999997	941.2242479604867
1.59666	0.001811274	0.001698244	941.2494753404104
1.633894	0.001855364	0.0017378009999999998	941.2754187619872
1.671996	0.001900836	0.001778279	941.3015820352149
1.710986	0.00194773	0.0018197009999999997	941.3270257036733
1.750886	0.001996089	0.0018620869999999997	941.3534861690135
1.791717	0.002045964	0.001905461	941.3800460885843
1.833499	0.002097391	0.001949845	941.4063122966185
1.876257	0.002150423	0.0019952620000000003	941.4339685715461
1.920011	0.002205108	0.002041738	941.4607104339539
1.964786	0.002261495	0.0020892960000000005	941.4881831009104
2.010605	0.002319635	0.002137962	941.5156279671949
2.057492	0.002379577	0.002187762	941.5428081299519
2.105474	0.002441381	0.002238721	941.5712726150334
2.154574	0.002505096	0.002290868	941.599034077913
2.20482	0.00257078	0.002344229	941.6276225573524
2.256237	0.002638495	0.002398833	941.6560031481974
2.301204	0.002668723	0.002446585	941.6687844485273
2.362697	0.002750976	0.002511886	941.7019625890665
2.417796	0.002825259	0.0025703959999999995	941.730869095657
2.474181	0.002901822	0.0026302680000000003	941.7606198303748
2.53188	0.002980741	0.002691535	941.7899975292909
2.590926	0.003062081	0.0027542289999999995	941.8200451015512
2.651348	0.003145909	0.002818383	941.8499575820605
2.71318	0.003232301	0.0028840319999999995	941.8800835080888
2.776455	0.003321329	0.0029512089999999998	941.9110367988169
2.841205	0.003413069	0.0030199520000000002	941.9414841692849
2.907466	0.003507598	0.003090295	941.9727236396526
2.975272	0.003604995	0.0031622780000000006	942.0035161361524
3.04466	0.003705343	0.003235937	942.0348242255643
3.115667	0.003808728	0.0033113109999999995	942.066670270476
3.18833	0.003915228	0.003388442	942.0982351180867
3.262688	0.004024937	0.003467369	942.1301675708585
3.338781	0.004137945	0.0035481339999999997	942.1625409299648
3.416649	0.004254343	0.003630781	942.1949004911064
3.496333	0.004374226	0.003715352	942.2276075052915
3.577877	0.004497692	0.003801894	942.260539615255
3.661322	0.004624845	0.003890451	942.2935400034597
3.7467149999999996	0.004755782	0.0039810719999999996	942.3267858506451
3.834099	0.004890608	0.004073803	942.3601504540107
3.923522	0.005029431	0.004168694	942.3938123066841
4.015032	0.005172367	0.004265795	942.4279335973715
4.108676	0.005319531	0.004365158	942.461998168222
4.204505	0.005471035	0.004466836	942.4962176807029
4.302569	0.005626999	0.004570882	942.5305660920585
4.402922	0.005787548	0.004677350999999999	942.5654709257442
4.505616	0.005952815	0.004786301000000001	942.6003118065495
4.610706	0.006122923	0.004897788	942.6355168904821
4.718247	0.00629801	0.005011872	942.6707246314352
4.828298	0.006478212	0.005128614	942.706199374724
4.940916	0.006663677	0.005248075	942.7418009460611
5.056163	0.006854551	0.005370318	942.7779790693959
5.174097	0.007050987	0.005495408999999999	942.8138992020431
5.294784	0.007253135	0.005623413	942.850389078661
5.418287	0.007461169	0.005754399	942.8870276461538
5.544671	0.007675242	0.005888437	942.9236046849105
5.674004	0.007895537	0.006025596	942.9605863054874
5.806355	0.008122233	0.006165950000000001	942.9977915811837
5.941794	0.008355513	0.006309573000000001	943.0352122084964
6.080393	0.008595563	0.006456542	943.0727102836162
6.222227	0.008842591	0.006606933999999999	943.1106154534009
6.36737	0.009096805	0.00676083	943.1485194865129
6.5159	0.009358412	0.00691831	943.1867626631359
6.667895	0.00962764	0.007079458	943.2251226011933
6.823438	0.009904727	0.007244359999999999	943.2638255139171
6.98261	0.01018992	0.007413102000000001	943.3028063015995
7.145496	0.01048345	0.007585776	943.3417820404926
7.312184	0.01078561	0.007762471	943.3812519235177
7.482761	0.01109666	0.007943282	943.4208252961433
7.657319	0.01141689	0.008128305000000002	943.4606464693437
7.83595	0.01174662	0.008317638	943.5006212100118
8.01875	0.01208616	0.00851138	943.5410192001768
8.205816	0.01243585	0.008709636	943.5815515137486
8.397247	0.01279603	0.008912509	943.6223884879106
8.593146	0.01316708	0.009120108	943.663504862004
8.793617	0.0135494	0.009332543	943.7048830099149
8.998766	0.01394338	0.009549926	943.746514894461
9.208703	0.01434949	0.009772372	943.788518283995
9.42354	0.01476816	0.01	943.8308159999998
9.643391	0.01519989	0.01023293	943.8734448491292
9.868373	0.0156452	0.01047129	943.9160027083578
10.09861	0.01610465	0.01071519	943.9603637453001
10.33421	0.01657878	0.010964780000000002	944.0033251921151
10.57532	0.01706825	0.01122018	944.0479787311789
10.82205	0.01757369	0.01148154	944.0914450500544
11.07455	0.01809581	0.01174898	944.1369216732007
11.33293	0.01863534	0.01202264	944.1824208326956
11.59735	0.01919308	0.012302689999999998	944.2278948750234
11.86794	0.01976985	0.012589249999999998	944.2746668784877
12.14485	0.02036656	0.0128825	944.3210991655346
12.42822	0.02098417	0.013182570000000001	944.3685237400598
12.7182	0.02162368	0.01348963	944.4160944369859
13.01496	0.02228617	0.01380384	944.4651756322878
13.31864	0.02297282	0.01412538	944.5135507858904
13.62941	0.02368485	0.014454399999999997	944.5632367998672
13.94744	0.02442358	0.01479108	944.6141579925198
14.2729	0.02519041	0.01513561	944.6656203483044
14.60595	0.02598686	0.01548817	944.7169588143724
14.94678	0.02681453	0.01584893	944.7700589251135
15.29557	0.02767513	0.0162181	944.8236926643689
15.6525	0.02857048	0.01659587	944.8778810631803
16.01777	0.02950255	0.01698244	944.9332693064129
16.39157	0.03047343	0.01737801	944.9898711072213
16.7741	0.03148534	0.01778279	945.0477309803467
17.16556	0.03254067	0.01819701	945.1058536539794
19.2685	0.03356891	0.02042203	945.159169289243
19.71362	0.03472316	0.020892959999999995	945.2151901884654
20.17363	0.03594039	0.021379619999999995	945.272665744293
20.64438	0.03721237	0.02187762	945.3309989843502
21.12614	0.03854236	0.02238721	945.3916928460491
21.61914	0.03993383	0.02290868	945.4527205408605
22.12366	0.04139046	0.023442290000000005	945.5155814555659
22.63997	0.04291622	0.02398833	945.5800474647465
23.16834	0.0445153	0.02454709	945.6459115927795
23.70906	0.04619217	0.02511886	945.7137851797415
24.26241	0.04795161	0.025703960000000005	945.7827358119137
24.82869	0.04979869	0.02630268	945.8537567274515
25.40821	0.05173879	0.026915349999999998	945.9267217405682
26.00127	0.05377769	0.027542289999999997	946.0015013275948
26.60819	0.05592147	0.02818383	946.0783530840203
27.22931	0.05817664	0.02884032	946.1575544238067
27.86494	0.06055009	0.02951209	946.2389851074594
28.51544	0.06304915	0.030199519999999997	946.3226286378062
29.18115	0.06568159	0.030902949999999995	946.4090512394448
29.86242	0.0684557	0.03162278	946.4972940392969
30.55964	0.07138017	0.03235936999999999	946.5888912546816
31.27316	0.07446432	0.03311311	946.6831813743862
32.00338	0.07771794	0.03388442	946.7801998676679
32.75068	0.08115149	0.03467369	946.8802279192092
33.51548	0.08477594	0.03548134	946.9838495389406
34.29817	0.08860299	0.03630781	947.090253859982
35.09919	0.09264497	0.03715352	947.2005605390822
35.91896	0.09691487	0.03801894	947.3140195386825
36.75793	0.1014265	0.03890451	947.4314546051345
37.61655	0.1061944	0.039810719999999994	947.5524280897205
38.49528	0.1112339	0.04073803000000001	947.6774871048011
39.3946	0.1165612	0.041686940000000006	947.8067039701162
40.315	0.1221934	0.04265795	947.9403815701411
41.25697	0.1281485	0.04365158	948.0783627992389
42.22103	0.1344456	0.04466836	948.2209689364015
43.20769	0.1411047	0.04570882	948.3682733441817
44.2175	0.1481469	0.046773510000000004	948.5207952107935
45.25099	0.1555945	0.04786301	948.6779978944074
46.30874	0.163471	0.04897788	948.8408032360732
47.39131	0.1718011	0.05011871999999999	949.0088952790495
48.4993	0.1806108	0.05128614	949.1825822727153
49.6333	0.1899278	0.05248075000000001	949.3619622432986
50.79395	0.199781	0.05370318000000001	949.5476990375616
51.98187	0.2102012	0.054954090000000004	949.7395225723873
53.1977	0.2212206	0.05623413	949.9377086477554
54.44212	0.2328734	0.05754399	950.1425500734308
55.71581	0.245196	0.05888436999999999	950.3541601956513
57.01946	0.2582266	0.06025595999999999	950.5729657282036
58.35378	0.272006	0.061659500000000006	950.7989198744718
59.71952	0.2865773	0.06309573	951.0326182136255
61.11742	0.3019865	0.06456542	951.2740178875937
62.54825	0.3182824	0.06606934	951.5235417820127
64.0128	0.3355173	0.0676083	951.7813241865275
65.51187	0.3537469	0.06918309999999998	952.0477819004932
67.0463	0.3730309	0.07079458000000001	952.3233402896099
68.61693	0.3934335	0.0724436	952.6081461992502
70.22464	0.4150234	0.07413102	952.9028927431457
71.87031	0.4378751	0.07585776	953.2074912309565
73.55486	0.4620685	0.07762471	953.5227700045515
75.27923	0.4876904	0.07943282000000002	953.8490563472378
77.04438	0.5148349	0.08128304999999998	954.1868187771006
78.8513	0.543604	0.08317638	954.5366605279047
80.701	0.574109	0.08511379999999999	954.8993112750222
82.59451	0.606471	0.08709636	955.2750654562373
84.5329	0.6408227	0.08912508999999999	955.6649277997924
86.51727	0.6773087	0.09120108	956.069584921582
88.54874	0.7160882	0.09332543	956.4898677670169
90.62846	0.7573353	0.09549926	956.9267374427823
92.75761	0.8012418	0.09772372	957.3811946577556
94.93741	0.8480183	0.09999999999999999	957.854283
97.16912	0.8978966	0.1023293	958.3473804667872
99.454	0.9511327	0.1047129	958.8611594177986
101.7934	1.008008	0.1071519	959.3988347383482
104.1886	1.068834	0.1096478	959.9593790299485
106.6411	1.133952	0.1122018	960.5465509465979
109.1524	1.203741	0.1148154	961.1614905317579
111.7237	1.277711	0.11748980000000002	961.7976283898686
114.3568	1.356167	0.1202264	962.4588859019318
117.053	1.440037	0.1230269	963.1473848402261
119.8141	1.529994	0.1258925	963.8707150942273
122.6417	1.62671	0.128825	964.6296138171939
125.5375	1.730898	0.1318257	965.429335857879
128.5032	1.843323	0.1348963	966.2720400781933
131.5408	1.964819	0.1380384	967.1628981500799
134.652	2.096295	0.1412538	968.1034775701607
137.8389	2.238744	0.144544	969.1003708213415
141.1035	2.39325	0.1479108	970.157351592987
144.4479	2.560999	0.1513561	971.2783231068984
147.8743	2.743288	0.1548817	972.468587315351
151.3849	2.941531	0.1584893	973.7340691138139
154.9821	3.157272	0.162181	975.079522262164
158.6683	3.392194	0.16595869999999996	976.5109873721594
162.4461	3.648128	0.1698244	978.0351233391668
166.3181	3.927065	0.1737801	979.6585742556254
170.2871	4.231165	0.17782789999999998	981.3885503905743
174.356	4.562775	0.1819701	983.231723233652
178.5276	4.924429	0.18620869999999998	985.1957991221678
182.8053	5.318875	0.19054610000000002	987.2895587996815
187.1922	5.74907	0.19498450000000003	989.5210644948701
191.6917	6.218209	0.19952619999999996	991.8993545709787
196.3075	6.729724	0.2041738	994.4332916368311
201.0432	7.287304	0.20892960000000002	997.1325460825083
205.9028	7.894903	0.2137962	1000.007030059468
210.8904	8.556756	0.2187762	1003.0668601063553
216.0102	9.277386	0.22387210000000002	1006.3227441025479
221.2668	10.06162	0.2290868	1009.7850247155226
226.6649	10.91459	0.2344229	1013.4653653717278
232.2094	11.84176	0.23988330000000002	1017.3745316993721
237.9056	12.84892	0.24547090000000002	1021.5244250947871
243.759	13.94221	0.2511886	1025.9271718541368
249.7752	15.1281	0.25703960000000003	1030.5933404813889
255.9603	16.41344	0.2630268	1035.5360746509482
262.3206	17.80544	0.2691535	1040.766848656993
268.8628	19.31167	0.27542289999999997	1046.2981473218094
275.5939	20.94009	0.2818383	1052.1422744885988
282.5212	22.69904	0.2884032	1058.310864789295
289.6525	24.59725	0.29512089999999996	1064.8169953398758
296.9957	26.64383	0.3019952	1071.6711060308241
304.5595	28.84832	0.30902949999999996	1078.8867082268846
312.3528	31.22063	0.31622780000000006	1086.4744655593215
320.3849	33.7711	0.3235937	1094.4465235262614
328.6656	36.51048	0.3311311	1102.8142025922662
337.2042	39.23176	0.3388442	1110.9411345981428
340.2674457070519	40.09813009631004	0.3415924925694594	1113.4687702147703
471.7083420481145	40.098435583151094	0.4602288324067938	1113.468785039983
472.4658238176793	40.434489232718434	0.4603304801510516	1114.2002
473.5039495479944	40.89528528205264	0.4612617849513002	1115.2002
474.5441212964427	41.35701313565945	0.4621940888669453	1116.2002
475.5863422050738	41.81967379316651	0.46312739292227145	1117.2002
476.63061541901016	42.283268255225394	0.4640616981415632	1118.2002
477.67694408644695	42.74779752351231	0.46499700554910484	1119.2002
478.72533135865206	43.213262600727816	0.4659333161691811	1120.2002
479.77578038996666	43.679664490596366	0.4668706310260764	1121.2002
480.82829433780455	44.14700419786695	0.4678089511440753	1122.2002
481.8828763626521	44.61528272831293	0.4687482775474622	1123.2002
482.9395296280689	45.08450108873176	0.4696886112605216	1124.2002
483.9982573006873	45.55466028694524	0.4706299533075381	1125.2002
485.05906255021245	46.02576133179953	0.4715723047127961	1126.2002
486.1219485494223	46.49780523316507	0.47251566650058024	1127.2002
487.18691847416784	46.970793001936336	0.47346003969517486	1128.2002
488.253975503373	47.44472565003242	0.47440542532086466	1129.2002
489.32312281903404	47.91960419039656	0.4753518244019339	1130.2002
490.39436360622057	48.39542963699618	0.47629923796266727	1131.2002
491.467701053075	48.87220300482313	0.4772476670273492	1132.2002
492.54313835081246	49.34992530989361	0.4781971126202643	1133.2002
493.62067869372066	49.82859756924786	0.4791475757656969	1134.2002
494.7003252791608	50.308220800950615	0.4800990574879315	1135.2002
495.78208130756644	50.78879602409081	0.48105155881125283	1136.2002
496.8659499824443	51.270324258781606	0.4820050807599453	1137.2002
497.95193451037363	51.75280652616055	0.4829596243582932	1138.2002
499.0400381010068	52.236243848389535	0.4839151906305813	1139.2002
500.1302639670689	52.720637248654505	0.4848717806010939	1140.2002
501.2226153243582	53.20598775116581	0.4858293952941158	1141.2002
502.31709539174494	53.69229638115832	0.48678803573393115	1142.2002
503.4137073911733	54.179564164890714	0.48774770294482456	1143.2002
504.5124545476597	54.66779212964635	0.4887083979510807	1144.2002
505.6133400892936	55.15698130373282	0.489670121776984	1145.2002
506.71636724723714	55.64713271648168	0.49063287544681883	1146.2002
507.8215392557254	56.138247398249156	0.49159665998486973	1147.2002
508.92885935206664	56.63032638041557	0.4925614764154214	1148.2002
510.03833077664126	57.12337069538563	0.49352732576275815	1149.2002
511.149956772903	57.6173813765881	0.4944942090511645	1150.2002
512.2637405873786	58.11235945847631	0.4954621273049249	1151.2002
513.3796854696675	58.60830597652786	0.4964310815483241	1152.2002
514.4977946724416	59.10522196724434	0.4974010728056464	1153.2002
515.6180714514462	59.60310846815185	0.4983721021011763	1154.2002
516.7405190654991	60.1019665178009	0.4993441704591983	1155.2002
517.8651407764913	60.601797155765865	0.5003172789039971	1156.2002
518.9919398493863	61.10260142264584	0.501291428459857	1157.2002
520.1209195522206	61.60438036006408	0.5022666201510625	1158.2002
521.2520831561035	62.107135010667825	0.5032428550018981	1159.2002
522.3854339352173	62.61086641812909	0.5042201340366486	1160.2002
523.520975166817	63.11557562714393	0.5051984582795981	1161.2002
524.6587101312307	63.621263683432495	0.5061778287550314	1162.2002
525.7986421118587	64.12793163373954	0.5071582464872326	1163.2002
526.9407743951751	64.63558052583402	0.5081397125004867	1164.2002
528.0851102707263	65.144211408509	0.509122227819078	1165.2002
529.2316530311311	65.65382533158203	0.5101057934672908	1166.2002
530.3804059720826	66.16442334589487	0.5110904104694101	1167.2002
531.5313723923451	66.67600650331354	0.5120760798497199	1168.2002
532.6845555937568	67.18857585672842	0.5130628026325048	1169.2002
533.8399588812281	67.70213246005417	0.5140505798420495	1170.2002
534.9975855627431	68.21667736822957	0.5150394125026385	1171.2002
536.1574389493578	68.73221163721784	0.516029301638556	1172.2002
537.3195223552019	69.2487363240065	0.5170202482740869	1173.2002
538.4838390974769	69.7662524866074	0.5180122534335153	1174.2002
539.6503924964586	70.28476118405632	0.519005318141126	1175.2002
540.8191858754946	70.80426347641372	0.5199994434212035	1176.2002
541.9902225610053	71.32476042476429	0.5209946302980322	1177.2002
543.1635058824845	71.84625309121682	0.5219908797958965	1178.2002
544.3390391724986	72.36874253890451	0.5229881929390812	1179.2002
545.5168257666867	72.89222983198489	0.5239865707518705	1180.2002
546.6968690037613	73.41671603563958	0.524986014258549	1181.2002
547.8791722255073	73.94220221607466	0.5259865244834013	1182.2002
549.0637387767822	74.46868944052054	0.5269881024507119	1183.2002
550.2505720055171	74.99617877723172	0.5279907491847652	1184.2002
551.4396752627154	75.524671295487	0.5289944657098458	1185.2002
552.631051902453	76.05416806558982	0.529999253050238	1186.2002
553.82470528188	76.5846701588674	0.5310051122302266	1187.2002
555.020638761218	77.11617864767155	0.5320120442740959	1188.2002
556.2188557037621	77.64869460537835	0.5330200502061304	1189.2002
557.41935947588	78.18221910638798	0.5340291310506148	1190.2002
558.6221534470124	78.7167532261251	0.5350392878318333	1191.2002
559.8272409896726	79.25229804103873	0.5360505215740706	1192.2002
561.0346254794474	79.78885462860174	0.5370628333016112	1193.2002
562.244310294996	80.3264240673117	0.5380762240387397	1194.2002
563.4562988180501	80.86500743669039	0.5390906948097403	1195.2002
564.6705944334149	81.40460581728391	0.5401062466388977	1196.2002
565.887200528968	81.9452202906624	0.5411228805504964	1197.2002
567.1061204956603	82.48685193942043	0.5421405975688209	1198.2002
568.3273577275152	83.02950184717707	0.5431593987181558	1199.2002
569.5509156216287	83.57317109857526	0.5441792850227853	1200.2002
570.7767975781703	84.11786077928247	0.5452002575069941	1201.2002
572.0050070003823	84.66357197599058	0.5462223171950669	1202.2002
573.2355472945794	85.21030577641531	0.5472454651112879	1203.2002
574.4684218701489	85.75806326929718	0.5482697022799417	1204.2002
575.703634139552	86.30684554440083	0.5492950297253127	1205.2002
576.9411875183221	86.85665369251487	0.5503214484716856	1206.2002
578.1810854250652	87.40748880545257	0.5513489595433448	1207.2002
579.4233312814608	87.95935197605142	0.5523775639645749	1208.2002
580.6679285122607	88.51224429817302	0.5534072627596602	1209.2002
581.9148805452901	89.06616686670343	0.5544380569528855	1210.2002
583.1641908114461	89.62112077755297	0.555469947568535	1211.2002
584.4158627447	90.17710712765603	0.5565029356308933	1212.2002
585.6698997820948	90.73412701497169	0.557537022164245	1213.2002
586.9263053637469	91.292181538483	0.5585722081928746	1214.2002
588.1850829328457	91.85127179819733	0.5596084947410664	1215.2002
589.4462359356527	92.41139889514639	0.5606458828331051	1216.2002
590.7097678215032	92.97256393138619	0.5616843734932753	1217.2002
591.9756820428045	93.53476800999714	0.5627239677458611	1218.2002
593.2439820550373	94.09801223508354	0.5637646666151473	1219.2002
594.5146713167553	94.66229771177436	0.5648064711254184	1220.2002
595.7877532895849	95.22762554622275	0.565849382300959	1221.2002
597.0632314382244	95.79399684560615	0.5668934011660532	1222.2002
598.3411092304465	96.36141271812612	0.567938528744986	1223.2002
599.6213901370955	96.92987427300889	0.5689847660620415	1224.2002
600.9040776320898	97.49938262050442	0.5700321141415046	1225.2002
602.1891751924193	98.06993887188736	0.5710805740076593	1226.2002
603.4766862981476	98.64154413945673	0.5721301466847906	1227.2002
604.766614432411	99.21419953653543	0.5731808331971826	1228.2002
606.0589630814185	99.78790617747089	0.5742326345691201	1229.2002
607.3537357344521	100.36266517763491	0.5752855518248875	1230.2002
608.6509358838664	100.93847765342338	0.5763395859887692	1231.2002
609.9505670250896	101.51534472225654	0.5773947380850499	1232.2002
611.2526326566215	102.09326750257907	0.578451009138014	1233.2002
612.5571362800359	102.67224711385964	0.5795084001719458	1234.2002
613.8640813999791	103.25228467659136	0.5805669122111302	1235.2002
615.1734715241699	103.83338131229172	0.5816265462798516	1236.2002
616.4853101634003	104.41553814350239	0.5826873034023942	1237.2002
617.7996008315351	104.99875629378923	0.5837491846030427	1238.2002
619.1163470455123	105.58303688774247	0.5848121909060817	1239.2002
620.4355523253414	106.16838105097696	0.5858763233357956	1240.2002
621.7572201941068	106.7547899101311	0.586941582916469	1241.2002
623.0813541779639	107.34226459286826	0.5880079706723862	1242.2002
624.4079578061423	107.93080622787579	0.5890754876278319	1243.2002
625.737034610944	108.52041594486519	0.5901441348070906	1244.2002
627.0685881277428	109.11109487457264	0.5912139132344466	1245.2002
628.4026218949875	109.70284414875832	0.5922848239341847	1246.2002
629.7391394541977	110.29566490020659	0.5933568679305891	1247.2002
631.0781443499673	110.88955826272633	0.5944300462479446	1248.2002
632.419640129962	111.48452537115088	0.5955043599105354	1249.2002
633.7636303449209	112.0805673613373	0.5965798099426461	1250.2002
635.110118548656	112.67768537016738	0.5976563973685614	1251.2002
636.4591082980521	113.27588053554717	0.5987341232125657	1252.2002
637.8106031530668	113.87515399640671	0.5998129884989434	1253.2002
639.1646066767303	114.4755068927006	0.600892994251979	1254.2002
640.5211224351461	115.07694036540767	0.6019741414959572	1255.2002
641.8801539974902	115.67945555653091	0.6030564312551623	1256.2002
643.2417049360115	116.28305360909775	0.6041398645538788	1257.2002
644.6057788260321	116.88773566715992	0.6052244424163913	1258.2002
645.9723792459466	117.49350287579325	0.6063101658669844	1259.2002
647.3415097772225	118.10035638109795	0.6073970359299423	1260.2002
648.7131740044003	118.70829733019869	0.6084850536295499	1261.2002
650.0873755150931	119.31732687124409	0.6095742199900913	1262.2002
651.4641178999873	119.9274461534073	0.6106645360358514	1263.2002
652.8434047528415	120.53865632688562	0.6117560027911142	1264.2002
654.2252396704878	121.15095854290081	0.6128486212801647	1265.2002
655.6096262528308	121.76435395369859	0.6139423925272871	1266.2002
656.9965681028482	122.37884371254941	0.6150373175567662	1267.2002
658.38606882659	122.9944289737477	0.6161333973928862	1268.2002
659.7781320331796	123.61111089261223	0.6172306330599316	1269.2002
661.1727613348132	124.22889062548596	0.6183290255821872	1270.2002
662.5699603467599	124.84776932973642	0.6194285759839373	1271.2002
663.9697326873611	125.46774816375512	0.6205292852894664	1272.2002
665.3720819780312	126.08882828695803	0.6216311545230588	1273.2002
666.7770118432588	126.7110108597854	0.6227341847089995	1274.2002
668.1845259106033	127.33429704370158	0.6238383768715727	1275.2002
669.5946278106981	127.95868800119544	0.6249437320350628	1276.2002
671.0073211772494	128.58418489578014	0.6260502512237546	1277.2002
672.4226096470362	129.21078889199285	0.6271579354619323	1278.2002
673.84049685991	129.83850115539522	0.6282667857738806	1279.2002
675.2609864587955	130.46732285257332	0.629376803183884	1280.2002
676.6840820896905	131.09725515113715	0.6304879887162269	1281.2002
678.1097874016652	131.72829921972126	0.631600343395194	1282.2002
679.5381060468624	132.36045622798446	0.6327138682450695	1283.2002
680.9690416804983	132.99372734660977	0.633828564290138	1284.2002
682.4025979608618	133.62811374730455	0.634944432554684	1285.2002
683.8387785493153	134.26361660280034	0.6360614740629924	1286.2002
685.2775871102925	134.90023708685322	0.6371796898393473	1287.2002
686.7190273113011	135.53797637424321	0.638299080908033	1288.2002
688.1631028229216	136.17683564077484	0.6394196482933344	1289.2002
689.609817318807	136.81681606327686	0.640541393019536	1290.2002
691.0591744756834	137.4579188196023	0.6416643161109221	1291.2002
692.5111779733498	138.1001450886285	0.6427884185917774	1292.2002
693.9658314946776	138.7434960502571	0.643913701486386	1293.2002
695.4231387256117	139.387972885414	0.645040165819033	1294.2002
696.8831033551692	140.03357677604927	0.6461678126140025	1295.2002
698.3457290754407	140.6803089051375	0.6472966428955791	1296.2002
699.8110195815891	141.32817045667738	0.6484266576880473	1297.2002
701.2789785718503	141.97716261569195	0.6495578580156915	1298.2002
702.7496097475334	142.62728656822867	0.6506902449027964	1299.2002
704.22291681302	143.27854350135885	0.6518238193736463	1300.2002
705.6989034757646	143.9309346031786	0.6529585824525259	1301.2002
707.1775734462949	144.584461062808	0.6540945351637197	1302.2002
708.6589304382105	145.23912407039154	0.655231678531512	1303.2002
710.1429781681852	145.89492481709797	0.6563700135801875	1304.2002
711.6297203559649	146.55186449512027	0.6575095413340307	1305.2002
713.1191607243677	147.2099442976759	0.6586502628173259	1306.2002
714.611302999286	147.86916541900618	0.6597921790543577	1307.2002
716.1061509096841	148.5295290543772	0.6609352910694107	1308.2002
717.6037081875993	149.19103640007918	0.6620795998867695	1309.2002
719.103978568142	149.85368865342633	0.6632251065307182	1310.2002
720.6069657894952	150.51748701275747	0.6643718120255417	1311.2002
722.1126735929147	151.18243267743577	0.6655197173955243	1312.2002
723.6211057227293	151.8485268478484	0.6666688236649505	1313.2002
725.132265926341	152.51577072540687	0.6678191318581049	1314.2002
726.6461579542238	153.1841655125473	0.668970642999272	1315.2002
728.1627855599254	153.8537124127296	0.6701233581127362	1316.2002
729.682152500066	154.52441263043823	0.6712772782227822	1317.2002
731.2042625343385	155.19626737118213	0.6724324043536942	1318.2002
732.7291194255088	155.86927784149398	0.6735887375297569	1319.2002
734.256726939416	156.5434452489314	0.674746278775255	1320.2002
735.7870888449709	157.21877080207582	0.6759050291144725	1321.2002
737.3202089141589	157.895255710533	0.6770649895716941	1322.2002
738.856090922037	158.57290118493324	0.6782261611712046	1323.2002
740.3947386467353	159.251708436931	0.6793885449372884	1324.2002
741.9361558694566	159.93167867920482	0.6805521418942296	1325.2002
743.4803463744774	160.6128131254578	0.6817169530663132	1326.2002
745.0273139491459	161.2951129904172	0.6828829794778234	1327.2002
746.5770623838839	161.97857948983471	0.6840502221530449	1328.2002
748.1295954721859	162.66321384048598	0.685218682116262	1329.2002
749.6849170106191	163.3490172601713	0.6863883603917593	1330.2002
751.2430307988236	164.035990967715	0.6875592580038214	1331.2002
752.8039406395128	164.72413618296588	0.6887313759767328	1332.2002
754.3676503384719	165.4134541267969	0.6899047153347777	1333.2002
755.93416370456	166.10394602110532	0.6910792771022409	1334.2002
757.5034845497084	166.7956130888126	0.6922550623034067	1335.2002
759.0756166889223	167.48845655386478	0.6934320719625601	1336.2002
760.6505639402783	168.18247764123183	0.694610307103985	1337.2002
762.2283301249265	168.87767757690827	0.6957897687519661	1338.2002
763.8089190670902	169.5740575879127	0.6969704579307879	1339.2002
765.3923345940648	170.27161890228822	0.698152375664735	1340.2002
766.9785805362194	170.97036274910195	0.6993355229780919	1341.2002
768.5676607269955	171.67029035844558	0.7005199008951429	1342.2002
770.1595790029073	172.37140296143497	0.7017055104401729	1343.2002
771.7543392035423	173.07370179021007	0.702892352637466	1344.2002
773.35194517156	173.77718807793536	0.7040804285113067	1345.2002
774.9524007526943	174.4818630587996	0.7052697390859799	1346.2002
776.5557097957503	175.18772796801568	0.7064602853857698	1347.2002
778.161876152607	175.89478404182097	0.7076520684349609	1348.2002
779.7709036782157	176.60303251747678	0.7088450892578377	1349.2002
781.382796230601	177.31247463326923	0.710039348878685	1350.2002
782.9975576708599	178.02311162850827	0.711234848321787	1351.2002
784.6151918631624	178.73494474352833	0.7124315886114281	1352.2002
786.2357026747518	179.44797521968815	0.7136295707718932	1353.2002
787.8590939759438	180.1622042993705	0.7148287958274665	1354.2002
789.4853696401269	180.8776332259828	0.7160292648024327	1355.2002
791.1145335437624	181.59426324395668	0.717230978721076	1356.2002
792.7465895663847	182.31209559874767	0.7184339386076811	1357.2002
794.3815415906017	183.031131536836	0.7196381454865326	1358.2002
796.0193935020926	183.75137230572625	0.720843600381915	1359.2002
797.6601491896106	184.47281915394677	0.7220503043181125	1360.2002
799.3038125449815	185.19547333105078	0.7232582583194098	1361.2002
800.950387463104	185.91933608761542	0.7244674634100916	1362.2002
802.5998778419494	186.64440867524223	0.725677920614442	1363.2002
804.2522875825618	187.370692346557	0.7268896309567459	1364.2002
805.9076205890588	188.09818835520986	0.7281025954612874	1365.2002
807.5658807686307	188.82689795587498	0.7293168151523515	1366.2002
809.2270720315396	189.55682240425136	0.7305322910542222	1367.2002
810.8911982911213	190.2879629570619	0.7317490241911844	1368.2002
812.5582634637851	191.02032087205356	0.7329670155875223	1369.2002
814.228271469012	191.7538974079981	0.7341862662675207	1370.2002
815.9012262293561	192.48869382469124	0.7354067772554638	1371.2002
817.5771316704447	193.22471138295316	0.7366285495756362	1372.2002
819.255991720978	193.96195134462806	0.7378515842523224	1373.2002
820.9378103127287	194.7004149725847	0.7390758823098071	1374.2002
822.6225913805426	195.440103530716	0.7403014447723747	1375.2002
824.3103388623381	196.1810182839392	0.7415282726643095	1376.2002
826.0010566991068	196.9231604981958	0.7427563670098963	1377.2002
827.6947488349128	197.6665314404517	0.7439857288334195	1378.2002
829.3914192168932	198.41113237869675	0.7452163591591634	1379.2002
831.0910717952581	199.1569645819455	0.7464482590114127	1380.2002
832.7937105232904	199.90402932023656	0.7476814294144519	1381.2002
834.4993393573454	200.65232786463275	0.7489158713925654	1382.2002
836.2079622568524	201.40186148722148	0.750151585970038	1383.2002
837.9195831843117	202.15263146111403	0.7513885741711537	1384.2002
839.6342061052984	202.90463906044639	0.7526268370201974	1385.2002
841.3518349884595	203.65788556037847	0.7538663755414535	1386.2002
843.0724738055146	204.41237223709484	0.7551071907592065	1387.2002
844.7961265312567	205.16810036780385	0.7563492836977408	1388.2002
846.5227971435515	205.9250712307386	0.7575926553813411	1389.2002
848.2524896233375	206.68328610515636	0.7588373068342918	1390.2002
849.9852079546258	207.44274627133848	0.7600832390808774	1391.2002
851.7209561245013	208.20345301059072	0.7613304531453824	1392.2002
853.4597381231204	208.96540760524323	0.7625789500520913	1393.2002
855.2015579437134	209.7286113386504	0.7638287308252887	1394.2002
856.9464195825824	210.4930654951907	0.7650797964892587	1395.2002
858.6943270391037	211.25877136026725	0.7663321480682863	1396.2002
860.445284315726	212.02573022030714	0.767585786586656	1397.2002
862.1992954179701	212.79394336276175	0.7688407130686521	1398.2002
863.9563643544302	213.56341207610703	0.7700969285385588	1399.2002
865.7164951367733	214.334137649843	0.7713544340206612	1400.2002
867.4796917797405	215.10612137449388	0.7726132305392436	1401.2002
869.2459583011428	215.8793645416083	0.7738733191185903	1402.2002
871.0152987218664	216.65386844375942	0.7751347007829859	1403.2002
872.7877170658705	217.42963437454412	0.776397376556715	1404.2002
874.5632173601855	218.20666362858404	0.7776613474640621	1405.2002
876.3418036349159	218.98495750152492	0.7789266145293116	1406.2002
878.1234799232386	219.76451729003674	0.780193178776748	1407.2002
879.9082502614041	220.54534429181388	0.781461041230656	1408.2002
881.6961186887344	221.327439805575	0.7827302029153199	1409.2002
883.4870892476251	222.11080513106293	0.7840006648550242	1410.2002
885.2811659835451	222.89544156904475	0.7852724280740534	1411.2002
887.0783529450355	223.68135042131217	0.7865454935966922	1412.2002
888.8786541837101	224.46853299068079	0.787819862447225	1413.2002
890.6820737542563	225.25699058099065	0.7890955356499362	1414.2002
892.4886157144335	226.0467244971062	0.7903725142291104	1415.2002
894.2982841250753	226.83773604491586	0.7916507992090321	1416.2002
896.1110830500866	227.6300265313326	0.7929303916139858	1417.2002
897.9270165564456	228.42359726429356	0.7942112924682558	1418.2002
899.746088714204	229.21844955276032	0.7954935027961271	1419.2002
901.5683035964857	230.01458470671844	0.7967770236218839	1420.2002
903.3936652794878	230.81200403717804	0.7980618559698104	1421.2002
905.22217784248	231.61070885617357	0.7993480008641916	1422.2002
907.0538453678048	232.4107004767634	0.8006354593293117	1423.2002
908.8886719408782	233.21198021303047	0.8019242323894553	1424.2002
910.7266616501884	234.0145493800821	0.803214321068907	1425.2002
912.5678185872962	234.81840929404956	0.8045057263919511	1426.2002
914.4121468468368	235.62356127208858	0.8057984493828725	1427.2002
916.2596505265161	236.43000663237936	0.8070924910659552	1428.2002
918.1103337271143	237.23774669412597	0.808387852465484	1429.2002
919.9642005524837	238.04678277755715	0.8096845346057431	1430.2002
921.82125510955	238.85711620392584	0.8109825385110174	1431.2002
923.6815015083117	239.66874829550903	0.8122818652055913	1432.2002
925.54494386184	240.48168037560816	0.8135825157137491	1433.2002
927.4115862862793	241.29591376854916	0.8148844910597756	1434.2002
929.281432900846	242.11144979968182	0.8161877922679552	1435.2002
931.1544878278296	242.92828979538052	0.817492420362572	1436.2002
933.0307551925933	243.74643508304393	0.8187983763679112	1437.2002
934.9102391235724	244.5658869910947	0.8201056613082567	1438.2002
936.7929437522755	245.38664684898004	0.8214142762078935	1439.2002
938.6788732132832	246.20871598717162	0.8227242220911056	1440.2002
940.5680316442499	247.03209573716492	0.824035499982178	1441.2002
942.4604231859025	247.85678743148003	0.8253481109053947	1442.2002
944.3560519820405	248.6827924036612	0.8266620558850407	1443.2002
946.2549221795371	249.5101119882771	0.8279773359454001	1444.2002
948.1570379283371	250.33874752092038	0.8292939521107577	1445.2002
950.0624033814593	251.16870033820828	0.830611905405398	1446.2002
951.9710226949944	251.99997177778232	0.8319311968536052	1447.2002
953.8829000281066	252.83256317830808	0.833251827479664	1448.2002
955.7980395430332	253.66647587947574	0.8345737983078589	1449.2002
957.716445405083	254.5017112219993	0.8358971103624744	1450.2002
959.6381217826395	255.33827054761758	0.837221764667795	1451.2002
961.5630728471573	256.1761551990933	0.8385477622481051	1452.2002
963.4913027731654	257.0153665202135	0.8398751041276893	1453.2002
965.4228157382647	257.85590585578984	0.8412037913308323	1454.2002
967.3576159231293	258.6977745516579	0.8425338248818184	1455.2002
969.2957075115055	259.54097395467744	0.8438652058049319	1456.2002
971.2370946902137	260.3855054127331	0.8451979351244577	1457.2002
973.1817816491458	261.23137027473337	0.8465320138646801	1458.2002
975.1297725812678	262.07856989061077	0.8478674430498835	1459.2002
977.0810716826172	262.9271056113229	0.8492042237043524	1460.2002
979.0356831523063	263.7769787888508	0.8505423568523718	1461.2002
980.9936111925181	264.6281907762002	0.8518818435182256	1462.2002
982.9548600085095	265.48074292740125	0.8532226847261986	1463.2002
984.9194338086102	266.33463659750817	0.8545648815005751	1464.2002
986.8873368042232	267.1898731425992	0.8559084348656398	1465.2002
988.8585732098238	268.04645391977766	0.8572533458456774	1466.2002
990.8331472429596	268.9043802871704	0.8585996154649719	1467.2002
992.8110631242519	269.7636536039288	0.8599472447478079	1468.2002
994.7923250773952	270.62427523022865	0.8612962347184704	1469.2002
996.7769373291553	271.4862465272699	0.8626465864012434	1470.2002
998.7649041093731	272.3495688572765	0.8639983008204115	1471.2002
1000.75622965096	273.2142435834975	0.8653513790002593	1472.2002
1002.7509181899023	274.08027207020535	0.8667058219650714	1473.2002
1004.748973965257	274.94765568269736	0.8680616307391319	1474.2002
1006.7504012191562	275.8163957872948	0.8694188063467257	1475.2002
1008.7552041968036	276.6864937513433	0.8707773498121372	1476.2002
1010.7633871464758	277.55795094321314	0.8721372621596509	1477.2002
1012.7749543195221	278.4307687322982	0.8734985444135512	1478.2002
1014.7899099703654	279.3049484890171	0.8748611975981226	1479.2002
1016.8082583565013	280.1804915848128	0.8762252227376499	1480.2002
1018.8300037384975	281.0573993921522	0.8775906208564175	1481.2002
1020.8551503799949	281.93567328452673	0.8789573929787095	1482.2002
1022.883702547708	282.8153146364522	0.8803255401288108	1483.2002
1024.9156645114228	283.6963248234684	0.8816950633310057	1484.2002
1026.951040544	284.5787052221396	0.883065963609579	1485.2002
1028.9898349213704	285.4624572100544	0.8844382419888148	1486.2002
1031.0320519225406	286.34758216582566	0.885811899492998	1487.2002
1033.0776958295892	287.23408146909014	0.8871869371464128	1488.2002
1035.1267709276653	288.1219565005096	0.8885633559733439	1489.2002
1037.1792815049944	289.01120864176954	0.8899411569980757	1490.2002
1039.235231852872	289.9018392755798	0.8913203412448925	1491.2002
1041.2946262656692	290.79384978567475	0.8927009097380794	1492.2002
1043.3574690408273	291.68724155681286	0.8940828635019203	1493.2002
1045.4237644788616	292.5820159747769	0.8954662035606998	1494.2002
1047.4935168833608	293.478174426374	0.8968509309387028	1495.2002
1049.566730560985	294.37571829943556	0.8982370466602134	1496.2002
1051.643409821469	295.2746489828169	0.8996245517495163	1497.2002
1053.723558977619	296.17496786639856	0.9010134472308959	1498.2002
1055.807182345315	297.07667634108435	0.9024037341286368	1499.2002
1057.8942842435085	297.9797757988027	0.9037954134670234	1500.2002
1059.984868994226	298.8842676325066	0.9051884862703404	1501.2002
1062.0789409225638	299.7901532361731	0.906582953562872	1502.2002
1064.1765043566947	300.6974340048034	0.9079788163689029	1503.2002
1066.2775636278614	301.60611133442353	0.9093760757127176	1504.2002
1068.382123070381	302.51618662208307	0.9107747326186006	1505.2002
1070.4901870216431	303.42766126585605	0.9121747881108362	1506.2002
1072.6017598221092	304.3405366648416	0.9135762432137091	1507.2002
1074.716845815316	305.25481421916203	0.9149790989515041	1508.2002
1076.835449347871	306.1704953299643	0.916383356348505	1509.2002
1078.9575747694541	307.08758139942	0.9177890164289968	1510.2002
1081.0832264328205	308.0060738307249	0.9191960802172641	1511.2002
1083.2124086937959	308.92597402809855	0.9206045487375908	1512.2002
1085.3451259112805	309.8472833967855	0.922014423014262	1513.2002
1087.4813824472458	310.77000334305404	0.9234257040715619	1514.2002
1089.621182666738	311.6941352741969	0.9248383929337752	1515.2002
1091.7645309378743	312.61968059853143	0.9262524906251863	1516.2002
1093.911431631846	313.5466407253984	0.9276679981700796	1517.2002
1096.061889122917	314.47501706516397	0.9290849165927397	1518.2002
1098.2159077884237	315.40481102921797	0.9305032469174513	1519.2002
1100.3734920087754	316.3360240299743	0.9319229901684987	1520.2002
1102.5346461674549	317.26865748087175	0.9333441473701662	1521.2002
1104.6993746510166	318.2027127963731	0.9347667195467388	1522.2002
1106.8676818490894	319.13819139196494	0.9361907077225006	1523.2002
1109.0395721543737	320.0750946841591	0.9376161129217362	1524.2002
1111.2150499626432	321.0134240904912	0.93904293616873	1525.2002
1113.394119672745	321.95318102952064	0.9404711784877668	1526.2002
1115.5767856865978	322.894366920832	0.941900840903131	1527.2002
1117.7630524091942	323.8369831850338	0.943331924439107	1528.2002
1119.9529242485996	324.78103124375843	0.9447644301199791	1529.2002
1122.146405615952	325.7265125196634	0.9461983589700325	1530.2002
1124.343500925462	326.67342843642984	0.947633712013551	1531.2002
1126.544214594413	327.621780418763	0.9490704902748192	1532.2002
1128.748551043162	328.5715698923935	0.9505086947781218	1533.2002
1130.9565146951386	329.5227982840749	0.9519483265477435	1534.2002
1133.1681099768446	330.47546702158576	0.9533893866079683	1535.2002
1135.3833413178554	331.42957753372895	0.9548318759830812	1536.2002
1137.602213150819	332.3851312503317	0.9562757956973664	1537.2002
1139.8247299114562	333.3421296022448	0.9577211467751083	1538.2002
1142.0508960385605	334.3005740213444	0.9591679302405918	1539.2002
1144.2807159739987	335.26046594053014	0.9606161471181011	1540.2002
1146.5141941627098	336.22180679372605	0.9620657984319206	1541.2002
1148.751335052706	337.18459801588085	0.9635168852063352	1542.2002
1150.9921430950735	338.14884104296715	0.9649694084656293	1543.2002
1153.2366227439693	339.11453731198174	0.9664233692340869	1544.2002
1155.484778456624	340.08168826094635	0.9678787685359932	1545.2002
1157.7366146933418	341.05029532890643	0.9693356073956324	1546.2002
1159.9921359174991	342.0203599559316	0.9707938868372888	1547.2002
1162.251346595545	342.99188358311636	0.9722536078852473	1548.2002
1164.5142511970018	343.9648676525791	0.9737147715637922	1549.2002
1166.7808541944655	344.93931360746217	0.9751773788972079	1550.2002
1169.0511600636023	345.9152228919332	0.9766414309097791	1551.2002
1171.3251732831538	346.8925969511831	0.9781069286257901	1552.2002
1173.6028983349345	347.8714372314273	0.9795738730695256	1553.2002
1175.8843397038295	348.85174517990606	0.98104226526527	1554.2002
1178.1695018777991	349.8335222448834	0.9825121062373079	1555.2002
1180.4583893478753	350.8167698756474	0.9839833970099237	1556.2002
1182.7510066081627	351.8014895225114	0.9854561386074019	1557.2002
1185.0473581558392	352.7876826368121	0.9869303320540271	1558.2002
1187.3474484911562	353.7753506709106	0.9884059783740835	1559.2002
1189.6512821174367	354.7644950781928	0.9898830785918561	1560.2002
1191.9588635410778	355.75511731306824	0.9913616337316291	1561.2002
1194.270197271548	356.74721883097146	0.9928416448176869	1562.2002
1196.58528782139	357.74080108836057	0.9943231128743143	1563.2002
1198.904139706219	358.73586554271833	0.9958060389257957	1564.2002
1201.2267574447226	359.7324136525519	0.9972904239964155	1565.2002
1203.553145558661	360.7304468773924	0.9987762691104584	1566.2002
1205.8833085728688	361.7299666777952	1.0002635752922084	1567.2002
1208.2172510152516	362.73097451534073	1.0017523435659506	1568.2002
1210.5549774167894	363.73347185263265	1.0032425749559692	1569.2002
1212.8964923115336	364.73746015329954	1.004734270486549	1570.2002
1215.24180023661	365.7429408819941	1.006227431181974	1571.2002
1217.5909057322156	366.74991550439324	1.0077220580665291	1572.2002
1219.9438133416215	367.75838548719815	1.0092181521644985	1573.2002
1222.3005276111714	368.7683522981347	1.0107157145001673	1574.2002
1224.6610530902813	369.77981740595266	1.0122147460978193	1575.2002
1227.0253943314415	370.7927822804258	1.0137152479817393	1576.2002
1229.3935558902126	371.80724839235285	1.0152172211762118	1577.2002
1231.7655423252304	372.8232172135566	1.0167206667055213	1578.2002
1234.141358198203	373.8406902168837	1.0182255855939524	1579.2002
1236.5210080739107	374.85966887620566	1.0197319788657895	1580.2002
1238.904496520207	375.8801546664178	1.021239847545317	1581.2002
1241.291828108018	376.9021490634401	1.0227491926568195	1582.2002
1243.6830074113436	377.92565354421674	1.0242600152245815	1583.2002
1246.078039007256	378.95066958671623	1.0257723162728878	1584.2002
1248.4769274758994	379.97719866993083	1.0272860968260225	1585.2002
1250.8796774004918	381.0052422738779	1.0288013579082702	1586.2002
1253.2862933673237	382.03480187959866	1.0303181005439153	1587.2002
1255.6967799657593	383.06587896915823	1.0318363257572425	1588.2002
1258.1111417882344	384.0984750256472	1.0333560345725363	1589.2002
1260.5293834302583	385.13259153317887	1.034877228014081	1590.2002
1262.9515094904132	386.16822997689195	1.0363999071061611	1591.2002
1265.3775245703541	387.20539184294944	1.0379240728730617	1592.2002
1267.8074332748083	388.24407861853797	1.0394497263390667	1593.2002
1270.241240211577	389.2842917918686	1.0409768685284606	1594.2002
1272.6789499915335	390.32603285217743	1.0425055004655284	1595.2002
1275.1205672286235	391.3693032897238	1.0440356231745538	1596.2002
1277.566096539867	392.41410459579185	1.0455672376798217	1597.2002
1280.0155425453556	393.4604382626903	1.0471003450056169	1598.2002
1282.468909868255	394.5083057837514	1.0486349461762239	1599.2002
1284.9262031348017	395.5577086533323	1.0501710422159265	1600.2002
1287.3874269743073	396.60864836681435	1.05170863414901	1601.2002
1289.8525860191546	397.661126420603	1.0532477229997586	1602.2002
1292.3216849048008	398.71514431212785	1.0547883097924569	1603.2002
1294.794728269774	399.77070353984334	1.056330395551389	1604.2002
1297.2717207556766	400.8278056032274	1.0578739813008395	1605.2002
1299.7526670071832	401.88645200278313	1.0594190680650932	1606.2002
1302.2375716720423	402.9466442400374	1.060965656868435	1607.2002
1304.726439401074	404.008383817541	1.0625137487351481	1608.2002
1307.2192748481716	405.0716722388702	1.0640633446895185	1609.2002
1309.716082670302	406.1365110086242	1.0656144457558296	1610.2002
1312.2168675275036	407.2029016324272	1.0671670529583666	1611.2002
1314.7216340828884	408.2708456169278	1.0687211673214134	1612.2002
1317.2303870026417	409.3403444697985	1.070276789869255	1613.2002
1319.743130956021	410.41139969973597	1.0718339216261756	1614.2002
1322.2598706153567	411.4840128164618	1.0733925636164598	1615.2002
1324.7806106560529	412.55818533072147	1.0749527168643924	1616.2002
1327.305355756585	413.63391875428454	1.0765143823942573	1617.2002
1329.8341105985023	414.7112145999454	1.0780775612303395	1618.2002
1332.3668798664269	415.7900743815221	1.0796422543969233	1619.2002
1334.9036682480537	416.8704996138574	1.0812084629182932	1620.2002
1337.4444804341506	417.9524918128184	1.0827761878187339	1621.2002
1339.9893211185572	419.0360524952961	1.0843454301225295	1622.2002
1342.538194998188	420.121183179206	1.0859161908539647	1623.2002
1345.0911067730283	421.20788538348796	1.0874884710373243	1624.2002
1347.6480611461377	422.2961606281061	1.0890622716968923	1625.2002
1350.2090628236483	423.38601043404844	1.0906375938569537	1626.2002
1352.7741165147645	424.4774363233282	1.0922144385417927	1627.2002
1355.3432269317643	425.570439818982	1.093792806775694	1628.2002
1357.9163987899974	426.6650224450707	1.0953726995829416	1629.2002
1360.4936368078884	427.76118572668025	1.0969541179878206	1630.2002
1363.0749457069323	428.85893118992044	1.0985370630146152	1631.2002
1365.6603302116991	429.9582603619249	1.10012153568761	1632.2002
1368.24979504983	431.05917477085245	1.1017075370310891	1633.2002
1370.8433449520408	432.16167594588546	1.1032950680693383	1634.2002
1373.4409846521175	433.2657654172307	1.1048841298266403	1635.2002
1376.0427188869216	434.3714447161197	1.1064747233272807	1636.2002
1378.6485523963868	435.4787153748079	1.1080668495955441	1637.2002
1381.2584899235185	436.5875789265748	1.1096605096557144	1638.2002
1383.8725362143962	437.6980369057247	1.1112557045320766	1639.2002
1386.4906960181713	438.81009084758585	1.1128524352489149	1640.2002
1389.112974087069	439.92374228851077	1.1144507028305137	1641.2002
1391.7393751763864	441.0389927658765	1.1160505083011578	1642.2002
1394.369904044495	442.15584381808424	1.1176518526851318	1643.2002
1397.0045654528371	443.2742969845592	1.1192547370067198	1644.2002
1399.6433641659291	444.3943538057516	1.1208591622902069	1645.2002
1402.2863049513596	445.51601582313526	1.1224651295598767	1646.2002
1404.9333925797914	446.63928457920815	1.1240726398400145	1647.2002
1407.584631824959	447.76416161749336	1.1256816941549044	1648.2002
1410.2400274636693	448.8906484825376	1.1272922935288312	1649.2002
1412.8995842758031	450.0187467199122	1.128904438986079	1650.2002
1415.563307044314	451.14845787621243	1.1305181315509327	1651.2002
1418.2312005552276	452.27978349905794	1.1321333722476765	1652.2002
1420.9032695976434	453.41272513709305	1.1337501621005952	1653.2002
1423.5795189637327	454.54728433998605	1.1353685021339732	1654.2002
1426.2599534487404	455.68346265842916	1.1369883933720946	1655.2002
1428.9445778509846	456.82126164413984	1.1386098368392448	1656.2002
1431.6333969718544	457.9606828498589	1.1402328335597072	1657.2002
1434.3264156158148	459.1017278293518	1.141857384557767	1658.2002
1437.0236385904002	460.24439813740844	1.1434834908577087	1659.2002
1439.7250707062205	461.3886953298427	1.1451111534838168	1660.2002
1442.4307167769575	462.5346209634927	1.1467403734603754	1661.2002
1445.140581619365	463.6821765962216	1.148371151811669	1662.2002
1447.8546700532725	464.83136378691586	1.150003489561983	1663.2002
1450.5729869015784	465.98218409548656	1.151637387735601	1664.2002
1453.295536990256	467.1346390828695	1.1532728473568077	1665.2002
1456.0223251483526	468.2887303110243	1.1549098694498878	1666.2002
1458.7533562079861	469.44445934293475	1.1565484550391254	1667.2002
1461.4886350043496	470.6018277426093	1.1581886051488057	1668.2002
1464.2281663757062	471.76083707508064	1.1598303208032128	1669.2002
1466.9719551633941	472.92148890640533	1.1614736030266308	1670.2002
1469.7200062118236	474.0837848036649	1.163118452843345	1671.2002
1472.472324368478	475.2477263349646	1.1647648712776393	1672.2002
1475.2289144839128	476.41331506943413	1.1664128593537981	1673.2002
1477.9897814117576	477.5805525772276	1.1680624180961066	1674.2002
1480.754930008714	478.7494404295233	1.1697135485288488	1675.2002
1483.5243651345568	479.9199801985235	1.1713662516763095	1676.2002
1486.2980916521328	481.0921734574555	1.1730205285627728	1677.2002
1489.0761144273627	482.2660217805703	1.1746763802125235	1678.2002
1491.8584383292396	483.44152674314296	1.1763338076498457	1679.2002
1494.6450682298298	484.6186899214738	1.1779928118990246	1680.2002
1497.436009004272	485.7975128928865	1.1796533939843443	1681.2002
1500.2312655307778	486.97799723572933	1.1813155549300893	1682.2002
1503.0308426906322	488.16014452937486	1.182979295760544	1683.2002
1505.8347453681922	489.3439563542201	1.1846446174999934	1684.2002
1508.642978450888	490.529434291686	1.186311521172721	1685.2002
1511.4555468292233	491.716579924218	1.1879800078030125	1686.2002
1514.2724553967741	492.905394835286	1.189650078415152	1687.2002
1517.0937090501886	494.0958806093837	1.1913217340334235	1688.2002
1519.9193126891887	495.28803883202966	1.1929949756821117	1689.2002
1522.7492712165695	496.48187108976623	1.1946698043855015	1690.2002
1525.5835895381977	497.67737897016025	1.196346221167877	1691.2002
1528.4222725630136	498.8745640618031	1.1980242270535228	1692.2002
1531.2653252030316	500.0734279543099	1.1997038230667239	1693.2002
1534.1127523733364	501.2739722383204	1.201385010231764	1694.2002
1536.9645589920872	502.4761985054988	1.2030677895729283	1695.2002
1539.8207499805153	503.680108348533	1.2047521621145005	1696.2002
1542.6813302629257	504.885703361136	1.206438128880766	1697.2002
1545.5463047666958	506.0929851380443	1.2081256908960087	1698.2002
1548.4156784222757	507.30195527501905	1.2098148491845133	1699.2002
1551.2894561631888	508.5126153688458	1.2115056047705643	1700.2002
1554.16764292603	509.72496701733417	1.213197958678446	1701.2002
1557.0502436504694	510.939011819318	1.2148919119324435	1702.2002
1559.9372632792486	512.1547513746558	1.2165874655568407	1703.2002
1562.828706758181	513.3721872842301	1.2182846205759224	1704.2002
1565.7245790361544	514.5913211499472	1.2199833780139726	1705.2002
1568.6248850651295	515.812154574739	1.2216837388952766	1706.2002
1571.5296298001394	517.0346891625604	1.2233857042441185	1707.2002
1574.4388181992895	518.2589265183911	1.2250892750847826	1708.2002
1577.352455223759	519.4848682482352	1.2267944524415537	1709.2002
1580.2705458377989	520.7125159591211	1.2285012373387163	1710.2002
1583.1930950087344	521.9418712591009	1.2302096308005548	1711.2002
1586.1201077069625	523.1729357572518	1.2319196338513536	1712.2002
1589.0515889059538	524.4057110636749	1.2336312475153977	1713.2002
1591.987543582251	525.6401987894951	1.235344472816971	1714.2002
1594.92797671547	526.8764005468627	1.2370593107803582	1715.2002
1597.8728932882987	528.1143179489513	1.2387757624298437	1716.2002
1600.8222982865007	529.353952609959	1.2404938287897123	1717.2002
1603.776196698909	530.5953061451089	1.2422135108842485	1718.2002
1606.7345935174308	531.8383801706473	1.2439348097377363	1719.2002
1609.6974937370478	533.0831763038453	1.245657726374461	1720.2002
1612.6649023558111	534.3296961629987	1.2473822618187063	1721.2002
1615.6368243748477	535.577941367427	1.2491084170947575	1722.2002
1618.6132647983559	536.8279135374736	1.250836193226898	1723.2002
1621.5942286336076	538.0796142945073	1.2525655912394134	1724.2002
1624.5797208909466	539.3330452609207	1.2542966121565877	1725.2002
1627.5697465837914	540.5882080601301	1.2560292570027054	1726.2002
1630.5643107286307	541.8451043165771	1.257763526802051	1727.2002
1633.5634183450286	543.103735655727	1.2594994225789093	1728.2002
1636.5670744556205	544.3641037040687	1.2612369453575645	1729.2002
1639.5752840861157	545.6262100891174	1.2629760961623013	1730.2002
1642.5880522652947	546.8900564394103	1.264716876017404	1731.2002
1645.605384025012	548.1556443845102	1.2664592859471568	1732.2002
1648.6272844001965	549.4229755550042	1.2682033269758453	1733.2002
1651.6537584288458	550.6920515825032	1.269949000127753	1734.2002
1654.684811152035	551.9628740996421	1.2716963064271645	1735.2002
1657.7204476139084	553.2354447400813	1.2734452468983646	1736.2002
1660.760672861686	554.5097651385045	1.275195822565638	1737.2002
1663.8054919456586	555.7858369306194	1.2769480344532684	1738.2002
1666.8549099191905	557.0636617531591	1.278701883585541	1739.2002
1669.9089318387194	558.34324124388	1.2804573709867402	1740.2002
1672.9675627637557	559.6245770415635	1.2822144976811507	1741.2002
1676.030807756881	560.9076707860149	1.2839732646930564	1742.2002
1679.0986718837514	562.1925241180636	1.285733673046742	1743.2002
1682.1711602130972	563.4791386795637	1.2874957237664924	1744.2002
1685.2482778167177	564.7675161133934	1.2892594178765915	1745.2002
1688.3300297694886	566.0576580634552	1.2910247564013244	1746.2002
1691.4164211493576	567.3495661746756	1.2927917403649754	1747.2002
1694.5074570373433	568.6432420930063	1.294560370791829	1748.2002
1697.6031425175395	569.9386874654218	1.2963306487061694	1749.2002
1700.7034826771114	571.2359039399224	1.2981025751322814	1750.2002
1703.8084826062984	572.5348931655319	1.2998761510944497	1751.2002
1706.9181473984115	573.8356567922981	1.3016513776169583	1752.2002
1710.032482149835	575.1381964712939	1.303428255724092	1753.2002
1713.1514919600263	576.442513854616	1.3052067864401353	1754.2002
1716.2751819315156	577.7486105953852	1.3069869707893724	1755.2002
1719.4035571699058	579.0564883477471	1.3087688097960886	1756.2002
1722.5366227838713	580.3661487668714	1.3105523044845675	1757.2002
1725.6743838851623	581.6775935089515	1.312337455879094	1758.2002
1728.8168455886002	582.9908242312063	1.3141242650039526	1759.2002
1731.964013012079	584.3058425918778	1.3159127328834281	1760.2002
1735.115891276565	585.6226502502327	1.3177028605418042	1761.2002
1738.2724855060987	586.9412488665625	1.3194946490033659	1762.2002
1741.4338008277934	588.2616401021821	1.3212880992923979	1763.2002
1744.5998423718356	589.5838256194311	1.3230832124331846	1764.2002
1747.770615271482	590.9078070816737	1.32487998945001	1765.2002
1750.9461246630653	592.2335861532981	1.3266784313671596	1766.2002
1754.1263756859898	593.5611644997161	1.328478539208917	1767.2002
1757.3113734827318	594.8905437873655	1.330280313999567	1768.2002
1760.5011231988415	596.2217256837065	1.332083756763394	1769.2002
1763.6956299829417	597.5547118572246	1.3338888685246826	1770.2002
1766.8948989867295	598.8895039774299	1.3356956503077175	1771.2002
1770.098935364972	600.2261037148555	1.3375041031367831	1772.2002
1773.307744275511	601.56451274106	1.3393142280361636	1773.2002
1776.5213308792609	602.904732728626	1.3411260260301439	1774.2002
1779.7397003402075	604.2467653511601	1.342939498143008	1775.2002
1782.9628578254124	605.5906122832931	1.3447546453990409	1776.2002
1786.190808505008	606.9362752006806	1.346571468822527	1777.2002
1789.4235575521998	608.2837557800021	1.3483899694377506	1778.2002
1792.661110143267	609.6330556989612	1.3502101482689965	1779.2002
1795.9034714575603	610.9841766362867	1.3520320063405493	1780.2002
1799.1506466775033	612.3371202717308	1.353855544676693	1781.2002
1802.4026409885944	613.6918882860698	1.3556807643017121	1782.2002
1805.659459579403	615.0484823611052	1.3575076662398917	1783.2002
1808.9211076415709	616.406904179662	1.3593362515155154	1784.2002
1812.1875903698156	617.7671554255901	1.361166521152869	1785.2002
1815.4589129619249	619.1292377837633	1.362998476176236	1786.2002
1818.7350806187596	620.4931529400793	1.3648321176099012	1787.2002
1822.0160985442537	621.858902581461	1.3666674464781488	1788.2002
1825.3019719454155	623.2264883958553	1.3685044638052637	1789.2002
1828.5927060323243	624.5959120722325	1.3703431706155307	1790.2002
1831.8883060181329	625.9671753005888	1.3721835679332335	1791.2002
1835.1887771190657	627.3402797719432	1.3740256567826568	1792.2002
1838.4941245544228	628.7152271783393	1.3758694381880854	1793.2002
1841.8043535465754	630.0920192128461	1.3777149131738038	1794.2002
1845.1194693209668	631.4706575695553	1.3795620827640964	1795.2002
1848.439477106115	632.8511439435838	1.3814109479832477	1796.2002
1851.7643821336096	634.2334800310728	1.3832615098555423	1797.2002
1855.094189638113	635.6176675291874	1.3851137694052644	1798.2002
1858.4289048573605	637.0037081361172	1.3869677276566985	1799.2002
1861.7685330321615	638.3916035510762	1.3888233856341299	1800.2002
1865.1130794063965	639.7813554743022	1.390680744361842	1801.2002
1868.46254922702	641.1729656070579	1.39253980486412	1802.2002
1871.8169477440592	642.5664356516302	1.3944005681652483	1803.2002
1875.1762802106136	643.9617673113296	1.3962630352895113	1804.2002
1878.5405518828559	645.3589622904915	1.3981272072611932	1805.2002
1881.9097680200316	646.758022294476	1.3999930851045792	1806.2002
1885.2839338844606	648.1589490296662	1.4018606698439533	1807.2002
1888.6630547415318	649.5617442034704	1.4037299625036002	1808.2002
1892.047135859711	650.9664095243215	1.4056009641078044	1809.2002
1895.4361825105352	652.3729467016758	1.4074736756808506	1810.2002
1898.8301999686128	653.7813574460141	1.4093480982470226	1811.2002
1902.2291935116273	655.1916434688422	1.4112242328306053	1812.2002
1905.6331684203346	656.6038064826894	1.4131020804558834	1813.2002
1909.0421299785633	658.0178482011092	1.4149816421471413	1814.2002
1912.4560834732133	659.4337703386805	1.4168629189286635	1815.2002
1915.87503419426	660.8515746110049	1.4187459118247343	1816.2002
1919.29898743475	662.2712627347094	1.4206306218596383	1817.2002
1922.7279484908026	663.6928364274452	1.4225170500576603	1818.2002
1926.1619226616115	665.1162974078873	1.4244051974430845	1819.2002
1929.600915249441	666.5416473957351	1.426295065040195	1820.2002
1933.0449315596309	667.968888111713	1.4281866538732775	1821.2002
1936.4939769005914	669.3980212775687	1.4300799649666156	1822.2002
1939.9480565838064	670.8290486160744	1.4319749993444937	1823.2002
1943.4071759238336	672.2619718510272	1.4338717580311968	1824.2002
1946.8713402383028	673.6967927072479	1.4357702420510092	1825.2002
1950.3405548479159	675.1335129105815	1.4376704524282153	1826.2002
1953.814825076448	676.5721341878982	1.4395723901870996	1827.2002
1957.2941562507494	678.0126582670911	1.4414760563519469	1828.2002
1960.7785537007398	679.4550868770788	1.4433814519470416	1829.2002
1964.2680227594133	680.8994217478034	1.4452885779966678	1830.2002
1967.7625687628374	682.3456646102316	1.4471974355251103	1831.2002
1971.262197050152	683.7938171963546	1.449108025556654	1832.2002
1974.7669129635688	685.2438812391874	1.4510203491155829	1833.2002
1978.2767218483734	686.6958584727695	1.4529344072261814	1834.2002
1981.7916290529247	688.1497506321653	1.4548502009127342	1835.2002
1985.3116399286541	689.605559453462	1.456767731199526	1836.2002
1988.8367598300645	691.0632866737724	1.4586869991108409	1837.2002
1992.3669941147332	692.5229340312333	1.4606080056709638	1838.2002
1995.902348143311	693.9845032650055	1.462530751904179	1839.2002
1999.4428272795196	695.447996115274	1.4644552388347711	1840.2002
2002.9884368901548	696.9134143232486	1.4663814674870248	1841.2002
2006.539182345084	698.3807596311634	1.4683094388852238	1842.2002
2010.0950690172485	699.8500337822759	1.4702391540536532	1843.2002
2013.6561022826638	701.3212385208689	1.4721706140165978	1844.2002
2017.2222875204147	702.7943755922489	1.4741038197983416	1845.2002
2020.793630112662	704.2694467427466	1.476038772423169	1846.2002
2024.3701354446398	705.7464537197176	1.4779754729153654	1847.2002
2027.9518089046505	707.2253982715413	1.4799139222992141	1848.2002
2031.5386558840744	708.7062821476211	1.4818541215990004	1849.2002
2035.1306817773618	710.1891070983859	1.4837960718390084	1850.2002
2038.727891982037	711.6738748752875	1.485739774043523	1851.2002
2042.3302918986965	713.1605872308025	1.487685229236828	1852.2002
2045.9378869310103	714.6492459184321	1.4896324384432091	1853.2002
2049.5506824857207	716.1398526927015	1.4915814026869496	1854.2002
2053.1686839726435	717.6324093091598	1.4935321229923346	1855.2002
2056.791896804667	719.1269175243815	1.4954846003836486	1856.2002
2060.420326397752	720.6233790959641	1.497438835885176	1857.2002
2064.0539781709317	722.1217957825298	1.4993948305212008	1858.2002
2067.6928575463144	723.6221693437259	1.5013525853160086	1859.2002
2071.3369699490786	725.124501540223	1.5033121012938833	1860.2002
2074.9863208074776	726.628794133716	1.5052733794791089	1861.2002
2078.6409155528363	728.135048886925	1.5072364208959708	1862.2002
2082.3007596195525	729.6432675635936	1.5092012265687529	1863.2002
2085.9658584450976	731.1534519284894	1.5111677975217401	1864.2002
2089.6362174700166	732.665603747405	1.5131361347792167	1865.2002
2093.311842137925	734.1797247871575	1.5151062393654668	1866.2002
2096.992737895513	735.695816815587	1.5170781123047758	1867.2002
2100.6789101925424	737.2138816015595	1.5190517546214275	1868.2002
2104.3703644818493	738.7339209149638	1.5210271673397067	1869.2002
2108.067106219342	740.2559365267139	1.5230043514838978	1870.2002
2111.7691408640007	741.7799302087483	1.5249833080782853	1871.2002
2115.47647387788	743.3059037340288	1.5269640381471539	1872.2002
2119.1891107261076	744.8338588765421	1.5289465427147881	1873.2002
2122.9070568768807	746.3637974112994	1.5309308228054719	1874.2002
2126.630317801473	747.8957211143354	1.5329168794434902	1875.2002
2130.358898974231	749.4296317627101	1.5349047136531278	1876.2002
2134.0928058725704	750.9655311345072	1.5368943264586683	1877.2002
2137.832043976984	752.5034210088343	1.538885718884397	1878.2002
2141.5766187710356	754.043303165824	1.5408788919545984	1879.2002
2145.326535741361	755.5851793866332	1.5428738466935563	1880.2002
2149.0818003776703	757.129051453442	1.544870584125556	1881.2002
2152.842418172747	758.6749211494566	1.5468691052748818	1882.2002
2156.6083946224444	760.2227902589059	1.5488694111658177	1883.2002
2160.3797352256915	761.7726605670435	1.5508715028226487	1884.2002
2164.1564454844897	763.3245338601478	1.552875381269659	1885.2002
2167.9385309039126	764.878411925521	1.5548810475311337	1886.2002
2171.725996992108	766.4342965514895	1.5568885026313568	1887.2002
2175.518849260293	767.9921895274047	1.5588977475946129	1888.2002
2179.3170932227604	769.5520926436413	1.560908783445186	1889.2002
2183.1207343968777	771.114007691599	1.5629216112073614	1890.2002
2186.9297783030815	772.6779364637014	1.5649362319054234	1891.2002
2190.7442304648835	774.2438807533968	1.5669526465636565	1892.2002
2194.564096408867	775.8118423551568	1.5689708562063451	1893.2002
2198.389381664688	777.3818230644789	1.5709908618577735	1894.2002
2202.220091765077	778.9538246778834	1.5730126645422264	1895.2002
2206.0562322458363	780.5278489929157	1.5750362652839884	1896.2002
2209.897808645841	782.1038978081452	1.5770616651073441	1897.2002
2213.744826507039	783.6819729231657	1.5790888650365775	1898.2002
2217.5972913744513	785.262076138595	1.5811178660959737	1899.2002
2221.455208796172	786.8442092560757	1.583148669309817	1900.2002
2225.3185843233678	788.4283740782744	1.5851812757023915	1901.2002
2229.1874235102773	790.0145724088816	1.5872156862979823	1902.2002
2233.0617319142148	791.6028060526126	1.5892519021208735	1903.2002
2236.941515095563	793.1930768152072	1.5912899241953498	1904.2002
2240.826778617781	794.7853865034285	1.5933297535456954	1905.2002
2244.7175280474007	796.3797369250653	1.5953713911961955	1906.2002
2248.6137689540246	797.9761298889293	1.5974148381711337	1907.2002
2252.51550691033	799.5745672048572	1.5994600954947948	1908.2002
2256.4227474920667	801.17505068371	1.6015071641914642	1909.2002
2260.335496278056	802.7775821373725	1.6035560452854252	1910.2002
2264.253758850194	804.3821633787545	1.605606739800963	1911.2002
2268.1775407934474	805.9887962217898	1.6076592487623615	1912.2002
2272.106847695859	807.597482481436	1.6097135731939058	1913.2002
2276.0416851485415	809.2082239736757	1.6117697141198803	1914.2002
2279.9820587456816	810.8210225155154	1.613827672564569	1915.2002
2283.927974084539	812.4358799249858	1.615887449552257	1916.2002
2287.8794367654455	814.0527980211422	1.6179490461072286	1917.2002
2291.8364523918067	815.6717786240641	1.6200124632537682	1918.2002
2295.7990265701005	817.292823554855	1.6220777020161603	1919.2002
2299.7671649098775	818.9159346356432	1.6241447634186899	1920.2002
2303.740873023762	820.5411136895807	1.6262136484856409	1921.2002
2307.720156527451	822.1683625408439	1.6282843582412978	1922.2002
2311.7050210397115	823.7976830146341	1.6303568937099453	1923.2002
2315.695472182389	825.4290769371762	1.6324312559158685	1924.2002
2319.6915155803954	827.0625461357197	1.6345074458833504	1925.2002
2323.693156861722	828.6980924385383	1.6365854646366769	1926.2002
2327.700401657427	830.3357176749298	1.638665313200132	1927.2002
2331.713255601646	831.9754236752166	1.6407469925980003	1928.2002
2335.7317243315842	833.6172122707453	1.6428305038545663	1929.2002
2339.7558134875217	835.2610852938868	1.6449158479941142	1930.2002
2343.78552871281	836.907044578036	1.6470030260409285	1931.2002
2347.820875653876	838.5550919576125	1.6490920390192945	1932.2002
2351.861859960215	840.2052292680601	1.6511828879534955	1933.2002
2355.9084872844005	841.8574583458462	1.653275573867817	1934.2002
2359.9607632820744	843.5117810284637	1.6553700977865433	1935.2002
2364.018693611954	845.168199154429	1.6574664607339589	1936.2002
2368.082283935828	846.8267145632826	1.6595646637343475	1937.2002
2372.151539918559	848.48732909559	1.6616647078119944	1938.2002
2376.2264672280826	850.1500445929405	1.663766593991184	1939.2002
2380.307071535406	851.8148628979477	1.6658703232962009	1940.2002
2384.39335851461	853.4817858542497	1.6679758967513294	1941.2002
2388.4853338428497	855.1508153065085	1.6700833153808543	1942.2002
2392.58300320035	856.8219531004108	1.6721925802090596	1943.2002
2396.6863722704106	858.4952010826676	1.6743036922602301	1944.2002
2400.7954467394034	860.1705611010138	1.6764166525586504	1945.2002
2404.910232296774	861.8480350042087	1.6785314621286047	1946.2002
2409.030734635041	863.527624642036	1.6806481219943779	1947.2002
2413.1569594497932	865.2093318653042	1.682766633180254	1948.2002
2417.288912439696	866.8931585258448	1.6848869967105178	1949.2002
2421.426599306485	868.5791064765147	1.6870092136094539	1950.2002
2425.57002575497	870.2671775711948	1.689133284901347	1951.2002
2429.719197493033	871.9573736647898	1.6912592116104808	1952.2002
2433.8741202316287	873.6496966132295	1.6933869947611404	1953.2002
2438.0347996847854	875.3441482734676	1.69551663537761	1954.2002
2442.2012415696045	877.0407305034814	1.697648134484175	1955.2002
2446.3734516062573	878.7394451622739	1.6997814931051185	1956.2002
2450.5514355179935	880.4402941098713	1.701916712264726	1957.2002
2454.7351990311295	882.1432792073242	1.7040537929872817	1958.2002
2458.9247478750594	883.8484023167082	1.7061927362970704	1959.2002
2463.120087782246	885.5556653011224	1.7083335432183757	1960.2002
2467.3212244882307	887.2650700246902	1.7104762147754833	1961.2002
2471.528163731621	888.9766183525601	1.712620751992677	1962.2002
2475.7409112541022	890.6903121509035	1.7147671558942412	1963.2002
2479.9594728004295	892.406153286918	1.7169154275044607	1964.2002
2484.183854118433	894.1241436288237	1.71906556784762	1965.2002
2488.4140609590145	895.8442850458655	1.7212175779480035	1966.2002
2492.6500990761497	897.5665794083134	1.7233714588298958	1967.2002
2496.8919742268854	899.2910285874607	1.7255272115175813	1968.2002
2501.139692171343	901.0176344556252	1.7276848370353446	1969.2002
2505.3932586727155	902.7463988861496	1.7298443364074703	1970.2002
2509.65267949727	904.4773237533998	1.7320057106582425	1971.2002
2513.917960414345	906.2104109327669	1.734168960811946	1972.2002
2518.189107196353	907.9456623006662	1.7363340878928653	1973.2002
2522.4661256187787	909.6830797345366	1.7385010929252847	1974.2002
2526.749021460181	911.422665112842	1.7406699769334892	1975.2002
2531.03780050219	913.1644203150702	1.7428407409417628	1976.2002
2535.332468529508	914.9083472217337	1.7450133859743902	1977.2002
2539.6330313299127	916.6544477143684	1.7471879130556558	1978.2002
2543.939494694252	918.4027236755359	1.7493643232098441	1979.2002
2548.25186441645	920.1531769888206	1.7515426174612398	1980.2002
2552.5701462935003	921.9058095388322	1.7537227968341274	1981.2002
2556.8943461254717	923.6606232112042	1.7559048623527915	1982.2002
2561.2244697155033	925.4176198925945	1.7580888150415162	1983.2002
2565.5605228698087	927.1768014706852	1.7602746559245857	1984.2002
2569.902511397676	928.9381698341832	1.7624623860262854	1985.2002
2574.2504411114633	930.701726872819	1.7646520063708997	1986.2002
2578.604317826602	932.4674744773472	1.766843517982712	1987.2002
2582.9641473615975	934.2354145395481	1.7690369218860083	1988.2002
2587.329935538028	936.0055489522249	1.7712322191050722	1989.2002
2591.7016881805453	937.7778796092048	1.7734294106641886	1990.2002
2596.0794111168702	939.5524084053411	1.7756284975876415	1991.2002
2600.463110177801	941.3291372365097	1.7778294808997162	1992.2002
2604.852791197205	943.1080679996114	1.7800323616246962	1993.2002
2609.248460012026	944.8892025925716	1.7822371407868667	1994.2002
2613.6501224622784	946.6725429143391	1.7844438194105119	1995.2002
2618.057784391049	948.4580908648877	1.7866523985199168	1996.2002
2622.4714516445006	950.2458483452156	1.7888628791393653	1997.2002
2626.891130071865	952.0358172573447	1.7910752622931425	1998.2002
2631.3168255254473	953.8279995043215	1.7932895490055316	1999.2002
2635.7485438606295	955.6223969902167	1.795505740300819	2000.2002
2640.186290935862	957.4190116201255	1.797723837203288	2001.2002
2644.6300726126697	959.2178453001669	1.7999438407372232	2002.2002
2649.0798947556495	961.0188999374852	1.8021657519269092	2003.2002
2653.5357632324744	962.8221774402476	1.804389571796631	2004.2002
2657.9976839138853	964.6276797176464	1.806615301370672	2005.2002
2662.4656626737	966.4354086798985	1.8088429416733178	2006.2002
2666.9397053888074	968.245366238244	1.8110724937288523	2007.2002
2671.4198179391688	970.0575543049484	1.8133039585615605	2008.2002
2675.9060062078197	971.8719747933011	1.8155373371957264	2009.2002
2680.3982760808667	973.6886296176151	1.8177726306556343	2010.2002
2684.896633447492	975.507520693229	1.8200098399655693	2011.2002
2689.401084199949	977.3286499365045	1.8222489661498162	2012.2002
2693.9116342335615	979.1520192648279	1.8244900102326582	2013.2002
2698.4282894467315	980.9776305966107	1.8267329732383812	2014.2002
2702.9510557409285	982.8054858512874	1.8289778561912686	2015.2002
2707.4799390206995	984.6355869493169	1.831224660115606	2016.2002
2712.01494519366	986.4679358121839	1.8334733860356764	2017.2002
2716.556080170503	988.3025343623952	1.8357240349757662	2018.2002
2721.1033498649904	990.1393845234833	1.8379766079601585	2019.2002
2725.6567601939573	991.9784882200049	1.840231106013138	2020.2002
2730.2163170773156	993.8198473775408	1.8424875301589898	2021.2002
2734.7820264380452	995.6634639226952	1.8447458814219977	2022.2002
2739.353894202201	997.5093397830985	1.8470061608264468	2023.2002
2743.931926298911	999.3574768874035	1.8492683693966212	2024.2002
2748.516128660375	1001.2078771652882	1.8515325081568053	2025.2002
2753.1065072218685	1003.0605425474553	1.853798578131284	2026.2002
2757.7030679217355	1004.9154749656306	1.856066580344342	2027.2002
2762.3058167013955	1006.7726763525645	1.858336515820263	2028.2002
2766.914759505341	1008.6321486420331	1.860608385583332	2029.2002
2771.5299022811364	1010.4938937688355	1.8628821906578334	2030.2002
2776.1512509794197	1012.3579136687943	1.865157932068052	2031.2002
2780.7788115538997	1014.2242102787579	1.8674356108382717	2032.2002
2785.4125899613614	1016.092785536599	1.8697152279927773	2033.2002
2790.052592161662	1017.9636413812132	1.8719967845558538	2034.2002
2794.698824117728	1019.8367797525216	1.8742802815517852	2035.2002
2799.3512917955627	1021.7122025914691	1.876565720004856	2036.2002
2804.01000116424	1023.589911840025	1.8788531009393505	2037.2002
2808.6749581959084	1025.469909441183	1.8811424253795535	2038.2002
2813.3461688657876	1027.352197338961	1.8834336943497498	2039.2002
2818.023639152171	1029.2367774784007	1.8857269088742232	2040.2002
2822.707375036426	1031.123651805569	1.888022069977259	2041.2002
2827.39738250299	1033.0128222675562	1.890319178683141	2042.2002
2832.0936675393755	1034.9042908124775	1.8926182360161539	2043.2002
2836.796236136167	1036.7980593894722	1.8949192430005826	2044.2002
2841.505094287022	1038.694129948704	1.897222200660711	2045.2002
2846.220247988672	1040.5925044413602	1.899527110020824	2046.2002
2850.9417032409187	1042.4931848196536	1.901833972105206	2047.2002
2855.66946604664	1044.3961730368205	1.904142787938142	2048.2002
2860.403542411783	1046.3014710471214	1.9064535585439157	2049.2002
2865.1439383453703	1048.209080805841	1.9087662849468117	2050.2002
2869.8906598594954	1050.1190042692888	1.9110809681711145	2051.2002
2874.6437129693277	1052.0312433947986	1.9133976092411091	2052.2002
2879.4031036931074	1053.945800140728	1.9157162091810798	2053.2002
2884.1688380521473	1055.8626764664587	1.9180367690153108	2054.2002
2888.940922070833	1057.781874332398	1.920359289768087	2055.2002
2893.7193617766243	1059.7033956999758	1.9226837724636927	2056.2002
2898.504163200052	1061.6272425316474	1.9250102181264122	2057.2002
2903.295332374721	1063.5534167908927	1.9273386277805304	2058.2002
2908.09287533731	1065.4819204422138	1.9296690024503316	2059.2002
2912.896798127568	1067.4127554511394	1.9320013431601002	2060.2002
2917.707106788319	1069.3459237842221	1.9343356509341212	2061.2002
2922.523807365459	1071.2814274090376	1.9366719267966785	2062.2002
2927.3469059079566	1073.2192682941863	1.9390101717720571	2063.2002
2932.176408467854	1075.159448409294	1.9413503868845412	2064.2002
2937.012321100265	1077.1019697250092	1.9436925731584151	2065.2002
2941.8546498633773	1079.0468342130057	1.9460367316179634	2066.2002
2946.703400818452	1080.994043845982	1.9483828632874713	2067.2002
2951.5585800298213	1082.943600597659	1.9507309691912225	2068.2002
2956.420193564892	1084.8955064427837	1.9530810503535014	2069.2002
2961.2882474941434	1086.8497633571271	1.9554331077985938	2070.2002
2966.1627478911264	1088.8063733174833	1.9577871425507825	2071.2002
2971.043700832465	1090.7653383016723	1.960143155634353	2072.2002
2975.931112397858	1092.7266602885375	1.9625011480735894	2073.2002
2980.824988670076	1094.690341257946	1.9648611208927766	2074.2002
2985.72533573496	1096.6563831907906	1.9672230751161988	2075.2002
2990.632159681428	1098.6247880689875	1.9695870117681404	2076.2002
2995.545466601469	1100.595557875478	1.9719529318728866	2077.2002
3000.4652625901426	1102.5686945942261	1.9743208364547211	2078.2002
3005.391553745586	1104.5442002102209	1.9766907265379285	2079.2002
3010.324346169005	1106.5220767094772	1.9790626031467942	2080.2002
3015.26364596468	1108.5023260790315	1.9814364673056013	2081.2002
3020.2094592399644	1110.484950306946	1.9838123200386353	2082.2002
3025.161792105284	1112.4699513823084	1.98619016237018	2083.2002
3030.1206506741382	1114.4573312952275	1.988569995324521	2084.2002
3035.0860410630985	1116.4470920368394	1.9909518199259417	2085.2002
3040.0579693918094	1118.4392355993036	1.9933356371987272	2086.2002
3045.0364417829874	1120.4337639758023	1.995721448167162	2087.2002
3050.021464362424	1122.430679160544	1.9981092538555294	2088.2002
3055.013043258983	1124.4299831487615	2.0004990552881163	2089.2002
3060.0111846045984	1126.43167793671	2.0028908534892054	2090.2002
3065.015894534279	1128.4357655216706	2.005284649483081	2091.2002
3070.027179186108	1130.4422479019488	2.007680444294029	2092.2002
3075.045044701239	1132.4511270768726	2.0100782389463325	2093.2002
3080.0694972239	1134.4624050467962	2.012478034464277	2094.2002
3085.1005429013912	1136.4760838130978	2.014879831872147	2095.2002
3090.1381878840866	1138.4921653781787	2.0172836321942267	2096.2002
3095.182438325428	1140.5106517454658	2.0196894364548	2097.2002
3100.2333003819385	1142.5315449194095	2.022097245678152	2098.2002
3105.290780213208	1144.5548469054845	2.024507060888567	2099.2002
3110.3548839819023	1146.5805597101898	2.02691888311033	2100.2002
3115.425617853757	1148.6086853410504	2.0293327133677255	2101.2002
3120.5029879975837	1150.639225806612	2.031748552685037	2102.2002
3125.587000585264	1152.6721831164482	2.0341664020865498	2103.2002
3130.677661791756	1154.7075592811552	2.0365862625965487	2104.2002
3135.7749777950858	1156.7453563123527	2.0390081352393175	2105.2002
3140.8789547763577	1158.785576222686	2.041432021039141	2106.2002
3145.989598919745	1160.8282210258249	2.043857921020304	2107.2002
3151.106916412493	1162.8732927364617	2.04628583620709	2108.2002
3156.2309134449256	1164.920793370315	2.0487157676237846	2109.2002
3161.3615962104323	1166.9707249441276	2.051147716294672	2110.2002
3166.4989709054835	1169.0230894756642	2.053581683244037	2111.2002
3171.643043729613	1171.0778889837163	2.0560176694961627	2112.2002
3176.793820885436	1173.1351254880988	2.0584556760753356	2113.2002
3181.951308578634	1175.194801009651	2.0608957040058384	2114.2002
3187.1155130179664	1177.2569175702358	2.0633377543119567	2115.2002
3192.2864404152633	1179.3214771927417	2.065781828017975	2116.2002
3197.4640969854263	1181.3884819010796	2.068227926148177	2117.2002
3202.6484889464336	1183.4579337201872	2.070676049726848	2118.2002
3207.839622519331	1185.5298346760246	2.0731261997782724	2119.2002
3213.0375039282417	1187.604186795576	2.0755783773267344	2120.2002
3218.2421394003595	1189.6809921068516	2.078032583396518	2121.2002
3223.4535351659542	1191.7602526388846	2.0804888190119097	2122.2002
3228.6716974583633	1193.8419704217322	2.082947085197192	2123.2002
3233.896632513999	1195.9261474864768	2.0854073829766495	2124.2002
3239.12834657235	1198.0127858652252	2.087869713374568	2125.2002
3244.366845875972	1200.101887591107	2.0903340774152306	2126.2002
3249.6121366704997	1202.1934546982777	2.092800476122923	2127.2002
3254.864225204635	1204.2874892219165	2.095268910521929	2128.2002
3260.123117730156	1206.3839931982268	2.097739381636533	2129.2002
3265.388820501912	1208.482968664436	2.1002118904910194	2130.2002
3270.6613397778283	1210.584417658797	2.102686438109674	2131.2002
3275.940681818899	1212.688342220585	2.10516302551678	2132.2002
3281.2268528891927	1214.7947443901012	2.1076416537366223	2133.2002
3286.519859255851	1216.9036262086709	2.1101223237934854	2134.2002
3291.819707189089	1219.0149897186423	2.112605036711654	2135.2002
3297.1264029621925	1221.128836963389	2.115089793515412	2136.2002
3302.4399528515223	1223.24516998731	2.117576595229044	2137.2002
3307.7603631365137	1225.3639908358252	2.1200654428768355	2138.2002
3313.0876400996685	1227.4853015553824	2.12255633748307	2139.2002
3318.4217900265667	1229.6091041934526	2.125049280072032	2140.2002
3323.7628192058614	1231.735400798529	2.1275442716680066	2141.2002
3329.110733929276	1233.8641934201319	2.130041313295278	2142.2002
3334.465540491607	1235.9954841088052	2.132540405978131	2143.2002
3339.827245190724	1238.129274916115	2.135041550740849	2144.2002
3345.1958543275728	1240.2655678946544	2.137544748607718	2145.2002
3350.5713742061653	1242.4043650980402	2.1400500006030216	2146.2002
3355.9538111335933	1244.5456685809113	2.1425573077510442	2147.2002
3361.343171420016	1246.6894803989342	2.145066671076071	2148.2002
3366.7394613786696	1248.8358026087976	2.1475780916023863	2149.2002
3372.1426873258597	1250.9846372682143	2.150091570354274	2150.2002
3377.5528555809683	1253.1359864359224	2.1526071083560194	2151.2002
3382.969972466447	1255.2898521716847	2.1551247066319066	2152.2002
3388.394044307819	1257.446236536286	2.1576443662062195	2153.2002
3393.825077433689	1259.6051415915376	2.160166088103244	2154.2002
3399.2630781757234	1261.7665694002749	2.162689873347264	2155.2002
3404.7080528686674	1263.930522026356	2.165215722962563	2156.2002
3410.1600078503398	1266.0970015346647	2.1677436379734267	2157.2002
3415.6189494616283	1268.2660099911097	2.1702736194041394	2158.2002
3421.0848840464982	1270.4375494626215	2.1728056682789854	2159.2002
3426.557817951984	1272.6116220171566	2.175339785622249	2160.2002
3432.0377575281927	1274.788229723697	2.1778759724582155	2161.2002
3437.5247091283095	1276.9673746522458	2.1804142298111686	2162.2002
3443.0186791085853	1279.149058873833	2.1829545587053927	2163.2002
3448.5196738283485	1281.3332844605118	2.1854969601651733	2164.2002
3454.0276996499997	1283.5200534853598	2.1880414352147937	2165.2002
3459.5427629390106	1285.7093680224789	2.1905879848785395	2166.2002
3465.0648700639267	1287.9012301469966	2.1931366101806944	2167.2002
3470.594027396367	1290.0956419350618	2.1956873121455427	2168.2002
3476.130241311024	1292.2926054638497	2.19824009179737	2169.2002
3481.673518185662	1294.49212281156	2.2007949501604607	2170.2002
3487.223864401116	1296.6941960574159	2.203351888259098	2171.2002
3492.7812863412964	1298.8988272816648	2.205910907117567	2172.2002
3498.345790393187	1301.1060185655792	2.208472007760153	2173.2002
3503.917382946844	1303.3157719914548	2.2110351912111397	2174.2002
3509.496070395395	1305.528089642612	2.213600458494812	2175.2002
3515.0818591350403	1307.7429736033969	2.216167810635454	2176.2002
3520.6747555650563	1309.960425959177	2.2187372486573502	2177.2002
3526.274766087787	1312.1804487963464	2.221308773584785	2178.2002
3531.8818971086575	1314.4030442023227	2.2238823864420443	2179.2002
3537.496155036155	1316.6282142655486	2.226458088253411	2180.2002
3543.11754628185	1318.8559610754892	2.22903588004317	2181.2002
3548.7460772603763	1321.0862867226356	2.231615762835606	2182.2002
3554.3817543894493	1323.3191932985028	2.2341977376550037	2183.2002
3560.0245840898497	1325.5546828956294	2.2367818055256468	2184.2002
3565.6745727854363	1327.792757607579	2.2393679674718205	2185.2002
3571.3317269031404	1330.0334195289402	2.2419562245178093	2186.2002
3576.996052872964	1332.2766707553228	2.2445465776878977	2187.2002
3582.66755712798	1334.522513383365	2.24713902800637	2188.2002
3588.346246104339	1336.7709495107267	2.2497335764975106	2189.2002
3594.0321262412626	1339.0219812360924	2.252330224185604	2190.2002
3599.725203981045	1341.2756106591712	2.254928972094935	2191.2002
3605.425485769053	1343.5318398806976	2.257529821249788	2192.2002
3611.1329780537253	1345.7906710024276	2.2601327726744476	2193.2002
3616.847687286576	1348.0521061271443	2.2627378273931975	2194.2002
3622.5696199221907	1350.3161473586538	2.265344986430324	2195.2002
3628.2987824182283	1352.582796801786	2.26795425081011	2196.2002
3634.0351812354174	1354.8520565623958	2.2705656215568397	2197.2002
3639.778822837565	1357.1239287473636	2.2731790996947994	2198.2002
3645.529713691547	1359.398415464591	2.2757946862482723	2199.2002
3651.287860267313	1361.6755188230063	2.2784123822415427	2200.2002
3657.053269037886	1363.9552409325622	2.2810321886988962	2201.2002
3662.8259464793623	1366.2375839042334	2.2836541066446165	2202.2002
3668.605899070909	1368.522549850022	2.286278137102988	2203.2002
3674.3931332947686	1370.810140882952	2.288904281098296	2204.2002
3680.1876556362536	1373.1003591170725	2.291532539654824	2205.2002
3685.989472583754	1375.3932066674565	2.2941629137968578	2206.2002
3691.7985906287254	1377.6886856502028	2.2967954045486803	2207.2002
3697.615016265704	1379.9867981824323	2.299430012934577	2208.2002
3703.438755992295	1382.287546382291	2.3020667399788324	2209.2002
3709.269816309172	1384.590932368951	2.3047055867057304	2210.2002
3715.1082037200945	1386.896958262605	2.307346554139557	2211.2002
3720.9539247318794	1389.2056261844732	2.3099896433045943	2212.2002
3726.806985854427	1391.5169382567997	2.3126348552251286	2213.2002
3732.6673936007073	1393.8308966028505	2.3152821909254446	2214.2002
3738.5351544867603	1396.1475033469183	2.317931651429825	2215.2002
3744.410275031706	1398.4667606143198	2.3205832377625564	2216.2002
3750.2927617577284	1400.7886705313945	2.323236950947922	2217.2002
3756.1826211900907	1403.1132352255077	2.325892792010206	2218.2002
3762.079859857128	1405.4404568250488	2.3285507619736947	2219.2002
3767.984484290245	1407.7703374594303	2.331210861862671	2220.2002
3773.8965010239212	1410.10287925909	2.333873092701419	2221.2002
3779.815916595712	1412.4380843554914	2.3365374555142253	2222.2002
3785.742737546241	1414.7759548811184	2.3392039513253726	2223.2002
3791.6769704192075	1417.1164929694826	2.341872581159146	2224.2002
3797.6186217613804	1419.4597007551192	2.34454334603983	2225.2002
3803.567698122606	1421.8055803735863	2.347216246991709	2226.2002
3809.5242060558007	1424.1541339614673	2.3498912850390674	2227.2002
3815.488152116956	1426.5053636563712	2.352568461206191	2228.2002
3821.45954286513	1428.8592715969278	2.3552477765173614	2229.2002
3827.438384862462	1431.2158599227946	2.3579292319968657	2230.2002
3833.4246846741607	1433.5751307746527	2.3606128286689883	2231.2002
3839.418448868503	1435.937086294205	2.363298567558012	2232.2002
3845.419684016847	1438.3017286241823	2.3659864496882226	2233.2002
3851.4283966936177	1440.6690599083372	2.3686764760839045	2234.2002
3857.4445934763153	1443.039082291447	2.3713686477693416	2235.2002
3863.4682809455135	1445.4117979193134	2.374062965768819	2236.2002
3869.4994656848567	1447.787208938764	2.3767594311066214	2237.2002
3875.5381542810615	1450.1653174976477	2.3794580448070324	2238.2002
3881.5843533239213	1452.5461257448399	2.3821588078943368	2239.2002
3887.6380694063	1454.9296358302404	2.38486172139282	2240.2002
3893.6993091241347	1457.315849904771	2.3875667863267656	2241.2002
3899.7680790764325	1459.7047701203799	2.390274003720458	2242.2002
3905.844385865278	1462.0963986300403	2.3929833745981823	2243.2002
3911.928236095827	1464.490737587746	2.395694899984223	2244.2002
3918.019636376306	1466.887789148519	2.398408580902863	2245.2002
3924.1185933180195	1469.2875554684042	2.40112441837839	2246.2002
3930.2251135353367	1471.6900387044698	2.4038424134350853	2247.2002
3936.33920364571	1474.0952410148093	2.4065625670972355	2248.2002
3942.4608702696532	1476.503164558541	2.4092848803891243	2249.2002
3948.5901200307617	1478.9138114958057	2.4120093543350354	2250.2002
3954.726959555703	1481.3271839877702	2.414735989959255	2251.2002
3960.8713954742116	1483.7432841966252	2.4174647882860665	2252.2002
3967.0234344191003	1486.1621142855847	2.4201957503397544	2253.2002
3973.1830830262543	1488.583676418888	2.422928877144604	2254.2002
3979.350347934628	1491.007972761799	2.4256641697248993	2255.2002
3985.525235786252	1493.4350054806048	2.428401629104924	2256.2002
3991.707753226228	1495.8647767426166	2.4311412563089636	2257.2002
3997.897906902734	1498.2972887161723	2.433883052361303	2258.2002
4004.0957034670155	1500.7325435706305	2.4366270182862255	2259.2002
4010.3011495733936	1503.1705434763767	2.439373155108016	2260.2002
4016.5142518792627	1505.6112906048202	2.4421214638509596	2261.2002
4022.735017045092	1508.0547871283939	2.44487194553934	2262.2002
4028.9634517344184	1510.501035220555	2.4476246011974427	2263.2002
4035.1995626138532	1512.950037055787	2.450379431849551	2264.2002
4041.4433563530865	1515.4017948095939	2.4531364385199503	2265.2002
4047.694839624872	1517.8563106585073	2.455895622232925	2266.2002
4053.9540191050423	1520.3135867800825	2.4586569840127592	2267.2002
4060.220901472502	1522.7736253528967	2.4614205248837373	2268.2002
4066.4954934092266	1525.2364285565545	2.4641862458701445	2269.2002
4072.7778016002676	1527.7019985716838	2.466954147996265	2270.2002
4079.0678327337446	1530.1703375799352	2.469724232286383	2271.2002
4085.3655935008546	1532.6414477639855	2.472496499764783	2272.2002
4091.671090595866	1535.1153313075358	2.47527095145575	2273.2002
4097.98433071612	1537.5919903953095	2.478047588383568	2274.2002
4104.305320562028	1540.0714272130563	2.480826411572522	2275.2002
4110.63406683708	1542.55364394755	2.483607422046896	2276.2002
4116.9705762478325	1545.0386427865872	2.4863906208309743	2277.2002
4123.314855503922	1547.5264259189894	2.489176008949043	2278.2002
4129.666911318051	1550.0169955346046	2.491963587425385	2279.2002
4136.026750405996	1552.5103538243013	2.4947533572842846	2280.2002
4142.394379486612	1555.0065029799753	2.497545319550027	2281.2002
4148.769805281821	1557.5054451945448	2.5003394752468977	2282.2002
4155.1530345166175	1560.0071826619542	2.503135825399179	2283.2002
4161.5440739190735	1562.5117175771697	2.5059343710311572	2284.2002
4167.942930220333	1565.0190521361842	2.5087351131671163	2285.2002
4174.349610154608	1567.5291885360136	2.5115380528313405	2286.2002
4180.764120459186	1570.0421289746978	2.514343191048114	2287.2002
4187.186467874433	1572.5578756513019	2.517150528841722	2288.2002
4193.616659143779	1575.0764307659151	2.519960067236449	2289.2002
4200.05470101373	1577.59779651965	2.522771807256579	2290.2002
4206.500600233867	1580.1219751146443	2.525585749926397	2291.2002
4212.9543635568425	1582.6489687540611	2.5284018962701875	2292.2002
4219.415997738382	1585.1787796420845	2.5312202473122345	2293.2002
4225.885509537281	1587.7114099839257	2.534040804076822	2294.2002
4232.362905715414	1590.2468619858205	2.5368635675882363	2295.2002
4238.848193037723	1592.7851378550265	2.539688538870761	2296.2002
4245.3413782722255	1595.326239799827	2.54251571894868	2297.2002
4251.842468190009	1597.8701700295305	2.545345108846279	2298.2002
4258.351469565237	1600.4169307544676	2.5481767095878403	2299.2002
4264.868389175147	1602.9665241859948	2.551010522197651	2300.2002
4271.393233800044	1605.518952536494	2.5538465476999948	2301.2002
4277.926010223309	1608.074218019368	2.556684787119155	2302.2002
4284.4667252313975	1610.6323228490457	2.5595252414794176	2303.2002
4291.015385613837	1613.1932692409819	2.562367911805067	2304.2002
4297.571998163222	1615.7570594116526	2.565212799120386	2305.2002
4304.13656967523	1618.32369557856	2.5680599044496613	2306.2002
4310.709106948603	1620.8931799602315	2.570909228817176	2307.2002
4317.289616785162	1623.4655147762155	2.573760773247215	2308.2002
4323.878105989794	1626.0407022470877	2.576614538764063	2309.2002
4330.474581370467	1628.6187445944474	2.5794705263920044	2310.2002
4337.079049738214	1631.199644040917	2.5823287371553234	2311.2002
4343.6915179071475	1633.7834028101443	2.585189172078305	2312.2002
4350.311992694447	1636.3700231268017	2.5880518321852333	2313.2002
4356.940480920369	1638.9595072165844	2.590916718500393	2314.2002
4363.576989408242	1641.5518573062132	2.5937838320480684	2315.2002
4370.221524984467	1644.1470756234332	2.5966531738525447	2316.2002
4376.874094478515	1646.745164397012	2.599524744938105	2317.2002
4383.534704722934	1649.346125856744	2.602398546329035	2318.2002
4390.203362553347	1651.949962233447	2.6052745790496195	2319.2002
4396.880074808441	1654.5566757589613	2.6081528441241417	2320.2002
4403.564848329984	1657.1662686661543	2.6110333425768864	2321.2002
4410.257689962813	1659.7787431889165	2.6139160754321398	2322.2002
4416.958606554839	1662.3941015621608	2.6168010437141835	2323.2002
4423.667604957048	1665.0123460218279	2.619688248447305	2324.2002
4430.384692023492	1667.6334788048807	2.6225776906557865	2325.2002
4437.109874611303	1670.2575021493062	2.6254693713639132	2326.2002
4443.843159580685	1672.8844182941161	2.6283632915959703	2327.2002
4450.58455379491	1675.5142294793477	2.631259452376242	2328.2002
4457.334064120327	1678.1469379460598	2.634157854729012	2329.2002
4464.091697426358	1680.7825459363378	2.637058499678566	2330.2002
4470.857460585495	1683.4210556932908	2.639961388249188	2331.2002
4477.631360473304	1686.0624694610513	2.6428665214651614	2332.2002
4484.413403968425	1688.7067894847773	2.6457739003507723	2333.2002
4491.203597952572	1691.354018010651	2.6486835259303048	2334.2002
4498.001949310529	1694.0041572858777	2.6515953992280434	2335.2002
4504.808464930154	1696.6572095586876	2.6545095212682717	2336.2002
4511.623151702376	1699.3131770783364	2.6574258930752754	2337.2002
4518.4460165212	1701.972062095102	2.660344515673338	2338.2002
4525.2770662837065	1704.633866860288	2.6632653900867456	2339.2002
4532.116307890038	1707.298593626222	2.6661885173397812	2340.2002
4538.963748243419	1709.9662446462557	2.6691138984567293	2341.2002
4545.819394250145	1712.6368221747648	2.6720415344618744	2342.2002
4552.683252819586	1715.3103284671502	2.674971426379503	2343.2002
4559.555330864179	1717.9867657798363	2.6779035752338967	2344.2002
4566.435635299442	1720.6661363702715	2.6808379820493418	2345.2002
4573.324173043959	1723.34844249693	2.6837746478501225	2346.2002
4580.220951019387	1726.0336864193084	2.686713573660523	2347.2002
4587.125976150461	1728.7218703979288	2.689654760504828	2348.2002
4594.039255364986	1731.4129966943378	2.692598209407322	2349.2002
4600.960795593839	1734.1070675711048	2.6955439213922894	2350.2002
4607.890603770972	1736.8040852918239	2.698491897484015	2351.2002
4614.828686833406	1739.5040521211163	2.7014421387067826	2352.2002
4621.775051721241	1742.206970324623	2.7043946460848773	2353.2002
4628.729705377642	1744.9128421690125	2.7073494206425837	2354.2002
4635.6926547488565	1747.6216699219763	2.7103064634041862	2355.2002
4642.663906784195	1750.3334558522306	2.713265775393969	2356.2002
4649.6434684360465	1753.048202229515	2.7162273576362166	2357.2002
4656.631346659873	1755.765911324595	2.719191211155214	2358.2002
4663.627548414207	1758.486585409259	2.7221573369752448	2359.2002
4670.632080660655	1761.2102267563203	2.7251257361205945	2360.2002
4677.644950363894	1763.936837639617	2.728096409615547	2361.2002
4684.666164491683	1766.6664203340097	2.7310693584843877	2362.2002
4691.6957300148415	1769.3989771153845	2.7340445837514	2363.2002
4698.733653907267	1772.1345102606533	2.7370220864408688	2364.2002
4705.779943145931	1774.8730220477487	2.7400018675770785	2365.2002
4712.834604710879	1777.6145147556308	2.7429839281843136	2366.2002
4719.897645585225	1780.3589906642828	2.7459682692868594	2367.2002
4726.96907275516	1783.106452054711	2.748954891908999	2368.2002
4734.048893209944	1785.8569012089483	2.751943797075018	2369.2002
4741.137113941913	1788.6103404100509	2.7549349858092005	2370.2002
4748.2337419464775	1791.3667719420978	2.757928459135831	2371.2002
4755.338784222114	1794.1261980901945	2.760924218079194	2372.2002
4762.452247770377	1796.8886211404701	2.763922263663574	2373.2002
4769.574139595895	1799.654043380077	2.7669225969132554	2374.2002
4776.704466706364	1802.422467097193	2.7699252188525225	2375.2002
4783.843236112559	1805.1938945810202	2.772930130505661	2376.2002
4790.990454828323	1807.9683281217838	2.7759373328969543	2377.2002
4798.146129870574	1810.7457700107343	2.7789468270506865	2378.2002
4805.310268259305	1813.5262225401475	2.7819586139911436	2379.2002
4812.482877017577	1816.3096880033206	2.784972694742609	2380.2002
4819.663963171526	1819.0961686945775	2.7879890703293673	2381.2002
4826.853533750364	1821.885666909266	2.7910077417757035	2382.2002
4834.051595786371	1824.678184943757	2.7940287101059016	2383.2002
4841.2581563149015	1827.4737250954468	2.7970519763442465	2384.2002
4848.473222374383	1830.2722896627556	2.8000775415150216	2385.2002
4855.6968010063165	1833.0738809451293	2.803105406642513	2386.2002
4862.928899255278	1835.8785012430349	2.8061355727510047	2387.2002
4870.169524168911	1838.686152857966	2.80916804086478	2388.2002
4877.418682797935	1841.496838092441	2.8122028120081253	2389.2002
4884.676382196144	1844.3105592500003	2.8152398872053244	2390.2002
4891.9426294204	1847.1273186352105	2.8182792674806607	2391.2002
4899.217431530641	1849.9471185536627	2.8213209538584203	2392.2002
4906.500795589881	1852.7699613119703	2.824364947362887	2393.2002
4913.792728664199	1855.595849217772	2.8274112490183443	2394.2002
4921.093237822754	1858.4247845797317	2.830459859849079	2395.2002
4928.402330137776	1861.2567697075367	2.8335107808793736	2396.2002
4935.720012684564	1864.0918069118982	2.8365640131335135	2397.2002
4943.046292541495	1866.929898504553	2.839619557635783	2398.2002
4950.381176790014	1869.7710467982608	2.8426774154104666	2399.2002
4957.724672514645	1872.6152541068059	2.8457375874818487	2400.2002
4965.07678680298	1875.4625227449985	2.848800074874214	2401.2002
4972.437526745685	1878.3128550286697	2.8518648786118472	2402.2002
4979.8068994365	1881.166253274678	2.854931999719032	2403.2002
4987.184911972238	1884.0227198009056	2.8580014392200543	2404.2002
4994.571571452778	1886.882256926258	2.861073198139197	2405.2002
5001.966884981085	1889.7448669706646	2.8641472775007455	2406.2002
5009.370859663186	1892.610552255082	2.8672236783289846	2407.2002
5016.783502608185	1895.4793151014865	2.870302401648198	2408.2002
5024.204820928257	1898.3511578328826	2.87338344848267	2409.2002
5031.634821738652	1901.226082773299	2.8764668198566863	2410.2002
5039.073512157694	1904.1040922477844	2.879552516794531	2411.2002
5046.520899306772	1906.9851885824169	2.8826405403204878	2412.2002
5053.976990310361	1909.8693741042966	2.8857308914588424	2413.2002
5061.4417922959965	1912.756651141547	2.888823571233878	2414.2002
5068.915312394292	1915.6470220233177	2.8919185806698797	2415.2002
5076.397557738937	1918.5404890797818	2.8950159207911326	2416.2002
5083.88853546669	1921.4370546421364	2.8981155926219206	2417.2002
5091.388252717378	1924.3367210426031	2.9012175971865277	2418.2002
5098.896716633912	1927.239490614429	2.90432193550924	2419.2002
5106.413934362266	1930.1453656918827	2.90742860861434	2420.2002
5113.939913051492	1933.0543486102597	2.910537617526114	2421.2002
5121.47465985371	1935.9664417058789	2.913648963268845	2422.2002
5129.018181924123	1938.8816473160823	2.916762646866819	2423.2002
5136.570486420993	1941.7999677792386	2.919878669344319	2424.2002
5144.131580505666	1944.7214054347392	2.92299703172563	2425.2002
5151.701471342555	1947.6459626229994	2.9261177350350374	2426.2002
5159.28016609915	1950.5736416854597	2.9292407802968246	2427.2002
5166.867671946009	1953.5044449645854	2.9323661685352773	2428.2002
5174.463996056766	1956.438374803864	2.935493900774678	2429.2002
5182.069145608125	1959.3754335478095	2.938623978039313	2430.2002
5189.683127779868	1962.3156235419597	2.9417564013534663	2431.2002
5197.3059497548475	1965.2589471328747	2.944891171741422	2432.2002
5204.9376187189855	1968.2054066681412	2.948028290227465	2433.2002
5212.578141861282	1971.15500449637	2.9511677578358806	2434.2002
5220.2275263738065	1974.1077429671955	2.9543095755909516	2435.2002
5227.885779451699	1977.0636244312755	2.957453744516963	2436.2002
5235.552908293182	1980.0226512402946	2.9606002656382007	2437.2002
5243.228920099538	1982.984825746959	2.963749139978947	2438.2002
5250.913822075134	1985.9501503050003	2.966900368563488	2439.2002
5258.607621427403	1988.9186272691754	2.9700539524161083	2440.2002
5266.310325366852	1991.8902589952631	2.9732098925610915	2441.2002
5274.021941107063	1994.865047840069	2.9763681900227223	2442.2002
5281.742475864685	1997.8429961614227	2.9795288458252855	2443.2002
5289.471936859449	2000.8241063181754	2.9826918609930657	2444.2002
5297.210331314151	2003.8083806702048	2.9858572365503466	2445.2002
5304.957666454663	2006.7958215784142	2.9890249735214134	2446.2002
5312.713949509932	2009.7864314047274	2.9921950729305506	2447.2002
5320.479187711972	2012.7802125120957	2.9953675358020426	2448.2002
5328.25338829588	2015.7771672644935	2.9985423631601744	2449.2002
5336.036558499811	2018.7772980269197	3.0017195560292294	2450.2002
5343.8287055650035	2021.7806071653968	3.0048991154334925	2451.2002
5351.62983673577	2024.7870970469733	3.008081042397249	2452.2002
5359.439959259488	2027.7967700397198	3.0112653379447822	2453.2002
5367.259080386616	2030.809628512732	3.014452003100377	2454.2002
5375.087207370679	2033.8256748361314	3.017641038888319	2455.2002
5382.924347468276	2036.844911381061	3.020832446332891	2456.2002
5390.770507939084	2039.86734051969	3.024026226458379	2457.2002
5398.625696045847	2042.8929646252134	3.0272223802890665	2458.2002
5406.489919054384	2045.9217860718454	3.0304209088492384	2459.2002
5414.363184233587	2048.953807234829	3.0336218131631787	2460.2002
5422.245498855421	2051.989030490431	3.0368250942551733	2461.2002
5430.13687019492	2055.02745821594	3.0400307531495043	2462.2002
5438.037305530202	2058.069092789672	3.0432387908704586	2463.2002
5445.946812142442	2061.113936590965	3.04644920844232	2464.2002
5453.865397315899	2064.161992000182	3.049662006889372	2465.2002
5461.7930683379045	2067.21326139871	3.0528771872358997	2466.2002
5469.729832498857	2070.2677471689617	3.056094750506188	2467.2002
5477.675697092232	2073.325451694372	3.0593146977245214	2468.2002
5485.630669414578	2076.386377359401	3.062537029915184	2469.2002
5493.594756765515	2079.4505265495345	3.065761748102461	2470.2002
5501.567966447734	2082.51790165128	3.068988853310635	2471.2002
5509.550305767002	2085.5885050521706	3.0722183465639925	2472.2002
5517.54178203216	2088.6623391407647	3.075450228886818	2473.2002
5525.542402555118	2091.739406306642	3.0786845013033948	2474.2002
5533.552174650861	2094.8197089404102	3.081921164838008	2475.2002
5541.571105637447	2097.9032494336993	3.085160220514943	2476.2002
5549.599202836002	2100.990030179163	3.0884016693584817	2477.2002
5557.636473570735	2104.0800535704793	3.0916455123929105	2478.2002
5565.68292516892	2107.173322002354	3.094891750642515	2479.2002
5573.738564960905	2110.269837870511	3.098140385131577	2480.2002
5581.803400280111	2113.3696035717044	3.1013914168843835	2481.2002
5589.877438463036	2116.4726215037094	3.1046448469252175	2482.2002
5597.96068684924	2119.578894065326	3.107900676278363	2483.2002
5606.053152781375	2122.688423656378	3.1111589059681064	2484.2002
5614.154843605143	2125.801212677715	3.1144195370187306	2485.2002
5622.265766669336	2128.9172635312107	3.1176825704545217	2486.2002
5630.38592932581	2132.036578619761	3.1209480072997624	2487.2002
5638.515338929499	2135.159160347288	3.1242158485787384	2488.2002
5646.654002838406	2138.285011118738	3.1274860953157337	2489.2002
5654.801928413608	2141.4141333400803	3.1307587485350323	2490.2002
5662.959123019256	2144.5465294183095	3.1340338092609197	2491.2002
5671.125594022574	2147.682201761446	3.1373112785176804	2492.2002
5679.301348793857	2150.82115277853	3.1405911573295984	2493.2002
5687.486394706471	2153.963384879631	3.1438734467209577	2494.2002
5695.680739136863	2157.1089004758405	3.147158147716044	2495.2002
5703.884389464544	2160.257701979273	3.150445261339141	2496.2002
5712.097353072104	2163.409791803069	3.1537347886145337	2497.2002
5720.319637345198	2166.5651723613946	3.1570267305665065	2498.2002
5728.551249672566	2169.723846069436	3.1603210882193435	2499.2002
5736.792197446008	2172.8858153434076	3.163617862597329	2500.2002
5745.042488060405	2176.0510826005475	3.1669170547247485	2501.2002
5753.3021289137105	2179.219650259115	3.1702186656258857	2502.2002
5761.571127406945	2182.391520738398	3.1735226963250254	2503.2002
5769.849490944211	2185.5666964587062	3.1768291478464525	2504.2002
5778.137226932673	2188.745179841373	3.1801380212144505	2505.2002
5786.434342782577	2191.9269733087585	3.1834493174533045	2506.2002
5794.740845907239	2195.112079284245	3.186763037587299	2507.2002
5803.056743723048	2198.3005001922397	3.190079182640719	2508.2002
5811.382043649465	2201.492238458174	3.1933977536378477	2509.2002
5819.716753109022	2204.6872965085045	3.1967187516029703	2510.2002
5828.060879527331	2207.885676770711	3.200042177560372	2511.2002
5836.41443033307	2211.0873816732974	3.2033680325343368	2512.2002
5844.777412957992	2214.292413645793	3.2066963175491487	2513.2002
5853.1498348369205	2217.5007751187513	3.2100270336290926	2514.2002
5861.531703407758	2220.712468523748	3.213360181798453	2515.2002
5869.923026111475	2223.927496293386	3.2166957630815145	2516.2002
5878.323810392114	2227.14586086129	3.2200337785025615	2517.2002
5886.734063696793	2230.3675646621114	3.223374229085878	2518.2002
5895.153793475705	2233.5926101315245	3.22671711585575	2519.2002
5903.583007182109	2236.820999706227	3.2300624398364604	2520.2002
5912.0217122723425	2240.052735823942	3.2334102020522937	2521.2002
5920.469916205815	2243.2878209234177	3.236760403527536	2522.2002
5928.927626445007	2246.526257444425	3.2401130452864706	2523.2002
5937.394850455474	2249.76804782776	3.243468128353382	2524.2002
5945.871595705842	2253.013194515243	3.2468256537525555	2525.2002
5954.3578696678105	2256.2616999497172	3.2501856225082744	2526.2002
5962.853679816154	2259.5135665750527	3.253548035644824	2527.2002
5971.359033628718	2262.7687968361424	3.2569128941864887	2528.2002
5979.873938586423	2266.027393178902	3.260280199157553	2529.2002
5988.398402173254	2269.289358050275	3.263649951582301	2530.2002
5996.932431876282	2272.5546938982266	3.2670221524850183	2531.2002
6005.476035185642	2275.8234031717457	3.2703968028899872	2532.2002
6014.029219594545	2279.095488320848	3.273773903821495	2533.2002
6022.591992599271	2282.3709517965726	3.2771534563038243	2534.2002
6031.164361699178	2285.6497960509814	3.2805354613612603	2535.2002
6039.746334396696	2288.9320235371615	3.283919920018087	2536.2002
6048.337918197322	2292.2176367092256	3.2873068332985897	2537.2002
6056.939120609637	2295.506638022308	3.2906962022270525	2538.2002
6065.549949145284	2298.7990299325697	3.2940880278277596	2539.2002
6074.170411318982	2302.0948148971956	3.297482311124996	2540.2002
6082.800514648526	2305.393995374393	3.3008790531430456	2541.2002
6091.44026665478	2308.6965738233966	3.3042782549061935	2542.2002
6100.089674861684	2312.0025527044627	3.307679917438724	2543.2002
6108.748746796251	2315.3119344788724	3.311084041764922	2544.2002
6117.417489988563	2318.6247216089314	3.314490628909071	2545.2002
6126.0959119717745	2321.9409165579714	3.317899679895456	2546.2002
6134.784020282123	2325.2605217903447	3.321311195748362	2547.2002
6143.481822458905	2328.583539771431	3.324725177492073	2548.2002
6152.1893260445	2331.9099729676336	3.328141626150874	2549.2002
6160.906538584352	2335.2398238463797	3.3315605427490484	2550.2002
6169.633467626989	2338.5730948761193	3.334981928310882	2551.2002
6178.370120723997	2341.909788526331	3.338405783860658	2552.2002
6187.116505430052	2345.249907267512	3.3418321104226623	2553.2002
6195.872629302886	2348.593453571188	3.3452609090211776	2554.2002
6204.63849990332	2351.9404299099083	3.348692180680491	2555.2002
6213.414124795233	2355.2908387572443	3.352125926424885	2556.2002
6222.199511545587	2358.644682587794	3.3555621472786443	2557.2002
6230.994667724412	2362.001963877179	3.3590008442660544	2558.2002
6239.799600904809	2365.3626851020454	3.362442018411398	2559.2002
6248.614318662961	2368.7268487400625	3.3658856707389613	2560.2002
6257.438828578117	2372.094457269926	3.3693318022730288	2561.2002
6266.273138232597	2375.4655131713525	3.3727804140378836	2562.2002
6275.1172552118	2378.8400189250865	3.376231507057812	2563.2002
6283.971187104192	2382.217977012895	3.379685082357097	2564.2002
6292.834941501311	2385.5993899175683	3.383141140960023	2565.2002
6301.70852599778	2388.984260122924	3.3865996838908763	2566.2002
6310.59194819128	2392.372590113801	3.39006071217394	2567.2002
6319.485215682573	2395.7643823760645	3.3935242268334984	2568.2002
6328.388336075489	2399.1596393966015	3.3969902288938365	2569.2002
6337.3013169769365	2402.558363663327	3.400458719379239	2570.2002
6346.224165996896	2405.9605576651766	3.40392969931399	2571.2002
6355.1568907484125	2409.3662238921124	3.4074031697223743	2572.2002
6364.099498847616	2412.775364835121	3.4108791316286764	2573.2002
6373.0519979137	2416.1879829862105	3.41435758605718	2574.2002
6382.014395568938	2419.604080838417	3.417838534032171	2575.2002
6390.986699438669	2423.0236608857986	3.4213219765779335	2576.2002
6399.968917151312	2426.446725623438	3.424807914718751	2577.2002
6408.961056338349	2429.8732775474423	3.4282963494789085	2578.2002
6417.963124634351	2433.303319154944	3.4317872818826913	2579.2002
6426.975129676946	2436.7368529440973	3.435280712954383	2580.2002
6435.99707910684	2440.1738814140826	3.4387766437182683	2581.2002
6445.028980567819	2443.6144070651058	3.4422750751986326	2582.2002
6454.070841706728	2447.058432398394	3.4457760084197586	2583.2002
6463.1226701734995	2450.5059599162	3.4492794444059323	2584.2002
6472.184473621126	2453.9569921218026	3.4527853841814373	2585.2002
6481.256259705686	2457.4115315195013	3.4562938287705594	2586.2002
6490.3380360863175	2460.8695806146225	3.4598047791975817	2587.2002
6499.4298104252375	2464.3311419135166	3.463318236486789	2588.2002
6508.53159038774	2467.7962179235587	3.4668342016624663	2589.2002
6517.643383642186	2471.2648111531457	3.470352675748898	2590.2002
6526.765197860008	2474.7369241117012	3.473873659770368	2591.2002
6535.8970407157185	2478.212559309673	3.477397154751161	2592.2002
6545.038919886898	2481.6917192585315	3.4809231617155625	2593.2002
6554.190843054201	2485.1744064707727	3.484451681687856	2594.2002
6563.352817901351	2488.660623459918	3.487982715692326	2595.2002
6572.524852115151	2492.1503727405097	3.4915162647532574	2596.2002
6581.706953385473	2495.643656828118	3.4950523298949348	2597.2002
6590.899129405262	2499.1404782393347	3.4985909121416423	2598.2002
6600.101387870538	2502.6408394917776	3.5021320125176643	2599.2002
6609.313736480392	2506.144743104088	3.5056756320472857	2600.2002
6618.536182936988	2509.652191595932	3.5092217717547918	2601.2002
6627.768734945557	2513.1631874879986	3.512770432664464	2602.2002
6637.01140021442	2516.6777333020023	3.516321615800591	2603.2002
6646.26418645495	2520.1958315606835	3.519875322187454	2604.2002
6655.527101381608	2523.7174847878027	3.5234315528493396	2605.2002
6664.800152711921	2527.242695508148	3.5269903088105314	2606.2002
6674.08334816649	2530.7714662475314	3.530551591095314	2607.2002
6683.376695468987	2534.303799532788	3.534115400727971	2608.2002
6692.680202346161	2537.839697891778	3.5376817387327884	2609.2002
6701.993876527835	2541.379163853386	3.5412506061340507	2610.2002
6711.317725746896	2544.9221999475194	3.544822003956041	2611.2002
6720.651757739313	2548.4688087051127	3.5483959332230453	2612.2002
6729.995980244121	2552.018992658123	3.5519723949593462	2613.2002
6739.350401003437	2555.572754339529	3.5555513901892306	2614.2002
6748.715027762438	2559.13009628334	3.559132919936981	2615.2002
6758.089868269385	2562.6910210245846	3.5627169852268836	2616.2002
6767.47493027561	2566.2555310993157	3.5663035870832216	2617.2002
6776.870221535512	2569.823629044614	3.5698927265302802	2618.2002
6786.275749806565	2573.395317398582	3.573484404592343	2619.2002
6795.69152284932	2576.9705987003454	3.577078622293695	2620.2002
6805.117548427398	2580.5494754900565	3.5806753806586213	2621.2002
6814.553834307494	2584.1319503088916	3.584274680711406	2622.2002
6824.000388259374	2587.7180256990505	3.5878765234763335	2623.2002
6833.457218055875	2591.307704203756	3.591480909977688	2624.2002
6842.924331472913	2594.9009883672597	3.5950878412397547	2625.2002
6852.401736289473	2598.4978807348316	3.5986973182868174	2626.2002
6861.889440287613	2602.098383852769	3.602309342143161	2627.2002
6871.387451252466	2605.7025002683954	3.605923913833071	2628.2002
6880.895776972231	2609.310232530055	3.60954103438083	2629.2002
6890.4144252381875	2612.9215831871174	3.613160704810723	2630.2002
6899.943403844688	2616.5365547899787	3.6167829261470357	2631.2002
6909.482720589149	2620.1551498900553	3.6204076994140504	2632.2002
6919.032383272072	2623.777371039791	3.6240350256360543	2633.2002
6928.592399697021	2627.403220792654	3.62766490583733	2634.2002
6938.162777670641	2631.032701703134	3.6312973410421625	2635.2002
6947.743525002645	2634.6658163267475	3.6349323322748366	2636.2002
6957.334649505818	2638.3025672200342	3.638569880559637	2637.2002
6966.936158996019	2641.9429569405584	3.6422099869208475	2638.2002
6976.548061292181	2645.5869880469095	3.645852652382752	2639.2002
6986.170364216314	2649.2346630986995	3.649497877969637	2640.2002
6995.80307559349	2652.885984656565	3.653145664705786	2641.2002
7005.446203251863	2656.540955282169	3.6567960136154825	2642.2002
7015.099755022656	2660.1995775381956	3.6604489257230117	2643.2002
7024.763738740166	2663.8618539883555	3.6641044020526587	2644.2002
7034.438162241767	2667.527787197383	3.6677624436287086	2645.2002
7044.123033367894	2671.1973797310366	3.671423051475444	2646.2002
7053.818359962068	2674.870634156099	3.6750862266171507	2647.2002
7063.5241498708765	2678.5475530403774	3.6787519700781126	2648.2002
7073.240410943978	2682.2281389527034	3.6824202828826147	2649.2002
7082.967151034107	2685.912394462932	3.6860911660549407	2650.2002
7092.70437799707	2689.6003221419433	3.6897646206193753	2651.2002
7102.452099691749	2693.2919245616426	3.6934406476002044	2652.2002
7112.210323980095	2696.9872042949582	3.6971192480217105	2653.2002
7121.9790587271345	2700.686163915841	3.7008004229081797	2654.2002
7131.758311800964	2704.3888059992705	3.7044841732838956	2655.2002
7141.5480910727565	2708.095133121247	3.708170500173143	2656.2002
7151.348404416754	2711.805147858796	3.7118594046002062	2657.2002
7161.159259710274	2715.5188527899686	3.71555088758937	2658.2002
7170.980664833705	2719.2362504938365	3.719244950164919	2659.2002
7180.812627670514	2722.957343550501	3.7229415933511367	2660.2002
7190.655156107228	2726.6821345410845	3.726640818172309	2661.2002
7200.508258033463	2730.4106260477324	3.7303426256527192	2662.2002
7210.371941341897	2734.142820653617	3.7340470168166524	2663.2002
7220.246213928282	2737.878720942935	3.7377539926883934	2664.2002
7230.131083691449	2741.618329500905	3.7414635542922268	2665.2002
7240.026558533296	2745.361648913771	3.7451757026524364	2666.2002
7249.932646358792	2749.1086817688038	3.748890438793307	2667.2002
7259.849355075985	2752.8594306542936	3.7526077637391224	2668.2002
7269.776692595997	2756.6138981595577	3.756327678514168	2669.2002
7279.714666833011	2760.3720868749397	3.7600501841427283	2670.2002
7289.663285704299	2764.1339993918027	3.763775281649088	2671.2002
7299.622557130193	2767.899638302538	3.767502972057531	2672.2002
7309.592489034099	2771.66900620056	3.771233256392341	2673.2002
7319.573089342511	2775.442105680306	3.774966135677806	2674.2002
7329.56436598497	2779.21893933724	3.7787016109382052	2675.2002
7339.566326894113	2782.9995097678493	3.7824396831978273	2676.2002
7349.578980005639	2786.783819569644	3.7861803534809546	2677.2002
7359.602333258325	2790.57187134116	3.7899236228118736	2678.2002
7369.636394594013	2794.3636676819588	3.7936694922148666	2679.2002
7379.6811719576235	2798.159211192622	3.79741796271422	2680.2002
7389.736673297151	2801.95850447476	3.801169035334217	2681.2002
7399.8029065636565	2805.761550131006	3.8049227110991426	2682.2002
7409.879879711284	2809.568350765015	3.808678991033281	2683.2002
7419.96760069724	2813.37890898147	3.812437876160917	2684.2002
7430.06607748181	2817.1932273860766	3.8161993675063353	2685.2002
7440.175318028347	2821.0113085855637	3.819963466093819	2686.2002
7450.29533030329	2824.8331551876854	3.8237301729476556	2687.2002
7460.426122276131	2828.6587698012227	3.8274994890921263	2688.2002
7470.56770191945	2832.488155035975	3.8312714155515173	2689.2002
7480.7200772088945	2836.3213135027713	3.835045953350113	2690.2002
7490.883256123186	2840.1582478134624	3.8388231035121976	2691.2002
7501.057246644115	2843.998960580925	3.8426028670620562	2692.2002
7511.242056756553	2847.8434544190577	3.8463852450239724	2693.2002
7521.437694448439	2851.691731942785	3.8501702384222316	2694.2002
7531.644167710785	2855.543795768056	3.853957848281118	2695.2002
7541.8614845376715	2859.3996485118423	3.8577480756249156	2696.2002
7552.089652926258	2863.259292792142	3.861540921477909	2697.2002
7562.328680876781	2867.122731227977	3.8653363868643833	2698.2002
7572.578576392541	2870.98996643939	3.869134472808623	2699.2002
7582.839347479912	2874.861001047454	3.872935180334912	2700.2002
7593.111002148347	2878.7358376742623	3.8767385104675354	2701.2002
7603.393548410366	2882.6144789429327	3.8805444642307765	2702.2002
7613.686994281565	2886.496927477608	3.884353042648921	2703.2002
7623.991347780613	2890.383185903457	3.8881642467462534	2704.2002
7634.30661692925	2894.2732568466686	3.891978077547058	2705.2002
7644.632809752288	2898.1671429344597	3.895794536075619	2706.2002
7654.969934277617	2902.064846795071	3.8996136233562213	2707.2002
7665.317998536195	2905.966371057765	3.903435340413149	2708.2002
7675.677010562051	2909.87171835283	3.9072596882706865	2709.2002
7686.046978392296	2913.7808913115814	3.9110866679531195	2710.2002
7696.427910067106	2917.693892566353	3.914916280484731	2711.2002
7706.819813629731	2921.610724750508	3.9187485268898063	2712.2002
7717.222697126492	2925.5313904984323	3.9225834081926294	2713.2002
7727.636568606789	2929.455892445534	3.926420925417485	2714.2002
7738.061436123093	2933.384233228249	3.930261079588658	2715.2002
7748.497307730943	2937.3164154840356	3.934103871730433	2716.2002
7758.944191488957	2941.252441851375	3.9379493028670947	2717.2002
7769.402095458816	2945.1923149697755	3.9417973740229257	2718.2002
7779.8710277052905	2949.1360374797687	3.9456480862222127	2719.2002
7790.350996296207	2953.0836120229096	3.9495014404892386	2720.2002
7800.842009302474	2957.0350412417774	3.9533574378482887	2721.2002
7811.344074798073	2960.9903277799785	3.9572160793236484	2722.2002
7821.857200860057	2964.9494742821385	3.961077365939601	2723.2002
7832.3813955685455	2968.912483393912	3.96494129872043	2724.2002
7842.916667006742	2972.8793577619763	3.9688078786904226	2725.2002
7853.4630232609115	2976.850100034031	3.972677106873861	2726.2002
7864.020472420403	2980.8247128588027	3.9765489842950306	2727.2002
7874.589022577633	2984.803198886042	3.9804235119782168	2728.2002
7885.168681828085	2988.7855607665215	3.9843006909477023	2729.2002
7895.75945827033	2992.77180115204	3.988180522227773	2730.2002
7906.361360005994	2996.761922695422	3.992063006842712	2731.2002
7916.974395139796	3000.7559280505125	3.995948145816806	2732.2002
7927.598571779505	3004.753819872183	3.999835940174337	2733.2002
7938.233898035982	3008.755600816331	4.003726390939592	2734.2002
7948.880382023148	3012.7612735398734	4.007619499136853	2735.2002
7959.5380318580055	3016.770840700756	4.011515265790406	2736.2002
7970.206855660628	3020.784304957948	4.015413691924535	2737.2002
7980.886861554161	3024.8016689714404	4.019314778563525	2738.2002
7991.578057664817	3028.8229354022515	4.02321852673166	2739.2002
8002.280452121897	3032.848106912422	4.027124937453226	2740.2002
8012.994053057753	3036.8771861650166	4.031034011752505	2741.2002
8023.718868607826	3040.910175824127	4.034945750653782	2742.2002
8034.454906910626	3044.9470785548665	4.038860155181343	2743.2002
8045.202176107736	3048.987897023373	4.042777226359472	2744.2002
8055.9606843438105	3053.03263389681	4.046696965212453	2745.2002
8066.730439766574	3057.081291843365	4.0506193727645705	2746.2002
8077.511450526834	3061.1338735322474	4.05454445004011	2747.2002
8088.303724778457	3065.1903816336935	4.058472198063354	2748.2002
8099.107270678394	3069.2508188189645	4.06240261785859	2749.2002
8109.922096386663	3073.315187760343	4.066335710450099	2750.2002
8120.748210066355	3077.383491131138	4.070271476862168	2751.2002
8131.585619883637	3081.4557316056826	4.074209918119081	2752.2002
8142.434334007747	3085.5319118593325	4.0781510352451225	2753.2002
8153.29436061099	3089.6120345684703	4.082094829264575	2754.2002
8164.165707868758	3093.696102410501	4.0860413012017265	2755.2002
8175.048383959504	3097.7841180638547	4.08999045208086	2756.2002
8185.942397064753	3101.8760842079846	4.093942282926259	2757.2002
8196.847755369112	3105.972003523371	4.0978967947622085	2758.2002
8207.764467060255	3110.0718786915145	4.101853988612993	2759.2002
8218.692540328928	3114.175712394943	4.105813865502897	2760.2002
8229.631983368958	3118.283507317208	4.109776426456207	2761.2002
8240.582804377227	3122.395266142885	4.113741672497205	2762.2002
8251.545011553713	3126.510991557573	4.117709604650176	2763.2002
8262.518613101453	3130.6306862478973	4.121680223939405	2764.2002
8273.503617226552	3134.7543529015056	4.125653531389176	2765.2002
8284.5000321382	3138.8819942070704	4.129629528023774	2766.2002
8295.507866048654	3143.0136128542895	4.1336082148674835	2767.2002
8306.527127173244	3147.1492115338833	4.137589592944588	2768.2002
8317.557823730378	3151.2887929375975	4.141573663279374	2769.2002
8328.599963941528	3155.432359758203	4.145560426896124	2770.2002
8339.65355603124	3159.579914689492	4.149549884819123	2771.2002
8350.718608227146	3163.7314604262842	4.153542038072658	2772.2002
8361.79512875993	3167.8869996644225	4.157536887681009	2773.2002
8372.883125863365	3172.046535100773	4.1615344346684635	2774.2002
8383.982607774293	3176.2100694332275	4.165534680059305	2775.2002
8395.093582732625	3180.3776053607007	4.169537624877819	2776.2002
8406.216058981347	3184.5491455831334	4.173543270148288	2777.2002
8417.350044766521	3188.724692801489	4.177551616894998	2778.2002
8428.495548337278	3192.904249717757	4.181562666142235	2779.2002
8439.65257794582	3197.0878190349486	4.185576418914281	2780.2002
8450.82114184743	3201.2754034571017	4.189592876235421	2781.2002
8462.001248300454	3205.4670056892783	4.193612039129941	2782.2002
8473.192905566313	3209.6626284375616	4.197633908622123	2783.2002
8484.396121909513	3213.862274409062	4.201658485736253	2784.2002
8495.610905597616	3218.0659463119155	4.205685771496617	2785.2002
8506.837264901264	3222.2736468552794	4.209715766927496	2786.2002
8518.075208094175	3226.4853787493353	4.213748473053177	2787.2002
8529.324743453133	3230.7011447052923	4.217783890897944	2788.2002
8540.585879258002	3234.9209474353793	4.221822021486081	2789.2002
8551.858623791717	3239.1447896528525	4.225862865841873	2790.2002
8563.142985340277	3243.372674071994	4.229906424989605	2791.2002
8574.438972192766	3247.6046034081046	4.2339526999535595	2792.2002
8585.746592641339	3251.840580377514	4.238001691758024	2793.2002
8597.06585498121	3256.080607697575	4.24205340142728	2794.2002
8608.396767510689	3260.3246880866654	4.246107829985614	2795.2002
8619.739338531142	3264.572824264184	4.25016497845731	2796.2002
8631.09357634701	3268.825018950559	4.254224847866651	2797.2002
8642.459489265811	3273.0812748672383	4.258287439237924	2798.2002
8653.837085598137	3277.3415947366966	4.2623527535954135	2799.2002
8665.22637365764	3281.605981282433	4.266420791963401	2800.2002
8676.627361761073	3285.8744372289684	4.270491555366175	2801.2002
8688.040058228224	3290.146965301851	4.274565044828016	2802.2002
8699.464471381987	3294.423568227652	4.278641261373211	2803.2002
8710.900609548307	3298.704248733967	4.282720206026044	2804.2002
8722.348481056215	3302.9890095494147	4.286801879810799	2805.2002
8733.808094237811	3307.27785340364	4.290886283751762	2806.2002
8745.279457428265	3311.5707830273127	4.294973418873216	2807.2002
8756.76257896582	3315.867801152122	4.299063286199446	2808.2002
8768.257467191796	3320.168910510787	4.303155886754736	2809.2002
8779.764130450583	3324.4741138370496	4.307251221563371	2810.2002
8791.282577089643	3328.7834138656735	4.311349291649636	2811.2002
8802.81281545951	3333.096813332449	4.315450098037814	2812.2002
8814.354853913805	3337.4143149741913	4.319553641752192	2813.2002
8825.908700809192	3341.735921528737	4.3236599238170506	2814.2002
8837.47436450544	3346.06163573495	4.327768945256679	2815.2002
8849.051853365372	3350.3914603327166	4.331880707095358	2816.2002
8860.641175754885	3354.7253980629484	4.335995210357373	2817.2002
8872.24234004296	3359.0634516675805	4.34011245606701	2818.2002
8883.855354601636	3363.4056238895732	4.344232445248553	2819.2002
8895.480227806036	3367.7519174729096	4.348355178926285	2820.2002
8907.11696803435	3372.102335162599	4.352480658124492	2821.2002
8918.76558366784	3376.4568797046736	4.356608883867457	2822.2002
8930.426083090848	3380.8155538461906	4.360739857179465	2823.2002
8942.098474690787	3385.1783603352296	4.364873579084803	2824.2002
8953.782766858134	3389.5453019208994	4.369010050607752	2825.2002
8965.478967986444	3393.916381353327	4.373149272772598	2826.2002
8977.187086472359	3398.291601383666	4.377291246603627	2827.2002
8988.907130715565	3402.6709647640973	4.381435973125121	2828.2002
9000.639109118843	3407.0544742478214	4.385583453361365	2829.2002
9012.383030088044	3411.442132589066	4.389733688336644	2830.2002
9024.138902032086	3415.8339425430827	4.393886679075244	2831.2002
9035.90673336296	3420.2299068661455	4.398042426601447	2832.2002
9047.686532495729	3424.630028315556	4.402200931939538	2833.2002
9059.478307848543	3429.034309649637	4.406362196113803	2834.2002
9071.282067842603	3433.442753627737	4.410526220148524	2835.2002
9083.097820902201	3437.8553630102283	4.4146930050679885	2836.2002
9094.925575454694	3442.27214055851	4.4188625518964795	2837.2002
9106.765339930504	3446.6930890350004	4.42303486165828	2838.2002
9118.617122763144	3451.118211203145	4.427209935377677	2839.2002
9130.48093238919	3455.547509827416	4.431387774078956	2840.2002
9142.35677724828	3459.980987673305	4.435568378786396	2841.2002
9154.244665783148	3464.418647507332	4.439751750524287	2842.2002
9166.144606439584	3468.8604920970392	4.443937890316912	2843.2002
9178.05660766645	3473.3065242109924	4.448126799188553	2844.2002
9189.980677915697	3477.756746618784	4.452318478163498	2845.2002
9201.91682564233	3482.2111620910287	4.456512928266029	2846.2002
9213.865059304446	3486.669773399366	4.460710150520434	2847.2002
9225.825387363187	3491.132583316461	4.464910145950993	2848.2002
9237.797818282797	3495.599594616002	4.469112915581993	2849.2002
9249.782360530578	3500.0708100726997	4.473318460437718	2850.2002
9261.779022576904	3504.5462324622936	4.477526781542452	2851.2002
9273.78781289523	3509.025864561543	4.481737879920481	2852.2002
9285.808739962078	3513.509709148234	4.485951756596089	2853.2002
9297.841812257044	3517.9977690011756	4.490168412593559	2854.2002
9309.887038262797	3522.490046900203	4.494387848937177	2855.2002
9321.944426465077	3526.9865456261737	4.498610066651227	2856.2002
9334.0139853527	3531.48726796097	4.502835066759994	2857.2002
9346.095723417551	3535.9922166875003	4.507062850287761	2858.2002
9358.189649154592	3540.5013945896935	4.5112934182588145	2859.2002
9370.295771061863	3545.0148044525067	4.515526771697439	2860.2002
9382.41409764046	3549.5324490619196	4.519762911627916	2861.2002
9394.544637394565	3554.054331204935	4.524001839074534	2862.2002
9406.687398831431	3558.5804536695814	4.528243555061574	2863.2002
9418.84239046138	3563.1108192449133	4.532488060613323	2864.2002
9431.009620797815	3567.6454307210047	4.536735356754065	2865.2002
9443.1890983572	3572.1842908889585	4.540985444508083	2866.2002
9455.380831659078	3576.7274025409	4.545238324899663	2867.2002
9467.584829226073	3581.274768469979	4.549493998953089	2868.2002
9479.801099583869	3585.8263914703675	4.553752467692647	2869.2002
9492.029651261224	3590.382274337268	4.558013732142618	2870.2002
9504.270492789976	3594.9424198668985	4.56227779332729	2871.2002
9516.523632705035	3599.506830856508	4.566544652270946	2872.2002
9528.789079544378	3604.0755101043683	4.570814309997871	2873.2002
9541.066841849057	3608.648460409773	4.575086767532348	2874.2002
9553.3569281632	3613.2256845730435	4.579362025898663	2875.2002
9565.659347034005	3617.8071853955225	4.5836400861211	2876.2002
9577.974107011745	3622.392965679579	4.587920949223944	2877.2002
9590.301216649761	3626.9830282286052	4.592204616231479	2878.2002
9602.640684504478	3631.5773758470186	4.596491088167991	2879.2002
9614.992519135378	3636.1760113402593	4.600780366057761	2880.2002
9627.35672910503	3640.7789375147927	4.605072450925077	2881.2002
9639.733322979064	3645.38615717811	4.609367343794221	2882.2002
9652.122309326196	3649.9976731387233	4.61366504568948	2883.2002
9664.523696718199	3654.6134882061724	4.617965557635136	2884.2002
9676.937493729936	3659.233605191019	4.622268880655476	2885.2002
9689.363708939332	3663.8580269048493	4.626575015774782	2886.2002
9701.802350927384	3668.4867561602755	4.6308839640173405	2887.2002
9714.253428278167	3673.1197957709337	4.635195726407435	2888.2002
9726.716949578826	3677.7571485514814	4.63951030396935	2889.2002
9739.192923419581	3682.398817317604	4.643827697727369	2890.2002
9751.681358393726	3687.04480488601	4.648147908705781	2891.2002
9764.182263097618	3691.6951140744304	4.6524709379288645	2892.2002
9776.695646130702	3696.349747701623	4.656796786420907	2893.2002
9789.221516095486	3701.00870858737	4.661125455206193	2894.2002
9801.759881597549	3705.6719995524754	4.665456945309006	2895.2002
9814.310751245552	3710.3396234187685	4.669791257753632	2896.2002
9826.874133651223	3715.011583009105	4.674128393564355	2897.2002
9839.450037429364	3719.6878811473616	4.678468353765459	2898.2002
9852.038471197846	3724.36852065844	4.682811139381228	2899.2002
9864.63944357762	3729.0535043682694	4.687156751435948	2900.2002
9877.252963192703	3733.7428351037993	4.691505190953903	2901.2002
9889.879038670186	3738.4365156930075	4.695856458959376	2902.2002
9902.517678640244	3743.1345489648897	4.700210556476654	2903.2002
9915.168891736108	3747.8369377494723	4.70456748453002	2904.2002
9927.83268659409	3752.543684877803	4.708927244143758	2905.2002
9940.509071853583	3757.2547931819545	4.713289836342154	2906.2002
9953.19805615703	3761.9702654950224	4.717655262149491	2907.2002
9965.89964814997	3766.6901046511316	4.722023522590055	2908.2002
9978.613856481006	3771.414313485423	4.726394618688129	2909.2002
9991.340689801815	3776.1428948340686	4.730768551468	2910.2002
10004.080156767137	3780.8758515342606	4.735145321953947	2911.2002
10016.832266034806	3785.613186424219	4.739524931170262	2912.2002
10029.597026265703	3790.354902343186	4.7439073801412235	2913.2002
10042.374446123808	3795.1010021314287	4.74829266989112	2914.2002
10055.164534276155	3799.8514886302364	4.752680801444233	2915.2002
10067.967299392858	3804.6063646819257	4.75707177582485	2916.2002
10080.7827501471	3809.365633129836	4.761465594057253	2917.2002
10093.61089521514	3814.1292968183316	4.765862257165725	2918.2002
10106.451743276313	3818.8973585928006	4.7702617661745546	2919.2002
10119.305303013025	3823.669821299657	4.7746641221080255	2920.2002
10132.17158311075	3828.446687786334	4.779069325990421	2921.2002
10145.05059225803	3833.227960901295	4.783477378846023	2922.2002
10157.942339146504	3838.013643494025	4.7878882816991215	2923.2002
10170.846832470857	3842.803738415033	4.792302035573997	2924.2002
10183.764080928864	3847.598248515854	4.7967186414949365	2925.2002
10196.694093221358	3852.3971766490477	4.801138100486223	2926.2002
10209.636878052266	3857.2005256681923	4.805560413572142	2927.2002
10222.592444128559	3862.008298427898	4.809985581776975	2928.2002
10235.560800160309	3866.8204977837936	4.814413606125011	2929.2002
10248.541954860644	3871.6371265925363	4.81884448764053	2930.2002
10261.535916945773	3876.458187711805	4.823278227347821	2931.2002
10274.542695134975	3881.283684000305	4.827714826271166	2932.2002
10287.562298150599	3886.113618317762	4.83215428543485	2933.2002
10300.594734718066	3890.947993524929	4.836596605863156	2934.2002
10313.640013565875	3895.786812483584	4.84104178858037	2935.2002
10326.698143425603	3900.630078056527	4.845489834610777	2936.2002
10339.769133031887	3905.4777931075837	4.84994074497866	2937.2002
10352.852991122443	3910.3299605016064	4.854394520708306	2938.2002
10365.949726438059	3915.1865831044643	4.8588511628239965	2939.2002
10379.059347722603	3920.047663783057	4.863310672350019	2940.2002
10392.181863722999	3924.9132054053075	4.867773050310654	2941.2002
10405.31728318926	3929.783210840164	4.87223829773019	2942.2002
10418.465614874467	3934.657682957595	4.876706415632909	2943.2002
10431.62686753477	3939.5366246286007	4.881177405043097	2944.2002
10444.80104992939	3944.4200387251935	4.885651266985037	2945.2002
10457.98817082064	3949.307928120422	4.890128002483015	2946.2002
10471.18823897388	3954.2002956883525	4.894607612561315	2947.2002
10484.401263157553	3959.097144304079	4.899090098244221	2948.2002
10497.627252143186	3963.9984768437166	4.903575460556018	2949.2002
10510.866214705358	3968.904296184408	4.90806370052099	2950.2002
10524.118159621743	3973.814605204319	4.912554819163423	2951.2002
10537.383095673064	3978.7294067826365	4.9170488175076	2952.2002
10550.661031643142	3983.6487037995757	4.921545696577806	2953.2002
10563.951976318847	3988.5724991363745	4.926045457398324	2954.2002
10577.25593849014	3993.5007956752966	4.93054810099344	2955.2002
10590.57292695005	3998.433596299628	4.935053628387441	2956.2002
10603.902950494674	4003.3709038936795	4.939562040604607	2957.2002
10617.246017923184	4008.312721342787	4.9440733386692255	2958.2002
10630.602138037822	4013.259051533309	4.948587523605577	2959.2002
10643.971319643917	4018.2098973526295	4.953104596437952	2960.2002
10657.353571549851	4023.165261689158	4.957624558190631	2961.2002
10670.748902567093	4028.1251474323253	4.9621474098878995	2962.2002
10684.157321510174	4033.089557472591	4.9666731525540415	2963.2002
10697.578837196714	4038.058494701432	4.971201787213341	2964.2002
10711.01345844739	4043.031962011356	4.9757333148900855	2965.2002
10724.461194085956	4048.0099622958924	4.980267736608556	2966.2002
10737.922052939242	4052.992498449595	4.984805053393039	2967.2002
10751.39604383715	4057.979573368041	4.989345266267818	2968.2002
10764.883175612656	4062.971189947836	4.993888376257179	2969.2002
10778.383457101805	4067.9673510866032	4.998434384385405	2970.2002
10791.896897143713	4072.9680596829944	5.00298329167678	2971.2002
10805.423504580578	4077.9733186366852	5.007535099155589	2972.2002
10818.96328825767	4082.983130848376	5.012089807846119	2973.2002
10832.516257023315	4087.9974992197886	5.016647418772651	2974.2002
10846.082419728935	4093.016426653676	5.021207932959473	2975.2002
10859.661785229007	4098.039916053804	5.0257713514308655	2976.2002
10873.254362381096	4103.0679703249725	5.030337675211116	2977.2002
10886.860160045828	4108.100592373003	5.034906905324507	2978.2002
10900.479187086901	4113.137785104741	5.039479042795325	2979.2002
10914.111452371093	4118.179551428054	5.044054088647852	2980.2002
10927.756964768258	4123.225894251839	5.048632043906376	2981.2002
10941.41573315131	4128.276816486011	5.053212909595178	2982.2002
10955.087766396253	4133.332321041513	5.057796686738545	2983.2002
10968.773073382137	4138.3924108303145	5.062383376360758	2984.2002
10982.47166299112	4143.457088765403	5.066972979486107	2985.2002
10996.183544108402	4148.526357760795	5.071565497138871	2986.2002
11009.908725622281	4153.600220731531	5.07616093034334	2987.2002
11023.6472164241	4158.678680593675	5.080759280123793	2988.2002
11037.399025408304	4163.761740264313	5.085360547504518	2989.2002
11051.164161472387	4168.849402661558	5.089964733509798	2990.2002
11064.942633516934	4173.9416707045475	5.094571839163919	2991.2002
11078.734450445587	4179.038547313443	5.099181865491162	2992.2002
11092.53962116508	4184.14003540943	5.103794813515818	2993.2002
11106.358154585196	4189.246137914717	5.108410684262164	2994.2002
11120.19005961881	4194.356857752537	5.113029478754489	2995.2002
11134.035345181861	4199.472197847148	5.117651198017078	2996.2002
11147.894020193366	4204.592161123835	5.122275843074212	2997.2002
11161.76609357541	4209.716750508902	5.1269034149501795	2998.2002
11175.651574253152	4214.845968929683	5.131533914669262	2999.2002
11189.550471154826	4219.979819314531	5.136167343255745	3000.2002
11203.462793211736	4225.118304592825	5.140803701733914	3001.2002
11217.388549358264	4230.26142769497	5.145442991128051	3002.2002
11231.327748531854	4235.409191552395	5.150085212462442	3003.2002
11245.28039967304	4240.561599097548	5.154730366761372	3004.2002
11259.246511725414	4245.718653263914	5.159378455049127	3005.2002
11273.226093635643	4250.8803569859865	5.164029478349987	3006.2002
11287.219154353475	4256.046713199293	5.168683437688241	3007.2002
11301.225702831718	4261.217724840383	5.17334033408817	3008.2002
11315.245748026266	4266.393394846831	5.17800016857406	3009.2002
11329.27929889608	4271.573726157234	5.182662942170196	3010.2002
11343.326364403194	4276.758721711218	5.187328655900863	3011.2002
11357.386953512716	4281.9483844494225	5.191997310790344	3012.2002
11371.461075192818	4287.142717313524	5.196668907862923	3013.2002
11385.548738414767	4292.341723246217	5.201343448142888	3014.2002
11399.649952152871	4297.54540519122	5.206020932654519	3015.2002
11413.764725384544	4302.753766093278	5.210701362422103	3016.2002
11427.893067090245	4307.966808898159	5.215384738469925	3017.2002
11442.034986253528	4313.184536552654	5.220071061822267	3018.2002
11456.190491861003	4318.40695200458	5.224760333503417	3019.2002
11470.359592902361	4323.634058202777	5.229452554537655	3020.2002
11484.54229837037	4328.865858097113	5.234147725949271	3021.2002
11498.738617260855	4334.102354638477	5.238845848762544	3022.2002
11512.948558572733	4339.343550778782	5.2435469240017625	3023.2002
11527.172131307985	4344.589449470965	5.24825095269121	3024.2002
11541.40934447166	4349.840053668989	5.25295793585517	3025.2002
11555.660207071887	4355.09536632784	5.257667874517928	3026.2002
11569.924728119868	4360.3553904035325	5.262380769703768	3027.2002
11584.202916629873	4365.620128853097	5.2670966224369735	3028.2002
11598.49478161925	4370.889584634597	5.271815433741833	3029.2002
11612.800332108412	4376.163760707113	5.276537204642626	3030.2002
11627.119577120851	4381.442660030755	5.281261936163638	3031.2002
11641.452525683142	4386.726285566655	5.2859896293291575	3032.2002
11655.799186824906	4392.014640276969	5.290720285163464	3033.2002
11670.159569578866	4397.3077271248785	5.295453904690845	3034.2002
11684.533682980793	4402.605549074591	5.300190488935584	3035.2002
11698.921536069553	4407.908109091331	5.304930038921967	3036.2002
11713.323137887062	4413.215410141356	5.3096725556742745	3037.2002
11727.738497478333	4418.527455191943	5.314418040216795	3038.2002
11742.167623891437	4423.844247211395	5.319166493573812	3039.2002
11756.610526177514	4429.1657891690365	5.323917916769609	3040.2002
11771.067213390786	4434.492084035222	5.3286723108284715	3041.2002
11785.53769458856	4439.8231347813235	5.333429676774685	3042.2002
11800.02197883118	4445.158944379742	5.338190015632531	3043.2002
11814.520075182096	4450.4995158039	5.342953328426296	3044.2002
11829.031992707816	4455.844852028247	5.347719616180263	3045.2002
11843.557740477929	4461.194956028256	5.35248887991872	3046.2002
11858.097327565083	4466.549830780422	5.357261120665949	3047.2002
11872.65076304501	4471.909479262265	5.362036339446233	3048.2002
11887.21805599652	4477.273904452333	5.366814537283859	3049.2002
11901.799215501476	4482.643109330193	5.37159571520311	3050.2002
11916.394250644838	4488.0170968764405	5.376379874228272	3051.2002
11931.003170514623	4493.395870072693	5.381167015383628	3052.2002
11945.625984201924	4498.779431901592	5.385957139693465	3053.2002
11960.262700800908	4504.167785346807	5.390750248182065	3054.2002
11974.91332940881	4509.560933393025	5.395546341873712	3055.2002
11989.57787912595	4514.958879025962	5.400345421792693	3056.2002
12004.256359055711	4520.361625232361	5.40514748896329	3057.2002
12018.948778304546	4525.769174999981	5.409952544409789	3058.2002
12033.655145981997	4531.181531317613	5.414760589156475	3059.2002
12048.375471200652	4536.59869717507	5.419571624227632	3060.2002
12063.10976307621	4542.020675563186	5.424385650647545	3061.2002
12077.858030727395	4547.447469473822	5.429202669440495	3062.2002
12092.62028327605	4552.879081899864	5.43402268163077	3063.2002
12107.396529847058	4558.315515835224	5.438845688242655	3064.2002
12122.18677956839	4563.756774274832	5.443671690300432	3065.2002
12136.991041571095	4569.202860214649	5.448500688828388	3066.2002
12151.809324989274	4574.653776651654	5.453332684850806	3067.2002
12166.641638960122	4580.109526583856	5.45816767939197	3068.2002
12181.487992623897	4585.570113010286	5.463005673476165	3069.2002
12196.348395123934	4591.035538930997	5.467846668127677	3070.2002
12211.22285560663	4596.50580734707	5.472690664370789	3071.2002
12226.111383221469	4601.980921260612	5.477537663229786	3072.2002
12241.013987121009	4607.460883674745	5.482387665728952	3073.2002
12255.930676460854	4612.945697593625	5.487240672892571	3074.2002
12270.861460399712	4618.435366022426	5.492096685744928	3075.2002
12285.806348099362	4623.929891967351	5.496955705310309	3076.2002
12300.765348724632	4629.429278435625	5.501817732612996	3077.2002
12315.738471443448	4634.933528435498	5.506682768677277	3078.2002
12330.72572542679	4640.442644976243	5.511550814527432	3079.2002
12345.727119848723	4645.956631068157	5.516421871187749	3080.2002
12360.74266388638	4651.475489722562	5.521295939682511	3081.2002
12375.772366719964	4656.999223951807	5.526173021036002	3082.2002
12390.816237532763	4662.527836769261	5.531053116272509	3083.2002
12405.874285511121	4668.061331189322	5.5359362264163146	3084.2002
12420.946519844467	4673.599710227406	5.540822352491702	3085.2002
12436.032949725297	4679.142976899957	5.5457114955229585	3086.2002
12451.133584349185	4684.691134224444	5.550603656534367	3087.2002
12466.248432914774	4690.244185219361	5.555498836550212	3088.2002
12481.377504623775	4695.80213290422	5.560397036594777	3089.2002
12496.52080868099	4701.364980299568	5.565298257692351	3090.2002
12511.678354294267	4706.9327304269655	5.570202500867214	3091.2002
12526.85015067455	4712.5053863090025	5.575109767143651	3092.2002
12542.036207035844	4718.082950969294	5.580020057545948	3093.2002
12557.236532595232	4723.665427432477	5.584933373098389	3094.2002
12572.451136572867	4729.252818724215	5.589849714825258	3095.2002
12587.680028191975	4734.845127871196	5.59476908375084	3096.2002
12602.923216678855	4740.442357901125	5.59969148089942	3097.2002
12618.180711262881	4746.044511842743	5.604616907295281	3098.2002
12633.45252117649	4751.651592725806	5.609545363962707	3099.2002
12648.738655655212	4757.263603581099	5.614476851925986	3100.2002
12664.039123937631	4762.880547440431	5.619411372209399	3101.2002
12679.35393526542	4768.502427336634	5.624348925837234	3102.2002
12694.683098883299	4774.1292463035625	5.629289513833771	3103.2002
12710.026624039092	4779.761007376099	5.634233137223298	3104.2002
12725.384519983672	4785.397713590148	5.639179797030098	3105.2002
12740.756795971001	4791.039367982639	5.644129494278456	3106.2002
12756.143461258102	4796.685973591526	5.649082229992656	3107.2002
12771.54452510508	4802.3375334557895	5.654038005196985	3108.2002
12786.959996775107	4807.994050615426	5.658996820915723	3109.2002
12802.389885534423	4813.655528111466	5.663958678173158	3110.2002
12817.834200652356	4819.32196898596	5.6689235779935725	3111.2002
12833.292951401301	4824.993376281982	5.673891521401252	3112.2002
12848.766147056715	4830.669753043632	5.678862509420481	3113.2002
12864.253796897137	4836.351102316035	5.683836543075545	3114.2002
12879.75591020418	4842.037427145338	5.688813623390726	3115.2002
12895.272496262529	4847.72873057871	5.693793751390311	3116.2002
12910.803564359932	4853.425015664354	5.698776928098582	3117.2002
12926.349123787235	4859.126285451485	5.703763154539827	3118.2002
12941.909183838326	4864.832542990352	5.708752431738327	3119.2002
12957.48375381018	4870.543791332225	5.7137447607183685	3120.2002
12973.07284300286	4876.260033529392	5.7187401425042355	3121.2002
12988.67646071947	4881.981272635176	5.723738578120212	3122.2002
13004.29461626621	4887.707511703917	5.728740068590583	3123.2002
13019.927318952345	4893.438753790982	5.733744614939633	3124.2002
13035.574578090213	4899.175001952763	5.738752218191645	3125.2002
13051.236402995233	4904.9162592466755	5.743762879370907	3126.2002
13066.912802985886	4910.662528731157	5.748776599501702	3127.2002
13082.60378738373	4916.413813465671	5.753793379608313	3128.2002
13098.30936551339	4922.170116510706	5.758813220715023	3129.2002
13114.029546702579	4927.931440927775	5.763836123846121	3130.2002
13129.764340282074	4933.697789779413	5.768862090025889	3131.2002
13145.513755585716	4939.469166129185	5.7738911202786145	3132.2002
13161.277801950431	4945.245573041671	5.778923215628577	3133.2002
13177.056488716218	4951.027013582482	5.783958377100065	3134.2002
13192.849825226134	4956.813490818253	5.788996605717359	3135.2002
13208.657820826333	4962.60500781664	5.794037902504748	3136.2002
13224.48048486602	4968.401567646326	5.799082268486514	3137.2002
13240.317826697483	4974.203173377021	5.804129704686942	3138.2002
13256.169855676084	4980.009828079449	5.809180212130316	3139.2002
13272.036581160255	4985.821534825369	5.814233791840922	3140.2002
13287.918012511494	4991.638296687561	5.819290444843043	3141.2002
13303.81415909439	4997.460116739827	5.824350172160964	3142.2002
13319.725030276582	5003.286998056996	5.829412974818968	3143.2002
13335.650635428801	5009.1189437149205	5.834478853841343	3144.2002
13351.590983924845	5014.955956790476	5.8395478102523715	3145.2002
13367.546085141581	5020.798040361562	5.844619845076338	3146.2002
13383.51594845895	5026.645197507107	5.849694959337526	3147.2002
13399.50058325996	5032.497431307057	5.85477315406022	3148.2002
13415.499998930714	5038.354744842389	5.859854430268708	3149.2002
13431.514204860361	5044.2171411950985	5.8649387889872715	3150.2002
13447.543210441136	5050.08462344821	5.870026231240194	3151.2002
13463.587025068355	5055.957194685765	5.875116758051763	3152.2002
13479.645658140387	5061.83485799284	5.880210370446261	3153.2002
13495.719119058682	5067.717616455528	5.885307069447973	3154.2002
13511.807417227776	5073.605473160946	5.890406856081183	3155.2002
13527.910562055255	5079.49843119724	5.895509731370176	3156.2002
13544.028562951804	5085.39649365358	5.900615696339239	3157.2002
13560.161429331152	5091.299663620155	5.9057247520126515	3158.2002
13576.309170610124	5097.2079441881815	5.910836899414702	3159.2002
13592.471796208603	5103.1213384499015	5.915952139569672	3160.2002
13608.64931554956	5109.039849498579	5.921070473501848	3161.2002
13624.841738059018	5114.963480428505	5.926191902235514	3162.2002
13641.049073166096	5120.892234334993	5.931316426794956	3163.2002
13657.271330302974	5126.826114314379	5.936444048204456	3164.2002
13673.508518904893	5132.765123464026	5.9415747674883	3165.2002
13689.760648410187	5138.709264882322	5.94670858567077	3166.2002
13706.027728260266	5144.658541668676	5.9518455037761555	3167.2002
13722.309767899585	5150.612956923522	5.956985522828736	3168.2002
13738.606776775701	5156.572513748325	5.9621286438528	3169.2002
13754.918764339222	5162.537215245561	5.967274867872629	3170.2002
13771.245740043842	5168.5070645187425	5.972424195912508	3171.2002
13787.587713346333	5174.4820646724	5.977576628996723	3172.2002
13803.944693706519	5180.462218812091	5.982732168149557	3173.2002
13820.316690587315	5186.447530044396	5.987890814395295	3174.2002
13836.703713454699	5192.438001476921	5.993052568758222	3175.2002
13853.105771777737	5198.433636218295	5.998217432262623	3176.2002
13869.522875028542	5204.434437378169	6.00338540593278	3177.2002
13885.955032682325	5210.440408067223	6.00855649079298	3178.2002
13902.402254217355	5216.45155139716	6.013730687867507	3179.2002
13918.864549114982	5222.467870480703	6.0189079981806435	3180.2002
13935.341926859617	5228.489368431609	6.0240884227566776	3181.2002
13951.83439693876	5234.516048364647	6.02927196261989	3182.2002
13968.341968842979	5240.54791339562	6.034458618794568	3183.2002
13984.864652065899	5246.584966641347	6.039648392304995	3184.2002
14001.402456104239	5252.627211219681	6.044841284175456	3185.2002
14017.955390457782	5258.674650249493	6.050037295430235	3186.2002
14034.523464629385	5264.72728685068	6.055236427093617	3187.2002
14051.106688124968	5270.7851241441585	6.060438680189884	3188.2002
14067.705070453549	5276.848165251877	6.065644055743325	3189.2002
14084.31862112719	5282.916413296804	6.070852554778221	3190.2002
14100.947349661043	5288.989871402935	6.076064178318858	3191.2002
14117.591265573328	5295.068542695286	6.08127892738952	3192.2002
14134.25037838534	5301.1524302999005	6.086496803014493	3193.2002
14150.924697621444	5307.2415373438425	6.091717806218059	3194.2002
14167.61423280908	5313.3358669552035	6.096941938024504	3195.2002
14184.318993478755	5319.4354222631	6.102169199458111	3196.2002
14201.03898916406	5325.540206397671	6.1073995915431665	3197.2002
14217.774229401653	5331.650222490076	6.112633115303954	3198.2002
14234.524723731261	5337.765473672512	6.117869771764759	3199.2002
14251.290481695693	5343.885963078183	6.123109561949866	3200.2002
14268.071512840812	5350.0116938413275	6.128352486883556	3201.2002
14284.867826715574	5356.142669097207	6.1335985475901165	3202.2002
14301.67943287201	5362.278891982107	6.138847745093833	3203.2002
14318.506340865206	5368.420365633334	6.144100080418988	3204.2002
14335.34856025333	5374.567093189227	6.149355554589867	3205.2002
14352.20610059762	5380.719077789139	6.154614168630754	3206.2002
14369.078971462399	5386.876322573453	6.159875923565934	3207.2002
14385.967182415045	5393.038830683577	6.165140820419691	3208.2002
14402.870743026016	5399.206605261939	6.17040886021631	3209.2002
14419.789662868849	5405.3796494519975	6.1756800439800745	3210.2002
14436.723951520147	5411.557966398232	6.180954372735271	3211.2002
14453.673618559587	5417.741559246141	6.186231847506182	3212.2002
14470.63867356992	5423.930431142257	6.191512469317092	3213.2002
14487.61912613697	5430.124585234129	6.196796239192287	3214.2002
14504.614985849626	5436.324024670337	6.20208315815605	3215.2002
14521.626262299875	5442.528752600479	6.207373227232668	3216.2002
14538.652965082738	5448.738772175182	6.212666447446423	3217.2002
14555.695103796346	5454.954086546093	6.2179628198216	3218.2002
14572.752688041868	5461.174698865887	6.223262345382482	3219.2002
14589.825727423591	5467.40061228826	6.228565025153358	3220.2002
14606.914231548824	5473.631829967937	6.233870860158508	3221.2002
14624.01821002798	5479.868355060664	6.239179851422218	3222.2002
14641.137672474546	5486.1101907232105	6.244491999968775	3223.2002
14658.272628505065	5492.357340113371	6.2498073068224596	3224.2002
14675.423087739167	5498.609806389966	6.255125773007558	3225.2002
14692.589059799544	5504.867592712838	6.2604473995483545	3226.2002
14709.77055431197	5511.1307022428555	6.265772187469134	3227.2002
14726.967580905293	5517.399138141909	6.271100137794181	3228.2002
14744.180149211421	5523.672903572921	6.2764312515477805	3229.2002
14761.408268865347	5529.952001699825	6.281765529754215	3230.2002
14778.651949505133	5536.236435687588	6.28710297343777	3231.2002
14795.91120077191	5542.5262087022	6.292443583622731	3232.2002
14813.18603230989	5548.821323910674	6.297787361333382	3233.2002
14830.476453766349	5555.121784481049	6.303134307594006	3234.2002
14847.782474791646	5561.427593582389	6.308484423428891	3235.2002
14865.104105039205	5567.738754384774	6.313837709862318	3236.2002
14882.441354165518	5574.05527005932	6.319194167918573	3237.2002
14899.794231830167	5580.37714377816	6.32455379862194	3238.2002
14917.162747695791	5586.704378714454	6.329916602996704	3239.2002
14934.54691142811	5593.036978042384	6.3352825820671494	3240.2002
14951.94673269591	5599.374944937163	6.34065173685756	3241.2002
14969.362221171057	5605.718282575016	6.3460240683922216	3242.2002
14986.793386528496	5612.066994133203	6.351399577695418	3243.2002
15004.240238446222	5618.421082790002	6.356778265791434	3244.2002
15021.702786605323	5624.780551724723	6.3621601337045535	3245.2002
15039.181040689948	5631.145404117692	6.367545182459061	3246.2002
15056.675010387333	5637.5156431502655	6.372933413079242	3247.2002
15074.184705387775	5643.891272004816	6.378324826589379	3248.2002
15091.71013538465	5650.272293864748	6.38371942401376	3249.2002
15109.251310074393	5656.658711914488	6.389117206376666	3250.2002
15126.808239156533	5663.050529339489	6.394518174702383	3251.2002
15144.380932333659	5669.447749326221	6.399922330015194	3252.2002
15161.969399311438	5675.8503750621885	6.405329673339386	3253.2002
15179.573649798605	5682.258409735914	6.410740205699243	3254.2002
15197.19369350697	5688.671856536942	6.416153928119049	3255.2002
15214.829540151424	5695.090718655845	6.421570841623088	3256.2002
15232.48119944991	5701.514999284223	6.426990947235645	3257.2002
15250.148681123459	5707.944701614695	6.432414245981002	3258.2002
15267.831994896182	5714.379828840903	6.437840738883448	3259.2002
15285.531150495244	5720.820384157523	6.443270426967266	3260.2002
15303.246157650896	5727.266370760241	6.448703311256739	3261.2002
15320.977026096465	5733.717791845778	6.454139392776152	3262.2002
15338.723765568335	5740.174650611878	6.45957867254979	3263.2002
15356.486385805976	5746.636950257304	6.465021151601938	3264.2002
15374.264896551922	5753.104693981848	6.470466830956879	3265.2002
15392.059307551794	5759.577884986328	6.4759157116389	3266.2002
15409.869628554265	5766.056526472579	6.481367794672282	3267.2002
15427.6958693111	5772.540621643464	6.4868230810813134	3268.2002
15445.538039577135	5779.030173702874	6.492281571890276	3269.2002
15463.39614911025	5785.5251858557185	6.497743268123453	3270.2002
15481.270207671447	5792.025661307936	6.503208170805133	3271.2002
15499.160225024767	5798.531603266489	6.508676280959598	3272.2002
15517.066210937322	5805.043014939356	6.514147599611132	3273.2002
15534.988175179324	5811.5598995355485	6.519622127784022	3274.2002
15552.92612752402	5818.082260265105	6.52509986650255	3275.2002
15570.88007774776	5824.610100339078	6.530580816791	3276.2002
15588.850035629966	5831.1434229695515	6.536064979673661	3277.2002
15606.836010953113	5837.682231369632	6.5415523561748135	3278.2002
15624.838013502764	5844.226528753448	6.547042947318743	3279.2002
15642.856053067535	5850.7763183361585	6.552536754129731	3280.2002
15660.890139439158	5857.331603333938	6.558033777632067	3281.2002
15678.940282412394	5863.892386963995	6.563534018850034	3282.2002
15697.006491785094	5870.458672444551	6.569037478807916	3283.2002
15715.088777358184	5877.030462994866	6.5745441585299975	3284.2002
15733.18714893566	5883.607761835209	6.580054059040562	3285.2002
15751.301616324588	5890.190572186883	6.585567181363896	3286.2002
15769.432189335108	5896.7788972722155	6.591083526524281	3287.2002
15787.578877780443	5903.372740314552	6.596603095546005	3288.2002
15805.741691476876	5909.972104538268	6.602125889453352	3289.2002
15823.920640243761	5916.576993168765	6.607651909270604	3290.2002
15842.115733903545	5923.187409432455	6.613181156022048	3291.2002
15860.326982281716	5929.803356556793	6.618713630731967	3292.2002
15878.554395206864	5936.424837770246	6.624249334424644	3293.2002
15896.797982510638	5943.051856302311	6.629788268124368	3294.2002
15915.057754027763	5949.6844153835045	6.63533043285542	3295.2002
15933.333719596038	5956.322518245375	6.640875829642086	3296.2002
15951.625889056331	5962.966168120483	6.64642445950865	3297.2002
15969.934272252583	5969.615368242426	6.651976323479396	3298.2002
15988.258879031815	5976.270121845818	6.657531422578608	3299.2002
16006.59971924411	5982.9304321663	6.663089757830573	3300.2002
16024.956802742632	5989.596302440538	6.668651330259573	3301.2002
16043.330139383625	5996.267735906222	6.674216140889896	3302.2002
16061.71973902638	6002.944735802061	6.679784190745822	3303.2002
16080.125611533284	6009.627305367796	6.685355480851637	3304.2002
16098.54776676979	6016.3154478441875	6.690930012231627	3305.2002
16116.986214604427	6023.009166473024	6.696507785910075	3306.2002
16135.44096490878	6029.7084644971155	6.702088802911265	3307.2002
16153.912027557551	6036.4133451602975	6.707673064259486	3308.2002
16172.39941242845	6043.123811707426	6.713260570979016	3309.2002
16190.903129402308	6049.839867384387	6.7188513240941425	3310.2002
16209.423188363027	6056.561515438087	6.724445324629151	3311.2002
16227.959599197553	6063.288759116458	6.730042573608325	3312.2002
16246.512371795927	6070.021601668458	6.735643072055948	3313.2002
16265.08151605126	6076.760046344069	6.741246820996308	3314.2002
16283.667041859731	6083.504096394292	6.746853821453685	3315.2002
16302.268959120598	6090.253755071157	6.752464074452366	3316.2002
16320.887277736178	6097.009025627718	6.758077581016634	3317.2002
16339.522007611888	6103.769911318052	6.763694342170776	3318.2002
16358.173158656187	6110.536415397262	6.7693143589390745	3319.2002
16376.84074078063	6117.308541121478	6.774937632345816	3320.2002
16395.52476389983	6124.086291747844	6.780564163415283	3321.2002
16414.22523793147	6130.869670534537	6.786193953171759	3322.2002
16432.94217279633	6137.6586807407575	6.791827002639531	3323.2002
16451.67557841825	6144.453325626728	6.797463312842883	3324.2002
16470.425464724114	6151.253608453695	6.803102884806098	3325.2002
16489.19184164394	6158.059532483936	6.808745719553464	3326.2002
16507.974719110756	6164.871100980739	6.814391818109261	3327.2002
16526.7741070607	6171.688317208431	6.820041181497776	3328.2002
16545.590015432976	6178.511184432353	6.825693810743291	3329.2002
16564.42245416986	6185.339705918877	6.831349706870096	3330.2002
16583.27143321669	6192.173884935395	6.83700887090247	3331.2002
16602.13696252189	6199.013724750327	6.842671303864701	3332.2002
16621.019052036958	6205.8592286331095	6.848337006781072	3333.2002
16639.91771171645	6212.710399854213	6.854005980675865	3334.2002
16658.832951518023	6219.567241685129	6.8596782265733705	3335.2002
16677.76478140237	6226.4297573983695	6.865353745497868	3336.2002
16696.713211333277	6233.297950267474	6.871032538473643	3337.2002
16715.678251277608	6240.17182356701	6.876714606524982	3338.2002
16734.65991120529	6247.0513805725595	6.8823999506761675	3339.2002
16753.658201089333	6253.936624560737	6.888088571951485	3340.2002
16772.6731309058	6260.827558809177	6.893780471375219	3341.2002
16791.704710633843	6267.724186596543	6.899475649971652	3342.2002
16810.75295025569	6274.62651120252	6.905174108765071	3343.2002
16829.817859756633	6281.5345359078165	6.910875848779762	3344.2002
16848.899449125034	6288.448263994162	6.916580871040004	3345.2002
16867.997728352337	6295.367698744318	6.922289176570085	3346.2002
16887.11270743305	6302.292843442066	6.928000766394289	3347.2002
16906.24439636477	6309.223701372212	6.933715641536901	3348.2002
16925.392805148145	6316.160275820587	6.939433803022205	3349.2002
16944.55794378692	6323.102570074047	6.945155251874489	3350.2002
16963.739822287876	6330.050587420467	6.95087998911803	3351.2002
16982.938450660906	6337.004331148754	6.956608015777119	3352.2002
17002.15383891896	6343.9638045488355	6.962339332876037	3353.2002
17021.385997078058	6350.929010911659	6.968073941439069	3354.2002
17040.634935157294	6357.899953529208	6.973811842490501	3355.2002
17059.90066317884	6364.876635694478	6.979553037054617	3356.2002
17079.18319116793	6371.8590607014985	6.985297526155701	3357.2002
17098.482529152883	6378.847231845311	6.991045310818038	3358.2002
17117.798687165094	6385.841152421995	6.996796392065911	3359.2002
17137.131675239012	6392.840825728646	7.002550770923607	3360.2002
17156.48150341217	6399.846255063387	7.0083084484154075	3361.2002
17175.848181725185	6406.857443725363	7.0140694255656	3362.2002
17195.23172022172	6413.8743950147455	7.019833703398468	3363.2002
17214.63212894854	6420.897112232729	7.025601282938295	3364.2002
17234.049417955463	6427.925598681533	7.031372165209366	3365.2002
17253.483597295384	6434.9598576644	7.037146351235966	3366.2002
17272.93467702427	6441.999892485597	7.042923842042379	3367.2002
17292.40266720118	6449.045706450419	7.048704638652891	3368.2002
17311.88757788821	6456.097302865181	7.054488742091784	3369.2002
17331.38941915056	6463.154685037221	7.060276153383345	3370.2002
17350.908201056485	6470.217856274907	7.066066873551856	3371.2002
17370.443933677325	6477.286819887624	7.071860903621602	3372.2002
17389.996627087487	6484.361579185789	7.07765824461687	3373.2002
17409.566291364445	6491.442137480841	7.0834588975619415	3374.2002
17429.152936588758	6498.528498085239	7.089262863481103	3375.2002
17448.756572844046	6505.62066431247	7.0950701433986385	3376.2002
17468.377210217008	6512.718639477043	7.100880738338832	3377.2002
17488.01485879742	6519.822426894496	7.106694649325967	3378.2002
17507.669528678118	6526.9320298813855	7.11251187738433	3379.2002
17527.341229955033	6534.047451755297	7.118332423538205	3380.2002
17547.02997272714	6541.168695834836	7.124156288811877	3381.2002
17566.735767096514	6548.295765439636	7.12998347422963	3382.2002
17586.458623168277	6555.428663890351	7.135813980815746	3383.2002
17606.19855105065	6562.567394508665	7.141647809594513	3384.2002
17625.95556085491	6569.711960617278	7.147484961590214	3385.2002
17645.729662695405	6576.862365539924	7.153325437827133	3386.2002
17665.520866689567	6584.018612601358	7.159169239329557	3387.2002
17685.329182957903	6591.180705127348	7.165016367121768	3388.2002
17705.154621623977	6598.348646444703	7.170866822228051	3389.2002