9.742712e-8	7.78799e-13	1.047129e-10	930.428808666363
9.969651e-8	8.092866e-13	1.0715190000000001e-10	930.4297850677403
1.020188e-7	8.409501e-13	1.096478e-10	930.4303501766565
1.043951e-7	8.73834e-13	1.1220180000000002e-10	930.4304728979391
1.068268e-7	9.079846e-13	1.148154e-10	930.4301338026083
1.093151e-7	9.434498e-13	1.174898e-10	930.4300752048265
1.118614e-7	9.802794e-13	1.202264e-10	930.4310890070733
1.14467e-7	1.018525e-12	1.230269e-10	930.4308124889759
1.171333e-7	1.05824e-12	1.258925e-10	930.4315844073315
1.198618e-7	1.09948e-12	1.28825e-10	930.4319773335923
1.226537e-7	1.142303e-12	1.318257e-10	930.4319438698221
1.255107e-7	1.186768e-12	1.348963e-10	930.4323896800727
1.284343e-7	1.232937e-12	1.380384e-10	930.4333644623524
1.314259e-7	1.280874e-12	1.412538e-10	930.4328865772108
1.344873e-7	1.330647e-12	1.4454399999999998e-10	930.4338516091987
1.376199e-7	1.382322e-12	1.479108e-10	930.4343044726957
1.408255e-7	1.435974e-12	1.513561e-10	930.4344917317505
1.441058e-7	1.491674e-12	1.548817e-10	930.4345941063405
1.474625e-7	1.549501e-12	1.584893e-10	930.435363781656
1.508974e-7	1.609534e-12	1.62181e-10	930.4358065001448
1.544122e-7	1.671855e-12	1.6595870000000001e-10	930.4355351964074
1.58009e-7	1.736551e-12	1.698244e-10	930.4360065514733
1.616896e-7	1.80371e-12	1.737801e-10	930.43682049901
1.654558e-7	1.873423e-12	1.7782789999999997e-10	930.4370878979058
1.693098e-7	1.945787e-12	1.8197010000000002e-10	930.4371750468895
1.732536e-7	2.0209e-12	1.862087e-10	930.4378415186832
1.772893e-7	2.098865e-12	1.905461e-10	930.4383499058758
1.814189e-7	2.179788e-12	1.9498450000000002e-10	930.4384696629733
1.856447e-7	2.263778e-12	1.9952619999999999e-10	930.4390289495815
1.89969e-7	2.350951e-12	2.041738e-10	930.4394146114731
1.94394e-7	2.441423e-12	2.089296e-10	930.4399253289146
1.989221e-7	2.535318e-12	2.1379620000000003e-10	930.4404630110357
2.035557e-7	2.632763e-12	2.187762e-10	930.4409381047847
2.082971e-7	2.733888e-12	2.238721e-10	930.441238046188
2.131491e-7	2.838831e-12	2.290868e-10	930.4418186949225
2.18114e-7	2.947732e-12	2.344229e-10	930.4421527589667
2.231946e-7	3.060738e-12	2.398833e-10	930.4426808285529
2.2839360000000003e-7	3.178e-12	2.454709e-10	930.4433967529349
2.337136e-7	3.299676e-12	2.511886e-10	930.443896243699
2.391576e-7	3.425927e-12	2.570396e-10	930.4442814531302
2.447283e-7	3.556923e-12	2.630268e-10	930.4445665726839
2.504289e-7	3.692838e-12	2.691535e-10	930.4452397535234
2.562622e-7	3.833852e-12	2.754229e-10	930.445630526728
2.622314e-7	3.980154e-12	2.818383e-10	930.4462174019641
2.683397e-7	4.131936e-12	2.884032e-10	930.4467909371325
2.745902e-7	4.289401e-12	2.951209e-10	930.4474518781965
2.809863e-7	4.452756e-12	3.019952e-10	930.4477447191213
2.875314e-7	4.622216e-12	3.090295e-10	930.448459503057
2.94229e-7	4.798006e-12	3.162278e-10	930.4488663109314
3.010826e-7	4.980355e-12	3.2359370000000006e-10	930.4494505146422
3.080958e-7	5.169504e-12	3.3113109999999996e-10	930.4501132753766
3.152724e-7	5.3657e-12	3.3884420000000004e-10	930.4505306568625
3.226162e-7	5.5692e-12	3.4673690000000003e-10	930.4512130090568
3.30131e-7	5.780271e-12	3.548134e-10	930.4518382648456
3.378209e-7	5.999186e-12	3.6307810000000007e-10	930.4524265881088
3.456899e-7	6.226231e-12	3.715352e-10	930.4532282028728
3.537422e-7	6.461702e-12	3.801894e-10	930.4537730457502
3.619821e-7	6.705902e-12	3.890451e-10	930.4546077100059
3.704139e-7	6.95915e-12	3.9810719999999997e-10	930.4550612247153
3.790421e-7	7.221772e-12	4.0738029999999993e-10	930.4556989427324
3.878713e-7	7.494107e-12	4.168694e-10	930.456382999088
3.969062e-7	7.776505e-12	4.265795e-10	930.4572219363565
4.061515e-7	8.069331e-12	4.365158e-10	930.4578879641928
4.156121e-7	8.372959e-12	4.466836e-10	930.4583220852522
4.252932e-7	8.68778e-12	4.570882e-10	930.4591275381862
4.351997e-7	9.014195e-12	4.677351000000001e-10	930.459814102042
4.453371e-7	9.352621e-12	4.786301e-10	930.4606054257767
4.557105e-7	9.703489e-12	4.897788e-10	930.4612684113728
4.6632559999999994e-7	1.006725e-11	5.011871999999999e-10	930.4620454193562
4.77188e-7	1.044435e-11	5.128614e-10	930.4627806849962
4.883034e-7	1.083529e-11	5.248075e-10	930.4635228917269
4.996777e-7	1.124055e-11	5.370318e-10	930.4643422419305
5.113169e-7	1.166065e-11	5.495409e-10	930.4649765831806
5.232273e-7	1.209611e-11	5.623413e-10	930.465886304278
5.354151e-7	1.254748e-11	5.754399000000001e-10	930.4666698989764
5.478868e-7	1.301533e-11	5.888436999999999e-10	930.4673130238125
5.606491e-7	1.350025e-11	6.025595999999999e-10	930.4682893609197
5.737086e-7	1.400285e-11	6.16595e-10	930.469113194236
5.870723e-7	1.452374e-11	6.309573e-10	930.4699759238857
6.007473e-7	1.506358e-11	6.456542e-10	930.4707745725187
6.147409e-7	1.562305e-11	6.606934000000001e-10	930.4717181222031
6.290604e-7	1.620283e-11	6.760829999999999e-10	930.4724461789453
6.437135e-7	1.680365e-11	6.918309999999999e-10	930.4733434176845
6.587079e-7	1.742624e-11	7.079458e-10	930.4742343834796
6.740516e-7	1.807139e-11	7.244359999999999e-10	930.4751163525833
6.897527e-7	1.873987e-11	7.413102e-10	930.4761216964235
7.058195e-7	1.943253e-11	7.585775999999999e-10	930.4768985137447
7.222606e-7	2.01502e-11	7.762471000000001e-10	930.4778725743387
7.390847e-7	2.089377e-11	7.943281999999999e-10	930.4788546724138
7.563007e-7	2.166414e-11	8.128305e-10	930.4798037721271
7.739177e-7	2.246226e-11	8.317638000000001e-10	930.4806992802523
7.919451e-7	2.32891e-11	8.51138e-10	930.4817657066186
8.103925e-7	2.414567e-11	8.709636e-10	930.482795917074
8.292695e-7	2.5033e-11	8.912509e-10	930.4838098901218
8.485863e-7	2.595218e-11	9.120107999999999e-10	930.4848716484498
8.68353e-7	2.690431e-11	9.332542999999998e-10	930.4858325431771
8.885802e-7	2.789054e-11	9.549926e-10	930.486886013567
9.092785e-7	2.891207e-11	9.772372e-10	930.4879225535009
9.304590000000001e-7	2.997011e-11	1.0000000000000003e-9	930.48897011
9.521329e-7	3.106595e-11	1.023293e-9	930.4900609600573
9.743117e-7	3.220089e-11	1.047129e-9	930.4907999778443
9.970071e-7	3.33763e-11	1.071519e-9	930.4925776397806
1.020231e-6	3.459357e-11	1.096478e-9	930.4934468087824
1.043996e-6	3.585415e-11	1.122018e-9	930.4947462072801
1.068315e-6	3.715955e-11	1.148154e-9	930.4955254695799
1.0932e-6	3.851132e-11	1.174898e-9	930.4965293327591
1.118665e-6	3.991105e-11	1.202264e-9	930.4985519403393
1.144723e-6	4.13604e-11	1.230269e-9	930.4992326068526
1.171388e-6	4.286109e-11	1.2589250000000002e-9	930.5009123577655
1.198674e-6	4.441488e-11	1.28825e-9	930.5013893887057
1.226596e-6	4.60236e-11	1.3182569999999998e-9	930.5029471491522
1.255168e-6	4.768913e-11	1.348963e-9	930.5041644062884
1.284406e-6	4.941343e-11	1.380384e-9	930.5058689683452
1.314324e-6	5.119851e-11	1.412538e-9	930.5060809054341
1.34494e-6	5.304646e-11	1.4454400000000001e-9	930.5076976284039
1.376269e-6	5.495944e-11	1.479108e-9	930.5094417987057
1.408328e-6	5.693966e-11	1.513561e-9	930.51085464015
1.441133e-6	5.898942e-11	1.548817e-9	930.5114738668287
1.474703e-6	6.11111e-11	1.584893e-9	930.5133602710088
1.509055e-6	6.330715e-11	1.62181e-9	930.5148612661162
1.544207e-6	6.558011e-11	1.659587e-9	930.5161947580934
1.580177e-6	6.79326e-11	1.6982440000000002e-9	930.5170120430279
1.616986e-6	7.036732e-11	1.7378010000000003e-9	930.5187229838168
1.654652e-6	7.288706e-11	1.778279e-9	930.520400375869
1.693196e-6	7.549472e-11	1.819701e-9	930.5218245854677
1.732637e-6	7.819327e-11	1.8620869999999998e-9	930.523221133062
1.772997e-6	8.098581e-11	1.905461e-9	930.5244168261643
1.814298e-6	8.38755e-11	1.949845e-9	930.5262087499264
1.85656e-6	8.686564e-11	1.995262e-9	930.5278533044784
1.8998069999999998e-6	8.995962e-11	2.041738e-9	930.5292645873271
1.944061e-6	9.316096e-11	2.089296e-9	930.5307438295005
1.989346e-6	9.647326e-11	2.1379620000000006e-9	930.5321952682041
2.035687e-6	9.990029e-11	2.187762e-9	930.5339887474048
2.083106e-6	1.034459e-10	2.238721e-9	930.5355360940467
2.13163e-6	1.071141e-10	2.290868e-9	930.536859434939
2.181285e-6	1.109089e-10	2.344229e-9	930.5387438257952
2.232096e-6	1.148347e-10	2.398833e-9	930.5403230237371
2.284091e-6	1.188959e-10	2.454709e-9	930.5420299921495
2.337297e-6	1.230969e-10	2.511886e-9	930.5438610271327
2.391743e-6	1.274425e-10	2.5703959999999997e-9	930.545504467016
2.447457e-6	1.319375e-10	2.630268e-9	930.5473577217227
2.504468e-6	1.365869e-10	2.691535e-9	930.5487712030496
2.562808e-6	1.413959e-10	2.754229e-9	930.5505809066713
2.622507e-6	1.463698e-10	2.818383e-9	930.5525082290093
2.683597e-6	1.515141e-10	2.8840319999999994e-9	930.5543468657769
2.746109e-6	1.568345e-10	2.9512089999999995e-9	930.5562006960538
2.810078e-6	1.623369e-10	3.019952e-9	930.5579482389123
2.875537e-6	1.680272e-10	3.0902949999999996e-9	930.5600362424946
2.942521e-6	1.739118e-10	3.162278e-9	930.5617380255626
3.011065e-6	1.799971e-10	3.235937e-9	930.5635422135845
3.081206e-6	1.862899e-10	3.311311e-9	930.5656550834398
3.152981e-6	1.927969e-10	3.388442e-9	930.5674398145223
3.226428e-6	1.995252e-10	3.467369e-9	930.5694101781495
3.301586e-6	2.064823e-10	3.548134e-9	930.5715292319851
3.378494e-6	2.136757e-10	3.630781e-9	930.5732501354393
3.457195e-6	2.211132e-10	3.7153519999999994e-9	930.575652912564
3.537728e-6	2.288028e-10	3.801894e-9	930.5774445052913
3.620138e-6	2.36753e-10	3.890451e-9	930.579707339843
3.704468e-6	2.449722e-10	3.981072e-9	930.5817559190086
3.790762e-6	2.534695e-10	4.073803e-9	930.5838965458075
3.879066e-6	2.622538e-10	4.168694e-9	930.5859949902775
3.969427e-6	2.713348e-10	4.265795000000001e-9	930.5881634724594
4.061893e-6	2.807222e-10	4.365158e-9	930.5903067426196
4.156514e-6	2.90426e-10	4.466836e-9	930.5925773858721
4.253338e-6	3.004567e-10	4.570882e-9	930.5946766291495
4.352418e-6	3.108249e-10	4.677351e-9	930.5970034962097
4.453806e-6	3.215419e-10	4.786301e-9	930.599129035136
4.538835e-6	3.306119e-10	4.877671e-9	930.6010208355586
4.675023e-6	3.30612e-10	5.024015000107458e-9	930.601045558184
4.772363e-6	3.407815e-10	5.128614e-9	930.6030404120879
4.883534e-6	3.525066e-10	5.248075000000001e-9	930.6053184453347
4.997294e-6	3.646249e-10	5.370318e-9	930.6075775959636
5.113705e-6	3.771492e-10	5.4954089999999994e-9	930.6099235197962
5.232827e-6	3.900928e-10	5.623413e-9	930.6122621262211
5.354725e-6	4.034695e-10	5.754399e-9	930.6147296181581
5.479462e-6	4.172934e-10	5.888437e-9	930.6169520706429
5.607105e-6	4.31579e-10	6.025596000000001e-9	930.6194074411893
5.737721e-6	4.463415e-10	6.16595e-9	930.6217762875144
5.871381e-6	4.615965e-10	6.309573e-9	930.6244014452324
6.008154e-6	4.773598e-10	6.456542e-9	930.6268525473853
6.148113e-6	4.936482e-10	6.606933999999999e-9	930.6293430810722
6.291332e-6	5.104787e-10	6.76083e-9	930.631664854759
6.437888e-6	5.278688e-10	6.918310000000001e-9	930.634196617382
6.587859e-6	5.458369e-10	7.079458e-9	930.6368986015597
6.741322e-6	5.644017e-10	7.24436e-9	930.6393389754237
6.898361e-6	5.835826e-10	7.413102e-9	930.642068947655
7.059059e-6	6.033995e-10	7.585776e-9	930.6447223725035
7.2235e-6	6.238732e-10	7.762471e-9	930.6474540387977
7.391771e-6	6.450248e-10	7.943282e-9	930.6500795011433
7.563963e-6	6.668763e-10	8.128305e-9	930.6528084637573
7.740166e-6	6.894505e-10	8.317637999999998e-9	930.6554878320024
7.920474e-6	7.127707e-10	8.51138e-9	930.6583386830338
8.104983e-6	7.36861e-10	8.709636e-9	930.6611505922866
8.293789e-6	7.617464e-10	8.912509e-9	930.6639405805929
8.486994e-6	7.874525e-10	9.120108e-9	930.6667697904454
8.684701e-6	8.140058e-10	9.332543e-9	930.669701259346
8.887013e-6	8.414337e-10	9.549926e-9	930.6725972222193
9.094038e-6	8.697645e-10	9.772371999999998e-9	930.6755580426126
9.305886e-6	8.990271e-10	1.e-8	930.67850271
9.522669e-6	9.292518e-10	1.023293e-8	930.6814618882372
9.744502e-6	9.604694e-10	1.047129e-8	930.6840388720016
9.971504e-6	9.927119e-10	1.071519e-8	930.6878097261924
0.00001020379	1.026012e-9	1.0964780000000002e-8	930.6904481439664
0.00001044149	1.060405e-9	1.1220179999999998e-8	930.6936613316362
0.00001068473	1.095924e-9	1.148154e-8	930.6962240256969
0.00001093364	1.132607e-9	1.174898e-8	930.6997379346973
0.00001118834	1.170491e-9	1.202264e-8	930.7032807270284
0.00001144898	1.209614e-9	1.230269e-8	930.7061800305462
0.00001171569	1.250016e-9	1.258925e-8	930.7099323629286
0.00001198861	1.291738e-9	1.28825e-8	930.7123413933631
0.00001226789	1.334822e-9	1.318257e-8	930.7156967116427
0.00001255368	1.379313e-9	1.3489630000000002e-8	930.7193238806401
0.00001284613	1.425255e-9	1.3803840000000001e-8	930.7232809855808
0.00001314539	1.472695e-9	1.4125379999999998e-8	930.7263022304534
0.00001345162	1.52168e-9	1.44544e-8	930.729859419969
0.00001376498	1.57226e-9	1.479108e-8	930.733405539014
0.00001408565	1.624487e-9	1.513561e-8	930.7371481559052
0.00001441378	1.678413e-9	1.548817e-8	930.7399397733883
0.00001474956	1.734091e-9	1.584893e-8	930.7438477550221
0.00001509316	1.791579e-9	1.6218099999999996e-8	930.7472255689632
0.00001544477	1.850934e-9	1.6595870000000003e-8	930.7508997117957
0.00001580457	1.912216e-9	1.6982440000000004e-8	930.7544861633544
0.00001617275	1.975486e-9	1.737801e-8	930.7582102899008
0.00001654951	2.040808e-9	1.778279e-8	930.7623161494905
0.00001693504	2.108247e-9	1.819701e-8	930.7654525111543
0.00001732956	2.17787e-9	1.8620870000000003e-8	930.7695005657631
0.00001773327	2.249748e-9	1.9054609999999996e-8	930.7731697473735
0.00001814639	2.323952e-9	1.949845e-8	930.7772644492253
0.00001856912	2.400556e-9	1.995262e-8	930.7810481029559
0.00001900171	2.479638e-9	2.041738e-8	930.7849311713843
0.00001944438	2.561274e-9	2.089296e-8	930.7891880327153
0.00001989735	2.645548e-9	2.137962e-8	930.7927618919325
0.00002036089	2.732543e-9	2.187762e-8	930.7969762250191
0.00002083522	2.822346e-9	2.238721e-8	930.801218463578
0.0000213206	2.915045e-9	2.290868e-8	930.8050505310651
0.00002181729	3.010733e-9	2.344229e-8	930.8092653490764
0.00002232555	3.109505e-9	2.398833e-8	930.8134207341653
0.00002284565	3.211459e-9	2.4547090000000004e-8	930.8175208955521
0.00002337787	3.316696e-9	2.5118860000000003e-8	930.8219678759307
0.00002392249	3.42532e-9	2.5703959999999997e-8	930.8260408123884
0.0000244798	3.53744e-9	2.6302680000000005e-8	930.8305252544607
0.00002505009	3.653165e-9	2.691535e-8	930.8347528454952
0.00002563367	3.77261e-9	2.754229e-8	930.8391789498985
0.00002623084	3.895894e-9	2.8183830000000005e-8	930.8435331181034
0.00002684193	4.023137e-9	2.8840320000000005e-8	930.8479634414597
0.00002746725	4.154466e-9	2.9512090000000002e-8	930.852557917789
0.00002810714	4.29001e-9	3.019952e-8	930.8568483869942
0.00002876195	4.429903e-9	3.090295e-8	930.8619372260578
0.000029432	4.574283e-9	3.162278e-8	930.8661124354026
0.00003011767	4.723291e-9	3.235937e-8	930.8708201364859
0.00003081931	4.877074e-9	3.311311e-8	930.8756282330471
0.0000315373	5.035783e-9	3.388442e-8	930.8802034386305
0.00003227202	5.199575e-9	3.4673690000000004e-8	930.8850478561699
0.00003302385	5.36861e-9	3.548134e-8	930.8898313874276
0.00003379321	5.543054e-9	3.630781000000001e-8	930.8948420188383
0.00003458048	5.723078e-9	3.715352e-8	930.8997661056071
0.0000353861	5.908859e-9	3.801894e-8	930.9046716978434
0.00003621049	6.100579e-9	3.890451e-8	930.9098245678972
0.00003705408	6.298425e-9	3.981072e-8	930.9145482674014
0.00003791733	6.502591e-9	4.073803e-8	930.9196490601042
0.0000388007	6.713277e-9	4.168694e-8	930.9249677956693
0.00003970464	6.930689e-9	4.265795e-8	930.9301241386424
0.00004062964	7.155039e-9	4.3651580000000004e-8	930.9352614269632
0.0000415762	7.386547e-9	4.466836000000001e-8	930.9405258442439
0.00004254481	7.625437e-9	4.570882e-8	930.9458313953413
0.00004353598	7.871944e-9	4.677351000000001e-8	930.9511290471894
0.00004455025	8.126309e-9	4.786301e-8	930.9564172625165
0.00004558815	8.388777e-9	4.897787999999999e-8	930.9618704811234
0.00004665024	8.659607e-9	5.011872e-8	930.9675029011116
0.00004773706	8.93906e-9	5.1286140000000005e-8	930.9727552122268
0.00004884922	9.22741e-9	5.248074999999999e-8	930.9784522896492
0.00004998728	9.524937e-9	5.370317999999999e-8	930.984067181869
0.00005115186	9.831929e-9	5.495409e-8	930.9897030230143
0.00005234357	1.014869e-8	5.623413e-8	930.9954415583561
0.00005356305	1.047552e-8	5.7543990000000006e-8	931.0012308844068
0.00005481094	1.081274e-8	5.888436999999999e-8	931.0068654890932
0.00005608791	1.116067e-8	6.025596e-8	931.0128105170013
0.000057394629999999996	1.151966e-8	6.16595e-8	931.0187345015772
0.00005873179	1.189006e-8	6.309573e-8	931.0246519059214
0.00006010011	1.227221e-8	6.456542e-8	931.0306075605178
0.00006150031	1.26665e-8	6.606934e-8	931.0366427150628
0.00006293314	1.30733e-8	6.76083e-8	931.0426870665287
0.00006439935	1.349302e-8	6.91831e-8	931.0488113426546
0.00006589972	1.392604e-8	7.079457999999999e-8	931.0549768075465
0.00006743505	1.43728e-8	7.24436e-8	931.0611675841619
0.00006900616	1.483373e-8	7.413102e-8	931.0676384865607
0.00007061387	1.530926e-8	7.585776e-8	931.0738843329938
0.00007225904	1.579987e-8	7.762470999999999e-8	931.0803205577195
0.00007394254	1.630602e-8	7.943281999999999e-8	931.0867475182173
0.00007566527	1.682821e-8	8.128305e-8	931.0932378890802
0.00007742814	1.736693e-8	8.317638000000002e-8	931.0997536800711
0.00007923208	1.792272e-8	8.51138e-8	931.1063860384567
0.00008107806	1.849609e-8	8.709636e-8	931.1130349190254
0.00008296705	1.908762e-8	8.912509e-8	931.1198184484302
0.00008490005	1.969786e-8	9.120108000000001e-8	931.1265596854773
0.00008687809	2.03274e-8	9.332543e-8	931.1333191821351
0.00008890223	2.097686e-8	9.549926000000002e-8	931.1402712439865
0.00009097352	2.164686e-8	9.772372e-8	931.1471857600181
0.00009309308	2.233804e-8	9.999999999999998e-8	931.1541804000001
0.00009526202	2.305107e-8	1.0232929999999999e-7	931.1611734859908
0.00009748151	2.378664e-8	1.0471290000000001e-7	931.1679519906335
0.0000997527	2.454544e-8	1.071519e-7	931.1756995442918
0.0001020768	2.532822e-8	1.0964780000000002e-7	931.1826431538069
0.0001044551	2.613572e-8	1.1220180000000002e-7	931.1903705644651
0.0001068888	2.696873e-8	1.148154e-7	931.1971105792429
0.0001093792	2.782803e-8	1.174898e-7	931.2044792824568
0.0001119276	2.871447e-8	1.202264e-7	931.2123998556058
0.0001145354	2.962888e-8	1.230269e-7	931.2193421113595
0.000117204	3.057214e-8	1.2589249999999996e-7	931.2276119705305
0.0001199348	3.154517e-8	1.28825e-7	931.2349712400544
0.0001227291	3.254889e-8	1.318257e-7	931.242154526773
0.0001255886	3.358427e-8	1.348963e-7	931.2500362871333
0.0001285148	3.465231e-8	1.3803839999999998e-7	931.2586375240514
0.0001315091	3.575401e-8	1.412538e-7	931.265948314311
0.0001345732	3.689045e-8	1.44544e-7	931.2741480102943
0.0001377086	3.806271e-8	1.479108e-7	931.281980152903
0.0001409172	3.927191e-8	1.513561e-7	931.2903273141949
0.0001442005	4.051922e-8	1.548817e-7	931.2980114500293
0.0001475603	4.180582e-8	1.584893e-7	931.3064403716844
0.0001509984	4.313295e-8	1.62181e-7	931.314598812438
0.0001522496	4.361852e-8	1.6352440000000002e-7	931.3180083216938
0.0001581168	4.397829e-8	1.698244e-7	931.3195176311532
0.0001618009	4.537383e-8	1.7378009999999998e-7	931.3280049326708
0.0001655708	4.681333e-8	1.778279e-7	931.336496297825
0.0001694285	4.829814e-8	1.8197010000000003e-7	931.3442051194124
0.0001733762	4.982969e-8	1.862087e-7	931.3529909719579
0.0001774158	5.140945e-8	1.905461e-7	931.3610168352959
0.0001815496	5.303892e-8	1.949845e-7	931.3696161489759
0.0001857796	5.471966e-8	1.995262e-7	931.378032859845
0.0001901083	5.645329e-8	2.0417380000000003e-7	931.3866582783883
0.0001945378	5.824145e-8	2.089296e-7	931.3952711822548
0.0001990706	6.008585e-8	2.1379619999999998e-7	931.4042337983557
0.000203709	6.198825e-8	2.1877620000000004e-7	931.4129610533503
0.0002084554	6.395048e-8	2.238721e-7	931.421782705393
0.0002133125	6.597441e-8	2.290868e-7	931.4306822130301
0.0002182827	6.806196e-8	2.3442290000000002e-7	931.4395562890827
0.0002233688	7.021512e-8	2.398833e-7	931.4488133188096
0.0002285734	7.243597e-8	2.454709e-7	931.458009768164
0.0002338992	7.47266e-8	2.511886e-7	931.4671390341758
0.0002393492	7.708921e-8	2.570396e-7	931.4762752898774
0.0002449262	7.952605e-8	2.630268e-7	931.4857879501252
0.0002506332	8.203945e-8	2.691535e-7	931.4953714144532
0.0002564731	8.463179e-8	2.754229e-7	931.5047216117468
0.0002624491	8.730556e-8	2.818383e-7	931.5142958213982
0.0002685644	9.006329e-8	2.884032e-7	931.5238641249474
0.0002748222	9.290762e-8	2.951209e-7	931.5338480602355
0.0002812258	9.584125e-8	3.019952e-7	931.5434193987189
0.0002877787	9.886699e-8	3.090295e-7	931.5536768819806
0.0002944843	1.019877e-7	3.1622779999999993e-7	931.5635364759203
0.0003013461	1.052064e-7	3.235937e-7	931.5734713005846
0.0003083678	1.085261e-7	3.311311e-7	931.5836721467721
0.0003155532	1.119499e-7	3.388442e-7	931.5937823341818
0.000322906	1.154813e-7	3.4673689999999997e-7	931.603995132909
0.0003304302	1.191234e-7	3.548134e-7	931.6145427427488
0.0003381298	1.228797e-7	3.630781e-7	931.6251233550028
0.0003460087	1.267539e-7	3.715352e-7	931.6356940069205
0.0003540713	1.307497e-7	3.801894e-7	931.646304973258
0.0003623218	1.348707e-7	3.890451e-7	931.6572055527752
0.0003707645	1.39121e-7	3.9810719999999996e-7	931.6677040756862
0.000379404	1.435046e-7	4.073803e-7	931.6785927056364
0.0003882449	1.480256e-7	4.1686939999999994e-7	931.6896985002976
0.0003972918	1.526884e-7	4.2657950000000004e-7	931.7008632622992
0.0004065495	1.574974e-7	4.365158e-7	931.7119733123062
0.000416023	1.624571e-7	4.466836e-7	931.7231640024393
0.0004257172	1.675723e-7	4.570882e-7	931.7343398932635
0.0004356374	1.728478e-7	4.677351e-7	931.7458702586143
0.0004457888	1.782886e-7	4.786301e-7	931.7572977545709
0.0004561768	1.839e-7	4.897788e-7	931.7689944930241
0.0004668068	1.896872e-7	5.011872000000001e-7	931.7805546510366
0.0004776847	1.956557e-7	5.128614e-7	931.7924018068038
0.000488816	2.018113e-7	5.248074999999999e-7	931.80415923934
0.0005002068	2.081596e-7	5.370318e-7	931.8162529667703
0.000511863	2.147069e-7	5.495409e-7	931.8281985926798
0.0005237909	2.214592e-7	5.623413e-7	931.8404307135186
0.0005359968	2.28423e-7	5.754399e-7	931.8526973885542
0.0005484872	2.35605e-7	5.888437e-7	931.864949900967
0.0005612686	2.430119e-7	6.025596e-7	931.8772979469582
0.000574348	2.506507e-7	6.165950000000001e-7	931.8898964474249
0.0005877322	2.585287e-7	6.309573e-7	931.9025688426141
0.0006014284	2.666534e-7	6.456542e-7	931.9153401309865
0.0006154438	2.750324e-7	6.606934e-7	931.9282323692048
0.0006297858	2.836738e-7	6.76083e-7	931.9410099055883
0.0006444621	2.925858e-7	6.918309999999999e-7	931.9540260554962
0.0006594805	3.017767e-7	7.079458e-7	931.9672165581036
0.0006748489	3.112553e-7	7.244360000000001e-7	931.9804030997907
0.0006905755	3.210305e-7	7.413102e-7	931.9938272804017
0.0007066687	3.311117e-7	7.585776e-7	932.0072352518714
0.0007231369	3.415085e-7	7.762470999999999e-7	932.0207553754467
0.000739989	3.522305e-7	7.943282000000001e-7	932.0344292195593
0.0007707905	3.569864e-7	8.273756e-7	932.0404014815036
0.0007748804	3.595303e-7	8.317637999999999e-7	932.0433641137063
0.0007929382	3.708164e-7	8.51138e-7	932.0568655141705
0.0008114169	3.824555e-7	8.709635999999999e-7	932.07035919756
0.0008303263	3.944589e-7	8.912509000000001e-7	932.0840617383948
0.0008420832	4.019687e-7	9.038643999999999e-7	932.0924341084792
0.0008694773	4.088093e-7	9.332543e-7	932.0997602689856
0.0008897397	4.216374e-7	9.549926e-7	932.1133351190365
0.0009104744	4.348669e-7	9.772372e-7	932.1270894108411
0.0009316923	4.485103e-7	1.e-6	932.1408103
0.0009534047999999999	4.625804e-7	1.023293e-6	932.154700950754
0.0009756234	4.770906e-7	1.047129e-6	932.1683294035405
0.0009983599	4.920546e-7	1.071519e-6	932.1831480356392
0.001021626	5.074866e-7	1.096478e-6	932.1969858036367
0.001045435	5.234013e-7	1.122018e-6	932.2117838572999
0.001069799	5.398137e-7	1.1481539999999999e-6	932.2258283296492
0.00109473	5.567393e-7	1.174898e-6	932.2398534170626
0.001120243	5.741942e-7	1.2022639999999998e-6	932.2554731739451
0.00114635	5.921948e-7	1.230269e-6	932.2694425365507
0.001173066	6.107583e-7	1.2589250000000002e-6	932.2848925074964
0.001200405	6.299022e-7	1.28825e-6	932.2995553658066
0.001228381	6.496446e-7	1.3182569999999998e-6	932.3149011156398
0.001257009	6.700042e-7	1.348963e-6	932.3302449362956
0.001286304	6.910003e-7	1.3803840000000001e-6	932.3456373733686
0.001316283	7.126527e-7	1.4125380000000002e-6	932.3612198043521
0.00134696	7.34982e-7	1.44544e-6	932.3769800199246
0.001378352	7.580093e-7	1.479108e-6	932.3930431719658
0.001410476	7.817563e-7	1.513561e-6	932.4089060830717
0.001443348	8.062455e-7	1.5488170000000002e-6	932.4240665617693
0.001476987	8.315002e-7	1.584893e-6	932.4405497405818
0.00151141	8.575441e-7	1.62181e-6	932.4566651457322
0.001546636	8.84402e-7	1.6595870000000002e-6	932.4732008626243
0.001582683	9.120992e-7	1.6982439999999998e-6	932.4897359861128
0.00161957	9.406619e-7	1.7378009999999997e-6	932.5064618445956
0.001657316	9.701172e-7	1.7782789999999998e-6	932.523027713874
0.001695943	1.000493e-6	1.8197010000000002e-6	932.5397375722715
0.001735471	1.031818e-6	1.8620869999999998e-6	932.5572961950758
0.001739608	1.03511e-6	1.866524e-6	932.5586544828782
0.00181731	1.051185e-6	1.949845e-6	932.567042508507
0.001859665	1.084093e-6	1.995262e-6	932.5838376113012
0.001903008	1.11803e-6	2.041738e-6	932.6005736289377
0.001947361	1.153027e-6	2.089296e-6	932.6175070454354
0.001992748	1.189118e-6	2.137962e-6	932.6344986487131
0.002039193	1.226336e-6	2.1877619999999994e-6	932.6514200356346
0.002086721	1.264716e-6	2.238721e-6	932.6690177114523
0.002135357	1.304296e-6	2.290868e-6	932.6863424693173
0.002185127	1.345112e-6	2.3442290000000005e-6	932.7041479309399
0.002236057	1.387203e-6	2.398833e-6	932.721953966783
0.002288174	1.430608e-6	2.4547090000000004e-6	932.7397292306338
0.002341506	1.47537e-6	2.511886e-6	932.7578441059826
0.002396082	1.52153e-6	2.5703960000000003e-6	932.7759341362187
0.00245193	1.569131e-6	2.630268e-6	932.7943506137017
0.00250908	1.618219e-6	2.691535e-6	932.812770036429
0.002567562	1.66884e-6	2.7542290000000004e-6	932.8312351659937
0.002627408	1.721042e-6	2.818383e-6	932.850163373821
0.002688649	1.774875e-6	2.8840319999999994e-6	932.8689400811087
0.002751317	1.830388e-6	2.951209e-6	932.8879750637791
0.002815447	1.887635e-6	3.019952e-6	932.9070909074052
0.002881072	1.94667e-6	3.090295e-6	932.9266849928567
0.002948227	2.007549e-6	3.1622780000000004e-6	932.9459803976753
0.003016947	2.070328e-6	3.235937e-6	932.9654217619192
0.00308727	2.135068e-6	3.311311e-6	932.9854755412584
0.003159232	2.201829e-6	3.388442e-6	933.0051477935878
0.003232872	2.270675e-6	3.467369e-6	933.0252058549291
0.003308229	2.34167e-6	3.548134e-6	933.0455585950249
0.003385343	2.414882e-6	3.630781e-6	933.0658836211823
0.003464255	2.49038e-6	3.715352e-6	933.0866577379478
0.003545007	2.568235e-6	3.801894e-6	933.1073499155948
0.003627641	2.648521e-6	3.890451e-6	933.1281954200168
0.003712203	2.731313e-6	3.981072e-6	933.1492404558369
0.003798736	2.81669e-6	4.073803e-6	933.170477315668
0.003887286	2.904733e-6	4.168694e-6	933.191722155668
0.003977901	2.995524e-6	4.265795e-6	933.2132753683661
0.004070629	3.089149e-6	4.365158e-6	933.2349823305365
0.00416552	3.185697e-6	4.466836e-6	933.2569400354076
0.004262622	3.285258e-6	4.570882e-6	933.2787978337661
0.004361989	3.387928e-6	4.677351e-6	933.3011202280951
0.004463673	3.493802e-6	4.786301e-6	933.3234165590504
0.004567728	3.602982e-6	4.897788e-6	933.346029268723
0.00467421	3.715569e-6	5.011872000000001e-6	933.368922630107
0.004783174	3.83167e-6	5.128614e-6	933.3916863308489
0.004894679	3.951396e-6	5.2480750000000006e-6	933.4147084407139
0.005008784	4.074858e-6	5.370318000000001e-6	933.4379934298116
0.00512555	4.202174e-6	5.495409e-6	933.4613991424478
0.005245039	4.333463e-6	5.623413e-6	933.4851384737347
0.005367314	4.46885e-6	5.754399000000001e-6	933.5089294294677
0.00549244	4.608463e-6	5.888436999999999e-6	933.5326951787038
0.005620485	4.752432e-6	6.025596e-6	933.5570177622263
0.005751515	4.900895e-6	6.165950000000001e-6	933.5813451292987
0.005885601	5.053992e-6	6.309573000000001e-6	933.6059654116054
0.006022814	5.211866e-6	6.456542e-6	933.6307060342826
0.006163226	5.374667e-6	6.606934e-6	933.655560506583
0.006306914	5.542549e-6	6.76083e-6	933.680709173282
0.006349596	5.592666e-6	6.8065439999999995e-6	933.6880311065352
0.006604413	5.624687e-6	7.079458e-6	933.6926198305013
0.006758382	5.800371e-6	7.24436e-6	933.7170393243848
0.006915942	5.981537e-6	7.413101999999999e-6	933.7418447769908
0.007077177	6.168356e-6	7.5857760000000005e-6	933.7667439692393
0.007242171	6.361006e-6	7.762471e-6	933.7918307198829
0.007411014	6.559667e-6	7.943282e-6	933.8172391462371
0.007583794	6.764527e-6	8.128305e-6	933.8427294497438
0.007760603	6.97578e-6	8.317638e-6	933.8683385836218
0.007941535	7.193624e-6	8.511379999999998e-6	933.8942244383402
0.008126688	7.418266e-6	8.709636e-6	933.9203459249043
0.008316158	7.649917e-6	8.912509000000001e-6	933.9466492544357
0.008510047	7.888797e-6	9.120108e-6	933.9731280594484
0.008708458	8.13513e-6	9.332543e-6	933.999782267277
0.008911497	8.389149e-6	9.549926e-6	934.0267295264908
0.009119271	8.651094e-6	9.772372e-6	934.053891317277
0.00933189	8.921211e-6	0.00001	934.0811211
0.009549469	9.199757e-6	0.00001023293	934.1086821663004
0.009772122	9.486993e-6	0.00001047129	934.1360035869504
0.009999969	9.783191e-6	0.000010715190000000001	934.1646943264655
0.01023313	0.00001008863	0.00001096478	934.1928091580496
0.01047173	0.0000104036	0.00001122018	934.2215187278636
0.01071589	0.0000107284	0.00001148154	934.2490989884633
0.01096575	0.00001106332	0.00001174898	934.2779815779753
0.01122144	0.0000114087	0.00001202264	934.3079972451973
0.01148309	0.00001176485	0.000012302690000000001	934.3367060374601
0.01175084	0.00001213212	0.00001258925	934.3663935500526
0.01202484	0.00001251084	0.000012882499999999999	934.3955629730254
0.01230523	0.00001290138	0.00001318257	934.4256377929341
0.01259216	0.0000133041	0.000013489630000000003	934.4558820367942
0.01288579	0.00001371938	0.00001380384	934.487025349468
0.01318626	0.00001414762	0.00001412538	934.5169914012932
0.01349374	0.00001458922	0.000014454400000000002	934.5479037524906
0.0138084	0.00001504459	0.00001479108	934.5798001227768
0.01413039	0.00001551417	0.000015135610000000002	934.6107735334089
0.0144599	0.0000159984	0.00001548817	934.6422721341514
0.01479709	0.00001649773	0.00001584893	934.6743111364617
0.01514215	0.00001701264	0.0000162181	934.7064477343215
0.01549526	0.00001754362	0.00001659587	934.7388006775179
0.01561285	0.00001772134	0.00001672167	934.7494203629183
0.01622636	0.00001772535	0.00001737801	934.7494534759734
0.01660474	0.00001827855	0.00001778279	934.7812435506464
0.01699195	0.00001884901	0.00001819701	934.8128626626021
0.01738819	0.00001943727	0.00001862087	934.8450029456195
0.01779367	0.00002004387	0.00001905461	934.8768549972947
0.01820861	0.0000206694	0.00001949845	934.9091543173945
0.01863323	0.00002131444	0.000019952619999999997	934.942099834508
0.01906776	0.0000219796	0.00002041738	934.9749869963726
0.01951243	0.0000226655	0.00002089296	935.0085148298758
0.01996746	0.0000233728	0.00002137962	935.0415395596367
0.02043312	0.00002410216	0.00002187762	935.0753034379425
0.02090964	0.00002485428	0.00002238721	935.1095683651514
0.02139727	0.00002562985	0.000022908679999999995	935.1433539601584
0.02189629	0.00002642961	0.00002344229	935.1782445315708
0.02240694	0.00002725432	0.00002398833	935.2128439120188
0.02292951	0.00002810475	0.00002454709	935.2479153333451
0.02346427	0.00002898171	0.00002511886	935.2833572064974
0.02401151	0.00002988602	0.00002570396	935.3187610002506
0.02457152	0.00003081853	0.00002630268	935.354820497379
0.02514459	0.00003178013	0.000026915349999999996	935.3907762670744
0.02573104	0.00003277172	0.00002754229	935.4273635198816
0.02633116	0.00003379424	0.00002818383	935.4638542738867
0.02694529	0.00003484865	0.000028840319999999997	935.5006688552693
0.02757376	0.00003593595	0.00002951209	935.5384843974113
0.02821688	0.00003705715	0.00003019952	935.5757028588533
0.02887501	0.00003821333	0.00003090295	935.6136980450085
0.0295485	0.00003940557	0.00003162278	935.6516274027774
0.03023771	0.00004063499	0.00003235937	935.6901877261517
0.03094299	0.00004190275	0.00003311311	935.7288623750533
0.03166474	0.00004321006	0.00003388442	935.7678266294656
0.03240333	0.00004455813	0.00003467368999999999	935.8071820449453
0.03315915	0.00004594825	0.00003548134	935.8467929903436
0.03393262	0.00004738172	0.000036307810000000006	935.8868441803568
0.03472413	0.0000488599	0.00003715352	935.9271988226151
0.03553411	0.00005038418	0.00003801894	935.9675514362053
0.03561557	0.00005053811	0.00003810597000000001	935.9716629703953
0.03721117	0.00005064854	0.00003981072	935.9744948094383
0.03807912	0.0000522286	0.00004073803	936.0135627569622
0.03896734	0.00005385794	0.000041686940000000005	936.05330446418
0.03987628	0.00005553809	0.00004265795	936.0932274054426
0.04080643	0.00005727064	0.00004365157999999999	936.1333688265122
0.04175829	0.00005905722	0.00004466836	936.1737753523972
0.04273236	0.00006089952	0.00004570882000000001	936.2144881447387
0.04372916	0.00006279928	0.00004677351	936.2555703003687
0.04474923	0.00006475828	0.00004786301	936.2969081969563
0.04579311	0.00006677837	0.00004897788000000001	936.3387792611684
0.04686135	0.00006886146	0.00005011872	936.3808864232766
0.04795452	0.00007100952	0.00005128614	936.4231646210848
0.0490732	0.00007322456	0.000052480750000000004	936.465743343988
0.05021799	0.00007550868	0.00005370318	936.5087631682146
0.05138951	0.00007786403	0.00005495409	936.5522025749129
0.0543213	0.00007956368	0.00005808442	936.5827132301572
0.05507053	0.00008102877	0.000058884370000000006	936.6077750343596
0.05635521	0.00008355627	0.00006025596	936.6503540894545
0.05766986	0.0000861626	0.0000616595	936.6930091875544
0.05901521	0.0000888502	0.00006309573	936.736292614413
0.06039195	0.00009162162	0.00006456542	936.7796510887716
0.06180083	0.00009447946	0.00006606934	936.8234866581079
0.06324259	0.00009742642	0.00006760830000000001	936.8674618353073
0.064718	0.0001004653	0.0000691831	936.9118368503291
0.06622785	0.0001035989	0.00007079458	936.9565989373764
0.06777295	0.0001068303	0.0000724436	937.0017544683036
0.06935411	0.0001101624	0.00007413101999999999	937.0473035444542
0.0709025	0.0001134499	0.0000757834	937.0911030647873
0.07432237	0.0001161892	0.00007943282	937.12597890897
0.0760563	0.0001198131	0.00008128305	937.1709489247758
0.07783072	0.0001235501	0.00008317637999999999	937.2164321169063
0.07964655	0.0001274036	0.00008511380000000001	937.262272392961
0.08150477	0.0001313772	0.00008709636	937.3083697183213
0.08340637	0.0001354748	0.00008912509	937.3549558266924
0.08535236	0.0001397002	0.00009120108	937.4018399782108
0.08734377	0.0001440573	0.00009332543	937.4489600530103
0.08938168	0.0001485503	0.00009549926000000002	937.4965868845475
0.09146716	0.0001531833	0.00009772372000000001	937.5445725971136
0.09360132	0.0001579609	0.00010000000000000002	937.592809
0.09578532	0.0001628874	0.0001023293	937.6415884795459
0.09802029	0.0001679676	0.00010471289999999999	937.69017570901
0.1003075	0.0001732062	0.0001071519	937.7407792115678
0.1008452	0.0001744436	0.0001077254	937.7513901085538
0.105043	0.0001766863	0.0001122018	937.7718209511792
0.107494	0.0001821968	0.00011481539999999999	937.8201600133781
0.1100021	0.0001878791	0.0001174898	937.8684711353667
0.1125689	0.0001937385	0.0001202264	937.9191134393112
0.1151955	0.0001997807	0.0001230269	937.9678810081374
0.1178835	0.0002060113	0.0001258925	938.0186373294678
0.1206342	0.0002124361	0.000128825	938.06820182418
0.1234492	0.0002190613	0.0001318257	938.1195115975111
0.1263299	0.0002258931	0.00013489629999999998	938.1709735552421
0.1292778	0.0002329379	0.0001380384	938.2225373519253
0.1322946	0.0002402024	0.0001412538	938.2742439495433
0.1353818	0.0002476934	0.000144544	938.3266922182864
0.1385411	0.000255418	0.0001479108	938.3798748975736
0.1417742	0.0002633835	0.0001513561	938.4331619274014
0.1450827	0.0002715973	0.0001548817	938.4859366858708
0.1484686	0.0002800673	0.0001584893	938.5407551172225
0.1519335	0.0002888014	0.000162181	938.5951584957547
0.1554793	0.0002978078	0.00016595869999999998	938.649843605668
0.1580418	0.000304359	0.0001686886	938.6891526754032
0.1666209	0.0003123413	0.0001778279	938.7348177648163
0.1705093	0.0003220817	0.0001819701	938.7881948737733
0.1744886	0.0003321258	0.0001862087	938.8429530951023
0.1785609	0.0003424831	0.0001905461	938.8981621770271
0.1827282	0.0003531634	0.0001949845	938.9534214258057
0.1869928	0.0003641767	0.0001995262	939.0093967609266
0.1913571	0.0003755334	0.00020417380000000001	939.0658027621565
0.1958232	0.0003872442	0.00020892960000000002	939.1222890389873
0.2003937	0.0003993201	0.00021379619999999997	939.1795555767595
0.2050709	0.0004117726	0.0002187762	939.2368667158494
0.2098573	0.0004246134	0.0002238721	939.2948625576836
0.2147556	0.0004378545	0.0002290868	939.3533564570284
0.2195833	0.0004510029	0.00023422600000000003	939.4102401099792
0.2301469	0.0004577091	0.0002454709	939.4376649126231
0.2355185	0.0004719822	0.0002511886	939.4951928550897
0.2410156	0.0004867003	0.00025703960000000007	939.5528949624882
0.2466411	0.0005018774	0.0002630268	939.611390930506
0.2477387	0.0005048519	0.0002641949	939.622800818638
0.252398	0.0005128182	0.0002691535	939.6527193590274
0.2582891	0.0005205402	0.00027542290000000003	939.6809059813108
0.2643176	0.0005274976	0.00028183829999999996	939.7058440957101
0.2704868	0.0005340658	0.0002884032	939.7290522435256
0.2767997	0.0005404122	0.00029512090000000004	939.7508349967759
0.2832599	0.0005466289	0.0003019952	939.7716549799468
0.2898706	0.0005527728	0.0003090295	939.7917441538751
0.2966355	0.0005588853	0.0003162277999999999	939.811064365625
0.3035582	0.0005650021	0.0003235937	939.8304172794464
0.3106422	0.0005711428	0.00033113110000000006	939.8493309749521
0.3178913	0.0005773289	0.0003388442	939.867434354786
0.3253095	0.0005835763	0.0003467369	939.8857643936944
0.3329006	0.0005899026	0.0003548134	939.9039117462869
0.3406687	0.0005963157	0.00036307810000000006	939.9217845967576
0.3486178	0.0006028331	0.0003715352	939.9395618503979
0.3567523	0.0006094621	0.0003801894	939.9571952821411
0.3650764	0.0006162136	0.00038904510000000006	939.9748604981788
0.3735945	0.0006230992	0.0003981072	939.9920403348646
0.3823113	0.0006301256	0.0004073803	940.0096803895525
0.3912312	0.0006373026	0.0004168694	940.0270266898937
0.4003591	0.0006446377	0.0004265795	940.0445584000169
0.4096997	0.0006521454	0.00043651579999999995	940.0618383114655
0.4192582	0.0006598278	0.00044668359999999995	940.079348782897
0.4290394	0.0006677003	0.0004570882	940.0966822158175
0.4390486	0.0006757658	0.00046773510000000003	940.1141068951208
0.4492912	0.0006840339	0.0004786301	940.1315000874371
0.4597726	0.0006925184	0.0004897788	940.1491416124993
0.4814738	0.0007011234	0.0005128614	940.1661411835635
0.4927052	0.0007103862	0.0005248075	940.1839459230289
0.5041984	0.000719897	0.0005370318000000002	940.2018595546855
0.5159596	0.0007296677	0.0005495409000000001	940.2198593407696
0.5279949	0.0007397086	0.0005623413	940.2379099667764
0.5403108	0.0007500283	0.0005754399	940.2560168316447
0.5529139	0.00076064	0.0005888437	940.2742017958244
0.5658108	0.0007715486	0.0006025596	940.2926259908562
0.5790083	0.0007827725	0.000616595	940.311018577835
0.5925135	0.0007943171	0.0006309573	940.3295866455622
0.6063335	0.0008061996	0.0006456542	940.3480990288608
0.6204758	0.0008184282	0.0006606934	940.3669360099557
0.6349477	0.0008310163	0.0006760829999999998	940.3855980700596
0.6497571	0.0008439751	0.000691831	940.4046293097592
0.6649117	0.0008573187	0.0007079458	940.4237142165404
0.6804196	0.0008710643	0.000724436	940.4428607910154
0.696289	0.000885219	0.0007413102	940.4621965271759
0.7125285	0.0008998009	0.0007585776000000001	940.4816341795487
0.7291465	0.000914823	0.0007762470999999999	940.5011922105732
0.746152	0.0009303016	0.0007943282	940.5209353010506
0.763554	0.0009462505	0.0008128305	940.5408021721624
0.7813617	0.0009626869	0.0008317638	940.5607540265639
0.7995845	0.0009796285	0.000851138	940.5808793638635
0.8182323	0.0009970903	0.0008709636	940.6011804626507
0.8373148	0.001015088	0.0008912509	940.6216453750567
0.8568422	0.001033644	0.0009120108	940.6421985353682
0.8768249	0.001052771	0.0009332543	940.6628729168459
0.8972736	0.001072492	0.0009549926	940.6838251940383
0.918199	0.001092826	0.0009772372	940.7049035791924
0.9396123	0.001113792	0.001	940.7260919999999
0.9615248	0.001135411	0.001023293	940.7473822258141
0.9839483000000001	0.001157703	0.001047129	940.7685232669519
1.006895	0.001180692	0.001071519	940.7912430857504
1.030376	0.001204401	0.0010964779999999997	940.8126756761195
1.054405	0.001228849	0.001122018	940.8350391883197
1.078994	0.001254065	0.001148154	940.8564225704914
1.104157	0.001280069	0.001174898	940.8791818523822
1.129906	0.001306894	0.001202264	940.9022427686433
1.16078	0.00132275	0.001235078	940.9144604632257
1.183219	0.001346557	0.001258925	940.9341755863138
1.210811	0.001376049	0.0012882500000000001	940.9563741509802
1.239047	0.001406466	0.0013182569999999998	940.9799955547363
1.267942	0.00143784	0.001348963	941.00419359167
1.29751	0.001470201	0.0013803839999999997	941.0281494134966
1.327767	0.001503579	0.0014125380000000003	941.0511993305665
1.35873	0.001538007	0.0014454399999999999	941.0753867334513
1.390415	0.001573518	0.001479108	941.0999859374704
1.422839	0.001610144	0.001513561	941.1243709371475
1.456019	0.001647922	0.001548817	941.148581142898
1.489973	0.001686887	0.0015848930000000002	941.1738754603623
1.524719	0.001727076	0.00162181	941.1990775738219
1.560275	0.001768526	0.0016595869999999997	941.2242479604867
1.59666	0.001811274	0.001698244	941.2494753404104
1.633894	0.001855364	0.0017378009999999998	941.2754187619872
1.671996	0.001900836	0.001778279	941.3015820352149
1.710986	0.00194773	0.0018197009999999997	941.3270257036733
1.750886	0.001996089	0.0018620869999999997	941.3534861690135
1.791717	0.002045964	0.001905461	941.3800460885843
1.833499	0.002097391	0.001949845	941.4063122966185
1.876257	0.002150423	0.0019952620000000003	941.4339685715461
1.920011	0.002205108	0.002041738	941.4607104339539
1.964786	0.002261495	0.0020892960000000005	941.4881831009104
2.010605	0.002319635	0.002137962	941.5156279671949
2.057492	0.002379577	0.002187762	941.5428081299519
2.105474	0.002441381	0.002238721	941.5712726150334
2.154574	0.002505096	0.002290868	941.599034077913
2.20482	0.00257078	0.002344229	941.6276225573524
2.256237	0.002638495	0.002398833	941.6560031481974
2.301204	0.002668723	0.002446585	941.6687844485273
2.362697	0.002750976	0.002511886	941.7019625890665
2.417796	0.002825259	0.0025703959999999995	941.730869095657
2.474181	0.002901822	0.0026302680000000003	941.7606198303748
2.53188	0.002980741	0.002691535	941.7899975292909
2.590926	0.003062081	0.0027542289999999995	941.8200451015512
2.651348	0.003145909	0.002818383	941.8499575820605
2.71318	0.003232301	0.0028840319999999995	941.8800835080888
2.776455	0.003321329	0.0029512089999999998	941.9110367988169
2.841205	0.003413069	0.0030199520000000002	941.9414841692849
2.907466	0.003507598	0.003090295	941.9727236396526
2.975272	0.003604995	0.0031622780000000006	942.0035161361524
3.04466	0.003705343	0.003235937	942.0348242255643
3.115667	0.003808728	0.0033113109999999995	942.066670270476
3.18833	0.003915228	0.003388442	942.0982351180867
3.262688	0.004024937	0.003467369	942.1301675708585
3.338781	0.004137945	0.0035481339999999997	942.1625409299648
3.416649	0.004254343	0.003630781	942.1949004911064
3.496333	0.004374226	0.003715352	942.2276075052915
3.577877	0.004497692	0.003801894	942.260539615255
3.661322	0.004624845	0.003890451	942.2935400034597
3.7467149999999996	0.004755782	0.0039810719999999996	942.3267858506451
3.834099	0.004890608	0.004073803	942.3601504540107
3.923522	0.005029431	0.004168694	942.3938123066841
4.015032	0.005172367	0.004265795	942.4279335973715
4.108676	0.005319531	0.004365158	942.461998168222
4.204505	0.005471035	0.004466836	942.4962176807029
4.302569	0.005626999	0.004570882	942.5305660920585
4.402922	0.005787548	0.004677350999999999	942.5654709257442
4.505616	0.005952815	0.004786301000000001	942.6003118065495
4.610706	0.006122923	0.004897788	942.6355168904821
4.718247	0.00629801	0.005011872	942.6707246314352
4.828298	0.006478212	0.005128614	942.706199374724
4.940916	0.006663677	0.005248075	942.7418009460611
5.056163	0.006854551	0.005370318	942.7779790693959
5.174097	0.007050987	0.005495408999999999	942.8138992020431
5.294784	0.007253135	0.005623413	942.850389078661
5.418287	0.007461169	0.005754399	942.8870276461538
5.544671	0.007675242	0.005888437	942.9236046849105
5.674004	0.007895537	0.006025596	942.9605863054874
5.806355	0.008122233	0.006165950000000001	942.9977915811837
5.941794	0.008355513	0.006309573000000001	943.0352122084964
6.080393	0.008595563	0.006456542	943.0727102836162
6.222227	0.008842591	0.006606933999999999	943.1106154534009
6.36737	0.009096805	0.00676083	943.1485194865129
6.5159	0.009358412	0.00691831	943.1867626631359
6.667895	0.00962764	0.007079458	943.2251226011933
6.823438	0.009904727	0.007244359999999999	943.2638255139171
6.98261	0.01018992	0.007413102000000001	943.3028063015995
7.145496	0.01048345	0.007585776	943.3417820404926
7.312184	0.01078561	0.007762471	943.3812519235177
7.482761	0.01109666	0.007943282	943.4208252961433
7.657319	0.01141689	0.008128305000000002	943.4606464693437
7.83595	0.01174662	0.008317638	943.5006212100118
8.01875	0.01208616	0.00851138	943.5410192001768
8.205816	0.01243585	0.008709636	943.5815515137486
8.397247	0.01279603	0.008912509	943.6223884879106
8.593146	0.01316708	0.009120108	943.663504862004
8.793617	0.0135494	0.009332543	943.7048830099149
8.998766	0.01394338	0.009549926	943.746514894461
9.208703	0.01434949	0.009772372	943.788518283995
9.42354	0.01476816	0.01	943.8308159999998
9.643391	0.01519989	0.01023293	943.8734448491292
9.868373	0.0156452	0.01047129	943.9160027083578
10.09861	0.01610465	0.01071519	943.9603637453001
10.33421	0.01657878	0.010964780000000002	944.0033251921151
10.57532	0.01706825	0.01122018	944.0479787311789
10.82205	0.01757369	0.01148154	944.0914450500544
11.07455	0.01809581	0.01174898	944.1369216732007
11.33293	0.01863534	0.01202264	944.1824208326956
11.59735	0.01919308	0.012302689999999998	944.2278948750234
11.86794	0.01976985	0.012589249999999998	944.2746668784877
12.14485	0.02036656	0.0128825	944.3210991655346
12.42822	0.02098417	0.013182570000000001	944.3685237400598
12.7182	0.02162368	0.01348963	944.4160944369859
13.01496	0.02228617	0.01380384	944.4651756322878
13.31864	0.02297282	0.01412538	944.5135507858904
13.62941	0.02368485	0.014454399999999997	944.5632367998672
13.94744	0.02442358	0.01479108	944.6141579925198
14.2729	0.02519041	0.01513561	944.6656203483044
14.60595	0.02598686	0.01548817	944.7169588143724
14.94678	0.02681453	0.01584893	944.7700589251135
15.29557	0.02767513	0.0162181	944.8236926643689
15.6525	0.02857048	0.01659587	944.8778810631803
16.01777	0.02950255	0.01698244	944.9332693064129
16.39157	0.03047343	0.01737801	944.9898711072213
16.7741	0.03148534	0.01778279	945.0477309803467
17.16556	0.03254067	0.01819701	945.1058536539794
19.2685	0.03356891	0.02042203	945.159169289243
19.71362	0.03472316	0.020892959999999995	945.2151901884654
20.17363	0.03594039	0.021379619999999995	945.272665744293
20.64438	0.03721237	0.02187762	945.3309989843502
21.12614	0.03854236	0.02238721	945.3916928460491
21.61914	0.03993383	0.02290868	945.4527205408605
22.12366	0.04139046	0.023442290000000005	945.5155814555659
22.63997	0.04291622	0.02398833	945.5800474647465
23.16834	0.0445153	0.02454709	945.6459115927795
23.70906	0.04619217	0.02511886	945.7137851797415
24.26241	0.04795161	0.025703960000000005	945.7827358119137
24.82869	0.04979869	0.02630268	945.8537567274515
25.40821	0.05173879	0.026915349999999998	945.9267217405682
26.00127	0.05377769	0.027542289999999997	946.0015013275948
26.60819	0.05592147	0.02818383	946.0783530840203
27.22931	0.05817664	0.02884032	946.1575544238067
27.86494	0.06055009	0.02951209	946.2389851074594
28.51544	0.06304915	0.030199519999999997	946.3226286378062
29.18115	0.06568159	0.030902949999999995	946.4090512394448
29.86242	0.0684557	0.03162278	946.4972940392969
30.55964	0.07138017	0.03235936999999999	946.5888912546816
31.27316	0.07446432	0.03311311	946.6831813743862
32.00338	0.07771794	0.03388442	946.7801998676679
32.75068	0.08115149	0.03467369	946.8802279192092
33.51548	0.08477594	0.03548134	946.9838495389406
34.29817	0.08860299	0.03630781	947.090253859982
35.09919	0.09264497	0.03715352	947.2005605390822
35.91896	0.09691487	0.03801894	947.3140195386825
36.75793	0.1014265	0.03890451	947.4314546051345
37.61655	0.1061944	0.039810719999999994	947.5524280897205
38.49528	0.1112339	0.04073803000000001	947.6774871048011
39.3946	0.1165612	0.041686940000000006	947.8067039701162
40.315	0.1221934	0.04265795	947.9403815701411
41.25697	0.1281485	0.04365158	948.0783627992389
42.22103	0.1344456	0.04466836	948.2209689364015
43.20769	0.1411047	0.04570882	948.3682733441817
44.2175	0.1481469	0.046773510000000004	948.5207952107935
45.25099	0.1555945	0.04786301	948.6779978944074
46.30874	0.163471	0.04897788	948.8408032360732
47.39131	0.1718011	0.05011871999999999	949.0088952790495
48.4993	0.1806108	0.05128614	949.1825822727153
49.6333	0.1899278	0.05248075000000001	949.3619622432986
50.79395	0.199781	0.05370318000000001	949.5476990375616
51.98187	0.2102012	0.054954090000000004	949.7395225723873
53.1977	0.2212206	0.05623413	949.9377086477554
54.44212	0.2328734	0.05754399	950.1425500734308
55.71581	0.245196	0.05888436999999999	950.3541601956513
57.01946	0.2582266	0.06025595999999999	950.5729657282036
58.35378	0.272006	0.061659500000000006	950.7989198744718
59.71952	0.2865773	0.06309573	951.0326182136255
61.11742	0.3019865	0.06456542	951.2740178875937
62.54825	0.3182824	0.06606934	951.5235417820127
64.0128	0.3355173	0.0676083	951.7813241865275
65.51187	0.3537469	0.06918309999999998	952.0477819004932
67.0463	0.3730309	0.07079458000000001	952.3233402896099
68.61693	0.3934335	0.0724436	952.6081461992502
70.22464	0.4150234	0.07413102	952.9028927431457
71.87031	0.4378751	0.07585776	953.2074912309565
73.55486	0.4620685	0.07762471	953.5227700045515
75.27923	0.4876904	0.07943282000000002	953.8490563472378
77.04438	0.5148349	0.08128304999999998	954.1868187771006
78.8513	0.543604	0.08317638	954.5366605279047
80.701	0.574109	0.08511379999999999	954.8993112750222
82.59451	0.606471	0.08709636	955.2750654562373
84.5329	0.6408227	0.08912508999999999	955.6649277997924
86.51727	0.6773087	0.09120108	956.069584921582
88.54874	0.7160882	0.09332543	956.4898677670169
90.62846	0.7573353	0.09549926	956.9267374427823
92.75761	0.8012418	0.09772372	957.3811946577556
94.93741	0.8480183	0.09999999999999999	957.854283
97.16912	0.8978966	0.1023293	958.3473804667872
99.454	0.9511327	0.1047129	958.8611594177986
101.7934	1.008008	0.1071519	959.3988347383482
104.1886	1.068834	0.1096478	959.9593790299485
106.6411	1.133952	0.1122018	960.5465509465979
109.1524	1.203741	0.1148154	961.1614905317579
111.7237	1.277711	0.11748980000000002	961.7976283898686
114.3568	1.356167	0.1202264	962.4588859019318
117.053	1.440037	0.1230269	963.1473848402261
119.8141	1.529994	0.1258925	963.8707150942273
122.6417	1.62671	0.128825	964.6296138171939
125.5375	1.730898	0.1318257	965.429335857879
128.5032	1.843323	0.1348963	966.2720400781933
131.5408	1.964819	0.1380384	967.1628981500799
134.652	2.096295	0.1412538	968.1034775701607
137.8389	2.238744	0.144544	969.1003708213415
141.1035	2.39325	0.1479108	970.157351592987
144.4479	2.560999	0.1513561	971.2783231068984
147.8743	2.743288	0.1548817	972.468587315351
151.3849	2.941531	0.1584893	973.7340691138139
154.9821	3.157272	0.162181	975.079522262164
158.6683	3.392194	0.16595869999999996	976.5109873721594
162.4461	3.648128	0.1698244	978.0351233391668
166.3181	3.927065	0.1737801	979.6585742556254
170.2871	4.231165	0.17782789999999998	981.3885503905743
174.356	4.562775	0.1819701	983.231723233652
178.5276	4.924429	0.18620869999999998	985.1957991221678
182.8053	5.318875	0.19054610000000002	987.2895587996815
187.1922	5.74907	0.19498450000000003	989.5210644948701
191.6917	6.218209	0.19952619999999996	991.8993545709787
196.3075	6.729724	0.2041738	994.4332916368311
201.0432	7.287304	0.20892960000000002	997.1325460825083
205.9028	7.894903	0.2137962	1000.007030059468
210.8904	8.556756	0.2187762	1003.0668601063553
216.0102	9.277386	0.22387210000000002	1006.3227441025479
221.2668	10.06162	0.2290868	1009.7850247155226
226.6649	10.91459	0.2344229	1013.4653653717278
232.2094	11.84176	0.23988330000000002	1017.3745316993721
237.9056	12.84892	0.24547090000000002	1021.5244250947871
243.759	13.94221	0.2511886	1025.9271718541368
249.7752	15.1281	0.25703960000000003	1030.5933404813889
255.9603	16.41344	0.2630268	1035.5360746509482
262.3206	17.80544	0.2691535	1040.766848656993
268.8628	19.31167	0.27542289999999997	1046.2981473218094
275.5939	20.94009	0.2818383	1052.1422744885988
282.5212	22.69904	0.2884032	1058.310864789295
289.6525	24.59725	0.29512089999999996	1064.8169953398758
296.9957	26.64383	0.3019952	1071.6711060308241
304.5595	28.84832	0.30902949999999996	1078.8867082268846
312.3528	31.22063	0.31622780000000006	1086.4744655593215
320.3849	33.7711	0.3235937	1094.4465235262614
328.6656	36.51048	0.3311311	1102.8142025922662
337.2042	39.23176	0.3388442	1110.9411345981428
346.0014	41.71985	0.3467369	1118.2001396447854
355.0618	44.24768	0.35481339999999995	1125.4069885748397
364.393	46.8655	0.3630781	1132.6998240874345
374.0039	49.59754	0.3715352	1140.1381080446752
383.9035	52.38609	0.3801894	1147.5585326681912
394.0975	55.11349	0.3890451	1154.6501678083082
404.5934	57.9141	0.39810719999999994	1161.766227789902
415.4	60.81419	0.40738030000000003	1168.9671542782014
426.5276	63.87291	0.41686940000000006	1176.38884024589
437.9876	67.10739	0.4265795	1184.0582822193753
449.7922	70.53074	0.43651579999999995	1191.9910802770485
461.9537	74.15509	0.4466836	1200.1980596556489
474.4854	77.99235	0.45708819999999994	1208.6895920743525
487.4009	82.05461	0.4677351	1217.47439950519
500.7146	86.35422	0.47863009999999995	1226.5605944966687
514.4415	90.90394	0.48977880000000007	1235.956803356944
528.5971	95.71696	0.5011872	1245.6704002017607
543.1978	100.807	0.5128614	1255.7092423021113
558.2604	106.1883	0.5248075	1266.0808010556252
559.4991967546994	106.64161844131874	0.5257818297797296	1266.9346331154875
788.0787147377105	106.64182563657705	0.7063595273476104	1266.9355680149142
789.2290263262424	107.09256392558711	0.7071163477384178	1267.573
791.0353608006126	107.80039235497111	0.7085408196103681	1268.573
792.8454709601695	108.50964618237481	0.7099671441835517	1269.573
794.6593636023711	109.22032726171688	0.7113953238925177	1270.573
796.477045531978	109.93243744934995	0.7128253611718147	1271.573
798.2985235610546	110.64597860406201	0.7142572584559915	1272.573
800.1238045089692	111.36095258707508	0.7156910181795972	1273.573
801.9528952023934	112.07736126204594	0.7171266427771804	1274.573
803.7858024753024	112.79520649506577	0.7185641346832898	1275.573
805.622533168976	113.51449015466017	0.7200034963324745	1276.573
807.463094131996	114.23521411178984	0.7214447301592831	1277.573
809.3074922202494	114.9573802398495	0.7228878385982644	1278.573
811.1557342969257	115.68099041466871	0.7243328240839675	1279.573
813.007827232519	116.40604651451122	0.7257796890509407	1280.573
814.8637779048267	117.1325504200758	0.7272284359337333	1281.573
816.7235931989499	117.86050401449535	0.7286790671668942	1282.573
818.5872800072918	118.5899091833378	0.7301315851849716	1283.573
820.454845229562	119.32076781460523	0.7315859924225148	1284.573
822.3262957727718	120.05308179873424	0.7330422913140724	1285.573
824.2016385512371	120.78685302859623	0.7345004842941933	1286.573
826.080880486577	121.52208339949692	0.7359605737974265	1287.573
827.9640285077136	122.25877480917705	0.7374225622583204	1288.573
829.8510895508746	122.99692915781105	0.7388864521114241	1289.573
831.7420705595891	123.73654834800874	0.7403522457912864	1290.573
833.6369784846914	124.47763428481409	0.741819945732456	1291.573
835.5358202843192	125.2201888757055	0.7432895543694821	1292.573
837.4386029239121	125.96421403059657	0.7447610741369127	1293.573
839.3453333762169	126.70971166183426	0.7462345074692976	1294.573
841.2560186212794	127.45668368420161	0.7477098568011845	1295.573
843.170665646454	128.20513201491474	0.7491871245671233	1296.573
845.0892814463953	128.95505857362537	0.7506663132016622	1297.573
847.0118730230622	129.7064652824193	0.7521474251393503	1298.573
848.9384473857187	130.45935406581663	0.7536304628147362	1299.573
850.86901155093	131.21372685077273	0.7551154286623686	1300.573
852.803572542568	131.96958556667698	0.756602325116797	1301.573
854.7421373918049	132.7269321453535	0.7580911546125694	1302.573
856.684713137119	133.48576852106072	0.7595819195842348	1303.573
858.6313068242916	134.24609663049205	0.7610746224663424	1304.573
860.5819255064075	135.00791841277498	0.7625692656934406	1305.573
862.5365762438548	135.771235809472	0.7640658517000786	1306.573
864.4952661043257	136.53605076457995	0.7655643829208049	1307.573
866.4580021628159	137.30236522452998	0.7670648617901682	1308.573
868.424791501625	138.070181138188	0.7685672907427177	1309.573
870.3956412103564	138.83950045685447	0.7700716722130021	1310.573
872.3705583859158	139.61032513426477	0.7715780086355701	1311.573
874.349550132514	140.38265712658813	0.7730863024449703	1312.573
876.3326235616659	141.1564983924285	0.7745965560757524	1313.573
878.3197857921875	141.93185089282474	0.7761087719624641	1314.573
880.311043950201	142.7087165912502	0.7776229525396547	1315.573
882.3064051691312	143.48709745361248	0.7791391002418732	1316.573
884.3058765897068	144.2669954482539	0.7806572175036681	1317.573
886.3094653599595	145.04841254595112	0.7821773067595884	1318.573
888.3171786352258	145.83135071991597	0.7836993704441828	1319.573
890.3290235781445	146.61581194579406	0.7852234109920001	1320.573
892.34500735866	147.40179820166588	0.7867494308375895	1321.573
894.3651371540176	148.18931146804658	0.7882774324154993	1322.573
896.3894201487686	148.9783537278858	0.7898074181602786	1323.573
898.4178635347666	149.76892696656773	0.791339390506476	1324.573
900.4504745111705	150.56103317191076	0.7928733518886406	1325.573
902.4872602844401	151.3546743341684	0.7944093047413211	1326.573
904.5282280683413	152.14985244602832	0.7959472514990661	1327.573
906.5733850839426	152.94656950261304	0.7974871945964247	1328.573
908.6227385596167	153.74482750147922	0.7990291364679456	1329.573
910.6762957310386	154.5446284426186	0.8005730795481776	1330.573
912.7340638411889	155.34597432845686	0.8021190262716694	1331.573
914.7960501403506	156.14886716385445	0.8036669790729701	1332.573
916.8622618861108	156.9533089561068	0.8052169403866286	1333.573
918.9327063433594	157.75930171494338	0.8067689126471932	1334.573
921.0073907842908	158.5668474525284	0.808322898289213	1335.573
923.0863224884029	159.37594818346042	0.8098788997472366	1336.573
925.1695087424974	160.1866059247729	0.8114369194558131	1337.573
927.2569568406799	160.9988226959337	0.8129969598494915	1338.573
929.3486740843579	161.81260051884527	0.8145590233628202	1339.573
931.4446677822452	162.62794141784423	0.8161231124303483	1340.573
933.5449452503568	163.4448474197021	0.8176892294866241	1341.573
935.6495138120131	164.2633205536252	0.819257376966197	1342.573
937.7583807978373	165.0833628512538	0.8208275573036158	1343.573
939.8715535457559	165.90497634666332	0.8223997729334288	1344.573
941.9890394010006	166.7281630763631	0.8239740262901852	1345.573
944.1108457161054	167.55292507929732	0.8255503198084341	1346.573
946.2369798509073	168.37926439684514	0.8271286559227237	1347.573
948.3674491725491	169.2071830728197	0.828709037067603	1348.573
950.5022610554752	170.03668315346886	0.8302914656776209	1349.573
952.6414228814351	170.86776668747484	0.8318759441873264	1350.573
954.7849420394809	171.70043572595483	0.8334624750312678	1351.573
956.9328259259693	172.53469232246027	0.8350510606439945	1352.573
959.0850819445598	173.37053853297732	0.8366417034600548	1353.573
961.2417175062155	174.20797641592645	0.8382344059139979	1354.573
963.4027400292042	175.04700803216275	0.8398291704403724	1355.573
965.5681569390969	175.88763544497618	0.8414259994737274	1356.573
967.7379756687668	176.72986072009087	0.8430248954486113	1357.573
969.9122036583935	177.57368592566536	0.8446258607995734	1358.573
972.0908483554574	178.41911313229355	0.8462288979611619	1359.573
974.2739172147446	179.26614441300268	0.847834009367926	1360.573
976.4614176983438	180.11478184325574	0.8494411974544145	1361.573
978.6533572756479	180.96502750094965	0.8510504646551762	1362.573
980.8497434233527	181.81688346641585	0.8526618134047599	1363.573
983.0505836254589	182.67035182242034	0.8542752461377143	1364.573
985.2558853732701	183.52543465416386	0.8558907652885885	1365.573
987.4656561653926	184.3821340492816	0.8575083732919311	1366.573
989.6799035077377	185.2404520978435	0.8591280725822907	1367.573
991.8986349135204	186.10039089235346	0.8607498655942165	1368.573
994.1218579032587	186.96195252775038	0.8623737547622574	1369.573
996.3495800047742	187.82513910140813	0.8639997425209618	1370.573
998.5818087531919	188.68995271313423	0.8656278313048784	1371.573
1000.818551690942	189.55639546517125	0.8672580235485567	1372.573
1003.0598163677569	190.42446946219616	0.8688903216865451	1373.573
1005.3056103406726	191.29417681132043	0.8705247281533923	1374.573
1007.5559411740295	192.16551962209059	0.8721612453836474	1375.573
1009.8108164394708	193.0385000064872	0.8737998758118588	1376.573
1012.0702437159447	193.91312007892537	0.8754406218725759	1377.573
1014.3342305897019	194.78938195625472	0.8770834860003471	1378.573
1016.6027846542969	195.66728775775977	0.8787284706297214	1379.573
1018.8759135105878	196.54683960515945	0.8803755781952474	1380.573
1021.1536247667372	197.42803962260717	0.8820248111314741	1381.573
1023.4359260382096	198.3108899366909	0.8836761718729502	1382.573
1025.7228249477748	199.19539267643307	0.8853296628542244	1383.573
1028.0143291255063	200.08154997329075	0.886985286509846	1384.573
1030.31044620878	200.9693639611557	0.8886430452743634	1385.573
1032.6111838422758	201.858836776354	0.8903029415823254	1386.573
1034.9165496779783	202.7499705576464	0.8919649778682812	1387.573
1037.226551375174	203.6427674462281	0.8936291565667791	1388.573
1039.5411966004554	204.5372295857287	0.8952954801123683	1389.573
1041.8604930277156	205.43335912221323	0.8969639509395972	1390.573
1044.1844483381537	206.33115820418016	0.8986345714830151	1391.573
1046.5130702202723	207.2306289825628	0.9003073441771705	1392.573
1048.846366369876	208.13177361072962	0.9019822714566124	1393.573
1051.1843444900755	209.03459424448278	0.9036593557558896	1394.573
1053.5270122912825	209.93909304205965	0.9053385995095506	1395.573
1055.874377491215	210.84527216413153	0.9070200051521446	1396.573
1058.2264478148913	211.75313377380496	0.9087035751182202	1397.573
1060.5832309946372	212.6626800366206	0.9103893118423263	1398.573
1062.9447347700795	213.57391312055393	0.9120772177590117	1399.573
1065.3109668881498	214.4868351960144	0.9137672953028255	1400.573
1067.6819351030827	215.40144843584665	0.915459546908316	1401.573
1070.0576471764161	216.31775501532974	0.9171539750100319	1402.573
1072.4381108769928	217.23575711217694	0.9188505820425228	1403.573
1074.823333980959	218.15545690653659	0.9205493704403369	1404.573
1077.2133242717634	219.07685658099103	0.9222503426380233	1405.573
1079.6080895401592	219.99995832055748	0.9239535010701305	1406.573
1082.0076375842036	220.92476431268744	0.9256588481712076	1407.573
1084.4119762092566	221.85127674726766	0.9273663863758033	1408.573
1086.821113227983	222.77949781661852	0.9290761181184666	1409.573
1089.2350564603494	223.70942971549545	0.9307880458337461	1410.573
1091.6538137336277	224.64107464108827	0.9325021719561906	1411.573
1094.0773928823924	225.57443479302174	0.9342184989203488	1412.573
1096.5058017485228	226.50951237335443	0.93593702916077	1413.573
1098.9390481812006	227.4463095865803	0.9376577651120026	1414.573
1101.3771400369121	228.38482863962702	0.9393807092085955	1415.573
1103.8200851794468	229.32507174185736	0.9411058638850975	1416.573
1106.2678914798978	230.26704110506876	0.9428332315760575	1417.573
1108.7205668166625	231.21073894349246	0.9445628147160243	1418.573
1111.1781190754405	232.1561674737954	0.9462946157395469	1419.573
1113.640556149236	233.1033289150776	0.9480286370811735	1420.573
1116.1078859383579	234.05222548887508	0.9497648811754533	1421.573
1118.5801163504166	235.00285941915752	0.9515033504569355	1422.573
1121.0572553003271	235.95523293232958	0.953244047360168	1423.573
1123.5393107103089	236.90934825723002	0.9549869743197006	1424.573
1126.0262905098843	237.8652076251326	0.9567321337700816	1425.573
1128.5182026358782	238.8228132697452	0.9584795281458596	1426.573
1131.0150550324215	239.78216742721094	0.960229159881584	1427.573
1133.5168556509473	240.7432723361066	0.9619810314118031	1428.573
1136.023612450192	241.70613023744437	0.9637351451710661	1429.573
1138.535333396197	242.6707433746701	0.9654915035939216	1430.573
1141.052026462306	243.63711399366497	0.9672501091149184	1431.573
1143.5736996291675	244.60524434274413	0.9690109641686053	1432.573
1146.1003608847325	245.57513667265772	0.9707740711895314	1433.573
1148.6320182242557	246.54679323659025	0.972539432612245	1434.573
1151.1686796502972	247.52021629016104	0.9743070508712954	1435.573
1153.710353172719	248.49540809142326	0.9760769284012314	1436.573
1156.257046808687	249.47237090086526	0.9778490676366014	1437.573
1158.8087685826708	250.45110698140968	0.9796234710119545	1438.573
1161.3655265264438	251.431618598414	0.9814001409618391	1439.573
1163.927328679084	252.41390801967003	0.9831790799208049	1440.573
1166.4941830869711	253.39797751540357	0.9849602903233998	1441.573
1169.0660978037904	254.3838293582761	0.9867437746041734	1442.573
1171.6430808905293	255.37146582338272	0.988529535197674	1443.573
1174.2251404154792	256.3608891882536	0.9903175745384503	1444.573
1176.8122844542359	257.35210173285355	0.9921078950610516	1445.573
1179.4045210896982	258.34510573958136	0.9939004992000262	1446.573
1182.0018584120694	259.33990349327075	0.9956953893899236	1447.573
1184.6043045188544	260.33649728118974	0.997492568065292	1448.573
1187.2118675148645	261.33488939304124	0.9992920376606804	1449.573
1189.8245555122119	262.3350821209626	1.0010938006106376	1450.573
1192.4423766303144	263.3370777595256	1.0028978593497124	1451.573
1195.065338995893	264.3408786057365	1.0047042163124535	1452.573
1197.693450742972	265.3464869590368	1.00651287393341	1453.573
1200.3267200128798	266.35390512130095	1.0083238346471306	1454.573
1202.9651549542477	267.36313539684005	1.010137100888164	1455.573
1205.608763723012	268.37418009239764	1.0119526750910592	1456.573
1208.2575544824101	269.3870415171543	1.013770559690365	1457.573
1210.9115354029864	270.40172198272234	1.01559075712063	1458.573
1213.5707146625864	271.41822380315057	1.0174132698164031	1459.573
1216.2351004463608	272.43654929492186	1.0192381002122335	1460.573
1218.9047009467615	273.45670077695365	1.0210652507426692	1461.573
1221.579524363549	274.4786805705968	1.0228947238422599	1462.573
1224.2595789037807	275.5024909996392	1.0247265219455537	1463.573
1226.944872781824	276.5281343903005	1.0265606474870999	1464.573
1229.6354142193445	277.55561307123753	1.028397102901447	1465.573
1232.3312114453165	278.5849293735396	1.030235890623144	1466.573
1235.0322726960153	279.6160856307309	1.0320770130867398	1467.573
1237.7386062150176	280.6490841787717	1.0339204727267826	1468.573
1240.4502202532094	281.6839273560548	1.0357662719778222	1469.573
1243.167123068775	282.7206175034092	1.0376144132744067	1470.573
1245.8893229272053	283.75915696409743	1.039464899051085	1471.573
1248.6168281012942	284.79954808381626	1.0413177317424063	1472.573
1251.3496468711387	285.8417932106985	1.0431729137829189	1473.573
1254.0877875241404	286.88589469531	1.045030447607172	1474.573
1256.8312583550041	287.93185489065206	1.0468903356497143	1475.573
1259.5800676657373	288.9796761521603	1.0487525803450946	1476.573
1262.3342237656525	290.02936083770464	1.0506171841278618	1477.573
1265.093734971365	291.0809113075901	1.0524841494325643	1478.573
1267.8586096067947	292.1343299245553	1.0543534786937514	1479.573
1270.6288560031635	293.18961905377455	1.0562251743459716	1480.573
1273.4044824989992	294.2467810628561	1.058099238823774	1481.573
1276.1854974401322	295.3058183218422	1.0599756745617075	1482.573
1278.9719091796949	296.366733203211	1.0618544839943203	1483.573
1281.7637260781253	297.4295280818742	1.0637356695561617	1484.573
1284.5609565031664	298.49420533517775	1.0656192336817807	1485.573
1287.3636088298604	299.5607673429036	1.0675051788057255	1486.573
1290.171691440557	300.62921648726666	1.0693935073625453	1487.573
1292.9852127249078	301.6995551529178	1.0712842217867888	1488.573
1295.8041810798695	302.77178572694123	1.0731773245130052	1489.573
1298.6286049097007	303.845910598856	1.0750728179757427	1490.573
1301.458492625965	304.9219321606162	1.0769707046095505	1491.573
1304.2938526475289	305.99985280661014	1.0788709868489774	1492.573
1307.1346934005614	307.07967493366084	1.0807736671285717	1493.573
1309.9810233185385	308.1614009410259	1.0826787478828832	1494.573
1312.8328508422373	309.24503323039636	1.0845862315464598	1495.573
1315.6901844197384	310.33057420589995	1.0864961205538508	1496.573
1318.553032506427	311.4180262740969	1.0884084173396047	1497.573
1321.4214035649925	312.5073918439831	1.090323124338271	1498.573
1324.2953060654256	313.5986733269892	1.0922402439843975	1499.573
1327.1747484850234	314.69187313697955	1.0941597787125337	1500.573
1330.059739308385	315.7869936902532	1.0960817309572282	1501.573
1332.9502870274137	316.88403740554406	1.09800610315303	1502.573
1335.8464001413156	317.98300670402114	1.0999328977344875	1503.573
1338.7480871566017	319.0839040092869	1.10186211713615	1504.573
1341.6553565870868	320.1867317473783	1.1037937637925659	1505.573
1344.5682169538877	321.29149234676834	1.1057278401382846	1506.573
1347.4866767854255	322.3981882383631	1.1076643486078541	1507.573
1350.4107446174262	323.50682185550363	1.1096032916358238	1508.573
1353.340428992918	324.61739563396566	1.1115446716567425	1509.573
1356.2757384622344	325.7299120119593	1.113488491105159	1510.573
1359.2166815830083	326.84437343012985	1.1154347524156214	1511.573
1362.1632669201827	327.9607823315564	1.1173834580226798	1512.573
1365.115503045999	329.0791411617521	1.1193346103608819	1513.573
1368.0733985400043	330.19945236866647	1.121288211864777	1514.573
1371.0369619890498	331.3217184026819	1.1232442649689138	1515.573
1374.0062019872892	332.44594171661595	1.1252027721078413	1516.573
1376.9811271361805	333.5721247657209	1.1271637357161082	1517.573
1379.9617460444856	334.7002700076828	1.1291271582282632	1518.573
1382.9480673282687	335.83037990262335	1.131093042078855	1519.573
1385.9400996108993	336.962456913098	1.1330613897024326	1520.573
1388.9378515230496	338.0965035040973	1.1350322035335452	1521.573
1391.9413317026952	339.232522143046	1.1370054860067407	1522.573
1394.9505487951178	340.37051529980306	1.138981239556569	1523.573
1397.9655114528982	341.51048544666287	1.140959466617578	1524.573
1400.986228335925	342.6524350583535	1.142940169624317	1525.573
1404.0127081113883	343.79636661203824	1.1449233510113348	1526.573
1407.0449594537827	344.9422825873146	1.14690901321318	1527.573
1410.082991044906	346.0901854662144	1.1488971586644017	1528.573
1413.1268115738599	347.24007773320466	1.1508877897995482	1529.573
1416.1764297370491	348.39196187518655	1.1528809090531686	1530.573
1419.231854238184	349.5458403814954	1.1548765188598122	1531.573
1422.2930937882757	350.7017157439018	1.156874621654027	1532.573
1425.360157105641	351.8595904566106	1.1588752198703627	1533.573
1428.4330529158997	353.0194670162614	1.1608783159433673	1534.573
1431.511789951975	354.1813479219279	1.1628839123075898	1535.573
1434.5963769540945	355.3452356751184	1.1648920113975794	1536.573
1437.686822669788	356.51113277977663	1.1669026156478843	1537.573
1440.7831358538915	357.6790417422792	1.168915727493054	1538.573
1443.885325268542	358.848965071439	1.1709313493676368	1539.573
1446.993399683181	360.0209052785026	1.1729494837061818	1540.573
1450.107367874555	361.19486487715085	1.1749701329432376	1541.573
1453.2272386267118	362.37084638350007	1.1769932995133532	1542.573
1456.3530207310052	363.5488523160999	1.1790189858510773	1543.573
1459.4847229860902	364.7288851959362	1.1810471943909588	1544.573
1462.6223541979275	365.91094754642756	1.1830779275675463	1545.573
1465.7659231797816	367.0950418934283	1.185111187815389	1546.573
1468.9154387522176	368.2811707652271	1.1871469775690353	1547.573
1472.0709097431086	369.46933669254656	1.1891852992630345	1548.573
1475.2323449876274	370.65954220854496	1.1912261553319348	1549.573
1478.3997533282536	371.8517898488135	1.1932695482102855	1550.573
1481.573143614768	373.0460821513799	1.1953154803326351	1551.573
1484.7525247042565	374.2424216567051	1.1973639541335328	1552.573
1487.9379054611081	375.44081090768486	1.1994149720475271	1553.573
1491.129294757016	376.6412524496492	1.2014685365091669	1554.573
1494.3267014709759	377.843748830364	1.203524649953001	1555.573
1497.530134489289	379.04830260002734	1.2055833148135784	1556.573
1500.7396027055565	380.2549163112749	1.207644533525447	1557.573
1503.9551150206887	381.46359251917386	1.209708308523157	1558.573
1507.176680342896	382.6743337812277	1.2117746422412567	1559.573
1510.4043075876914	383.8871426573746	1.2138435371142946	1560.573
1513.6380056778946	385.1020217099863	1.2159149955768194	1561.573
1516.8777835436272	386.3189735038694	1.2179890200633805	1562.573
1520.1236501223148	387.538000606266	1.2200656130085263	1563.573
1523.3756143586866	388.75910558685086	1.2221447768468057	1564.573
1526.6336852047755	389.9822910177355	1.2242265140127677	1565.573
1529.897871619918	391.2075594734638	1.2263108269409608	1566.573
1533.1681825707547	392.4349135310164	1.2283977180659342	1567.573
1536.4446270312287	393.6643557698063	1.2304871898222363	1568.573
1539.727213982588	394.8958887716825	1.2325792446444164	1569.573
1543.0159524133833	396.12951512092855	1.2346738849670227	1570.573
1546.3108513194695	397.36523740426173	1.2367711132246042	1571.573
1549.611919704005	398.6030582108343	1.23887093185171	1572.573
1552.919166577452	399.84298013223315	1.2409733432828889	1573.573
1556.2326009575772	401.08500576247945	1.2430783499526896	1574.573
1559.5522318694475	402.3291376980295	1.2451859542956607	1575.573
1562.8780683454374	403.57537853777376	1.2472961587463514	1576.573
1566.2101194252245	404.8237308830363	1.2494089657393102	1577.573
1569.5483941557875	406.07419733757774	1.251524377709086	1578.573
1572.8929015914105	407.3267805075917	1.2536423970902275	1579.573
1576.243650793682	408.58148300170694	1.255763026317284	1580.573
1579.6006508314922	409.83830743098656	1.257886267824804	1581.573
1582.9639107810367	411.09725640892793	1.2600121240473359	1582.573
1586.3334397258143	412.3583325514643	1.2621405974194295	1583.573
1589.7092467566263	413.6215384769615	1.2642716903756326	1584.573
1593.091340971578	414.8868768062216	1.2664054053504945	1585.573
1596.4797314760804	416.15435016248045	1.2685417447785639	1586.573
1599.8744273828454	417.423961171408	1.2706807110943896	1587.573
1603.2754378118902	418.69571246111	1.2728223067325206	1588.573
1606.682771890536	419.9696066621252	1.2749665341275056	1589.573
1610.096438753406	421.2456464074287	1.2771133957138934	1590.573
1613.5164475424276	422.5238343324287	1.2792628939262327	1591.573
1616.9428074068323	423.80417307496816	1.2814150311990724	1592.573
1620.3755275031558	425.0866652753251	1.2835698099669617	1593.573
1623.814616995236	426.3713135762116	1.2857272326644487	1594.573
1627.2600850542162	427.6581206227753	1.2878873017260828	1595.573
1630.7119408585406	428.947089062597	1.2900500195864124	1596.573
1634.17019359396	430.23822154569245	1.2922153886799865	1597.573
1637.634852453527	431.5315207245129	1.2943834114413542	1598.573
1641.1059266375996	432.82698925394254	1.2965540903050639	1599.573
1644.583425353836	434.1246297913019	1.2987274277056642	1600.573
1648.0673578172027	435.42444499634473	1.3009034260777046	1601.573
1651.557733249967	436.7264375312592	1.3030820878557334	1602.573
1655.0545608816997	438.03061006066946	1.3052634154742997	1603.573
1658.5578499492763	439.33696525163293	1.3074474113679522	1604.573
1662.067609696875	440.64550577364184	1.3096340779712397	1605.573
1665.5838493759793	441.9562342986234	1.311823417718711	1606.573
1669.1065782453745	443.2691535009387	1.314015433044915	1607.573
1672.6358055711498	444.5842660573844	1.3162101263844004	1608.573
1676.1715406266999	445.9015746471903	1.3184075001717162	1609.573
1679.7137926927198	447.2210819520219	1.3206075568414108	1610.573
1683.262571057212	448.54279065597893	1.3228102988280337	1611.573
1686.81788501548	449.8667034455949	1.325015728566133	1612.573
1690.379743870132	451.1928230098398	1.3272238484902583	1613.573
1693.948156931078	452.5211520401159	1.3294346610349572	1614.573
1697.5231335155363	453.85169323026116	1.3316481686347799	1615.573
1701.1046829480224	455.18444927654866	1.3338643737242741	1616.573
1704.6928145603615	456.5194228776845	1.3360832787379895	1617.573
1708.2875376916782	457.8566167348108	1.3383048861104745	1618.573
1711.8888616884024	459.19603355150355	1.3405291982762775	1619.573
1715.4967959042679	460.53767603377264	1.342756217669948	1620.573
1719.111349700312	461.8815468900641	1.3449859467260343	1621.573
1722.732532444875	463.22764883125706	1.3472183878790858	1622.573
1726.3603535136012	464.57598457066615	1.3494535435636508	1623.573
1729.9948222894386	465.92655682403995	1.3516914162142781	1624.573
1733.6359481626407	467.2793683095613	1.3539320082655173	1625.573
1737.2837405307591	468.6344217478493	1.3561753221519162	1626.573
1740.9382087986555	469.9917198619554	1.3584213603080237	1627.573
1744.599362378493	471.3512653773664	1.3606701251683893	1628.573
1748.2672106897355	472.71306102200504	1.3629216191675613	1629.573
1751.941763159155	474.0771095262262	1.365175844740089	1630.573
1755.6230292208238	475.44341362282114	1.3674328043205206	1631.573
1759.3110183161198	476.8119760470149	1.3696925003434055	1632.573
1763.0057398937238	478.18279953646675	1.371954935243292	1633.573
1766.7072034096186	479.555886831272	1.374220111454729	1634.573
1770.4154183270948	480.9312406739584	1.3764880314122654	1635.573
1774.1303941167437	482.30886380948994	1.3787586975504504	1636.573
1777.8521402564597	483.68875898526437	1.3810321123038325	1637.573
1781.5806662314415	485.0709289511143	1.3833082781069599	1638.573
1785.3159815341933	486.45537645930665	1.3855871973943825	1639.573
1789.058095664522	487.8421042645423	1.3878688726006487	1640.573
1792.8070181295343	489.23111512395883	1.3901533061603066	1641.573
1796.5627584436472	490.6224117971261	1.3924405005079064	1642.573
1800.3253261285763	492.0159970460487	1.3947304580779956	1643.573
1804.0947307133447	493.4118736351676	1.3970231813051242	1644.573
1807.8709817342742	494.81004433135604	1.39931867262384	1645.573
1811.654088734994	496.2105119039238	1.4016169344686922	1646.573
1815.4440612664362	497.613279124614	1.4039179692742294	1647.573
1819.2409088868367	499.0183487676038	1.4062217794750007	1648.573
1823.044641161734	500.42572360950703	1.4085283675055549	1649.573
1826.855267663971	501.8354064293702	1.4108377358004407	1650.573
1830.6727979736952	503.24740000867416	1.4131498867942072	1651.573
1834.4972416783562	504.66170713133624	1.4154648229214033	1652.573
1838.328608372707	506.07833058370636	1.417782546616577	1653.573
1842.1669076588046	507.49727315457017	1.4201030603142772	1654.573
1846.0121491460122	508.9185376351476	1.422426366449054	1655.573
1849.8643424509933	510.3421268190921	1.4247524674554548	1656.573
1853.7234971977155	511.7680435024937	1.427081365768029	1657.573
1857.589623017452	513.196290483875	1.4294130638213252	1658.573
1861.4627295487785	514.6268705641947	1.431747564049893	1659.573
1865.342826437573	516.0597865468451	1.43408486888828	1660.573
1869.22992333702	517.4950412376526	1.4364249807710359	1661.573
1873.1240299076046	518.9326374448799	1.4387679021327089	1662.573
1877.0251558171185	520.3725779792226	1.4411136354078486	1663.573
1880.9333107406542	521.8148656538117	1.4434621830310028	1664.573
1884.8485043606106	523.2595032842123	1.4458135474367215	1665.573
1888.770746366688	524.706493688424	1.4481677310595527	1666.573
1892.700046455891	526.155839686882	1.4505247363340452	1667.573
1896.6364143325286	527.607544102454	1.4528845656947478	1668.573
1900.579859708213	529.0616097604449	1.45524722157621	1669.573
1904.53039230186	530.5180394885917	1.45761270641298	1670.573
1908.4880218396877	531.9768361170674	1.4599810226396066	1671.573
1912.4527580552203	533.4380024784793	1.4623521726906386	1672.573
1916.4246106892856	534.9015414078685	1.4647261590006255	1673.573
1920.4035894900112	536.3674557427114	1.467102984004115	1674.573
1924.3897042128347	537.8357483229192	1.4694826501356573	1675.573
1928.38296462049	539.3064219908371	1.4718651598297996	1676.573
1932.3833804830201	540.7794795912449	1.474250515521092	1677.573
1936.3909615777698	542.2549239713568	1.4766387196440827	1678.573
1940.405717689389	543.7327579808215	1.4790297746333207	1679.573
1944.427658609828	545.2129844717234	1.481423682923355	1680.573
1948.456794138343	546.6956062985798	1.4838204469487337	1681.573
1952.4931340814942	548.1806263183443	1.4862200691440064	1682.573
1956.5366882531448	549.6680473904029	1.488622551943722	1683.573
1960.5874664744606	551.1578723765778	1.4910278977824283	1684.573
1964.6454785739134	552.6501041411258	1.493436109094675	1685.573
1968.7107343872765	554.1447455507364	1.4958471883150106	1686.573
1972.7832437576271	555.6417994745364	1.4982611378779842	1687.573
1976.8630165353472	557.1412687840851	1.5006779602181441	1688.573
1980.950062578122	558.6431563533769	1.5030976577700395	1689.573
1985.0443917509415	560.1474650588405	1.5055202329682194	1690.573
1989.146013926095	561.6541977793399	1.507945688247232	1691.573
1993.2549389831806	563.1633573961734	1.5103740260416265	1692.573
1997.371176809098	564.6749467930732	1.5128052487859518	1693.573
2001.4947372980487	566.1889688562065	1.5152393589147564	1694.573
2005.6256303515418	567.7054264741757	1.5176763588625894	1695.573
2009.7638658783858	569.2243225380167	1.5201162510639992	1696.573
2013.9094537946974	570.7456599411997	1.5225590379535354	1697.573
2018.0624040238922	572.2694415796311	1.525004721965746	1698.573
2022.2227264966925	573.7956703516503	1.5274533055351802	1699.573
2026.3904311511246	575.3243491580321	1.5299047910963872	1700.573
2030.5655279325147	576.8554809019854	1.5323591810839146	1701.573
2034.7480267934977	578.3890684891533	1.5348164779323124	1702.573
2038.9379376940083	579.9251148276153	1.5372766840761292	1703.573
2043.1352706012876	581.4636228278822	1.5397398019499133	1704.573
2047.3400354898772	583.004595402903	1.5422058339882139	1705.573
2051.552242341625	584.5480354680587	1.5446747826255798	1706.573
2055.771901145683	586.0939459411652	1.54714665029656	1707.573
2059.999021898503	587.6423297424743	1.5496214394357029	1708.573
2064.2336146038438	589.1931897946711	1.5520991524775571	1709.573
2068.475689272768	590.7465290228753	1.554579791856672	1710.573
2072.7252559236404	592.3023503546419	1.5570633600075967	1711.573
2076.9823245821303	593.8606567199591	1.559549859364879	1712.573
2081.2469052812085	595.4214510512517	1.5620392923630684	1713.573
2085.5190080611533	596.9847362833771	1.5645316614367135	1714.573
2089.798642969544	598.5505153536285	1.5670269690203635	1715.573
2094.0858200612624	600.1187912017328	1.5695252175485666	1716.573
2098.380549398499	601.6895667698517	1.5720264094558722	1717.573
2102.682841050741	603.2628450025827	1.5745305471768285	1718.573
2106.9927050947854	604.8386288469552	1.5770376331459848	1719.573
2111.310151614729	606.4169212524354	1.5795476697978896	1720.573
2115.6351907019744	607.9977251709236	1.582060659567092	1721.573
2119.967832455226	609.5810435567532	1.5845766048881407	1722.573
2124.308086980493	611.166879366695	1.5870955081955842	1723.573
2128.655964391088	612.755235559952	1.589617371923972	1724.573
2133.0114748076285	614.3461150981612	1.592142198507852	1725.573
2137.374628358034	615.9395209453974	1.594669990381774	1726.573
2141.7454351775264	617.5354560681665	1.597200749980286	1727.573
2146.1239054086354	619.1339234354109	1.5997344797379376	1728.573
2150.5100492011907	620.734926018507	1.6022711820892772	1729.573
2154.9038767123257	622.3384667912654	1.6048108594688528	1730.573
2159.3053981064804	623.9445487299323	1.6073535143112143	1731.573
2163.7146235553964	625.553174813187	1.6098991490509107	1732.573
2168.1315632381184	627.1643480221447	1.6124477661224896	1733.573
2172.556227340997	628.7780713403542	1.6149993679605017	1734.573
2176.988626057683	630.3943477537994	1.6175539569994937	1735.573
2181.4287695891335	632.0131802508985	1.6201115356740154	1736.573
2185.876668143611	633.6345718225039	1.6226721064186163	1737.573
2190.332331936674	635.2585254619038	1.6252356716678433	1738.573
2194.795771191194	636.8850441648199	1.6278022338562472	1739.573
2199.266996137342	638.5141309294074	1.6303717954183763	1740.573
2203.7460170125905	640.1457887562592	1.6329443587887786	1741.573
2208.23284406172	641.7800206483994	1.6355199264020037	1742.573
2212.7274875368103	643.4168296112887	1.6380985006925999	1743.573
2217.2299576972473	645.0562186528222	1.6406800840951163	1744.573
2221.7402648097227	646.6981907833278	1.6432646790441021	1745.573
2226.2584191482265	648.3427490155706	1.6458522879741055	1746.573
2230.784430994058	649.9898963647481	1.6484429133196759	1747.573
2235.3183106358147	651.6396358484932	1.6510365575153612	1748.573
2239.8600683694012	653.2919704868737	1.653633222995711	1749.573
2244.409714498026	654.946903302391	1.6562329121952737	1750.573
2248.967259332199	656.6044373199819	1.6588356275485983	1751.573
2253.5327131897347	658.264575567018	1.6614413714902334	1752.573
2258.1060863957546	659.9273210733035	1.6640501464547286	1753.573
2262.6873892826766	661.5926768710799	1.6666619548766317	1754.573
2267.27663219023	663.2606459950204	1.6692767991904922	1755.573
2271.8738254654413	664.931231482236	1.6718946818308589	1756.573
2276.478979462644	666.6044363722696	1.6745156052322796	1757.573
2281.092104543476	668.2802637070992	1.6771395718293045	1758.573
2285.713211076877	669.9587165311383	1.6797665840564813	1759.573
2290.3423094390905	671.6397978912335	1.6823966443483593	1760.573
2294.979410013665	673.323510836668	1.6850297551394877	1761.573
2299.624523191452	675.0098584191572	1.6876659188644154	1762.573
2304.277659370605	676.698843692853	1.6903051379576903	1763.573
2308.938828956583	678.3904697143403	1.6929474148538617	1764.573
2313.6080423621474	680.0847395426396	1.6955927519874778	1765.573
2318.2853100073658	681.781656239206	1.6982411517930884	1766.573
2322.9706423196067	683.4812228679284	1.700892616705242	1767.573
2327.6640497335447	685.1834424951297	1.7035471491584877	1768.573
2332.3655426911523	686.8883181895704	1.706204751587373	1769.573
2337.0751316417145	688.5958530224417	1.7088654264264485	1770.573
2341.792827041814	690.3060500673714	1.711529176110262	1771.573
2346.5186393553367	692.018912400422	1.7141960030733623	1772.573
2351.252579053477	693.7344431000893	1.7168659097502983	1773.573
2355.9946566147273	695.4526452473051	1.7195388985756193	1774.573
2360.7448825248875	697.1735219254349	1.7222149719838735	1775.573
2365.5032672770585	698.8970762202788	1.7248941324096096	1776.573
2370.2698213716485	700.6233112200716	1.7275763822873773	1777.573
2375.044555316365	702.3522300154823	1.7302617240517242	1778.573
2379.827479626222	704.0838356996153	1.7329501601372002	1779.573
2384.6186048235386	705.8181313680088	1.7356416929783542	1780.573
2389.4179414379305	707.5551201186356	1.7383363250097337	1781.573
2394.225500006326	709.2948050519034	1.7410340586658888	1782.573
2399.0412910729524	711.0371892706535	1.743734896381368	1783.573
2403.8653251893384	712.7822758801639	1.7464388405907192	1784.573
2408.69761291432	714.530067988145	1.7491458937284923	1785.573
2413.53816481404	716.2805687047417	1.7518560582292364	1786.573
2418.386991461935	718.0337811425355	1.7545693365274988	1787.573
2423.244103438755	719.7897084165409	1.7572857310578296	1788.573
2428.1095113325478	721.5483536442067	1.7600052442547771	1789.573
2432.983225738668	723.3097199454178	1.7627278785528908	1790.573
2437.865257259771	725.073810442491	1.7654536363867182	1791.573
2442.7556165058186	726.8406282601809	1.7681825201908092	1792.573
2447.6543140940744	728.6101765256745	1.7709145323997122	1793.573
2452.561360649108	730.3824583685935	1.7736496754479765	1794.573
2457.476766802789	732.157476920995	1.7763879517701502	1795.573
2462.4005431942933	733.9352353173697	1.7791293638007823	1796.573
2467.3327004700986	735.7157366946444	1.7818739139744213	1797.573
2472.273249283989	737.498984192178	1.7846216047256171	1798.573
2477.2222002970516	739.2849809517661	1.787372438488918	1799.573
2482.179564177675	741.0737301176379	1.7901264176988727	1800.573
2487.1453516015495	742.8652348364578	1.7928835447900293	1801.573
2492.119573251677	744.6594982573237	1.7956438221969377	1802.573
2497.102239818357	746.4565235317684	1.7984072523541466	1803.573
2502.0933619991915	748.2563138137599	1.8011738376962039	1804.573
2507.092950499092	750.0588722597006	1.8039435806576596	1805.573
2512.1010160302676	751.8642020284266	1.8067164836730618	1806.573
2517.117569312234	753.6723062812094	1.8094925491769591	1807.573
2522.1426210718114	755.4831881817549	1.812271779603901	1808.573
2527.176182043121	757.296850896203	1.8150541773884359	1809.573
2532.2182629675917	759.1132975931291	1.8178397449651134	1810.573
2537.26887459395	760.932531443542	1.820628484768481	1811.573
2542.3280276782307	762.7545556208863	1.8234203992330884	1812.573
2547.395732983771	764.5793733010404	1.826215490793484	1813.573
2552.472001281212	766.4069876623166	1.8290137618842168	1814.573
2557.556843348498	768.2374018854636	1.8318152149398355	1815.573
2562.650269970878	770.0706191536633	1.8346198523948893	1816.573
2567.752291940902	771.9066426525316	1.8374276766839261	1817.573
2572.862920058428	773.7454755701202	1.8402386902414958	1818.573
2577.9821651306124	775.5871210969151	1.8430528955021468	1819.573
2583.1100379719196	777.4315824258371	1.8458702949004278	1820.573
2588.2465494041144	779.2788627522405	1.8486908908708872	1821.573
2593.391710256269	781.1289652739143	1.851514685848075	1822.573
2598.5455313647553	782.9818931910838	1.854341682266539	1823.573
2603.7080235732524	784.8376497064061	1.8571718825608285	1824.573
2608.87919773274	786.6962380249754	1.8600052891654921	1825.573
2614.0590647015024	788.5576613543191	1.8628419045150788	1826.573
2619.2476353451275	790.4219229043986	1.8656817310441367	1827.573
2624.4449205365086	792.2890258876122	1.8685247711872157	1828.573
2629.65093115584	794.1589735187894	1.8713710273788635	1829.573
2634.865678090623	796.0317690151971	1.87422050205363	1830.573
2640.0891722356573	797.907415596536	1.8770731976460633	1831.573
2645.3214244930523	799.7859164849399	1.8799291165907124	1832.573
2650.562445772216	801.6672749049798	1.8827882613221267	1833.573
2655.8122469898644	803.5514940836579	1.885650634274854	1834.573
2661.0708390700115	805.4385772504146	1.8885162378834432	1835.573
2666.338232943981	807.3285276371223	1.8913850745824439	1836.573
2671.6144395503975	809.2213484780876	1.8942571468064044	1837.573
2676.899469835189	811.1170430100544	1.897132456989874	1838.573
2682.1933347515874	813.015614472199	1.9000110075674006	1839.573
2687.496045260129	814.9170661061322	1.9028928009735342	1840.573
2692.80761232865	816.8214011559005	1.905777839642822	1841.573
2698.1280469322996	818.7286228679835	1.9086661260098148	1842.573
2703.457360053517	820.6387344912976	1.9115576625090593	1843.573
2708.7955626820576	822.5517392771911	1.9144524515751065	1844.573
2714.142665814975	824.4676404794482	1.9173504956425038	1845.573
2719.4986804566224	826.386441354288	1.9202517971457995	1846.573
2724.8636176186674	828.3081451603632	1.9231563585195444	1847.573
2730.2374883200705	830.2327551587617	1.926064182198286	1848.573
2735.6203035870994	832.1602746130065	1.9289752706165726	1849.573
2741.0120744533297	834.0907067890528	1.931889626208954	1850.573
2746.4128119596353	836.0240549552935	1.9348072514099788	1851.573
2751.822527154195	837.9603223825538	1.9377281486541955	1852.573
2757.2412310924933	839.8995123440949	1.9406523203761537	1853.573
2762.6689348373166	841.8416281156105	1.9435797690104013	1854.573
2768.1056494587538	843.7866729752308	1.946510496991487	1855.573
2773.5513860342003	845.7346502035207	1.9494445067539605	1856.573
2779.0061556483533	847.6855630834772	1.9523818007323699	1857.573
2784.4699693932153	849.6394149005355	1.9553223813612648	1858.573
2789.942838368089	851.5962089425622	1.9582662510751934	1859.573
2795.4247736795833	853.5559484998589	1.9612134123087042	1860.573
2800.915786441613	855.5186368651639	1.9641638674963466	1861.573
2806.415887775392	857.484277333648	1.9671176190726698	1862.573
2811.9250888094393	859.4528732029169	1.9700746694722213	1863.573
2817.443400679579	861.4244277730119	1.973035021129551	1864.573
2822.9708345289387	863.3989443464068	1.9759986764792077	1865.573
2828.507401507946	865.3764262280123	1.9789656379557392	1866.573
2834.053112774339	867.3568767251722	1.981935907993696	1867.573
2839.607979493152	869.340299147665	1.9849094890276253	1868.573
2845.1720128367288	871.3266968077041	1.9878863834920766	1869.573
2850.745223984712	873.3160730199373	1.9908665938215988	1870.573
2856.327624124053	875.3084311014475	1.9938501224507406	1871.573
2861.9192244490023	877.3037743717505	1.9968369718140508	1872.573
2867.520036161117	879.3021061527983	1.9998271443460782	1873.573
2873.1300704692558	881.3034297689769	2.002820642481372	1874.573
2878.7493385895827	883.3077485471068	2.00581746865448	1875.573
2884.377851745562	885.3150658164434	2.008817625299951	1876.573
2890.0156211679687	887.325384908676	2.011821114852336	1877.573
2895.6626580948737	889.3387091579286	2.014827939746181	1878.573
2901.3189737716593	891.35504190076	2.0178381024160377	1879.573
2906.984579451	893.3743864761641	2.0208516052964516	1880.573
2912.659486392887	895.3967462255681	2.0238684508219746	1881.573
2918.343705864606	897.4221244928349	2.0268886414271536	1882.573
2924.0372491407497	899.4505246242602	2.029912179546537	1883.573
2929.740127503216	901.4819499685772	2.0329390676146764	1884.573
2935.452352241202	903.516403876951	2.035969308066117	1885.573
2941.173934651214	905.553889702982	2.039002903335411	1886.573
2946.904886037056	907.5944108027061	2.0420398558571042	1887.573
2952.6452177098417	909.6379705345918	2.0450801680657476	1888.573
2958.3949409879833	911.6845722595449	2.0481238423958894	1889.573
2964.1540671971984	913.7342193409028	2.0511708812820775	1890.573
2969.9226076705118	915.7869151444388	2.054221287158862	1891.573
2975.7005737482446	917.842663038362	2.057275062460791	1892.573
2981.4879767780294	919.9014663933134	2.0603322096224135	1893.573
2987.284828114795	921.9633285823718	2.0633927310782783	1894.573
2993.0911391207833	924.0282529810464	2.0664566292629347	1895.573
2998.906921165528	926.0962429672852	2.0695239066109306	1896.573
3004.7321856258745	928.167301921468	2.072594565556815	1897.573
3010.566943885973	930.2414332264095	2.075668608535138	1898.573
3016.4112073372694	932.3186402673606	2.078746037980446	1899.573
3022.264987378523	934.3989264320044	2.0818268563272904	1900.573
3028.1282954157878	936.4822951104602	2.0849110660102177	1901.573
3034.0011428624275	938.5687496952819	2.0879986694637784	1902.573
3039.883541139109	940.6582935814558	2.091089669122521	1903.573
3045.7755016737974	942.7509301664065	2.0941840674209935	1904.573
3051.677035901769	944.8466628499898	2.097281866793746	1905.573
3057.5881552655987	946.9454950344966	2.100383069675326	1906.573
3063.508871215166	949.0474301246547	2.103487678500283	1907.573
3069.4391952076553	951.1524715276234	2.1065956957031657	1908.573
3075.3791387075526	953.2606226529986	2.1097071237185228	1909.573
3081.3287131866496	955.3718869128097	2.1128219649809035	1910.573
3087.2879301240428	957.4862677215208	2.1159402219248564	1911.573
3093.2568010061277	959.6037684960318	2.11906189698493	1912.573
3099.2353373266064	961.7243926556746	2.1221869925956733	1913.573
3105.2235505864865	963.8481436222178	2.125315511191636	1914.573
3111.221452294075	965.9750248198645	2.1284474552073656	1915.573
3117.229053964984	968.1050396752505	2.131582827077411	1916.573
3123.246367122134	970.2381916174488	2.1347216292363225	1917.573
3129.2734032957387	972.3744840779648	2.1378638641186463	1918.573
3135.3101740233287	974.5139204907387	2.1410095341589335	1919.573
3141.3566908497264	976.6565042921466	2.1441586417917327	1920.573
3147.4129653270656	978.8022389209978	2.1473111894515915	1921.573
3153.479009014781	980.9511278185366	2.1504671795730603	1922.573
3159.5548334796067	983.1031744284428	2.153626614590686	1923.573
3165.6404502955897	985.2583821968285	2.1567894969390187	1924.573
3171.735871044075	987.4167545722423	2.1599558290526075	1925.573
3177.841107313709	989.5782950056664	2.163125613366	1926.573
3183.9561707004455	991.7430069505192	2.166298852313746	1927.573
3190.0810728075417	993.9108938626507	2.169475548330394	1928.573
3196.2158252455597	996.0819592003479	2.172655703850493	1929.573
3202.3604396323603	998.2562064243309	2.175839321308591	1930.573
3208.5149275931117	1000.4336389977557	2.179026403139238	1931.573
3214.6793007602864	1002.6142603862118	2.182216951776982	1932.573
3220.853570773656	1004.7980740577236	2.1854109696563717	1933.573
3227.0377492803027	1006.9850834827503	2.188608459211957	1934.573
3233.2318479346072	1009.1752921341847	2.1918094228782854	1935.573
3239.4358783982543	1011.3687034873553	2.1950138630899065	1936.573
3245.6498523402356	1013.5653210200242	2.198221782281369	1937.573
3251.873781436841	1015.7651482123895	2.201433182887222	1938.573
3258.1076773716695	1017.9681885470816	2.2046480673420135	1939.573
3264.3515518356207	1020.174445509168	2.2078664380802926	1940.573
3270.605416526897	1022.3839225861484	2.2110882975366084	1941.573
3276.869283151009	1024.5966232679586	2.2143136481455095	1942.573
3283.143163420767	1026.8125510469686	2.2175424923415457	1943.573
3289.427069056283	1029.031709417982	2.220774832559264	1944.573
3295.721011784979	1031.2541018782392	2.224010671233214	1945.573
3302.0250033415764	1033.4797319274126	2.2272500107979454	1946.573
3308.3390554681	1035.70860306761	2.2304928536880055	1947.573
3314.663179913881	1037.940718803375	2.2337392023379445	1948.573
3320.9973884355513	1040.176082641684	2.2369890591823105	1949.573
3327.3416927970466	1042.4146980919493	2.2402424266556524	1950.573
3333.6961047696086	1044.6565686660165	2.243499307192519	1951.573
3340.060636131782	1046.9016978781667	2.2467597032274584	1952.573
3346.4352986694134	1049.1500892451156	2.250023617195021	1953.573
3352.820104175655	1051.4017462860124	2.2532910515297546	1954.573
3359.2150644509593	1053.6566725224425	2.256562008666208	1955.573
3365.620191303088	1055.914871478424	2.25983649103893	1956.573
3372.0354965471042	1058.1763466804105	2.26311450108247	1957.573
3378.46099200537	1060.4411016572906	2.2663960412313764	1958.573
3384.8966895075578	1062.709139940387	2.269681113920198	1959.573
3391.34260089064	1064.9804650634555	2.272969721583484	1960.573
3397.7987379988913	1067.2550805626902	2.2762618666557817	1961.573
3404.265112683898	1069.532989976715	2.279557551571642	1962.573
3410.741736804538	1071.8141968465927	2.2828567787656127	1963.573
3417.2286222270022	1074.0987047158176	2.2861595506722425	1964.573
3423.7257808247823	1076.3865171303194	2.289465869726081	1965.573
3430.233224478672	1078.6776376384635	2.2927757383616756	1966.573
3436.7509650767715	1080.972069791048	2.2960891590135764	1967.573
3443.2790145144827	1083.2698171413072	2.2994061341163317	1968.573
3449.8173846945097	1085.5708832449093	2.30272666610449	1969.573
3456.366087526865	1087.8752716599565	2.306050757412601	1970.573
3462.925134928861	1090.182985946986	2.3093784104752126	1971.573
3469.4945388251126	1092.49402966897	2.312709627726874	1972.573
3476.0743111475463	1094.808406391314	2.316044411602135	1973.573
3482.664463835378	1097.1261196818605	2.319382764535542	1974.573
3489.2650088351447	1099.4471731108827	2.3227246889616464	1975.573
3495.87595810067	1101.7715702510927	2.3260701873149956	1976.573
3502.497323593093	1104.0993146776336	2.329419262030138	1977.573
3509.1291172808524	1106.4304099680849	2.3327719155416236	1978.573
3515.7713511396905	1108.7648597024604	2.3361281502840012	1979.573
3522.424037152654	1111.102667463208	2.3394879686918184	1980.573
3529.087187310091	1113.4438368352105	2.3428513731996254	1981.573
3535.760813609655	1115.788371405786	2.3462183662419696	1982.573
3542.4449280563053	1118.136274764684	2.349588950253401	1983.573
3549.1395426623003	1120.4875505040934	2.3529631276684677	1984.573
3555.8446694472073	1122.8422022186337	2.3563409009217193	1985.573
3562.560320437891	1125.2002335053614	2.3597222724477036	1986.573
3569.2865076685243	1127.5616479637656	2.3631072446809704	1987.573
3576.0232431805853	1129.9264491957706	2.366495820056068	1988.573
3582.7705390228484	1132.294640805736	2.369888001007545	1989.573
3589.5284072513987	1134.6662264004558	2.3732837899699506	1990.573
3596.296859929622	1137.0412095891575	2.3766831893778333	1991.573
3603.0759091282084	1139.4195939835051	2.3800862016657423	1992.573
3609.8655669251502	1141.8013831975943	2.383492829268226	1993.573
3616.665845405748	1144.1865808479577	2.3869030746198336	1994.573
3623.4767566625983	1146.5751905535617	2.3903169401551136	1995.573
3630.2983127956095	1148.9672159358072	2.393734428308615	1996.573
3637.1305259119863	1151.36266061853	2.397155541514887	1997.573
3643.973408126244	1153.7615282279992	2.400580282208477	1998.573
3650.8269715601964	1156.1638223929208	2.404008652823936	1999.573
3657.691228342961	1158.5695467444325	2.4074406557958112	2000.573
3664.5661906109613	1160.978704916109	2.410876293558651	2001.573
3671.4518705079254	1163.3913005439588	2.414315568547006	2002.573
3678.3482801848822	1165.8073372664232	2.4177584831954237	2003.573
3685.2554318001658	1168.226818724381	2.421205039938454	2004.573
3692.1733375194112	1170.6497485611433	2.4246552412106435	2005.573
3699.1020095155636	1173.076130422457	2.428109089446544	2006.573
3706.0414599688634	1175.505967956503	2.431566587080702	2007.573
3712.9917010668605	1177.9392648138958	2.4350277365476667	2008.573
3719.9527450044093	1180.376024647687	2.4384925402819886	2009.573
3726.924603983662	1182.816251113361	2.4419610007182144	2010.573
3733.907290214079	1185.259947868835	2.4454331202908937	2011.573
3740.900815912422	1187.707118574466	2.4489089014345753	2012.573
3747.90519330276	1190.1577668930397	2.4523883465838088	2013.573
3754.9204346164606	1192.6118964897805	2.455871458173142	2014.573
3761.9465520921985	1195.0695110323445	2.4593582386371238	2015.573
3768.983557975953	1197.530614190824	2.4628486904103033	2016.573
3776.0314645210033	1199.9952096377465	2.46634281592723	2017.573
3783.0902839879323	1202.4633010480711	2.4698406176224506	2018.573
3790.160028644631	1204.9348920991956	2.473342097930516	2019.573
3797.2407107662907	1207.4099864709483	2.4768472592859743	2020.573
3804.3323426354073	1209.8885878455947	2.4803561041233744	2021.573
3811.43493654178	1212.370699907834	2.4838686348772647	2022.573
3818.5485047825127	1214.8563263447993	2.4873848539821948	2023.573
3825.6730596620096	1217.3454708460602	2.4909047638727126	2024.573
3832.8086134919836	1219.8381371036185	2.494428366983368	2025.573
3839.9551785914464	1222.3343288119115	2.4979556657487083	2026.573
3847.1127672867165	1224.8340496678122	2.501486662603284	2027.573
3854.2813919114155	1227.3373033706262	2.505021359981643	2028.573
3861.461064806467	1229.844093622095	2.508559760318334	2029.573
3868.651798320101	1232.354424126394	2.5121018660479058	2030.573
3875.853604807849	1234.8682985901328	2.515647679604908	2031.573
3883.066496632546	1237.385720722358	2.5191972034238885	2032.573
3890.290486164331	1239.9066942345466	2.5227504399393963	2033.573
3897.525585780651	1242.4312228406136	2.526307391585981	2034.573
3904.771807866248	1244.9593102569072	2.5298680607981905	2035.573
3912.0291648131742	1247.4909602022099	2.5334324500105736	2036.573
3919.2976690207843	1250.0261763977398	2.53700056165768	2037.573
3926.577332895735	1252.5649625671485	2.5405723981740578	2038.573
3933.8681688519873	1255.1073224365223	2.5441479619942555	2039.573
3941.170189310806	1257.6532597343835	2.5477272555528225	2040.573
3948.483406700763	1260.2027781916854	2.551310281284308	2041.573
3955.807833457726	1262.755881541821	2.5548970416232595	2042.573
3963.143482024872	1265.3125735206136	2.558487539004227	2043.573
3970.4903648526843	1267.8728578663215	2.5620817758617593	2044.573
3977.8484943989415	1270.43673831964	2.5656797546304047	2045.573
3985.217883128731	1273.0042186236974	2.5692814777447115	2046.573
3992.598543514445	1275.5753025240565	2.57288694763923	2047.573
3999.9904880357785	1278.1499937687142	2.5764961667485085	2048.5730000000003
4007.3937291797265	1280.728296108104	2.5801091375070953	2049.5730000000003
4014.8082794405937	1283.31021329509	2.5837258623495396	2050.5730000000003
4022.234151319978	1285.8957490849755	2.5873463437103883	2051.5730000000003
4029.6713573267957	1288.484907235496	2.5909705840241934	2052.5730000000003
4037.119909977256	1291.0776915068202	2.594598585725502	2053.5730000000003
4044.5798217948777	1293.6741056615538	2.5982303512488634	2054.5730000000003
4052.051105310477	1296.2741534647357	2.6018658830288257	2055.5730000000003
4059.53377306218	1298.877838683842	2.605505183499939	2056.5730000000003
4067.0278375954085	1301.485165088778	2.60914825509675	2057.5730000000003
4074.5333114628993	1304.0961364518887	2.6127951002538103	2058.5730000000003
4082.0502072246823	1306.7107565479512	2.6164457214056664	2059.5730000000003
4089.578537448098	1309.3290291541766	2.620100120986868	2060.5730000000003
4097.118314707789	1311.950958050212	2.6237583014319648	2061.5730000000003
4104.669551585695	1314.57654701814	2.6274202651755036	2062.5730000000003
4112.2322606710695	1317.2057998424748	2.631086014652035	2063.5730000000003
4119.806454560463	1319.8387203101668	2.634755552296106	2064.5730000000003
4127.392145857733	1322.4753122106013	2.6384288805422678	2065.5730000000003
4134.989347174039	1325.115579335597	2.6421060018250673	2066.5730000000003
4142.598071127843	1327.7595254794082	2.645786918579054	2067.5730000000003
4150.218330344915	1330.4071544387225	2.649471633238777	2068.5730000000003
4157.85013745832	1333.0584700126662	2.6531601482387845	2069.5730000000003
4165.49350510844	1335.7134760027923	2.656852466013626	2070.5730000000003
4173.148445942947	1338.3721762130958	2.660548588997849	2071.5730000000003
4180.814972616822	1341.0345744500032	2.6642485196260037	2072.5730000000003
4188.493097792358	1343.7006745223741	2.667952260332639	2073.5730000000003
4196.182834139136	1346.3704802415057	2.6716598135523024	2074.5730000000003
4203.884194334053	1349.043995421128	2.6753711817195445	2075.5730000000003
4211.597191061302	1351.721223877406	2.679086367268912	2076.5730000000003
4219.321837012387	1354.4021694289374	2.6828053726349554	2077.5730000000003
4227.058144886104	1357.0868358967587	2.6865282002522224	2078.5730000000003
4234.806127388568	1359.7752271043382	2.6902548525552628	2079.5730000000003
4242.565797233187	1362.4673468775763	2.6939853319786247	2080.5730000000003
4250.337167140675	1365.1631990448134	2.697719640956857	2081.5730000000003
4258.120249839052	1367.86278743682	2.7014577819245096	2082.5730000000003
4265.915058063637	1370.5661158868036	2.7051997573161293	2083.5730000000003
4273.721604557057	1373.273188230405	2.7089455695662665	2084.5730000000003
4281.53990206924	1375.9840083057009	2.7126952211094695	2085.5730000000003
4289.36996335742	1378.6985799532001	2.716448714380287	2086.5730000000003
4297.211801186131	1381.4169070158484	2.720206051813268	2087.5730000000003
4305.065428327215	1384.1389933390262	2.723967235842961	2088.5730000000003
4312.930857559819	1386.8648427705446	2.727732268903916	2089.5730000000003
4320.808101670382	1389.5944591606553	2.73150115343068	2090.5730000000003
4328.697173452664	1392.3278463620386	2.7352738918578035	2091.5730000000003
4336.598085707712	1395.0650082298155	2.7390504866198344	2092.5730000000003
4344.510851243886	1397.805948621536	2.7428309401513205	2093.5730000000003
4352.435482876851	1400.5506713971859	2.7466152548868124	2094.5730000000003
4360.3719934295705	1403.2991804191893	2.750403433260859	2095.5730000000003
4368.320395732313	1406.051479552399	2.7541954777080075	2096.5730000000003
4376.280702622649	1408.8075726641073	2.757991390662807	2097.5730000000003
4384.252926945463	1411.5674636240392	2.7617911745598085	2098.5730000000003
4392.237081552928	1414.3311563043526	2.7655948318335586	2099.5730000000003
4400.2331793045305	1417.0986545796425	2.7694023649186064	2100.5730000000003
4408.241233067056	1419.869962326938	2.773213776249501	2101.5730000000003
4416.261255714596	1422.645083425702	2.7770290682607914	2102.5730000000003
4424.2932601285465	1425.4240217578315	2.7808482433870263	2103.5730000000003
4432.337259197605	1428.206781207659	2.7846713040627544	2104.5730000000003
4440.393265817774	1430.9933656619526	2.788498252722525	2105.5730000000003
4448.461292892359	1433.7837790099106	2.792329091800886	2106.5730000000003
4456.541353331968	1436.5780251431709	2.7961638237323867	2107.5730000000003
4464.633460054514	1439.3761079558053	2.8000024509515766	2108.5730000000003
4472.737625985217	1442.1780313443148	2.803844975893003	2109.5730000000003
4480.853864056591	1444.9837992076427	2.8076914009912155	2110.5730000000003
4488.982187208467	1447.7934154471618	2.8115417286807642	2111.5730000000003
4497.1226083879665	1450.6068839666802	2.815395961396196	2112.5730000000003
4505.275140549524	1453.4242086724407	2.81925410157206	2113.5730000000003
4513.439796654873	1456.2453934731216	2.823116151642906	2114.5730000000003
4521.616589673051	1459.0704422798365	2.8269821140432816	2115.5730000000003
4529.805532580403	1461.8993590061305	2.830851991207737	2116.5730000000003
4538.006638360576	1464.7321475679842	2.8347257855708206	2117.5730000000003
4546.219920004512	1467.5688118838166	2.8386034995670797	2118.5730000000003
4554.445390510469	1470.4093558744746	2.842485135631065	2119.5730000000003
4562.683062884005	1473.2537834632456	2.8463706961973245	2120.5730000000003
4570.932950137976	1476.1020985758487	2.850260183700408	2121.5730000000003
4579.195065292552	1478.9543051404366	2.854153600574862	2122.5730000000003
4587.469421375193	1481.8104070875997	2.858050949255237	2123.5730000000003
4595.756031420675	1484.6704083503607	2.8619522321760815	2124.5730000000003
4604.054908471073	1487.5343128641773	2.8658574517719453	2125.5730000000003
4612.366065575763	1490.4021245669412	2.8697666104773756	2126.5730000000003
4620.6895157914305	1493.2738473989796	2.873679710726922	2127.5730000000003
4629.025272182059	1496.1494853030551	2.8775967549551336	2128.5730000000003
4637.373347818939	1499.0290422243615	2.8815177455965584	2129.5730000000003
4645.733755780664	1501.9125221105305	2.8854426850857458	2130.5730000000003
4654.106509153129	1504.7999289116267	2.8893715758572447	2131.5730000000003
4662.491621029535	1507.6912665801503	2.8933044203456033	2132.5730000000003
4670.889104510387	1510.586539071035	2.897241220985371	2133.5730000000003
4679.298972703491	1513.4857503416501	2.9011819802110965	2134.5730000000003
4687.7212387239615	1516.3889043517977	2.9051267004573282	2135.5730000000003
4696.155915694211	1519.2960050637164	2.909075384158616	2136.5730000000003
4704.6030167439585	1522.2070564420776	2.913028033749507	2137.5730000000003
4713.062555010225	1525.12206245399	2.916984651664551	2138.5730000000003
4721.534543637339	1528.0410270689936	2.9209452403382974	2139.5730000000003
4730.018995776929	1530.9639542590642	2.9249098022052937	2140.5730000000003
4738.515924587929	1533.8908479986137	2.9288783397000904	2141.5730000000003
4747.025343236575	1536.8217122644853	2.9328508552572345	2142.5730000000003
4755.547264896408	1539.7565510359598	2.936827351311276	2143.5730000000003
4764.081702748269	1542.6953682947524	2.9408078302967633	2144.5730000000003
4772.628669980313	1545.6381680250086	2.9447922946482454	2145.5730000000003
4781.188179787983	1548.5849542133149	2.9487807468002702	2146.5730000000003
4789.760245374041	1551.535730848687	2.9527731891873885	2147.5730000000003
4798.344879948541	1554.4905019225794	2.9567696242441475	2148.5730000000003
4806.94209672885	1557.4492714288772	2.960770054405096	2149.5730000000003
4815.551908939629	1560.412043363902	2.964774482104784	2150.5730000000003
4824.1743298128495	1563.3788217264118	2.9687829097777585	2151.5730000000003
4832.809372587788	1566.3496105175946	2.97279533985857	2152.5730000000003
4841.45705051102	1569.3244137410754	2.976811774781767	2153.5730000000003
4850.117376836421	1572.303235402917	2.9808322169818973	2154.5730000000003
4858.790364825181	1575.2860795116108	2.98485666889351	2155.5730000000003
4867.476027745785	1578.2729500780856	2.9888851329511548	2156.5730000000003
4876.17437887403	1581.2638511157068	2.9929176115893807	2157.5730000000003
4884.885431493006	1584.2587866402696	2.9969541072427357	2158.5730000000003
4893.609198893113	1587.2577606700079	3.0009946223457686	2159.5730000000003
4902.3456943720485	1590.2607772255897	3.0050391593330277	2160.5730000000003
4911.09493123483	1593.267840330114	3.0090877206390636	2161.5730000000003
4919.856922793758	1596.278954009118	3.013140308698423	2162.5730000000003
4928.631682368448	1599.294122290573	3.0171969259456564	2163.5730000000003
4937.419223285822	1602.3133492048844	3.021257574815312	2164.5730000000003
4946.219558880093	1605.3366387848896	3.0253222577419376	2165.5730000000003
4955.032702492793	1608.3639950658649	3.0293909771600847	2166.5730000000003
4963.858667472739	1611.3954220855194	3.033463735504298	2167.5730000000003
4972.697467176078	1614.4309238839935	3.0375405352091307	2168.5730000000003
4981.549114966233	1617.4705045038681	3.0416213787091286	2169.5730000000003
4990.413624213948	1620.5141679901558	3.0457062684388423	2170.5730000000003
4999.291008297265	1623.5619183903013	3.049795206832819	2171.5730000000003
5008.181280601531	1626.6137597541872	3.0538881963256093	2172.5730000000003
5017.084454519393	1629.66969613413	3.0579852393517597	2173.5730000000003
5026.000543450809	1632.72973158488	3.0620863383458214	2174.5730000000003
5034.929560803033	1635.7938701636224	3.066191495742342	2175.5730000000003
5043.871519990629	1638.8621159299764	3.0703007139758713	2176.5730000000003
5052.826434435455	1641.934472945998	3.074413995480956	2177.5730000000003
5061.794317566686	1645.0109452761744	3.078531342692147	2178.5730000000003
5070.775182820789	1648.091536987429	3.082652758043992	2179.5730000000003
5079.769043641541	1651.176252149121	3.08677824397104	2180.5730000000003
5088.775913480027	1654.2650948330415	3.0909078029078407	2181.5730000000003
5097.79580579462	1657.3580691134175	3.095041437288941	2182.5730000000003
5106.82873405101	1660.4551790669118	3.099179149548891	2183.5730000000003
5115.87471172219	1663.5564287726206	3.1033209421222403	2184.5730000000003
5124.933752288454	1666.6618223120722	3.107466817443538	2185.5730000000003
5134.005869237394	1669.7713637692339	3.1116167779473294	2186.5730000000003
5143.091076063911	1672.8850572305068	3.1157708260681662	2187.5730000000003
5152.189386270218	1676.0029067847217	3.119928964240598	2188.5730000000003
5161.300813365813	1679.1249165231488	3.12409119489917	2189.5730000000003
5170.425370867513	1682.251090539494	3.128257520478435	2190.5730000000003
5179.563072299438	1685.3814329298912	3.1324279434129405	2191.5730000000003
5188.713931192997	1688.5159477929155	3.136602466137233	2192.5730000000003
5197.877961086922	1691.6546392295745	3.140781091085866	2193.5730000000003
5207.055175527235	1694.797511343307	3.1449638206933836	2194.5730000000003
5216.245588067265	1697.9445682399914	3.1491506573943364	2195.5730000000003
5225.449212267648	1701.095814027938	3.1533416036232738	2196.5730000000003
5234.666061696322	1704.2512528178934	3.157536661814745	2197.5730000000003
5243.896149928527	1707.4108887230336	3.161735834403297	2198.5730000000003
5253.139490546808	1710.5747258589759	3.1659391238234798	2199.5730000000003
5262.396097141014	1713.7427683437695	3.1701465325098432	2200.5730000000003
5271.665983308295	1716.9150202978965	3.1743580628969337	2201.5730000000003
5280.949162653109	1720.0914858442743	3.1785737174193014	2202.5730000000003
5290.245648787215	1723.2721691082584	3.182793498511496	2203.5730000000003
5299.5554553296715	1726.4570742176334	3.187017408608063	2204.5730000000003
5308.878595906851	1729.6462053026205	3.1912454501435548	2205.5730000000003
5318.215084152424	1732.839566495877	3.19547762555252	2206.5730000000003
5327.564933707359	1736.0371619324956	3.199713937269505	2207.5730000000003
5336.9281582199355	1739.238995749998	3.20395438772906	2208.5730000000003
5346.304771345741	1742.4450720883447	3.208198979365735	2209.5730000000003
5355.694786747652	1745.6553950899329	3.212447714614077	2210.5730000000003
5365.098218095858	1748.8699688995894	3.2167005959086343	2211.5730000000003
5374.515079067856	1752.088797664577	3.220957625683958	2212.5730000000003
5383.945383348439	1755.3118855345956	3.225218806374596	2213.5730000000003
5393.389144629705	1758.5392366617757	3.229484140415096	2214.5730000000003
5402.846376611058	1761.7708552006875	3.2337536302400074	2215.5730000000003
5412.317092999207	1765.0067453083298	3.23802727828388	2216.5730000000003
5421.80130750816	1768.24691114414	3.242305086981262	2217.5730000000003
5431.29903385923	1771.4913568699876	3.246587058766701	2218.5730000000003
5440.810285781038	1774.7400866501796	3.2508731960747483	2219.5730000000003
5450.335077009502	1777.9931046514562	3.2551635013399505	2220.5730000000003
5459.873421287849	1781.2504150429909	3.2594579769968575	2221.5730000000003
5469.425332366611	1784.512021996392	3.2637566254800183	2222.5730000000003
5478.990824003609	1787.7779296857045	3.2680594492239803	2223.5730000000003
5488.5699099639905	1791.0481422874054	3.2723664506632937	2224.5730000000003
5498.162604020192	1794.3226639804075	3.2766776322325075	2225.5730000000003
5507.768919951952	1797.6014989460596	3.280992996366169	2226.5730000000003
5517.388871546322	1800.8846513681397	3.285312545498828	2227.5730000000003
5527.02247259765	1804.1721254328672	3.2896362820650333	2228.5730000000003
5536.669736907596	1807.463925328892	3.293964208499335	2229.5730000000003
5546.3306782851105	1810.7600552473002	3.2982963272362795	2230.5730000000003
5556.005310546458	1814.0605193816104	3.3026326407104167	2231.5730000000003
5565.6936475152015	1817.365321927778	3.306973151356295	2232.5730000000003
5575.395703022211	1820.6744670841922	3.3113178616084644	2233.5730000000003
5585.11149090566	1823.987959051676	3.315666773901472	2234.5730000000003
5594.841025011024	1827.3058020334865	3.3200198906698684	2235.5730000000003
5604.584319191081	1830.6280002353196	3.324377214348201	2236.5730000000003
5614.341387305918	1833.9545578652983	3.32873874737102	2237.5730000000003
5624.112243222917	1837.2854791339864	3.3331044921728714	2238.5730000000003
5633.896900816771	1840.6207682543823	3.3374744511883083	2239.5730000000003
5643.6953739694745	1843.9604294419132	3.3418486268518754	2240.5730000000003
5653.50767657033	1847.3044669144458	3.3462270215981254	2241.5730000000003
5663.33382251593	1850.6528848922808	3.3506096378616035	2242.5730000000003
5673.173825710181	1854.005687598154	3.3549964780768597	2243.5730000000003
5683.0277000643	1857.3628792572308	3.3593875446784445	2244.5730000000003
5692.895459496794	1860.7244640971169	3.363782840100905	2245.5730000000003
5702.777117933478	1864.090446347851	3.3681823667787905	2246.5730000000003
5712.672689307473	1867.4608302419047	3.3725861271466493	2247.5730000000003
5722.5821875592	1870.835620014185	3.37699412363903	2248.5730000000003
5732.50562663639	1874.2148199020367	3.381406358690483	2249.5730000000003
5742.443020494075	1877.5984341452313	3.3858228347355563	2250.5730000000003
5752.394383094583	1880.986466985983	3.3902435542087974	2251.5730000000003
5762.359728407559	1884.3789226689362	3.3946685195447577	2252.5730000000003
5772.339070409938	1887.775805441172	3.3990977331779844	2253.5730000000003
5782.332423085971	1891.1771195522028	3.4035311975430256	2254.5730000000003
5792.3398004272	1894.5828692539794	3.407968915074431	2255.5730000000003
5802.361216432487	1897.9930588008854	3.4124108882067503	2256.5730000000003
5812.396685107982	1901.407692449738	3.4168571193745314	2257.5730000000003
5822.446220467145	1904.8267744597915	3.421307611012323	2258.5730000000003
5832.509836530742	1908.250309092731	3.425762365554674	2259.5730000000003
5842.587547326835	1911.6783006126802	3.4302213854361328	2260.5730000000003
5852.679366890804	1915.1107532861947	3.4346846730912497	2261.5730000000003
5862.785309265312	1918.5476713822663	3.4391522309545715	2262.5730000000003
5872.905388500349	1921.9890591723185	3.443624061460649	2263.5730000000003
5883.039618653189	1925.4349209302122	3.44810016704403	2264.5730000000003
5893.188013788415	1928.8852609322435	3.452580550139262	2265.5730000000003
5903.350587977922	1932.3400834571407	3.4570652131808957	2266.5730000000003
5913.527355300906	1935.799392786066	3.4615541586034806	2267.5730000000003
5923.718329843853	1939.2631932026188	3.466047388841563	2268.5730000000003
5933.923525700573	1942.7314889928325	3.4705449063296947	2269.5730000000003
5944.142956972162	1946.2042844451728	3.4750467135024214	2270.5730000000003
5954.376637767029	1949.6815838505427	3.479552812794293	2271.5730000000003
5964.624582200887	1953.1633915022799	3.48406320663986	2272.5730000000003
5974.88680439675	1956.6497116961527	3.4885778974736685	2273.5730000000003
5985.163318484938	1960.1405487303675	3.49309688773027	2274.5730000000003
5995.454138603068	1963.6359069055648	3.4976201798442115	2275.5730000000003
6005.759278896067	1967.13579052482	3.502147776250042	2276.5730000000003
6016.078753516169	1970.6402038936408	3.506679679382311	2277.5730000000003
6026.412576622901	1974.1491513199715	3.5112158916755667	2278.5730000000003
6036.760762383103	1977.662637114191	3.515756415564359	2279.5730000000003
6047.123324970913	1981.1806655891105	3.5203012534832347	2280.5730000000003
6057.500278567772	1984.7032410599788	3.5248504078667433	2281.5730000000003
6067.891637362438	1988.2303678444769	3.5294038811494364	2282.5730000000003
6078.297415550949	1991.762050262722	3.533961675765859	2283.5730000000003
6088.717627336667	1995.2982926372651	3.5385237941505614	2284.5730000000003
6099.152286930248	1998.839099293091	3.5430902387380927	2285.5730000000003
6109.601408549657	2002.3844745576203	3.5476610119630014	2286.5730000000003
6120.065006420156	2005.9344227607075	3.5522361162598366	2287.5730000000003
6130.543094774316	2009.4889482346416	3.5568155540631463	2288.5730000000003
6141.035687852011	2013.0480553141476	3.561399327807481	2289.5730000000003
6151.542799900415	2016.6117483363819	3.5659874399273876	2290.5730000000003
6162.064445174006	2020.180031640939	3.570579892857415	2291.5730000000003
6172.600637934577	2023.7529095698453	3.5751766890321144	2292.5730000000003
6183.1513924512055	2027.3303864675631	3.5797778308860315	2293.5730000000003
6193.716723000291	2030.9124666809885	3.5843833208537177	2294.5730000000003
6204.296643865521	2034.499154559454	3.5889931613697206	2295.5730000000003
6214.891169337899	2038.0904544547222	3.5936073548685887	2296.5730000000003
6225.500313715722	2041.686370720996	3.5982259037848707	2297.5730000000003
6236.124091304602	2045.2869077149094	3.602848810553118	2298.5730000000003
6246.762516417444	2048.8920697955314	3.607476077607875	2299.5730000000003
6257.415603374463	2052.5018613243656	3.6121077073836942	2300.5730000000003
6268.083366503173	2056.11628666535	3.616743702315122	2301.5730000000003
6278.765820138398	2059.7353501848593	3.6213840648367097	2302.5730000000003
6289.4629786222595	2063.3590562516983	3.6260287973830034	2303.5730000000003
6300.174856304187	2066.9874092371106	3.630677902388554	2304.5730000000003
6310.901467540909	2070.620413514774	3.635331382287909	2305.5730000000003
6321.642826696463	2074.258073460797	3.639989239515618	2306.5730000000003
6332.398948142186	2077.900393453726	3.64465147650623	2307.5730000000003
6343.169846256722	2081.547377874542	3.6493180956942934	2308.5730000000003
6353.955535426012	2085.1990311066584	3.6539890995143556	2309.5730000000003
6364.756030043312	2088.855357535926	3.658664490400968	2310.5730000000003
6375.571344509171	2092.516361550627	3.663344270788678	2311.5730000000003
6386.4014932314485	2096.182047541482	3.6680284431120356	2312.5730000000003
6397.246490625301	2099.8524199016415	3.672717009805587	2313.5730000000003
6408.106351113198	2103.5274830266935	3.6774099733038836	2314.5730000000003
6418.981089124902	2107.207241314663	3.6821073360414736	2315.5730000000003
6429.870719097484	2110.891699166002	3.686809100452904	2316.5730000000003
6440.775255475327	2114.580860983604	3.691515268972726	2317.5730000000003
6451.694712710098	2118.2747311727953	3.696225844035488	2318.5730000000003
6462.6291052607885	2121.973314141335	3.700940828075737	2319.5730000000003
6473.5784475936825	2125.6766142994175	3.7056602235280245	2320.5730000000003
6484.542754182368	2129.3846360596726	3.710384032826898	2321.5730000000003
6495.522039507738	2133.0973838371647	3.7151122584069056	2322.5730000000003
6506.51631805799	2136.8148620493916	3.7198449027025964	2323.5730000000003
6517.5256043286245	2140.5370751162864	3.72458196814852	2324.5730000000003
6528.5499128224465	2144.264027460217	3.7293234571792255	2325.5730000000003
6539.589258049564	2147.995723505985	3.73406937222926	2326.5730000000003
6550.643654527386	2151.7321676808265	3.7388197157331744	2327.5730000000003
6561.713116780629	2155.4733644144144	3.743574490125516	2328.5730000000003
6572.797659341313	2159.219318138852	3.7483336978408337	2329.5730000000003
6583.897296748761	2162.9700332886814	3.7530973413136772	2330.5730000000003
6595.012043549596	2166.7255143008774	3.7578654229785946	2331.5730000000003
6606.1419142977475	2170.485765614848	3.762637945270135	2332.5730000000003
6617.28692355445	2174.250791672438	3.7674149106228465	2333.5730000000003
6628.447085888244	2178.020596917925	3.772196321471279	2334.5730000000003
6639.6224158749665	2181.7951857980242	3.776982180249981	2335.5730000000003
6650.812928097763	2185.57456276188	3.7817724893935014	2336.5730000000003
6662.01863714708	2189.3587322610765	3.786567251336389	2337.5730000000003
6673.239557620671	2193.1476987496317	3.791366468513192	2338.5730000000003
6684.475704123587	2196.941466683993	3.796170143358459	2339.5730000000003
6695.727091268192	2200.740040523049	3.8009782783067396	2340.5730000000003
6706.993733674145	2204.5434247281196	3.8057908757925825	2341.5730000000003
6718.275645968421	2208.3516237629583	3.810607938250538	2342.5730000000003
6729.572842785276	2212.164642093755	3.8154294681151515	2343.5730000000003
6740.885338766292	2215.982484189137	3.820255467820975	2344.5730000000003
6752.21314856034	2219.8051545201565	3.825085939802554	2345.5730000000003
6763.5562868236075	2223.632657560311	3.8299208864944405	2346.5730000000003
6774.91476821958	2227.464997785526	3.8347603103311827	2347.5730000000003
6786.288607419039	2231.302179674167	3.8396042137473283	2348.5730000000003
6797.677819100079	2235.1442077070255	3.8444525991774268	2349.5730000000003
6809.082417948096	2238.9910863673367	3.8493054690560267	2350.5730000000003
6820.5024186557885	2242.842820140766	3.854162825817677	2351.5730000000003
6831.937835923159	2246.6994135154123	3.859024671896927	2352.5730000000003
6843.3886844575145	2250.56087098181	3.8638910097283254	2353.5730000000003
6854.854978973462	2254.427197032931	3.8687618417464193	2354.5730000000003
6866.336734192921	2258.2983961641767	3.8736371703857597	2355.5730000000003
6877.833964845098	2262.1744728733875	3.8785169980808933	2356.5730000000003
6889.346685666525	2266.0554316608354	3.883401327266371	2357.5730000000003
6900.874911401023	2269.9412770292292	3.8882901603767417	2358.5730000000003
6912.418656799721	2273.8320134837086	3.8931834998465527	2359.5730000000003
6923.97793662105	2277.7276455318524	3.8980813481103533	2360.5730000000003
6935.55276563074	2281.628177683673	3.902983707602692	2361.5730000000003
6947.14315860184	2285.5336144516123	3.907890580758119	2362.5730000000003
6958.749130314685	2289.4439603505543	3.9128019700111816	2363.5730000000003
6970.370695556926	2293.359219897813	3.9177178777964294	2364.5730000000003
6982.0078691235085	2297.279397613136	3.9226383065484107	2365.5730000000003
6993.66066581669	2301.20449801871	3.927563258701675	2366.5730000000003
7005.329100446024	2305.134525639152	3.9324927366907696	2367.5730000000003
7017.013187828378	2309.0694850015147	3.9374267429502456	2368.5730000000003
7028.712942787912	2313.009380635287	3.9423652799146502	2369.5730000000003
7040.428380156092	2316.95421707239	3.9473083500185324	2370.5730000000003
7052.159514771694	2320.9039988471827	3.9522559556964416	2371.5730000000003
7063.906361480794	2324.858730496453	3.957208099382926	2372.5730000000003
7075.668935136771	2328.8184165594284	3.9621647835125353	2373.5730000000003
7087.447250600304	2332.783061577771	3.9671260105198174	2374.5730000000003
7099.241322739383	2336.7526700955727	3.972091782839321	2375.5730000000003
7111.051166429299	2340.727246659364	3.9770621029055966	2376.5730000000003
7122.876796552642	2344.7067958181115	3.982036973153191	2377.5730000000003
7134.718227999307	2348.6913221232103	3.987016396016652	2378.5730000000003
7146.575475666505	2352.6808301284946	3.992000373930532	2379.5730000000003
7158.448554458737	2356.675324390232	3.996988909329379	2380.5730000000003
7170.337479287805	2360.6748094671266	4.001982004647739	2381.5730000000003
7182.242265072829	2364.679289920313	4.006979662320164	2382.5730000000003
7194.162926740218	2368.6887703133625	4.0119818847812	2383.5730000000003
7206.099479223694	2372.7032552122837	4.016988674465398	2384.5730000000003
7218.051937464286	2376.722749185513	4.0220000338073065	2385.5730000000003
7230.020316410311	2380.747256803928	4.027015965241473	2386.5730000000003
7242.004631017404	2384.776782640839	4.0320364712024475	2387.5730000000003
7254.0048962485025	2388.811331271987	4.037061554124779	2388.5730000000003
7266.021127073833	2392.850907275553	4.042091216443015	2389.5730000000003
7278.053338470945	2396.8955152321505	4.0471254605917055	2390.5730000000003
7290.101545424686	2400.9451597248244	4.0521642890053995	2391.5730000000003
7302.165762927197	2404.99984533906	4.057207704118644	2392.5730000000003
7314.246005977937	2409.059576662773	4.06225570836599	2393.5730000000003
7326.342289583654	2413.1243582863153	4.067308304181985	2394.5730000000003
7338.454628758416	2417.1941948024723	4.072365494001179	2395.5730000000003
7350.5830385235795	2421.2690908064633	4.077427280258119	2396.5730000000003
7362.727533907812	2425.349050895946	4.082493665387355	2397.5730000000003
7374.888129947092	2429.4340796710076	4.087564651823437	2398.5730000000003
7387.064841684682	2433.524181734173	4.092640242000911	2399.5730000000003
7399.257684171163	2437.619361690402	4.097720438354328	2400.5730000000003
7411.466672464419	2441.7196241470856	4.102805243318235	2401.5730000000003
7423.69182162964	2445.8249737140522	4.107894659327184	2402.5730000000003
7435.933146739302	2449.935415003566	4.11298868881572	2403.5730000000003
7448.190662873207	2454.050952630322	4.118087334218394	2404.5730000000003
7460.464385118447	2458.1715912114523	4.123190597969755	2405.5730000000003
7472.754328569422	2462.297335366522	4.12829848250435	2406.5730000000003
7485.060508327835	2466.4281897175338	4.13341099025673	2407.5730000000003
7497.382939502695	2470.56415888892	4.138528123661443	2408.5730000000003
7509.721637210305	2474.7052475075516	4.143649885153035	2409.5730000000003
7522.07661657429	2478.8514602027335	4.148776277166061	2410.5730000000003
7534.44789272556	2483.0028016062024	4.153907302135064	2411.5730000000003
7546.8354808023405	2487.1592763521335	4.1590429624945955	2412.5730000000003
7559.239395950155	2491.320889077134	4.164183260679204	2413.5730000000003
7571.659653321835	2495.4876444202455	4.169328199123439	2414.5730000000003
7584.0962680775065	2499.659547022945	4.174477780261847	2415.5730000000003
7596.54925538461	2503.836601529145	4.179632006528978	2416.5730000000003
7609.018630417887	2508.018812585191	4.184790880359383	2417.5730000000003
7621.504408359375	2512.206184839863	4.189954404187608	2418.5730000000003
7634.006604398421	2516.398722944377	4.195122580448202	2419.5730000000003
7646.525233731686	2520.5964315523825	4.200295411575716	2420.5730000000003
7659.060311563112	2524.799315319963	4.205472900004697	2421.5730000000003
7671.6118531039665	2529.007378905636	4.210655048169694	2422.5730000000003
7684.179873572801	2533.2206269703593	4.2158418585052555	2423.5730000000003
7696.764388195488	2537.4390641775153	4.221033333445932	2424.5730000000003
7709.365412205192	2541.6626951929297	4.226229475426269	2425.5730000000003
7721.982960842392	2545.89152468486	4.23143028688082	2426.5730000000003
7734.61704935486	2550.125557323994	4.2366357702441295	2427.5730000000003
7747.267692997673	2554.3647977834626	4.241845927950749	2428.5730000000003
7759.934907033217	2558.6092507388216	4.2470607624352255	2429.5730000000003
7772.618706731181	2562.8589208680705	4.25228027613211	2430.5730000000003
7785.319107368555	2567.113812851636	4.257504471475949	2431.5730000000003
7798.036124229626	2571.3739313723827	4.262733350901292	2432.5730000000003
7810.769772606009	2575.6392811156106	4.26796691684269	2433.5730000000003
7823.520067796583	2579.9098667690514	4.273205171734688	2434.5730000000003
7836.287025107571	2584.185693022874	4.278448118011838	2435.5730000000003
7849.070659852478	2588.466764569682	4.283695758108687	2436.5730000000003
7861.870987352111	2592.7530861045097	4.288948094459784	2437.5730000000003
7874.68802293459	2597.044662324831	4.294205129499678	2438.5730000000003
7887.5217819353375	2601.34149793055	4.29946686566292	2439.5730000000003
7900.372279697073	2605.6435976240095	4.3047333053840555	2440.5730000000003
7913.239531569825	2609.9509661099823	4.310004451097635	2441.5730000000003
7926.123552910921	2614.26360809568	4.315280305238206	2442.5730000000003
7939.024359085001	2618.581528290747	4.320560870240319	2443.5730000000003
7951.941965464004	2622.9047314072595	4.325846148538523	2444.5730000000003
7964.876387427166	2627.233222159734	4.331136142567365	2445.5730000000003
7977.8276403610325	2631.5670052651167	4.336430854761394	2446.5730000000003
7990.795739659459	2635.90608544279	4.341730287555161	2447.5730000000003
8003.780700723596	2640.2504674145707	4.3470344433832135	2448.5730000000003
8016.782538961895	2644.6001559047127	4.352343324680099	2449.5730000000003
8029.801269790115	2648.9551556399	4.357656933880367	2450.5730000000003
8042.83690863133	2653.3154713492518	4.362975273418568	2451.5730000000003
8055.889470915895	2657.681107764327	4.368298345729249	2452.5730000000003
8068.958972081489	2662.0520696191134	4.37362615324696	2453.5730000000003
8082.045427573088	2666.428361650035	4.378958698406249	2454.5730000000003
8095.148852842967	2670.8099885959505	4.384295983641666	2455.5730000000003
8108.2692633507	2675.196955198155	4.389638011387756	2456.5730000000003
8121.406674563189	2679.5892662003753	4.394984784079074	2457.5730000000003
8134.561101954607	2683.9869263487726	4.400336304150163	2458.5730000000003
8147.732561006457	2688.3899403919477	4.405692574035576	2459.5730000000003
8160.921067207531	2692.798313080927	4.411053596169859	2460.5730000000003
8174.126636053937	2697.2120491691812	4.416419372987564	2461.5730000000003
8187.349283049064	2701.6311534126075	4.421789906923235	2462.5730000000003
8200.589023703633	2706.055630569546	4.427165200411425	2463.5730000000003
8213.845873535645	2710.4854854007613	4.432545255886681	2464.5730000000003
8227.119848070426	2714.920722669458	4.4379300757835525	2465.5730000000003
8240.410962840582	2719.3613471412796	4.443319662536588	2466.5730000000003
8253.719233386042	2723.807363584296	4.448714018580336	2467.5730000000003
8267.04467525403	2728.2587767690147	4.454113146349346	2468.5730000000003
8280.38730399908	2732.7155914683813	4.459517048278167	2469.5730000000003
8293.747135183014	2737.17781245777	4.464925726801345	2470.5730000000003
8307.124184374981	2741.6454445149925	4.470339184353435	2471.5730000000003
8320.51846715141	2746.1184924202976	4.475757423368979	2472.5730000000003
8333.929999096054	2750.5969609563635	4.481180446282529	2473.5730000000003
8347.358795799952	2755.080854908307	4.486608255528633	2474.5730000000003
8360.80487286146	2759.5701790636767	4.492040853541841	2475.5730000000003
8374.268245886238	2764.0649382124575	4.497478242756702	2476.5730000000003
8387.74893048724	2768.5651371470685	4.502920425607765	2477.5730000000003
8401.246942284723	2773.070780662363	4.508367404529576	2478.5730000000003
8414.762296906254	2777.5818735556304	4.513819181956684	2479.5730000000003
8428.29500998671	2782.0984206265903	4.519275760323643	2480.5730000000003
8441.845097168258	2786.620426677401	4.524737142064996	2481.5730000000003
8455.412574100377	2791.1478965126566	4.530203329615294	2482.5730000000003
8468.997456439844	2795.6808349393805	4.5356743254090865	2483.5730000000003
8482.599759850744	2800.219246767034	4.541150131880921	2484.5730000000003
8496.219500004467	2804.763136807512	4.546630751465347	2485.5730000000003
8509.856692579704	2809.312509875147	4.552116186596915	2486.5730000000003
8523.511353262445	2813.8673707867006	4.557606439710169	2487.5730000000003
8537.183497745998	2818.4277243613724	4.563101513239664	2488.5730000000003
8550.873141730957	2822.9935754207972	4.568601409619944	2489.5730000000003
8564.58030092523	2827.5649287890415	4.574106131285561	2490.5730000000003
8578.304991044031	2832.1417892926074	4.579615680671061	2491.5730000000003
8592.047227809866	2836.7241617604354	4.585130060210995	2492.5730000000003
8605.807026952556	2841.3120510238928	4.59064927233991	2493.5730000000003
8619.584404209218	2845.9054619167887	4.596173319492356	2494.5730000000003
8633.379375324283	2850.5043992753644	4.601702204102883	2495.5730000000003
8647.19195604947	2855.108867938293	4.607235928606038	2496.5730000000003
8661.022162143814	2859.7188727466846	4.612774495436369	2497.5730000000003
8674.870009373653	2864.3344185440856	4.618317907028427	2498.5730000000003
8688.735513512622	2868.9555101764736	4.623866165816759	2499.5730000000003
8702.618690341666	2873.5821524922626	4.629419274235916	2500.5730000000003
8716.519555649029	2878.2143503423003	4.634977234720445	2501.5730000000003
8730.438125230263	2882.8521085798707	4.640540049704896	2502.5730000000003
8744.374414888214	2887.4954320606894	4.6461077216238165	2503.5730000000003
8758.32844043305	2892.144325642908	4.651680252911756	2504.5730000000003
8772.30021768222	2896.7987941871143	4.657257646003263	2505.5730000000003
8786.289762460496	2901.458842556327	4.662839903332886	2506.5730000000003
8800.297090599946	2906.124475616003	4.668427027335175	2507.5730000000003
8814.322217939936	2910.795698234032	4.674019020444678	2508.5730000000003
8828.365160327146	2915.47251528074	4.679615885095945	2509.5730000000003
8842.425933615552	2920.1549316288833	4.685217623723522	2510.5730000000003
8856.50455366644	2924.842952153657	4.690824238761961	2511.5730000000003
8870.601036348391	2929.53658173269	4.69643573264581	2512.5730000000003
8884.715397537304	2934.2358252460417	4.702052107809617	2513.5730000000003
8898.847653116358	2938.9406875762133	4.7076733666879305	2514.5730000000003
8912.99781897606	2943.6511736081343	4.7132995117153005	2515.5730000000003
8927.16591101421	2948.3672882291717	4.718930545326275	2516.5730000000003
8941.35194513591	2953.0890363291264	4.724566469955403	2517.5730000000003
8955.555937253564	2957.8164228002342	4.730207288037233	2518.5730000000003
8969.777903286893	2962.549452537164	4.735853002006314	2519.5730000000003
8984.017859162903	2967.28813043702	4.741503614297194	2520.5730000000003
8998.275820815923	2972.032461399343	4.747159127344426	2521.5730000000003
9012.55180418757	2976.7824503261063	4.752819543582554	2522.5730000000003
9026.845825226768	2981.5381021217167	4.758484865446128	2523.5730000000003
9041.157899889744	2986.2994216930174	4.764155095369697	2524.5730000000003
9055.48804414004	2991.0664139492887	4.7698302357878095	2525.5730000000003
9069.836273948491	2995.839083802237	4.775510289135017	2526.5730000000003
9084.202605293238	3000.617436166012	4.781195257845865	2527.5730000000003
9098.587054159718	3005.401475957195	4.786885144354904	2528.5730000000003
9112.989636540686	3010.1912080947995	4.792579951096681	2529.5730000000003
9127.410368436196	3014.9866375002757	4.798279680505747	2530.5730000000003
9141.849265853594	3019.787769097511	4.80398433501665	2531.5730000000003
9156.30634480755	3024.5946078128227	4.809693917063939	2532.5730000000003
9170.781621320017	3029.407158574963	4.8154084290821615	2533.5730000000003
9185.275111420271	3034.2254263151217	4.821127873505869	2534.5730000000003
9199.786831144873	3039.049415966922	4.826852252769608	2535.5730000000003
9214.316796537698	3043.8791324664194	4.832581569307927	2536.5730000000003
9228.865023649927	3048.7145807521065	4.838315825555377	2537.5730000000003
9243.431528540044	3053.5557657649124	4.844055023946506	2538.5730000000003
9258.016327273821	3058.402692448193	4.849799166915861	2539.5730000000003
9272.619435924356	3063.2553657477474	4.855548256897992	2540.5730000000003
9287.240870572045	3068.113790611805	4.86130229632745	2541.5730000000003
9301.88064730457	3072.9779719910302	4.867061287638781	2542.5730000000003
9316.538782216938	3077.8479148385213	4.872825233266534	2543.5730000000003
9331.215291411452	3082.723624109812	4.878594135645259	2544.5730000000003
9345.910190997718	3087.605104762875	4.884367997209505	2545.5730000000003
9360.623497092649	3092.492361758105	4.89014682039382	2546.5730000000003
9375.355225820449	3097.3854000583456	4.895930607632753	2547.5730000000003
9390.105393312644	3102.2842246288687	4.901719361360852	2548.5730000000003
9404.874015708052	3107.1888404373763	4.907513084012667	2549.5730000000003
9419.661109152796	3112.099252454013	4.913311778022745	2550.5730000000003
9434.466689800309	3117.0154656513523	4.919115445825637	2551.5730000000003
9449.29077381132	3121.9374850044064	4.924924089855893	2552.5730000000003
9464.133377353868	3126.8653154906174	4.9307377125480585	2553.5730000000003
9478.994516603289	3131.798962089868	4.936556316336685	2554.5730000000003
9493.874207742218	3136.7384297844683	4.942379903656317	2555.5730000000003
9508.772466960618	3141.6837235591684	4.948208476941509	2556.5730000000003
9523.689310455728	3146.6348484011505	4.954042038626806	2557.5730000000003
9538.624754432101	3151.591809300034	4.959880591146757	2558.5730000000003
9553.5788151016	3156.554611247868	4.965724136935913	2559.5730000000003
9568.551508683384	3161.5232592391403	4.971572678428821	2560.5730000000003
9583.542851403921	3166.4977582707716	4.977426218060032	2561.5730000000003
9598.55285949697	3171.4781133421175	4.983284758264091	2562.5730000000003
9613.581549203613	3176.4643294549687	4.98914830147555	2563.5730000000003
9628.62893677222	3181.456411613551	4.995016850128956	2564.5730000000003
9643.695038458472	3186.4543648245194	5.0008904066588595	2565.5730000000003
9658.779870525355	3191.4581940969706	5.006768973499808	2566.5730000000003
9673.883449243149	3196.467904442433	5.012652553086351	2567.5730000000003
9689.00579088945	3201.4835008748705	5.018541147853037	2568.5730000000003
9704.14691174915	3206.504988410679	5.024434760234415	2569.5730000000003
9719.306828114446	3211.532372068689	5.0303333926650335	2570.5730000000003
9734.485556284835	3216.5656568701706	5.036237047579441	2571.5730000000003
9749.683112567136	3221.6048478388207	5.042145727412188	2572.5730000000003
9764.899513275443	3226.6499500007776	5.048059434597821	2573.5730000000003
9780.13477473117	3231.7009683846127	5.053978171570891	2574.5730000000003
9795.38891326304	3236.7579080213272	5.059901940765945	2575.5730000000003
9810.661945207068	3241.820773944363	5.065830744617532	2576.5730000000003
9825.953886906578	3246.889571189593	5.071764585560203	2577.5730000000003
9841.264754712192	3251.9643047953264	5.077703466028504	2578.5730000000003
9856.59456498185	3257.044979802303	5.083647388456985	2579.5730000000003
9871.943334080781	3262.1316012537036	5.089596355280197	2580.5730000000003
9887.311078381521	3267.22417419514	5.095550368932685	2581.5730000000003
9902.697814263905	3272.322703674658	5.1015094318489975	2582.5730000000003
9918.103558115094	3277.4271947427374	5.107473546463687	2583.5730000000003
9933.528326329522	3282.5376524522962	5.113442715211301	2584.5730000000003
9948.972135308952	3287.6540818586827	5.119416940526387	2585.5730000000003
9964.435001462434	3292.7764880196823	5.125396224843496	2586.5730000000003
9979.916941206331	3297.904875995515	5.131380570597175	2587.5730000000003
9995.417970964303	3303.039250848834	5.137369980221973	2588.5730000000003
10010.938107167318	3308.179617644727	5.14336445615244	2589.5730000000003
10026.477366253643	3313.3259814507182	5.149364000823122	2590.5730000000003
10042.035764668855	3318.478347336765	5.1553686166685715	2591.5730000000003
10057.613318865839	3323.636720375259	5.161378306123336	2592.5730000000003
10073.210045304768	3328.801105641026	5.167393071621964	2593.5730000000003
10088.825960453127	3333.971508211329	5.173412915599003	2594.5730000000003
10104.461080785699	3339.147933165862	5.179437840489001	2595.5730000000003
10120.115422784591	3344.3303855867557	5.185467848726512	2596.5730000000003
10135.789002939193	3349.5188705585756	5.191502942746082	2597.5730000000003
10151.4818377462	3354.713393168321	5.197543124982258	2598.5730000000003
10167.193943709619	3359.9139585054236	5.20358839786959	2599.5730000000003
10182.92533734076	3365.1205716617555	5.209638763842627	2600.5730000000003
10198.67603515823	3370.3332377316165	5.21569422533592	2601.5730000000003
10214.446053687941	3375.5519618117455	5.221754784784014	2602.5730000000003
10230.235409463112	3380.7767490013143	5.227820444621459	2603.5730000000003
10246.044119024275	3386.0076044019293	5.233891207282807	2604.5730000000003
10261.872198919242	3391.2445331176323	5.239967075202603	2605.5730000000003
10277.719665703144	3396.4875402548996	5.246048050815396	2606.5730000000003
10293.586535938415	3401.736630922639	5.252134136555737	2607.5730000000003
10309.47282619479	3406.9918102321976	5.258225334858172	2608.5730000000003
10325.378553049315	3412.253083297354	5.264321648157253	2609.5730000000003
10341.303733086324	3417.520455234323	5.270423078887527	2610.5730000000003
10357.248382897473	3422.7939311617515	5.276529629483543	2611.5730000000003
10373.21251908171	3428.073516200722	5.282641302379849	2612.5730000000003
10389.196158245288	3433.3592154747557	5.288758100010996	2613.5730000000003
10405.199317001758	3438.651034109802	5.294880024811531	2614.5730000000003
10421.222011971993	3443.9489772342476	5.301007079216003	2615.5730000000003
10437.264259784155	3449.253049978913	5.307139265658961	2616.5730000000003
10453.326077073707	3454.5632574770557	5.313276586574954	2617.5730000000003
10469.40748048343	3459.8796048643667	5.319419044398531	2618.5730000000003
10485.508486663397	3465.202097278967	5.32556664156424	2619.5730000000003
10501.629112270988	3470.53073986142	5.331719380506632	2620.5730000000003
10517.769373970885	3475.8655377547175	5.337877263660253	2621.5730000000003
10533.929288435076	3481.2064961042884	5.344040293459654	2622.5730000000003
10550.108872342853	3486.553620057998	5.350208472339382	2623.5730000000003
10566.30814238081	3491.90691476614	5.356381802733987	2624.5730000000003
10582.527115242845	3497.2663853814474	5.362560287078017	2625.5730000000003
10598.76580763016	3502.6320370590893	5.3687439278060225	2626.5730000000003
10615.024236251253	3508.003874956667	5.374932727352549	2627.5730000000003
10631.302417821948	3513.381904234213	5.381126688152149	2628.5730000000003
10647.600369065349	3518.766130054199	5.38732581263937	2629.5730000000003
10663.91810671187	3524.1565575815325	5.39353010324876	2630.5730000000003
10680.255647499233	3529.5531919835494	5.399739562414867	2631.5730000000003
10696.613008172466	3534.9560384300253	5.405954192572243	2632.5730000000003
10712.99020548389	3540.3651020931693	5.412173996155435	2633.5730000000003
10729.387256193135	3545.780388147624	5.41839897559899	2634.5730000000003
10745.804177067144	3551.2019017704656	5.42462913333746	2635.5730000000003
10762.24098488015	3556.6296481412073	5.430864471805392	2636.5730000000003
10778.697696413696	3562.0636324417987	5.437104993437336	2637.5730000000003
10795.174328456633	3567.503859856615	5.443350700667841	2638.5730000000003
10811.670897805096	3572.950335572478	5.449601595931452	2639.5730000000003
10828.187421262544	3578.4030647786344	5.455857681662721	2640.5730000000003
10844.72391563974	3583.862052666771	5.462118960296198	2641.5730000000003
10861.280397754741	3589.327304431004	5.46838543426643	2642.5730000000003
10877.85688443291	3594.7988252678933	5.474657106007967	2643.5730000000003
10894.45339250691	3600.276620376423	5.480933977955356	2644.5730000000003
10911.069938816716	3605.760694958017	5.487216052543147	2645.5730000000003
10927.706540209601	3611.2510542165355	5.493503332205888	2646.5730000000003
10944.363213540146	3616.7477033582663	5.499795819378129	2647.5730000000003
10961.039975670232	3622.250647591939	5.506093516494417	2648.5730000000003
10977.736843469043	3627.7598921287145	5.512396425989303	2649.5730000000003
10994.45383381307	3633.275442182189	5.518704550297334	2650.5730000000003
11011.190963586105	3638.797302968392	5.52501789185306	2651.5730000000003
11027.948249679248	3644.3254797057875	5.531336453091031	2652.5730000000003