9.742712e-8	7.78799e-13	1.047129e-10	930.428808666363
9.969651e-8	8.092866e-13	1.0715190000000001e-10	930.4297850677403
1.020188e-7	8.409501e-13	1.096478e-10	930.4303501766565
1.043951e-7	8.73834e-13	1.1220180000000002e-10	930.4304728979391
1.068268e-7	9.079846e-13	1.148154e-10	930.4301338026083
1.093151e-7	9.434498e-13	1.174898e-10	930.4300752048265
1.118614e-7	9.802794e-13	1.202264e-10	930.4310890070733
1.14467e-7	1.018525e-12	1.230269e-10	930.4308124889759
1.171333e-7	1.05824e-12	1.258925e-10	930.4315844073315
1.198618e-7	1.09948e-12	1.28825e-10	930.4319773335923
1.226537e-7	1.142303e-12	1.318257e-10	930.4319438698221
1.255107e-7	1.186768e-12	1.348963e-10	930.4323896800727
1.284343e-7	1.232937e-12	1.380384e-10	930.4333644623524
1.314259e-7	1.280874e-12	1.412538e-10	930.4328865772108
1.344873e-7	1.330647e-12	1.4454399999999998e-10	930.4338516091987
1.376199e-7	1.382322e-12	1.479108e-10	930.4343044726957
1.408255e-7	1.435974e-12	1.513561e-10	930.4344917317505
1.441058e-7	1.491674e-12	1.548817e-10	930.4345941063405
1.474625e-7	1.549501e-12	1.584893e-10	930.435363781656
1.508974e-7	1.609534e-12	1.62181e-10	930.4358065001448
1.544122e-7	1.671855e-12	1.6595870000000001e-10	930.4355351964074
1.58009e-7	1.736551e-12	1.698244e-10	930.4360065514733
1.616896e-7	1.80371e-12	1.737801e-10	930.43682049901
1.654558e-7	1.873423e-12	1.7782789999999997e-10	930.4370878979058
1.693098e-7	1.945787e-12	1.8197010000000002e-10	930.4371750468895
1.732536e-7	2.0209e-12	1.862087e-10	930.4378415186832
1.772893e-7	2.098865e-12	1.905461e-10	930.4383499058758
1.814189e-7	2.179788e-12	1.9498450000000002e-10	930.4384696629733
1.856447e-7	2.263778e-12	1.9952619999999999e-10	930.4390289495815
1.89969e-7	2.350951e-12	2.041738e-10	930.4394146114731
1.94394e-7	2.441423e-12	2.089296e-10	930.4399253289146
1.989221e-7	2.535318e-12	2.1379620000000003e-10	930.4404630110357
2.035557e-7	2.632763e-12	2.187762e-10	930.4409381047847
2.082971e-7	2.733888e-12	2.238721e-10	930.441238046188
2.131491e-7	2.838831e-12	2.290868e-10	930.4418186949225
2.18114e-7	2.947732e-12	2.344229e-10	930.4421527589667
2.231946e-7	3.060738e-12	2.398833e-10	930.4426808285529
2.2839360000000003e-7	3.178e-12	2.454709e-10	930.4433967529349
2.337136e-7	3.299676e-12	2.511886e-10	930.443896243699
2.391576e-7	3.425927e-12	2.570396e-10	930.4442814531302
2.447283e-7	3.556923e-12	2.630268e-10	930.4445665726839
2.504289e-7	3.692838e-12	2.691535e-10	930.4452397535234
2.562622e-7	3.833852e-12	2.754229e-10	930.445630526728
2.622314e-7	3.980154e-12	2.818383e-10	930.4462174019641
2.683397e-7	4.131936e-12	2.884032e-10	930.4467909371325
2.745902e-7	4.289401e-12	2.951209e-10	930.4474518781965
2.809863e-7	4.452756e-12	3.019952e-10	930.4477447191213
2.875314e-7	4.622216e-12	3.090295e-10	930.448459503057
2.94229e-7	4.798006e-12	3.162278e-10	930.4488663109314
3.010826e-7	4.980355e-12	3.2359370000000006e-10	930.4494505146422
3.080958e-7	5.169504e-12	3.3113109999999996e-10	930.4501132753766
3.152724e-7	5.3657e-12	3.3884420000000004e-10	930.4505306568625
3.226162e-7	5.5692e-12	3.4673690000000003e-10	930.4512130090568
3.30131e-7	5.780271e-12	3.548134e-10	930.4518382648456
3.378209e-7	5.999186e-12	3.6307810000000007e-10	930.4524265881088
3.456899e-7	6.226231e-12	3.715352e-10	930.4532282028728
3.537422e-7	6.461702e-12	3.801894e-10	930.4537730457502
3.619821e-7	6.705902e-12	3.890451e-10	930.4546077100059
3.704139e-7	6.95915e-12	3.9810719999999997e-10	930.4550612247153
3.790421e-7	7.221772e-12	4.0738029999999993e-10	930.4556989427324
3.878713e-7	7.494107e-12	4.168694e-10	930.456382999088
3.969062e-7	7.776505e-12	4.265795e-10	930.4572219363565
4.061515e-7	8.069331e-12	4.365158e-10	930.4578879641928
4.156121e-7	8.372959e-12	4.466836e-10	930.4583220852522
4.252932e-7	8.68778e-12	4.570882e-10	930.4591275381862
4.351997e-7	9.014195e-12	4.677351000000001e-10	930.459814102042
4.453371e-7	9.352621e-12	4.786301e-10	930.4606054257767
4.557105e-7	9.703489e-12	4.897788e-10	930.4612684113728
4.6632559999999994e-7	1.006725e-11	5.011871999999999e-10	930.4620454193562
4.77188e-7	1.044435e-11	5.128614e-10	930.4627806849962
4.883034e-7	1.083529e-11	5.248075e-10	930.4635228917269
4.996777e-7	1.124055e-11	5.370318e-10	930.4643422419305
5.113169e-7	1.166065e-11	5.495409e-10	930.4649765831806
5.232273e-7	1.209611e-11	5.623413e-10	930.465886304278
5.354151e-7	1.254748e-11	5.754399000000001e-10	930.4666698989764
5.478868e-7	1.301533e-11	5.888436999999999e-10	930.4673130238125
5.606491e-7	1.350025e-11	6.025595999999999e-10	930.4682893609197
5.737086e-7	1.400285e-11	6.16595e-10	930.469113194236
5.870723e-7	1.452374e-11	6.309573e-10	930.4699759238857
6.007473e-7	1.506358e-11	6.456542e-10	930.4707745725187
6.147409e-7	1.562305e-11	6.606934000000001e-10	930.4717181222031
6.290604e-7	1.620283e-11	6.760829999999999e-10	930.4724461789453
6.437135e-7	1.680365e-11	6.918309999999999e-10	930.4733434176845
6.587079e-7	1.742624e-11	7.079458e-10	930.4742343834796
6.740516e-7	1.807139e-11	7.244359999999999e-10	930.4751163525833
6.897527e-7	1.873987e-11	7.413102e-10	930.4761216964235
7.058195e-7	1.943253e-11	7.585775999999999e-10	930.4768985137447
7.222606e-7	2.01502e-11	7.762471000000001e-10	930.4778725743387
7.390847e-7	2.089377e-11	7.943281999999999e-10	930.4788546724138
7.563007e-7	2.166414e-11	8.128305e-10	930.4798037721271
7.739177e-7	2.246226e-11	8.317638000000001e-10	930.4806992802523
7.919451e-7	2.32891e-11	8.51138e-10	930.4817657066186
8.103925e-7	2.414567e-11	8.709636e-10	930.482795917074
8.292695e-7	2.5033e-11	8.912509e-10	930.4838098901218
8.485863e-7	2.595218e-11	9.120107999999999e-10	930.4848716484498
8.68353e-7	2.690431e-11	9.332542999999998e-10	930.4858325431771
8.885802e-7	2.789054e-11	9.549926e-10	930.486886013567
9.092785e-7	2.891207e-11	9.772372e-10	930.4879225535009
9.304590000000001e-7	2.997011e-11	1.0000000000000003e-9	930.48897011
9.521329e-7	3.106595e-11	1.023293e-9	930.4900609600573
9.743117e-7	3.220089e-11	1.047129e-9	930.4907999778443
9.970071e-7	3.33763e-11	1.071519e-9	930.4925776397806
1.020231e-6	3.459357e-11	1.096478e-9	930.4934468087824
1.043996e-6	3.585415e-11	1.122018e-9	930.4947462072801
1.068315e-6	3.715955e-11	1.148154e-9	930.4955254695799
1.0932e-6	3.851132e-11	1.174898e-9	930.4965293327591
1.118665e-6	3.991105e-11	1.202264e-9	930.4985519403393
1.144723e-6	4.13604e-11	1.230269e-9	930.4992326068526
1.171388e-6	4.286109e-11	1.2589250000000002e-9	930.5009123577655
1.198674e-6	4.441488e-11	1.28825e-9	930.5013893887057
1.226596e-6	4.60236e-11	1.3182569999999998e-9	930.5029471491522
1.255168e-6	4.768913e-11	1.348963e-9	930.5041644062884
1.284406e-6	4.941343e-11	1.380384e-9	930.5058689683452
1.314324e-6	5.119851e-11	1.412538e-9	930.5060809054341
1.34494e-6	5.304646e-11	1.4454400000000001e-9	930.5076976284039
1.376269e-6	5.495944e-11	1.479108e-9	930.5094417987057
1.408328e-6	5.693966e-11	1.513561e-9	930.51085464015
1.441133e-6	5.898942e-11	1.548817e-9	930.5114738668287
1.474703e-6	6.11111e-11	1.584893e-9	930.5133602710088
1.509055e-6	6.330715e-11	1.62181e-9	930.5148612661162
1.544207e-6	6.558011e-11	1.659587e-9	930.5161947580934
1.580177e-6	6.79326e-11	1.6982440000000002e-9	930.5170120430279
1.616986e-6	7.036732e-11	1.7378010000000003e-9	930.5187229838168
1.654652e-6	7.288706e-11	1.778279e-9	930.520400375869
1.693196e-6	7.549472e-11	1.819701e-9	930.5218245854677
1.732637e-6	7.819327e-11	1.8620869999999998e-9	930.523221133062
1.772997e-6	8.098581e-11	1.905461e-9	930.5244168261643
1.814298e-6	8.38755e-11	1.949845e-9	930.5262087499264
1.85656e-6	8.686564e-11	1.995262e-9	930.5278533044784
1.8998069999999998e-6	8.995962e-11	2.041738e-9	930.5292645873271
1.944061e-6	9.316096e-11	2.089296e-9	930.5307438295005
1.989346e-6	9.647326e-11	2.1379620000000006e-9	930.5321952682041
2.035687e-6	9.990029e-11	2.187762e-9	930.5339887474048
2.083106e-6	1.034459e-10	2.238721e-9	930.5355360940467
2.13163e-6	1.071141e-10	2.290868e-9	930.536859434939
2.181285e-6	1.109089e-10	2.344229e-9	930.5387438257952
2.232096e-6	1.148347e-10	2.398833e-9	930.5403230237371
2.284091e-6	1.188959e-10	2.454709e-9	930.5420299921495
2.337297e-6	1.230969e-10	2.511886e-9	930.5438610271327
2.391743e-6	1.274425e-10	2.5703959999999997e-9	930.545504467016
2.447457e-6	1.319375e-10	2.630268e-9	930.5473577217227
2.504468e-6	1.365869e-10	2.691535e-9	930.5487712030496
2.562808e-6	1.413959e-10	2.754229e-9	930.5505809066713
2.622507e-6	1.463698e-10	2.818383e-9	930.5525082290093
2.683597e-6	1.515141e-10	2.8840319999999994e-9	930.5543468657769
2.746109e-6	1.568345e-10	2.9512089999999995e-9	930.5562006960538
2.810078e-6	1.623369e-10	3.019952e-9	930.5579482389123
2.875537e-6	1.680272e-10	3.0902949999999996e-9	930.5600362424946
2.942521e-6	1.739118e-10	3.162278e-9	930.5617380255626
3.011065e-6	1.799971e-10	3.235937e-9	930.5635422135845
3.081206e-6	1.862899e-10	3.311311e-9	930.5656550834398
3.152981e-6	1.927969e-10	3.388442e-9	930.5674398145223
3.226428e-6	1.995252e-10	3.467369e-9	930.5694101781495
3.301586e-6	2.064823e-10	3.548134e-9	930.5715292319851
3.378494e-6	2.136757e-10	3.630781e-9	930.5732501354393
3.457195e-6	2.211132e-10	3.7153519999999994e-9	930.575652912564
3.537728e-6	2.288028e-10	3.801894e-9	930.5774445052913
3.620138e-6	2.36753e-10	3.890451e-9	930.579707339843
3.704468e-6	2.449722e-10	3.981072e-9	930.5817559190086
3.790762e-6	2.534695e-10	4.073803e-9	930.5838965458075
3.879066e-6	2.622538e-10	4.168694e-9	930.5859949902775
3.969427e-6	2.713348e-10	4.265795000000001e-9	930.5881634724594
4.061893e-6	2.807222e-10	4.365158e-9	930.5903067426196
4.156514e-6	2.90426e-10	4.466836e-9	930.5925773858721
4.253338e-6	3.004567e-10	4.570882e-9	930.5946766291495
4.352418e-6	3.108249e-10	4.677351e-9	930.5970034962097
4.453806e-6	3.215419e-10	4.786301e-9	930.599129035136
4.538835e-6	3.306119e-10	4.877671e-9	930.6010208355586
4.675023e-6	3.30612e-10	5.024015000107458e-9	930.601045558184
4.772363e-6	3.407815e-10	5.128614e-9	930.6030404120879
4.883534e-6	3.525066e-10	5.248075000000001e-9	930.6053184453347
4.997294e-6	3.646249e-10	5.370318e-9	930.6075775959636
5.113705e-6	3.771492e-10	5.4954089999999994e-9	930.6099235197962
5.232827e-6	3.900928e-10	5.623413e-9	930.6122621262211
5.354725e-6	4.034695e-10	5.754399e-9	930.6147296181581
5.479462e-6	4.172934e-10	5.888437e-9	930.6169520706429
5.607105e-6	4.31579e-10	6.025596000000001e-9	930.6194074411893
5.737721e-6	4.463415e-10	6.16595e-9	930.6217762875144
5.871381e-6	4.615965e-10	6.309573e-9	930.6244014452324
6.008154e-6	4.773598e-10	6.456542e-9	930.6268525473853
6.148113e-6	4.936482e-10	6.606933999999999e-9	930.6293430810722
6.291332e-6	5.104787e-10	6.76083e-9	930.631664854759
6.437888e-6	5.278688e-10	6.918310000000001e-9	930.634196617382
6.587859e-6	5.458369e-10	7.079458e-9	930.6368986015597
6.741322e-6	5.644017e-10	7.24436e-9	930.6393389754237
6.898361e-6	5.835826e-10	7.413102e-9	930.642068947655
7.059059e-6	6.033995e-10	7.585776e-9	930.6447223725035
7.2235e-6	6.238732e-10	7.762471e-9	930.6474540387977
7.391771e-6	6.450248e-10	7.943282e-9	930.6500795011433
7.563963e-6	6.668763e-10	8.128305e-9	930.6528084637573
7.740166e-6	6.894505e-10	8.317637999999998e-9	930.6554878320024
7.920474e-6	7.127707e-10	8.51138e-9	930.6583386830338
8.104983e-6	7.36861e-10	8.709636e-9	930.6611505922866
8.293789e-6	7.617464e-10	8.912509e-9	930.6639405805929
8.486994e-6	7.874525e-10	9.120108e-9	930.6667697904454
8.684701e-6	8.140058e-10	9.332543e-9	930.669701259346
8.887013e-6	8.414337e-10	9.549926e-9	930.6725972222193
9.094038e-6	8.697645e-10	9.772371999999998e-9	930.6755580426126
9.305886e-6	8.990271e-10	1.e-8	930.67850271
9.522669e-6	9.292518e-10	1.023293e-8	930.6814618882372
9.744502e-6	9.604694e-10	1.047129e-8	930.6840388720016
9.971504e-6	9.927119e-10	1.071519e-8	930.6878097261924
0.00001020379	1.026012e-9	1.0964780000000002e-8	930.6904481439664
0.00001044149	1.060405e-9	1.1220179999999998e-8	930.6936613316362
0.00001068473	1.095924e-9	1.148154e-8	930.6962240256969
0.00001093364	1.132607e-9	1.174898e-8	930.6997379346973
0.00001118834	1.170491e-9	1.202264e-8	930.7032807270284
0.00001144898	1.209614e-9	1.230269e-8	930.7061800305462
0.00001171569	1.250016e-9	1.258925e-8	930.7099323629286
0.00001198861	1.291738e-9	1.28825e-8	930.7123413933631
0.00001226789	1.334822e-9	1.318257e-8	930.7156967116427
0.00001255368	1.379313e-9	1.3489630000000002e-8	930.7193238806401
0.00001284613	1.425255e-9	1.3803840000000001e-8	930.7232809855808
0.00001314539	1.472695e-9	1.4125379999999998e-8	930.7263022304534
0.00001345162	1.52168e-9	1.44544e-8	930.729859419969
0.00001376498	1.57226e-9	1.479108e-8	930.733405539014
0.00001408565	1.624487e-9	1.513561e-8	930.7371481559052
0.00001441378	1.678413e-9	1.548817e-8	930.7399397733883
0.00001474956	1.734091e-9	1.584893e-8	930.7438477550221
0.00001509316	1.791579e-9	1.6218099999999996e-8	930.7472255689632
0.00001544477	1.850934e-9	1.6595870000000003e-8	930.7508997117957
0.00001580457	1.912216e-9	1.6982440000000004e-8	930.7544861633544
0.00001617275	1.975486e-9	1.737801e-8	930.7582102899008
0.00001654951	2.040808e-9	1.778279e-8	930.7623161494905
0.00001693504	2.108247e-9	1.819701e-8	930.7654525111543
0.00001732956	2.17787e-9	1.8620870000000003e-8	930.7695005657631
0.00001773327	2.249748e-9	1.9054609999999996e-8	930.7731697473735
0.00001814639	2.323952e-9	1.949845e-8	930.7772644492253
0.00001856912	2.400556e-9	1.995262e-8	930.7810481029559
0.00001900171	2.479638e-9	2.041738e-8	930.7849311713843
0.00001944438	2.561274e-9	2.089296e-8	930.7891880327153
0.00001989735	2.645548e-9	2.137962e-8	930.7927618919325
0.00002036089	2.732543e-9	2.187762e-8	930.7969762250191
0.00002083522	2.822346e-9	2.238721e-8	930.801218463578
0.0000213206	2.915045e-9	2.290868e-8	930.8050505310651
0.00002181729	3.010733e-9	2.344229e-8	930.8092653490764
0.00002232555	3.109505e-9	2.398833e-8	930.8134207341653
0.00002284565	3.211459e-9	2.4547090000000004e-8	930.8175208955521
0.00002337787	3.316696e-9	2.5118860000000003e-8	930.8219678759307
0.00002392249	3.42532e-9	2.5703959999999997e-8	930.8260408123884
0.0000244798	3.53744e-9	2.6302680000000005e-8	930.8305252544607
0.00002505009	3.653165e-9	2.691535e-8	930.8347528454952
0.00002563367	3.77261e-9	2.754229e-8	930.8391789498985
0.00002623084	3.895894e-9	2.8183830000000005e-8	930.8435331181034
0.00002684193	4.023137e-9	2.8840320000000005e-8	930.8479634414597
0.00002746725	4.154466e-9	2.9512090000000002e-8	930.852557917789
0.00002810714	4.29001e-9	3.019952e-8	930.8568483869942
0.00002876195	4.429903e-9	3.090295e-8	930.8619372260578
0.000029432	4.574283e-9	3.162278e-8	930.8661124354026
0.00003011767	4.723291e-9	3.235937e-8	930.8708201364859
0.00003081931	4.877074e-9	3.311311e-8	930.8756282330471
0.0000315373	5.035783e-9	3.388442e-8	930.8802034386305
0.00003227202	5.199575e-9	3.4673690000000004e-8	930.8850478561699
0.00003302385	5.36861e-9	3.548134e-8	930.8898313874276
0.00003379321	5.543054e-9	3.630781000000001e-8	930.8948420188383
0.00003458048	5.723078e-9	3.715352e-8	930.8997661056071
0.0000353861	5.908859e-9	3.801894e-8	930.9046716978434
0.00003621049	6.100579e-9	3.890451e-8	930.9098245678972
0.00003705408	6.298425e-9	3.981072e-8	930.9145482674014
0.00003791733	6.502591e-9	4.073803e-8	930.9196490601042
0.0000388007	6.713277e-9	4.168694e-8	930.9249677956693
0.00003970464	6.930689e-9	4.265795e-8	930.9301241386424
0.00004062964	7.155039e-9	4.3651580000000004e-8	930.9352614269632
0.0000415762	7.386547e-9	4.466836000000001e-8	930.9405258442439
0.00004254481	7.625437e-9	4.570882e-8	930.9458313953413
0.00004353598	7.871944e-9	4.677351000000001e-8	930.9511290471894
0.00004455025	8.126309e-9	4.786301e-8	930.9564172625165
0.00004558815	8.388777e-9	4.897787999999999e-8	930.9618704811234
0.00004665024	8.659607e-9	5.011872e-8	930.9675029011116
0.00004773706	8.93906e-9	5.1286140000000005e-8	930.9727552122268
0.00004884922	9.22741e-9	5.248074999999999e-8	930.9784522896492
0.00004998728	9.524937e-9	5.370317999999999e-8	930.984067181869
0.00005115186	9.831929e-9	5.495409e-8	930.9897030230143
0.00005234357	1.014869e-8	5.623413e-8	930.9954415583561
0.00005356305	1.047552e-8	5.7543990000000006e-8	931.0012308844068
0.00005481094	1.081274e-8	5.888436999999999e-8	931.0068654890932
0.00005608791	1.116067e-8	6.025596e-8	931.0128105170013
0.000057394629999999996	1.151966e-8	6.16595e-8	931.0187345015772
0.00005873179	1.189006e-8	6.309573e-8	931.0246519059214
0.00006010011	1.227221e-8	6.456542e-8	931.0306075605178
0.00006150031	1.26665e-8	6.606934e-8	931.0366427150628
0.00006293314	1.30733e-8	6.76083e-8	931.0426870665287
0.00006439935	1.349302e-8	6.91831e-8	931.0488113426546
0.00006589972	1.392604e-8	7.079457999999999e-8	931.0549768075465
0.00006743505	1.43728e-8	7.24436e-8	931.0611675841619
0.00006900616	1.483373e-8	7.413102e-8	931.0676384865607
0.00007061387	1.530926e-8	7.585776e-8	931.0738843329938
0.00007225904	1.579987e-8	7.762470999999999e-8	931.0803205577195
0.00007394254	1.630602e-8	7.943281999999999e-8	931.0867475182173
0.00007566527	1.682821e-8	8.128305e-8	931.0932378890802
0.00007742814	1.736693e-8	8.317638000000002e-8	931.0997536800711
0.00007923208	1.792272e-8	8.51138e-8	931.1063860384567
0.00008107806	1.849609e-8	8.709636e-8	931.1130349190254
0.00008296705	1.908762e-8	8.912509e-8	931.1198184484302
0.00008490005	1.969786e-8	9.120108000000001e-8	931.1265596854773
0.00008687809	2.03274e-8	9.332543e-8	931.1333191821351
0.00008890223	2.097686e-8	9.549926000000002e-8	931.1402712439865
0.00009097352	2.164686e-8	9.772372e-8	931.1471857600181
0.00009309308	2.233804e-8	9.999999999999998e-8	931.1541804000001
0.00009526202	2.305107e-8	1.0232929999999999e-7	931.1611734859908
0.00009748151	2.378664e-8	1.0471290000000001e-7	931.1679519906335
0.0000997527	2.454544e-8	1.071519e-7	931.1756995442918
0.0001020768	2.532822e-8	1.0964780000000002e-7	931.1826431538069
0.0001044551	2.613572e-8	1.1220180000000002e-7	931.1903705644651
0.0001068888	2.696873e-8	1.148154e-7	931.1971105792429
0.0001093792	2.782803e-8	1.174898e-7	931.2044792824568
0.0001119276	2.871447e-8	1.202264e-7	931.2123998556058
0.0001145354	2.962888e-8	1.230269e-7	931.2193421113595
0.000117204	3.057214e-8	1.2589249999999996e-7	931.2276119705305
0.0001199348	3.154517e-8	1.28825e-7	931.2349712400544
0.0001227291	3.254889e-8	1.318257e-7	931.242154526773
0.0001255886	3.358427e-8	1.348963e-7	931.2500362871333
0.0001285148	3.465231e-8	1.3803839999999998e-7	931.2586375240514
0.0001315091	3.575401e-8	1.412538e-7	931.265948314311
0.0001345732	3.689045e-8	1.44544e-7	931.2741480102943
0.0001377086	3.806271e-8	1.479108e-7	931.281980152903
0.0001409172	3.927191e-8	1.513561e-7	931.2903273141949
0.0001442005	4.051922e-8	1.548817e-7	931.2980114500293
0.0001475603	4.180582e-8	1.584893e-7	931.3064403716844
0.0001509984	4.313295e-8	1.62181e-7	931.314598812438
0.0001522496	4.361852e-8	1.6352440000000002e-7	931.3180083216938
0.0001581168	4.397829e-8	1.698244e-7	931.3195176311532
0.0001618009	4.537383e-8	1.7378009999999998e-7	931.3280049326708
0.0001655708	4.681333e-8	1.778279e-7	931.336496297825
0.0001694285	4.829814e-8	1.8197010000000003e-7	931.3442051194124
0.0001733762	4.982969e-8	1.862087e-7	931.3529909719579
0.0001774158	5.140945e-8	1.905461e-7	931.3610168352959
0.0001815496	5.303892e-8	1.949845e-7	931.3696161489759
0.0001857796	5.471966e-8	1.995262e-7	931.378032859845
0.0001901083	5.645329e-8	2.0417380000000003e-7	931.3866582783883
0.0001945378	5.824145e-8	2.089296e-7	931.3952711822548
0.0001990706	6.008585e-8	2.1379619999999998e-7	931.4042337983557
0.000203709	6.198825e-8	2.1877620000000004e-7	931.4129610533503
0.0002084554	6.395048e-8	2.238721e-7	931.421782705393
0.0002133125	6.597441e-8	2.290868e-7	931.4306822130301
0.0002182827	6.806196e-8	2.3442290000000002e-7	931.4395562890827
0.0002233688	7.021512e-8	2.398833e-7	931.4488133188096
0.0002285734	7.243597e-8	2.454709e-7	931.458009768164
0.0002338992	7.47266e-8	2.511886e-7	931.4671390341758
0.0002393492	7.708921e-8	2.570396e-7	931.4762752898774
0.0002449262	7.952605e-8	2.630268e-7	931.4857879501252
0.0002506332	8.203945e-8	2.691535e-7	931.4953714144532
0.0002564731	8.463179e-8	2.754229e-7	931.5047216117468
0.0002624491	8.730556e-8	2.818383e-7	931.5142958213982
0.0002685644	9.006329e-8	2.884032e-7	931.5238641249474
0.0002748222	9.290762e-8	2.951209e-7	931.5338480602355
0.0002812258	9.584125e-8	3.019952e-7	931.5434193987189
0.0002877787	9.886699e-8	3.090295e-7	931.5536768819806
0.0002944843	1.019877e-7	3.1622779999999993e-7	931.5635364759203
0.0003013461	1.052064e-7	3.235937e-7	931.5734713005846
0.0003083678	1.085261e-7	3.311311e-7	931.5836721467721
0.0003155532	1.119499e-7	3.388442e-7	931.5937823341818
0.000322906	1.154813e-7	3.4673689999999997e-7	931.603995132909
0.0003304302	1.191234e-7	3.548134e-7	931.6145427427488
0.0003381298	1.228797e-7	3.630781e-7	931.6251233550028
0.0003460087	1.267539e-7	3.715352e-7	931.6356940069205
0.0003540713	1.307497e-7	3.801894e-7	931.646304973258
0.0003623218	1.348707e-7	3.890451e-7	931.6572055527752
0.0003707645	1.39121e-7	3.9810719999999996e-7	931.6677040756862
0.000379404	1.435046e-7	4.073803e-7	931.6785927056364
0.0003882449	1.480256e-7	4.1686939999999994e-7	931.6896985002976
0.0003972918	1.526884e-7	4.2657950000000004e-7	931.7008632622992
0.0004065495	1.574974e-7	4.365158e-7	931.7119733123062
0.000416023	1.624571e-7	4.466836e-7	931.7231640024393
0.0004257172	1.675723e-7	4.570882e-7	931.7343398932635
0.0004356374	1.728478e-7	4.677351e-7	931.7458702586143
0.0004457888	1.782886e-7	4.786301e-7	931.7572977545709
0.0004561768	1.839e-7	4.897788e-7	931.7689944930241
0.0004668068	1.896872e-7	5.011872000000001e-7	931.7805546510366
0.0004776847	1.956557e-7	5.128614e-7	931.7924018068038
0.000488816	2.018113e-7	5.248074999999999e-7	931.80415923934
0.0005002068	2.081596e-7	5.370318e-7	931.8162529667703
0.000511863	2.147069e-7	5.495409e-7	931.8281985926798
0.0005237909	2.214592e-7	5.623413e-7	931.8404307135186
0.0005359968	2.28423e-7	5.754399e-7	931.8526973885542
0.0005484872	2.35605e-7	5.888437e-7	931.864949900967
0.0005612686	2.430119e-7	6.025596e-7	931.8772979469582
0.000574348	2.506507e-7	6.165950000000001e-7	931.8898964474249
0.0005877322	2.585287e-7	6.309573e-7	931.9025688426141
0.0006014284	2.666534e-7	6.456542e-7	931.9153401309865
0.0006154438	2.750324e-7	6.606934e-7	931.9282323692048
0.0006297858	2.836738e-7	6.76083e-7	931.9410099055883
0.0006444621	2.925858e-7	6.918309999999999e-7	931.9540260554962
0.0006594805	3.017767e-7	7.079458e-7	931.9672165581036
0.0006748489	3.112553e-7	7.244360000000001e-7	931.9804030997907
0.0006905755	3.210305e-7	7.413102e-7	931.9938272804017
0.0007066687	3.311117e-7	7.585776e-7	932.0072352518714
0.0007231369	3.415085e-7	7.762470999999999e-7	932.0207553754467
0.000739989	3.522305e-7	7.943282000000001e-7	932.0344292195593
0.0007707905	3.569864e-7	8.273756e-7	932.0404014815036
0.0007748804	3.595303e-7	8.317637999999999e-7	932.0433641137063
0.0007929382	3.708164e-7	8.51138e-7	932.0568655141705
0.0008114169	3.824555e-7	8.709635999999999e-7	932.07035919756
0.0008303263	3.944589e-7	8.912509000000001e-7	932.0840617383948
0.0008420832	4.019687e-7	9.038643999999999e-7	932.0924341084792
0.0008694773	4.088093e-7	9.332543e-7	932.0997602689856
0.0008897397	4.216374e-7	9.549926e-7	932.1133351190365
0.0009104744	4.348669e-7	9.772372e-7	932.1270894108411
0.0009316923	4.485103e-7	1.e-6	932.1408103
0.0009534047999999999	4.625804e-7	1.023293e-6	932.154700950754
0.0009756234	4.770906e-7	1.047129e-6	932.1683294035405
0.0009983599	4.920546e-7	1.071519e-6	932.1831480356392
0.001021626	5.074866e-7	1.096478e-6	932.1969858036367
0.001045435	5.234013e-7	1.122018e-6	932.2117838572999
0.001069799	5.398137e-7	1.1481539999999999e-6	932.2258283296492
0.00109473	5.567393e-7	1.174898e-6	932.2398534170626
0.001120243	5.741942e-7	1.2022639999999998e-6	932.2554731739451
0.00114635	5.921948e-7	1.230269e-6	932.2694425365507
0.001173066	6.107583e-7	1.2589250000000002e-6	932.2848925074964
0.001200405	6.299022e-7	1.28825e-6	932.2995553658066
0.001228381	6.496446e-7	1.3182569999999998e-6	932.3149011156398
0.001257009	6.700042e-7	1.348963e-6	932.3302449362956
0.001286304	6.910003e-7	1.3803840000000001e-6	932.3456373733686
0.001316283	7.126527e-7	1.4125380000000002e-6	932.3612198043521
0.00134696	7.34982e-7	1.44544e-6	932.3769800199246
0.001378352	7.580093e-7	1.479108e-6	932.3930431719658
0.001410476	7.817563e-7	1.513561e-6	932.4089060830717
0.001443348	8.062455e-7	1.5488170000000002e-6	932.4240665617693
0.001476987	8.315002e-7	1.584893e-6	932.4405497405818
0.00151141	8.575441e-7	1.62181e-6	932.4566651457322
0.001546636	8.84402e-7	1.6595870000000002e-6	932.4732008626243
0.001582683	9.120992e-7	1.6982439999999998e-6	932.4897359861128
0.00161957	9.406619e-7	1.7378009999999997e-6	932.5064618445956
0.001657316	9.701172e-7	1.7782789999999998e-6	932.523027713874
0.001695943	1.000493e-6	1.8197010000000002e-6	932.5397375722715
0.001735471	1.031818e-6	1.8620869999999998e-6	932.5572961950758
0.001739608	1.03511e-6	1.866524e-6	932.5586544828782
0.00181731	1.051185e-6	1.949845e-6	932.567042508507
0.001859665	1.084093e-6	1.995262e-6	932.5838376113012
0.001903008	1.11803e-6	2.041738e-6	932.6005736289377
0.001947361	1.153027e-6	2.089296e-6	932.6175070454354
0.001992748	1.189118e-6	2.137962e-6	932.6344986487131
0.002039193	1.226336e-6	2.1877619999999994e-6	932.6514200356346
0.002086721	1.264716e-6	2.238721e-6	932.6690177114523
0.002135357	1.304296e-6	2.290868e-6	932.6863424693173
0.002185127	1.345112e-6	2.3442290000000005e-6	932.7041479309399
0.002236057	1.387203e-6	2.398833e-6	932.721953966783
0.002288174	1.430608e-6	2.4547090000000004e-6	932.7397292306338
0.002341506	1.47537e-6	2.511886e-6	932.7578441059826
0.002396082	1.52153e-6	2.5703960000000003e-6	932.7759341362187
0.00245193	1.569131e-6	2.630268e-6	932.7943506137017
0.00250908	1.618219e-6	2.691535e-6	932.812770036429
0.002567562	1.66884e-6	2.7542290000000004e-6	932.8312351659937
0.002627408	1.721042e-6	2.818383e-6	932.850163373821
0.002688649	1.774875e-6	2.8840319999999994e-6	932.8689400811087
0.002751317	1.830388e-6	2.951209e-6	932.8879750637791
0.002815447	1.887635e-6	3.019952e-6	932.9070909074052
0.002881072	1.94667e-6	3.090295e-6	932.9266849928567
0.002948227	2.007549e-6	3.1622780000000004e-6	932.9459803976753
0.003016947	2.070328e-6	3.235937e-6	932.9654217619192
0.00308727	2.135068e-6	3.311311e-6	932.9854755412584
0.003159232	2.201829e-6	3.388442e-6	933.0051477935878
0.003232872	2.270675e-6	3.467369e-6	933.0252058549291
0.003308229	2.34167e-6	3.548134e-6	933.0455585950249
0.003385343	2.414882e-6	3.630781e-6	933.0658836211823
0.003464255	2.49038e-6	3.715352e-6	933.0866577379478
0.003545007	2.568235e-6	3.801894e-6	933.1073499155948
0.003627641	2.648521e-6	3.890451e-6	933.1281954200168
0.003712203	2.731313e-6	3.981072e-6	933.1492404558369
0.003798736	2.81669e-6	4.073803e-6	933.170477315668
0.003887286	2.904733e-6	4.168694e-6	933.191722155668
0.003977901	2.995524e-6	4.265795e-6	933.2132753683661
0.004070629	3.089149e-6	4.365158e-6	933.2349823305365
0.00416552	3.185697e-6	4.466836e-6	933.2569400354076
0.004262622	3.285258e-6	4.570882e-6	933.2787978337661
0.004361989	3.387928e-6	4.677351e-6	933.3011202280951
0.004463673	3.493802e-6	4.786301e-6	933.3234165590504
0.004567728	3.602982e-6	4.897788e-6	933.346029268723
0.00467421	3.715569e-6	5.011872000000001e-6	933.368922630107
0.004783174	3.83167e-6	5.128614e-6	933.3916863308489
0.004894679	3.951396e-6	5.2480750000000006e-6	933.4147084407139
0.005008784	4.074858e-6	5.370318000000001e-6	933.4379934298116
0.00512555	4.202174e-6	5.495409e-6	933.4613991424478
0.005245039	4.333463e-6	5.623413e-6	933.4851384737347
0.005367314	4.46885e-6	5.754399000000001e-6	933.5089294294677
0.00549244	4.608463e-6	5.888436999999999e-6	933.5326951787038
0.005620485	4.752432e-6	6.025596e-6	933.5570177622263
0.005751515	4.900895e-6	6.165950000000001e-6	933.5813451292987
0.005885601	5.053992e-6	6.309573000000001e-6	933.6059654116054
0.006022814	5.211866e-6	6.456542e-6	933.6307060342826
0.006163226	5.374667e-6	6.606934e-6	933.655560506583
0.006306914	5.542549e-6	6.76083e-6	933.680709173282
0.006349596	5.592666e-6	6.8065439999999995e-6	933.6880311065352
0.006604413	5.624687e-6	7.079458e-6	933.6926198305013
0.006758382	5.800371e-6	7.24436e-6	933.7170393243848
0.006915942	5.981537e-6	7.413101999999999e-6	933.7418447769908
0.007077177	6.168356e-6	7.5857760000000005e-6	933.7667439692393
0.007242171	6.361006e-6	7.762471e-6	933.7918307198829
0.007411014	6.559667e-6	7.943282e-6	933.8172391462371
0.007583794	6.764527e-6	8.128305e-6	933.8427294497438
0.007760603	6.97578e-6	8.317638e-6	933.8683385836218
0.007941535	7.193624e-6	8.511379999999998e-6	933.8942244383402
0.008126688	7.418266e-6	8.709636e-6	933.9203459249043
0.008316158	7.649917e-6	8.912509000000001e-6	933.9466492544357
0.008510047	7.888797e-6	9.120108e-6	933.9731280594484
0.008708458	8.13513e-6	9.332543e-6	933.999782267277
0.008911497	8.389149e-6	9.549926e-6	934.0267295264908
0.009119271	8.651094e-6	9.772372e-6	934.053891317277
0.00933189	8.921211e-6	0.00001	934.0811211
0.009549469	9.199757e-6	0.00001023293	934.1086821663004
0.009772122	9.486993e-6	0.00001047129	934.1360035869504
0.009999969	9.783191e-6	0.000010715190000000001	934.1646943264655
0.01023313	0.00001008863	0.00001096478	934.1928091580496
0.01047173	0.0000104036	0.00001122018	934.2215187278636
0.01071589	0.0000107284	0.00001148154	934.2490989884633
0.01096575	0.00001106332	0.00001174898	934.2779815779753
0.01122144	0.0000114087	0.00001202264	934.3079972451973
0.01148309	0.00001176485	0.000012302690000000001	934.3367060374601
0.01175084	0.00001213212	0.00001258925	934.3663935500526
0.01202484	0.00001251084	0.000012882499999999999	934.3955629730254
0.01230523	0.00001290138	0.00001318257	934.4256377929341
0.01259216	0.0000133041	0.000013489630000000003	934.4558820367942
0.01288579	0.00001371938	0.00001380384	934.487025349468
0.01318626	0.00001414762	0.00001412538	934.5169914012932
0.01349374	0.00001458922	0.000014454400000000002	934.5479037524906
0.0138084	0.00001504459	0.00001479108	934.5798001227768
0.01413039	0.00001551417	0.000015135610000000002	934.6107735334089
0.0144599	0.0000159984	0.00001548817	934.6422721341514
0.01479709	0.00001649773	0.00001584893	934.6743111364617
0.01514215	0.00001701264	0.0000162181	934.7064477343215
0.01549526	0.00001754362	0.00001659587	934.7388006775179
0.01561285	0.00001772134	0.00001672167	934.7494203629183
0.01622636	0.00001772535	0.00001737801	934.7494534759734
0.01660474	0.00001827855	0.00001778279	934.7812435506464
0.01699195	0.00001884901	0.00001819701	934.8128626626021
0.01738819	0.00001943727	0.00001862087	934.8450029456195
0.01779367	0.00002004387	0.00001905461	934.8768549972947
0.01820861	0.0000206694	0.00001949845	934.9091543173945
0.01863323	0.00002131444	0.000019952619999999997	934.942099834508
0.01906776	0.0000219796	0.00002041738	934.9749869963726
0.01951243	0.0000226655	0.00002089296	935.0085148298758
0.01996746	0.0000233728	0.00002137962	935.0415395596367
0.02043312	0.00002410216	0.00002187762	935.0753034379425
0.02090964	0.00002485428	0.00002238721	935.1095683651514
0.02139727	0.00002562985	0.000022908679999999995	935.1433539601584
0.02189629	0.00002642961	0.00002344229	935.1782445315708
0.02240694	0.00002725432	0.00002398833	935.2128439120188
0.02292951	0.00002810475	0.00002454709	935.2479153333451
0.02346427	0.00002898171	0.00002511886	935.2833572064974
0.02401151	0.00002988602	0.00002570396	935.3187610002506
0.02457152	0.00003081853	0.00002630268	935.354820497379
0.02514459	0.00003178013	0.000026915349999999996	935.3907762670744
0.02573104	0.00003277172	0.00002754229	935.4273635198816
0.02633116	0.00003379424	0.00002818383	935.4638542738867
0.02694529	0.00003484865	0.000028840319999999997	935.5006688552693
0.02757376	0.00003593595	0.00002951209	935.5384843974113
0.02821688	0.00003705715	0.00003019952	935.5757028588533
0.02887501	0.00003821333	0.00003090295	935.6136980450085
0.0295485	0.00003940557	0.00003162278	935.6516274027774
0.03023771	0.00004063499	0.00003235937	935.6901877261517
0.03094299	0.00004190275	0.00003311311	935.7288623750533
0.03166474	0.00004321006	0.00003388442	935.7678266294656
0.03240333	0.00004455813	0.00003467368999999999	935.8071820449453
0.03315915	0.00004594825	0.00003548134	935.8467929903436
0.03393262	0.00004738172	0.000036307810000000006	935.8868441803568
0.03472413	0.0000488599	0.00003715352	935.9271988226151
0.03553411	0.00005038418	0.00003801894	935.9675514362053
0.03561557	0.00005053811	0.00003810597000000001	935.9716629703953
0.03721117	0.00005064854	0.00003981072	935.9744948094383
0.03807912	0.0000522286	0.00004073803	936.0135627569622
0.03896734	0.00005385794	0.000041686940000000005	936.05330446418
0.03987628	0.00005553809	0.00004265795	936.0932274054426
0.04080643	0.00005727064	0.00004365157999999999	936.1333688265122
0.04175829	0.00005905722	0.00004466836	936.1737753523972
0.04273236	0.00006089952	0.00004570882000000001	936.2144881447387
0.04372916	0.00006279928	0.00004677351	936.2555703003687
0.04474923	0.00006475828	0.00004786301	936.2969081969563
0.04579311	0.00006677837	0.00004897788000000001	936.3387792611684
0.04686135	0.00006886146	0.00005011872	936.3808864232766
0.04795452	0.00007100952	0.00005128614	936.4231646210848
0.0490732	0.00007322456	0.000052480750000000004	936.465743343988
0.05021799	0.00007550868	0.00005370318	936.5087631682146
0.05138951	0.00007786403	0.00005495409	936.5522025749129
0.0543213	0.00007956368	0.00005808442	936.5827132301572
0.05507053	0.00008102877	0.000058884370000000006	936.6077750343596
0.05635521	0.00008355627	0.00006025596	936.6503540894545
0.05766986	0.0000861626	0.0000616595	936.6930091875544
0.05901521	0.0000888502	0.00006309573	936.736292614413
0.06039195	0.00009162162	0.00006456542	936.7796510887716
0.06180083	0.00009447946	0.00006606934	936.8234866581079
0.06324259	0.00009742642	0.00006760830000000001	936.8674618353073
0.064718	0.0001004653	0.0000691831	936.9118368503291
0.06622785	0.0001035989	0.00007079458	936.9565989373764
0.06777295	0.0001068303	0.0000724436	937.0017544683036
0.06935411	0.0001101624	0.00007413101999999999	937.0473035444542
0.0709025	0.0001134499	0.0000757834	937.0911030647873
0.07432237	0.0001161892	0.00007943282	937.12597890897
0.0760563	0.0001198131	0.00008128305	937.1709489247758
0.07783072	0.0001235501	0.00008317637999999999	937.2164321169063
0.07964655	0.0001274036	0.00008511380000000001	937.262272392961
0.08150477	0.0001313772	0.00008709636	937.3083697183213
0.08340637	0.0001354748	0.00008912509	937.3549558266924
0.08535236	0.0001397002	0.00009120108	937.4018399782108
0.08734377	0.0001440573	0.00009332543	937.4489600530103
0.08938168	0.0001485503	0.00009549926000000002	937.4965868845475
0.09146716	0.0001531833	0.00009772372000000001	937.5445725971136
0.09360132	0.0001579609	0.00010000000000000002	937.592809
0.09578532	0.0001628874	0.0001023293	937.6415884795459
0.09802029	0.0001679676	0.00010471289999999999	937.69017570901
0.1003075	0.0001732062	0.0001071519	937.7407792115678
0.1008452	0.0001744436	0.0001077254	937.7513901085538
0.105043	0.0001766863	0.0001122018	937.7718209511792
0.107494	0.0001821968	0.00011481539999999999	937.8201600133781
0.1100021	0.0001878791	0.0001174898	937.8684711353667
0.1125689	0.0001937385	0.0001202264	937.9191134393112
0.1151955	0.0001997807	0.0001230269	937.9678810081374
0.1178835	0.0002060113	0.0001258925	938.0186373294678
0.1206342	0.0002124361	0.000128825	938.06820182418
0.1234492	0.0002190613	0.0001318257	938.1195115975111
0.1263299	0.0002258931	0.00013489629999999998	938.1709735552421
0.1292778	0.0002329379	0.0001380384	938.2225373519253
0.1322946	0.0002402024	0.0001412538	938.2742439495433
0.1353818	0.0002476934	0.000144544	938.3266922182864
0.1385411	0.000255418	0.0001479108	938.3798748975736
0.1417742	0.0002633835	0.0001513561	938.4331619274014
0.1450827	0.0002715973	0.0001548817	938.4859366858708
0.1484686	0.0002800673	0.0001584893	938.5407551172225
0.1519335	0.0002888014	0.000162181	938.5951584957547
0.1554793	0.0002978078	0.00016595869999999998	938.649843605668
0.1580418	0.000304359	0.0001686886	938.6891526754032
0.1666209	0.0003123413	0.0001778279	938.7348177648163
0.1705093	0.0003220817	0.0001819701	938.7881948737733
0.1744886	0.0003321258	0.0001862087	938.8429530951023
0.1785609	0.0003424831	0.0001905461	938.8981621770271
0.1827282	0.0003531634	0.0001949845	938.9534214258057
0.1869928	0.0003641767	0.0001995262	939.0093967609266
0.1913571	0.0003755334	0.00020417380000000001	939.0658027621565
0.1958232	0.0003872442	0.00020892960000000002	939.1222890389873
0.2003937	0.0003993201	0.00021379619999999997	939.1795555767595
0.2050709	0.0004117726	0.0002187762	939.2368667158494
0.2098573	0.0004246134	0.0002238721	939.2948625576836
0.2147556	0.0004378545	0.0002290868	939.3533564570284
0.2195833	0.0004510029	0.00023422600000000003	939.4102401099792
0.2301469	0.0004577091	0.0002454709	939.4376649126231
0.2355185	0.0004719822	0.0002511886	939.4951928550897
0.2410156	0.0004867003	0.00025703960000000007	939.5528949624882
0.2466411	0.0005018774	0.0002630268	939.611390930506
0.2477387	0.0005048519	0.0002641949	939.622800818638
0.252398	0.0005128182	0.0002691535	939.6527193590274
0.2582891	0.0005205402	0.00027542290000000003	939.6809059813108
0.2643176	0.0005274976	0.00028183829999999996	939.7058440957101
0.2704868	0.0005340658	0.0002884032	939.7290522435256
0.2767997	0.0005404122	0.00029512090000000004	939.7508349967759
0.2832599	0.0005466289	0.0003019952	939.7716549799468
0.2898706	0.0005527728	0.0003090295	939.7917441538751
0.2966355	0.0005588853	0.0003162277999999999	939.811064365625
0.3035582	0.0005650021	0.0003235937	939.8304172794464
0.3106422	0.0005711428	0.00033113110000000006	939.8493309749521
0.3178913	0.0005773289	0.0003388442	939.867434354786
0.3253095	0.0005835763	0.0003467369	939.8857643936944
0.3329006	0.0005899026	0.0003548134	939.9039117462869
0.3406687	0.0005963157	0.00036307810000000006	939.9217845967576
0.3486178	0.0006028331	0.0003715352	939.9395618503979
0.3567523	0.0006094621	0.0003801894	939.9571952821411
0.3650764	0.0006162136	0.00038904510000000006	939.9748604981788
0.3735945	0.0006230992	0.0003981072	939.9920403348646
0.3823113	0.0006301256	0.0004073803	940.0096803895525
0.3912312	0.0006373026	0.0004168694	940.0270266898937
0.4003591	0.0006446377	0.0004265795	940.0445584000169
0.4096997	0.0006521454	0.00043651579999999995	940.0618383114655
0.4192582	0.0006598278	0.00044668359999999995	940.079348782897
0.4290394	0.0006677003	0.0004570882	940.0966822158175
0.4390486	0.0006757658	0.00046773510000000003	940.1141068951208
0.4492912	0.0006840339	0.0004786301	940.1315000874371
0.4597726	0.0006925184	0.0004897788	940.1491416124993
0.4814738	0.0007011234	0.0005128614	940.1661411835635
0.4927052	0.0007103862	0.0005248075	940.1839459230289
0.5041984	0.000719897	0.0005370318000000002	940.2018595546855
0.5159596	0.0007296677	0.0005495409000000001	940.2198593407696
0.5279949	0.0007397086	0.0005623413	940.2379099667764
0.5403108	0.0007500283	0.0005754399	940.2560168316447
0.5529139	0.00076064	0.0005888437	940.2742017958244
0.5658108	0.0007715486	0.0006025596	940.2926259908562
0.5790083	0.0007827725	0.000616595	940.311018577835
0.5925135	0.0007943171	0.0006309573	940.3295866455622
0.6063335	0.0008061996	0.0006456542	940.3480990288608
0.6204758	0.0008184282	0.0006606934	940.3669360099557
0.6349477	0.0008310163	0.0006760829999999998	940.3855980700596
0.6497571	0.0008439751	0.000691831	940.4046293097592
0.6649117	0.0008573187	0.0007079458	940.4237142165404
0.6804196	0.0008710643	0.000724436	940.4428607910154
0.696289	0.000885219	0.0007413102	940.4621965271759
0.7125285	0.0008998009	0.0007585776000000001	940.4816341795487
0.7291465	0.000914823	0.0007762470999999999	940.5011922105732
0.746152	0.0009303016	0.0007943282	940.5209353010506
0.763554	0.0009462505	0.0008128305	940.5408021721624
0.7813617	0.0009626869	0.0008317638	940.5607540265639
0.7995845	0.0009796285	0.000851138	940.5808793638635
0.8182323	0.0009970903	0.0008709636	940.6011804626507
0.8373148	0.001015088	0.0008912509	940.6216453750567
0.8568422	0.001033644	0.0009120108	940.6421985353682
0.8768249	0.001052771	0.0009332543	940.6628729168459
0.8972736	0.001072492	0.0009549926	940.6838251940383
0.918199	0.001092826	0.0009772372	940.7049035791924
0.9396123	0.001113792	0.001	940.7260919999999
0.9615248	0.001135411	0.001023293	940.7473822258141
0.9839483000000001	0.001157703	0.001047129	940.7685232669519
1.006895	0.001180692	0.001071519	940.7912430857504
1.030376	0.001204401	0.0010964779999999997	940.8126756761195
1.054405	0.001228849	0.001122018	940.8350391883197
1.078994	0.001254065	0.001148154	940.8564225704914
1.104157	0.001280069	0.001174898	940.8791818523822
1.129906	0.001306894	0.001202264	940.9022427686433
1.16078	0.00132275	0.001235078	940.9144604632257
1.183219	0.001346557	0.001258925	940.9341755863138
1.210811	0.001376049	0.0012882500000000001	940.9563741509802
1.239047	0.001406466	0.0013182569999999998	940.9799955547363
1.267942	0.00143784	0.001348963	941.00419359167
1.29751	0.001470201	0.0013803839999999997	941.0281494134966
1.327767	0.001503579	0.0014125380000000003	941.0511993305665
1.35873	0.001538007	0.0014454399999999999	941.0753867334513
1.390415	0.001573518	0.001479108	941.0999859374704
1.422839	0.001610144	0.001513561	941.1243709371475
1.456019	0.001647922	0.001548817	941.148581142898
1.489973	0.001686887	0.0015848930000000002	941.1738754603623
1.524719	0.001727076	0.00162181	941.1990775738219
1.560275	0.001768526	0.0016595869999999997	941.2242479604867
1.59666	0.001811274	0.001698244	941.2494753404104
1.633894	0.001855364	0.0017378009999999998	941.2754187619872
1.671996	0.001900836	0.001778279	941.3015820352149
1.710986	0.00194773	0.0018197009999999997	941.3270257036733
1.750886	0.001996089	0.0018620869999999997	941.3534861690135
1.791717	0.002045964	0.001905461	941.3800460885843
1.833499	0.002097391	0.001949845	941.4063122966185
1.876257	0.002150423	0.0019952620000000003	941.4339685715461
1.920011	0.002205108	0.002041738	941.4607104339539
1.964786	0.002261495	0.0020892960000000005	941.4881831009104
2.010605	0.002319635	0.002137962	941.5156279671949
2.057492	0.002379577	0.002187762	941.5428081299519
2.105474	0.002441381	0.002238721	941.5712726150334
2.154574	0.002505096	0.002290868	941.599034077913
2.20482	0.00257078	0.002344229	941.6276225573524
2.256237	0.002638495	0.002398833	941.6560031481974
2.301204	0.002668723	0.002446585	941.6687844485273
2.362697	0.002750976	0.002511886	941.7019625890665
2.417796	0.002825259	0.0025703959999999995	941.730869095657
2.474181	0.002901822	0.0026302680000000003	941.7606198303748
2.53188	0.002980741	0.002691535	941.7899975292909
2.590926	0.003062081	0.0027542289999999995	941.8200451015512
2.651348	0.003145909	0.002818383	941.8499575820605
2.71318	0.003232301	0.0028840319999999995	941.8800835080888
2.776455	0.003321329	0.0029512089999999998	941.9110367988169
2.841205	0.003413069	0.0030199520000000002	941.9414841692849
2.907466	0.003507598	0.003090295	941.9727236396526
2.975272	0.003604995	0.0031622780000000006	942.0035161361524
3.04466	0.003705343	0.003235937	942.0348242255643
3.115667	0.003808728	0.0033113109999999995	942.066670270476
3.18833	0.003915228	0.003388442	942.0982351180867
3.262688	0.004024937	0.003467369	942.1301675708585
3.338781	0.004137945	0.0035481339999999997	942.1625409299648
3.416649	0.004254343	0.003630781	942.1949004911064
3.496333	0.004374226	0.003715352	942.2276075052915
3.577877	0.004497692	0.003801894	942.260539615255
3.661322	0.004624845	0.003890451	942.2935400034597
3.7467149999999996	0.004755782	0.0039810719999999996	942.3267858506451
3.834099	0.004890608	0.004073803	942.3601504540107
3.923522	0.005029431	0.004168694	942.3938123066841
4.015032	0.005172367	0.004265795	942.4279335973715
4.108676	0.005319531	0.004365158	942.461998168222
4.204505	0.005471035	0.004466836	942.4962176807029
4.302569	0.005626999	0.004570882	942.5305660920585
4.402922	0.005787548	0.004677350999999999	942.5654709257442
4.505616	0.005952815	0.004786301000000001	942.6003118065495
4.610706	0.006122923	0.004897788	942.6355168904821
4.718247	0.00629801	0.005011872	942.6707246314352
4.828298	0.006478212	0.005128614	942.706199374724
4.940916	0.006663677	0.005248075	942.7418009460611
5.056163	0.006854551	0.005370318	942.7779790693959
5.174097	0.007050987	0.005495408999999999	942.8138992020431
5.294784	0.007253135	0.005623413	942.850389078661
5.418287	0.007461169	0.005754399	942.8870276461538
5.544671	0.007675242	0.005888437	942.9236046849105
5.674004	0.007895537	0.006025596	942.9605863054874
5.806355	0.008122233	0.006165950000000001	942.9977915811837
5.941794	0.008355513	0.006309573000000001	943.0352122084964
6.080393	0.008595563	0.006456542	943.0727102836162
6.222227	0.008842591	0.006606933999999999	943.1106154534009
6.36737	0.009096805	0.00676083	943.1485194865129
6.5159	0.009358412	0.00691831	943.1867626631359
6.667895	0.00962764	0.007079458	943.2251226011933
6.823438	0.009904727	0.007244359999999999	943.2638255139171
6.98261	0.01018992	0.007413102000000001	943.3028063015995
7.145496	0.01048345	0.007585776	943.3417820404926
7.312184	0.01078561	0.007762471	943.3812519235177
7.482761	0.01109666	0.007943282	943.4208252961433
7.657319	0.01141689	0.008128305000000002	943.4606464693437
7.83595	0.01174662	0.008317638	943.5006212100118
8.01875	0.01208616	0.00851138	943.5410192001768
8.205816	0.01243585	0.008709636	943.5815515137486
8.397247	0.01279603	0.008912509	943.6223884879106
8.593146	0.01316708	0.009120108	943.663504862004
8.793617	0.0135494	0.009332543	943.7048830099149
8.998766	0.01394338	0.009549926	943.746514894461
9.208703	0.01434949	0.009772372	943.788518283995
9.42354	0.01476816	0.01	943.8308159999998
9.643391	0.01519989	0.01023293	943.8734448491292
9.868373	0.0156452	0.01047129	943.9160027083578
10.09861	0.01610465	0.01071519	943.9603637453001
10.33421	0.01657878	0.010964780000000002	944.0033251921151
10.57532	0.01706825	0.01122018	944.0479787311789
10.82205	0.01757369	0.01148154	944.0914450500544
11.07455	0.01809581	0.01174898	944.1369216732007
11.33293	0.01863534	0.01202264	944.1824208326956
11.59735	0.01919308	0.012302689999999998	944.2278948750234
11.86794	0.01976985	0.012589249999999998	944.2746668784877
12.14485	0.02036656	0.0128825	944.3210991655346
12.42822	0.02098417	0.013182570000000001	944.3685237400598
12.7182	0.02162368	0.01348963	944.4160944369859
13.01496	0.02228617	0.01380384	944.4651756322878
13.31864	0.02297282	0.01412538	944.5135507858904
13.62941	0.02368485	0.014454399999999997	944.5632367998672
13.94744	0.02442358	0.01479108	944.6141579925198
14.2729	0.02519041	0.01513561	944.6656203483044
14.60595	0.02598686	0.01548817	944.7169588143724
14.94678	0.02681453	0.01584893	944.7700589251135
15.29557	0.02767513	0.0162181	944.8236926643689
15.6525	0.02857048	0.01659587	944.8778810631803
16.01777	0.02950255	0.01698244	944.9332693064129
16.39157	0.03047343	0.01737801	944.9898711072213
16.7741	0.03148534	0.01778279	945.0477309803467
17.16556	0.03254067	0.01819701	945.1058536539794
19.2685	0.03356891	0.02042203	945.159169289243
19.71362	0.03472316	0.020892959999999995	945.2151901884654
20.17363	0.03594039	0.021379619999999995	945.272665744293
20.64438	0.03721237	0.02187762	945.3309989843502
21.12614	0.03854236	0.02238721	945.3916928460491
21.61914	0.03993383	0.02290868	945.4527205408605
22.12366	0.04139046	0.023442290000000005	945.5155814555659
22.63997	0.04291622	0.02398833	945.5800474647465
23.16834	0.0445153	0.02454709	945.6459115927795
23.70906	0.04619217	0.02511886	945.7137851797415
24.26241	0.04795161	0.025703960000000005	945.7827358119137
24.82869	0.04979869	0.02630268	945.8537567274515
25.40821	0.05173879	0.026915349999999998	945.9267217405682
26.00127	0.05377769	0.027542289999999997	946.0015013275948
26.60819	0.05592147	0.02818383	946.0783530840203
27.22931	0.05817664	0.02884032	946.1575544238067
27.86494	0.06055009	0.02951209	946.2389851074594
28.51544	0.06304915	0.030199519999999997	946.3226286378062
29.18115	0.06568159	0.030902949999999995	946.4090512394448
29.86242	0.0684557	0.03162278	946.4972940392969
30.55964	0.07138017	0.03235936999999999	946.5888912546816
31.27316	0.07446432	0.03311311	946.6831813743862
32.00338	0.07771794	0.03388442	946.7801998676679
32.75068	0.08115149	0.03467369	946.8802279192092
33.51548	0.08477594	0.03548134	946.9838495389406
34.29817	0.08860299	0.03630781	947.090253859982
35.09919	0.09264497	0.03715352	947.2005605390822
35.91896	0.09691487	0.03801894	947.3140195386825
36.75793	0.1014265	0.03890451	947.4314546051345
37.61655	0.1061944	0.039810719999999994	947.5524280897205
38.49528	0.1112339	0.04073803000000001	947.6774871048011
39.3946	0.1165612	0.041686940000000006	947.8067039701162
40.315	0.1221934	0.04265795	947.9403815701411
41.25697	0.1281485	0.04365158	948.0783627992389
42.22103	0.1344456	0.04466836	948.2209689364015
43.20769	0.1411047	0.04570882	948.3682733441817
44.2175	0.1481469	0.046773510000000004	948.5207952107935
45.25099	0.1555945	0.04786301	948.6779978944074
46.30874	0.163471	0.04897788	948.8408032360732
47.39131	0.1718011	0.05011871999999999	949.0088952790495
48.4993	0.1806108	0.05128614	949.1825822727153
49.6333	0.1899278	0.05248075000000001	949.3619622432986
50.79395	0.199781	0.05370318000000001	949.5476990375616
51.98187	0.2102012	0.054954090000000004	949.7395225723873
53.1977	0.2212206	0.05623413	949.9377086477554
54.44212	0.2328734	0.05754399	950.1425500734308
55.71581	0.245196	0.05888436999999999	950.3541601956513
57.01946	0.2582266	0.06025595999999999	950.5729657282036
58.35378	0.272006	0.061659500000000006	950.7989198744718
59.71952	0.2865773	0.06309573	951.0326182136255
61.11742	0.3019865	0.06456542	951.2740178875937
62.54825	0.3182824	0.06606934	951.5235417820127
64.0128	0.3355173	0.0676083	951.7813241865275
65.51187	0.3537469	0.06918309999999998	952.0477819004932
67.0463	0.3730309	0.07079458000000001	952.3233402896099
68.61693	0.3934335	0.0724436	952.6081461992502
70.22464	0.4150234	0.07413102	952.9028927431457
71.87031	0.4378751	0.07585776	953.2074912309565
73.55486	0.4620685	0.07762471	953.5227700045515
75.27923	0.4876904	0.07943282000000002	953.8490563472378
77.04438	0.5148349	0.08128304999999998	954.1868187771006
78.8513	0.543604	0.08317638	954.5366605279047
80.701	0.574109	0.08511379999999999	954.8993112750222
82.59451	0.606471	0.08709636	955.2750654562373
84.5329	0.6408227	0.08912508999999999	955.6649277997924
86.51727	0.6773087	0.09120108	956.069584921582
88.54874	0.7160882	0.09332543	956.4898677670169
90.62846	0.7573353	0.09549926	956.9267374427823
92.75761	0.8012418	0.09772372	957.3811946577556
94.93741	0.8480183	0.09999999999999999	957.854283
97.16912	0.8978966	0.1023293	958.3473804667872
99.454	0.9511327	0.1047129	958.8611594177986
101.7934	1.008008	0.1071519	959.3988347383482
104.1886	1.068834	0.1096478	959.9593790299485
106.6411	1.133952	0.1122018	960.5465509465979
109.1524	1.203741	0.1148154	961.1614905317579
111.7237	1.277711	0.11748980000000002	961.7976283898686
114.3568	1.356167	0.1202264	962.4588859019318
117.053	1.440037	0.1230269	963.1473848402261
119.8141	1.529994	0.1258925	963.8707150942273
122.6417	1.62671	0.128825	964.6296138171939
125.5375	1.730898	0.1318257	965.429335857879
128.5032	1.843323	0.1348963	966.2720400781933
131.5408	1.964819	0.1380384	967.1628981500799
134.652	2.096295	0.1412538	968.1034775701607
137.8389	2.238744	0.144544	969.1003708213415
141.1035	2.39325	0.1479108	970.157351592987
144.4479	2.560999	0.1513561	971.2783231068984
147.8743	2.743288	0.1548817	972.468587315351
151.3849	2.941531	0.1584893	973.7340691138139
154.9821	3.157272	0.162181	975.079522262164
158.6683	3.392194	0.16595869999999996	976.5109873721594
162.4461	3.648128	0.1698244	978.0351233391668
166.3181	3.927065	0.1737801	979.6585742556254
170.2871	4.231165	0.17782789999999998	981.3885503905743
174.356	4.562775	0.1819701	983.231723233652
178.5276	4.924429	0.18620869999999998	985.1957991221678
182.8053	5.318875	0.19054610000000002	987.2895587996815
187.1922	5.74907	0.19498450000000003	989.5210644948701
191.6917	6.218209	0.19952619999999996	991.8993545709787
196.3075	6.729724	0.2041738	994.4332916368311
201.0432	7.287304	0.20892960000000002	997.1325460825083
205.9028	7.894903	0.2137962	1000.007030059468
210.8904	8.556756	0.2187762	1003.0668601063553
216.0102	9.277386	0.22387210000000002	1006.3227441025479
221.2668	10.06162	0.2290868	1009.7850247155226
226.6649	10.91459	0.2344229	1013.4653653717278
232.2094	11.84176	0.23988330000000002	1017.3745316993721
237.9056	12.84892	0.24547090000000002	1021.5244250947871
243.759	13.94221	0.2511886	1025.9271718541368
249.7752	15.1281	0.25703960000000003	1030.5933404813889
255.9603	16.41344	0.2630268	1035.5360746509482
262.3206	17.80544	0.2691535	1040.766848656993
268.8628	19.31167	0.27542289999999997	1046.2981473218094
275.5939	20.94009	0.2818383	1052.1422744885988
282.5212	22.69904	0.2884032	1058.310864789295
289.6525	24.59725	0.29512089999999996	1064.8169953398758
296.9957	26.64383	0.3019952	1071.6711060308241
304.5595	28.84832	0.30902949999999996	1078.8867082268846
312.3528	31.22063	0.31622780000000006	1086.4744655593215
320.3849	33.7711	0.3235937	1094.4465235262614
328.6656	36.51048	0.3311311	1102.8142025922662
337.2042	39.23176	0.3388442	1110.9411345981428
346.0014	41.71985	0.3467369	1118.2001396447854
355.0618	44.24768	0.35481339999999995	1125.4069885748397
364.393	46.8655	0.3630781	1132.6998240874345
374.0039	49.59754	0.3715352	1140.1381080446752
383.9035	52.38609	0.3801894	1147.5585326681912
386.76343772718855	53.151265020319215	0.38267387621450494	1149.5480985780084
604.9116446101665	53.15137245374762	0.5726487993395959	1149.5481978612816
605.7224885957515	53.48966713059059	0.5731586190554544	1150.1391304429847
607.0981590154227	54.06342339516033	0.5743541896244574	1151.1391304429847
608.4769575662048	54.63837606920458	0.5755514382889234	1152.1391304429847
609.8588895695086	55.21452683167155	0.5767503667538268	1153.1391304429847
611.2439603518602	55.79187736321404	0.5779509767241414	1154.1391304429847
612.6321752449	56.37042934618995	0.5791532699048416	1155.1391304429847
614.0235395853834	56.950184464662186	0.5803572480009014	1156.1391304429847
615.418058715181	57.53114440439856	0.5815629127172945	1157.1391304429847
616.8157379812784	58.11331085287185	0.5827702657589957	1158.1391304429847
618.2165827357754	58.69668549925996	0.5839793088309784	1159.1391304429847
619.6205983358881	59.28127003444558	0.5851900436382172	1160.1391304429847
621.0277901439457	59.867066151016445	0.5864024718856861	1161.1391304429847
622.438163527394	60.45407554326533	0.587616595278359	1162.1391304429847
623.8517238587924	61.042299907189886	0.58883241552121	1163.1391304429847
625.2684765158166	61.63174094049282	0.5900499343192136	1164.1391304429847
626.6884268812559	62.22240034258169	0.5912691533773434	1165.1391304429847
628.1115803430154	62.814279814569204	0.5924900744005739	1166.1391304429847
629.5379422941143	63.40738105927289	0.5937126990938789	1167.1391304429847
630.9675181326878	64.00170578121532	0.5949370291622327	1168.1391304429847
632.4003132619852	64.59725568662401	0.5961630663106093	1169.1391304429847
633.8363330903707	65.19403248343156	0.5973908122439827	1170.1391304429847
635.2755830313242	65.79203788127535	0.5986202686673273	1171.1391304429847
636.7180685034394	66.39127359149785	0.5998514372856167	1172.1391304429847
638.1637949304263	66.99174132714654	0.6010843198038256	1173.1391304429847
639.6127677411085	67.59344280297381	0.6023189179269277	1174.1391304429847
641.0649923694256	68.196379735437	0.6035552333598974	1175.1391304429847
642.5204742544306	68.80055384269855	0.6047932678077084	1176.1391304429847
643.9792188402937	69.40596684462565	0.6060330229753351	1177.1391304429847
645.4412315762977	70.01262046279078	0.6072745005677516	1178.1391304429847
646.9065179168421	70.62051642047112	0.6085177022899317	1179.1391304429847
648.37508332144	71.229656442649	0.6097626298468499	1180.1391304429847
649.8469332547203	71.84004225601143	0.61100928494348	1181.1391304429847
651.3220731864268	72.45167558895082	0.6122576692847963	1182.1391304429847
652.8005085914173	73.06455817156427	0.6135077845757726	1183.1391304429847
654.2822449496658	73.6786917356539	0.6147596325213833	1184.1391304429847
655.7672877462603	74.29407801472689	0.6160132148266024	1185.1391304429847
657.2556424714041	74.91071874399529	0.6172685331964042	1186.1391304429847
658.7473146204153	75.5286156603762	0.6185255893357624	1187.1391304429847
660.2423096937271	76.14777050249165	0.6197843849496513	1188.1391304429847
661.7406331968875	76.76818501066867	0.6210449217430452	1189.1391304429847
663.2422906405591	77.38986092693926	0.6223072014209178	1190.1391304429847
664.7472875405201	78.01279999504033	0.6235712256882435	1191.1391304429847
666.2556294176629	78.63700396041389	0.6248369962499961	1192.1391304429847
667.7673217979958	79.26247457020679	0.6261045148111501	1193.1391304429847
669.2823702126406	79.88921357327098	0.6273737830766793	1194.1391304429847
670.8007801978356	80.51722272016326	0.6286448027515581	1195.1391304429847
672.3225572949324	81.14650376314552	0.62991757554076	1196.1391304429847
673.8477070503991	81.77705845618453	0.6311921031492599	1197.1391304429847
675.3762350158178	82.40888855495217	0.6324683872820314	1198.1391304429847
676.9081467478854	83.04199581682502	0.6337464296440485	1199.1391304429847
678.4434478084146	83.67638200088493	0.6350262319402856	1200.1391304429847
679.9821437643318	84.31204886791863	0.6363077958757166	1201.1391304429847
681.5242401876797	84.94899818041779	0.637591123155316	1202.1391304429847
683.0697426556145	85.587231702579	0.6388762154840572	1203.1391304429847
684.6186567504086	86.22675120030397	0.6401630745669149	1204.1391304429847
686.1709880594483	86.86755844119921	0.6414517021088629	1205.1391304429847
687.7267421752355	87.5096551945764	0.6427420998148754	1206.1391304429847
689.2859246953868	88.15304323145199	0.6440342693899265	1207.1391304429847
690.8485412226339	88.79772432454752	0.6453282125389904	1208.1391304429847
692.4145973648228	89.44370024828959	0.646623930967041	1209.1391304429847
693.9840987349153	90.0909727788096	0.6479214263790525	1210.1391304429847
695.5570509509872	90.73954369394403	0.6492207004799989	1211.1391304429847
697.1334596362302	91.38941477323431	0.6505217549748544	1212.1391304429847
698.71333041895	92.04058779792672	0.6518245915685932	1213.1391304429847
700.2966689325681	92.69306455097274	0.6531292119661891	1214.1391304429847
701.88348081562	93.34684681702868	0.6544356178726165	1215.1391304429847
703.4737717117567	94.00193638245594	0.6557438109928493	1216.1391304429847
705.0675472697442	94.65833503532065	0.6570537930318616	1217.1391304429847
706.6648131434633	95.31604456539424	0.6583655656946278	1218.1391304429847
708.2655749919096	95.97506676415281	0.6596791306861217	1219.1391304429847
709.8698384791934	96.63540342477773	0.6609944897113174	1220.1391304429847
711.4776092745407	97.29705634215497	0.6623116444751891	1221.1391304429847
713.0888930522914	97.96002731287592	0.6636305966827108	1222.1391304429847
714.7036954919013	98.62431813523665	0.6649513480388568	1223.1391304429847
716.3220222779405	99.28993060923813	0.6662739002486011	1224.1391304429847
717.9438791000935	99.95686653658663	0.6675982550169175	1225.1391304429847
719.5692716531616	100.62512772069317	0.6689244140487807	1226.1391304429847
721.1982056370593	101.29471596667378	0.6702523790491642	1227.1391304429847
722.8306867568168	101.96563308134944	0.6715821517230426	1228.1391304429847
724.4667207225785	102.63788087324599	0.6729137337753897	1229.1391304429847
726.1063132496043	103.31146115259463	0.6742471269111795	1230.1391304429847
727.7494700582696	103.98637573133118	0.6755823328353865	1231.1391304429847
729.3961968740632	104.66262642309647	0.6769193532529844	1232.1391304429847
731.0464994275902	105.34021504323658	0.6782581898689476	1233.1391304429847
732.7003834545698	106.01914340880222	0.6795988443882499	1234.1391304429847
734.3578546958364	106.69941333854922	0.6809413185158656	1235.1391304429847
736.0189188973397	107.38102665293837	0.6822856139567688	1236.1391304429847
737.6835818101437	108.0639851741355	0.6836317324159336	1237.1391304429847
739.3518491904276	108.7482907260113	0.6849796755983338	1238.1391304429847
741.0237267994853	109.4339451341416	0.686329445208944	1239.1391304429847
742.6992204037264	110.12095022580695	0.687681042952738	1240.1391304429847
744.3783357746744	110.80930782999309	0.68903447053469	1241.1391304429847
746.0610786889683	111.49901977739069	0.6903897296597741	1242.1391304429847
747.747454928362	112.19008790039533	0.6917468220329643	1243.1391304429847
749.4374702797239	112.88251403310767	0.6931057493592347	1244.1391304429847
751.1311305350379	113.57630001133316	0.6944665133435595	1245.1391304429847
752.8284414914024	114.27144767258244	0.6958291156909127	1246.1391304429847
754.5294089510311	114.967958856071	0.6971935581062685	1247.1391304429847
756.2340387212523	115.66583540271932	0.6985598422946009	1248.1391304429847
757.9423366145093	116.3650791551529	0.699927969960884	1249.1391304429847
759.6543084483604	117.06569195770209	0.7012979428100921	1250.1391304429847
761.3699600454788	117.76767565640233	0.702669762547199	1251.1391304429847
763.0892972336524	118.47103209899404	0.704043430877179	1252.1391304429847
764.8123258457845	119.17576313492259	0.7054189495050062	1253.1391304429847
766.539051719893	119.88187061533836	0.7067963201356546	1254.1391304429847
768.2694806991107	120.58935639309652	0.7081755444740984	1255.1391304429847
770.003618631685	121.29822232275745	0.7095566242253115	1256.1391304429847
771.7414713709791	122.00847026058642	0.7109395610942683	1257.1391304429847
773.4830447754705	122.72010206455354	0.7123243567859425	1258.1391304429847
775.2283447087518	123.43311959433419	0.7137110130053087	1259.1391304429847
776.9773770395303	124.14752471130839	0.7150995314573405	1260.1391304429847
778.730147641629	124.86331927856139	0.7164899138470125	1261.1391304429847
780.4866623939844	125.58050516088326	0.7178821618792984	1262.1391304429847
782.246927180649	126.29908422476916	0.7192762772591724	1263.1391304429847
784.0109478907902	127.0190583384192	0.7206722616916088	1264.1391304429847
785.7787304186899	127.74042937173829	0.7220701168815814	1265.1391304429847
787.5502806637451	128.46319919633646	0.7234698445340644	1266.1391304429847
789.3256045304677	129.1873696855289	0.724871446354032	1267.1391304429847
791.1047079284848	129.91294271433537	0.7262749240464582	1268.1391304429847
792.8875967725381	130.639920159481	0.7276802793163173	1269.1391304429847
794.6742769824839	131.36830389939553	0.729087513868583	1270.1391304429847
796.4647544832943	132.098095814214	0.7304966294082297	1271.1391304429847
798.2590352050555	132.82929778577613	0.7319076276402313	1272.1391304429847
800.0571250829694	133.5619116976269	0.7333205102695621	1273.1391304429847
801.8590300573519	134.295939435016	0.7347352790011962	1274.1391304429847
803.6647560736347	135.03138288489833	0.7361519355401077	1275.1391304429847
805.4743090823637	135.76824393593364	0.7375704815912705	1276.1391304429847
807.2876950392002	136.5065244784866	0.7389909188596588	1277.1391304429847
809.1049199049205	137.246226404627	0.7404132490502467	1278.1391304429847
810.9259896454151	137.98735160812953	0.7418374738680085	1279.1391304429847
812.7509102316906	138.7299019844737	0.743263595017918	1280.1391304429847
814.5796876398672	139.47387943084436	0.7446916142049494	1281.1391304429847
816.412327851181	140.21928584613107	0.7461215331340769	1282.1391304429847
818.2488368519823	140.96612313092822	0.7475533535102744	1283.1391304429847
820.0892206337375	141.71439318753562	0.7489870770385163	1284.1391304429847
821.9334851930261	142.46409791995762	0.7504227054237762	1285.1391304429847
823.7816365315446	143.2152392339038	0.7518602403710287	1286.1391304429847
825.6336806561028	143.96781903678863	0.7532996835852478	1287.1391304429847
827.4896235786259	144.72183923773167	0.7547410367714074	1288.1391304429847
829.3494713161543	145.47730174755708	0.7561843016344818	1289.1391304429847
831.2132298908434	146.23420847879453	0.757629479879445	1290.1391304429847
833.0809053299629	146.99256134567827	0.7590765732112711	1291.1391304429847
834.9525036658978	147.75236226414768	0.7605255833349341	1292.1391304429847
836.8280309361481	148.5136131518471	0.7619765119554083	1293.1391304429847
838.7074931833289	149.2763159281257	0.7634293607776678	1294.1391304429847
840.5908964551695	150.04047251403802	0.7648841315066864	1295.1391304429847
842.4782468045145	150.80608483234306	0.7663408258474385	1296.1391304429847
844.3695502893243	151.5731548075051	0.7677994455048981	1297.1391304429847
846.2648129726725	152.34168436569342	0.7692599921840393	1298.1391304429847
848.1640409227492	153.11167543478211	0.7707224675898363	1299.1391304429847
850.0672402128582	153.8831299443503	0.7721868734272628	1300.1391304429847
851.9744169214194	154.65604982568215	0.7736532114012935	1301.1391304429847
853.8855771319668	155.43043701176674	0.7751214832169022	1302.1391304429847
855.8007269331492	156.20629343729814	0.7765916905790629	1303.1391304429847
857.7198724187311	156.98362103867538	0.7780638351927498	1304.1391304429847
859.643019687591	157.76242175400245	0.779537918762937	1305.1391304429847
861.5701748437237	158.5426975230884	0.7810139429945988	1306.1391304429847
863.5013439962368	159.32445028744718	0.7824919095927088	1307.1391304429847
865.4365332593547	160.10768199029764	0.7839718202622414	1308.1391304429847
867.3757487524163	160.8923945765638	0.7854536767081708	1309.1391304429847
869.3189965998748	161.67858999287444	0.7869374806354712	1310.1391304429847
871.2662829312987	162.46627018756345	0.788423233749116	1311.1391304429847
873.2176138813718	163.25543711066973	0.7899109377540803	1312.1391304429847
875.172995589892	164.04609271393707	0.7914005943553375	1313.1391304429847
877.1324342017728	164.83823895081417	0.7928922052578616	1314.1391304429847
879.0959358670423	165.63187777645493	0.7943857721666274	1315.1391304429847
881.0635067408441	166.42701114771785	0.7958812967866085	1316.1391304429847
883.0351529834355	167.22364102316675	0.797378780822779	1317.1391304429847
885.01088076019	168.02176936307046	0.798878225980113	1318.1391304429847
886.9906962415953	168.82139812940244	0.8003796339635849	1319.1391304429847
888.974605603254	169.62252928584132	0.8018830064781683	1320.1391304429847
890.9626150258844	170.42516479777078	0.8033883452288378	1321.1391304429847
892.9547306953187	171.22930663227942	0.8048956519205673	1322.1391304429847
894.9509588025048	172.03495675816055	0.8064049282583308	1323.1391304429847
896.9513055435046	172.84211714591294	0.8079161759471025	1324.1391304429847
898.9557771194962	173.6507897677401	0.8094293966918564	1325.1391304429847
900.9643797367717	174.4609765975503	0.8109445921975669	1326.1391304429847
902.9771196067383	175.27267961095714	0.8124617641692077	1327.1391304429847
904.9940029459184	176.08590078527902	0.8139809143117531	1328.1391304429847
907.0150359759486	176.9006420995393	0.815502044330177	1329.1391304429847
909.0402249235815	177.71690553446632	0.817025155929454	1330.1391304429847
911.0695760206842	178.53469307249344	0.8185502508145579	1331.1391304429847
913.1030955042377	179.35400669775902	0.8200773306904625	1332.1391304429847
915.1407896163395	180.17484839610637	0.8216063972621422	1333.1391304429847
917.1826646042011	180.9972201550836	0.8231374522345714	1334.1391304429847
919.2287267201493	181.82112396394405	0.8246704973127236	1335.1391304429847
921.2789822216256	182.64656181364592	0.8262055342015732	1336.1391304429847
923.3334373711865	183.47353569685242	0.8277425646060943	1337.1391304429847
925.3920984365033	184.30204760793163	0.8292815902312609	1338.1391304429847
927.4549716903626	185.13209954295684	0.8308226127820473	1339.1391304429847
929.5220634106653	185.96369349970598	0.8323656339634273	1340.1391304429847
931.5933798804276	186.79683147766224	0.8339106554803752	1341.1391304429847
933.6689273877806	187.63151547801357	0.835457679037865	1342.1391304429847
935.7487122259712	188.46774750365313	0.8370067063408712	1343.1391304429847
937.832740693359	189.30552955917886	0.8385577390943671	1344.1391304429847
939.9210190934209	190.14486365089368	0.8401107790033278	1345.1391304429847
942.0135537347472	190.98575178680557	0.8416658277727266	1346.1391304429847
944.110350931044	191.82819597662757	0.8432228871075378	1347.1391304429847
946.2114170011312	192.6721982317775	0.8447819587127355	1348.1391304429847
948.3167582689448	193.51776056537818	0.846343044293294	1349.1391304429847
950.4263810635355	194.3648849922575	0.8479061455541871	1350.1391304429847
952.5402917190683	195.2135735289483	0.8494712642003891	1351.1391304429847
954.6584965748241	196.06382819368838	0.8510384019368742	1352.1391304429847
956.7810019751973	196.9156510064205	0.8526075604686161	1353.1391304429847
958.9078142696989	197.76904398879236	0.8541787415005895	1354.1391304429847
961.0389398129533	198.6240091641567	0.8557519467377679	1355.1391304429847
963.1743849647014	199.48054855757124	0.8573271778851258	1356.1391304429847
965.314156089797	200.33866419579869	0.858904436647637	1357.1391304429847
967.4582595582107	201.1983581073066	0.8604837247302759	1358.1391304429847
969.6067017450273	202.0596323222677	0.8620650438380164	1359.1391304429847
971.7594890304464	202.92248887255937	0.8636483956758326	1360.1391304429847
973.9166277997821	203.78692979176435	0.8652337819486986	1361.1391304429847
976.078124443465	204.65295711517007	0.8668212043615886	1362.1391304429847
978.2439853570389	205.5205728797692	0.8684106646194769	1363.1391304429847
980.4142169411632	206.38977912425906	0.870002164427337	1364.1391304429847
982.5888256016123	207.26057788904222	0.8715957054901435	1365.1391304429847
984.7678177492751	208.132971216226	0.8731912895128703	1366.1391304429847
986.9511998001564	209.00696114962295	0.8747889182004915	1367.1391304429847
989.1389781753751	209.88254973475023	0.8763885932579815	1368.1391304429847
991.3311593011643	210.7597390188305	0.8779903163903137	1369.1391304429847
993.5277496088747	211.6385310507908	0.879594089302463	1370.1391304429847
995.7287555349686	212.51892788126366	0.8811999136994029	1371.1391304429847
997.9341835210258	213.4009315625862	0.8828077912861079	1372.1391304429847
1000.144040013739	214.28454414880082	0.8844177237675517	1373.1391304429847
1002.3583314649178	215.1697676956545	0.8860297128487089	1374.1391304429847
1004.5770643314852	216.05660426059978	0.8876437602345534	1375.1391304429847
1006.8002450754796	216.94505590279357	0.889259867630059	1376.1391304429847
1009.0278801640546	217.83512468309812	0.8908780367402003	1377.1391304429847
1011.2599760694783	218.7268126640805	0.8924982692699508	1378.1391304429847
1013.4965392691342	219.62012191001293	0.8941205669242852	1379.1391304429847
1015.7375762455206	220.51505448687226	0.8957449314081771	1380.1391304429847
1017.9830934862497	221.4116124623407	0.897371364426601	1381.1391304429847
1020.2330974840505	222.30979790580528	0.8989998676845308	1382.1391304429847
1022.4875947367656	223.20961288835792	0.9006304428869407	1383.1391304429847
1024.7465917473523	224.11105948279567	0.9022630917388046	1384.1391304429847
1027.010095023884	225.01413976362028	0.9038978159450968	1385.1391304429847
1029.2781110795481	225.91885580703888	0.9055346172107912	1386.1391304429847
1031.5506464326475	226.82520969096345	0.9071734972408622	1387.1391304429847
1033.8277076065992	227.73320349501046	0.9088144577402835	1388.1391304429847
1036.1093011299363	228.64283930050215	0.9104575004140296	1389.1391304429847
1038.3954335363062	229.55411919046492	0.9121026269670746	1390.1391304429847
1040.6861113644702	230.46704524963104	0.9137498391043921	1391.1391304429847
1042.9813411583066	231.38161956443685	0.9153991385309567	1392.1391304429847
1045.2811294668065	232.2978442230243	0.9170505269517422	1393.1391304429847
1047.5854828440781	233.21572131524	0.9187040060717229	1394.1391304429847
1049.8944078493428	234.1352529326358	0.9203595775958726	1395.1391304429847
1052.2079110469376	235.05644116846815	0.922017243229166	1396.1391304429847
1054.5259990063141	235.97928811769884	0.9236770046765765	1397.1391304429847
1056.8486783020392	236.9037958769943	0.9253388636430787	1398.1391304429847
1059.1759555137946	237.8299665447263	0.9270028218336464	1399.1391304429847
1061.507837226377	238.75780222097137	0.9286688809532538	1400.1391304429847
1063.8443300296979	239.68730500751087	0.9303370427068751	1401.1391304429847
1066.1854405187837	240.61847700783142	0.9320073087994845	1402.1391304429847
1068.531175293776	241.55132032712447	0.9336796809360556	1403.1391304429847
1070.8815409599304	242.48583707228647	0.9353541608215629	1404.1391304429847
1073.2365441276186	243.42202935191892	0.9370307501609804	1405.1391304429847
1075.5961914123268	244.35989927632806	0.9387094506592822	1406.1391304429847
1077.9604894346558	245.29944895752544	0.9403902640214424	1407.1391304429847
1080.3294448203217	246.24068050922733	0.9420731919524351	1408.1391304429847
1082.7030642001555	247.18359604685486	0.9437582361572346	1409.1391304429847
1085.0813542101027	248.12819768753457	0.9454453983408144	1410.1391304429847
1087.4643214912246	249.07448755009773	0.9471346802081495	1411.1391304429847
1089.8519726896961	250.02246775508047	0.9488260834642133	1412.1391304429847
1092.2443144568085	250.9721404247241	0.95051960981398	1413.1391304429847
1094.641353448967	251.9235076829748	0.9522152609624238	1414.1391304429847
1097.0430963276917	252.87657165548353	0.9539130386145188	1415.1391304429847
1099.4495497596188	253.83133446960665	0.9556129444752393	1416.1391304429847
1101.8607204164978	254.78779825440517	0.957314980249559	1417.1391304429847
1104.2766149751942	255.74596514064524	0.9590191476424522	1418.1391304429847
1106.6972401176884	256.7058372607979	0.9607254483588932	1419.1391304429847
1109.1226025310746	257.66741674903926	0.9624338841038557	1420.1391304429847
1111.5527089075636	258.63070574125004	0.964144456582314	1421.1391304429847
1113.9875659444797	259.5957063750167	0.9658571674992421	1422.1391304429847
1116.4271803442632	260.56242078962975	0.9675720185596145	1423.1391304429847
1118.8715588144687	261.5308511260854	0.9692890114684047	1424.1391304429847
1121.3207080677657	262.50099952708445	0.9710081479305874	1425.1391304429847
1123.774634821939	263.4728681370327	0.9727294296511361	1426.1391304429847
1126.2333457998877	264.4464591020411	0.9744528583350253	1427.1391304429847
1128.6968477296268	265.42177456992545	0.976178435687229	1428.1391304429847
1131.1651473442853	266.39881669020656	0.9779061634127213	1429.1391304429847
1133.638251382107	267.3775876141103	0.9796360432164762	1430.1391304429847
1136.116166586452	268.35808949456737	0.9813680768034679	1431.1391304429847
1138.598899705794	269.3403244862134	0.9831022658786706	1432.1391304429847
1141.0864574937218	270.3242947453891	0.9848386121470583	1433.1391304429847
1143.5788467089394	271.31000243014023	0.9865771173136049	1434.1391304429847
1146.0760741152665	272.2974497002174	0.9883177830832849	1435.1391304429847
1148.5781464816357	273.28663871707613	0.9900606111610719	1436.1391304429847
1151.0850705820963	274.2775716438772	0.9918056032519404	1437.1391304429847
1153.5968531958124	275.27025064548604	0.9935527610608645	1438.1391304429847
1156.1135011070614	276.2646778884732	0.9953020862928181	1439.1391304429847
1158.635021105238	277.2608555411143	0.9970535806527754	1440.1391304429847
1161.1614199848498	278.2587857733897	0.9988072458457105	1441.1391304429847
1163.6927045455207	279.25847075698516	1.0005630835765975	1442.1391304429847
1166.2288815919883	280.2599126652906	1.0023210955504103	1443.1391304429847
1168.7699579341063	281.2631136734019	1.0040812834721233	1444.1391304429847
1171.3159403868426	282.2680759581192	1.0058436490467106	1445.1391304429847
1173.8668357702804	283.27480169794785	1.007608193979146	1446.1391304429847
1176.4226509096172	284.2832930730985	1.0093749199744038	1447.1391304429847
1178.9833926351666	285.29355226548597	1.011143828737458	1448.1391304429847
1181.5490677823561	286.30558145873096	1.012914921973283	1449.1391304429847
1184.1196831917275	287.31938283815845	1.0146882013868521	1450.1391304429847
1186.6952457089399	288.33495859079886	1.0164636686831405	1451.1391304429847
1189.2757621847652	289.35231090538736	1.0182413255671219	1452.1391304429847
1191.8612394750903	290.37144197236404	1.0200211737437699	1453.1391304429847
1194.4516844409188	291.392353983874	1.0218032149180591	1454.1391304429847
1197.0471039483668	292.4150491337677	1.0235874507949634	1455.1391304429847
1199.6475048686673	293.4395296175998	1.025373883079457	1456.1391304429847
1202.2528940781672	294.46579763263077	1.0271625134765139	1457.1391304429847
1204.863278458329	295.49385537782535	1.0289533436911085	1458.1391304429847
1207.4786648957293	296.5237050538538	1.0307463754282145	1459.1391304429847
1210.0990602820596	297.55534886309096	1.0325416103928058	1460.1391304429847
1212.7244715141278	298.58878900961696	1.0343390502898573	1461.1391304429847
1215.3549054938553	299.62402769921647	1.036138696824343	1462.1391304429847
1217.9903691282784	300.6610671393798	1.037940551701236	1463.1391304429847
1220.6308693295487	301.6999095393015	1.039744616625511	1464.1391304429847
1223.2764130149337	302.74055710988154	1.0415508933021427	1465.1391304429847
1225.9270071068138	303.7830120637247	1.0433593834361043	1466.1391304429847
1228.5826585326859	304.8272766151412	1.0451700887323705	1467.1391304429847
1231.243374225161	305.8733529801453	1.0469830108959148	1468.1391304429847
1233.9091611219658	306.9212433764572	1.048798151631712	1469.1391304429847
1236.580026165941	307.9709500235011	1.0506155126447356	1470.1391304429847
1239.2559763050429	309.02247514240736	1.05243509563996	1471.1391304429847
1241.9370184923428	310.0758209560101	1.0542569023223594	1472.1391304429847
1244.623159686026	311.1309896888494	1.0560809343969078	1473.1391304429847
1247.3144068493937	312.1879835671696	1.057907193568579	1474.1391304429847
1250.0107669508616	313.24680481892057	1.0597356815423475	1475.1391304429847
1252.7122469639603	314.3074556737566	1.061566400023187	1476.1391304429847
1255.4188538673354	315.36993836303776	1.0633993507160722	1477.1391304429847
1258.1305946447483	316.4342551198278	1.0652345353259767	1478.1391304429847
1260.8474762850726	317.500408178897	1.0670719555578745	1479.1391304429847
1263.5695057823011	318.5683997767192	1.0689116131167404	1480.1391304429847
1266.2966901355367	319.63823215147437	1.0707535097075478	1481.1391304429847
1269.0290363490014	320.70990754304654	1.0725976470352712	1482.1391304429847
1271.766551432029	321.7834281930257	1.0744440268048843	1483.1391304429847
1274.509242399071	322.85879634470535	1.0762926507213615	1484.1391304429847
1277.257116269691	323.9360142430856	1.0781435204896768	1485.1391304429847
1280.0101800685702	325.0150841348704	1.0799966378148045	1486.1391304429847
1282.7684408255027	326.09600826846923	1.0818520044017186	1487.1391304429847
1285.5319055753978	327.178788893996	1.0837096219553928	1488.1391304429847
1288.3005813582815	328.26342826327055	1.085569492180802	1489.1391304429847
1291.0744752192916	329.3499286298165	1.0874316167829192	1490.1391304429847
1293.8535942086846	330.43829224886366	1.0892959974667198	1491.1391304429847
1296.637945381828	331.5285213773455	1.0911626359371764	1492.1391304429847
1299.4275357992078	332.6206182739018	1.0930315338992647	1493.1391304429847
1302.222372526423	333.71458519887625	1.0949026930579577	1494.1391304429847
1305.022462634187	334.81042441431833	1.09677611511823	1495.1391304429847
1307.8278131983295	335.9081381839815	1.0986518017850553	1496.1391304429847
1310.6384312997943	337.0077287733255	1.100529754763408	1497.1391304429847
1313.454324024641	338.1091984495138	1.1024099757582624	1498.1391304429847
1316.2754984640428	339.2125494814159	1.1042924664745921	1499.1391304429847
1319.1019617142888	340.3177841396053	1.1061772286173714	1500.1391304429847
1321.933720876783	341.4249046963611	1.1080642638915745	1501.1391304429847
1324.770783058044	342.5339134256672	1.1099535740021755	1502.1391304429847
1327.6131553697041	343.64481260321264	1.1118451606541482	1503.1391304429847
1330.460844928514	344.7576045063909	1.113739025552467	1504.1391304429847
1333.3138588563356	345.8722914143013	1.115635170402106	1505.1391304429847
1336.1722042801482	346.98887560774716	1.1175335969080393	1506.1391304429847
1339.0358883320432	348.1073593692378	1.1194343067752406	1507.1391304429847
1341.9049181492317	349.2277449829864	1.1213373017086845	1508.1391304429847
1344.779300874035	350.3500347349123	1.123242583413345	1509.1391304429847
1347.6590436538913	351.47423091263846	1.1251501535941961	1510.1391304429847
1350.5441536413541	352.60033580549435	1.127060013956212	1511.1391304429847
1353.4346379940903	353.72835170451305	1.1289721662043664	1512.1391304429847
1356.3305038748836	354.8582809024335	1.1308866120436338	1513.1391304429847
1359.2317584516318	355.990125693699	1.1328033531789883	1514.1391304429847
1362.1384088973468	357.12388837445843	1.134722391315404	1515.1391304429847
1365.0504623901568	358.2595712425651	1.1366437281578547	1516.1391304429847
1367.9679261133042	359.3971765975778	1.1385673654113149	1517.1391304429847
1370.8908072551462	360.5367067407597	1.1404933047807582	1518.1391304429847
1373.8191130091557	361.6781639750797	1.1424215479711592	1519.1391304429847
1376.7528505739197	362.8215506052107	1.144352096687492	1520.1391304429847
1379.6920271531399	363.9668689375316	1.1462849526347303	1521.1391304429847
1382.6366499556343	365.1141212801254	1.1482201175178486	1522.1391304429847
1385.586726195334	366.26330994278095	1.1501575930418206	1523.1391304429847
1388.542263091287	367.414437236991	1.1520973809116208	1524.1391304429847
1391.5032678676541	368.5675054759544	1.1540394828322231	1525.1391304429847
1394.469747753712	369.72251697457403	1.155983900508601	1526.1391304429847
1397.4417099838543	370.87947404945857	1.1579306356457302	1527.1391304429847
1400.4191617975862	372.0383790189208	1.1598796899485833	1528.1391304429847
1403.4021104395283	373.1992342029793	1.1618310651221346	1529.1391304429847
1406.3905631594193	374.3620419233569	1.1637847628713587	1530.1391304429847
1409.3845272121093	375.5268045034822	1.1657407849012298	1531.1391304429847
1412.3840098575647	376.6935242684879	1.1676991329167214	1532.1391304429847
1415.3890183608673	377.8622035452125	1.169659808622808	1533.1391304429847
1418.3995599922118	379.0328446621988	1.171622813724463	1534.1391304429847
1421.4156420269123	380.2054499496949	1.1735881499266623	1535.1391304429847
1424.4372717453919	381.3800217396539	1.1755558189343778	1536.1391304429847
1427.4644564331927	382.55656236573395	1.1775258224525849	1537.1391304429847
1430.497203380971	383.73507416329755	1.1794981621862575	1538.1391304429847
1433.5355198844973	384.9155594694133	1.1814728398403698	1539.1391304429847
1436.5794132446563	386.0980206228535	1.183449857119895	1540.1391304429847
1439.6288907674493	387.2824599640966	1.1854292157298083	1541.1391304429847
1442.6839597639935	388.46887983532486	1.1874109173750838	1542.1391304429847
1445.744627550517	389.6572825804268	1.1893949637606946	1543.1391304429847
1448.8109014483662	390.8476705449947	1.1913813565916156	1544.1391304429847
1451.8827887840014	392.0400460763268	1.1933700975728208	1545.1391304429847
1454.9602968889976	393.23441152342536	1.1953611884092838	1546.1391304429847
1458.0434331000447	394.4307692369988	1.197354630805979	1547.1391304429847
1461.1322047589492	395.62912156945913	1.1993504264678811	1548.1391304429847
1464.2266192126297	396.8294708749246	1.2013485770999635	1549.1391304429847
1467.3266838131217	398.03181950921737	1.2033490844072003	1550.1391304429847
1470.4324059175756	399.23616982986573	1.2053519500945662	1551.1391304429847
1473.5437928882552	400.44252419610166	1.2073571758670345	1552.1391304429847
1476.6608520925404	401.6508849688631	1.2093647634295799	1553.1391304429847
1479.7835909029259	402.8612545107924	1.2113747144871758	1554.1391304429847
1482.9120166970222	404.07363518623754	1.2133870307447976	1555.1391304429847
1486.046136857552	405.28802936125044	1.215401713907418	1556.1391304429847
1489.1859587723561	406.504439403589	1.2174187656800117	1557.1391304429847
1492.3314898343883	407.72286768271533	1.2194381877675529	1558.1391304429847
1495.482737441718	408.9433165697974	1.2214599818750154	1559.1391304429847
1498.6397089975292	410.1657884377071	1.2234841497073736	1560.1391304429847
1501.8024119101212	411.39028566102206	1.2255106929696016	1561.1391304429847
1504.9708535929078	412.6168106160245	1.2275396133666732	1562.1391304429847
1508.1450414644178	413.845365680702	1.2295709126035628	1563.1391304429847
1511.324982948296	415.0759532347465	1.2316045923852443	1564.1391304429847
1514.5106854732996	416.3085756595558	1.2336406544166918	1565.1391304429847
1517.7021564733036	417.5432353382315	1.2356791004028795	1566.1391304429847
1520.899403387296	418.77993465558154	1.2377199320487815	1567.1391304429847
1524.1024336593805	420.0186759981174	1.2397631510593716	1568.1391304429847
1527.311254738776	421.2594617540567	1.2418087591396247	1569.1391304429847
1530.5258740798145	422.5022943133215	1.243856757994514	1570.1391304429847
1533.7462991419459	423.74717606753904	1.245907149329014	1571.1391304429847
1536.9725373897327	424.994109410041	1.2479599348480988	1572.1391304429847
1540.2045962928532	426.24309673586504	1.2500151162567423	1573.1391304429847
1543.4424833261005	427.49414044175273	1.252072695259919	1574.1391304429847
1546.6862059693824	428.74724292615133	1.2541326735626028	1575.1391304429847
1549.9357717077219	430.0024065892127	1.2561950528697676	1576.1391304429847
1553.191188031257	431.25963383279407	1.2582598348863878	1577.1391304429847
1556.4524624352402	432.51892706045703	1.2603270213174371	1578.1391304429847
1559.7196024200393	433.78028867746855	1.26239661386789	1579.1391304429847
1562.9926154911368	435.0437210908009	1.2644686142427202	1580.1391304429847
1566.2715091591315	436.3092267091305	1.2665430241469027	1581.1391304429847
1569.5562909397331	437.5768079428394	1.2686198452854103	1582.1391304429847
1572.846968353772	438.8464672040144	1.2706990793632182	1583.1391304429847
1576.143548927188	440.1182069064474	1.2727807280852996	1584.1391304429847
1579.44604019104	441.39202946563466	1.2748647931566293	1585.1391304429847
1582.7544496815	442.6679372987786	1.2769512762821815	1586.1391304429847
1586.068784939854	443.9459328247855	1.2790401791669292	1587.1391304429847
1589.3890535125051	445.2260184642672	1.281131503515848	1588.1391304429847
1592.7152629509692	446.5081966395402	1.2832252510339106	1589.1391304429847
1596.047420811879	447.7924697746265	1.2853214234260921	1590.1391304429847
1599.3855346569808	449.078840295252	1.2874200223973662	1591.1391304429847
1602.7296120531369	450.36731062884917	1.2895210496527072	1592.1391304429847
1606.079660572323	451.65788320455374	1.2916245068970889	1593.1391304429847
1609.435687791631	452.950560453208	1.2937303958354853	1594.1391304429847
1612.797701293267	454.2453448073578	1.2958387181728708	1595.1391304429847
1616.1657086645534	455.5422387012551	1.2979494756142198	1596.1391304429847
1619.5397174979262	456.8412445708558	1.300062669864506	1597.1391304429847
1622.9197353909358	458.1423648538222	1.3021783026287035	1598.1391304429847
1626.3057699462483	459.44560198951956	1.304296375611786	1599.1391304429847
1629.6978287716456	460.7509584190203	1.3064168905187283	1600.1391304429847
1633.095919480023	462.0584365850999	1.3085398490545042	1601.1391304429847
1636.5000496893927	463.36803893224044	1.310665252924088	1602.1391304429847
1639.9102270228786	464.6797679066277	1.3127931038324534	1603.1391304429847
1643.3264591087222	465.9936259561533	1.314923403484575	1604.1391304429847
1646.7487535802804	467.3096155304132	1.3170561535854266	1605.1391304429847
1650.1771180760218	468.6277390807087	1.319191355839982	1606.1391304429847
1653.6115602395341	469.9479990600461	1.3213290119532162	1607.1391304429847
1657.0520877195154	471.27039792313644	1.3234691236301024	1608.1391304429847
1660.4987081697823	472.59493812639573	1.325611692575615	1609.1391304429847
1663.9514292492645	473.9216221279454	1.327756720494728	1610.1391304429847
1667.4102586220088	475.2504523876113	1.3299042090924158	1611.1391304429847
1670.8752039571737	476.5814313669249	1.3320541600736524	1612.1391304429847
1674.3462729290338	477.91456152912156	1.3342065751434116	1613.1391304429847
1677.8234732169813	479.2498453391429	1.336361456006668	1614.1391304429847
1681.3068125055188	480.5872852636344	1.338518804368395	1615.1391304429847
1684.7962984842677	481.9268837709475	1.3406786219335678	1616.1391304429847
1688.291938847962	483.2686433311376	1.3428409104071592	1617.1391304429847
1691.7937412964511	484.6125664159663	1.3450056714941443	1618.1391304429847
1695.3017135347	485.9586554988988	1.3471729068994964	1619.1391304429847
1698.8158632727886	487.3069130551063	1.3493426183281905	1620.1391304429847
1702.3361982259098	488.6573415614646	1.3515148074852	1621.1391304429847
1705.8627261143752	490.00994349655457	1.3536894760754992	1622.1391304429847
1709.3954546636073	491.3647213406616	1.3558666258040621	1623.1391304429847
1712.9343916041462	492.7216775757771	1.3580462583758632	1624.1391304429847
1716.4795446716453	494.0808146855962	1.360228375495876	1625.1391304429847
1720.0309216068745	495.4421351555199	1.362412978869075	1626.1391304429847
1723.5885301557164	496.8056414726537	1.3646000702004342	1627.1391304429847
1727.1523780691718	498.1713361258085	1.366789651194928	1628.1391304429847
1730.7224731033537	499.53922160549956	1.3689817235575301	1629.1391304429847
1734.2988230194896	500.90930040394784	1.3711762889932146	1630.1391304429847
1737.8814355839243	502.2815750150788	1.3733733492069555	1631.1391304429847
1741.4703185681165	503.65604793452286	1.3755729059037276	1632.1391304429847
1745.0654797486393	505.03272165961545	1.377774960788504	1633.1391304429847
1748.6669269071808	506.4115986893975	1.3799795155662595	1634.1391304429847
1752.2746678305457	507.792681524614	1.3821865719419684	1635.1391304429847
1755.8887103106508	509.1759726677158	1.384396131620604	1636.1391304429847
1759.5090621445297	510.56147462285793	1.3866081963071408	1637.1391304429847
1763.1357311343306	511.94918989590104	1.3888227677065528	1638.1391304429847
1766.7687250873169	513.3391209944102	1.3910398475238144	1639.1391304429847
1770.4080518158653	514.7312704276565	1.3932594374638994	1640.1391304429847
1774.0537191374704	516.1256407066141	1.395481539231782	1641.1391304429847
1777.7057348747392	517.5222343439641	1.3977061545324365	1642.1391304429847
1781.3641068553939	518.9210538540915	1.3999332850708366	1643.1391304429847
1785.0288429122725	520.3221017530866	1.4021629325519567	1644.1391304429847
1788.699950883328	521.7253805587445	1.4043950986807707	1645.1391304429847
1792.3774386116277	523.1308927905657	1.4066297851622531	1646.1391304429847
1796.0613139453535	524.5386409697549	1.4088669937013771	1647.1391304429847
1799.7515847378027	525.9486276192229	1.4111067260031178	1648.1391304429847
1803.4482588473882	527.3608552635837	1.4133489837724487	1649.1391304429847
1807.151344137637	528.7753264291584	1.4155937687143443	1650.1391304429847
1810.8608484771914	530.1920436439716	1.4178410825337786	1651.1391304429847
1814.5767797398078	531.6110094377536	1.4200909269357251	1652.1391304429847
1818.2991458043587	533.0322263419389	1.422343303625159	1653.1391304429847
1822.0279545548303	534.4556968896682	1.4245982143070535	1654.1391304429847
1825.7632138803244	535.8814236157855	1.4268556606863827	1655.1391304429847
1829.5049316750587	537.3094090568416	1.4291156444681214	1656.1391304429847
1833.253115838364	538.7396557510908	1.4313781673572432	1657.1391304429847
1837.0077742746867	540.1721662384934	1.4336432310587222	1658.1391304429847
1840.7689148935892	541.6069430607142	1.4359108372775324	1659.1391304429847
1844.5365456097477	543.0439887611228	1.4381809877186487	1660.1391304429847
1848.3106743429523	544.4833058847937	1.440453684087044	1661.1391304429847
1852.0913090181105	545.9248969785074	1.4427289280876932	1662.1391304429847
1855.8784575652428	547.3687645907482	1.4450067214255702	1663.1391304429847
1859.6721279194853	548.814911271706	1.447287065805649	1664.1391304429847
1863.4723280210887	550.2633395732751	1.4495699629329035	1665.1391304429847
1867.2790658154208	551.7140520490559	1.4518554145123084	1666.1391304429847
1871.0923492529603	553.1670512543524	1.4541434222488372	1667.1391304429847
1874.912186289304	554.6223397461742	1.4564339878474648	1668.1391304429847
1878.7385848851625	556.0799200832362	1.4587271130131643	1669.1391304429847
1882.5715530063612	557.5397948259579	1.4610227994509106	1670.1391304429847
1886.4110986238406	559.0019665364637	1.4633210488656774	1671.1391304429847
1890.2572297136562	560.4664377785832	1.465621862962439	1672.1391304429847
1894.1099542569787	561.9332111178508	1.467925243446169	1673.1391304429847
1897.9692802400932	563.4022891215063	1.470231192021842	1674.1391304429847
1901.8352156543997	564.8736743584934	1.472539710394432	1675.1391304429847
1905.7077684964138	566.3473693994624	1.4748508002689131	1676.1391304429847
1909.5869467677653	567.823376816767	1.4771644633502594	1677.1391304429847
1913.4727584751995	569.301699184467	1.4794807013434452	1678.1391304429847
1917.365211630575	570.7823390783262	1.4817995159534438	1679.1391304429847
1921.2643142508684	572.2652990758145	1.4841209088852303	1680.1391304429847
1925.1700743581687	573.7505817561055	1.486444881843778	1681.1391304429847
1929.0824999796803	575.2381897000791	1.4887714365340616	1682.1391304429847
1933.001599147724	576.7281254903191	1.491100574661055	1683.1391304429847
1936.9273798997324	578.2203917111151	1.4934322979297323	1684.1391304429847
1940.8598502782565	579.714990948461	1.4957666080450673	1685.1391304429847
1944.7990183309603	581.2119257900558	1.4981035067120345	1686.1391304429847
1948.7448921106227	582.7111988253039	1.5004429956356078	1687.1391304429847
1952.697479675138	584.2128126453144	1.5027850765207618	1688.1391304429847
1956.6567890875172	585.7167698429009	1.50512975107247	1689.1391304429847
1960.6228284158806	587.2230730125832	1.5074770209957062	1690.1391304429847
1964.5956057334702	588.7317247505844	1.509826887995445	1691.1391304429847
1968.5751291186389	590.2427276548347	1.5121793537766606	1692.1391304429847
1972.5614066548555	591.7560843249667	1.5145344200443271	1693.1391304429847
1976.554446430704	593.2717973623203	1.5168920885034185	1694.1391304429847
1980.5542565398832	594.789869369939	1.5192523608589088	1695.1391304429847
1984.5608450812065	596.3103029525719	1.5216152388157722	1696.1391304429847
1988.5742201586017	597.8331007166726	1.5239807240789824	1697.1391304429847
1992.5943898811133	599.3582652704004	1.526348818353514	1698.1391304429847
1996.6213623628987	600.8857992236185	1.528719523344341	1699.1391304429847
2000.6551457232335	602.415705187896	1.531092840756438	1700.1391304429847
2004.6957480865026	603.9479857765066	1.5334687722947775	1701.1391304429847
2008.743177582211	605.4826436044293	1.5358473196643354	1702.1391304429847
2012.7974423449766	607.0196812883476	1.5382284845700847	1703.1391304429847
2016.8585505145327	608.55910144665	1.540612268717	1704.1391304429847
2020.9265102357253	610.1009066994302	1.5429986738100552	1705.1391304429847
2025.0013296585198	611.6450996684871	1.5453877015542243	1706.1391304429847
2029.0830169379929	613.1916829773238	1.547779353654482	1707.1391304429847
2033.171580234337	614.7406592511497	1.5501736318158015	1708.1391304429847
2037.267027712859	616.2920311168775	1.5525705377431573	1709.1391304429847
2041.3693675439831	617.8458012031263	1.5549700731415237	1710.1391304429847
2045.4786079032458	619.4019721402192	1.5573722397158747	1711.1391304429847
2049.5947569713	620.9605465601851	1.5597770391711845	1712.1391304429847
2053.7178229339106	622.5215270967569	1.5621844732124264	1713.1391304429847
2057.8478139819636	624.0849163853736	1.5645945435445756	1714.1391304429847
2061.984738311454	625.650717063178	1.5670072518726057	1715.1391304429847
2066.1286041234935	627.2189317690192	1.5694225999014908	1716.1391304429847
2070.2794196243112	628.7895631434496	1.5718405893362055	1717.1391304429847
2074.437193025245	630.3626138287284	1.5742612218817227	1718.1391304429847
2078.601932542755	631.9380864688183	1.5766844992430173	1719.1391304429847
2082.773646398413	633.515983709388	1.5791104231250639	1720.1391304429847
2086.952342818903	635.0963081978102	1.5815389952328354	1721.1391304429847
2091.13803003603	636.6790625831638	1.583970217271307	1722.1391304429847
2095.330716286708	638.2642495162316	1.5864040909454518	1723.1391304429847
2099.530409812969	639.8518716495018	1.588840617960245	1724.1391304429847
2103.737118861961	641.4419316371673	1.59127980002066	1725.1391304429847
2107.9508516859414	643.0344321351267	1.5937216388316706	1726.1391304429847
2112.1716165422904	644.6293758009825	1.5961661360982515	1727.1391304429847
2116.3994216934975	646.2267652940434	1.598613293525377	1728.1391304429847
2120.6342754071684	647.8266032753218	1.6010631128180204	1729.1391304429847
2124.876185956024	649.4288924075362	1.6035155956811562	1730.1391304429847
2129.125161617901	651.0336353551091	1.6059707438197588	1731.1391304429847
2133.3812106757505	652.6408347841692	1.608428558938802	1732.1391304429847
2137.644341417636	654.2504933625487	1.6108890427432598	1733.1391304429847
2141.9145621367416	655.8626137597859	1.6133521969381066	1734.1391304429847
2146.19188113136	657.4771986471233	1.6158180232283161	1735.1391304429847
2150.476306704902	659.0942506975093	1.6182865233188628	1736.1391304429847
2154.767847165894	660.7137725855961	1.6207576989147203	1737.1391304429847
2159.0665108279763	662.3357669877421	1.6232315517208633	1738.1391304429847
2163.3723060099037	663.9602365820097	1.6257080834422655	1739.1391304429847
2167.6852410355455	665.5871840481667	1.6281872957839014	1740.1391304429847
2172.0053242338886	667.2166120676859	1.6306691904507442	1741.1391304429847
2176.3325639390328	668.848523323745	1.633153769147769	1742.1391304429847
2180.6669684901913	670.4829205012264	1.6356410335799496	1743.1391304429847
2185.0085462316965	672.1198062867182	1.63813098545226	1744.1391304429847
2189.357305512991	673.7591833685126	1.640623626469674	1745.1391304429847
2193.7132546886346	675.4010544366078	1.6431189583371664	1746.1391304429847
2198.0764021183036	677.0454221827052	1.6456169827597105	1747.1391304429847
2202.446756166786	678.6922893002137	1.6481177014422812	1748.1391304429847
2206.8243252039874	680.3416584842449	1.6506211160898516	1749.1391304429847
2211.2091176049266	681.9935324316164	1.653127228407397	1750.1391304429847
2215.6011417497384	683.6479138408513	1.6556360400998908	1751.1391304429847
2220.0004060236706	685.3048054121763	1.658147552872307	1752.1391304429847
2224.406918817089	686.9642098475242	1.66066176842962	1753.1391304429847
2228.820688525472	688.6261298505322	1.6631786884768038	1754.1391304429847
2233.2417235494136	690.2905681265427	1.6656983147188325	1755.1391304429847
2237.6700322946235	691.9575273826031	1.66822064886068	1756.1391304429847
2242.1056231719253	693.6270103274658	1.6707456926073214	1757.1391304429847
2246.5485045972555	695.2990196715875	1.673273447663729	1758.1391304429847
2250.998684991671	696.9735581271314	1.6758039157348783	1759.1391304429847
2255.45617278134	698.650628407964	1.678337098525743	1760.1391304429847
2259.9209763975437	700.3302332296578	1.6808729977412975	1761.1391304429847
2264.393104276682	702.0123753094897	1.683411615086515	1762.1391304429847
2268.8725648602685	703.6970573664426	1.6859529522663708	1763.1391304429847
2273.359366594932	705.3842821212024	1.6884970109858377	1764.1391304429847
2277.8535179324144	707.0740522961621	1.6910437929498907	1765.1391304429847
2282.355027329575	708.7663706154187	1.6935932998635037	1766.1391304429847
2286.8639032483866	710.4612398047741	1.6961455334316513	1767.1391304429847
2291.380154155937	712.1586625917353	1.6987004953593068	1768.1391304429847
2295.9037885244284	713.8586417055142	1.7012581873514443	1769.1391304429847
2300.4348148311797	715.5611798770278	1.7038186111130385	1770.1391304429847
2304.973241558623	717.2662798388983	1.706381768349063	1771.1391304429847
2309.5190771943076	718.9739443254523	1.7089476607644922	1772.1391304429847
2314.072330230894	720.6841760727223	1.7115162900643002	1773.1391304429847
2318.6330091661607	722.3969778184442	1.7140876579534607	1774.1391304429847
2323.201122503	724.1123523020606	1.7166617661369483	1775.1391304429847
2327.77667874942	725.8303022647178	1.7192386163197368	1776.1391304429847
2332.359686418541	727.5508304492682	1.7218182102068	1777.1391304429847
2336.9501540286024	729.273939600268	1.724400549503113	1778.1391304429847
2341.5480901029555	730.9996324639792	1.7269856359136488	1779.1391304429847
2346.1535031700664	732.7279117883684	1.7295734711433821	1780.1391304429847
2350.7664017635198	734.4587803231072	1.7321640568972874	1781.1391304429847
2355.38679442201	736.1922408195726	1.7347573948803376	1782.1391304429847
2360.0146896893493	737.928296030846	1.7373534867975078	1783.1391304429847
2364.6500961144657	739.666948711714	1.7399523343537715	1784.1391304429847
2369.2930222514	741.4082016186683	1.7425539392541036	1785.1391304429847
2373.9434766593085	743.152057509905	1.7451583032034772	1786.1391304429847
2378.601467902463	744.8985191453266	1.747765427906867	1787.1391304429847
2383.26700455025	746.6475892865385	1.7503753150692472	1788.1391304429847
2387.9400951771713	748.3992706968529	1.7529879663955914	1789.1391304429847
2392.6207483628427	750.1535661412861	1.7556033835908738	1790.1391304429847
2397.3089726919943	751.9104783865594	1.7582215683600686	1791.1391304429847
2402.0047767544747	753.6700102010991	1.7608425224081503	1792.1391304429847
2406.7081691452436	755.432164355037	1.7634662474400926	1793.1391304429847
2411.4191584643777	757.1969436202089	1.7660927451608697	1794.1391304429847
2416.1377533170667	758.9643507701567	1.7687220172754556	1795.1391304429847
2420.863962313617	760.7343885801263	1.7713540654888247	1796.1391304429847
2425.5977940694497	762.5070598270688	1.773988891505951	1797.1391304429847
2430.3392572051	764.2823672896409	1.7766264970318077	1798.1391304429847
2435.0883603462185	766.0603137482037	1.7792668837713703	1799.1391304429847
2439.8451121235703	767.8409019848232	1.7819100534296117	1800.1391304429847
2444.609521173037	769.6241347832708	1.7845560077115072	1801.1391304429847
2449.381596135613	771.4100149290223	1.7872047483220297	1802.1391304429847
2454.161345657409	773.1985452092595	1.7898562769661541	1803.1391304429847
2458.948778389651	774.9897284128676	1.7925105953488545	1804.1391304429847
2463.7439029886773	776.7835673304385	1.7951677051751043	1805.1391304429847
2468.546728115945	778.5800647542671	1.7978276081498783	1806.1391304429847
2473.3572624380217	780.3792234783559	1.80049030597815	1807.1391304429847
2478.175514626594	782.1810462984097	1.8031558003648944	1808.1391304429847
2483.0014933584616	783.9855360118402	1.8058240930150848	1809.1391304429847
2487.8352073155397	785.7926954177626	1.8084951856336957	1810.1391304429847
2492.676665184856	787.6025273169987	1.811169079925701	1811.1391304429847
2497.5258756585567	789.4150345120736	1.8138457775960748	1812.1391304429847
2502.3828474339007	791.2302198072186	1.8165252803497913	1813.1391304429847
2507.2475892132625	793.0480860083694	1.8192075898918243	1814.1391304429847
2512.1201097041326	794.8686359231667	1.8218927079271485	1815.1391304429847
2517.0004176191133	796.6918723609563	1.8245806361607373	1816.1391304429847
2521.888521675924	798.5177981327893	1.8272713762975654	1817.1391304429847
2526.7844305974013	800.3464160514206	1.8299649300426064	1818.1391304429847
2531.688153111491	802.1777289313122	1.8326612991008346	1819.1391304429847
2536.5996979512593	804.0117395886284	1.8353604851772245	1820.1391304429847
2541.519073854884	805.848450841241	1.8380624899767497	1821.1391304429847
2546.4462895656598	807.6878655087248	1.8407673152043844	1822.1391304429847
2551.381353831994	809.5299864123608	1.8434749625651028	1823.1391304429847
2556.324275407412	811.3748163751343	1.8461854337638788	1824.1391304429847
2561.2750630505507	813.2223582217364	1.8488987305056868	1825.1391304429847
2566.233725525165	815.0726147785617	1.8516148544955005	1826.1391304429847
2571.2002716001225	816.9255888737118	1.8543338074382945	1827.1391304429847
2576.1747100494063	818.781283336991	1.857055591039042	1828.1391304429847
2581.1570496521163	820.6397009999107	1.8597802070027187	1829.1391304429847
2586.1472991924634	822.5008446956858	1.862507657034297	1830.1391304429847
2591.145467459777	824.3647172592368	1.8652379428387524	1831.1391304429847
2596.151563248501	826.231321527189	1.8679710661210578	1832.1391304429847
2601.1655953581912	828.1006603378733	1.870707028586188	1833.1391304429847
2606.1875725935215	829.972736531324	1.8734458319391167	1834.1391304429847
2611.2175037642796	831.8475529492825	1.8761874778848187	1835.1391304429847
2616.255397685369	833.7251124351931	1.878931968128267	1836.1391304429847
2621.3012631768065	835.6054178342067	1.8816793043744369	1837.1391304429847
2626.355109063725	837.4884719931777	1.8844294883283017	1838.1391304429847
2631.416944176372	839.3742777606674	1.887182521694836	1839.1391304429847
2636.4867773501096	841.26283798694	1.889938406179013	1840.1391304429847
2641.5646174254152	843.1541555239662	1.8926971434858078	1841.1391304429847
2646.6504732478807	845.0482332254207	1.895458735320194	1842.1391304429847
2651.7443536682144	846.9450739466843	1.8982231833871461	1843.1391304429847
2656.846267542238	848.8446805448409	1.9009904893916376	1844.1391304429847
2661.956223730887	850.7470558786815	1.903760655038643	1845.1391304429847
2667.0742311002155	852.6522028087008	1.9065336820331367	1846.1391304429847
2672.20029852139	854.5601241970987	1.909309572080092	1847.1391304429847
2677.3344348706905	856.4708229077798	1.9120883268844835	1848.1391304429847
2682.4766490295156	858.3843018063551	1.9148699481512854	1849.1391304429847
2687.626949884376	860.3005637601384	1.9176544375854712	1850.1391304429847
2692.785346326899	862.2196116381504	1.9204417968920158	1851.1391304429847
2697.951847253825	864.1414483111148	1.9232320277758925	1852.1391304429847
2703.1264615670107	866.0660766514627	1.926025131942076	1853.1391304429847
2708.309198173429	867.9934995333281	1.9288211110955404	1854.1391304429847
2713.500065985163	869.9237198325511	1.9316199669412595	1855.1391304429847
2718.6990739194175	871.8567404266764	1.9344217011842075	1856.1391304429847
2723.9062308985062	873.7925641949537	1.9372263155293585	1857.1391304429847
2729.121545849861	875.7311940183376	1.9400338116816869	1858.1391304429847
2734.3450277060265	877.6726327794879	1.942844191346166	1859.1391304429847
2739.5766854046656	879.6168833627689	1.9456574562277704	1860.1391304429847
2744.8165278885526	881.5639486542507	1.9484736080314746	1861.1391304429847
2750.0645641055794	883.5138315417075	1.9512926484622524	1862.1391304429847
2755.3208030087503	885.4665349146192	1.9541145792250774	1863.1391304429847
2760.5852535561867	887.4220616641701	1.956939402024924	1864.1391304429847
2765.8579247111234	889.3804146832497	1.9597671185667669	1865.1391304429847
2771.138825441911	891.3415968664526	1.9625977305555793	1866.1391304429847
2776.4279647220155	893.3056111100782	1.9654312396963358	1867.1391304429847
2781.7253515300163	895.272460312131	1.9682676476940104	1868.1391304429847
2787.0309948496097	897.24214737232	1.9711069562535777	1869.1391304429847
2792.3449036696047	899.2146751920602	1.9739491670800107	1870.1391304429847
2797.667086983926	901.1900466744708	1.9767942818782842	1871.1391304429847
2802.9975537916134	903.1682647243758	1.9796423023533718	1872.1391304429847
2808.336313096824	905.149332248305	1.982493230210249	1873.1391304429847
2813.683373908826	907.1332521544919	1.9853470671538882	1874.1391304429847
2819.0387452420023	909.1200273528766	1.988203814889264	1875.1391304429847
2824.4024361158563	911.1096607551028	1.9910634751213512	1876.1391304429847
2829.774455554999	913.1021552745199	1.993926049555123	1877.1391304429847
2835.1548125891627	915.0975138261817	1.9967915398955542	1878.1391304429847
2840.5435162531903	917.0957393268479	1.9996599478476187	1879.1391304429847
2845.9405755870403	919.0968346949824	2.00253127511629	1880.1391304429847
2851.345999635788	921.1008028507547	2.0054055234065427	1881.1391304429847
2856.759797449622	923.1076467160381	2.008282694423351	1882.1391304429847
2862.1819780838487	925.1173692144118	2.0111627898716895	1883.1391304429847
2867.612550598884	927.12997327116	2.014045811456531	1884.1391304429847
2873.0515240602626	929.145461813272	2.0169317608828505	1885.1391304429847
2878.4989075386347	931.1638377694412	2.019820639855622	1886.1391304429847
2883.9547101097614	933.1851040700672	2.022712450079819	1887.1391304429847
2889.4189408545244	935.209263647253	2.0256071932604165	1888.1391304429847
2894.891608858916	937.2363194348084	2.0285048711023883	1889.1391304429847
2900.372723214044	939.2662743682465	2.031405485310708	1890.1391304429847
2905.8622930161337	941.299131384787	2.0343090375903508	1891.1391304429847
2911.3603273665212	943.3348934233527	2.0372155296462893	1892.1391304429847
2916.866835371661	945.3735634245735	2.040124963183499	1893.1391304429847
2922.381826143122	947.4151443307818	2.043037339906953	1894.1391304429847
2927.9053087975853	949.4596390860178	2.0459526615216252	1895.1391304429847
2933.437292456851	951.5070506360238	2.048870929732491	1896.1391304429847
2938.9777862478304	953.5573819282498	2.0517921462445234	1897.1391304429847
2944.526799302553	955.6106359118484	2.054716312762697	1898.1391304429847
2950.0843407581615	957.6668155376789	2.057643430991986	1899.1391304429847
2955.6504197569116	959.7259237583042	2.060573502637364	1900.1391304429847
2961.2250454461787	961.7879635279938	2.063506529403806	1901.1391304429847
2966.808226978448	963.8529378027205	2.0664425129962845	1902.1391304429847
2972.399973511323	965.9208495401634	2.069381455119775	1903.1391304429847
2978.0002942075225	967.9917016997055	2.0723233574792514	1904.1391304429847
2983.6091982348767	970.0654972424358	2.0752682217796874	1905.1391304429847
2989.226694766334	972.1422391311468	2.078216049726057	1906.1391304429847
2994.852792979956	974.2219303303381	2.0811668430233348	1907.1391304429847
3000.4875020589216	976.304573806212	2.084120603376495	1908.1391304429847
3006.130831191519	978.3901725266782	2.0870773324905105	1909.1391304429847
3011.782789571159	980.4787294613485	2.0900370320703567	1910.1391304429847
3017.4433863963623	982.5702475815423	2.0929997038210075	1911.1391304429847
3023.112630870766	984.6647298602824	2.095965349447437	1912.1391304429847
3028.7905322031206	986.7621792722974	2.0989339706546186	1913.1391304429847
3034.477099607294	988.8625987940203	2.101905569147527	1914.1391304429847
3040.1723423022663	990.9659914035893	2.1048801466311358	1915.1391304429847
3045.8762695121354	993.0723600808477	2.10785770481042	1916.1391304429847
3051.5888904661124	995.1817078073435	2.1108382453903527	1917.1391304429847
3057.310214398524	997.2940375663301	2.1138217700759085	1918.1391304429847
3063.0402505488096	999.4093523427658	2.1168082805720614	1919.1391304429847
3068.7790081615276	1001.5276551233129	2.1197977785837856	1920.1391304429847
3074.526496486349	1003.6489488963401	2.1227902658160556	1921.1391304429847
3080.2827247780588	1005.7732366519202	2.125785743973845	1922.1391304429847
3086.047702296559	1007.9005213818313	2.1287842147621276	1923.1391304429847
3091.8214383068625	1010.0308060795563	2.131785679885877	1924.1391304429847
3097.6039420791053	1012.164093740283	2.13479014105007	1925.1391304429847
3103.3952228885287	1014.3003873609049	2.137797599959678	1926.1391304429847
3109.195290015494	1016.4396899400191	2.140808058319675	1927.1391304429847
3115.0041527454796	1018.5820044779292	2.1438215178350375	1928.1391304429847
3120.8218203690726	1020.7273339766429	2.1468379802107376	1929.1391304429847
3126.6483021819818	1022.8756814398727	2.14985744715175	1930.1391304429847
3132.483607485023	1025.0270498730365	2.1528799203630484	1931.1391304429847
3138.327745584135	1027.1814422832572	2.1559054015496075	1932.1391304429847
3144.180725790366	1029.3388616793623	2.1589338924164005	1933.1391304429847
3150.0425574198853	1031.4993110718851	2.1619653946684037	1934.1391304429847
3155.913249793968	1033.6627934730623	2.1649999100105886	1935.1391304429847
3161.7928122390103	1035.8293118968377	2.16803744014793	1936.1391304429847
3167.681254086523	1037.9988693588584	2.171077986785403	1937.1391304429847
3173.5785846731314	1040.1714688764773	2.1741215516279815	1938.1391304429847
3179.484813340572	1042.347113468751	2.1771681363806374	1939.1391304429847
3185.3999494357035	1044.5258061564432	2.180217742748348	1940.1391304429847
3191.324002310494	1046.707549962021	2.183270372436086	1941.1391304429847
3197.256981322026	1048.892347909657	2.1863260271488247	1942.1391304429847
3203.1988958325014	1051.080203025229	2.1893847085915388	1943.1391304429847
3209.1497552092333	1053.2711183363185	2.1924464184692027	1944.1391304429847
3215.109568824652	1055.465096872214	2.1955111584867906	1945.1391304429847
3221.0783460563016	1057.6621416639073	2.1985789303492766	1946.1391304429847
3227.0560962868403	1059.8622557440958	2.2016497357616345	1947.1391304429847
3233.042828904043	1062.0654421471818	2.2047235764288384	1948.1391304429847
3239.0385533007966	1064.2717039092736	2.207800454055862	1949.1391304429847
3245.043278875106	1066.4810440681822	2.2108803703476796	1950.1391304429847
3251.057015030091	1068.6934656634253	2.2139633270092656	1951.1391304429847
3257.0797711739865	1070.9089717362253	2.217049325745595	1952.1391304429847
3263.111556720136	1073.1275653295097	2.22013836826164	1953.1391304429847
3269.15238108701	1075.3492494879101	2.223230456262376	1954.1391304429847
3275.2022536981813	1077.574027257764	2.2263255914527766	1955.1391304429847
3281.2611839823453	1079.801901687114	2.2294237755378163	1956.1391304429847
3287.3291813733103	1082.0328758257065	2.232525010222468	1957.1391304429847
3293.406255310001	1084.2669527249936	2.235629297211708	1958.1391304429847
3299.492415236452	1086.5041354381333	2.238736638210508	1959.1391304429847
3305.5876706018203	1088.7444270199862	2.2418470349238437	1960.1391304429847
3311.6920308603712	1090.9878305271204	2.2449604890566883	1961.1391304429847
3317.8055054714896	1093.2343490178077	2.2480770023140173	1962.1391304429847
3323.928103899671	1095.483985552025	2.251196576400803	1963.1391304429847
3330.059835614531	1097.7367431914545	2.2543192130220207	1964.1391304429847
3336.200710090795	1099.9926249994824	2.257444913882644	1965.1391304429847
3342.3507368083065	1102.2516340412012	2.260573680687647	1966.1391304429847
3348.5099252520217	1104.5137733834076	2.2637055151420036	1967.1391304429847
3354.678284912017	1106.779046094603	2.266840418950689	1968.1391304429847
3360.8558252834755	1109.047455244995	2.269978393818676	1969.1391304429847
3367.042555866702	1111.3190039064953	2.2731194414509392	1970.1391304429847
3373.2384861671117	1113.59369515272	2.276263563552453	1971.1391304429847
3379.4436256952395	1115.8715320589918	2.2794107618281916	1972.1391304429847
3385.657983966728	1118.1525177023364	2.282561037983127	1973.1391304429847
3391.8815705023444	1120.4366551614862	2.2857143937222366	1974.1391304429847
3398.1143948279623	1122.7239475168772	2.2888708307504926	1975.1391304429847
3404.356466474575	1125.0143978506517	2.292030350772869	1976.1391304429847
3410.607794978289	1127.3080092466557	2.2951929554943407	1977.1391304429847
3416.868389880326	1129.6047847904415	2.2983586466198815	1978.1391304429847
3423.138260727021	1131.904727569265	2.3015274258544647	1979.1391304429847
3429.417417069829	1134.2078406720889	2.3046992949030662	1980.1391304429847
3435.7058684653125	1136.5141271895777	2.307874255470658	1981.1391304429847
3442.0036244751554	1138.8235902141046	2.3110523092622155	1982.1391304429847
3448.3106946661524	1141.1362328397452	2.3142334579827124	1983.1391304429847
3454.6270886102175	1143.4520581622814	2.3174177033371235	1984.1391304429847
3460.9528158843727	1145.7710692791993	2.3206050470304214	1985.1391304429847
3467.287886070762	1148.0932692896904	2.3237954907675813	1986.1391304429847
3473.6323087566416	1150.4186612946505	2.3269890362535772	1987.1391304429847
3479.986093534382	1152.747248396682	2.3301856851933835	1988.1391304429847
3486.349250001469	1155.0790337000901	2.333385439291974	1989.1391304429847
3492.721787760501	1157.4140203108873	2.336588300254322	1990.1391304429847
3499.103716419196	1159.7522113367884	2.3397942697854024	1991.1391304429847
3505.4950455903845	1162.093609887216	2.3430033495901896	1992.1391304429847
3511.8957848920118	1164.438219073295	2.346215541373657	1993.1391304429847
3518.3059439471385	1166.7860420078578	2.3494308468407787	1994.1391304429847
3524.72553238394	1169.1370818054395	2.35264926769653	1995.1391304429847
3531.154559835706	1171.491341582282	2.3558708056458837	1996.1391304429847
3537.5930359408417	1173.848824456331	2.359095462393814	1997.1391304429847
3544.0409703428672	1176.2095335472375	2.362323239645295	1998.1391304429847
3550.498372690418	1178.5734719763573	2.3655541391053014	1999.1391304429847
3556.965252637245	1180.9406428667526	2.368788162478807	2000.1391304429847
3563.44161984221	1183.3110493431882	2.372025311470786	2001.1391304429847
3569.927483969297	1185.6846945321354	2.3752655877862123	2002.1391304429847
3576.422854687598	1188.0615815617698	2.37850899313006	2003.1391304429847
3582.9277416713226	1190.441713561973	2.3817555292073034	2004.1391304429847
3589.4421545997975	1192.8250936643306	2.3850051977229167	2005.1391304429847
3595.96610315746	1195.2117250021333	2.3882580003818736	2006.1391304429847
3602.499597033864	1197.6016107103771	2.3915139388891475	2007.1391304429847
3609.042645923681	1199.9947539257628	2.3947730149497146	2008.1391304429847
3615.5952595266963	1202.391157786696	2.3980352302685475	2009.1391304429847
3622.1574475478055	1204.7908254332879	2.4013005865506205	2010.1391304429847
3628.7292196970243	1207.1937600073534	2.404569085500907	2011.1391304429847
3635.310585689482	1209.5999646524142	2.407840728824383	2012.1391304429847
3641.9015552454234	1212.0094425136947	2.411115518226021	2013.1391304429847
3648.5021380902062	1214.4221967381272	2.4143934554107958	2014.1391304429847
3655.112343954303	1216.838230474346	2.4176745420836805	2015.1391304429847
3661.7321825733056	1219.2575468726918	2.420958779949651	2016.1391304429847
3668.361663687916	1221.6801490852113	2.4242461707136798	2017.1391304429847
3675.000797043952	1224.1060402656537	2.4275367160807413	2018.1391304429847
3681.6495923923494	1226.5352235694752	2.4308304177558107	2019.1391304429847
3688.3080594891526	1228.9677021538366	2.43412727744386	2020.1391304429847
3694.97620809553	1231.403479177602	2.437427296849866	2021.1391304429847
3701.654047977757	1233.842557801344	2.440730477678801	2022.1391304429847
3708.341588907226	1236.2849411873358	2.4440368216356387	2023.1391304429847
3715.038840660446	1238.7306324995595	2.447346330425354	2024.1391304429847
3721.7458130190416	1241.1796349036993	2.4506590057529216	2025.1391304429847
3728.462515769749	1243.6319515671462	2.453974849323315	2026.1391304429847
3735.1889587044207	1246.087585658995	2.4572938628415075	2027.1391304429847
3741.9251516200275	1248.5465403500466	2.460616048012475	2028.1391304429847
3748.6711043186483	1251.0088188128059	2.4639414065411898	2029.1391304429847
3755.426826607484	1253.4744242214833	2.4672699401326272	2030.1391304429847
3762.192328298843	1255.9433597519937	2.4706016504917603	2031.1391304429847
3768.967619210157	1258.415628581958	2.473936539323564	2032.1391304429847
3775.7527091639668	1260.8912338907	2.477274608333013	2033.1391304429847
3782.547607987928	1263.3701788592512	2.4806158592250793	2034.1391304429847
3789.3523255148166	1265.8524666703463	2.4839602937047385	2035.1391304429847
3796.166871582516	1268.338100508425	2.4873079134769647	2036.1391304429847
3802.991256034031	1270.8270835596327	2.4906587202467314	2037.1391304429847
3809.8254887174785	1273.3194190118193	2.494012715719014	2038.1391304429847
3816.669579486087	1275.8151100545397	2.4973699015987845	2039.1391304429847
3823.5235381982084	1278.3141598790544	2.5007302795910187	2040.1391304429847
3830.3873747173025	1280.8165716783278	2.5040938514006905	2041.1391304429847
3837.261098911944	1283.3223486470301	2.5074606187327735	2042.1391304429847
3844.144720655827	1285.8314939815355	2.5108305832922415	2043.1391304429847
3851.038249827756	1288.344010879925	2.514203746784069	2044.1391304429847
3857.9416963116532	1290.8599025419828	2.5175801109132303	2045.1391304429847
3864.855069996558	1293.3791721691991	2.5209596773847	2046.1391304429847
3871.7783807766164	1295.9018229647681	2.52434244790345	2047.1391304429847
3878.711638551098	1298.427858133589	2.527728424174457	2048.1391304429844
3885.654853224383	1300.957280882269	2.5311176079026936	2049.1391304429844
3892.608034705969	1303.4900944191158	2.5345100007931345	2050.1391304429844
3899.571192910467	1306.026301954144	2.537905604550754	2051.1391304429844
3906.5443377575984	1308.5659066990743	2.5413044208805253	2052.1391304429844
3913.527479172211	1311.1089118673312	2.544706451487424	2053.1391304429844
3920.5206270842546	1313.6553206740434	2.548111698076422	2054.1391304429844
3927.523791428805	1316.205136336046	2.551520162352496	2055.1391304429844
3934.536982146043	1318.7583620718788	2.5549318460206174	2056.1391304429844
3941.560209181271	1321.3150011017865	2.5583467507857622	2057.1391304429844
3948.593482484906	1323.8750566477179	2.561764878352904	2058.1391304429844
3955.6368120124753	1326.4385319333278	2.5651862304270163	2059.1391304429844
3962.6902077246286	1329.005430183976	2.5686108087130743	2060.1391304429844
3969.7536795871238	1331.5757546267264	2.5720386149160523	2061.1391304429844
3976.8272375708343	1334.1495084903486	2.5754696507409225	2062.1391304429844
3983.91089165175	1336.7266950053172	2.5789039178926596	2063.1391304429844
3991.004651810981	1339.3073174038109	2.5823414180762394	2064.1391304429844
3998.1085280347434	1341.8913789197152	2.5857821529966345	2065.1391304429844
4005.2225303143705	1344.4788827886186	2.5892261243588193	2066.1391304429844
4012.3466686463166	1347.0698322478152	2.592673333867768	2067.1391304429844
4019.4809530321418	1349.6642305363043	2.5961237832284545	2068.1391304429844
4026.6253934785286	1352.262080894791	2.5995774741458533	2069.1391304429844
4033.7799999972713	1354.8633865656834	2.6030344083249375	2070.1391304429844
4040.9447826052783	1357.468150793096	2.6064945874706824	2071.1391304429844
4048.1197513245743	1360.0763768228485	2.609958013288061	2072.1391304429844
4055.3049161822983	1362.6880679024648	2.613424687482049	2073.1391304429844
4062.500287210705	1365.3032272811733	2.6168946117576186	2074.1391304429844
4069.7058744471656	1367.9218582099088	2.6203677878197458	2075.1391304429844
4076.92168793416	1370.5439639413098	2.623844217373403	2076.1391304429844
4084.147737719291	1373.1695477297212	2.6273239021235657	2077.1391304429844
4091.38403385527	1375.798612831191	2.630806843775207	2078.1391304429844
4098.630586399926	1378.4311625034738	2.6342930440333006	2079.1391304429844
4105.887405416203	1381.0672000060279	2.637782504602822	2080.1391304429844
4113.154500972161	1383.7067286000176	2.641275227188744	2081.1391304429844
4120.431883140973	1386.3497515483127	2.644771213496042	2082.1391304429844
4127.719562000927	1388.9962721154855	2.6482704652296896	2083.1391304429844
4135.017547635428	1391.6462935678155	2.6517729840946602	2084.1391304429844
4142.325850132991	1394.2998191732866	2.6552787717959285	2085.1391304429844
4149.644479587251	1396.9568522015884	2.6587878300384684	2086.1391304429844
4156.973446096959	1399.6173959241123	2.6623001605272547	2087.1391304429844
4164.312759765973	1402.2814536139595	2.6658157649672596	2088.1391304429844
4171.662430703275	1404.949028545932	2.669334645063459	2089.1391304429844
4179.022469022957	1407.6201239965403	2.6728568025208275	2090.1391304429844
4186.3928848442265	1410.294743243996	2.676382239044337	2091.1391304429844
4193.773688291407	1412.9728895682192	2.6799109563389636	2092.1391304429844
4201.1648894939335	1415.6545662508324	2.6834429561096798	2093.1391304429844
4208.566498586364	1418.3397765751658	2.6869782400614617	2094.1391304429844
4215.978525708363	1421.0285238262509	2.6905168098992815	2095.1391304429844
4223.40098100471	1423.720811290828	2.6940586673281137	2096.1391304429844
4230.833874625307	1426.416642257339	2.6976038140529326	2097.1391304429844
4238.277216725164	1429.116020015934	2.7011522517787134	2098.1391304429844
4245.731017464411	1431.8189478584654	2.7047039822104284	2099.1391304429844
4253.195287008286	1434.5254290784917	2.7082590070530523	2100.1391304429844
4260.6700355271505	1437.2354669712768	2.7118173280115605	2101.1391304429844
4268.155273196472	1439.9490648337887	2.715378946790925	2102.1391304429844
4275.651010196842	1442.6662259647005	2.7189438650961213	2103.1391304429844
4283.15725671396	1445.386953664391	2.7225120846321227	2104.1391304429844
4290.674022938643	1448.1112512349432	2.726083607103904	2105.1391304429844
4298.201319066824	1450.839121980146	2.7296584342164394	2106.1391304429844
4305.739155299546	1453.5705692054917	2.7332365676747012	2107.1391304429844
4313.287541842976	1456.3055962181786	2.7368180091836662	2108.1391304429844
4320.846488908385	1459.0442063271103	2.7404027604483066	2109.1391304429844
4328.416006712169	1461.7864028428958	2.743990823173598	2110.1391304429844
4335.9961054758305	1464.5321890778464	2.7475821990645124	2111.1391304429844
4343.586795425996	1467.2815683459812	2.751176889826026	2112.1391304429844
4351.188086794394	1470.0345439630232	2.7547748971631103	2113.1391304429844
4358.799989817881	1472.7911192464016	2.7583762227807425	2114.1391304429844
4366.422514738425	1475.551297515247	2.761980868383896	2115.1391304429844
4374.055671803102	1478.315082090399	2.7655888356775424	2116.1391304429844
4381.699471264109	1481.0824762944003	2.769200126366658	2117.1391304429844