9.742712e-8	7.78799e-13	1.047129e-10	930.428808666363
9.969651e-8	8.092866e-13	1.0715190000000001e-10	930.4297850677403
1.020188e-7	8.409501e-13	1.096478e-10	930.4303501766565
1.043951e-7	8.73834e-13	1.1220180000000002e-10	930.4304728979391
1.068268e-7	9.079846e-13	1.148154e-10	930.4301338026083
1.093151e-7	9.434498e-13	1.174898e-10	930.4300752048265
1.118614e-7	9.802794e-13	1.202264e-10	930.4310890070733
1.14467e-7	1.018525e-12	1.230269e-10	930.4308124889759
1.171333e-7	1.05824e-12	1.258925e-10	930.4315844073315
1.198618e-7	1.09948e-12	1.28825e-10	930.4319773335923
1.226537e-7	1.142303e-12	1.318257e-10	930.4319438698221
1.255107e-7	1.186768e-12	1.348963e-10	930.4323896800727
1.284343e-7	1.232937e-12	1.380384e-10	930.4333644623524
1.314259e-7	1.280874e-12	1.412538e-10	930.4328865772108
1.344873e-7	1.330647e-12	1.4454399999999998e-10	930.4338516091987
1.376199e-7	1.382322e-12	1.479108e-10	930.4343044726957
1.408255e-7	1.435974e-12	1.513561e-10	930.4344917317505
1.441058e-7	1.491674e-12	1.548817e-10	930.4345941063405
1.474625e-7	1.549501e-12	1.584893e-10	930.435363781656
1.508974e-7	1.609534e-12	1.62181e-10	930.4358065001448
1.544122e-7	1.671855e-12	1.6595870000000001e-10	930.4355351964074
1.58009e-7	1.736551e-12	1.698244e-10	930.4360065514733
1.616896e-7	1.80371e-12	1.737801e-10	930.43682049901
1.654558e-7	1.873423e-12	1.7782789999999997e-10	930.4370878979058
1.693098e-7	1.945787e-12	1.8197010000000002e-10	930.4371750468895
1.732536e-7	2.0209e-12	1.862087e-10	930.4378415186832
1.772893e-7	2.098865e-12	1.905461e-10	930.4383499058758
1.814189e-7	2.179788e-12	1.9498450000000002e-10	930.4384696629733
1.856447e-7	2.263778e-12	1.9952619999999999e-10	930.4390289495815
1.89969e-7	2.350951e-12	2.041738e-10	930.4394146114731
1.94394e-7	2.441423e-12	2.089296e-10	930.4399253289146
1.989221e-7	2.535318e-12	2.1379620000000003e-10	930.4404630110357
2.035557e-7	2.632763e-12	2.187762e-10	930.4409381047847
2.082971e-7	2.733888e-12	2.238721e-10	930.441238046188
2.131491e-7	2.838831e-12	2.290868e-10	930.4418186949225
2.18114e-7	2.947732e-12	2.344229e-10	930.4421527589667
2.231946e-7	3.060738e-12	2.398833e-10	930.4426808285529
2.2839360000000003e-7	3.178e-12	2.454709e-10	930.4433967529349
2.337136e-7	3.299676e-12	2.511886e-10	930.443896243699
2.391576e-7	3.425927e-12	2.570396e-10	930.4442814531302
2.447283e-7	3.556923e-12	2.630268e-10	930.4445665726839
2.504289e-7	3.692838e-12	2.691535e-10	930.4452397535234
2.562622e-7	3.833852e-12	2.754229e-10	930.445630526728
2.622314e-7	3.980154e-12	2.818383e-10	930.4462174019641
2.683397e-7	4.131936e-12	2.884032e-10	930.4467909371325
2.745902e-7	4.289401e-12	2.951209e-10	930.4474518781965
2.809863e-7	4.452756e-12	3.019952e-10	930.4477447191213
2.875314e-7	4.622216e-12	3.090295e-10	930.448459503057
2.94229e-7	4.798006e-12	3.162278e-10	930.4488663109314
3.010826e-7	4.980355e-12	3.2359370000000006e-10	930.4494505146422
3.080958e-7	5.169504e-12	3.3113109999999996e-10	930.4501132753766
3.152724e-7	5.3657e-12	3.3884420000000004e-10	930.4505306568625
3.226162e-7	5.5692e-12	3.4673690000000003e-10	930.4512130090568
3.30131e-7	5.780271e-12	3.548134e-10	930.4518382648456
3.378209e-7	5.999186e-12	3.6307810000000007e-10	930.4524265881088
3.456899e-7	6.226231e-12	3.715352e-10	930.4532282028728
3.537422e-7	6.461702e-12	3.801894e-10	930.4537730457502
3.619821e-7	6.705902e-12	3.890451e-10	930.4546077100059
3.704139e-7	6.95915e-12	3.9810719999999997e-10	930.4550612247153
3.790421e-7	7.221772e-12	4.0738029999999993e-10	930.4556989427324
3.878713e-7	7.494107e-12	4.168694e-10	930.456382999088
3.969062e-7	7.776505e-12	4.265795e-10	930.4572219363565
4.061515e-7	8.069331e-12	4.365158e-10	930.4578879641928
4.156121e-7	8.372959e-12	4.466836e-10	930.4583220852522
4.252932e-7	8.68778e-12	4.570882e-10	930.4591275381862
4.351997e-7	9.014195e-12	4.677351000000001e-10	930.459814102042
4.453371e-7	9.352621e-12	4.786301e-10	930.4606054257767
4.557105e-7	9.703489e-12	4.897788e-10	930.4612684113728
4.6632559999999994e-7	1.006725e-11	5.011871999999999e-10	930.4620454193562
4.77188e-7	1.044435e-11	5.128614e-10	930.4627806849962
4.883034e-7	1.083529e-11	5.248075e-10	930.4635228917269
4.996777e-7	1.124055e-11	5.370318e-10	930.4643422419305
5.113169e-7	1.166065e-11	5.495409e-10	930.4649765831806
5.232273e-7	1.209611e-11	5.623413e-10	930.465886304278
5.354151e-7	1.254748e-11	5.754399000000001e-10	930.4666698989764
5.478868e-7	1.301533e-11	5.888436999999999e-10	930.4673130238125
5.606491e-7	1.350025e-11	6.025595999999999e-10	930.4682893609197
5.737086e-7	1.400285e-11	6.16595e-10	930.469113194236
5.870723e-7	1.452374e-11	6.309573e-10	930.4699759238857
6.007473e-7	1.506358e-11	6.456542e-10	930.4707745725187
6.147409e-7	1.562305e-11	6.606934000000001e-10	930.4717181222031
6.290604e-7	1.620283e-11	6.760829999999999e-10	930.4724461789453
6.437135e-7	1.680365e-11	6.918309999999999e-10	930.4733434176845
6.587079e-7	1.742624e-11	7.079458e-10	930.4742343834796
6.740516e-7	1.807139e-11	7.244359999999999e-10	930.4751163525833
6.897527e-7	1.873987e-11	7.413102e-10	930.4761216964235
7.058195e-7	1.943253e-11	7.585775999999999e-10	930.4768985137447
7.222606e-7	2.01502e-11	7.762471000000001e-10	930.4778725743387
7.390847e-7	2.089377e-11	7.943281999999999e-10	930.4788546724138
7.563007e-7	2.166414e-11	8.128305e-10	930.4798037721271
7.739177e-7	2.246226e-11	8.317638000000001e-10	930.4806992802523
7.919451e-7	2.32891e-11	8.51138e-10	930.4817657066186
8.103925e-7	2.414567e-11	8.709636e-10	930.482795917074
8.292695e-7	2.5033e-11	8.912509e-10	930.4838098901218
8.485863e-7	2.595218e-11	9.120107999999999e-10	930.4848716484498
8.68353e-7	2.690431e-11	9.332542999999998e-10	930.4858325431771
8.885802e-7	2.789054e-11	9.549926e-10	930.486886013567
9.092785e-7	2.891207e-11	9.772372e-10	930.4879225535009
9.304590000000001e-7	2.997011e-11	1.0000000000000003e-9	930.48897011
9.521329e-7	3.106595e-11	1.023293e-9	930.4900609600573
9.743117e-7	3.220089e-11	1.047129e-9	930.4907999778443
9.970071e-7	3.33763e-11	1.071519e-9	930.4925776397806
1.020231e-6	3.459357e-11	1.096478e-9	930.4934468087824
1.043996e-6	3.585415e-11	1.122018e-9	930.4947462072801
1.068315e-6	3.715955e-11	1.148154e-9	930.4955254695799
1.0932e-6	3.851132e-11	1.174898e-9	930.4965293327591
1.118665e-6	3.991105e-11	1.202264e-9	930.4985519403393
1.144723e-6	4.13604e-11	1.230269e-9	930.4992326068526
1.171388e-6	4.286109e-11	1.2589250000000002e-9	930.5009123577655
1.198674e-6	4.441488e-11	1.28825e-9	930.5013893887057
1.226596e-6	4.60236e-11	1.3182569999999998e-9	930.5029471491522
1.255168e-6	4.768913e-11	1.348963e-9	930.5041644062884
1.284406e-6	4.941343e-11	1.380384e-9	930.5058689683452
1.314324e-6	5.119851e-11	1.412538e-9	930.5060809054341
1.34494e-6	5.304646e-11	1.4454400000000001e-9	930.5076976284039
1.376269e-6	5.495944e-11	1.479108e-9	930.5094417987057
1.408328e-6	5.693966e-11	1.513561e-9	930.51085464015
1.441133e-6	5.898942e-11	1.548817e-9	930.5114738668287
1.474703e-6	6.11111e-11	1.584893e-9	930.5133602710088
1.509055e-6	6.330715e-11	1.62181e-9	930.5148612661162
1.544207e-6	6.558011e-11	1.659587e-9	930.5161947580934
1.580177e-6	6.79326e-11	1.6982440000000002e-9	930.5170120430279
1.616986e-6	7.036732e-11	1.7378010000000003e-9	930.5187229838168
1.654652e-6	7.288706e-11	1.778279e-9	930.520400375869
1.693196e-6	7.549472e-11	1.819701e-9	930.5218245854677
1.732637e-6	7.819327e-11	1.8620869999999998e-9	930.523221133062
1.772997e-6	8.098581e-11	1.905461e-9	930.5244168261643
1.814298e-6	8.38755e-11	1.949845e-9	930.5262087499264
1.85656e-6	8.686564e-11	1.995262e-9	930.5278533044784
1.8998069999999998e-6	8.995962e-11	2.041738e-9	930.5292645873271
1.944061e-6	9.316096e-11	2.089296e-9	930.5307438295005
1.989346e-6	9.647326e-11	2.1379620000000006e-9	930.5321952682041
2.035687e-6	9.990029e-11	2.187762e-9	930.5339887474048
2.083106e-6	1.034459e-10	2.238721e-9	930.5355360940467
2.13163e-6	1.071141e-10	2.290868e-9	930.536859434939
2.181285e-6	1.109089e-10	2.344229e-9	930.5387438257952
2.232096e-6	1.148347e-10	2.398833e-9	930.5403230237371
2.284091e-6	1.188959e-10	2.454709e-9	930.5420299921495
2.337297e-6	1.230969e-10	2.511886e-9	930.5438610271327
2.391743e-6	1.274425e-10	2.5703959999999997e-9	930.545504467016
2.447457e-6	1.319375e-10	2.630268e-9	930.5473577217227
2.504468e-6	1.365869e-10	2.691535e-9	930.5487712030496
2.562808e-6	1.413959e-10	2.754229e-9	930.5505809066713
2.622507e-6	1.463698e-10	2.818383e-9	930.5525082290093
2.683597e-6	1.515141e-10	2.8840319999999994e-9	930.5543468657769
2.746109e-6	1.568345e-10	2.9512089999999995e-9	930.5562006960538
2.810078e-6	1.623369e-10	3.019952e-9	930.5579482389123
2.875537e-6	1.680272e-10	3.0902949999999996e-9	930.5600362424946
2.942521e-6	1.739118e-10	3.162278e-9	930.5617380255626
3.011065e-6	1.799971e-10	3.235937e-9	930.5635422135845
3.081206e-6	1.862899e-10	3.311311e-9	930.5656550834398
3.152981e-6	1.927969e-10	3.388442e-9	930.5674398145223
3.226428e-6	1.995252e-10	3.467369e-9	930.5694101781495
3.301586e-6	2.064823e-10	3.548134e-9	930.5715292319851
3.378494e-6	2.136757e-10	3.630781e-9	930.5732501354393
3.457195e-6	2.211132e-10	3.7153519999999994e-9	930.575652912564
3.537728e-6	2.288028e-10	3.801894e-9	930.5774445052913
3.620138e-6	2.36753e-10	3.890451e-9	930.579707339843
3.704468e-6	2.449722e-10	3.981072e-9	930.5817559190086
3.790762e-6	2.534695e-10	4.073803e-9	930.5838965458075
3.879066e-6	2.622538e-10	4.168694e-9	930.5859949902775
3.969427e-6	2.713348e-10	4.265795000000001e-9	930.5881634724594
4.061893e-6	2.807222e-10	4.365158e-9	930.5903067426196
4.156514e-6	2.90426e-10	4.466836e-9	930.5925773858721
4.253338e-6	3.004567e-10	4.570882e-9	930.5946766291495
4.352418e-6	3.108249e-10	4.677351e-9	930.5970034962097
4.453806e-6	3.215419e-10	4.786301e-9	930.599129035136
4.538835e-6	3.306119e-10	4.877671e-9	930.6010208355586
4.675023e-6	3.30612e-10	5.024015000107458e-9	930.601045558184
4.772363e-6	3.407815e-10	5.128614e-9	930.6030404120879
4.883534e-6	3.525066e-10	5.248075000000001e-9	930.6053184453347
4.997294e-6	3.646249e-10	5.370318e-9	930.6075775959636
5.113705e-6	3.771492e-10	5.4954089999999994e-9	930.6099235197962
5.232827e-6	3.900928e-10	5.623413e-9	930.6122621262211
5.354725e-6	4.034695e-10	5.754399e-9	930.6147296181581
5.479462e-6	4.172934e-10	5.888437e-9	930.6169520706429
5.607105e-6	4.31579e-10	6.025596000000001e-9	930.6194074411893
5.737721e-6	4.463415e-10	6.16595e-9	930.6217762875144
5.871381e-6	4.615965e-10	6.309573e-9	930.6244014452324
6.008154e-6	4.773598e-10	6.456542e-9	930.6268525473853
6.148113e-6	4.936482e-10	6.606933999999999e-9	930.6293430810722
6.291332e-6	5.104787e-10	6.76083e-9	930.631664854759
6.437888e-6	5.278688e-10	6.918310000000001e-9	930.634196617382
6.587859e-6	5.458369e-10	7.079458e-9	930.6368986015597
6.741322e-6	5.644017e-10	7.24436e-9	930.6393389754237
6.898361e-6	5.835826e-10	7.413102e-9	930.642068947655
7.059059e-6	6.033995e-10	7.585776e-9	930.6447223725035
7.2235e-6	6.238732e-10	7.762471e-9	930.6474540387977
7.391771e-6	6.450248e-10	7.943282e-9	930.6500795011433
7.563963e-6	6.668763e-10	8.128305e-9	930.6528084637573
7.740166e-6	6.894505e-10	8.317637999999998e-9	930.6554878320024
7.920474e-6	7.127707e-10	8.51138e-9	930.6583386830338
8.104983e-6	7.36861e-10	8.709636e-9	930.6611505922866
8.293789e-6	7.617464e-10	8.912509e-9	930.6639405805929
8.486994e-6	7.874525e-10	9.120108e-9	930.6667697904454
8.684701e-6	8.140058e-10	9.332543e-9	930.669701259346
8.887013e-6	8.414337e-10	9.549926e-9	930.6725972222193
9.094038e-6	8.697645e-10	9.772371999999998e-9	930.6755580426126
9.305886e-6	8.990271e-10	1.e-8	930.67850271
9.522669e-6	9.292518e-10	1.023293e-8	930.6814618882372
9.744502e-6	9.604694e-10	1.047129e-8	930.6840388720016
9.971504e-6	9.927119e-10	1.071519e-8	930.6878097261924
0.00001020379	1.026012e-9	1.0964780000000002e-8	930.6904481439664
0.00001044149	1.060405e-9	1.1220179999999998e-8	930.6936613316362
0.00001068473	1.095924e-9	1.148154e-8	930.6962240256969
0.00001093364	1.132607e-9	1.174898e-8	930.6997379346973
0.00001118834	1.170491e-9	1.202264e-8	930.7032807270284
0.00001144898	1.209614e-9	1.230269e-8	930.7061800305462
0.00001171569	1.250016e-9	1.258925e-8	930.7099323629286
0.00001198861	1.291738e-9	1.28825e-8	930.7123413933631
0.00001226789	1.334822e-9	1.318257e-8	930.7156967116427
0.00001255368	1.379313e-9	1.3489630000000002e-8	930.7193238806401
0.00001284613	1.425255e-9	1.3803840000000001e-8	930.7232809855808
0.00001314539	1.472695e-9	1.4125379999999998e-8	930.7263022304534
0.00001345162	1.52168e-9	1.44544e-8	930.729859419969
0.00001376498	1.57226e-9	1.479108e-8	930.733405539014
0.00001408565	1.624487e-9	1.513561e-8	930.7371481559052
0.00001441378	1.678413e-9	1.548817e-8	930.7399397733883
0.00001474956	1.734091e-9	1.584893e-8	930.7438477550221
0.00001509316	1.791579e-9	1.6218099999999996e-8	930.7472255689632
0.00001544477	1.850934e-9	1.6595870000000003e-8	930.7508997117957
0.00001580457	1.912216e-9	1.6982440000000004e-8	930.7544861633544
0.00001617275	1.975486e-9	1.737801e-8	930.7582102899008
0.00001654951	2.040808e-9	1.778279e-8	930.7623161494905
0.00001693504	2.108247e-9	1.819701e-8	930.7654525111543
0.00001732956	2.17787e-9	1.8620870000000003e-8	930.7695005657631
0.00001773327	2.249748e-9	1.9054609999999996e-8	930.7731697473735
0.00001814639	2.323952e-9	1.949845e-8	930.7772644492253
0.00001856912	2.400556e-9	1.995262e-8	930.7810481029559
0.00001900171	2.479638e-9	2.041738e-8	930.7849311713843
0.00001944438	2.561274e-9	2.089296e-8	930.7891880327153
0.00001989735	2.645548e-9	2.137962e-8	930.7927618919325
0.00002036089	2.732543e-9	2.187762e-8	930.7969762250191
0.00002083522	2.822346e-9	2.238721e-8	930.801218463578
0.0000213206	2.915045e-9	2.290868e-8	930.8050505310651
0.00002181729	3.010733e-9	2.344229e-8	930.8092653490764
0.00002232555	3.109505e-9	2.398833e-8	930.8134207341653
0.00002284565	3.211459e-9	2.4547090000000004e-8	930.8175208955521
0.00002337787	3.316696e-9	2.5118860000000003e-8	930.8219678759307
0.00002392249	3.42532e-9	2.5703959999999997e-8	930.8260408123884
0.0000244798	3.53744e-9	2.6302680000000005e-8	930.8305252544607
0.00002505009	3.653165e-9	2.691535e-8	930.8347528454952
0.00002563367	3.77261e-9	2.754229e-8	930.8391789498985
0.00002623084	3.895894e-9	2.8183830000000005e-8	930.8435331181034
0.00002684193	4.023137e-9	2.8840320000000005e-8	930.8479634414597
0.00002746725	4.154466e-9	2.9512090000000002e-8	930.852557917789
0.00002810714	4.29001e-9	3.019952e-8	930.8568483869942
0.00002876195	4.429903e-9	3.090295e-8	930.8619372260578
0.000029432	4.574283e-9	3.162278e-8	930.8661124354026
0.00003011767	4.723291e-9	3.235937e-8	930.8708201364859
0.00003081931	4.877074e-9	3.311311e-8	930.8756282330471
0.0000315373	5.035783e-9	3.388442e-8	930.8802034386305
0.00003227202	5.199575e-9	3.4673690000000004e-8	930.8850478561699
0.00003302385	5.36861e-9	3.548134e-8	930.8898313874276
0.00003379321	5.543054e-9	3.630781000000001e-8	930.8948420188383
0.00003458048	5.723078e-9	3.715352e-8	930.8997661056071
0.0000353861	5.908859e-9	3.801894e-8	930.9046716978434
0.00003621049	6.100579e-9	3.890451e-8	930.9098245678972
0.00003705408	6.298425e-9	3.981072e-8	930.9145482674014
0.00003791733	6.502591e-9	4.073803e-8	930.9196490601042
0.0000388007	6.713277e-9	4.168694e-8	930.9249677956693
0.00003970464	6.930689e-9	4.265795e-8	930.9301241386424
0.00004062964	7.155039e-9	4.3651580000000004e-8	930.9352614269632
0.0000415762	7.386547e-9	4.466836000000001e-8	930.9405258442439
0.00004254481	7.625437e-9	4.570882e-8	930.9458313953413
0.00004353598	7.871944e-9	4.677351000000001e-8	930.9511290471894
0.00004455025	8.126309e-9	4.786301e-8	930.9564172625165
0.00004558815	8.388777e-9	4.897787999999999e-8	930.9618704811234
0.00004665024	8.659607e-9	5.011872e-8	930.9675029011116
0.00004773706	8.93906e-9	5.1286140000000005e-8	930.9727552122268
0.00004884922	9.22741e-9	5.248074999999999e-8	930.9784522896492
0.00004998728	9.524937e-9	5.370317999999999e-8	930.984067181869
0.00005115186	9.831929e-9	5.495409e-8	930.9897030230143
0.00005234357	1.014869e-8	5.623413e-8	930.9954415583561
0.00005356305	1.047552e-8	5.7543990000000006e-8	931.0012308844068
0.00005481094	1.081274e-8	5.888436999999999e-8	931.0068654890932
0.00005608791	1.116067e-8	6.025596e-8	931.0128105170013
0.000057394629999999996	1.151966e-8	6.16595e-8	931.0187345015772
0.00005873179	1.189006e-8	6.309573e-8	931.0246519059214
0.00006010011	1.227221e-8	6.456542e-8	931.0306075605178
0.00006150031	1.26665e-8	6.606934e-8	931.0366427150628
0.00006293314	1.30733e-8	6.76083e-8	931.0426870665287
0.00006439935	1.349302e-8	6.91831e-8	931.0488113426546
0.00006589972	1.392604e-8	7.079457999999999e-8	931.0549768075465
0.00006743505	1.43728e-8	7.24436e-8	931.0611675841619
0.00006900616	1.483373e-8	7.413102e-8	931.0676384865607
0.00007061387	1.530926e-8	7.585776e-8	931.0738843329938
0.00007225904	1.579987e-8	7.762470999999999e-8	931.0803205577195
0.00007394254	1.630602e-8	7.943281999999999e-8	931.0867475182173
0.00007566527	1.682821e-8	8.128305e-8	931.0932378890802
0.00007742814	1.736693e-8	8.317638000000002e-8	931.0997536800711
0.00007923208	1.792272e-8	8.51138e-8	931.1063860384567
0.00008107806	1.849609e-8	8.709636e-8	931.1130349190254
0.00008296705	1.908762e-8	8.912509e-8	931.1198184484302
0.00008490005	1.969786e-8	9.120108000000001e-8	931.1265596854773
0.00008687809	2.03274e-8	9.332543e-8	931.1333191821351
0.00008890223	2.097686e-8	9.549926000000002e-8	931.1402712439865
0.00009097352	2.164686e-8	9.772372e-8	931.1471857600181
0.00009309308	2.233804e-8	9.999999999999998e-8	931.1541804000001
0.00009526202	2.305107e-8	1.0232929999999999e-7	931.1611734859908
0.00009748151	2.378664e-8	1.0471290000000001e-7	931.1679519906335
0.0000997527	2.454544e-8	1.071519e-7	931.1756995442918
0.0001020768	2.532822e-8	1.0964780000000002e-7	931.1826431538069
0.0001044551	2.613572e-8	1.1220180000000002e-7	931.1903705644651
0.0001068888	2.696873e-8	1.148154e-7	931.1971105792429
0.0001093792	2.782803e-8	1.174898e-7	931.2044792824568
0.0001119276	2.871447e-8	1.202264e-7	931.2123998556058
0.0001145354	2.962888e-8	1.230269e-7	931.2193421113595
0.000117204	3.057214e-8	1.2589249999999996e-7	931.2276119705305
0.0001199348	3.154517e-8	1.28825e-7	931.2349712400544
0.0001227291	3.254889e-8	1.318257e-7	931.242154526773
0.0001255886	3.358427e-8	1.348963e-7	931.2500362871333
0.0001285148	3.465231e-8	1.3803839999999998e-7	931.2586375240514
0.0001315091	3.575401e-8	1.412538e-7	931.265948314311
0.0001345732	3.689045e-8	1.44544e-7	931.2741480102943
0.0001377086	3.806271e-8	1.479108e-7	931.281980152903
0.0001409172	3.927191e-8	1.513561e-7	931.2903273141949
0.0001442005	4.051922e-8	1.548817e-7	931.2980114500293
0.0001475603	4.180582e-8	1.584893e-7	931.3064403716844
0.0001509984	4.313295e-8	1.62181e-7	931.314598812438
0.0001522496	4.361852e-8	1.6352440000000002e-7	931.3180083216938
0.0001581168	4.397829e-8	1.698244e-7	931.3195176311532
0.0001618009	4.537383e-8	1.7378009999999998e-7	931.3280049326708
0.0001655708	4.681333e-8	1.778279e-7	931.336496297825
0.0001694285	4.829814e-8	1.8197010000000003e-7	931.3442051194124
0.0001733762	4.982969e-8	1.862087e-7	931.3529909719579
0.0001774158	5.140945e-8	1.905461e-7	931.3610168352959
0.0001815496	5.303892e-8	1.949845e-7	931.3696161489759
0.0001857796	5.471966e-8	1.995262e-7	931.378032859845
0.0001901083	5.645329e-8	2.0417380000000003e-7	931.3866582783883
0.0001945378	5.824145e-8	2.089296e-7	931.3952711822548
0.0001990706	6.008585e-8	2.1379619999999998e-7	931.4042337983557
0.000203709	6.198825e-8	2.1877620000000004e-7	931.4129610533503
0.0002084554	6.395048e-8	2.238721e-7	931.421782705393
0.0002133125	6.597441e-8	2.290868e-7	931.4306822130301
0.0002182827	6.806196e-8	2.3442290000000002e-7	931.4395562890827
0.0002233688	7.021512e-8	2.398833e-7	931.4488133188096
0.0002285734	7.243597e-8	2.454709e-7	931.458009768164
0.0002338992	7.47266e-8	2.511886e-7	931.4671390341758
0.0002393492	7.708921e-8	2.570396e-7	931.4762752898774
0.0002449262	7.952605e-8	2.630268e-7	931.4857879501252
0.0002506332	8.203945e-8	2.691535e-7	931.4953714144532
0.0002564731	8.463179e-8	2.754229e-7	931.5047216117468
0.0002624491	8.730556e-8	2.818383e-7	931.5142958213982
0.0002685644	9.006329e-8	2.884032e-7	931.5238641249474
0.0002748222	9.290762e-8	2.951209e-7	931.5338480602355
0.0002812258	9.584125e-8	3.019952e-7	931.5434193987189
0.0002877787	9.886699e-8	3.090295e-7	931.5536768819806
0.0002944843	1.019877e-7	3.1622779999999993e-7	931.5635364759203
0.0003013461	1.052064e-7	3.235937e-7	931.5734713005846
0.0003083678	1.085261e-7	3.311311e-7	931.5836721467721
0.0003155532	1.119499e-7	3.388442e-7	931.5937823341818
0.000322906	1.154813e-7	3.4673689999999997e-7	931.603995132909
0.0003304302	1.191234e-7	3.548134e-7	931.6145427427488
0.0003381298	1.228797e-7	3.630781e-7	931.6251233550028
0.0003460087	1.267539e-7	3.715352e-7	931.6356940069205
0.0003540713	1.307497e-7	3.801894e-7	931.646304973258
0.0003623218	1.348707e-7	3.890451e-7	931.6572055527752
0.0003707645	1.39121e-7	3.9810719999999996e-7	931.6677040756862
0.000379404	1.435046e-7	4.073803e-7	931.6785927056364
0.0003882449	1.480256e-7	4.1686939999999994e-7	931.6896985002976
0.0003972918	1.526884e-7	4.2657950000000004e-7	931.7008632622992
0.0004065495	1.574974e-7	4.365158e-7	931.7119733123062
0.000416023	1.624571e-7	4.466836e-7	931.7231640024393
0.0004257172	1.675723e-7	4.570882e-7	931.7343398932635
0.0004356374	1.728478e-7	4.677351e-7	931.7458702586143
0.0004457888	1.782886e-7	4.786301e-7	931.7572977545709
0.0004561768	1.839e-7	4.897788e-7	931.7689944930241
0.0004668068	1.896872e-7	5.011872000000001e-7	931.7805546510366
0.0004776847	1.956557e-7	5.128614e-7	931.7924018068038
0.000488816	2.018113e-7	5.248074999999999e-7	931.80415923934
0.0005002068	2.081596e-7	5.370318e-7	931.8162529667703
0.000511863	2.147069e-7	5.495409e-7	931.8281985926798
0.0005237909	2.214592e-7	5.623413e-7	931.8404307135186
0.0005359968	2.28423e-7	5.754399e-7	931.8526973885542
0.0005484872	2.35605e-7	5.888437e-7	931.864949900967
0.0005612686	2.430119e-7	6.025596e-7	931.8772979469582
0.000574348	2.506507e-7	6.165950000000001e-7	931.8898964474249
0.0005877322	2.585287e-7	6.309573e-7	931.9025688426141
0.0006014284	2.666534e-7	6.456542e-7	931.9153401309865
0.0006154438	2.750324e-7	6.606934e-7	931.9282323692048
0.0006297858	2.836738e-7	6.76083e-7	931.9410099055883
0.0006444621	2.925858e-7	6.918309999999999e-7	931.9540260554962
0.0006594805	3.017767e-7	7.079458e-7	931.9672165581036
0.0006748489	3.112553e-7	7.244360000000001e-7	931.9804030997907
0.0006905755	3.210305e-7	7.413102e-7	931.9938272804017
0.0007066687	3.311117e-7	7.585776e-7	932.0072352518714
0.0007231369	3.415085e-7	7.762470999999999e-7	932.0207553754467
0.000739989	3.522305e-7	7.943282000000001e-7	932.0344292195593
0.0007707905	3.569864e-7	8.273756e-7	932.0404014815036
0.0007748804	3.595303e-7	8.317637999999999e-7	932.0433641137063
0.0007929382	3.708164e-7	8.51138e-7	932.0568655141705
0.0008114169	3.824555e-7	8.709635999999999e-7	932.07035919756
0.0008303263	3.944589e-7	8.912509000000001e-7	932.0840617383948
0.0008420832	4.019687e-7	9.038643999999999e-7	932.0924341084792
0.0008694773	4.088093e-7	9.332543e-7	932.0997602689856
0.0008897397	4.216374e-7	9.549926e-7	932.1133351190365
0.0009104744	4.348669e-7	9.772372e-7	932.1270894108411
0.0009316923	4.485103e-7	1.e-6	932.1408103
0.0009534047999999999	4.625804e-7	1.023293e-6	932.154700950754
0.0009756234	4.770906e-7	1.047129e-6	932.1683294035405
0.0009983599	4.920546e-7	1.071519e-6	932.1831480356392
0.001021626	5.074866e-7	1.096478e-6	932.1969858036367
0.001045435	5.234013e-7	1.122018e-6	932.2117838572999
0.001069799	5.398137e-7	1.1481539999999999e-6	932.2258283296492
0.00109473	5.567393e-7	1.174898e-6	932.2398534170626
0.001120243	5.741942e-7	1.2022639999999998e-6	932.2554731739451
0.00114635	5.921948e-7	1.230269e-6	932.2694425365507
0.001173066	6.107583e-7	1.2589250000000002e-6	932.2848925074964
0.001200405	6.299022e-7	1.28825e-6	932.2995553658066
0.001228381	6.496446e-7	1.3182569999999998e-6	932.3149011156398
0.001257009	6.700042e-7	1.348963e-6	932.3302449362956
0.001286304	6.910003e-7	1.3803840000000001e-6	932.3456373733686
0.001316283	7.126527e-7	1.4125380000000002e-6	932.3612198043521
0.00134696	7.34982e-7	1.44544e-6	932.3769800199246
0.001378352	7.580093e-7	1.479108e-6	932.3930431719658
0.001410476	7.817563e-7	1.513561e-6	932.4089060830717
0.001443348	8.062455e-7	1.5488170000000002e-6	932.4240665617693
0.001476987	8.315002e-7	1.584893e-6	932.4405497405818
0.00151141	8.575441e-7	1.62181e-6	932.4566651457322
0.001546636	8.84402e-7	1.6595870000000002e-6	932.4732008626243
0.001582683	9.120992e-7	1.6982439999999998e-6	932.4897359861128
0.00161957	9.406619e-7	1.7378009999999997e-6	932.5064618445956
0.001657316	9.701172e-7	1.7782789999999998e-6	932.523027713874
0.001695943	1.000493e-6	1.8197010000000002e-6	932.5397375722715
0.001735471	1.031818e-6	1.8620869999999998e-6	932.5572961950758
0.001739608	1.03511e-6	1.866524e-6	932.5586544828782
0.00181731	1.051185e-6	1.949845e-6	932.567042508507
0.001859665	1.084093e-6	1.995262e-6	932.5838376113012
0.001903008	1.11803e-6	2.041738e-6	932.6005736289377
0.001947361	1.153027e-6	2.089296e-6	932.6175070454354
0.001992748	1.189118e-6	2.137962e-6	932.6344986487131
0.002039193	1.226336e-6	2.1877619999999994e-6	932.6514200356346
0.002086721	1.264716e-6	2.238721e-6	932.6690177114523
0.002135357	1.304296e-6	2.290868e-6	932.6863424693173
0.002185127	1.345112e-6	2.3442290000000005e-6	932.7041479309399
0.002236057	1.387203e-6	2.398833e-6	932.721953966783
0.002288174	1.430608e-6	2.4547090000000004e-6	932.7397292306338
0.002341506	1.47537e-6	2.511886e-6	932.7578441059826
0.002396082	1.52153e-6	2.5703960000000003e-6	932.7759341362187
0.00245193	1.569131e-6	2.630268e-6	932.7943506137017
0.00250908	1.618219e-6	2.691535e-6	932.812770036429
0.002567562	1.66884e-6	2.7542290000000004e-6	932.8312351659937
0.002627408	1.721042e-6	2.818383e-6	932.850163373821
0.002688649	1.774875e-6	2.8840319999999994e-6	932.8689400811087
0.002751317	1.830388e-6	2.951209e-6	932.8879750637791
0.002815447	1.887635e-6	3.019952e-6	932.9070909074052
0.002881072	1.94667e-6	3.090295e-6	932.9266849928567
0.002948227	2.007549e-6	3.1622780000000004e-6	932.9459803976753
0.003016947	2.070328e-6	3.235937e-6	932.9654217619192
0.00308727	2.135068e-6	3.311311e-6	932.9854755412584
0.003159232	2.201829e-6	3.388442e-6	933.0051477935878
0.003232872	2.270675e-6	3.467369e-6	933.0252058549291
0.003308229	2.34167e-6	3.548134e-6	933.0455585950249
0.003385343	2.414882e-6	3.630781e-6	933.0658836211823
0.003464255	2.49038e-6	3.715352e-6	933.0866577379478
0.003545007	2.568235e-6	3.801894e-6	933.1073499155948
0.003627641	2.648521e-6	3.890451e-6	933.1281954200168
0.003712203	2.731313e-6	3.981072e-6	933.1492404558369
0.003798736	2.81669e-6	4.073803e-6	933.170477315668
0.003887286	2.904733e-6	4.168694e-6	933.191722155668
0.003977901	2.995524e-6	4.265795e-6	933.2132753683661
0.004070629	3.089149e-6	4.365158e-6	933.2349823305365
0.00416552	3.185697e-6	4.466836e-6	933.2569400354076
0.004262622	3.285258e-6	4.570882e-6	933.2787978337661
0.004361989	3.387928e-6	4.677351e-6	933.3011202280951
0.004463673	3.493802e-6	4.786301e-6	933.3234165590504
0.004567728	3.602982e-6	4.897788e-6	933.346029268723
0.00467421	3.715569e-6	5.011872000000001e-6	933.368922630107
0.004783174	3.83167e-6	5.128614e-6	933.3916863308489
0.004894679	3.951396e-6	5.2480750000000006e-6	933.4147084407139
0.005008784	4.074858e-6	5.370318000000001e-6	933.4379934298116
0.00512555	4.202174e-6	5.495409e-6	933.4613991424478
0.005245039	4.333463e-6	5.623413e-6	933.4851384737347
0.005367314	4.46885e-6	5.754399000000001e-6	933.5089294294677
0.00549244	4.608463e-6	5.888436999999999e-6	933.5326951787038
0.005620485	4.752432e-6	6.025596e-6	933.5570177622263
0.005751515	4.900895e-6	6.165950000000001e-6	933.5813451292987
0.005885601	5.053992e-6	6.309573000000001e-6	933.6059654116054
0.006022814	5.211866e-6	6.456542e-6	933.6307060342826
0.006163226	5.374667e-6	6.606934e-6	933.655560506583
0.006306914	5.542549e-6	6.76083e-6	933.680709173282
0.006349596	5.592666e-6	6.8065439999999995e-6	933.6880311065352
0.006604413	5.624687e-6	7.079458e-6	933.6926198305013
0.006758382	5.800371e-6	7.24436e-6	933.7170393243848
0.006915942	5.981537e-6	7.413101999999999e-6	933.7418447769908
0.007077177	6.168356e-6	7.5857760000000005e-6	933.7667439692393
0.007242171	6.361006e-6	7.762471e-6	933.7918307198829
0.007411014	6.559667e-6	7.943282e-6	933.8172391462371
0.007583794	6.764527e-6	8.128305e-6	933.8427294497438
0.007760603	6.97578e-6	8.317638e-6	933.8683385836218
0.007941535	7.193624e-6	8.511379999999998e-6	933.8942244383402
0.008126688	7.418266e-6	8.709636e-6	933.9203459249043
0.008316158	7.649917e-6	8.912509000000001e-6	933.9466492544357
0.008510047	7.888797e-6	9.120108e-6	933.9731280594484
0.008708458	8.13513e-6	9.332543e-6	933.999782267277
0.008911497	8.389149e-6	9.549926e-6	934.0267295264908
0.009119271	8.651094e-6	9.772372e-6	934.053891317277
0.00933189	8.921211e-6	0.00001	934.0811211
0.009549469	9.199757e-6	0.00001023293	934.1086821663004
0.009772122	9.486993e-6	0.00001047129	934.1360035869504
0.009999969	9.783191e-6	0.000010715190000000001	934.1646943264655
0.01023313	0.00001008863	0.00001096478	934.1928091580496
0.01047173	0.0000104036	0.00001122018	934.2215187278636
0.01071589	0.0000107284	0.00001148154	934.2490989884633
0.01096575	0.00001106332	0.00001174898	934.2779815779753
0.01122144	0.0000114087	0.00001202264	934.3079972451973
0.01148309	0.00001176485	0.000012302690000000001	934.3367060374601
0.01175084	0.00001213212	0.00001258925	934.3663935500526
0.01202484	0.00001251084	0.000012882499999999999	934.3955629730254
0.01230523	0.00001290138	0.00001318257	934.4256377929341
0.01259216	0.0000133041	0.000013489630000000003	934.4558820367942
0.01288579	0.00001371938	0.00001380384	934.487025349468
0.01318626	0.00001414762	0.00001412538	934.5169914012932
0.01349374	0.00001458922	0.000014454400000000002	934.5479037524906
0.0138084	0.00001504459	0.00001479108	934.5798001227768
0.01413039	0.00001551417	0.000015135610000000002	934.6107735334089
0.0144599	0.0000159984	0.00001548817	934.6422721341514
0.01479709	0.00001649773	0.00001584893	934.6743111364617
0.01514215	0.00001701264	0.0000162181	934.7064477343215
0.01549526	0.00001754362	0.00001659587	934.7388006775179
0.01561285	0.00001772134	0.00001672167	934.7494203629183
0.01622636	0.00001772535	0.00001737801	934.7494534759734
0.01660474	0.00001827855	0.00001778279	934.7812435506464
0.01699195	0.00001884901	0.00001819701	934.8128626626021
0.01738819	0.00001943727	0.00001862087	934.8450029456195
0.01779367	0.00002004387	0.00001905461	934.8768549972947
0.01820861	0.0000206694	0.00001949845	934.9091543173945
0.01863323	0.00002131444	0.000019952619999999997	934.942099834508
0.01906776	0.0000219796	0.00002041738	934.9749869963726
0.01951243	0.0000226655	0.00002089296	935.0085148298758
0.01996746	0.0000233728	0.00002137962	935.0415395596367
0.02043312	0.00002410216	0.00002187762	935.0753034379425
0.02090964	0.00002485428	0.00002238721	935.1095683651514
0.02139727	0.00002562985	0.000022908679999999995	935.1433539601584
0.02189629	0.00002642961	0.00002344229	935.1782445315708
0.02240694	0.00002725432	0.00002398833	935.2128439120188
0.02292951	0.00002810475	0.00002454709	935.2479153333451
0.02346427	0.00002898171	0.00002511886	935.2833572064974
0.02401151	0.00002988602	0.00002570396	935.3187610002506
0.02457152	0.00003081853	0.00002630268	935.354820497379
0.02514459	0.00003178013	0.000026915349999999996	935.3907762670744
0.02573104	0.00003277172	0.00002754229	935.4273635198816
0.02633116	0.00003379424	0.00002818383	935.4638542738867
0.02694529	0.00003484865	0.000028840319999999997	935.5006688552693
0.02757376	0.00003593595	0.00002951209	935.5384843974113
0.02821688	0.00003705715	0.00003019952	935.5757028588533
0.02887501	0.00003821333	0.00003090295	935.6136980450085
0.0295485	0.00003940557	0.00003162278	935.6516274027774
0.03023771	0.00004063499	0.00003235937	935.6901877261517
0.03094299	0.00004190275	0.00003311311	935.7288623750533
0.03166474	0.00004321006	0.00003388442	935.7678266294656
0.03240333	0.00004455813	0.00003467368999999999	935.8071820449453
0.03315915	0.00004594825	0.00003548134	935.8467929903436
0.03393262	0.00004738172	0.000036307810000000006	935.8868441803568
0.03472413	0.0000488599	0.00003715352	935.9271988226151
0.03553411	0.00005038418	0.00003801894	935.9675514362053
0.03561557	0.00005053811	0.00003810597000000001	935.9716629703953
0.03721117	0.00005064854	0.00003981072	935.9744948094383
0.03807912	0.0000522286	0.00004073803	936.0135627569622
0.03896734	0.00005385794	0.000041686940000000005	936.05330446418
0.03987628	0.00005553809	0.00004265795	936.0932274054426
0.04080643	0.00005727064	0.00004365157999999999	936.1333688265122
0.04175829	0.00005905722	0.00004466836	936.1737753523972
0.04273236	0.00006089952	0.00004570882000000001	936.2144881447387
0.04372916	0.00006279928	0.00004677351	936.2555703003687
0.04474923	0.00006475828	0.00004786301	936.2969081969563
0.04579311	0.00006677837	0.00004897788000000001	936.3387792611684
0.04686135	0.00006886146	0.00005011872	936.3808864232766
0.04795452	0.00007100952	0.00005128614	936.4231646210848
0.0490732	0.00007322456	0.000052480750000000004	936.465743343988
0.05021799	0.00007550868	0.00005370318	936.5087631682146
0.05138951	0.00007786403	0.00005495409	936.5522025749129
0.0543213	0.00007956368	0.00005808442	936.5827132301572
0.05507053	0.00008102877	0.000058884370000000006	936.6077750343596
0.05635521	0.00008355627	0.00006025596	936.6503540894545
0.05766986	0.0000861626	0.0000616595	936.6930091875544
0.05901521	0.0000888502	0.00006309573	936.736292614413
0.06039195	0.00009162162	0.00006456542	936.7796510887716
0.06180083	0.00009447946	0.00006606934	936.8234866581079
0.06324259	0.00009742642	0.00006760830000000001	936.8674618353073
0.064718	0.0001004653	0.0000691831	936.9118368503291
0.06622785	0.0001035989	0.00007079458	936.9565989373764
0.06777295	0.0001068303	0.0000724436	937.0017544683036
0.06935411	0.0001101624	0.00007413101999999999	937.0473035444542
0.0709025	0.0001134499	0.0000757834	937.0911030647873
0.07432237	0.0001161892	0.00007943282	937.12597890897
0.0760563	0.0001198131	0.00008128305	937.1709489247758
0.07783072	0.0001235501	0.00008317637999999999	937.2164321169063
0.07964655	0.0001274036	0.00008511380000000001	937.262272392961
0.08150477	0.0001313772	0.00008709636	937.3083697183213
0.08340637	0.0001354748	0.00008912509	937.3549558266924
0.08535236	0.0001397002	0.00009120108	937.4018399782108
0.08734377	0.0001440573	0.00009332543	937.4489600530103
0.08938168	0.0001485503	0.00009549926000000002	937.4965868845475
0.09146716	0.0001531833	0.00009772372000000001	937.5445725971136
0.09360132	0.0001579609	0.00010000000000000002	937.592809
0.09578532	0.0001628874	0.0001023293	937.6415884795459
0.09802029	0.0001679676	0.00010471289999999999	937.69017570901
0.1003075	0.0001732062	0.0001071519	937.7407792115678
0.1008452	0.0001744436	0.0001077254	937.7513901085538
0.105043	0.0001766863	0.0001122018	937.7718209511792
0.107494	0.0001821968	0.00011481539999999999	937.8201600133781
0.1100021	0.0001878791	0.0001174898	937.8684711353667
0.1125689	0.0001937385	0.0001202264	937.9191134393112
0.1151955	0.0001997807	0.0001230269	937.9678810081374
0.1178835	0.0002060113	0.0001258925	938.0186373294678
0.1206342	0.0002124361	0.000128825	938.06820182418
0.1234492	0.0002190613	0.0001318257	938.1195115975111
0.1263299	0.0002258931	0.00013489629999999998	938.1709735552421
0.1292778	0.0002329379	0.0001380384	938.2225373519253
0.1322946	0.0002402024	0.0001412538	938.2742439495433
0.1353818	0.0002476934	0.000144544	938.3266922182864
0.1385411	0.000255418	0.0001479108	938.3798748975736
0.1417742	0.0002633835	0.0001513561	938.4331619274014
0.1450827	0.0002715973	0.0001548817	938.4859366858708
0.1484686	0.0002800673	0.0001584893	938.5407551172225
0.1519335	0.0002888014	0.000162181	938.5951584957547
0.1554793	0.0002978078	0.00016595869999999998	938.649843605668
0.1580418	0.000304359	0.0001686886	938.6891526754032
0.1666209	0.0003123413	0.0001778279	938.7348177648163
0.1705093	0.0003220817	0.0001819701	938.7881948737733
0.1744886	0.0003321258	0.0001862087	938.8429530951023
0.1785609	0.0003424831	0.0001905461	938.8981621770271
0.1827282	0.0003531634	0.0001949845	938.9534214258057
0.1869928	0.0003641767	0.0001995262	939.0093967609266
0.1913571	0.0003755334	0.00020417380000000001	939.0658027621565
0.1958232	0.0003872442	0.00020892960000000002	939.1222890389873
0.2003937	0.0003993201	0.00021379619999999997	939.1795555767595
0.2050709	0.0004117726	0.0002187762	939.2368667158494
0.2098573	0.0004246134	0.0002238721	939.2948625576836
0.2147556	0.0004378545	0.0002290868	939.3533564570284
0.2195833	0.0004510029	0.00023422600000000003	939.4102401099792
0.2301469	0.0004577091	0.0002454709	939.4376649126231
0.2355185	0.0004719822	0.0002511886	939.4951928550897
0.2410156	0.0004867003	0.00025703960000000007	939.5528949624882
0.2466411	0.0005018774	0.0002630268	939.611390930506
0.2477387	0.0005048519	0.0002641949	939.622800818638
0.252398	0.0005128182	0.0002691535	939.6527193590274
0.2582891	0.0005205402	0.00027542290000000003	939.6809059813108
0.2643176	0.0005274976	0.00028183829999999996	939.7058440957101
0.2704868	0.0005340658	0.0002884032	939.7290522435256
0.2767997	0.0005404122	0.00029512090000000004	939.7508349967759
0.2832599	0.0005466289	0.0003019952	939.7716549799468
0.2898706	0.0005527728	0.0003090295	939.7917441538751
0.2966355	0.0005588853	0.0003162277999999999	939.811064365625
0.3035582	0.0005650021	0.0003235937	939.8304172794464
0.3106422	0.0005711428	0.00033113110000000006	939.8493309749521
0.3178913	0.0005773289	0.0003388442	939.867434354786
0.3253095	0.0005835763	0.0003467369	939.8857643936944
0.3329006	0.0005899026	0.0003548134	939.9039117462869
0.3406687	0.0005963157	0.00036307810000000006	939.9217845967576
0.3486178	0.0006028331	0.0003715352	939.9395618503979
0.3567523	0.0006094621	0.0003801894	939.9571952821411
0.3650764	0.0006162136	0.00038904510000000006	939.9748604981788
0.3735945	0.0006230992	0.0003981072	939.9920403348646
0.3823113	0.0006301256	0.0004073803	940.0096803895525
0.3912312	0.0006373026	0.0004168694	940.0270266898937
0.4003591	0.0006446377	0.0004265795	940.0445584000169
0.4096997	0.0006521454	0.00043651579999999995	940.0618383114655
0.4192582	0.0006598278	0.00044668359999999995	940.079348782897
0.4290394	0.0006677003	0.0004570882	940.0966822158175
0.4390486	0.0006757658	0.00046773510000000003	940.1141068951208
0.4492912	0.0006840339	0.0004786301	940.1315000874371
0.4597726	0.0006925184	0.0004897788	940.1491416124993
0.4814738	0.0007011234	0.0005128614	940.1661411835635
0.4927052	0.0007103862	0.0005248075	940.1839459230289
0.5041984	0.000719897	0.0005370318000000002	940.2018595546855
0.5159596	0.0007296677	0.0005495409000000001	940.2198593407696
0.5279949	0.0007397086	0.0005623413	940.2379099667764
0.5403108	0.0007500283	0.0005754399	940.2560168316447
0.5529139	0.00076064	0.0005888437	940.2742017958244
0.5658108	0.0007715486	0.0006025596	940.2926259908562
0.5790083	0.0007827725	0.000616595	940.311018577835
0.5925135	0.0007943171	0.0006309573	940.3295866455622
0.6063335	0.0008061996	0.0006456542	940.3480990288608
0.6204758	0.0008184282	0.0006606934	940.3669360099557
0.6349477	0.0008310163	0.0006760829999999998	940.3855980700596
0.6497571	0.0008439751	0.000691831	940.4046293097592
0.6649117	0.0008573187	0.0007079458	940.4237142165404
0.6804196	0.0008710643	0.000724436	940.4428607910154
0.696289	0.000885219	0.0007413102	940.4621965271759
0.7125285	0.0008998009	0.0007585776000000001	940.4816341795487
0.7291465	0.000914823	0.0007762470999999999	940.5011922105732
0.746152	0.0009303016	0.0007943282	940.5209353010506
0.763554	0.0009462505	0.0008128305	940.5408021721624
0.7813617	0.0009626869	0.0008317638	940.5607540265639
0.7995845	0.0009796285	0.000851138	940.5808793638635
0.8182323	0.0009970903	0.0008709636	940.6011804626507
0.8373148	0.001015088	0.0008912509	940.6216453750567
0.8568422	0.001033644	0.0009120108	940.6421985353682
0.8768249	0.001052771	0.0009332543	940.6628729168459
0.8972736	0.001072492	0.0009549926	940.6838251940383
0.918199	0.001092826	0.0009772372	940.7049035791924
0.9396123	0.001113792	0.001	940.7260919999999
0.9615248	0.001135411	0.001023293	940.7473822258141
0.9839483000000001	0.001157703	0.001047129	940.7685232669519
1.006895	0.001180692	0.001071519	940.7912430857504
1.030376	0.001204401	0.0010964779999999997	940.8126756761195
1.054405	0.001228849	0.001122018	940.8350391883197
1.078994	0.001254065	0.001148154	940.8564225704914
1.104157	0.001280069	0.001174898	940.8791818523822
1.129906	0.001306894	0.001202264	940.9022427686433
1.16078	0.00132275	0.001235078	940.9144604632257
1.183219	0.001346557	0.001258925	940.9341755863138
1.210811	0.001376049	0.0012882500000000001	940.9563741509802
1.239047	0.001406466	0.0013182569999999998	940.9799955547363
1.267942	0.00143784	0.001348963	941.00419359167
1.29751	0.001470201	0.0013803839999999997	941.0281494134966
1.327767	0.001503579	0.0014125380000000003	941.0511993305665
1.35873	0.001538007	0.0014454399999999999	941.0753867334513
1.390415	0.001573518	0.001479108	941.0999859374704
1.422839	0.001610144	0.001513561	941.1243709371475
1.456019	0.001647922	0.001548817	941.148581142898
1.489973	0.001686887	0.0015848930000000002	941.1738754603623
1.524719	0.001727076	0.00162181	941.1990775738219
1.560275	0.001768526	0.0016595869999999997	941.2242479604867
1.59666	0.001811274	0.001698244	941.2494753404104
1.633894	0.001855364	0.0017378009999999998	941.2754187619872
1.671996	0.001900836	0.001778279	941.3015820352149
1.710986	0.00194773	0.0018197009999999997	941.3270257036733
1.750886	0.001996089	0.0018620869999999997	941.3534861690135
1.791717	0.002045964	0.001905461	941.3800460885843
1.833499	0.002097391	0.001949845	941.4063122966185
1.876257	0.002150423	0.0019952620000000003	941.4339685715461
1.920011	0.002205108	0.002041738	941.4607104339539
1.964786	0.002261495	0.0020892960000000005	941.4881831009104
2.010605	0.002319635	0.002137962	941.5156279671949
2.057492	0.002379577	0.002187762	941.5428081299519
2.105474	0.002441381	0.002238721	941.5712726150334
2.154574	0.002505096	0.002290868	941.599034077913
2.20482	0.00257078	0.002344229	941.6276225573524
2.256237	0.002638495	0.002398833	941.6560031481974
2.301204	0.002668723	0.002446585	941.6687844485273
2.362697	0.002750976	0.002511886	941.7019625890665
2.417796	0.002825259	0.0025703959999999995	941.730869095657
2.474181	0.002901822	0.0026302680000000003	941.7606198303748
2.53188	0.002980741	0.002691535	941.7899975292909
2.590926	0.003062081	0.0027542289999999995	941.8200451015512
2.651348	0.003145909	0.002818383	941.8499575820605
2.71318	0.003232301	0.0028840319999999995	941.8800835080888
2.776455	0.003321329	0.0029512089999999998	941.9110367988169
2.841205	0.003413069	0.0030199520000000002	941.9414841692849
2.907466	0.003507598	0.003090295	941.9727236396526
2.975272	0.003604995	0.0031622780000000006	942.0035161361524
3.04466	0.003705343	0.003235937	942.0348242255643
3.115667	0.003808728	0.0033113109999999995	942.066670270476
3.18833	0.003915228	0.003388442	942.0982351180867
3.262688	0.004024937	0.003467369	942.1301675708585
3.338781	0.004137945	0.0035481339999999997	942.1625409299648
3.416649	0.004254343	0.003630781	942.1949004911064
3.496333	0.004374226	0.003715352	942.2276075052915
3.577877	0.004497692	0.003801894	942.260539615255
3.661322	0.004624845	0.003890451	942.2935400034597
3.7467149999999996	0.004755782	0.0039810719999999996	942.3267858506451
3.834099	0.004890608	0.004073803	942.3601504540107
3.923522	0.005029431	0.004168694	942.3938123066841
4.015032	0.005172367	0.004265795	942.4279335973715
4.108676	0.005319531	0.004365158	942.461998168222
4.204505	0.005471035	0.004466836	942.4962176807029
4.302569	0.005626999	0.004570882	942.5305660920585
4.402922	0.005787548	0.004677350999999999	942.5654709257442
4.505616	0.005952815	0.004786301000000001	942.6003118065495
4.610706	0.006122923	0.004897788	942.6355168904821
4.718247	0.00629801	0.005011872	942.6707246314352
4.828298	0.006478212	0.005128614	942.706199374724
4.940916	0.006663677	0.005248075	942.7418009460611
5.056163	0.006854551	0.005370318	942.7779790693959
5.174097	0.007050987	0.005495408999999999	942.8138992020431
5.294784	0.007253135	0.005623413	942.850389078661
5.418287	0.007461169	0.005754399	942.8870276461538
5.544671	0.007675242	0.005888437	942.9236046849105
5.674004	0.007895537	0.006025596	942.9605863054874
5.806355	0.008122233	0.006165950000000001	942.9977915811837
5.941794	0.008355513	0.006309573000000001	943.0352122084964
6.080393	0.008595563	0.006456542	943.0727102836162
6.222227	0.008842591	0.006606933999999999	943.1106154534009
6.36737	0.009096805	0.00676083	943.1485194865129
6.5159	0.009358412	0.00691831	943.1867626631359
6.667895	0.00962764	0.007079458	943.2251226011933
6.823438	0.009904727	0.007244359999999999	943.2638255139171
6.98261	0.01018992	0.007413102000000001	943.3028063015995
7.145496	0.01048345	0.007585776	943.3417820404926
7.312184	0.01078561	0.007762471	943.3812519235177
7.482761	0.01109666	0.007943282	943.4208252961433
7.657319	0.01141689	0.008128305000000002	943.4606464693437
7.83595	0.01174662	0.008317638	943.5006212100118
8.01875	0.01208616	0.00851138	943.5410192001768
8.205816	0.01243585	0.008709636	943.5815515137486
8.397247	0.01279603	0.008912509	943.6223884879106
8.593146	0.01316708	0.009120108	943.663504862004
8.793617	0.0135494	0.009332543	943.7048830099149
8.998766	0.01394338	0.009549926	943.746514894461
9.208703	0.01434949	0.009772372	943.788518283995
9.42354	0.01476816	0.01	943.8308159999998
9.643391	0.01519989	0.01023293	943.8734448491292
9.868373	0.0156452	0.01047129	943.9160027083578
10.09861	0.01610465	0.01071519	943.9603637453001
10.33421	0.01657878	0.010964780000000002	944.0033251921151
10.57532	0.01706825	0.01122018	944.0479787311789
10.82205	0.01757369	0.01148154	944.0914450500544
11.07455	0.01809581	0.01174898	944.1369216732007
11.33293	0.01863534	0.01202264	944.1824208326956
11.59735	0.01919308	0.012302689999999998	944.2278948750234
11.86794	0.01976985	0.012589249999999998	944.2746668784877
12.14485	0.02036656	0.0128825	944.3210991655346
12.42822	0.02098417	0.013182570000000001	944.3685237400598
12.7182	0.02162368	0.01348963	944.4160944369859
13.01496	0.02228617	0.01380384	944.4651756322878
13.31864	0.02297282	0.01412538	944.5135507858904
13.62941	0.02368485	0.014454399999999997	944.5632367998672
13.94744	0.02442358	0.01479108	944.6141579925198
14.2729	0.02519041	0.01513561	944.6656203483044
14.60595	0.02598686	0.01548817	944.7169588143724
14.94678	0.02681453	0.01584893	944.7700589251135
15.29557	0.02767513	0.0162181	944.8236926643689
15.6525	0.02857048	0.01659587	944.8778810631803
16.01777	0.02950255	0.01698244	944.9332693064129
16.39157	0.03047343	0.01737801	944.9898711072213
16.7741	0.03148534	0.01778279	945.0477309803467
17.16556	0.03254067	0.01819701	945.1058536539794
19.2685	0.03356891	0.02042203	945.159169289243
19.71362	0.03472316	0.020892959999999995	945.2151901884654
20.17363	0.03594039	0.021379619999999995	945.272665744293
20.64438	0.03721237	0.02187762	945.3309989843502
21.12614	0.03854236	0.02238721	945.3916928460491
21.61914	0.03993383	0.02290868	945.4527205408605
22.12366	0.04139046	0.023442290000000005	945.5155814555659
22.63997	0.04291622	0.02398833	945.5800474647465
23.16834	0.0445153	0.02454709	945.6459115927795
23.70906	0.04619217	0.02511886	945.7137851797415
24.26241	0.04795161	0.025703960000000005	945.7827358119137
24.82869	0.04979869	0.02630268	945.8537567274515
25.40821	0.05173879	0.026915349999999998	945.9267217405682
26.00127	0.05377769	0.027542289999999997	946.0015013275948
26.60819	0.05592147	0.02818383	946.0783530840203
27.22931	0.05817664	0.02884032	946.1575544238067
27.86494	0.06055009	0.02951209	946.2389851074594
28.51544	0.06304915	0.030199519999999997	946.3226286378062
29.18115	0.06568159	0.030902949999999995	946.4090512394448
29.86242	0.0684557	0.03162278	946.4972940392969
30.55964	0.07138017	0.03235936999999999	946.5888912546816
31.27316	0.07446432	0.03311311	946.6831813743862
32.00338	0.07771794	0.03388442	946.7801998676679
32.75068	0.08115149	0.03467369	946.8802279192092
33.51548	0.08477594	0.03548134	946.9838495389406
34.29817	0.08860299	0.03630781	947.090253859982
35.09919	0.09264497	0.03715352	947.2005605390822
35.91896	0.09691487	0.03801894	947.3140195386825
36.75793	0.1014265	0.03890451	947.4314546051345
37.61655	0.1061944	0.039810719999999994	947.5524280897205
38.49528	0.1112339	0.04073803000000001	947.6774871048011
39.3946	0.1165612	0.041686940000000006	947.8067039701162
40.315	0.1221934	0.04265795	947.9403815701411
41.25697	0.1281485	0.04365158	948.0783627992389
42.22103	0.1344456	0.04466836	948.2209689364015
43.20769	0.1411047	0.04570882	948.3682733441817
44.2175	0.1481469	0.046773510000000004	948.5207952107935
45.25099	0.1555945	0.04786301	948.6779978944074
46.30874	0.163471	0.04897788	948.8408032360732
47.39131	0.1718011	0.05011871999999999	949.0088952790495
48.4993	0.1806108	0.05128614	949.1825822727153
49.6333	0.1899278	0.05248075000000001	949.3619622432986
50.79395	0.199781	0.05370318000000001	949.5476990375616
51.98187	0.2102012	0.054954090000000004	949.7395225723873
53.1977	0.2212206	0.05623413	949.9377086477554
54.44212	0.2328734	0.05754399	950.1425500734308
55.71581	0.245196	0.05888436999999999	950.3541601956513
57.01946	0.2582266	0.06025595999999999	950.5729657282036
58.35378	0.272006	0.061659500000000006	950.7989198744718
59.71952	0.2865773	0.06309573	951.0326182136255
61.11742	0.3019865	0.06456542	951.2740178875937
62.54825	0.3182824	0.06606934	951.5235417820127
64.0128	0.3355173	0.0676083	951.7813241865275
65.51187	0.3537469	0.06918309999999998	952.0477819004932
67.0463	0.3730309	0.07079458000000001	952.3233402896099
68.61693	0.3934335	0.0724436	952.6081461992502
70.22464	0.4150234	0.07413102	952.9028927431457
71.87031	0.4378751	0.07585776	953.2074912309565
73.55486	0.4620685	0.07762471	953.5227700045515
75.27923	0.4876904	0.07943282000000002	953.8490563472378
77.04438	0.5148349	0.08128304999999998	954.1868187771006
78.8513	0.543604	0.08317638	954.5366605279047
80.701	0.574109	0.08511379999999999	954.8993112750222
82.59451	0.606471	0.08709636	955.2750654562373
84.5329	0.6408227	0.08912508999999999	955.6649277997924
86.51727	0.6773087	0.09120108	956.069584921582
88.54874	0.7160882	0.09332543	956.4898677670169
90.62846	0.7573353	0.09549926	956.9267374427823
92.75761	0.8012418	0.09772372	957.3811946577556
94.93741	0.8480183	0.09999999999999999	957.854283
97.16912	0.8978966	0.1023293	958.3473804667872
99.454	0.9511327	0.1047129	958.8611594177986
101.7934	1.008008	0.1071519	959.3988347383482
104.1886	1.068834	0.1096478	959.9593790299485
106.6411	1.133952	0.1122018	960.5465509465979
109.1524	1.203741	0.1148154	961.1614905317579
111.7237	1.277711	0.11748980000000002	961.7976283898686
114.3568	1.356167	0.1202264	962.4588859019318
117.053	1.440037	0.1230269	963.1473848402261
119.8141	1.529994	0.1258925	963.8707150942273
122.6417	1.62671	0.128825	964.6296138171939
125.5375	1.730898	0.1318257	965.429335857879
128.5032	1.843323	0.1348963	966.2720400781933
131.5408	1.964819	0.1380384	967.1628981500799
134.652	2.096295	0.1412538	968.1034775701607
137.8389	2.238744	0.144544	969.1003708213415
141.1035	2.39325	0.1479108	970.157351592987
144.4479	2.560999	0.1513561	971.2783231068984
147.8743	2.743288	0.1548817	972.468587315351
151.3849	2.941531	0.1584893	973.7340691138139
154.9821	3.157272	0.162181	975.079522262164
158.6683	3.392194	0.16595869999999996	976.5109873721594
162.4461	3.648128	0.1698244	978.0351233391668
166.3181	3.927065	0.1737801	979.6585742556254
170.2871	4.231165	0.17782789999999998	981.3885503905743
174.356	4.562775	0.1819701	983.231723233652
178.5276	4.924429	0.18620869999999998	985.1957991221678
182.8053	5.318875	0.19054610000000002	987.2895587996815
187.1922	5.74907	0.19498450000000003	989.5210644948701
191.6917	6.218209	0.19952619999999996	991.8993545709787
196.3075	6.729724	0.2041738	994.4332916368311
201.0432	7.287304	0.20892960000000002	997.1325460825083
205.9028	7.894903	0.2137962	1000.007030059468
210.8904	8.556756	0.2187762	1003.0668601063553
216.0102	9.277386	0.22387210000000002	1006.3227441025479
221.2668	10.06162	0.2290868	1009.7850247155226
226.6649	10.91459	0.2344229	1013.4653653717278
232.2094	11.84176	0.23988330000000002	1017.3745316993721
237.9056	12.84892	0.24547090000000002	1021.5244250947871
243.759	13.94221	0.2511886	1025.9271718541368
249.7752	15.1281	0.25703960000000003	1030.5933404813889
255.9603	16.41344	0.2630268	1035.5360746509482
262.3206	17.80544	0.2691535	1040.766848656993
268.8628	19.31167	0.27542289999999997	1046.2981473218094
275.5939	20.94009	0.2818383	1052.1422744885988
282.5212	22.69904	0.2884032	1058.310864789295
288.2363098661352	24.220288397767085	0.2937868458356451	1063.5249563153825
496.75546707062637	24.22093474054508	0.4907426042695779	1063.5257737154009
497.0568959920913	24.352307317935924	0.49014086511256383	1063.794595437951
498.18107305149385	24.842976187444776	0.49119712992515546	1064.794595437951
499.30794349553616	25.334702090045056	0.49225493151426397	1065.794595437951
500.4375117982107	25.82748656316994	0.4933142711932592	1066.794595437951
501.56978243744993	26.321331145565992	0.4943751502755114	1067.794595437951
502.7047598951265	26.81623737729315	0.4954375700743904	1068.794595437951
503.84244865705307	27.312206799724763	0.4965015319032664	1069.794595437951
504.9828532129827	27.809240955547466	0.4975670370755094	1070.794595437951
506.1259780566081	28.3073413887614	0.4986340869044895	1071.794595437951
507.27182768556247	28.806509644679863	0.49970268270357665	1072.794595437951
508.4204066014189	29.3067472699297	0.5007728257861408	1073.794595437951
509.5717193096909	29.808055812451087	0.5018445174655521	1074.794595437951
510.72577031983155	30.310436821497518	0.5029177590551807	1075.794595437951
511.88256414523454	30.813891847635944	0.5039925518683964	1076.794595437951
513.0421053032336	31.318422442746638	0.5050688972185695	1077.794595437951
514.2043983151021	31.824030160023185	0.5061467964190698	1078.794595437951
515.3694477060544	32.33071655397268	0.5072262507832676	1079.794595437951
516.5372580052441	32.83848318041538	0.5083072616245327	1080.794595437951
517.7078337457655	33.34733159648525	0.5093898302562353	1081.794595437951
518.8811794646522	33.85726336062916	0.5104739579917452	1082.794595437951
520.0572997028792	34.368280032607785	0.5115596461444328	1083.794595437951
521.2361990053604	34.88038317349488	0.5126468960276679	1084.794595437951
522.4178819209507	35.393574345677735	0.5137357089548206	1085.794595437951
523.6023530024444	35.907855112856936	0.514826086239261	1086.794595437951
524.7896168065764	36.423227040046484	0.515918029194359	1087.794595437951
525.9796778940213	36.93969169357365	0.5170115391334847	1088.794595437951
527.1725408293942	37.45725064107924	0.5181066173700082	1089.794595437951
528.3682101812502	37.975905451517264	0.5192032652172995	1090.794595437951
529.5666905220844	38.495657695155245	0.5203014839887287	1091.794595437951
530.767986428332	39.016508943573925	0.5214012749976656	1092.794595437951
531.9721024803686	39.53846076966754	0.5225026395574806	1093.794595437951
533.1790432625094	40.06151474764363	0.5236055789815435	1094.794595437951
534.3888133630104	40.58567245302315	0.5247100945832245	1095.794595437951
535.6014173740667	41.1109354626404	0.5258161876758933	1096.794595437951
536.8168598918148	41.63730535464305	0.5269238595729204	1097.794595437951
538.0351455163303	42.16478370849212	0.5280331115876755	1098.794595437951
539.2562788516292	42.693372104962094	0.5291439450335289	1099.794595437951
540.4802645056677	43.22307212614072	0.5302563612238504	1100.794595437951
541.7071070903422	43.75388535542912	0.5313703614720102	1101.794595437951
542.9368112214889	44.2858133775418	0.5324859470913783	1102.794595437951
544.1693815188844	44.818857778506725	0.5336031193953247	1103.794595437951
545.4048226062454	45.353020145665084	0.5347218796972195	1104.794595437951
546.643139111228	45.888302067671574	0.5358422293104326	1105.794595437951
547.8843356654298	46.42470513449416	0.5369641695483343	1106.794595437951
549.1284169043873	46.96223093741426	0.5380877017242943	1107.794595437951
550.3753874675776	47.50088106902655	0.539212827151683	1108.794595437951
551.6252519984179	48.0406571232392	0.5403395471438702	1109.794595437951
552.8780151442654	48.58156069527375	0.5414678630142261	1110.794595437951
554.1336815564175	49.12359338166489	0.5425977760761206	1111.794595437951
555.3922558901119	49.66675678026091	0.5437292876429238	1112.794595437951
556.6537428045257	50.21105249022348	0.5448623990280057	1113.794595437951
557.9181469627769	50.75648211202751	0.5459971115447364	1114.794595437951
559.185473031923	51.303047247461265	0.5471334265064858	1115.794595437951
560.4557256829625	51.850749499626545	0.5482713452266242	1116.794595437951
561.7289095908329	52.39959047293843	0.5494108690185214	1117.794595437951
563.0050294344127	52.94957177312533	0.5505519991955476	1118.794595437951
564.2840898965196	53.50069500722903	0.5516947370710727	1119.794595437951
565.5660956639127	54.052961783604786	0.552839083958467	1120.794595437951
566.85105142729	54.606373711921066	0.5539850411711003	1121.794595437951
568.1389618812901	55.160932403159876	0.5551326100223426	1122.794595437951
569.4298317244919	55.71663946961641	0.5562817918255641	1123.794595437951
570.723665659414	56.27349652489943	0.5574325878941347	1124.794595437951
572.0204683925152	56.831505183930915	0.5585849995414246	1125.794595437951
573.320244634195	57.39066706294631	0.5597390280808038	1126.794595437951
574.622999098792	57.95098377949434	0.5608946748256423	1127.794595437951
575.9287365045857	58.51245695243719	0.5620519410893101	1128.794595437951
577.2374615737953	59.07508820195034	0.5632108281851772	1129.794595437951
578.5491790325805	59.63887914952275	0.5643713374266138	1130.794595437951
579.8638936110406	60.20383141795658	0.56553347012699	1131.794595437951
581.1816100432154	60.7699466313675	0.5666972275996754	1132.794595437951
582.5023330670848	61.3372264151845	0.5678626111580407	1133.794595437951
583.8260674245685	61.905672396149924	0.5690296221154553	1134.794595437951
585.1528178615264	62.47528620231952	0.5701982617852897	1135.794595437951
586.482589127759	63.04606946306241	0.5713685314809136	1136.794595437951
587.8153859770063	63.61802380906106	0.5725404325156973	1137.794595437951
589.1512131669487	64.19115087231133	0.5737139662030107	1138.794595437951
590.4900754592065	64.76545228612238	0.574889133856224	1139.794595437951
591.8319776193406	65.34092968511689	0.5760659367887072	1140.794595437951
593.1769244168513	65.91758470523072	0.5772443763138301	1141.794595437951
594.5249206251797	66.49541898371322	0.578424453744963	1142.794595437951
595.8759710217062	67.0744341591271	0.5796061703954757	1143.794595437951
597.2300803877522	67.65463187134841	0.5807895275787385	1144.794595437951
598.5872535085789	68.23601376156658	0.5819745266081213	1145.794595437951
599.9474951733872	68.81858147228448	0.5831611687969942	1146.794595437951
601.3108101753186	69.4023366473182	0.5843494554587272	1147.794595437951
602.6772033114545	69.98728093179734	0.5855393879066904	1148.794595437951
604.0466793828167	70.57341597216474	0.5867309674542538	1149.794595437951
605.4192431943662	71.16074341617686	0.5879241954147874	1150.794595437951
606.7948995550055	71.74926491290314	0.5891190731016612	1151.794595437951
608.1736532775761	72.33898211272675	0.5903156018282455	1152.794595437951
609.55550917886	72.92989666734401	0.59151378290791	1153.794595437951
610.9404720795795	73.52201022976472	0.592713617654025	1154.794595437951
612.3285468043965	74.11532445431196	0.5939151073799603	1155.794595437951
613.7197381819136	74.70984099662235	0.5951182533990862	1156.794595437951
615.1140510446733	75.30556151364564	0.5963230570247726	1157.794595437951
616.5114902291576	75.90248766364518	0.5975295195703896	1158.794595437951
617.9120605757897	76.50062110619758	0.5987376423493072	1159.794595437951
619.3157669289322	77.09996350219274	0.5999474266748953	1160.794595437951
620.7226141368878	77.70051651383402	0.6011588738605241	1161.794595437951
622.1326070518998	78.30228180463826	0.6023719852195637	1162.794595437951
623.5457505301512	78.90526103943539	0.6035867620653841	1163.794595437951
624.962049431765	79.50945588436906	0.6048032057113553	1164.794595437951
626.3815086208045	80.11486800689595	0.6060213174708473	1165.794595437951
627.8041329652735	80.72149907578637	0.6072410986572302	1166.794595437951
629.2299273371151	81.32935076112382	0.6084625505838739	1167.794595437951
630.6588966122132	81.93842473430531	0.6096856745641487	1168.794595437951
632.0910456703914	82.54872266804121	0.6109104719114246	1169.794595437951
633.5263793954139	83.16024623635501	0.6121369439390715	1170.794595437951
634.9649026749844	83.77299711458389	0.6133650919604594	1171.794595437951
636.4066204007468	84.38697697937825	0.6145949172889584	1172.794595437951
637.8515374682854	85.00218750870198	0.6158264212379386	1173.794595437951
639.2996587771247	85.6186303818321	0.6170596051207701	1174.794595437951
640.7509892307293	86.23630727935918	0.6182944702508227	1175.794595437951
642.2055337365031	86.85521988318725	0.6195310179414667	1176.794595437951
643.6632972057911	87.47536987653348	0.6207692495060719	1177.794595437951
645.1242845538782	88.09675894392849	0.6220091662580087	1178.794595437951
646.5885006999889	88.71938877121642	0.6232507695106468	1179.794595437951
648.0559505672883	89.34326104555451	0.6244940605773563	1180.794595437951
649.5266390828815	89.9683774554136	0.6257390407715073	1181.794595437951
651.0005711778139	90.59473969057782	0.62698571140647	1182.794595437951
652.4777517870702	91.22234944214456	0.628234073795614	1183.794595437951
653.9581858495766	91.85120840252486	0.6294841292523099	1184.794595437951
655.4418783081978	92.48131826544285	0.6307358790899272	1185.794595437951
656.92883410974	93.11268072593614	0.6319893246218363	1186.794595437951
658.4190582049488	93.74529748035572	0.6332444671614071	1187.794595437951
659.9125555485099	94.37917022636593	0.6345013080220098	1188.794595437951
661.4093310990496	95.01430066294463	0.6357598485170144	1189.794595437951
662.9093898191335	95.65069049038263	0.6370200899597906	1190.794595437951
664.4127366752681	96.28834141028452	0.6382820336637088	1191.794595437951
665.9193766378994	96.9272551255682	0.6395456809421389	1192.794595437951
667.4293146814141	97.56743334046477	0.6408110331084511	1193.794595437951
668.9425557841386	98.20887776051886	0.6420780914760152	1194.794595437951
670.4591049283393	98.85159009258832	0.6433468573582014	1195.794595437951
671.9789671002234	99.49557204484454	0.6446173320683797	1196.794595437951
673.5021472899372	100.1408253267722	0.6458895169199201	1197.794595437951
675.028650491568	100.7873516491693	0.6471634132261928	1198.794595437951
676.5584817031429	101.43515272414734	0.6484390223005677	1199.794595437951
678.0916459266288	102.08423026513096	0.6497163454564148	1200.794595437951
679.6281481679327	102.73458598685845	0.6509953840071041	1201.794595437951
681.1679934369031	103.38622160538121	0.652276139266006	1202.794595437951
682.7111867473265	104.03913883806429	0.6535586125464902	1203.794595437951
684.2577331169306	104.69333940358584	0.6548428051619266	1204.794595437951
685.8076375673836	105.34882502193757	0.6561287184256858	1205.794595437951
687.3609051242928	106.00559741442444	0.6574163536511373	1206.794595437951
688.9175408172064	106.66365830366486	0.6587057121516514	1207.794595437951
690.4775496796125	107.32300941359057	0.6599967952405982	1208.794595437951
692.0409367489392	107.9836524694467	0.6612896042313475	1209.794595437951
693.6077070665547	108.64558919779168	0.6625841404372695	1210.794595437951
695.1778656777673	109.30882132649741	0.6638804051717342	1211.794595437951
696.7514176318257	109.9733505847491	0.6651783997481117	1212.794595437951
698.3283679819185	110.63917870304539	0.666478125479772	1213.794595437951
699.9087217851741	111.3063074131982	0.667779583680085	1214.794595437951
701.4924841026615	111.97473844833286	0.6690827756624209	1215.794595437951
703.0796599993898	112.64447354288814	0.6703877027401498	1216.794595437951
704.670254544308	113.31551443261608	0.6716943662266417	1217.794595437951
706.264272810305	113.98786285458212	0.6730027674352664	1218.794595437951
707.8617198742102	114.66152054716515	0.6743129076793943	1219.794595437951
709.4626008167929	115.33648925005724	0.6756247882723954	1220.794595437951
711.0669207227628	116.01277070426403	0.6769384105276394	1221.794595437951
712.6746846807692	116.69036665210437	0.6782537757584965	1222.794595437951
714.285897783402	117.36927883721067	0.679570885278337	1223.794595437951
715.900565127191	118.04950900452849	0.6808897404005306	1224.794595437951
717.518691812606	118.73105890031695	0.6822103424384476	1225.794595437951
719.1402829440572	119.4139302721484	0.6835326927054579	1226.794595437951
720.7653436298942	120.09812486890868	0.6848567925149314	1227.794595437951
722.3938789824082	120.78364444079696	0.6861826431802385	1228.794595437951
724.0258941178288	121.47049073932563	0.687510246014749	1229.794595437951
725.6613941563267	122.15866551732061	0.6888396023318328	1230.794595437951
727.3003842220126	122.84817052892123	0.6901707134448603	1231.794595437951
728.9428694429369	123.53900752958012	0.6915035806672013	1232.794595437951
730.5888549510908	124.23117827606318	0.692838205312226	1233.794595437951
732.2383458824048	124.9246845264499	0.6941745886933042	1234.794595437951
733.8913473767502	125.61952804013293	0.6955127321238062	1235.794595437951
735.5478645779378	126.31571057781842	0.6968526369171018	1236.794595437951
737.2079026337194	127.01323390152584	0.6981943043865613	1237.794595437951
738.871466695786	127.71209977458811	0.6995377358455546	1238.794595437951
740.5385619197691	128.41230996165126	0.7008829326074517	1239.794595437951
742.20919346524	129.1138662286751	0.7022298959856227	1240.794595437951
743.8833664957109	129.8167703429324	0.7035786272934376	1241.794595437951
745.5610861786331	130.5210240730096	0.7049291278442664	1242.794595437951
747.2423576853989	131.2266291888064	0.7062813989514793	1243.794595437951
748.9271861913402	131.9335874615358	0.7076354419284463	1244.794595437951
750.6155768757288	132.64190066372433	0.7089912580885372	1245.794595437951
752.3075349217777	133.35157056921167	0.7103488487451225	1246.794595437951
754.0030655166381	134.06259895315117	0.7117082152115717	1247.794595437951
755.7021738514037	134.77498759200932	0.7130693588012554	1248.794595437951
757.404865121106	135.48873826356595	0.7144322808275432	1249.794595437951
759.1111445247184	136.20385274691438	0.7157969826038053	1250.794595437951
760.8210172651534	136.92033282246132	0.7171634654434118	1251.794595437951
762.5344885492636	137.63818027192679	0.7185317306597325	1252.794595437951
764.2515635878425	138.3573968783441	0.7199017795661377	1253.794595437951
765.9722475956232	139.07798442606014	0.7212736134759974	1254.794595437951
767.6965457912785	139.79994470073504	0.7226472337026816	1255.794595437951
769.4244633974221	140.52327948934226	0.7240226415595603	1256.794595437951
771.1560056406071	141.24799058016868	0.7253998383600035	1257.794595437951
772.8911777513276	141.97407976281463	0.7267788254173816	1258.794595437951
774.6299849640167	142.70154882819358	0.7281596040450642	1259.794595437951
776.3724325170483	143.43039956853264	0.7295421755564213	1260.794595437951
778.1185256527365	144.16063377737208	0.7309265412648234	1261.794595437951
779.8682696173352	144.89225324956575	0.7323127024836401	1262.794595437951
781.6216696610385	145.62525978128062	0.7337006605262417	1263.794595437951
783.3787310379806	146.35965516999727	0.7350904167059982	1264.794595437951
785.1394590062358	147.09544121450946	0.7364819723362795	1265.794595437951
786.9038588278187	147.83261971492445	0.7378753287304559	1266.794595437951
788.6719357686834	148.5711924726628	0.7392704872018971	1267.794595437951
790.4436950987251	149.31116129045853	0.7406674490639735	1268.794595437951
792.2191420917784	150.05252797235875	0.742066215630055	1269.794595437951
793.9982820256178	150.79529432372442	0.7434667882135114	1270.794595437951
795.7811201819585	151.53946215122937	0.744869168127713	1271.794595437951
797.5676618464561	152.28503326286113	0.7462733566860299	1272.794595437951
799.3579123087051	153.03200946792057	0.7476793552018319	1273.794595437951
801.1518768622411	153.7803925770218	0.7490871649884893	1274.794595437951
802.9495608045396	154.53018440209226	0.7504967873593719	1275.794595437951
804.7509694370159	155.28138675637305	0.7519082236278498	1276.794595437951
806.5561080650259	156.0340014544183	0.7533214751072932	1277.794595437951
808.3649819978652	156.78803031209577	0.754736543111072	1278.794595437951
810.1775965487699	157.5434751465864	0.7561534289525563	1279.794595437951
811.9939570349156	158.3003377763846	0.757572133945116	1280.794595437951
813.8140687774188	159.05862002129808	0.7589926594021215	1281.794595437951
815.6379371013352	159.8183237024481	0.7604150066369424	1282.794595437951
817.4655673356615	160.57945064226902	0.7618391769629489	1283.794595437951
819.2969648133342	161.3420026645088	0.7632651716935112	1284.794595437951
821.1321348712295	162.10598159422867	0.7646929921419992	1285.794595437951
822.9710828501641	162.87138925780326	0.7661226396217828	1286.794595437951
824.8138140948947	163.6382274829205	0.7675541154462323	1287.794595437951
826.6603339541183	164.40649809858178	0.7689874209287176	1288.794595437951
828.5106477804718	165.17620293510174	0.7704225573826088	1289.794595437951
830.3647609305325	165.94734382410854	0.771859526121276	1290.794595437951
832.2226787648174	166.71992259854366	0.7732983284580891	1291.794595437951
834.0844066477836	167.49394109266188	0.7747389657064181	1292.794595437951
835.9499499478288	168.26940114203146	0.7761814391796332	1293.794595437951
837.8193140372903	169.0463045835339	0.7776257501911044	1294.794595437951
839.6925042924458	169.8246532553642	0.7790719000542017	1295.794595437951
841.5695260935133	170.60444899703066	0.7805198900822952	1296.794595437951
843.4503848246504	171.38569364935492	0.7819697215887549	1297.794595437951
845.3350858739553	172.1683890544721	0.7834213958869509	1298.794595437951
847.2236346334654	172.95253705583056	0.784874914290253	1299.794595437951
849.1160364991595	173.73813949819208	0.7863302781120315	1300.794595437951
851.012296870956	174.52519822763188	0.7877874886656565	1301.794595437951
852.9124211527127	175.31371509153846	0.7892465472644978	1302.794595437951
854.8164147522284	176.10369193861374	0.7907074552219255	1303.794595437951
856.7242830812419	176.89513061887294	0.7921702138513097	1304.794595437951
858.6360315554317	177.68803298364475	0.7936348244660204	1305.794595437951
860.5516655944168	178.48240088557122	0.7951012883794277	1306.794595437951
862.4711906217561	179.27823617860773	0.7965696069049018	1307.794595437951
864.3946120649482	180.0755407180229	0.7980397813558122	1308.794595437951
866.3219353554332	180.87431636039892	0.7995118130455295	1309.794595437951
868.2531659285899	181.67456496363133	0.8009857032874236	1310.794595437951
870.1883092237372	182.47628838692896	0.8024614533948642	1311.794595437951
872.1273706841354	183.279488490814	0.8039390646812219	1312.794595437951
874.0703557569838	184.0841671371221	0.8054185384598662	1313.794595437951
876.0172698934218	184.89032618900228	0.8068998760441676	1314.794595437951
877.9681185485298	185.69796751091678	0.8083830787474958	1315.794595437951
879.9229071813274	186.50709296864136	0.8098681478832209	1316.794595437951
881.8816412547746	187.31770442926518	0.8113550847647133	1317.794595437951
883.8443262357717	188.12980376119054	0.8128438907053426	1318.794595437951
885.8109675951591	188.9433928341334	0.814334567018479	1319.794595437951
887.7815708077167	189.75847351912282	0.8158271150174923	1320.794595437951
889.7561413521655	190.57504768850143	0.817321536015753	1321.794595437951
891.734684711166	191.3931172159252	0.8188178313266309	1322.794595437951
893.7172063713189	192.21268397636334	0.8203160022634961	1323.794595437951
895.7037118231648	193.03374984609863	0.8218160501397186	1324.794595437951
897.6942065611848	193.85631670272704	0.8233179762686683	1325.794595437951
899.6886960838	194.68038642515793	0.8248217819637156	1326.794595437951
901.6871858933713	195.50596089361434	0.8263274685382302	1327.794595437951
903.6896814962001	196.33304198963205	0.827835037305582	1328.794595437951
905.6961884025279	197.1616315960609	0.8293444895791418	1329.794595437951
907.7067121265361	197.9917315970636	0.8308558266722788	1330.794595437951
909.7212581863462	198.8233438781164	0.8323690498983634	1331.794595437951
911.73983210402	199.656470326009	0.8338841605707656	1332.794595437951
913.7624394055595	200.49111282884448	0.8354011600028557	1333.794595437951
915.7890856209061	201.3272732760391	0.8369200495080034	1334.794595437951
917.8197762839424	202.1649535583226	0.8384408303995786	1335.794595437951
919.8545169324902	203.00415556773814	0.8399635039909519	1336.794595437951
921.8933131083118	203.8448811976423	0.8414880715954929	1337.794595437951
923.9361703571096	204.68713234270473	0.8430145345265717	1338.794595437951
925.983094228526	205.5309108989087	0.8445428940975584	1339.794595437951
928.0340902761438	206.3762187635509	0.8460731516218232	1340.794595437951
930.0891640574854	207.22305783524126	0.847605308412736	1341.794595437951
932.148321134014	208.07143001390304	0.8491393657836667	1342.794595437951
934.2115670711321	208.92133720077302	0.8506753250479854	1343.794595437951
936.2789074381831	209.77278129840124	0.8522131875190624	1344.794595437951
938.3503478084497	210.62576421065117	0.8537529545102673	1345.794595437951
940.4258937591554	211.4802878426996	0.8552946273349706	1346.794595437951
942.5055508714635	212.33635410103682	0.8568382073065421	1347.794595437951
944.5893247304776	213.19396489346613	0.8583836957383519	1348.794595437951
946.6772209252409	214.0531221291047	0.8599310939437699	1349.794595437951
948.7692450487377	214.91382771838266	0.8614804032361664	1350.794595437951
950.8654026978913	215.77608357304376	0.8630316249289112	1351.794595437951
952.9656994735658	216.63989160614506	0.8645847603353745	1352.794595437951
955.0701409805647	217.50525373205687	0.866139810768926	1353.794595437951
957.1787328276332	218.37217186646305	0.8676967775429363	1354.794595437951
959.2914806274543	219.24064792636068	0.8692556619707749	1355.794595437951
961.4083899966536	220.11068383006034	0.8708164653658124	1356.794595437951
963.5294665557949	220.98228149718588	0.8723791890414184	1357.794595437951
965.6547159293825	221.85544284867456	0.8739438343109632	1358.794595437951
967.7841437458615	222.73016980677687	0.8755104024878165	1359.794595437951
969.9177556376166	223.60646429505704	0.8770788948853488	1360.794595437951
972.0555572409721	224.48432823839227	0.8786493128169296	1361.794595437951
974.197554196194	225.36376356297336	0.8802216575959294	1362.794595437951
976.3437521474868	226.24477219630438	0.8817959305357181	1363.794595437951
978.4941567429961	227.1273560672028	0.8833721329496658	1364.794595437951
980.648773634807	228.01151710579956	0.8849502661511424	1365.794595437951
982.8076084789449	228.8972572435388	0.8865303314535178	1366.794595437951
984.9706669353753	229.78457841317805	0.8881123301701626	1367.794595437951
987.1379546680043	230.6734825487883	0.8896962636144462	1368.794595437951
989.3094773446769	231.5639715857539	0.8912821330997389	1369.794595437951
991.4852406371797	232.4560474607726	0.8928699399394109	1370.794595437951
993.6652502212387	233.34971211185533	0.8944596854468321	1371.794595437951
995.8495117765195	234.2449674783266	0.8960513709353725	1372.794595437951
998.0380309866285	235.1418155008242	0.8976449977184021	1373.794595437951
1000.2308135391123	236.04025812129936	0.8992405671092912	1374.794595437951
1002.4278651254573	236.94029728301658	0.9008380804214097	1375.794595437951
1004.6291914410896	237.84193493055372	0.9024375389681275	1376.794595437951
1006.8347981853761	238.7451730098022	0.9040389440628147	1377.794595437951
1009.0446910616239	239.6500134679665	0.9056422970188415	1378.794595437951
1011.2588757770792	240.55645825356473	0.9072475991495776	1379.794595437951
1013.4773580429294	241.46450931642832	0.9088548517683934	1380.794595437951
1015.7001435743019	242.37416860770196	0.9104640561886589	1381.794595437951
1017.9272380902635	243.2854380798439	0.912075213723744	1382.794595437951
1020.1586473138217	244.19831968662552	0.9136883256870189	1383.794595437951
1022.3943769719235	245.11281538313176	0.9153033933918534	1384.794595437951
1024.634432795457	246.02892712576084	0.9169204181516176	1385.794595437951
1026.8788205192498	246.9466568722245	0.9185394012796819	1386.794595437951
1029.1275458820692	247.86600658154748	0.9201603440894157	1387.794595437951
1031.3806146266234	248.78697821406834	0.9217832478941896	1388.794595437951
1033.63803249956	249.70957373143872	0.9234081140073733	1389.794595437951
1035.8998052514678	250.63379509662366	0.925034943742337	1390.794595437951
1038.165938636875	251.55964427390168	0.9266637384124509	1391.794595437951
1040.4364384142489	252.48712322886473	0.9282944993310848	1392.794595437951
1042.7113103459988	253.4162339284178	0.9299272278116086	1393.794595437951
1044.990560198473	254.34697834077966	0.9315619251673928	1394.794595437951
1047.2741937419596	255.27935843548215	0.9331985927118069	1395.794595437951
1049.5622167506883	256.21337618337066	0.9348372317582214	1396.794595437951
1051.8546350028273	257.1490335566038	0.9364778436200061	1397.794595437951
1054.1514542804864	258.08633252865354	0.9381204296105312	1398.794595437951
1056.4526803697136	259.0252750743055	0.9397649910431666	1399.794595437951
1058.7583190604987	259.9658631696584	0.9414115292312824	1400.794595437951
1061.0683761467708	260.90809879212435	0.9430600454882485	1401.794595437951
1063.3828574263991	261.851983920429	0.944710541127435	1402.794595437951
1065.7017687011937	262.79752053461107	0.9463630174622122	1403.794595437951
1068.0251157769037	263.744710616023	0.9480174758059499	1404.794595437951
1070.3529044632196	264.69355614733036	0.9496739174720181	1405.794595437951
1072.6851405737705	265.64405911251237	0.9513323437737871	1406.794595437951
1075.021829926126	266.59622149686106	0.9529927560246265	1407.794595437951
1077.3629783417973	267.5500452869824	0.9546551555379068	1408.794595437951
1079.7085916462343	268.5055324707954	0.9563195436269979	1409.794595437951
1082.0586756688263	269.46268503753276	0.9579859216052696	1410.794595437951
1084.4132362429048	270.42150497774014	0.9596542907860922	1411.794595437951
1086.7722792057398	271.38199428327687	0.9613246524828357	1412.794595437951
1089.1358103985422	272.3441549473156	0.9629970080088701	1413.794595437951
1091.5038356664627	273.30798896434214	0.9646713586775655	1414.794595437951
1093.8763608585919	274.27349833015614	0.9663477058022918	1415.794595437951
1096.2533918279607	275.24068504187	0.9680260506964191	1416.794595437951
1098.6349344315406	276.2095510979099	0.9697063946733177	1417.794595437951
1101.0209945302424	277.18009849801535	0.9713887390463571	1418.794595437951
1103.4115779889175	278.15232924323914	0.9730730851289078	1419.794595437951
1105.8066906763577	279.12624533594743	0.9747594342343397	1420.794595437951
1108.2063384652938	280.10184877981976	0.9764477876760229	1421.794595437951
1110.610527232397	281.0791415798493	0.9781381467673271	1422.794595437951
1113.0192628582804	282.0581257423421	0.9798305128216228	1423.794595437951
1115.4325512274954	283.038803274918	0.9815248871522799	1424.794595437951
1117.8503982285335	284.02117618651005	0.9832212710726684	1425.794595437951
1120.2728097538268	285.00524648736445	0.9849196658961583	1426.794595437951
1122.6997916997477	285.99101618904115	0.9866200729361198	1427.794595437951
1125.1313499666085	286.97848730441325	0.9883224935059226	1428.794595437951
1127.5674904586615	287.9676618476674	0.9900269289189371	1429.794595437951
1130.0082190840992	288.9585418343032	0.9917333804885331	1430.794595437951
1132.4535417550537	289.9511292811344	0.9934418495280808	1431.794595437951
1134.9034643875987	290.94542620628727	0.9951523373509501	1432.794595437951
1137.3579929017465	291.94143462920186	0.9968648452705111	1433.794595437951
1139.8171332214501	292.93915657063155	0.998579374600134	1434.794595437951
1142.2808912746023	293.9385940526433	1.0002959266531888	1435.794595437951
1144.7492729930364	294.93974909861697	1.0020145027430452	1436.794595437951
1147.2222843125257	295.94262373324614	1.0037351041830735	1437.794595437951
1149.6999311727839	296.9472199825376	1.0054577322866438	1438.794595437951
1152.1822195174639	297.9535398738117	1.007182388367126	1439.794595437951
1154.6691552941595	298.9615854357019	1.0089090737378903	1440.794595437951
1157.160744454405	299.9713586981553	1.0106377897123067	1441.794595437951
1159.6569929536734	300.98286169243227	1.012368537603745	1442.794595437951
1162.157906751379	301.99609645110627	1.0141013187255756	1443.794595437951
1164.6634918108753	303.0110650080645	1.0158361343911682	1444.794595437951
1167.173754099457	304.02776939850764	1.0175729859138931	1445.794595437951
1169.688699588359	305.0462116589493	1.0193118746071204	1446.794595437951
1172.2083342527542	306.0663938272166	1.0210528017842198	1447.794595437951
1174.7326640717579	307.0883179424501	1.0227957687585614	1448.794595437951
1177.261695028425	308.1119860451038	1.0245407768435155	1449.794595437951
1179.7954331097494	309.1374001769451	1.026287827352452	1450.794595437951
1182.3338843066663	310.1645623810546	1.028036921598741	1451.794595437951
1184.8770546140508	311.1934747018262	1.0297880608957526	1452.794595437951
1187.4249500307176	312.2241391849675	1.0315412465568565	1453.794595437951
1189.977576559422	313.256557877499	1.0332964798954232	1454.794595437951
1192.5349402068591	314.29073282775516	1.0350537622248224	1455.794595437951
1195.0970469836648	315.3266660853834	1.0368130948584242	1456.794595437951
1197.6639029044138	316.3643597013446	1.0385744791095988	1457.794595437951
1200.235513987622	317.40381572791284	1.040337916291716	1458.794595437951
1202.8118862557449	318.44503621867614	1.042103407718146	1459.794595437951
1205.3930257351792	319.4880232285352	1.043870954702259	1460.794595437951
1207.9789384562596	320.5327788137043	1.0456405585574247	1461.794595437951
1210.5696304532626	321.57930503171144	1.0474122205970133	1462.794595437951
1213.1651077644044	322.62760394139764	1.0491859421343948	1463.794595437951
1215.7653764318413	323.6776776029173	1.0509617244829395	1464.794595437951
1218.3704425016695	324.72952807773834	1.0527395689560168	1465.794595437951
1220.9803120239258	325.7831574286419	1.0545194768669977	1466.794595437951
1223.5949910525858	326.8385677197227	1.056301449529251	1467.794595437951
1226.2144856455675	327.89576101638875	1.0580854882561481	1468.794595437951
1228.8388018647265	328.954739385361	1.059871594361058	1469.794595437951
1231.4679457758602	330.01550489467456	1.0616597691573513	1470.794595437951
1234.1019234487067	331.0780596136774	1.063450013958398	1471.794595437951
1236.740740956941	332.14240561303075	1.0652423300775677	1472.794595437951
1239.3844043781814	333.20854496470963	1.0670367188282308	1473.794595437951
1242.032919793986	334.2764797420021	1.0688331815237575	1474.794595437951
1244.686293289851	335.34621201950995	1.0706317194775175	1475.794595437951
1247.3445309552144	336.4177438731477	1.0724323340028807	1476.794595437951
1250.0076388834539	337.491077380144	1.0742350264132177	1477.794595437951
1252.675623171887	338.56621461904024	1.076039798021898	1478.794595437951
1255.3484899217726	339.6431576696916	1.0778466501422923	1479.794595437951
1258.0262452383079	340.7219086132666	1.0796555840877702	1480.794595437951
1260.7088952306306	341.80246953224673	1.0814666011717013	1481.794595437951
1263.3964460118198	342.88484251042723	1.0832797027074565	1482.794595437951
1266.0889036988933	343.96902963291666	1.0850948900084054	1483.794595437951
1268.7862744128097	345.055032986137	1.086912164387918	1484.794595437951
1271.4885642784673	346.14285465782314	1.0887315271593643	1485.794595437951
1274.195779424705	347.2324967370241	1.0905529796361146	1486.794595437951
1276.9079259843015	348.32396131410155	1.0923765231315388	1487.794595437951
1279.6250100939767	349.4172504807311	1.0942021589590072	1488.794595437951
1282.3470378943875	350.5123663299015	1.0960298884318893	1489.794595437951
1285.0740155301346	351.6093109559145	1.0978597128635554	1490.794595437951
1287.8059491497572	352.70808645438603	1.099691633567376	1491.794595437951
1290.5428449057335	353.8086949222444	1.1015256518567202	1492.794595437951
1293.2847089544841	354.91113845773236	1.1033617690449589	1493.794595437951
1296.0315474563677	356.0154191604051	1.1051999864454616	1494.794595437951
1298.783366575684	357.12153913113184	1.1070403053715985	1495.794595437951
1301.5401724806736	358.2295004720946	1.1088827271367396	1496.794595437951
1304.3019713435156	359.33930528678945	1.1107272530542553	1497.794595437951
1307.0687693403306	360.450955680025	1.1125738844375153	1498.794595437951
1309.8405726511778	361.5644537579241	1.1144226225998897	1499.794595437951
1312.6173874600581	362.6798016279225	1.1162734688547484	1500.794595437951
1315.3992199549114	363.79700139876894	1.1181264245154616	1501.794595437951
1318.1860763276188	364.9160551805264	1.1199814908953996	1502.794595437951
1320.9779627740004	366.03696508457057	1.1218386693079319	1503.794595437951
1323.7748854938163	367.15973322359093	1.1236979610664288	1504.794595437951
1326.5768506907682	368.28436171158984	1.1255593674842603	1505.794595437951
1329.3838645724961	369.41085266388365	1.1274228898747964	1506.794595437951
1332.1959333505815	370.5392081971014	1.1292885295514075	1507.794595437951
1335.0130632405462	371.6694304291864	1.1311562878274635	1508.794595437951
1337.8352604618497	372.8015214793941	1.1330261660163339	1509.794595437951
1340.6625312378942	373.93548346829436	1.1348981654313892	1510.794595437951
1343.4948817960214	375.0713185177701	1.1367722873859996	1511.794595437951
1346.3323183675125	376.2090287510173	1.1386485331935348	1512.794595437951
1349.1748471875892	377.3486162925459	1.140526904167365	1513.794595437951
1352.0224744954132	378.4900832681785	1.14240740162086	1514.794595437951
1354.8752065340861	379.63343180505194	1.1442900268673903	1515.794595437951
1357.7330495506503	380.77866403161545	1.1461747812203256	1516.794595437951
1360.596009796088	381.9257820776325	1.1480616659930363	1517.794595437951
1363.4640935253208	383.07478807417925	1.1499506824988917	1518.794595437951
1366.3373069972108	384.2256841536458	1.1518418320512624	1519.794595437951
1369.215656474562	385.3784724497352	1.1537351159635187	1520.794595437951
1372.0991482241147	386.5331550974639	1.15563053554903	1521.794595437951
1374.9877885165536	387.6897342331621	1.1575280921211668	1522.794595437951
1377.8815836264996	388.8482119944728	1.1594277869932987	1523.794595437951
1380.780539832517	390.0085905203531	1.1613296214787963	1524.794595437951
1383.684663417108	391.1708719510727	1.1632335968910292	1525.794595437951
1386.5939606667157	392.33505842821523	1.1651397145433677	1526.794595437951
1389.5084378717233	393.5011520946773	1.1670479757491816	1527.794595437951
1392.4281013264545	394.6691550946692	1.1689583818218412	1528.794595437951
1395.3529573291723	395.8390695737145	1.1708709340747165	1529.794595437951
1398.2830121820803	397.0108976786497	1.172785633821177	1530.794595437951
1401.2182721913218	398.1846415576258	1.1747024823745937	1531.794595437951
1404.1587436669813	399.3603033601057	1.176621481048336	1532.794595437951
1407.104432923082	400.53788523686706	1.178542631155774	1533.794595437951
1410.055346277588	401.7173893399996	1.1804659340102779	1534.794595437951
1413.0114900524031	402.8988178229077	1.1823913909252175	1535.794595437951
1415.9728705733721	404.082172840308	1.1843190032139632	1536.794595437951
1418.9394941702785	405.2674565482313	1.1862487721898847	1537.794595437951
1421.9113671768473	406.45467110402126	1.1881806991663522	1538.794595437951
1424.8884959307431	407.6438186663353	1.1901147854567358	1539.794595437951
1427.8708867735704	408.834901395144	1.1920510323744056	1540.794595437951
1430.858546050873	410.027921451731	1.1939894412327312	1541.794595437951
1433.8514801121366	411.2228809986941	1.195930013345083	1542.794595437951
1436.8496953107863	412.4197821999436	1.197872750024831	1543.794595437951
1439.8531980041867	413.61862722070396	1.1998176525853452	1544.794595437951
1442.8619945536434	414.8194182275123	1.2017647223399959	1545.794595437951
1445.8760913244002	416.0221573882198	1.2037139606021525	1546.794595437951
1448.8954946856447	417.2268468719903	1.2056653686851857	1547.794595437951
1451.9202110105014	418.4334888493016	1.2076189479024653	1548.794595437951
1454.9502466760355	419.6420854919445	1.2095746995673615	1549.794595437951
1457.9856080632533	420.8526389730233	1.2115326249932439	1550.794595437951
1461.0263015571004	422.06515146695574	1.213492725493483	1551.794595437951
1464.072333546462	423.27962514947285	1.2154550023814483	1552.794595437951
1467.1237104241657	424.49606219761904	1.2174194569705106	1553.794595437951
1470.1804385869764	425.7144647897519	1.2193860905740392	1554.794595437951
1473.2425244356007	426.9348351055431	1.2213549045054048	1555.794595437951
1476.3099743746848	428.1571753259765	1.2233259000779768	1556.794595437951
1479.382794812816	429.3814876333505	1.2252990786051259	1557.794595437951
1482.4609921625195	430.60777421127614	1.2272744414002215	1558.794595437951
1485.5445728402628	431.8360372446781	1.2292519897766339	1559.794595437951
1488.6335432664534	433.0662789197944	1.2312317250477336	1560.794595437951
1491.7279098654371	434.29850142417615	1.2332136485268896	1561.794595437951
1494.8276790655013	435.53270694668856	1.235197761527473	1562.794595437951
1497.932857298873	436.76889767750936	1.237184065362853	1563.794595437951
1501.0434510017199	438.00707580813037	1.2391725613464004	1564.794595437951
1504.159466614149	439.247243531356	1.2411632507914847	1565.794595437951
1507.2809105802082	440.48940304130485	1.2431561350114764	1566.794595437951
1510.407789347884	441.7335565334083	1.2451512153197448	1567.794595437951
1513.5401093691053	442.9797062044116	1.2471484930296608	1568.794595437951
1516.6778770997396	444.22785425237277	1.249147969454594	1569.794595437951
1519.8210989995941	445.4780028766636	1.251149645907914	1570.794595437951
1522.969781532418	446.7301542779693	1.253153523702992	1571.794595437951
1526.1239311658983	447.9843106582879	1.255159604153197	1572.794595437951
1529.283554371664	449.2404742209318	1.2571678885718995	1573.794595437951
1532.448657625283	450.4986471705256	1.2591783782724693	1574.794595437951
1535.619247406264	451.7588317130085	1.2611910745682768	1575.794595437951
1538.7953301980556	453.02103005563174	1.2632059787726915	1576.794595437951
1541.9769124880463	454.2852444069611	1.2652230921990841	1577.794595437951
1545.1640007675646	455.55147697687516	1.267242416160824	1578.794595437951
1548.3566015318804	456.81972997656567	1.2692639519712818	1579.794595437951
1551.5547212802023	458.09000561853844	1.2712877009438275	1580.794595437951
1554.758366515678	459.36230611661176	1.2733136643918301	1581.794595437951
1557.9675437453993	460.6366336859183	1.2753418436286612	1582.794595437951
1561.1822594803934	461.9129905429032	1.2773722399676897	1583.794595437951
1564.4025202356306	463.19137890532556	1.2794048547222863	1584.794595437951
1567.6283325300208	464.4718009922574	1.2814396892058206	1585.794595437951
1570.859702886413	465.7542590240846	1.283476744731663	1586.794595437951
1574.0966378315977	467.03875522250587	1.2855160226131834	1587.794595437951
1577.339143896304	468.32529181053394	1.2875575241637518	1588.794595437951
1580.5872276152024	469.6138710124944	1.2896012506967383	1589.794595437951
1583.8408955269028	470.90449505402603	1.2916472035255127	1590.794595437951
1587.1001541739552	472.19716616208177	1.2936953839634453	1591.794595437951
1590.3650101028509	473.4918865649271	1.295745793323906	1592.794595437951
1593.6354698640193	474.7886584921415	1.2977984329202652	1593.794595437951
1596.9115400118312	476.0874841746174	1.2998533040658922	1594.794595437951
1600.1932271045978	477.3883658445609	1.301910408074158	1595.794595437951
1603.4805377045686	478.6913057354909	1.3039697462584314	1596.794595437951
1606.7734783779365	479.99630608224084	1.3060313199320839	1597.794595437951
1610.0720556948309	481.3033691209562	1.3080951304084847	1598.794595437951
1613.3762762293231	482.61249708909645	1.3101611790010037	1599.794595437951
1616.686146559425	483.9236922254347	1.3122294670230115	1600.794595437951
1620.0016732670874	485.2369567700568	1.3142999957878776	1601.794595437951
1623.322862938202	486.55229296436255	1.3163727666089724	1602.794595437951
1626.6497221625998	487.8697030510645	1.3184477807996657	1603.794595437951
1629.9822575340527	489.1891892741895	1.3205250396733277	1604.794595437951
1633.320475650273	490.5107538790766	1.3226045445433283	1605.794595437951
1636.6643831129122	491.8343991123794	1.324686296723038	1606.794595437951
1640.013986527562	493.16012722206386	1.3267702975258264	1607.794595437951
1643.3692925037544	494.48794045740976	1.3288565482650632	1608.794595437951
1646.7303076549629	495.8178410690106	1.3309450502541194	1609.794595437951
1650.0970385985981	497.1498313087725	1.333035804806364	1610.794595437951
1653.4694919560134	498.48391342991545	1.3351288132351677	1611.794595437951
1656.8476743525016	499.82008968697266	1.3372240768539005	1612.794595437951
1660.231592417294	501.158362335791	1.3393215969759322	1613.794595437951
1663.6212527835646	502.49873363353015	1.341421374914633	1614.794595437951
1667.0166620884263	503.84120583866365	1.343523411983373	1615.794595437951
1670.4178269729314	505.18578121097795	1.345627709495522	1616.794595437951
1673.8247540820735	506.53246201157356	1.3477342687644505	1617.794595437951
1677.237450064785	507.88125050286374	1.349843091103528	1618.794595437951
1680.6559215739398	509.2321489485752	1.3519541778261246	1619.794595437951
1684.0801752663522	510.58515961374826	1.3540675302456109	1620.794595437951
1687.5102178027737	511.9402847647365	1.356183149675356	1621.794595437951
1690.9460558479	513.297526669207	1.3583010374287312	1622.794595437951
1694.3876960703635	514.6568875961395	1.3604211948191052	1623.794595437951
1697.8351451427388	516.0183698158286	1.3625436231598491	1624.794595437951
1701.2884097415388	517.3819755998804	1.3646683237643322	1625.794595437951
1704.747496547219	518.7477072212163	1.3667952979459252	1626.794595437951
1708.2124122441728	520.1155669540693	1.3689245470179978	1627.794595437951
1711.6831635207343	521.4855570739868	1.3710560722939196	1628.794595437951
1715.1597570691774	522.8576798578296	1.373189875087061	1629.794595437951
1718.6421995857188	524.2319375837711	1.3753259567107925	1630.794595437951
1722.1304977705115	525.6083325312991	1.3774643184784838	1631.794595437951
1725.62465832765	526.9868669812138	1.3796049617035047	1632.794595437951
1729.1246879651699	528.3675432156297	1.3817478876992255	1633.794595437951
1732.630593395046	529.7503635179736	1.383893097779016	1634.794595437951
1736.1423813331933	531.1353301729869	1.3860405932562467	1635.794595437951
1739.6600584994662	532.522445466723	1.3881903754442873	1636.794595437951
1743.183631617662	533.9117116865501	1.390342445656508	1637.794595437951
1746.7131074155143	535.3031311211487	1.3924968052062787	1638.794595437951
1750.2484926246984	536.696706060513	1.3946534554069692	1639.794595437951
1753.7897939808317	538.0924387959508	1.3968123975719502	1640.794595437951
1757.3370182234682	539.4903316200827	1.398973633014591	1641.794595437951
1760.890172096105	540.8903868268436	1.4011371630482623	1642.794595437951
1764.4492623461772	542.2926067114806	1.4033029889863335	1643.794595437951
1768.0142957250612	543.6969935705555	1.4054711121421755	1644.794595437951
1771.5852789880719	545.103549701942	1.4076415338291568	1645.794595437951
1775.1622188944684	546.5122774048286	1.4098142553606494	1646.794595437951
1778.7451222074449	547.9231789797161	1.4119892780500223	1647.794595437951
1782.3339956941388	549.3362567284191	1.4141666032106457	1648.794595437951
1785.928846125626	550.7515129540657	1.4163462321558893	1649.794595437951
1789.5296802769237	552.1689499610968	1.4185281661991234	1650.794595437951
1793.136504926989	553.5885700552676	1.4207124066537182	1651.794595437951
1796.7493268587177	555.0103755436458	1.4228989548330435	1652.794595437951
1800.3681528589482	556.4343687346131	1.4250878120504697	1653.794595437951
1803.992989718457	557.8605519378639	1.4272789796193663	1654.794595437951
1807.6238442319618	559.2889274644067	1.429472458853104	1655.794595437951
1811.2607231981192	560.7194976265628	1.431668251065052	1656.794595437951
1814.903633419527	562.1522647379674	1.4338663575685813	1657.794595437951
1818.5525817027235	563.5872311135685	1.4360667796770612	1658.794595437951
1822.2075748581856	565.0243990696276	1.4382695187038619	1659.794595437951
1825.8686197003317	566.46377092372	1.4404745759623538	1660.794595437951
1829.5357230475186	567.9053489947339	1.4426819527659063	1661.794595437951
1833.2088917220453	569.3491356028712	1.44489165042789	1662.794595437951
1836.8881325501507	570.7951330696469	1.4471036702616749	1663.794595437951
1840.5734523620113	572.2433437178897	1.4493180135806307	1664.794595437951
1844.2648579917463	573.6937698717411	1.4515346816981274	1665.794595437951
1847.9623562774148	575.1464138566566	1.4537536759275358	1666.794595437951
1851.6659540610146	576.6012779994046	1.4559749975822251	1667.794595437951
1855.375658188484	578.0583646280672	1.4581986479755658	1668.794595437951
1859.091475509703	579.5176760720398	1.4604246284209277	1669.794595437951
1862.8134128784902	580.9792146620309	1.462652940231681	1670.794595437951
1866.5414771526043	582.4429827300628	1.4648835847211958	1671.794595437951
1870.275675193744	583.9089826094706	1.4671165632028416	1672.794595437951
1874.0160138675496	585.3772166349037	1.4693518769899894	1673.794595437951
1877.7625000436003	586.8476871423236	1.4715895273960085	1674.794595437951
1881.5151405954143	588.3203964690063	1.4738295157342691	1675.794595437951
1885.2739424004528	589.7953469535407	1.4760718433181412	1676.794595437951
1889.0389123401142	591.2725409358289	1.4783165114609949	1677.794595437951
1892.8100572997394	592.7519807570868	1.4805635214762005	1678.794595437951
1896.587384168607	594.2336687598431	1.4828128746771272	1679.794595437951
1900.3708998399393	595.7176072879407	1.4850645723771465	1680.794595437951
1904.1606112108936	597.203798686535	1.487318615889627	1681.794595437951
1907.9565251825725	598.6922453020952	1.4895750065279398	1682.794595437951
1911.7586486600142	600.182949482404	1.4918337456054538	1683.794595437951
1915.5669885522013	601.675913576557	1.4940948344355403	1684.794595437951
1919.381551772053	603.1711399349637	1.4963582743315682	1685.794595437951
1923.2023452364306	604.6686309093467	1.4986240666069084	1686.794595437951
1927.029375866135	606.1683888527418	1.5008922125749309	1687.794595437951
1930.8626505859065	607.6704161194984	1.503162713549005	1688.794595437951
1934.702176324426	609.1747150652797	1.5054355708425013	1689.794595437951
1938.547960014316	610.681288047061	1.5077107857687901	1690.794595437951
1942.400008592136	612.1901374231326	1.509988359641241	1691.794595437951
1946.2583289983882	613.7012655530966	1.5122682937732237	1692.794595437951
1950.122928177514	615.21467479787	1.514550589478109	1693.794595437951
1953.9938130778953	616.7303675196816	1.5168352480692666	1694.794595437951
1957.8709906518532	618.2483460820752	1.5191222708600667	1695.794595437951
1961.75446785565	619.7686128499063	1.521411659163879	1696.794595437951
1965.6442516494863	621.2911701893449	1.5237034142940735	1697.794595437951
1969.5403489975056	622.8160204678743	1.5259975375640207	1698.794595437951
1973.4427668677897	624.3431660542907	1.5282940302870904	1699.794595437951
1977.3515122323613	625.872609318704	1.5305928937766529	1700.794595437951
1981.2665920671811	627.4043526325372	1.5328941293460776	1701.794595437951
1985.1880133521524	628.9383983685273	1.535197738308735	1702.794595437951
1989.1157830711193	630.4747489007235	1.5375037219779955	1703.794595437951
1993.0499082118617	632.0134066044898	1.5398120816672283	1704.794595437951
1996.990395766104	633.5543738565024	1.5421228186898037	1705.794595437951
2000.9372527295095	635.0976530347516	1.5444359343590923	1706.794595437951
2004.8904861016804	636.6432465185408	1.546751429988464	1707.794595437951
2008.850102886159	638.1911566884863	1.549069306891288	1708.794595437951
2012.8161100904304	639.7413859265189	1.551389566380935	1709.794595437951
2016.7885147259162	641.2939366158816	1.553712209770775	1710.794595437951
2020.7673238079815	642.8488111411317	1.5560372383741783	1711.794595437951
2024.7525443559282	644.4060118881389	1.5583646535045144	1712.794595437951
2028.744183393001	645.9655412440875	1.5606944564751535	1713.794595437951
2032.742247946384	647.5274015974737	1.563026648599466	1714.794595437951
2036.7467450471997	649.0915953381088	1.5653612311908214	1715.794595437951
2040.757681730513	650.6581248571158	1.56769820556259	1716.794595437951
2044.7750650353275	652.2269925469318	1.5700375730281417	1717.794595437951
2048.7989020045884	653.7982008013076	1.572379334900847	1718.794595437951
2052.8291996851794	655.371752015307	1.5747234924940756	1719.794595437951
2056.865965127924	656.9476485853072	1.5770700471211976	1720.794595437951
2060.909205387589	658.5258929089983	1.5794190000955828	1721.794595437951
2064.9589275228773	660.1064873853852	1.581770352730602	1722.794595437951
2069.0151385964336	661.6894344147843	1.5841241063396239	1723.794595437951
2073.0778456748435	663.2747363988269	1.58648026223602	1724.794595437951
2077.1470558286314	664.8623957404565	1.588838821733159	1725.794595437951
2081.2227761322633	666.4524148439311	1.5911997861444123	1726.794595437951
2085.3050136641436	668.0447961148215	1.593563156783149	1727.794595437951
2089.393775506617	669.6395419600111	1.595928934962739	1728.794595437951
2093.489068745971	671.2366547876983	1.5982971219965532	1729.794595437951
2097.590900472429	672.8361370073934	1.6006677191979608	1730.794595437951
2101.6992777801584	674.4379910299211	1.6030407278803325	1731.794595437951
2105.814207767263	676.0422192674189	1.6054161493570378	1732.794595437951
2109.9356975357905	677.6488241333378	1.6077939849414475	1733.794595437951
2114.0637541917254	679.2578080424421	1.6101742359469304	1734.794595437951
2118.198384844995	680.8691734108097	1.612556903686858	1735.794595437951
2122.339596609465	682.482922655832	1.6149419894745993	1736.794595437951
2126.487396602941	684.0990581962127	1.6173294946235246	1737.794595437951
2130.6417919471714	685.7175824519703	1.6197194204470042	1738.794595437951
2134.8027897678394	687.338497844436	1.6221117682584074	1739.794595437951
2138.9703971945755	688.9618067962543	1.6245065393711056	1740.794595437951
2143.1446213609433	690.5875117313831	1.6269037350984674	1741.794595437951
2147.3254694044517	692.2156150750939	1.6293033567538637	1742.794595437951
2151.5129484665467	693.8461192539712	1.6317054056506644	1743.794595437951
2155.7070656926153	695.4790266959135	1.6341098831022391	1744.794595437951
2159.907828231986	697.1143398301319	1.6365167904219589	1745.794595437951
2164.115243237923	698.7520610871512	1.6389261289231922	1746.794595437951
2168.3293178676367	700.3921928988099	1.6413378999193102	1747.794595437951
2172.550059282275	702.0347376982593	1.6437521047236832	1748.794595437951
2176.777474646923	703.6796979199645	1.6461687446496804	1749.794595437951
2181.0115711306094	705.3270759997035	1.648587821010672	1750.794595437951
2185.2523559063015	706.9768743745686	1.6510093351200281	1751.794595437951
2189.4998361509097	708.6290954829643	1.6534332882911194	1752.794595437951
2193.754019045279	710.2837417646092	1.6558596818373152	1753.794595437951
2198.0149117742	711.940815660535	1.6582885170719857	1754.794595437951
2202.2825215263997	713.6003196130871	1.6607197953085013	1755.794595437951
2206.5568554945467	715.2622560659238	1.6631535178602315	1756.794595437951
2210.837920875249	716.926627464017	1.6655896860405464	1757.794595437951
2215.1257248690563	718.5934362536524	1.6680283011628163	1758.794595437951
2219.4202746804567	720.2626848824277	1.6704693645404112	1759.794595437951
2223.7215775178793	721.9343757992559	1.6729128774867013	1760.794595437951
2228.029640593692	723.6085114543619	1.675358841315056	1761.794595437951
2232.344471124205	725.2850942992845	1.677807257338846	1762.794595437951
2236.6660763296677	726.9641267868758	1.6802581268714412	1763.794595437951
2240.9944634342683	728.6456113713015	1.6827114512262114	1764.794595437951
2245.3296396661362	730.3295505080403	1.6851672317165267	1765.794595437951
2249.6716122573416	732.015946653884	1.687625469655757	1766.794595437951
2254.0203884438943	733.704802266939	1.6900861663572733	1767.794595437951
2258.3759754657435	735.3961198066238	1.6925493231344444	1768.794595437951
2262.7383805667796	737.089901733671	1.6950149413006412	1769.794595437951
2267.1076109948317	738.7861505101259	1.697483022169233	1770.794595437951
2271.4836740016704	740.484868599348	1.6999535670535906	1771.794595437951
2275.8665768430055	742.1860584660094	1.7024265772670835	1772.794595437951
2280.256326778487	743.8897225760963	1.7049020541230817	1773.794595437951
2284.6529310717074	745.5958633969076	1.7073799989349558	1774.794595437951
2289.056396990194	747.304483397056	1.7098604130160755	1775.794595437951
2293.4667318054194	749.0155850464674	1.712343297679811	1776.794595437951
2297.8839427927937	750.729170816381	1.714828654239532	1777.794595437951
2302.3080372316676	752.4452431793495	1.7173164840086086	1778.794595437951
2306.739022405333	754.163804609239	1.719806788300411	1779.794595437951
2311.17690560102	755.8848575812292	1.7222995684283093	1780.794595437951
2315.6216941098987	757.6084045718121	1.7247948257056729	1781.794595437951
2320.073395227083	759.3344480587948	1.7272925614458732	1782.794595437951
2324.5320162516223	761.0629905212959	1.7297927769622787	1783.794595437951
2328.9975644865085	762.7940344397491	1.7322954735682607	1784.794595437951
2333.470047238674	764.5275822959004	1.7348006525771886	1785.794595437951
2337.9494718189894	766.263636572809	1.7373083153024322	1786.794595437951
2342.4358455422666	768.0021997548484	1.7398184630573623	1787.794595437951
2346.929175727258	769.7432743277046	1.7423310971553483	1788.794595437951
2351.429469696656	771.4868627783778	1.7448462189097604	1789.794595437951
2355.9367347770917	773.2329675951806	1.7473638296339689	1790.794595437951
2360.450978299138	774.9815912677402	1.7498839306413438	1791.794595437951
2364.9722075973077	776.7327362869955	1.7524065232452548	1792.794595437951
2369.500430010052	778.4864051452007	1.754931608759072	1793.794595437951
2374.035652879764	780.2426003359215	1.7574591884961657	1794.794595437951
2378.577883552777	782.0013243540384	1.759989263769906	1795.794595437951
2383.1271293793634	783.7625796957448	1.7625218358936627	1796.794595437951
2387.6833977137353	785.5263688585469	1.7650569061808052	1797.794595437951
2392.246695914048	787.2926943412654	1.7675944759447053	1798.794595437951
2396.817031342392	789.061558644033	1.7701345464987313	1799.794595437951
2401.394411364802	790.8329642682972	1.772677119156254	1800.794595437951
2405.978843351251	792.6069137168179	1.7752221952306435	1801.794595437951
2410.5703346756513	794.3834094936685	1.7777697760352693	1802.794595437951
2415.168892715859	796.1624541042361	1.780319862883502	1803.794595437951
2419.7745248536667	797.9440500552212	1.782872457088712	1804.794595437951
2424.3872384748074	799.7281998546372	1.7854275599642686	1805.794595437951
2429.007040968955	801.5149060118109	1.7879851728235414	1806.794595437951
2433.6339397297243	803.3041710373834	1.7905452969799018	1807.794595437951
2438.2679421546695	805.0959974433075	1.7931079337467188	1808.794595437951
2442.909055645284	806.8903877428514	1.7956730844373632	1809.794595437951
2447.557287607003	808.6873444505947	1.7982407503652043	1810.794595437951
2452.2126454492	810.486870082432	1.8008109328436124	1811.794595437951
2456.8751365851904	812.2889671555697	1.8033836331859576	1812.794595437951
2461.5447684322294	814.0936381885297	1.8059588527056103	1813.794595437951
2466.2215484115095	815.9008857011448	1.8085365927159398	1814.794595437951
2470.905483948168	817.7107122145628	1.8111168545303165	1815.794595437951
2475.5965824712785	819.5231202512447	1.8136996394621105	1816.794595437951
2480.294851413857	821.3381123349639	1.8162849488246922	1817.794595437951
2485.0002982128576	823.1556909908086	1.8188727839314307	1818.794595437951
2489.7129303091774	824.9758587451792	1.821463146095697	1819.794595437951
2494.4327551476504	826.7986181257903	1.8240560366308607	1820.794595437951
2499.1597801770513	828.6239716616691	1.8266514568502914	1821.794595437951
2503.894012850098	830.4519218831567	1.82924940806736	1822.794595437951
2508.6354606234454	832.2824713219075	1.831849891595436	1823.794595437951
2513.3841309576883	834.115622510889	1.8344529087478896	1824.794595437951
2518.1400313173654	835.9513779843827	1.837058460838091	1825.794595437951
2522.9031691709497	837.7897402779823	1.83966654917941	1826.794595437951
2527.6735519908593	839.6307119285964	1.842277175085217	1827.794595437951
2532.451187253449	841.4742954744452	1.844890339868881	1828.794595437951
2537.236082439017	843.3204934550646	1.8475060448437735	1829.794595437951
2542.028245031798	845.1693084113009	1.8501242913232632	1830.794595437951
2546.827682519972	847.0207428853168	1.8527450806207215	1831.794595437951
2551.6344023956513	848.8747994205862	1.8553684140495168	1832.794595437951
2556.448412154896	850.7314805618976	1.8579942929230207	1833.794595437951
2561.269719297701	852.5907888553519	1.8606227185546027	1834.794595437951
2566.098331328005	854.4527268483639	1.8632536922576324	1835.794595437951
2570.9342557536847	856.3172970896621	1.8658872153454804	1836.794595437951
2575.7775000865568	858.1845021292875	1.8685232891315162	1837.794595437951
2580.62807184238	860.0543445185955	1.8711619149291103	1838.794595437951
2585.4859785408507	861.9268268102539	1.8738030940516328	1839.794595437951
2590.3512277056066	863.8019515582448	1.8764468278124533	1840.794595437951
2595.2238268642263	865.6797213178628	1.879093117524942	1841.794595437951
2600.1037835482266	867.5601386457165	1.8817419645024693	1842.794595437951
2604.9911052930665	869.4432060997271	1.8843933700584048	1843.794595437951
2609.885799638144	871.3289262391306	1.887047335506119	1844.794595437951
2614.7878741267964	873.2173016244745	1.8897038621589815	1845.794595437951
2619.697336306302	875.1083348176213	1.8923629513303621	1846.794595437951
2624.61419372788	877.002028381746	1.8950246043336314	1847.794595437951
2629.538453946689	878.8983848813369	1.8976888224821595	1848.794595437951
2634.4701245218266	880.7974068821966	1.900355607089316	1849.794595437951
2639.4092130163326	882.6990969514396	1.9030249594684712	1850.794595437951
2644.355726997186	884.6034576574953	1.9056968809329953	1851.794595437951
2649.309674035305	886.5104915701049	1.9083713727962577	1852.794595437951
2654.2710617055473	888.420201260325	1.9110484363716287	1853.794595437951
2659.2398975867154	890.3325893005236	1.913728072972479	1854.794595437951
2664.2161892615463	892.247658264383	1.916410283912178	1855.794595437951
2669.1999443167206	894.1654107268987	1.9190950705040961	1856.794595437951
2674.191170342857	896.0858492643796	1.9217824340616028	1857.794595437951
2679.1898749345146	898.0089764544484	1.9244723758980686	1858.794595437951
2684.196065690194	899.93479487604	1.9271648973268631	1859.794595437951
2689.209750212336	901.8633071094039	1.9298599996613572	1860.794595437951
2694.2309361073185	903.7945157361022	1.9325576842149201	1861.794595437951
2699.2596309854634	905.7284233390112	1.9352579523009223	1862.794595437951
2704.2958424610288	907.6650325023195	1.9379608052327335	1863.794595437951
2709.3395781522167	909.6043458115297	1.940666244323724	1864.794595437951
2714.3908456811682	911.5463658534578	1.9433742708872639	1865.794595437951
2719.449652673961	913.4910952162329	1.9460848862367226	1866.794595437951
2724.5160067606175	915.4385364892976	1.9487980916854708	1867.794595437951
2729.589915575099	917.388692263408	1.9515138885468786	1868.794595437951
2734.6713867553053	919.3415651306335	1.9542322781343158	1869.794595437951
2739.7604279430766	921.2971576843564	1.956953261761152	1870.794595437951
2744.8570467841964	923.2554725192732	1.9596768407407583	1871.794595437951
2749.961250928384	925.2165122313934	1.9624030163865036	1872.794595437951
2755.073048029301	927.1802794180395	1.9651317900117589	1873.794595437951
2760.1924457445493	929.1467766778479	1.967863162929894	1874.794595437951
2765.31945173567	931.116006610768	1.9705971364542783	1875.794595437951
2770.454073668144	933.0879718180629	1.9733337118982823	1876.794595437951
2775.5963192113945	935.0626749023088	1.976072890575276	1877.794595437951
2780.7461960387823	937.0401184673956	1.9788146737986299	1878.794595437951
2785.9037118276096	939.020305118526	1.9815590628817132	1879.794595437951
2791.0688742591187	941.0032374622167	1.9843060591378967	1880.794595437951
2796.241691018491	942.9889181062973	1.9870556638805499	1881.794595437951
2801.42216979485	944.9773496599112	1.989807878423043	1882.794595437951
2806.6103182812576	946.9685347335146	1.9925627040787464	1883.794595437951
2811.8061441747145	948.9624759388776	1.9953201421610292	1884.794595437951
2817.0096551761667	950.9591758890832	1.9980801939832626	1885.794595437951
2822.2208589904935	952.9586371985283	2.000842860858816	1886.794595437951
2827.439763326521	954.960862482923	2.00360814410106	1887.794595437951
2832.6663758970094	956.9658543592905	2.006376045023363	1888.794595437951
2837.900704418663	958.9736154459675	2.009146564939097	1889.794595437951
2843.142756612124	960.9841483626043	2.011919705161631	1890.794595437951
2848.3925402019768	962.9974557301643	2.0146954670043358	1891.794595437951
2853.650062916744	965.0135401709241	2.01747385178058	1892.794595437951
2858.9153324888894	967.0324043084744	2.0202548608037354	1893.794595437951
2864.188356654818	969.0540507677185	2.0230384953871714	1894.794595437951
2869.4691431548713	971.0784821748733	2.0258247568442576	1895.794595437951
2874.757699733334	973.1057011574693	2.028613646488364	1896.794595437951
2880.0540341384294	975.1357103443501	2.031405165632861	1897.794595437951
2885.358154122322	977.168512365673	2.0341993155911187	1898.794595437951
2890.670067441117	979.204109852908	2.036996097676507	1899.794595437951
2895.9897818548575	981.2425054388395	2.0397955132023964	1900.794595437951
2901.317305127528	983.2837017575641	2.0425975634821563	1901.794595437951
2906.652645027052	985.3277014444928	2.0454022498291566	1902.794595437951
2911.9958093252962	987.3745071363494	2.0482095735567682	1903.794595437951
2917.3468057980635	989.4241214711711	2.05101953597836	1904.794595437951
2922.7056422251	991.4765470883086	2.0538321384073033	1905.794595437951
2928.072326390089	993.5317866284258	2.056647382156967	1906.794595437951
2933.4468660806574	995.5898427335005	2.059465268540722	1907.794595437951
2938.829269088369	997.6507180468232	2.0622857988719376	1908.794595437951
2944.2195432087296	999.714415212998	2.0651089744639846	1909.794595437951
2949.617696241185	1001.7809368779424	2.0679347966302326	1910.794595437951
2955.02373598912	1003.8502856888875	2.070763266684052	1911.794595437951
2960.4376702598597	1005.9224642943775	2.0735943859388124	1912.794595437951
2965.85950686467	1007.99747534427	2.0764281557078834	1913.794595437951
2971.2892536187583	1010.0753214897361	2.0792645773046368	1914.794595437951
2976.726918341268	1012.1560053832595	2.0821036520424405	1915.794595437951
2982.172508855287	1014.239529678639	2.084945381234666	1916.794595437951
2987.6260329878405	1016.3258970309848	2.0877897661946823	1917.794595437951
2993.087498569896	1018.4151100967221	2.090636808235861	1918.794595437951
2998.5569134363577	1020.5071715335881	2.09348650867157	1919.794595437951
3004.034285426073	1022.6020840006345	2.096338868815181	1920.794595437951
3009.51962238183	1024.6998501582254	2.0991938899800635	1921.794595437951
3015.012932150353	1026.8004726680392	2.1020515734795877	1922.794595437951
3020.51422258231	1028.9039541930676	2.1049119206271234	1923.794595437951
3026.0235015323074	1031.010297397614	2.1077749327360404	1924.794595437951
3031.5407768588943	1033.1195049472979	2.11064061111971	1925.794595437951
3037.0660564245545	1035.2315795090494	2.1135089570915007	1926.794595437951
3042.5993480957154	1037.3465237511148	2.1163799719647827	1927.794595437951
3048.140659742748	1039.4643403430507	2.1192536570529272	1928.794595437951
3053.689999239957	1041.5850319557298	2.1221300136693033	1929.794595437951
3059.24737446559	1043.7086012613365	2.1250090431272812	1930.794595437951
3064.8127933018354	1045.8350509333695	2.1278907467402313	1931.794595437951
3070.3862636348213	1047.96438364664	2.1307751258215237	1932.794595437951
3075.9677933546145	1050.096602077273	2.1336621816845276	1933.794595437951
3081.557390355222	1052.2317089027074	2.1365519156426136	1934.794595437951
3087.1550625345944	1054.3697068016945	2.1394443290091516	1935.794595437951
3092.76081779462	1056.5105984542995	2.142339423097512	1936.794595437951
3098.3746640411246	1058.654386541901	2.1452371992210644	1937.794595437951
3103.996609183878	1060.8010737471914	2.148137658693179	1938.794595437951
3109.6266611365895	1062.9506627541748	2.1510408028272257	1939.794595437951
3115.2648278169067	1065.1031562481708	2.153946632936575	1940.794595437951
3120.9111171464183	1067.258556915811	2.1568551503345965	1941.794595437951
3126.5655370506543	1069.4168674450407	2.1597663563346607	1942.794595437951
3132.228095459082	1071.5780905251188	2.162680252250137	1943.794595437951
3137.898800305112	1073.7422288466173	2.1655968393943956	1944.794595437951
3143.5776595260927	1075.9092851014216	2.168516119080807	1945.794595437951
3149.2646810633146	1078.0792619827305	2.171438092622741	1946.794595437951
3154.959872862005	1080.2521621850567	2.174362761333567	1947.794595437951
3160.663242871335	1082.427988404225	2.177290126526656	1948.794595437951
3166.374799044415	1084.606743337375	2.1802201895153783	1949.794595437951
3172.0945493382915	1086.7884296829588	2.1831529516131023	1950.794595437951
3177.8225017139584	1088.973050140742	2.1860884141331995	1951.794595437951
3183.5586641363425	1091.160607411804	2.1890265783890395	1952.794595437951
3189.303044574316	1093.3511041985366	2.1919674456939924	1953.794595437951
3195.0556510006872	1095.544543204646	2.1949110173614277	1954.794595437951
3200.8164913922087	1097.7409271351512	2.197857294704716	1955.794595437951
3206.5855737295688	1099.9402586963852	2.2008062790372276	1956.794595437951
3212.362905997399	1102.1425405959935	2.203757971672332	1957.794595437951
3218.148496184271	1104.3477755429353	2.2067123739234	1958.794595437951
3223.9423522826933	1106.5559662474832	2.2096694871038	1959.794595437951
3229.744482289119	1108.7671154212237	2.2126293125269036	1960.794595437951
3235.5548942039354	1110.9812257770557	2.21559185150608	1961.794595437951
3241.373596031479	1113.1983000291923	2.2185571053547	1962.794595437951
3247.2005957800166	1115.4183408931597	2.2215250753861335	1963.794595437951
3253.0359014617607	1117.6413510857967	2.2244957629137496	1964.794595437951
3258.8795210928633	1119.8673333252568	2.2274691692509196	1965.794595437951
3264.7314626934162	1122.096290331006	2.2304452957110126	1966.794595437951
3270.5917342874504	1124.3282248238245	2.233424143607399	1967.794595437951
3276.460343902937	1126.563139525804	2.236405714253449	1968.794595437951
3282.337299571789	1128.8010371603523	2.2393900089625327	1969.794595437951
3288.2226093298586	1131.041920452188	2.2423770290480194	1970.794595437951
3294.1162812169364	1133.2857921273448	2.24536677582328	1971.794595437951
3300.018323276756	1135.5326549131692	2.248359250601684	1972.794595437951
3305.9287435569877	1137.7825115383205	2.251354454696602	1973.794595437951
3311.8475501092457	1140.0353647327722	2.254352389421403	1974.794595437951
3317.774750989083	1142.2912172278109	2.257353056089458	1975.794595437951
3323.710354255991	1144.550071756037	2.2603564560141374	1976.794595437951
3329.6543679734023	1146.8119310513625	2.2633625905088097	1977.794595437951
3335.60680020869	1149.0767978490153	2.2663714608868464	1978.794595437951
3341.5676590331664	1151.344674885535	2.2693830684616163	1979.794595437951
3347.536952522087	1153.6155648987751	2.272397414546491	1980.794595437951
3353.5146887546425	1155.8894706279025	2.275414500454839	1981.794595437951
3359.5008758139675	1158.1663948133971	2.2784343275000314	1982.794595437951
3365.4955217871357	1160.446340197053	2.281456896995438	1983.794595437951
3371.4986347651575	1162.729309521976	2.2844822102544278	1984.794595437951
3377.5102228429896	1165.0153055325873	2.2875102685903723	1985.794595437951
3383.530294119526	1167.3043309746201	2.290541073316641	1986.794595437951
3389.558856697599	1169.5963885951217	2.293574625746604	1987.794595437951
3395.5959186839823	1171.8914811424524	2.2966109271936306	1988.794595437951
3401.6414881893916	1174.189611366286	2.2996499789710922	1989.794595437951
3407.69557332848	1176.490782017609	2.302691782392358	1990.794595437951
3413.7581822198413	1178.794995848723	2.305736338770798	1991.794595437951
3419.829322986011	1181.102255613241	2.308783649419783	1992.794595437951
3425.9090037534634	1183.4125640660905	2.3118337156526816	1993.794595437951
3431.9972326526126	1185.725923963512	2.314886538782865	1994.794595437951
3438.094017817812	1188.0423380630596	2.3179421201237025	1995.794595437951
3444.19936738736	1190.3618091236008	2.3210004609885653	1996.794595437951
3450.313289503488	1192.684339905316	2.3240615626908223	1997.794595437951
3456.4357923123725	1195.0099331696995	2.327125426543844	1998.794595437951
3462.5668839641285	1197.3385916795582	2.3301920538610004	1999.794595437951
3468.7065726128126	1199.670318199014	2.3332614459556615	2000.794595437951
3474.854866416418	1202.0051154935	2.3363336041411973	2001.794595437951
3481.0117735368813	1204.3429863297642	2.339408529730978	2002.794595437951
3487.1773021400786	1206.6839334758681	2.3424862240383737	2003.794595437951
3493.3514603958247	1209.0279597011847	2.345566688376754	2004.794595437951
3499.5342564778757	1211.3750677764028	2.34864992405949	2005.794595437951
3505.725698563927	1213.725260473523	2.35173593239995	2006.794595437951
3511.9257948356153	1216.0785405658598	2.3548247147115053	2007.794595437951
3518.1345534785173	1218.4349108280408	2.3579162723075258	2008.794595437951
3524.351982682148	1220.7943740360074	2.3610106065013814	2009.794595437951
3530.578090639964	1223.156932967014	2.364107718606442	2010.794595437951
3536.812885549363	1225.5225903996284	2.367207609936078	2011.794595437951
3543.0563756116794	1227.8913491137323	2.370310281803659	2012.794595437951
3549.308569032193	1230.2632118905194	2.373415735522556	2013.794595437951
3555.569474020117	1232.6381815124987	2.376523972406137	2014.794595437951
3561.8390987886105	1235.0162607634911	2.379634993767774	2015.794595437951
3568.11745155477	1237.3974524286316	2.3827488009208366	2016.794595437951
3574.4045405396328	1239.7817592943675	2.385865395178694	2017.794595437951
3580.700373968177	1242.1691841484617	2.3889847778547177	2018.794595437951
3587.0049600693183	1244.5597297799877	2.3921069502622765	2019.794595437951
3593.3183070759146	1246.9533989793345	2.3952319137147406	2020.794595437951
3599.6404232247637	1249.3501945382036	2.3983596695254805	2021.794595437951
3605.9713167566038	1251.7501192496093	2.401490219007866	2022.794595437951
3612.310995916112	1254.153175907881	2.4046235634752673	2023.794595437951
3618.6594689519065	1256.5593673086591	2.407759704241054	2024.794595437951
3625.0167441165454	1258.9686962489	2.4108986426185965	2025.794595437951
3631.3828296665256	1261.3811655268714	2.4140403799212646	2026.794595437951
3637.757733862288	1263.7967779421554	2.4171849174624294	2027.794595437951
3644.141464968209	1266.2155362956469	2.420332256555459	2028.794595437951
3650.5340312526073	1268.6374433895548	2.423482398513725	2029.794595437951
3656.935440987742	1271.0625020274006	2.426635344650597	2030.794595437951
3663.3457024498102	1273.4907150140198	2.4297910962794447	2031.794595437951
3669.7648239189525	1275.9220851555615	2.4329496547136387	2032.794595437951
3676.1928136792476	1278.3566152594867	2.436111021266549	2033.794595437951