9.742712e-8	7.78799e-13	1.047129e-10	930.428808666363
9.969651e-8	8.092866e-13	1.0715190000000001e-10	930.4297850677403
1.020188e-7	8.409501e-13	1.096478e-10	930.4303501766565
1.043951e-7	8.73834e-13	1.1220180000000002e-10	930.4304728979391
1.068268e-7	9.079846e-13	1.148154e-10	930.4301338026083
1.093151e-7	9.434498e-13	1.174898e-10	930.4300752048265
1.118614e-7	9.802794e-13	1.202264e-10	930.4310890070733
1.14467e-7	1.018525e-12	1.230269e-10	930.4308124889759
1.171333e-7	1.05824e-12	1.258925e-10	930.4315844073315
1.198618e-7	1.09948e-12	1.28825e-10	930.4319773335923
1.226537e-7	1.142303e-12	1.318257e-10	930.4319438698221
1.255107e-7	1.186768e-12	1.348963e-10	930.4323896800727
1.284343e-7	1.232937e-12	1.380384e-10	930.4333644623524
1.314259e-7	1.280874e-12	1.412538e-10	930.4328865772108
1.344873e-7	1.330647e-12	1.4454399999999998e-10	930.4338516091987
1.376199e-7	1.382322e-12	1.479108e-10	930.4343044726957
1.408255e-7	1.435974e-12	1.513561e-10	930.4344917317505
1.441058e-7	1.491674e-12	1.548817e-10	930.4345941063405
1.474625e-7	1.549501e-12	1.584893e-10	930.435363781656
1.508974e-7	1.609534e-12	1.62181e-10	930.4358065001448
1.544122e-7	1.671855e-12	1.6595870000000001e-10	930.4355351964074
1.58009e-7	1.736551e-12	1.698244e-10	930.4360065514733
1.616896e-7	1.80371e-12	1.737801e-10	930.43682049901
1.654558e-7	1.873423e-12	1.7782789999999997e-10	930.4370878979058
1.693098e-7	1.945787e-12	1.8197010000000002e-10	930.4371750468895
1.732536e-7	2.0209e-12	1.862087e-10	930.4378415186832
1.772893e-7	2.098865e-12	1.905461e-10	930.4383499058758
1.814189e-7	2.179788e-12	1.9498450000000002e-10	930.4384696629733
1.856447e-7	2.263778e-12	1.9952619999999999e-10	930.4390289495815
1.89969e-7	2.350951e-12	2.041738e-10	930.4394146114731
1.94394e-7	2.441423e-12	2.089296e-10	930.4399253289146
1.989221e-7	2.535318e-12	2.1379620000000003e-10	930.4404630110357
2.035557e-7	2.632763e-12	2.187762e-10	930.4409381047847
2.082971e-7	2.733888e-12	2.238721e-10	930.441238046188
2.131491e-7	2.838831e-12	2.290868e-10	930.4418186949225
2.18114e-7	2.947732e-12	2.344229e-10	930.4421527589667
2.231946e-7	3.060738e-12	2.398833e-10	930.4426808285529
2.2839360000000003e-7	3.178e-12	2.454709e-10	930.4433967529349
2.337136e-7	3.299676e-12	2.511886e-10	930.443896243699
2.391576e-7	3.425927e-12	2.570396e-10	930.4442814531302
2.447283e-7	3.556923e-12	2.630268e-10	930.4445665726839
2.504289e-7	3.692838e-12	2.691535e-10	930.4452397535234
2.562622e-7	3.833852e-12	2.754229e-10	930.445630526728
2.622314e-7	3.980154e-12	2.818383e-10	930.4462174019641
2.683397e-7	4.131936e-12	2.884032e-10	930.4467909371325
2.745902e-7	4.289401e-12	2.951209e-10	930.4474518781965
2.809863e-7	4.452756e-12	3.019952e-10	930.4477447191213
2.875314e-7	4.622216e-12	3.090295e-10	930.448459503057
2.94229e-7	4.798006e-12	3.162278e-10	930.4488663109314
3.010826e-7	4.980355e-12	3.2359370000000006e-10	930.4494505146422
3.080958e-7	5.169504e-12	3.3113109999999996e-10	930.4501132753766
3.152724e-7	5.3657e-12	3.3884420000000004e-10	930.4505306568625
3.226162e-7	5.5692e-12	3.4673690000000003e-10	930.4512130090568
3.30131e-7	5.780271e-12	3.548134e-10	930.4518382648456
3.378209e-7	5.999186e-12	3.6307810000000007e-10	930.4524265881088
3.456899e-7	6.226231e-12	3.715352e-10	930.4532282028728
3.537422e-7	6.461702e-12	3.801894e-10	930.4537730457502
3.619821e-7	6.705902e-12	3.890451e-10	930.4546077100059
3.704139e-7	6.95915e-12	3.9810719999999997e-10	930.4550612247153
3.790421e-7	7.221772e-12	4.0738029999999993e-10	930.4556989427324
3.878713e-7	7.494107e-12	4.168694e-10	930.456382999088
3.969062e-7	7.776505e-12	4.265795e-10	930.4572219363565
4.061515e-7	8.069331e-12	4.365158e-10	930.4578879641928
4.156121e-7	8.372959e-12	4.466836e-10	930.4583220852522
4.252932e-7	8.68778e-12	4.570882e-10	930.4591275381862
4.351997e-7	9.014195e-12	4.677351000000001e-10	930.459814102042
4.453371e-7	9.352621e-12	4.786301e-10	930.4606054257767
4.557105e-7	9.703489e-12	4.897788e-10	930.4612684113728
4.6632559999999994e-7	1.006725e-11	5.011871999999999e-10	930.4620454193562
4.77188e-7	1.044435e-11	5.128614e-10	930.4627806849962
4.883034e-7	1.083529e-11	5.248075e-10	930.4635228917269
4.996777e-7	1.124055e-11	5.370318e-10	930.4643422419305
5.113169e-7	1.166065e-11	5.495409e-10	930.4649765831806
5.232273e-7	1.209611e-11	5.623413e-10	930.465886304278
5.354151e-7	1.254748e-11	5.754399000000001e-10	930.4666698989764
5.478868e-7	1.301533e-11	5.888436999999999e-10	930.4673130238125
5.606491e-7	1.350025e-11	6.025595999999999e-10	930.4682893609197
5.737086e-7	1.400285e-11	6.16595e-10	930.469113194236
5.870723e-7	1.452374e-11	6.309573e-10	930.4699759238857
6.007473e-7	1.506358e-11	6.456542e-10	930.4707745725187
6.147409e-7	1.562305e-11	6.606934000000001e-10	930.4717181222031
6.290604e-7	1.620283e-11	6.760829999999999e-10	930.4724461789453
6.437135e-7	1.680365e-11	6.918309999999999e-10	930.4733434176845
6.587079e-7	1.742624e-11	7.079458e-10	930.4742343834796
6.740516e-7	1.807139e-11	7.244359999999999e-10	930.4751163525833
6.897527e-7	1.873987e-11	7.413102e-10	930.4761216964235
7.058195e-7	1.943253e-11	7.585775999999999e-10	930.4768985137447
7.222606e-7	2.01502e-11	7.762471000000001e-10	930.4778725743387
7.390847e-7	2.089377e-11	7.943281999999999e-10	930.4788546724138
7.563007e-7	2.166414e-11	8.128305e-10	930.4798037721271
7.739177e-7	2.246226e-11	8.317638000000001e-10	930.4806992802523
7.919451e-7	2.32891e-11	8.51138e-10	930.4817657066186
8.103925e-7	2.414567e-11	8.709636e-10	930.482795917074
8.292695e-7	2.5033e-11	8.912509e-10	930.4838098901218
8.485863e-7	2.595218e-11	9.120107999999999e-10	930.4848716484498
8.68353e-7	2.690431e-11	9.332542999999998e-10	930.4858325431771
8.885802e-7	2.789054e-11	9.549926e-10	930.486886013567
9.092785e-7	2.891207e-11	9.772372e-10	930.4879225535009
9.304590000000001e-7	2.997011e-11	1.0000000000000003e-9	930.48897011
9.521329e-7	3.106595e-11	1.023293e-9	930.4900609600573
9.743117e-7	3.220089e-11	1.047129e-9	930.4907999778443
9.970071e-7	3.33763e-11	1.071519e-9	930.4925776397806
1.020231e-6	3.459357e-11	1.096478e-9	930.4934468087824
1.043996e-6	3.585415e-11	1.122018e-9	930.4947462072801
1.068315e-6	3.715955e-11	1.148154e-9	930.4955254695799
1.0932e-6	3.851132e-11	1.174898e-9	930.4965293327591
1.118665e-6	3.991105e-11	1.202264e-9	930.4985519403393
1.144723e-6	4.13604e-11	1.230269e-9	930.4992326068526
1.171388e-6	4.286109e-11	1.2589250000000002e-9	930.5009123577655
1.198674e-6	4.441488e-11	1.28825e-9	930.5013893887057
1.226596e-6	4.60236e-11	1.3182569999999998e-9	930.5029471491522
1.255168e-6	4.768913e-11	1.348963e-9	930.5041644062884
1.284406e-6	4.941343e-11	1.380384e-9	930.5058689683452
1.314324e-6	5.119851e-11	1.412538e-9	930.5060809054341
1.34494e-6	5.304646e-11	1.4454400000000001e-9	930.5076976284039
1.376269e-6	5.495944e-11	1.479108e-9	930.5094417987057
1.408328e-6	5.693966e-11	1.513561e-9	930.51085464015
1.441133e-6	5.898942e-11	1.548817e-9	930.5114738668287
1.474703e-6	6.11111e-11	1.584893e-9	930.5133602710088
1.509055e-6	6.330715e-11	1.62181e-9	930.5148612661162
1.544207e-6	6.558011e-11	1.659587e-9	930.5161947580934
1.580177e-6	6.79326e-11	1.6982440000000002e-9	930.5170120430279
1.616986e-6	7.036732e-11	1.7378010000000003e-9	930.5187229838168
1.654652e-6	7.288706e-11	1.778279e-9	930.520400375869
1.693196e-6	7.549472e-11	1.819701e-9	930.5218245854677
1.732637e-6	7.819327e-11	1.8620869999999998e-9	930.523221133062
1.772997e-6	8.098581e-11	1.905461e-9	930.5244168261643
1.814298e-6	8.38755e-11	1.949845e-9	930.5262087499264
1.85656e-6	8.686564e-11	1.995262e-9	930.5278533044784
1.8998069999999998e-6	8.995962e-11	2.041738e-9	930.5292645873271
1.944061e-6	9.316096e-11	2.089296e-9	930.5307438295005
1.989346e-6	9.647326e-11	2.1379620000000006e-9	930.5321952682041
2.035687e-6	9.990029e-11	2.187762e-9	930.5339887474048
2.083106e-6	1.034459e-10	2.238721e-9	930.5355360940467
2.13163e-6	1.071141e-10	2.290868e-9	930.536859434939
2.181285e-6	1.109089e-10	2.344229e-9	930.5387438257952
2.232096e-6	1.148347e-10	2.398833e-9	930.5403230237371
2.284091e-6	1.188959e-10	2.454709e-9	930.5420299921495
2.337297e-6	1.230969e-10	2.511886e-9	930.5438610271327
2.391743e-6	1.274425e-10	2.5703959999999997e-9	930.545504467016
2.447457e-6	1.319375e-10	2.630268e-9	930.5473577217227
2.504468e-6	1.365869e-10	2.691535e-9	930.5487712030496
2.562808e-6	1.413959e-10	2.754229e-9	930.5505809066713
2.622507e-6	1.463698e-10	2.818383e-9	930.5525082290093
2.683597e-6	1.515141e-10	2.8840319999999994e-9	930.5543468657769
2.746109e-6	1.568345e-10	2.9512089999999995e-9	930.5562006960538
2.810078e-6	1.623369e-10	3.019952e-9	930.5579482389123
2.875537e-6	1.680272e-10	3.0902949999999996e-9	930.5600362424946
2.942521e-6	1.739118e-10	3.162278e-9	930.5617380255626
3.011065e-6	1.799971e-10	3.235937e-9	930.5635422135845
3.081206e-6	1.862899e-10	3.311311e-9	930.5656550834398
3.152981e-6	1.927969e-10	3.388442e-9	930.5674398145223
3.226428e-6	1.995252e-10	3.467369e-9	930.5694101781495
3.301586e-6	2.064823e-10	3.548134e-9	930.5715292319851
3.378494e-6	2.136757e-10	3.630781e-9	930.5732501354393
3.457195e-6	2.211132e-10	3.7153519999999994e-9	930.575652912564
3.537728e-6	2.288028e-10	3.801894e-9	930.5774445052913
3.620138e-6	2.36753e-10	3.890451e-9	930.579707339843
3.704468e-6	2.449722e-10	3.981072e-9	930.5817559190086
3.790762e-6	2.534695e-10	4.073803e-9	930.5838965458075
3.879066e-6	2.622538e-10	4.168694e-9	930.5859949902775
3.969427e-6	2.713348e-10	4.265795000000001e-9	930.5881634724594
4.061893e-6	2.807222e-10	4.365158e-9	930.5903067426196
4.156514e-6	2.90426e-10	4.466836e-9	930.5925773858721
4.253338e-6	3.004567e-10	4.570882e-9	930.5946766291495
4.352418e-6	3.108249e-10	4.677351e-9	930.5970034962097
4.453806e-6	3.215419e-10	4.786301e-9	930.599129035136
4.538835e-6	3.306119e-10	4.877671e-9	930.6010208355586
4.675023e-6	3.30612e-10	5.024015000107458e-9	930.601045558184
4.772363e-6	3.407815e-10	5.128614e-9	930.6030404120879
4.883534e-6	3.525066e-10	5.248075000000001e-9	930.6053184453347
4.997294e-6	3.646249e-10	5.370318e-9	930.6075775959636
5.113705e-6	3.771492e-10	5.4954089999999994e-9	930.6099235197962
5.232827e-6	3.900928e-10	5.623413e-9	930.6122621262211
5.354725e-6	4.034695e-10	5.754399e-9	930.6147296181581
5.479462e-6	4.172934e-10	5.888437e-9	930.6169520706429
5.607105e-6	4.31579e-10	6.025596000000001e-9	930.6194074411893
5.737721e-6	4.463415e-10	6.16595e-9	930.6217762875144
5.871381e-6	4.615965e-10	6.309573e-9	930.6244014452324
6.008154e-6	4.773598e-10	6.456542e-9	930.6268525473853
6.148113e-6	4.936482e-10	6.606933999999999e-9	930.6293430810722
6.291332e-6	5.104787e-10	6.76083e-9	930.631664854759
6.437888e-6	5.278688e-10	6.918310000000001e-9	930.634196617382
6.587859e-6	5.458369e-10	7.079458e-9	930.6368986015597
6.741322e-6	5.644017e-10	7.24436e-9	930.6393389754237
6.898361e-6	5.835826e-10	7.413102e-9	930.642068947655
7.059059e-6	6.033995e-10	7.585776e-9	930.6447223725035
7.2235e-6	6.238732e-10	7.762471e-9	930.6474540387977
7.391771e-6	6.450248e-10	7.943282e-9	930.6500795011433
7.563963e-6	6.668763e-10	8.128305e-9	930.6528084637573
7.740166e-6	6.894505e-10	8.317637999999998e-9	930.6554878320024
7.920474e-6	7.127707e-10	8.51138e-9	930.6583386830338
8.104983e-6	7.36861e-10	8.709636e-9	930.6611505922866
8.293789e-6	7.617464e-10	8.912509e-9	930.6639405805929
8.486994e-6	7.874525e-10	9.120108e-9	930.6667697904454
8.684701e-6	8.140058e-10	9.332543e-9	930.669701259346
8.887013e-6	8.414337e-10	9.549926e-9	930.6725972222193
9.094038e-6	8.697645e-10	9.772371999999998e-9	930.6755580426126
9.305886e-6	8.990271e-10	1.e-8	930.67850271
9.522669e-6	9.292518e-10	1.023293e-8	930.6814618882372
9.744502e-6	9.604694e-10	1.047129e-8	930.6840388720016
9.971504e-6	9.927119e-10	1.071519e-8	930.6878097261924
0.00001020379	1.026012e-9	1.0964780000000002e-8	930.6904481439664
0.00001044149	1.060405e-9	1.1220179999999998e-8	930.6936613316362
0.00001068473	1.095924e-9	1.148154e-8	930.6962240256969
0.00001093364	1.132607e-9	1.174898e-8	930.6997379346973
0.00001118834	1.170491e-9	1.202264e-8	930.7032807270284
0.00001144898	1.209614e-9	1.230269e-8	930.7061800305462
0.00001171569	1.250016e-9	1.258925e-8	930.7099323629286
0.00001198861	1.291738e-9	1.28825e-8	930.7123413933631
0.00001226789	1.334822e-9	1.318257e-8	930.7156967116427
0.00001255368	1.379313e-9	1.3489630000000002e-8	930.7193238806401
0.00001284613	1.425255e-9	1.3803840000000001e-8	930.7232809855808
0.00001314539	1.472695e-9	1.4125379999999998e-8	930.7263022304534
0.00001345162	1.52168e-9	1.44544e-8	930.729859419969
0.00001376498	1.57226e-9	1.479108e-8	930.733405539014
0.00001408565	1.624487e-9	1.513561e-8	930.7371481559052
0.00001441378	1.678413e-9	1.548817e-8	930.7399397733883
0.00001474956	1.734091e-9	1.584893e-8	930.7438477550221
0.00001509316	1.791579e-9	1.6218099999999996e-8	930.7472255689632
0.00001544477	1.850934e-9	1.6595870000000003e-8	930.7508997117957
0.00001580457	1.912216e-9	1.6982440000000004e-8	930.7544861633544
0.00001617275	1.975486e-9	1.737801e-8	930.7582102899008
0.00001654951	2.040808e-9	1.778279e-8	930.7623161494905
0.00001693504	2.108247e-9	1.819701e-8	930.7654525111543
0.00001732956	2.17787e-9	1.8620870000000003e-8	930.7695005657631
0.00001773327	2.249748e-9	1.9054609999999996e-8	930.7731697473735
0.00001814639	2.323952e-9	1.949845e-8	930.7772644492253
0.00001856912	2.400556e-9	1.995262e-8	930.7810481029559
0.00001900171	2.479638e-9	2.041738e-8	930.7849311713843
0.00001944438	2.561274e-9	2.089296e-8	930.7891880327153
0.00001989735	2.645548e-9	2.137962e-8	930.7927618919325
0.00002036089	2.732543e-9	2.187762e-8	930.7969762250191
0.00002083522	2.822346e-9	2.238721e-8	930.801218463578
0.0000213206	2.915045e-9	2.290868e-8	930.8050505310651
0.00002181729	3.010733e-9	2.344229e-8	930.8092653490764
0.00002232555	3.109505e-9	2.398833e-8	930.8134207341653
0.00002284565	3.211459e-9	2.4547090000000004e-8	930.8175208955521
0.00002337787	3.316696e-9	2.5118860000000003e-8	930.8219678759307
0.00002392249	3.42532e-9	2.5703959999999997e-8	930.8260408123884
0.0000244798	3.53744e-9	2.6302680000000005e-8	930.8305252544607
0.00002505009	3.653165e-9	2.691535e-8	930.8347528454952
0.00002563367	3.77261e-9	2.754229e-8	930.8391789498985
0.00002623084	3.895894e-9	2.8183830000000005e-8	930.8435331181034
0.00002684193	4.023137e-9	2.8840320000000005e-8	930.8479634414597
0.00002746725	4.154466e-9	2.9512090000000002e-8	930.852557917789
0.00002810714	4.29001e-9	3.019952e-8	930.8568483869942
0.00002876195	4.429903e-9	3.090295e-8	930.8619372260578
0.000029432	4.574283e-9	3.162278e-8	930.8661124354026
0.00003011767	4.723291e-9	3.235937e-8	930.8708201364859
0.00003081931	4.877074e-9	3.311311e-8	930.8756282330471
0.0000315373	5.035783e-9	3.388442e-8	930.8802034386305
0.00003227202	5.199575e-9	3.4673690000000004e-8	930.8850478561699
0.00003302385	5.36861e-9	3.548134e-8	930.8898313874276
0.00003379321	5.543054e-9	3.630781000000001e-8	930.8948420188383
0.00003458048	5.723078e-9	3.715352e-8	930.8997661056071
0.0000353861	5.908859e-9	3.801894e-8	930.9046716978434
0.00003621049	6.100579e-9	3.890451e-8	930.9098245678972
0.00003705408	6.298425e-9	3.981072e-8	930.9145482674014
0.00003791733	6.502591e-9	4.073803e-8	930.9196490601042
0.0000388007	6.713277e-9	4.168694e-8	930.9249677956693
0.00003970464	6.930689e-9	4.265795e-8	930.9301241386424
0.00004062964	7.155039e-9	4.3651580000000004e-8	930.9352614269632
0.0000415762	7.386547e-9	4.466836000000001e-8	930.9405258442439
0.00004254481	7.625437e-9	4.570882e-8	930.9458313953413
0.00004353598	7.871944e-9	4.677351000000001e-8	930.9511290471894
0.00004455025	8.126309e-9	4.786301e-8	930.9564172625165
0.00004558815	8.388777e-9	4.897787999999999e-8	930.9618704811234
0.00004665024	8.659607e-9	5.011872e-8	930.9675029011116
0.00004773706	8.93906e-9	5.1286140000000005e-8	930.9727552122268
0.00004884922	9.22741e-9	5.248074999999999e-8	930.9784522896492
0.00004998728	9.524937e-9	5.370317999999999e-8	930.984067181869
0.00005115186	9.831929e-9	5.495409e-8	930.9897030230143
0.00005234357	1.014869e-8	5.623413e-8	930.9954415583561
0.00005356305	1.047552e-8	5.7543990000000006e-8	931.0012308844068
0.00005481094	1.081274e-8	5.888436999999999e-8	931.0068654890932
0.00005608791	1.116067e-8	6.025596e-8	931.0128105170013
0.000057394629999999996	1.151966e-8	6.16595e-8	931.0187345015772
0.00005873179	1.189006e-8	6.309573e-8	931.0246519059214
0.00006010011	1.227221e-8	6.456542e-8	931.0306075605178
0.00006150031	1.26665e-8	6.606934e-8	931.0366427150628
0.00006293314	1.30733e-8	6.76083e-8	931.0426870665287
0.00006439935	1.349302e-8	6.91831e-8	931.0488113426546
0.00006589972	1.392604e-8	7.079457999999999e-8	931.0549768075465
0.00006743505	1.43728e-8	7.24436e-8	931.0611675841619
0.00006900616	1.483373e-8	7.413102e-8	931.0676384865607
0.00007061387	1.530926e-8	7.585776e-8	931.0738843329938
0.00007225904	1.579987e-8	7.762470999999999e-8	931.0803205577195
0.00007394254	1.630602e-8	7.943281999999999e-8	931.0867475182173
0.00007566527	1.682821e-8	8.128305e-8	931.0932378890802
0.00007742814	1.736693e-8	8.317638000000002e-8	931.0997536800711
0.00007923208	1.792272e-8	8.51138e-8	931.1063860384567
0.00008107806	1.849609e-8	8.709636e-8	931.1130349190254
0.00008296705	1.908762e-8	8.912509e-8	931.1198184484302
0.00008490005	1.969786e-8	9.120108000000001e-8	931.1265596854773
0.00008687809	2.03274e-8	9.332543e-8	931.1333191821351
0.00008890223	2.097686e-8	9.549926000000002e-8	931.1402712439865
0.00009097352	2.164686e-8	9.772372e-8	931.1471857600181
0.00009309308	2.233804e-8	9.999999999999998e-8	931.1541804000001
0.00009526202	2.305107e-8	1.0232929999999999e-7	931.1611734859908
0.00009748151	2.378664e-8	1.0471290000000001e-7	931.1679519906335
0.0000997527	2.454544e-8	1.071519e-7	931.1756995442918
0.0001020768	2.532822e-8	1.0964780000000002e-7	931.1826431538069
0.0001044551	2.613572e-8	1.1220180000000002e-7	931.1903705644651
0.0001068888	2.696873e-8	1.148154e-7	931.1971105792429
0.0001093792	2.782803e-8	1.174898e-7	931.2044792824568
0.0001119276	2.871447e-8	1.202264e-7	931.2123998556058
0.0001145354	2.962888e-8	1.230269e-7	931.2193421113595
0.000117204	3.057214e-8	1.2589249999999996e-7	931.2276119705305
0.0001199348	3.154517e-8	1.28825e-7	931.2349712400544
0.0001227291	3.254889e-8	1.318257e-7	931.242154526773
0.0001255886	3.358427e-8	1.348963e-7	931.2500362871333
0.0001285148	3.465231e-8	1.3803839999999998e-7	931.2586375240514
0.0001315091	3.575401e-8	1.412538e-7	931.265948314311
0.0001345732	3.689045e-8	1.44544e-7	931.2741480102943
0.0001377086	3.806271e-8	1.479108e-7	931.281980152903
0.0001409172	3.927191e-8	1.513561e-7	931.2903273141949
0.0001442005	4.051922e-8	1.548817e-7	931.2980114500293
0.0001475603	4.180582e-8	1.584893e-7	931.3064403716844
0.0001509984	4.313295e-8	1.62181e-7	931.314598812438
0.0001522496	4.361852e-8	1.6352440000000002e-7	931.3180083216938
0.0001581168	4.397829e-8	1.698244e-7	931.3195176311532
0.0001618009	4.537383e-8	1.7378009999999998e-7	931.3280049326708
0.0001655708	4.681333e-8	1.778279e-7	931.336496297825
0.0001694285	4.829814e-8	1.8197010000000003e-7	931.3442051194124
0.0001733762	4.982969e-8	1.862087e-7	931.3529909719579
0.0001774158	5.140945e-8	1.905461e-7	931.3610168352959
0.0001815496	5.303892e-8	1.949845e-7	931.3696161489759
0.0001857796	5.471966e-8	1.995262e-7	931.378032859845
0.0001901083	5.645329e-8	2.0417380000000003e-7	931.3866582783883
0.0001945378	5.824145e-8	2.089296e-7	931.3952711822548
0.0001990706	6.008585e-8	2.1379619999999998e-7	931.4042337983557
0.000203709	6.198825e-8	2.1877620000000004e-7	931.4129610533503
0.0002084554	6.395048e-8	2.238721e-7	931.421782705393
0.0002133125	6.597441e-8	2.290868e-7	931.4306822130301
0.0002182827	6.806196e-8	2.3442290000000002e-7	931.4395562890827
0.0002233688	7.021512e-8	2.398833e-7	931.4488133188096
0.0002285734	7.243597e-8	2.454709e-7	931.458009768164
0.0002338992	7.47266e-8	2.511886e-7	931.4671390341758
0.0002393492	7.708921e-8	2.570396e-7	931.4762752898774
0.0002449262	7.952605e-8	2.630268e-7	931.4857879501252
0.0002506332	8.203945e-8	2.691535e-7	931.4953714144532
0.0002564731	8.463179e-8	2.754229e-7	931.5047216117468
0.0002624491	8.730556e-8	2.818383e-7	931.5142958213982
0.0002685644	9.006329e-8	2.884032e-7	931.5238641249474
0.0002748222	9.290762e-8	2.951209e-7	931.5338480602355
0.0002812258	9.584125e-8	3.019952e-7	931.5434193987189
0.0002877787	9.886699e-8	3.090295e-7	931.5536768819806
0.0002944843	1.019877e-7	3.1622779999999993e-7	931.5635364759203
0.0003013461	1.052064e-7	3.235937e-7	931.5734713005846
0.0003083678	1.085261e-7	3.311311e-7	931.5836721467721
0.0003155532	1.119499e-7	3.388442e-7	931.5937823341818
0.000322906	1.154813e-7	3.4673689999999997e-7	931.603995132909
0.0003304302	1.191234e-7	3.548134e-7	931.6145427427488
0.0003381298	1.228797e-7	3.630781e-7	931.6251233550028
0.0003460087	1.267539e-7	3.715352e-7	931.6356940069205
0.0003540713	1.307497e-7	3.801894e-7	931.646304973258
0.0003623218	1.348707e-7	3.890451e-7	931.6572055527752
0.0003707645	1.39121e-7	3.9810719999999996e-7	931.6677040756862
0.000379404	1.435046e-7	4.073803e-7	931.6785927056364
0.0003882449	1.480256e-7	4.1686939999999994e-7	931.6896985002976
0.0003972918	1.526884e-7	4.2657950000000004e-7	931.7008632622992
0.0004065495	1.574974e-7	4.365158e-7	931.7119733123062
0.000416023	1.624571e-7	4.466836e-7	931.7231640024393
0.0004257172	1.675723e-7	4.570882e-7	931.7343398932635
0.0004356374	1.728478e-7	4.677351e-7	931.7458702586143
0.0004457888	1.782886e-7	4.786301e-7	931.7572977545709
0.0004561768	1.839e-7	4.897788e-7	931.7689944930241
0.0004668068	1.896872e-7	5.011872000000001e-7	931.7805546510366
0.0004776847	1.956557e-7	5.128614e-7	931.7924018068038
0.000488816	2.018113e-7	5.248074999999999e-7	931.80415923934
0.0005002068	2.081596e-7	5.370318e-7	931.8162529667703
0.000511863	2.147069e-7	5.495409e-7	931.8281985926798
0.0005237909	2.214592e-7	5.623413e-7	931.8404307135186
0.0005359968	2.28423e-7	5.754399e-7	931.8526973885542
0.0005484872	2.35605e-7	5.888437e-7	931.864949900967
0.0005612686	2.430119e-7	6.025596e-7	931.8772979469582
0.000574348	2.506507e-7	6.165950000000001e-7	931.8898964474249
0.0005877322	2.585287e-7	6.309573e-7	931.9025688426141
0.0006014284	2.666534e-7	6.456542e-7	931.9153401309865
0.0006154438	2.750324e-7	6.606934e-7	931.9282323692048
0.0006297858	2.836738e-7	6.76083e-7	931.9410099055883
0.0006444621	2.925858e-7	6.918309999999999e-7	931.9540260554962
0.0006594805	3.017767e-7	7.079458e-7	931.9672165581036
0.0006748489	3.112553e-7	7.244360000000001e-7	931.9804030997907
0.0006905755	3.210305e-7	7.413102e-7	931.9938272804017
0.0007066687	3.311117e-7	7.585776e-7	932.0072352518714
0.0007231369	3.415085e-7	7.762470999999999e-7	932.0207553754467
0.000739989	3.522305e-7	7.943282000000001e-7	932.0344292195593
0.0007707905	3.569864e-7	8.273756e-7	932.0404014815036
0.0007748804	3.595303e-7	8.317637999999999e-7	932.0433641137063
0.0007929382	3.708164e-7	8.51138e-7	932.0568655141705
0.0008114169	3.824555e-7	8.709635999999999e-7	932.07035919756
0.0008303263	3.944589e-7	8.912509000000001e-7	932.0840617383948
0.0008420832	4.019687e-7	9.038643999999999e-7	932.0924341084792
0.0008694773	4.088093e-7	9.332543e-7	932.0997602689856
0.0008897397	4.216374e-7	9.549926e-7	932.1133351190365
0.0009104744	4.348669e-7	9.772372e-7	932.1270894108411
0.0009316923	4.485103e-7	1.e-6	932.1408103
0.0009534047999999999	4.625804e-7	1.023293e-6	932.154700950754
0.0009756234	4.770906e-7	1.047129e-6	932.1683294035405
0.0009983599	4.920546e-7	1.071519e-6	932.1831480356392
0.001021626	5.074866e-7	1.096478e-6	932.1969858036367
0.001045435	5.234013e-7	1.122018e-6	932.2117838572999
0.001069799	5.398137e-7	1.1481539999999999e-6	932.2258283296492
0.00109473	5.567393e-7	1.174898e-6	932.2398534170626
0.001120243	5.741942e-7	1.2022639999999998e-6	932.2554731739451
0.00114635	5.921948e-7	1.230269e-6	932.2694425365507
0.001173066	6.107583e-7	1.2589250000000002e-6	932.2848925074964
0.001200405	6.299022e-7	1.28825e-6	932.2995553658066
0.001228381	6.496446e-7	1.3182569999999998e-6	932.3149011156398
0.001257009	6.700042e-7	1.348963e-6	932.3302449362956
0.001286304	6.910003e-7	1.3803840000000001e-6	932.3456373733686
0.001316283	7.126527e-7	1.4125380000000002e-6	932.3612198043521
0.00134696	7.34982e-7	1.44544e-6	932.3769800199246
0.001378352	7.580093e-7	1.479108e-6	932.3930431719658
0.001410476	7.817563e-7	1.513561e-6	932.4089060830717
0.001443348	8.062455e-7	1.5488170000000002e-6	932.4240665617693
0.001476987	8.315002e-7	1.584893e-6	932.4405497405818
0.00151141	8.575441e-7	1.62181e-6	932.4566651457322
0.001546636	8.84402e-7	1.6595870000000002e-6	932.4732008626243
0.001582683	9.120992e-7	1.6982439999999998e-6	932.4897359861128
0.00161957	9.406619e-7	1.7378009999999997e-6	932.5064618445956
0.001657316	9.701172e-7	1.7782789999999998e-6	932.523027713874
0.001695943	1.000493e-6	1.8197010000000002e-6	932.5397375722715
0.001735471	1.031818e-6	1.8620869999999998e-6	932.5572961950758
0.001739608	1.03511e-6	1.866524e-6	932.5586544828782
0.00181731	1.051185e-6	1.949845e-6	932.567042508507
0.001859665	1.084093e-6	1.995262e-6	932.5838376113012
0.001903008	1.11803e-6	2.041738e-6	932.6005736289377
0.001947361	1.153027e-6	2.089296e-6	932.6175070454354
0.001992748	1.189118e-6	2.137962e-6	932.6344986487131
0.002039193	1.226336e-6	2.1877619999999994e-6	932.6514200356346
0.002086721	1.264716e-6	2.238721e-6	932.6690177114523
0.002135357	1.304296e-6	2.290868e-6	932.6863424693173
0.002185127	1.345112e-6	2.3442290000000005e-6	932.7041479309399
0.002236057	1.387203e-6	2.398833e-6	932.721953966783
0.002288174	1.430608e-6	2.4547090000000004e-6	932.7397292306338
0.002341506	1.47537e-6	2.511886e-6	932.7578441059826
0.002396082	1.52153e-6	2.5703960000000003e-6	932.7759341362187
0.00245193	1.569131e-6	2.630268e-6	932.7943506137017
0.00250908	1.618219e-6	2.691535e-6	932.812770036429
0.002567562	1.66884e-6	2.7542290000000004e-6	932.8312351659937
0.002627408	1.721042e-6	2.818383e-6	932.850163373821
0.002688649	1.774875e-6	2.8840319999999994e-6	932.8689400811087
0.002751317	1.830388e-6	2.951209e-6	932.8879750637791
0.002815447	1.887635e-6	3.019952e-6	932.9070909074052
0.002881072	1.94667e-6	3.090295e-6	932.9266849928567
0.002948227	2.007549e-6	3.1622780000000004e-6	932.9459803976753
0.003016947	2.070328e-6	3.235937e-6	932.9654217619192
0.00308727	2.135068e-6	3.311311e-6	932.9854755412584
0.003159232	2.201829e-6	3.388442e-6	933.0051477935878
0.003232872	2.270675e-6	3.467369e-6	933.0252058549291
0.003308229	2.34167e-6	3.548134e-6	933.0455585950249
0.003385343	2.414882e-6	3.630781e-6	933.0658836211823
0.003464255	2.49038e-6	3.715352e-6	933.0866577379478
0.003545007	2.568235e-6	3.801894e-6	933.1073499155948
0.003627641	2.648521e-6	3.890451e-6	933.1281954200168
0.003712203	2.731313e-6	3.981072e-6	933.1492404558369
0.003798736	2.81669e-6	4.073803e-6	933.170477315668
0.003887286	2.904733e-6	4.168694e-6	933.191722155668
0.003977901	2.995524e-6	4.265795e-6	933.2132753683661
0.004070629	3.089149e-6	4.365158e-6	933.2349823305365
0.00416552	3.185697e-6	4.466836e-6	933.2569400354076
0.004262622	3.285258e-6	4.570882e-6	933.2787978337661
0.004361989	3.387928e-6	4.677351e-6	933.3011202280951
0.004463673	3.493802e-6	4.786301e-6	933.3234165590504
0.004567728	3.602982e-6	4.897788e-6	933.346029268723
0.00467421	3.715569e-6	5.011872000000001e-6	933.368922630107
0.004783174	3.83167e-6	5.128614e-6	933.3916863308489
0.004894679	3.951396e-6	5.2480750000000006e-6	933.4147084407139
0.005008784	4.074858e-6	5.370318000000001e-6	933.4379934298116
0.00512555	4.202174e-6	5.495409e-6	933.4613991424478
0.005245039	4.333463e-6	5.623413e-6	933.4851384737347
0.005367314	4.46885e-6	5.754399000000001e-6	933.5089294294677
0.00549244	4.608463e-6	5.888436999999999e-6	933.5326951787038
0.005620485	4.752432e-6	6.025596e-6	933.5570177622263
0.005751515	4.900895e-6	6.165950000000001e-6	933.5813451292987
0.005885601	5.053992e-6	6.309573000000001e-6	933.6059654116054
0.006022814	5.211866e-6	6.456542e-6	933.6307060342826
0.006163226	5.374667e-6	6.606934e-6	933.655560506583
0.006306914	5.542549e-6	6.76083e-6	933.680709173282
0.006349596	5.592666e-6	6.8065439999999995e-6	933.6880311065352
0.006604413	5.624687e-6	7.079458e-6	933.6926198305013
0.006758382	5.800371e-6	7.24436e-6	933.7170393243848
0.006915942	5.981537e-6	7.413101999999999e-6	933.7418447769908
0.007077177	6.168356e-6	7.5857760000000005e-6	933.7667439692393
0.007242171	6.361006e-6	7.762471e-6	933.7918307198829
0.007411014	6.559667e-6	7.943282e-6	933.8172391462371
0.007583794	6.764527e-6	8.128305e-6	933.8427294497438
0.007760603	6.97578e-6	8.317638e-6	933.8683385836218
0.007941535	7.193624e-6	8.511379999999998e-6	933.8942244383402
0.008126688	7.418266e-6	8.709636e-6	933.9203459249043
0.008316158	7.649917e-6	8.912509000000001e-6	933.9466492544357
0.008510047	7.888797e-6	9.120108e-6	933.9731280594484
0.008708458	8.13513e-6	9.332543e-6	933.999782267277
0.008911497	8.389149e-6	9.549926e-6	934.0267295264908
0.009119271	8.651094e-6	9.772372e-6	934.053891317277
0.00933189	8.921211e-6	0.00001	934.0811211
0.009549469	9.199757e-6	0.00001023293	934.1086821663004
0.009772122	9.486993e-6	0.00001047129	934.1360035869504
0.009999969	9.783191e-6	0.000010715190000000001	934.1646943264655
0.01023313	0.00001008863	0.00001096478	934.1928091580496
0.01047173	0.0000104036	0.00001122018	934.2215187278636
0.01071589	0.0000107284	0.00001148154	934.2490989884633
0.01096575	0.00001106332	0.00001174898	934.2779815779753
0.01122144	0.0000114087	0.00001202264	934.3079972451973
0.01148309	0.00001176485	0.000012302690000000001	934.3367060374601
0.01175084	0.00001213212	0.00001258925	934.3663935500526
0.01202484	0.00001251084	0.000012882499999999999	934.3955629730254
0.01230523	0.00001290138	0.00001318257	934.4256377929341
0.01259216	0.0000133041	0.000013489630000000003	934.4558820367942
0.01288579	0.00001371938	0.00001380384	934.487025349468
0.01318626	0.00001414762	0.00001412538	934.5169914012932
0.01349374	0.00001458922	0.000014454400000000002	934.5479037524906
0.0138084	0.00001504459	0.00001479108	934.5798001227768
0.01413039	0.00001551417	0.000015135610000000002	934.6107735334089
0.0144599	0.0000159984	0.00001548817	934.6422721341514
0.01479709	0.00001649773	0.00001584893	934.6743111364617
0.01514215	0.00001701264	0.0000162181	934.7064477343215
0.01549526	0.00001754362	0.00001659587	934.7388006775179
0.01561285	0.00001772134	0.00001672167	934.7494203629183
0.01622636	0.00001772535	0.00001737801	934.7494534759734
0.01660474	0.00001827855	0.00001778279	934.7812435506464
0.01699195	0.00001884901	0.00001819701	934.8128626626021
0.01738819	0.00001943727	0.00001862087	934.8450029456195
0.01779367	0.00002004387	0.00001905461	934.8768549972947
0.01820861	0.0000206694	0.00001949845	934.9091543173945
0.01863323	0.00002131444	0.000019952619999999997	934.942099834508
0.01906776	0.0000219796	0.00002041738	934.9749869963726
0.01951243	0.0000226655	0.00002089296	935.0085148298758
0.01996746	0.0000233728	0.00002137962	935.0415395596367
0.02043312	0.00002410216	0.00002187762	935.0753034379425
0.02090964	0.00002485428	0.00002238721	935.1095683651514
0.02139727	0.00002562985	0.000022908679999999995	935.1433539601584
0.02189629	0.00002642961	0.00002344229	935.1782445315708
0.02240694	0.00002725432	0.00002398833	935.2128439120188
0.02292951	0.00002810475	0.00002454709	935.2479153333451
0.02346427	0.00002898171	0.00002511886	935.2833572064974
0.02401151	0.00002988602	0.00002570396	935.3187610002506
0.02457152	0.00003081853	0.00002630268	935.354820497379
0.02514459	0.00003178013	0.000026915349999999996	935.3907762670744
0.02573104	0.00003277172	0.00002754229	935.4273635198816
0.02633116	0.00003379424	0.00002818383	935.4638542738867
0.02694529	0.00003484865	0.000028840319999999997	935.5006688552693
0.02757376	0.00003593595	0.00002951209	935.5384843974113
0.02821688	0.00003705715	0.00003019952	935.5757028588533
0.02887501	0.00003821333	0.00003090295	935.6136980450085
0.0295485	0.00003940557	0.00003162278	935.6516274027774
0.03023771	0.00004063499	0.00003235937	935.6901877261517
0.03094299	0.00004190275	0.00003311311	935.7288623750533
0.03166474	0.00004321006	0.00003388442	935.7678266294656
0.03240333	0.00004455813	0.00003467368999999999	935.8071820449453
0.03315915	0.00004594825	0.00003548134	935.8467929903436
0.03393262	0.00004738172	0.000036307810000000006	935.8868441803568
0.03472413	0.0000488599	0.00003715352	935.9271988226151
0.03553411	0.00005038418	0.00003801894	935.9675514362053
0.03561557	0.00005053811	0.00003810597000000001	935.9716629703953
0.03721117	0.00005064854	0.00003981072	935.9744948094383
0.03807912	0.0000522286	0.00004073803	936.0135627569622
0.03896734	0.00005385794	0.000041686940000000005	936.05330446418
0.03987628	0.00005553809	0.00004265795	936.0932274054426
0.04080643	0.00005727064	0.00004365157999999999	936.1333688265122
0.04175829	0.00005905722	0.00004466836	936.1737753523972
0.04273236	0.00006089952	0.00004570882000000001	936.2144881447387
0.04372916	0.00006279928	0.00004677351	936.2555703003687
0.04474923	0.00006475828	0.00004786301	936.2969081969563
0.04579311	0.00006677837	0.00004897788000000001	936.3387792611684
0.04686135	0.00006886146	0.00005011872	936.3808864232766
0.04795452	0.00007100952	0.00005128614	936.4231646210848
0.0490732	0.00007322456	0.000052480750000000004	936.465743343988
0.05021799	0.00007550868	0.00005370318	936.5087631682146
0.05138951	0.00007786403	0.00005495409	936.5522025749129
0.0543213	0.00007956368	0.00005808442	936.5827132301572
0.05507053	0.00008102877	0.000058884370000000006	936.6077750343596
0.05635521	0.00008355627	0.00006025596	936.6503540894545
0.05766986	0.0000861626	0.0000616595	936.6930091875544
0.05901521	0.0000888502	0.00006309573	936.736292614413
0.06039195	0.00009162162	0.00006456542	936.7796510887716
0.06180083	0.00009447946	0.00006606934	936.8234866581079
0.06324259	0.00009742642	0.00006760830000000001	936.8674618353073
0.064718	0.0001004653	0.0000691831	936.9118368503291
0.06622785	0.0001035989	0.00007079458	936.9565989373764
0.06777295	0.0001068303	0.0000724436	937.0017544683036
0.06935411	0.0001101624	0.00007413101999999999	937.0473035444542
0.0709025	0.0001134499	0.0000757834	937.0911030647873
0.07432237	0.0001161892	0.00007943282	937.12597890897
0.0760563	0.0001198131	0.00008128305	937.1709489247758
0.07783072	0.0001235501	0.00008317637999999999	937.2164321169063
0.07964655	0.0001274036	0.00008511380000000001	937.262272392961
0.08150477	0.0001313772	0.00008709636	937.3083697183213
0.08340637	0.0001354748	0.00008912509	937.3549558266924
0.08535236	0.0001397002	0.00009120108	937.4018399782108
0.08734377	0.0001440573	0.00009332543	937.4489600530103
0.08938168	0.0001485503	0.00009549926000000002	937.4965868845475
0.09146716	0.0001531833	0.00009772372000000001	937.5445725971136
0.09360132	0.0001579609	0.00010000000000000002	937.592809
0.09578532	0.0001628874	0.0001023293	937.6415884795459
0.09802029	0.0001679676	0.00010471289999999999	937.69017570901
0.1003075	0.0001732062	0.0001071519	937.7407792115678
0.1008452	0.0001744436	0.0001077254	937.7513901085538
0.105043	0.0001766863	0.0001122018	937.7718209511792
0.107494	0.0001821968	0.00011481539999999999	937.8201600133781
0.1100021	0.0001878791	0.0001174898	937.8684711353667
0.1125689	0.0001937385	0.0001202264	937.9191134393112
0.1151955	0.0001997807	0.0001230269	937.9678810081374
0.1178835	0.0002060113	0.0001258925	938.0186373294678
0.1206342	0.0002124361	0.000128825	938.06820182418
0.1234492	0.0002190613	0.0001318257	938.1195115975111
0.1263299	0.0002258931	0.00013489629999999998	938.1709735552421
0.1292778	0.0002329379	0.0001380384	938.2225373519253
0.1322946	0.0002402024	0.0001412538	938.2742439495433
0.1353818	0.0002476934	0.000144544	938.3266922182864
0.1385411	0.000255418	0.0001479108	938.3798748975736
0.1417742	0.0002633835	0.0001513561	938.4331619274014
0.1450827	0.0002715973	0.0001548817	938.4859366858708
0.1484686	0.0002800673	0.0001584893	938.5407551172225
0.1519335	0.0002888014	0.000162181	938.5951584957547
0.1554793	0.0002978078	0.00016595869999999998	938.649843605668
0.1580418	0.000304359	0.0001686886	938.6891526754032
0.1666209	0.0003123413	0.0001778279	938.7348177648163
0.1705093	0.0003220817	0.0001819701	938.7881948737733
0.1744886	0.0003321258	0.0001862087	938.8429530951023
0.1785609	0.0003424831	0.0001905461	938.8981621770271
0.1827282	0.0003531634	0.0001949845	938.9534214258057
0.1869928	0.0003641767	0.0001995262	939.0093967609266
0.1913571	0.0003755334	0.00020417380000000001	939.0658027621565
0.1958232	0.0003872442	0.00020892960000000002	939.1222890389873
0.2003937	0.0003993201	0.00021379619999999997	939.1795555767595
0.2050709	0.0004117726	0.0002187762	939.2368667158494
0.2098573	0.0004246134	0.0002238721	939.2948625576836
0.2147556	0.0004378545	0.0002290868	939.3533564570284
0.2195833	0.0004510029	0.00023422600000000003	939.4102401099792
0.2301469	0.0004577091	0.0002454709	939.4376649126231
0.2355185	0.0004719822	0.0002511886	939.4951928550897
0.2410156	0.0004867003	0.00025703960000000007	939.5528949624882
0.2466411	0.0005018774	0.0002630268	939.611390930506
0.2477387	0.0005048519	0.0002641949	939.622800818638
0.252398	0.0005128182	0.0002691535	939.6527193590274
0.2582891	0.0005205402	0.00027542290000000003	939.6809059813108
0.2643176	0.0005274976	0.00028183829999999996	939.7058440957101
0.2704868	0.0005340658	0.0002884032	939.7290522435256
0.2767997	0.0005404122	0.00029512090000000004	939.7508349967759
0.2832599	0.0005466289	0.0003019952	939.7716549799468
0.2898706	0.0005527728	0.0003090295	939.7917441538751
0.2966355	0.0005588853	0.0003162277999999999	939.811064365625
0.3035582	0.0005650021	0.0003235937	939.8304172794464
0.3106422	0.0005711428	0.00033113110000000006	939.8493309749521
0.3178913	0.0005773289	0.0003388442	939.867434354786
0.3253095	0.0005835763	0.0003467369	939.8857643936944
0.3329006	0.0005899026	0.0003548134	939.9039117462869
0.3406687	0.0005963157	0.00036307810000000006	939.9217845967576
0.3486178	0.0006028331	0.0003715352	939.9395618503979
0.3567523	0.0006094621	0.0003801894	939.9571952821411
0.3650764	0.0006162136	0.00038904510000000006	939.9748604981788
0.3735945	0.0006230992	0.0003981072	939.9920403348646
0.3823113	0.0006301256	0.0004073803	940.0096803895525
0.3912312	0.0006373026	0.0004168694	940.0270266898937
0.4003591	0.0006446377	0.0004265795	940.0445584000169
0.4096997	0.0006521454	0.00043651579999999995	940.0618383114655
0.4192582	0.0006598278	0.00044668359999999995	940.079348782897
0.4290394	0.0006677003	0.0004570882	940.0966822158175
0.4390486	0.0006757658	0.00046773510000000003	940.1141068951208
0.4492912	0.0006840339	0.0004786301	940.1315000874371
0.4597726	0.0006925184	0.0004897788	940.1491416124993
0.4814738	0.0007011234	0.0005128614	940.1661411835635
0.4927052	0.0007103862	0.0005248075	940.1839459230289
0.5041984	0.000719897	0.0005370318000000002	940.2018595546855
0.5159596	0.0007296677	0.0005495409000000001	940.2198593407696
0.5279949	0.0007397086	0.0005623413	940.2379099667764
0.5403108	0.0007500283	0.0005754399	940.2560168316447
0.5529139	0.00076064	0.0005888437	940.2742017958244
0.5658108	0.0007715486	0.0006025596	940.2926259908562
0.5790083	0.0007827725	0.000616595	940.311018577835
0.5925135	0.0007943171	0.0006309573	940.3295866455622
0.6063335	0.0008061996	0.0006456542	940.3480990288608
0.6204758	0.0008184282	0.0006606934	940.3669360099557
0.6349477	0.0008310163	0.0006760829999999998	940.3855980700596
0.6497571	0.0008439751	0.000691831	940.4046293097592
0.6649117	0.0008573187	0.0007079458	940.4237142165404
0.6804196	0.0008710643	0.000724436	940.4428607910154
0.696289	0.000885219	0.0007413102	940.4621965271759
0.7125285	0.0008998009	0.0007585776000000001	940.4816341795487
0.7291465	0.000914823	0.0007762470999999999	940.5011922105732
0.746152	0.0009303016	0.0007943282	940.5209353010506
0.763554	0.0009462505	0.0008128305	940.5408021721624
0.7813617	0.0009626869	0.0008317638	940.5607540265639
0.7995845	0.0009796285	0.000851138	940.5808793638635
0.8182323	0.0009970903	0.0008709636	940.6011804626507
0.8373148	0.001015088	0.0008912509	940.6216453750567
0.8568422	0.001033644	0.0009120108	940.6421985353682
0.8768249	0.001052771	0.0009332543	940.6628729168459
0.8972736	0.001072492	0.0009549926	940.6838251940383
0.918199	0.001092826	0.0009772372	940.7049035791924
0.9396123	0.001113792	0.001	940.7260919999999
0.9615248	0.001135411	0.001023293	940.7473822258141
0.9839483000000001	0.001157703	0.001047129	940.7685232669519
1.006895	0.001180692	0.001071519	940.7912430857504
1.030376	0.001204401	0.0010964779999999997	940.8126756761195
1.054405	0.001228849	0.001122018	940.8350391883197
1.078994	0.001254065	0.001148154	940.8564225704914
1.104157	0.001280069	0.001174898	940.8791818523822
1.129906	0.001306894	0.001202264	940.9022427686433
1.16078	0.00132275	0.001235078	940.9144604632257
1.183219	0.001346557	0.001258925	940.9341755863138
1.210811	0.001376049	0.0012882500000000001	940.9563741509802
1.239047	0.001406466	0.0013182569999999998	940.9799955547363
1.267942	0.00143784	0.001348963	941.00419359167
1.29751	0.001470201	0.0013803839999999997	941.0281494134966
1.327767	0.001503579	0.0014125380000000003	941.0511993305665
1.35873	0.001538007	0.0014454399999999999	941.0753867334513
1.390415	0.001573518	0.001479108	941.0999859374704
1.422839	0.001610144	0.001513561	941.1243709371475
1.456019	0.001647922	0.001548817	941.148581142898
1.489973	0.001686887	0.0015848930000000002	941.1738754603623
1.524719	0.001727076	0.00162181	941.1990775738219
1.560275	0.001768526	0.0016595869999999997	941.2242479604867
1.59666	0.001811274	0.001698244	941.2494753404104
1.633894	0.001855364	0.0017378009999999998	941.2754187619872
1.671996	0.001900836	0.001778279	941.3015820352149
1.710986	0.00194773	0.0018197009999999997	941.3270257036733
1.750886	0.001996089	0.0018620869999999997	941.3534861690135
1.791717	0.002045964	0.001905461	941.3800460885843
1.833499	0.002097391	0.001949845	941.4063122966185
1.876257	0.002150423	0.0019952620000000003	941.4339685715461
1.920011	0.002205108	0.002041738	941.4607104339539
1.964786	0.002261495	0.0020892960000000005	941.4881831009104
2.010605	0.002319635	0.002137962	941.5156279671949
2.057492	0.002379577	0.002187762	941.5428081299519
2.105474	0.002441381	0.002238721	941.5712726150334
2.154574	0.002505096	0.002290868	941.599034077913
2.20482	0.00257078	0.002344229	941.6276225573524
2.256237	0.002638495	0.002398833	941.6560031481974
2.301204	0.002668723	0.002446585	941.6687844485273
2.362697	0.002750976	0.002511886	941.7019625890665
2.417796	0.002825259	0.0025703959999999995	941.730869095657
2.474181	0.002901822	0.0026302680000000003	941.7606198303748
2.53188	0.002980741	0.002691535	941.7899975292909
2.590926	0.003062081	0.0027542289999999995	941.8200451015512
2.651348	0.003145909	0.002818383	941.8499575820605
2.71318	0.003232301	0.0028840319999999995	941.8800835080888
2.776455	0.003321329	0.0029512089999999998	941.9110367988169
2.841205	0.003413069	0.0030199520000000002	941.9414841692849
2.907466	0.003507598	0.003090295	941.9727236396526
2.975272	0.003604995	0.0031622780000000006	942.0035161361524
3.04466	0.003705343	0.003235937	942.0348242255643
3.115667	0.003808728	0.0033113109999999995	942.066670270476
3.18833	0.003915228	0.003388442	942.0982351180867
3.262688	0.004024937	0.003467369	942.1301675708585
3.338781	0.004137945	0.0035481339999999997	942.1625409299648
3.416649	0.004254343	0.003630781	942.1949004911064
3.496333	0.004374226	0.003715352	942.2276075052915
3.577877	0.004497692	0.003801894	942.260539615255
3.661322	0.004624845	0.003890451	942.2935400034597
3.7467149999999996	0.004755782	0.0039810719999999996	942.3267858506451
3.834099	0.004890608	0.004073803	942.3601504540107
3.923522	0.005029431	0.004168694	942.3938123066841
4.015032	0.005172367	0.004265795	942.4279335973715
4.108676	0.005319531	0.004365158	942.461998168222
4.204505	0.005471035	0.004466836	942.4962176807029
4.302569	0.005626999	0.004570882	942.5305660920585
4.402922	0.005787548	0.004677350999999999	942.5654709257442
4.505616	0.005952815	0.004786301000000001	942.6003118065495
4.610706	0.006122923	0.004897788	942.6355168904821
4.718247	0.00629801	0.005011872	942.6707246314352
4.828298	0.006478212	0.005128614	942.706199374724
4.940916	0.006663677	0.005248075	942.7418009460611
5.056163	0.006854551	0.005370318	942.7779790693959
5.174097	0.007050987	0.005495408999999999	942.8138992020431
5.294784	0.007253135	0.005623413	942.850389078661
5.418287	0.007461169	0.005754399	942.8870276461538
5.544671	0.007675242	0.005888437	942.9236046849105
5.674004	0.007895537	0.006025596	942.9605863054874
5.806355	0.008122233	0.006165950000000001	942.9977915811837
5.941794	0.008355513	0.006309573000000001	943.0352122084964
6.080393	0.008595563	0.006456542	943.0727102836162
6.222227	0.008842591	0.006606933999999999	943.1106154534009
6.36737	0.009096805	0.00676083	943.1485194865129
6.5159	0.009358412	0.00691831	943.1867626631359
6.667895	0.00962764	0.007079458	943.2251226011933
6.823438	0.009904727	0.007244359999999999	943.2638255139171
6.98261	0.01018992	0.007413102000000001	943.3028063015995
7.145496	0.01048345	0.007585776	943.3417820404926
7.312184	0.01078561	0.007762471	943.3812519235177
7.482761	0.01109666	0.007943282	943.4208252961433
7.657319	0.01141689	0.008128305000000002	943.4606464693437
7.83595	0.01174662	0.008317638	943.5006212100118
8.01875	0.01208616	0.00851138	943.5410192001768
8.205816	0.01243585	0.008709636	943.5815515137486
8.397247	0.01279603	0.008912509	943.6223884879106
8.593146	0.01316708	0.009120108	943.663504862004
8.793617	0.0135494	0.009332543	943.7048830099149
8.998766	0.01394338	0.009549926	943.746514894461
9.208703	0.01434949	0.009772372	943.788518283995
9.42354	0.01476816	0.01	943.8308159999998
9.643391	0.01519989	0.01023293	943.8734448491292
9.868373	0.0156452	0.01047129	943.9160027083578
10.09861	0.01610465	0.01071519	943.9603637453001
10.33421	0.01657878	0.010964780000000002	944.0033251921151
10.57532	0.01706825	0.01122018	944.0479787311789
10.82205	0.01757369	0.01148154	944.0914450500544
11.07455	0.01809581	0.01174898	944.1369216732007
11.33293	0.01863534	0.01202264	944.1824208326956
11.59735	0.01919308	0.012302689999999998	944.2278948750234
11.86794	0.01976985	0.012589249999999998	944.2746668784877
12.14485	0.02036656	0.0128825	944.3210991655346
12.42822	0.02098417	0.013182570000000001	944.3685237400598
12.7182	0.02162368	0.01348963	944.4160944369859
13.01496	0.02228617	0.01380384	944.4651756322878
13.31864	0.02297282	0.01412538	944.5135507858904
13.62941	0.02368485	0.014454399999999997	944.5632367998672
13.94744	0.02442358	0.01479108	944.6141579925198
14.2729	0.02519041	0.01513561	944.6656203483044
14.60595	0.02598686	0.01548817	944.7169588143724
14.94678	0.02681453	0.01584893	944.7700589251135
15.29557	0.02767513	0.0162181	944.8236926643689
15.6525	0.02857048	0.01659587	944.8778810631803
16.01777	0.02950255	0.01698244	944.9332693064129
16.39157	0.03047343	0.01737801	944.9898711072213
16.7741	0.03148534	0.01778279	945.0477309803467
17.16556	0.03254067	0.01819701	945.1058536539794
19.2685	0.03356891	0.02042203	945.159169289243
19.71362	0.03472316	0.020892959999999995	945.2151901884654
20.17363	0.03594039	0.021379619999999995	945.272665744293
20.64438	0.03721237	0.02187762	945.3309989843502
21.12614	0.03854236	0.02238721	945.3916928460491
21.61914	0.03993383	0.02290868	945.4527205408605
22.12366	0.04139046	0.023442290000000005	945.5155814555659
22.63997	0.04291622	0.02398833	945.5800474647465
23.16834	0.0445153	0.02454709	945.6459115927795
23.70906	0.04619217	0.02511886	945.7137851797415
24.26241	0.04795161	0.025703960000000005	945.7827358119137
24.82869	0.04979869	0.02630268	945.8537567274515
25.40821	0.05173879	0.026915349999999998	945.9267217405682
26.00127	0.05377769	0.027542289999999997	946.0015013275948
26.60819	0.05592147	0.02818383	946.0783530840203
27.22931	0.05817664	0.02884032	946.1575544238067
27.86494	0.06055009	0.02951209	946.2389851074594
28.51544	0.06304915	0.030199519999999997	946.3226286378062
29.18115	0.06568159	0.030902949999999995	946.4090512394448
29.86242	0.0684557	0.03162278	946.4972940392969
30.55964	0.07138017	0.03235936999999999	946.5888912546816
31.27316	0.07446432	0.03311311	946.6831813743862
32.00338	0.07771794	0.03388442	946.7801998676679
32.75068	0.08115149	0.03467369	946.8802279192092
33.51548	0.08477594	0.03548134	946.9838495389406
34.29817	0.08860299	0.03630781	947.090253859982
35.09919	0.09264497	0.03715352	947.2005605390822
35.91896	0.09691487	0.03801894	947.3140195386825
36.75793	0.1014265	0.03890451	947.4314546051345
37.61655	0.1061944	0.039810719999999994	947.5524280897205
38.49528	0.1112339	0.04073803000000001	947.6774871048011
39.3946	0.1165612	0.041686940000000006	947.8067039701162
40.315	0.1221934	0.04265795	947.9403815701411
41.25697	0.1281485	0.04365158	948.0783627992389
42.22103	0.1344456	0.04466836	948.2209689364015
43.20769	0.1411047	0.04570882	948.3682733441817
44.2175	0.1481469	0.046773510000000004	948.5207952107935
45.25099	0.1555945	0.04786301	948.6779978944074
46.30874	0.163471	0.04897788	948.8408032360732
47.39131	0.1718011	0.05011871999999999	949.0088952790495
48.4993	0.1806108	0.05128614	949.1825822727153
49.6333	0.1899278	0.05248075000000001	949.3619622432986
50.79395	0.199781	0.05370318000000001	949.5476990375616
51.98187	0.2102012	0.054954090000000004	949.7395225723873
53.1977	0.2212206	0.05623413	949.9377086477554
54.44212	0.2328734	0.05754399	950.1425500734308
55.71581	0.245196	0.05888436999999999	950.3541601956513
57.01946	0.2582266	0.06025595999999999	950.5729657282036
58.35378	0.272006	0.061659500000000006	950.7989198744718
59.71952	0.2865773	0.06309573	951.0326182136255
61.11742	0.3019865	0.06456542	951.2740178875937
62.54825	0.3182824	0.06606934	951.5235417820127
64.0128	0.3355173	0.0676083	951.7813241865275
65.51187	0.3537469	0.06918309999999998	952.0477819004932
67.0463	0.3730309	0.07079458000000001	952.3233402896099
68.61693	0.3934335	0.0724436	952.6081461992502
70.22464	0.4150234	0.07413102	952.9028927431457
71.87031	0.4378751	0.07585776	953.2074912309565
73.55486	0.4620685	0.07762471	953.5227700045515
75.27923	0.4876904	0.07943282000000002	953.8490563472378
77.04438	0.5148349	0.08128304999999998	954.1868187771006
78.8513	0.543604	0.08317638	954.5366605279047
80.701	0.574109	0.08511379999999999	954.8993112750222
82.59451	0.606471	0.08709636	955.2750654562373
84.5329	0.6408227	0.08912508999999999	955.6649277997924
86.51727	0.6773087	0.09120108	956.069584921582
88.54874	0.7160882	0.09332543	956.4898677670169
90.62846	0.7573353	0.09549926	956.9267374427823
92.75761	0.8012418	0.09772372	957.3811946577556
94.93741	0.8480183	0.09999999999999999	957.854283
97.16912	0.8978966	0.1023293	958.3473804667872
99.454	0.9511327	0.1047129	958.8611594177986
101.7934	1.008008	0.1071519	959.3988347383482
104.1886	1.068834	0.1096478	959.9593790299485
106.6411	1.133952	0.1122018	960.5465509465979
109.1524	1.203741	0.1148154	961.1614905317579
111.7237	1.277711	0.11748980000000002	961.7976283898686
114.3568	1.356167	0.1202264	962.4588859019318
117.053	1.440037	0.1230269	963.1473848402261
119.8141	1.529994	0.1258925	963.8707150942273
122.6417	1.62671	0.128825	964.6296138171939
125.5375	1.730898	0.1318257	965.429335857879
128.5032	1.843323	0.1348963	966.2720400781933
131.5408	1.964819	0.1380384	967.1628981500799
134.652	2.096295	0.1412538	968.1034775701607
137.8389	2.238744	0.144544	969.1003708213415
141.1035	2.39325	0.1479108	970.157351592987
144.4479	2.560999	0.1513561	971.2783231068984
147.8743	2.743288	0.1548817	972.468587315351
151.3849	2.941531	0.1584893	973.7340691138139
154.9821	3.157272	0.162181	975.079522262164
158.6683	3.392194	0.16595869999999996	976.5109873721594
162.4461	3.648128	0.1698244	978.0351233391668
166.3181	3.927065	0.1737801	979.6585742556254
170.2871	4.231165	0.17782789999999998	981.3885503905743
174.356	4.562775	0.1819701	983.231723233652
178.5276	4.924429	0.18620869999999998	985.1957991221678
182.8053	5.318875	0.19054610000000002	987.2895587996815
187.1922	5.74907	0.19498450000000003	989.5210644948701
191.6917	6.218209	0.19952619999999996	991.8993545709787
196.3075	6.729724	0.2041738	994.4332916368311
201.0432	7.287304	0.20892960000000002	997.1325460825083
205.9028	7.894903	0.2137962	1000.007030059468
210.8904	8.556756	0.2187762	1003.0668601063553
216.0102	9.277386	0.22387210000000002	1006.3227441025479
221.2668	10.06162	0.2290868	1009.7850247155226
226.6649	10.91459	0.2344229	1013.4653653717278
232.2094	11.84176	0.23988330000000002	1017.3745316993721
234.41101392417102	12.23103310836489	0.24204293940218008	1018.9784892646211
338.68759232680344	12.231546311283845	0.3444302890119841	1018.9792091838898
339.04194892486953	12.422079737429812	0.3447303466874722	1019.5331859800896
339.6830747345946	12.767124293178966	0.34535888089645117	1020.5331859800896
340.3255403257119	13.112797731421253	0.34598811170097604	1021.5331859800896
340.9693472583702	13.459100748833876	0.3466180392644052	1022.5331859800896
341.61449709320834	13.806034042257465	0.34724866375009716	1023.5331859800896
342.26099139135533	14.15359830869589	0.3478799853214103	1024.5331859800895
342.90883171443056	14.501794245316589	0.34851200414170336	1025.5331859800895
343.558019624543	14.850622549450094	0.3491447203743346	1026.5331859800895
344.20855668429203	15.20008391859048	0.3497781341826626	1027.5331859800895
344.860444456767	15.550179050395116	0.35041224573004587	1028.5331859800895
345.5136845055472	15.900908642684712	0.35104705517984286	1029.5331859800895
346.16827839470216	16.252273393443403	0.3516825626954121	1030.5331859800895
346.8242276887915	16.60427400081859	0.35231876844011195	1031.5331859800895
347.48153395286494	16.95691116312109	0.3529556725773011	1032.5331859800895
348.140198752462	17.31018557882514	0.35359327527033796	1033.5331859800895
348.80022365361265	17.66409794656819	0.35423157668258093	1034.5331859800895
349.4616102228367	18.01864896515113	0.3548705769773886	1035.5331859800895
350.1243600271441	18.37383933353827	0.35551027631811954	1036.5331859800895
350.7884746340348	18.72966975085714	0.356150674868132	1037.5331859800895
351.45395561149905	19.086140916398733	0.3567917727907846	1038.5331859800895
352.1208045280169	19.443253529617394	0.35743357024943595	1039.5331859800895
352.7890229525585	19.801008290130753	0.3580760674074443	1040.5331859800895
353.45861245458445	20.15940589771985	0.3587192644281683	1041.5331859800895
354.12957460404505	20.51844705232911	0.3593631614749665	1042.5331859800895
354.80191097138066	20.878132454066233	0.36000775871119717	1043.5331859800895
355.4756231275219	21.23846280320241	0.36065305630021893	1044.5331859800895
356.1507126438894	21.599438800172095	0.3612990544053904	1045.5331859800895
356.82718109239386	21.96106114557304	0.3619457531900698	1046.5331859800895
357.505030045436	22.32333054016651	0.3625931528176158	1047.5331859800895
358.1842610759069	22.68624768487703	0.3632412534513869	1048.5331859800895
358.86487575718706	23.049813280792492	0.3638900552547414	1049.5331859800895
359.54687566314783	23.41402802916413	0.364539558391038	1050.5331859800895
360.2302623681503	23.778892631406663	0.3651897630236352	1051.5331859800895
360.9150374470455	24.144407789097983	0.3658406693158913	1052.5331859800895
361.60120247517455	24.51057420397943	0.3664922774311649	1053.5331859800895
362.28875902836904	24.877392577955746	0.3671445875328146	1054.5331859800895
362.97770868295015	25.244863613094964	0.3677975997841987	1055.5331859800895
363.66805301572936	25.612988011628516	0.36845131434867573	1056.5331859800895
364.3597936040082	25.98176647595116	0.3691057313896043	1057.5331859800895
365.05293202557823	26.35119970862098	0.36976085107034273	1058.5331859800895
365.7474698587213	26.72128841235954	0.3704166735542496	1059.5331859800895
366.44340868220905	27.092033290051674	0.3710731990046835	1060.5331859800895
367.14075007530334	27.46343504474555	0.37173042758500274	1061.5331859800895
367.839495617756	27.835494379652744	0.37238835945856585	1062.5331859800895
368.53964688980915	28.208211998148215	0.37304699478873143	1063.5331859800895
369.2412054721947	28.581588603770214	0.3737063337388578	1064.5331859800895
369.94417294613487	28.955624900220357	0.37436637647230364	1065.5331859800895
370.648550893342	29.330321591363713	0.37502712315242737	1066.5331859800895
371.35434089601824	29.705679381228563	0.3756885739425874	1067.5331859800895
372.06154453685576	30.081698974006684	0.3763507290061423	1068.5331859800895
372.7701633990375	30.458381074053108	0.3770135885064506	1069.5331859800895
373.48019906623534	30.83572638588629	0.37767715260687057	1070.5331859800895
374.19165312261237	31.213735614188025	0.378341421470761	1071.5331859800895
374.904527152821	31.592409463803435	0.3790063952614802	1072.5331859800895
375.6188227420041	31.97174863974101	0.37967207414238674	1073.5331859800895
376.33454147579437	32.3517538471727	0.380338458276839	1074.5331859800895
377.05168494031483	32.732425791433684	0.3810055478281956	1075.5331859800895
377.7702547221783	33.113765178022504	0.3816733429598149	1076.5331859800895
378.490252408488	33.495772712601166	0.3823418438350555	1077.5331859800895
379.2116795868369	33.87844910099497	0.38301105061727586	1078.5331859800895
379.9345378453082	34.2617950491925	0.38368096346983444	1079.5331859800895
380.6588287724752	34.64581126334588	0.3843515825560898	1080.5331859800895
381.38455395740124	35.03049844977038	0.3850229080394003	1081.5331859800895
382.1117149896397	35.4158573149448	0.38569494008312455	1082.5331859800895
382.84031345923427	35.80188856551122	0.38636767885062107	1083.5331859800895
383.5703509567182	36.18859290827507	0.3870411245052482	1084.5331859800895
384.3018290731153	36.57597105020518	0.3877152772103645	1085.5331859800895
385.0347493999394	36.96402369843378	0.3883901371293285	1086.5331859800895
385.7691135291941	37.35275156025628	0.3890657044254987	1087.5331859800895
386.5049230533734	37.7421553431316	0.3897419792622335	1088.5331859800895
387.2421795654611	38.132235754682014	0.3904189618028914	1089.5331859800895
387.98088465893136	38.522993502693154	0.391096652210831	1090.5331859800895
388.7210399277482	38.914429295113905	0.3917750506494107	1091.5331859800895
389.46264696636604	39.30654384005665	0.3924541572819891	1092.5331859800895
390.20570736972877	39.69933784579702	0.3931339722719245	1093.5331859800895
390.9502227332708	40.092812020774076	0.39381449578257544	1094.5331859800895
391.6961946529167	40.48696707359019	0.39449572797730065	1095.5331859800895
392.4436247250807	40.88180371301115	0.3951776690194583	1096.5331859800895
393.1925145466676	41.27732264796602	0.395860319072407	1097.5331859800895
393.9428657150719	41.67352458754735	0.3965436782995053	1098.5331859800895
394.69467982817827	42.070410241010876	0.39722774686411166	1099.5331859800895
395.4479584843616	42.46798031777584	0.3979125249295845	1100.5331859800895
396.2027032824866	42.86623552742479	0.3985980126592824	1101.5331859800895
396.95891582190825	43.26517657970359	0.3992842102165638	1102.5331859800895
397.71659770247174	43.66480418452156	0.3999711177647872	1103.5331859800895
398.4757505245118	44.065119051951285	0.4006587354673112	1104.5331859800895
399.2363758888537	44.46612189222874	0.401347063487494	1105.5331859800895
399.9984753968129	44.86781341575326	0.40203610198869444	1106.5331859800895
400.76205065019457	45.2701943330876	0.4027258511342708	1107.5331859800895
401.52710325129397	45.67326535495769	0.4034163110875815	1108.5331859800895
402.2936348028966	46.07702719225311	0.40410748201198526	1109.5331859800895
403.061646908278	46.481480556026526	0.4047993640708404	1110.5331859800895
403.83114117120397	46.88662615749405	0.40549195742750554	1111.5331859800895
404.60211919592984	47.292464708035254	0.40618526224533896	1112.5331859800895
405.37458258720176	47.69899691919291	0.4068792786876994	1113.5331859800895
406.1485329502553	48.10622350267329	0.40757400691794526	1114.5331859800895
406.92397189081635	48.5141451703459	0.4082694470994349	1115.5331859800895
407.70090101510107	48.92276263424368	0.40896559939552707	1116.5331859800895
408.47932192981534	49.332076606562936	0.40966246396957995	1117.5331859800895
409.25923624215545	49.74208779966327	0.41036004098495227	1118.5331859800895
410.04064555980756	50.15279692606774	0.4110583306050024	1119.5331859800895
410.82355149094786	50.56420469846263	0.41175733299308886	1120.5331859800895
411.60795564424285	50.97631182969769	0.4124570483125702	1121.5331859800895
412.3938596288489	51.38911903278603	0.41315747672680486	1122.5331859800895
413.1812650544125	51.802627020904026	0.4138586183991513	1123.5331859800895
413.9701735310702	52.21683650739148	0.414560473492968	1124.5331859800895
414.7605866694489	52.63174820575156	0.41526304217161353	1125.5331859800895
415.55250608066507	53.04736282965078	0.41596632459844635	1126.5331859800895
416.3459333763255	53.46368109291893	0.4166703209368248	1127.5331859800895
417.14087016852733	53.880703709549365	0.41737503135010773	1128.5331859800895
417.9373180698574	54.29843139369859	0.4180804560016532	1129.5331859800895
418.73527869339273	54.71686485968658	0.4187865950548201	1130.5331859800895
419.5347536527005	55.13600482199658	0.4194934486729667	1131.5331859800895
420.33574456183777	55.55585199527526	0.42020101701945134	1132.5331859800895
421.1382530353519	55.97640709433276	0.4209093002576329	1133.5331859800895
421.94228068828033	56.39767083414222	0.4216182985508695	1134.5331859800895
422.74782913615036	56.819643929840595	0.4223280120625199	1135.5331859800895
423.5548999949793	57.24232709672786	0.42303844095594245	1136.5331859800895
424.363494881275	57.66572105026751	0.4237495853944956	1137.5331859800895
425.17361541203513	58.089826506086325	0.424461445541538	1138.5331859800895
425.9852632047472	58.51464417997455	0.425174021560428	1139.5331859800895
426.7984398773892	58.94017478788561	0.4258873136145242	1140.5331859800895
427.6131470484288	59.36641904593645	0.42660132186718497	1141.5331859800895
428.42938633682405	59.793377670407295	0.4273160464817689	1142.5331859800895
429.247159362023	60.22105137774177	0.4280314876216344	1143.5331859800895
430.0664677439638	60.64944088454678	0.42874764545014	1144.5331859800895
430.8873131030745	61.07854690759268	0.4294645201306443	1145.5331859800895
431.70969706027336	61.50837016381317	0.4301821118265055	1146.5331859800895
432.5336212369687	61.938911370305235	0.43090042070108237	1147.5331859800895
433.3590872550589	62.37017124432941	0.4316194469177333	1148.5331859800895
434.18609673693254	62.802150503309235	0.43233919063981674	1149.5331859800895
435.0146513054682	63.23484986483189	0.43305965203069124	1150.5331859800895
435.84475258403444	63.668270046648004	0.43378083125371536	1151.5331859800895
436.6764021964899	64.10241176667122	0.4345027284722474	1152.5331859800895
437.50960176718326	64.53727574297872	0.43522534384964595	1153.5331859800895
438.34435292095367	64.97286269381124	0.4359486775492696	1154.5331859800895
439.18065728312985	65.40917333757251	0.43667272973447663	1155.5331859800895
440.01851647953083	65.84620839282982	0.43739750056862564	1156.5331859800895
440.8579321364657	66.28396857831385	0.4381229902150752	1157.5331859800895
441.6989058807336	66.72245461291854	0.43884919883718365	1158.5331859800895
442.5414393396239	67.1616672157012	0.43957612659830964	1159.5331859800895
443.38553414091575	67.60160710588261	0.44030377366181156	1160.5331859800895
444.23119191287856	68.04227500284676	0.44103214019104786	1161.5331859800895
445.0784142842716	68.48367162614106	0.4417612263493771	1162.5331859800895
445.9272028843449	68.92579769547635	0.4424910323001578	1163.5331859800895
446.7775593428377	69.36865393072665	0.4432215582067484	1164.5331859800895
447.6294852899796	69.8122410519295	0.44395280423250727	1165.5331859800895
448.48298235649065	70.25655977928587	0.4446847705407932	1166.5331859800895
449.3380521735804	70.70161083315978	0.44541745729496435	1167.5331859800895
450.19469637294895	71.14739493407885	0.4461508646583794	1168.5331859800895
451.0529165867863	71.59391280273408	0.4468849927943969	1169.5331859800895
451.91271444777226	72.04116515997966	0.44761984186637516	1170.5331859800895
452.7740915890773	72.48915272683325	0.44835541203767276	1171.5331859800895
453.63704964436147	72.9378762244759	0.44909170347164823	1172.5331859800895
454.5015902477749	73.38733637425187	0.44982871633166	1173.5331859800895
455.36771503395823	73.83753389766899	0.45056645078106655	1174.5331859800895
456.23542563804176	74.2884695163983	0.45130490698322645	1175.5331859800895
457.1047236956461	74.74014395227417	0.45204408510149807	1176.5331859800895
457.97561084288157	75.19255792729439	0.4527839852992399	1177.5331859800895
458.8480887163492	75.64571216362025	0.4535246077398107	1178.5331859800895
459.7221589531394	76.09960738357611	0.4542659525865686	1179.5331859800895
460.5978231908332	76.55424430964993	0.4550080200028723	1180.5331859800895
461.4750830675014	77.00962366449284	0.45575081015208024	1181.5331859800895
462.3539402217051	77.46574617091945	0.45649432319755084	1182.5331859800895
463.23439629249503	77.92261255190783	0.4572385593026428	1183.5331859800895
464.1164529194126	78.38022353059907	0.45798351863071435	1184.5331859800895
465.0001117424888	78.838579830298	0.45872920134512407	1185.5331859800895
465.88537440224513	79.29768217447256	0.45947560760923056	1186.5331859800895
466.7722425396928	79.75753128675416	0.4602227375863922	1187.5331859800895
467.6607177963333	80.21812789093747	0.4609705914399675	1188.5331859800895
468.550801814158	80.6794727109807	0.46171916933331497	1189.5331859800895
469.4424962356484	81.14156647100518	0.4624684714297931	1190.5331859800895
470.3358027037763	81.60440989529573	0.4632184978927603	1191.5331859800895
471.2307228620035	82.06800370830064	0.4639692488855752	1192.5331859800895
472.1272583542816	82.5323486346313	0.4647207245715962	1193.5331859800895
473.0254108250524	82.99744539906268	0.4654729251141817	1194.5331859800895
473.9251819192482	83.46329472653298	0.46622585067669053	1195.5331859800895
474.82657328229084	83.92989734214379	0.4669795014224808	1196.5331859800895
475.72958656009234	84.39725397116011	0.46773387751491113	1197.5331859800895
476.6342233990549	84.86536533901034	0.46848897911734005	1198.5331859800895
477.5404854460708	85.33423217128595	0.46924480639312605	1199.5331859800895
478.4483743485224	85.8038551937421	0.4700013595056276	1200.5331859800895
479.3578917542821	86.27423513229725	0.4707586386182032	1201.5331859800895
480.2690393117123	86.74537271303302	0.47151664389421133	1202.5331859800895
481.1818186696655	87.21726866219456	0.47227537549701043	1203.5331859800895
482.09623147748437	87.68992370619043	0.4730348335899591	1204.5331859800895
483.01227938500176	88.16333857159235	0.47379501833641574	1205.5331859800895
483.9299640425403	88.63751398513554	0.4745559298997388	1206.5331859800895
484.8492871009131	89.11245067371857	0.475317568443287	1207.5331859800895
485.77025021142254	89.5881493644033	0.47607993413041855	1208.5331859800895
486.6928550258622	90.06461078441504	0.4768430271244921	1209.5331859800895
487.6171031965148	90.54183566114239	0.4776068475888662	1210.5331859800895
488.5429963761536	91.01982472213734	0.4783713956868991	1211.5331859800895
489.4705362180417	91.49857869511517	0.4791366715819494	1212.5331859800895
490.3997243759326	91.9780983079547	0.4799026754373757	1213.5331859800895
491.33056250406975	92.45838428869786	0.48066940741653646	1214.5331859800895
492.2630522571864	92.93943736555013	0.48143686768279	1215.5331859800895
493.1971952905062	93.42125826688026	0.48220505639949507	1216.5331859800895
494.13299325974253	93.90384772122042	0.4829739737300099	1217.5331859800895
495.0704478210995	94.38720645726599	0.48374361983769315	1218.5331859800895
496.0095606312705	94.87133520387593	0.48451399488590335	1219.5331859800895
496.9503333474395	95.35623469007244	0.4852850990379987	1220.5331859800895
497.89276762728025	95.84190564504101	0.48605693245733805	1221.5331859800895
498.83686512895696	96.32834879813066	0.4868294953072797	1222.5331859800895
499.78262751112374	96.81556487885356	0.48760278775118215	1223.5331859800895
500.73005643292424	97.30355461688545	0.4883768099524039	1224.5331859800895
501.6791535539935	97.7923187420653	0.48915156207430355	1225.5331859800895
502.6299205344549	98.28185798439537	0.4899270442802394	1226.5331859800895
503.58235903492346	98.77217307404155	0.49070325673357007	1227.5331859800895
504.5364707165034	99.26326474133278	0.49148019959765404	1228.5331859800895
505.49225724078906	99.75513371676158	0.49225787303584967	1229.5331859800895
506.44972026986517	100.24778073098364	0.49303627721151555	1230.5331859800895
507.4088614663066	100.74120651481819	0.49381541228801035	1231.5331859800895
508.3696824931776	101.23541179924774	0.4945952784286922	1232.5331859800895
509.3321850140337	101.73039731541812	0.49537587579692	1233.5331859800895
510.2963706929191	102.22616379463852	0.49615720455605183	1234.5331859800895
511.26224119436887	102.72271196838163	0.4969392648694463	1235.5331859800895
512.2297981834085	103.22004256828333	0.4977220569004622	1236.5331859800895
513.1990433255527	103.71815632614289	0.49850558081245755	1237.5331859800895
514.1699782868068	104.21705397392299	0.4992898367687912	1238.5331859800895
515.1426047336661	104.71673624374971	0.5000748249328215	1239.5331859800895
516.1169243331157	105.21720386791236	0.5008605454679069	1240.5331859800895
517.0929387526312	105.71845757886362	0.5016469985374059	1241.5331859800895
518.0706496601783	106.2204981092197	0.5024341843046772	1242.5331859800895
519.0500587242124	106.72332619176002	0.5032221029330791	1243.5331859800895
520.031167613679	107.22694255942739	0.5040107545859701	1244.5331859800895
521.0139779980138	107.73134794532797	0.5048001394267086	1245.5331859800895
521.9984915471431	108.2365430827312	0.5055902576186534	1246.5331859800895
522.9847099314818	108.74252870507009	0.5063811093251626	1247.5331859800895
523.972634821937	109.24930554594084	0.5071726947095949	1248.5331859800895
524.9622678899041	109.75687433910304	0.5079650139353089	1249.5331859800895
525.9536108072689	110.26523581847965	0.5087580671656627	1250.5331859800895
526.9466652464082	110.77439071815702	0.5095518545640153	1251.5331859800895
527.9414328801881	111.28433977238481	0.5103463762937249	1252.5331859800895
528.9379153819644	111.79508371557606	0.5111416325181499	1253.5331859800895
529.9361144255844	112.30662328230714	0.5119376234006491	1254.5331859800895
530.9360316853837	112.81895920731785	0.5127343491045806	1255.5331859800895
531.9376688361892	113.33209222551122	0.5135318097933032	1256.5331859800895
532.9410275533178	113.84602307195382	0.5143300056301753	1257.5331859800895
533.946109512576	114.36075248187542	0.5151289367785554	1258.5331859800895
534.9529163902603	114.8762811906692	0.5159286034018019	1259.5331859800895
535.9614498631579	115.39260993389178	0.5167290056632734	1260.5331859800895
536.9717116085457	115.90973944726295	0.5175301437263283	1261.5331859800895
537.9837033041903	116.42767046666604	0.5183320177543251	1262.5331859800895
538.9974266283494	116.94640372814771	0.5191346279106226	1263.5331859800895
540.0128832597698	117.46593996791788	0.5199379743585787	1264.5331859800895
541.0300748776887	117.98627992234987	0.5207420572615524	1265.5331859800895
542.0490031618336	118.50742432798044	0.521546876782902	1266.5331859800895
543.0696697924213	119.0293739215096	0.5223524330859858	1267.5331859800895
544.0920764501602	119.55212943980075	0.5231587263341626	1268.5331859800895
545.1162248162473	120.07569161988076	0.5239657566907908	1269.5331859800895
546.1421165723702	120.60006119893963	0.5247735243192289	1270.5331859800895
547.1697534007064	121.12523891433091	0.5255820293828352	1271.5331859800895
548.1991369839243	121.65122550357148	0.5263912720449685	1272.5331859800895
549.2302690051812	122.17802170434146	0.5272012524689871	1273.5331859800895
550.2631511481248	122.7056282544845	0.5280119708182494	1274.5331859800895
551.2977850968939	123.23404589200752	0.5288234272561141	1275.5331859800895
552.3341725361158	123.76327535508074	0.5296356219459396	1276.5331859800895
553.3723151509089	124.29331738203784	0.5304485550510843	1277.5331859800895
554.4122146268815	124.82417271137581	0.531262226734907	1278.5331859800895
555.4538726501316	125.35584208175501	0.5320766371607658	1279.5331859800895
556.497290907248	125.88832623199912	0.5328917864920194	1280.5331859800895
557.5424710853089	126.42162590109525	0.5337076748920262	1281.5331859800895
558.5894148718828	126.95574182819385	0.5345243025241448	1282.5331859800895
559.6381239550283	127.49067475260873	0.5353416695517337	1283.5331859800895
560.6886000232939	128.02642541381698	0.5361597761381511	1284.5331859800895
561.7408447657185	128.5629945514591	0.5369786224467559	1285.5331859800895
562.7948598718312	129.10038290533902	0.5377982086409064	1286.5331859800895
563.8506470316505	129.63859121542384	0.538618534883961	1287.5331859800895
564.9082079356854	130.17762022184434	0.5394396013392784	1288.5331859800895
565.9675442749352	130.71747066489434	0.540261408170217	1289.5331859800895
567.0286577408885	131.2581432850311	0.5410839555401351	1290.5331859800895
568.0915500255248	131.79963882287535	0.5419072436123913	1291.5331859800895
569.1562228213139	132.3419580192111	0.5427312725503444	1292.5331859800895
570.2226778212141	132.88510161498573	0.5435560425173525	1293.5331859800895
571.2909167186756	133.42907035130997	0.5443815536767742	1294.5331859800895
572.3609412076376	133.9738649694579	0.5452078061919681	1295.5331859800895
573.4327529825297	134.51948621086694	0.5460348002262925	1296.5331859800895
574.5063537382717	135.065934817138	0.5468625359431061	1297.5331859800895
575.5817451702728	135.6132115300351	0.5476910135057671	1298.5331859800895
576.6589289744334	136.16131709148587	0.5485202330776343	1299.5331859800895
577.7379068471433	136.7102522435812	0.5493501948220662	1300.5331859800895
578.8186804852821	137.26001772857535	0.550180898902421	1301.5331859800895
579.9012515862199	137.81061428888583	0.5510123454820572	1302.5331859800895
580.9856218478171	138.36204266709365	0.5518445347243337	1303.5331859800895
582.0717929684238	138.91430360594313	0.5526774667926087	1304.5331859800895
583.1597666468798	139.46739784834202	0.5535111418502405	1305.5331859800895
584.2495445825158	140.0213261373612	0.5543455600605879	1306.5331859800895
585.3411284751523	140.57608921623518	0.5551807215870095	1307.5331859800895
586.4345200250997	141.1316878283617	0.5560166265928634	1308.5331859800895
587.529720933158	141.68812271730187	0.5568532752415082	1309.5331859800895
588.6267329006187	142.24539462678013	0.5576906676963026	1310.5331859800895
589.7255576292622	142.8035043006843	0.558528804120605	1311.5331859800895
590.8261968213587	143.36245248306562	0.5593676846777736	1312.5331859800895
591.9286521796699	143.9222399181386	0.5602073095311675	1313.5331859800895
593.0329254074462	144.4828673502811	0.5610476788441445	1314.5331859800895
594.1390182084288	145.04433552403447	0.5618887927800635	1315.5331859800895
595.2469322868487	145.60664518410334	0.5627306515022831	1316.5331859800895
596.3566693474272	146.16979707535563	0.5635732551741615	1317.5331859800895
597.4682310953755	146.73379194282268	0.5644166039590572	1318.5331859800895
598.5816192363945	147.2986305316992	0.5652606980203287	1319.5331859800895
599.6968354766761	147.8643135873433	0.5661055375213349	1320.5331859800895
600.8138815229015	148.43084185527624	0.5669511226254337	1321.5331859800895
601.9327590822421	148.9982160811829	0.5677974534959838	1322.5331859800895
603.0534698623601	149.56643701091144	0.5686445302963439	1323.5331859800895
604.1760155714065	150.13550539047336	0.5694923531898722	1324.5331859800895
605.3003979180235	150.70542196604342	0.5703409223399275	1325.5331859800895
606.4266186113425	151.27618748395983	0.5711902379098679	1326.5331859800895
607.5546793609857	151.84780269072422	0.5720403000630522	1327.5331859800895
608.6845818770654	152.4202683330015	0.5728911089628389	1328.5331859800895
609.8163278701828	152.99358515761986	0.5737426647725861	1329.5331859800895
610.9499190514312	153.56775391157106	0.5745949676556528	1330.5331859800895
612.0853571323918	154.14277534201005	0.5754480177753972	1331.5331859800895
613.2226438251372	154.7186501962552	0.5763018152951779	1332.5331859800895
614.3617808422296	155.2953792217882	0.577156360378353	1333.5331859800895
615.5027698967222	155.87296316625418	0.5780116531882818	1334.5331859800895
616.6456127021564	156.4514027774615	0.5788676938883222	1335.5331859800895
617.7903109725656	157.030698803382	0.5797244826418326	1336.5331859800895
618.9368664224722	157.6108519921508	0.5805820196121719	1337.5331859800895
620.085280766889	158.1918630920664	0.5814403049626984	1338.5331859800895
621.2355557213189	158.7737328515907	0.5822993388567705	1339.5331859800895
622.3876930017543	159.3564620193489	0.5831591214577467	1340.5331859800895
623.5416943246785	159.94005134412959	0.5840196529289856	1341.5331859800895
624.6975614070648	160.52450157488477	0.5848809334338458	1342.5331859800895
625.8552959663759	161.10981346072964	0.5857429631356854	1343.5331859800895
627.0148997205653	161.69598775094283	0.5866057421978633	1344.5331859800895
628.176374388076	162.28302519496657	0.5874692707837379	1345.5331859800895
629.3397216878417	162.87092654240604	0.5883335490566675	1346.5331859800895
630.5049433392853	163.4596925430301	0.5891985771800106	1347.5331859800895
631.6720410623208	164.04932394677067	0.590064355317126	1348.5331859800895
632.8410165773514	164.63982150372337	0.5909308836313718	1349.5331859800895
634.0118716052707	165.2311859641469	0.5917981622861067	1350.5331859800895
635.184607867463	165.8234180784635	0.5926661914446892	1351.5331859800895
636.3592270858015	166.4165185972587	0.5935349712704778	1352.5331859800895
637.5357309826504	167.0104882712813	0.5944045019268309	1353.5331859800895
638.7141212808634	167.6053278514437	0.5952747835771071	1354.5331859800895
639.8943997037848	168.2010380888213	0.5961458163846648	1355.5331859800895
641.0765679752484	168.79761973465318	0.5970176005128625	1356.5331859800895
642.2606278195785	169.3950735403417	0.5978901361250586	1357.5331859800895
643.4465809615893	169.99340025745244	0.5987634233846117	1358.5331859800895
644.6344291265855	170.5926006377145	0.5996374624548805	1359.5331859800895
645.824174040361	171.1926754330202	0.6005122534992231	1360.5331859800895
647.0158174292004	171.79362539542535	0.6013877966809982	1361.5331859800895
648.2093610198783	172.3954512771491	0.6022640921635642	1362.5331859800895
649.4048065396594	172.9981538305739	0.6031411401102797	1363.5331859800895
650.6021557162982	173.60173380824554	0.6040189406845031	1364.5331859800895
651.8014102780398	174.20619196287316	0.604897494049593	1365.5331859800895
653.0025719536188	174.81152904732943	0.6057768003689079	1366.5331859800895
654.20564247226	175.4177458146502	0.6066568598058059	1367.5331859800895
655.4106235636788	176.0248430180347	0.607537672523646	1368.5331859800895
656.6175169580802	176.6328214108456	0.6084192386857865	1369.5331859800895
657.826324386159	177.24168174660886	0.6093015584555859	1370.5331859800895
659.0370475791003	177.85142477901377	0.6101846319964024	1371.5331859800895
660.2496882685806	178.4620512619131	0.6110684594715952	1372.5331859800895
661.4642481867637	179.07356194932288	0.611953041044522	1373.5331859800895
662.6807290663063	179.68595759542248	0.6128383768785417	1374.5331859800895
663.8991326403532	180.29923895455482	0.6137244671370128	1375.5331859800895
665.1194606425402	180.9134067812258	0.6146113119832937	1376.5331859800895
666.341714806993	181.52846183010507	0.6154989115807428	1377.5331859800895
667.5658968683273	182.14440485602552	0.6163872660927188	1378.5331859800895
668.7920085616491	182.7612366139832	0.6172763756825801	1379.5331859800895
670.0200516225541	183.3789578591377	0.6181662405136851	1380.5331859800895
671.2500277871286	183.9975693468121	0.6190568607493924	1381.5331859800895
672.4819387919483	184.61707183249248	0.6199482365530605	1382.5331859800895
673.7157863740797	185.23746607182863	0.6208403680880479	1383.5331859800895
674.9515722710785	185.8587528206335	0.6217332555177129	1384.5331859800895
676.1892982209915	186.4809328348834	0.6226268990054141	1385.5331859800895
677.4289659623547	187.10400687071814	0.6235212987145102	1386.5331859800895
678.670577234195	187.72797568444074	0.6244164548083595	1387.5331859800895
679.914133776028	188.35284003251746	0.6253123674503203	1388.5331859800895
681.1596373278613	188.97860067157848	0.6262090368037514	1389.5331859800895
682.4070896301911	189.60525835841665	0.6271064630320112	1390.5331859800895
683.6564924240039	190.23281384998853	0.628004646298458	1391.5331859800895
684.9078474507772	190.86126790341407	0.6289035867664508	1392.5331859800895
686.1611564524775	191.49062127597637	0.6298032845993475	1393.5331859800895
687.4164211715613	192.12087472512218	0.6307037399605069	1394.5331859800895
688.6736433509764	192.75202900846128	0.6316049530132875	1395.5331859800895
689.9328247341596	193.38408488376706	0.6325069239210476	1396.5331859800895
691.1939670650379	194.01704310897617	0.6334096528471458	1397.5331859800895
692.4570720880287	194.65090444218865	0.6343131399549405	1398.5331859800895
693.7221415480399	195.28566964166777	0.6352173854077906	1399.5331859800895
694.9891771904681	195.92133946584033	0.6361223893690541	1400.5331859800895
696.2581807612011	196.55791467329644	0.6370281520020897	1401.5331859800895
697.5291540066164	197.19539602278957	0.6379346734702558	1402.5331859800895
698.8020986735817	197.83378427323643	0.638841953936911	1403.5331859800895
700.077016509455	198.4730801837173	0.6397499935654138	1404.5331859800895
701.3539092620837	199.11328451347566	0.6406587925191225	1405.5331859800895
702.6327786798056	199.75439802191843	0.6415683509613958	1406.5331859800895
703.9136265114494	200.39642146861576	0.6424786690555921	1407.5331859800895
705.1964545063323	201.03935561330138	0.64338974696507	1408.5331859800895
706.4812644142623	201.68320121587212	0.6443015848531877	1409.5331859800895
707.7680579855383	202.32795903638845	0.645214182883304	1410.5331859800895
709.0568369709484	202.9736298350738	0.6461275412187774	1411.5331859800895
710.3476031217706	203.6202143723155	0.647041660022966	1412.5331859800895
711.6403581897733	204.26771340866384	0.6479565394592287	1413.5331859800895
712.9351039272151	204.91612770483246	0.6488721796909238	1414.5331859800895
714.2318420868446	205.56545802169853	0.6497885808814099	1415.5331859800895
715.5305744219002	206.21570512030274	0.6507057431940453	1416.5331859800895
716.831302686111	206.8668697618485	0.6516236667921887	1417.5331859800895
718.1340286336953	207.5189527077033	0.6525423518391984	1418.5331859800895
719.4387540193622	208.17195471939772	0.6534617984984331	1419.5331859800895
720.745480598311	208.82587655862537	0.6543820069332512	1420.5331859800895
722.0542101262299	209.48071898724385	0.655302977307011	1421.5331859800895
723.3649443592985	210.13648276727352	0.6562247097830713	1422.5331859800895
724.677685054186	210.79316866089846	0.6571472045247905	1423.5331859800895
725.9924339680513	211.45077743046608	0.658070461695527	1424.5331859800895
727.3091928585441	212.109309838487	0.6589944814586394	1425.5331859800895
728.6279634838035	212.7687666476353	0.659919263977486	1426.5331859800895
729.9487476024591	213.42914862074844	0.6608448094154254	1427.5331859800895
731.2715469736302	214.09045652082696	0.6617711179358163	1428.5331859800895
732.5963633569265	214.7526911110353	0.6626981897020168	1429.5331859800895
733.923198512448	215.41585315470067	0.6636260248773856	1430.5331859800895
735.252054200784	216.07994341531418	0.6645546236252813	1431.5331859800895
736.5829321830147	216.74496265652988	0.6654839861090622	1432.5331859800895
737.9158342207096	217.41091164216542	0.6664141124920868	1433.5331859800895
739.250762075929	218.0777911362016	0.6673450029377137	1434.5331859800895
740.587717511223	218.74560190278282	0.6682766576093013	1435.5331859800895
741.9267022896314	219.41434470621667	0.6692090766702082	1436.5331859800895
743.2677181746848	220.0840203109742	0.6701422602837928	1437.5331859800895
744.6107669304034	220.75462948168953	0.6710762086134135	1438.5331859800895
745.9558503212974	221.42617298316082	0.672010921822429	1439.5331859800895
747.302970112367	222.0986515803487	0.6729464000741976	1440.5331859800895
748.6521280691035	222.77206603837791	0.673882643532078	1441.5331859800895
750.0033259574868	223.44641712253605	0.6748196523594285	1442.5331859800895
751.3565655439875	224.12170559827433	0.6757574267196076	1443.5331859800895
752.7118485955672	224.79793223120728	0.676695966775974	1444.5331859800895
754.0691768796755	225.47509778711282	0.6776352726918858	1445.5331859800895
755.4285521642545	226.15320303193204	0.6785753446307019	1446.5331859800895
756.789976217734	226.83224873176962	0.6795161827557805	1447.5331859800895
758.1534508090363	227.51223565289348	0.6804577872304804	1448.5331859800895
759.5189777075714	228.1931645617349	0.6814001582181598	1449.5331859800895
760.8865586832411	228.87503622488856	0.6823432958821773	1450.5331859800895
762.2561955064364	229.55785140911252	0.6832872003858914	1451.5331859800895
763.6278899480384	230.24161088132806	0.6842318718926604	1452.5331859800895
765.0016437794193	230.92631540861993	0.6851773105658432	1453.5331859800895
766.3774587724397	231.6119657582363	0.6861235165687978	1454.5331859800895
767.7553366994522	232.2985626975885	0.6870704900648831	1455.5331859800895
769.1352793332978	232.9861069942516	0.6880182312174576	1456.5331859800895
770.5172884473079	233.67459941596346	0.6889667401898792	1457.5331859800895
771.9013658153049	234.36404073062573	0.6899160171455071	1458.5331859800895
773.2875132116003	235.05443170630326	0.6908660622476994	1459.5331859800895
774.6757324109961	235.7457731112244	0.6918168756598146	1460.5331859800895
776.0660251887848	236.43806571378065	0.6927684575452115	1461.5331859800895
777.4583933207479	237.13131028252712	0.6937208080672485	1462.5331859800895
778.8528385831577	237.82550758618189	0.6946739273892836	1463.5331859800895
780.2493627527763	238.52065839362677	0.6956278156746756	1464.5331859800895
781.6479676068566	239.21676347390678	0.6965824730867832	1465.5331859800895
783.0486549231407	239.91382359623034	0.6975378997889649	1466.5331859800895
784.4514264798609	240.6118395299692	0.6984940959445789	1467.5331859800895
785.8562840557399	241.31081204465843	0.6994510617169838	1468.5331859800895
787.2632294299901	242.01074190999657	0.700408797269538	1469.5331859800895
788.6722643823148	242.71162989584536	0.7013673027656002	1470.5331859800895
790.0833906929059	243.41347677222998	0.7023265783685286	1471.5331859800895
791.4966101424471	244.1162833093391	0.7032866242416821	1472.5331859800895
792.9119245121108	244.82005027752467	0.7042474405484189	1473.5331859800895
794.3293355835602	245.52477844730166	0.7052090274520976	1474.5331859800895
795.7488451389481	246.23046858934896	0.7061713851160765	1475.5331859800895
797.1704549609184	246.9371214745083	0.7071345137037144	1476.5331859800895
798.5941668326033	247.64473787378535	0.7080984133783694	1477.5331859800895
800.0199825376269	248.35331855834852	0.7090630843034004	1478.5331859800895
801.4479038601021	249.06286429953005	0.7100285266421656	1479.5331859800895
802.8779325846328	249.77337586882527	0.7109947405580238	1480.5331859800895
804.310070496312	250.48485403789294	0.711961726214333	1481.5331859800895
805.7443193807236	251.19729957855517	0.7129294837744521	1482.5331859800895
807.1806810239416	251.91071326279746	0.7138980134017394	1483.5331859800895
808.6191572125289	252.6250958627688	0.7148673152595534	1484.5331859800895
810.0597497335405	253.3404481507813	0.715837389511253	1485.5331859800895
811.5024603745195	254.05677089931038	0.7168082363201961	1486.5331859800895
812.9472909235	254.77406488099516	0.7177798558497414	1487.5331859800895
814.3942431690059	255.49233086863785	0.7187522482632474	1488.5331859800895
815.8433189000517	256.2115696352041	0.7197254137240725	1489.5331859800895
817.2945199061414	256.9317819538229	0.7206993523955755	1490.5331859800895
818.7478479772694	257.6529685977866	0.7216740644411146	1491.5331859800895
820.2033049039198	258.375130340551	0.7226495500240484	1492.5331859800895
821.6608924770676	259.09826795573497	0.7236258093077353	1493.5331859800895
823.1206124881768	259.82238221712106	0.7246028424555339	1494.5331859800895
824.582466729202	260.5474738986552	0.7255806496308026	1495.5331859800895
826.0464569925883	261.2735437744463	0.7265592309969	1496.5331859800895
827.5125850712701	262.0005926187671	0.7275385867171846	1497.5331859800895
828.980852758672	262.7286212060533	0.7285187169550146	1498.5331859800895
830.451261848709	263.45763031090405	0.7294996218737488	1499.5331859800895
831.9238141357868	264.18762070808214	0.7304813016367457	1500.5331859800895
833.3985114147988	264.9185931725134	0.7314637564073634	1501.5331859800895
834.8753554811324	265.6505484792872	0.732446986348961	1502.5331859800895
836.3543481306609	266.3834874036562	0.7334309916248967	1503.5331859800895
837.8354911597504	267.1174107210362	0.7344157723985287	1504.5331859800895
839.3187863652561	267.8523192070068	0.7354013288332159	1505.5331859800895
840.804235544523	268.5882136373108	0.7363876610923165	1506.5331859800895
842.2918404953873	269.3250947878541	0.7373747693391892	1507.5331859800895
843.7816030161741	270.06296343470615	0.7383626537371923	1508.5331859800895
845.2735249056993	270.8018203541001	0.7393513144496847	1509.5331859800895
846.7676079632686	271.5416663224315	0.7403407516400244	1510.5331859800895
848.2638539886776	272.2825021162604	0.7413309654715702	1511.5331859800895
849.7622647822124	273.0243285123096	0.7423219561076804	1512.5331859800895
851.2628421446486	273.76714628746504	0.7433137237117134	1513.5331859800895
852.7655878772526	274.51095621877676	0.7443062684470283	1514.5331859800895
854.2705037817801	275.25575908345735	0.7452995904769827	1515.5331859800895
855.7775916604777	276.0015556588834	0.7462936899649357	1516.5331859800895
857.2868533160815	276.7483467225943	0.7472885670742457	1517.5331859800895
858.7982905518177	277.49613305229343	0.748284221968271	1518.5331859800895
860.3119051714026	278.2449154258469	0.7492806548103702	1519.5331859800895
861.8276989790434	278.9946946212847	0.7502778657639021	1520.5331859800895
863.3456737794355	279.74547141679966	0.7512758549922246	1521.5331859800895
864.8658313777662	280.49724659074855	0.7522746226586965	1522.5331859800895
866.3881735797122	281.2500209216509	0.7532741689266763	1523.5331859800895
867.9127021914405	282.00379518819005	0.7542744939595224	1524.5331859800895
869.4394190196074	282.7585701692126	0.7552755979205934	1525.5331859800895
870.9683258713599	283.5143466437285	0.7562774809732478	1526.5331859800895
872.4994245543354	284.2711253909108	0.757280143280844	1527.5331859800895
874.032716876661	285.02890719009633	0.7582835850067405	1528.5331859800895
875.5682046469533	285.78769282078486	0.7592878063142958	1529.5331859800895
877.1058896743199	286.5474830626398	0.7602928073668684	1530.5331859800895
878.6457737683576	287.30827869548796	0.7612985883278167	1531.5331859800895
880.1878587391548	288.07008049931943	0.7623051493604995	1532.5331859800895
881.7321463972884	288.83288925428735	0.763312490628275	1533.5331859800895
883.2786385538258	289.5967057407087	0.7643206122945018	1534.5331859800895
884.8273370203245	290.3615307390637	0.7653295145225382	1535.5331859800895
886.3782436088322	291.12736502999553	0.7663391974757428	1536.5331859800895
887.9313601318873	291.8942093943113	0.7673496613174742	1537.5331859800895
889.4866884025173	292.6620646129812	0.768360906211091	1538.5331859800895
891.0442302342399	293.43093146713863	0.7693729323199514	1539.5331859800895
892.6039874410628	294.2008107380806	0.7703857398074139	1540.5331859800895
894.165961837485	294.9717032072674	0.7713993288368372	1541.5331859800895
895.7301552384936	295.7436096563227	0.7724136995715796	1542.5331859800895
897.2965694595673	296.5165308670334	0.7734288521749996	1543.5331859800895
898.8652063166745	297.2904676213501	0.7744447868104559	1544.5331859800895
900.4360676262736	298.0654207013862	0.7754615036413068	1545.5331859800895
902.0091552053126	298.8413908894189	0.7764790028309109	1546.5331859800895
903.5844708712305	299.6183789678887	0.7774972845426266	1547.5331859800895
905.1620164419555	300.39638571939935	0.7785163489398125	1548.5331859800895
906.7417937359064	301.17541192671786	0.7795361961858269	1549.5331859800895
908.3238045719921	301.95545837277507	0.7805568264440285	1550.5331859800895
909.9080507696115	302.73652584066457	0.7815782398777756	1551.5331859800895
911.4945341486527	303.5186151136436	0.7826004366504269	1552.5331859800895
913.0832565294955	304.30172697513274	0.7836234169253405	1553.5331859800895
914.6742197330087	305.0858622087161	0.7846471808658755	1554.5331859800895
916.2674255805515	305.8710215981408	0.7856717286353899	1555.5331859800895
917.8628758939727	306.65720592731765	0.7866970603972423	1556.5331859800895
919.4605724956122	307.4444159803206	0.7877231763147914	1557.5331859800895
921.0605172082988	308.232652541387	0.7887500765513955	1558.5331859800895
922.6627118553522	309.02191639491747	0.789777761270413	1559.5331859800895
924.2671582605815	309.8122083254764	0.7908062306352024	1560.5331859800895
925.8738582482868	310.6035291177909	0.7918354848091224	1561.5331859800895
927.4828136432573	311.3958795567521	0.7928655239555316	1562.5331859800895
929.0940262707734	312.18926042741396	0.7938963482377881	1563.5331859800895
930.7074979566041	312.983672514994	0.7949279578192504	1564.5331859800895
932.3232305270095	313.7791166048733	0.7959603528632774	1565.5331859800895
933.9412258087398	314.5755934825959	0.7969935335332272	1566.5331859800895
935.5614856290347	315.3731039338696	0.7980274999924586	1567.5331859800895
937.1840118156247	316.1716487445651	0.7990622524043298	1568.5331859800895
938.8088061967296	316.97122870071684	0.8000977909321995	1569.5331859800895
940.4358706010596	317.7718445885226	0.8011341157394258	1570.5331859800895
942.0652068578156	318.5734971943433	0.8021712269893678	1571.5331859800895
943.6968167966874	319.3761873047033	0.8032091248453836	1572.5331859800895
945.3307022478557	320.17991570629056	0.8042478094708321	1573.5331859800895
946.966865041991	320.984683185956	0.805287281029071	1574.5331859800895
948.6053070102539	321.79049053071407	0.8063275396834595	1575.5331859800895
950.246029984295	322.59733852774264	0.8073685855973558	1576.5331859800895
951.8890357962555	323.405227964383	0.8084104189341182	1577.5331859800895
953.5343262787658	324.2141596281396	0.8094530398571057	1578.5331859800895
955.1819032649472	325.0241343066805	0.8104964485296766	1579.5331859800895
956.8317685884103	325.8351527878367	0.8115406451151892	1580.5331859800895
958.4839240832564	326.64721585960297	0.812585629777002	1581.5331859800895
960.1383715840766	327.46032431013725	0.8136314026784737	1582.5331859800895
961.7951129259528	328.2744789277608	0.8146779639829627	1583.5331859800895
963.4541499444548	329.0896805009586	0.8157253138538272	1584.5331859800895
965.1154844756453	329.90592981837847	0.8167734524544263	1585.5331859800895
966.7791183560751	330.72322766883184	0.817822379948118	1586.5331859800895
968.4450534227859	331.5415748412935	0.818872096498261	1587.5331859800895
970.1132915133094	332.3609721249016	0.8199226022682135	1588.5331859800895
971.7838344656673	333.18142030895757	0.8209738974213344	1589.5331859800895
973.4566841183714	334.00292018292646	0.8220259821209821	1590.5331859800895
975.1318423104232	334.8254725364363	0.8230788565305149	1591.5331859800895
976.8093108813148	335.6490781592786	0.8241325208132914	1592.5331859800895
978.4890916710281	336.47373784140837	0.82518697513267	1593.5331859800895
980.1711865200355	337.2994523729439	0.8262422196520094	1594.5331859800895
981.8555972692988	338.1262225441667	0.8272982545346679	1595.5331859800895
983.5423257602704	338.95404914552205	0.828355079944004	1596.5331859800895
985.2313738348926	339.78293296761825	0.8294126960433764	1597.5331859800895
986.9227433355974	340.61287480122667	0.8304711029961434	1598.5331859800895
988.6164361053072	341.4438754372827	0.8315303009656633	1599.5331859800895
990.3124539874357	342.2759356668847	0.8325902901152951	1600.5331859800895
992.0107988258837	343.10905628129444	0.8336510706083967	1601.5331859800895
993.711472465045	343.94323807193706	0.834712642608327	1602.5331859800895
995.4144767498024	344.77848183040123	0.8357750062784447	1603.5331859800895
997.119813525528	345.61478834843854	0.8368381617821076	1604.5331859800895
998.8274846380855	346.4521584179643	0.8379021092826746	1605.5331859800895
1000.5374919338269	347.2905928310573	0.8389668489435043	1606.5331859800895
1002.2498372595962	348.13009237995925	0.8400323809279548	1607.5331859800895
1003.9645224627261	348.97065785707554	0.841098705399385	1608.5331859800895
1005.6815493910397	349.8122900549748	0.8421658225211534	1609.5331859800895
1007.4009198928505	350.65498976638906	0.8432337324566181	1610.5331859800895
1009.1226358169615	351.4987577842137	0.8443024353691378	1611.5331859800895
1010.8466990126664	352.34359490150746	0.8453719314220709	1612.5331859800895
1012.5731113297486	353.18950191149236	0.8464422207787761	1613.5331859800895
1014.3018746184816	354.03647960755404	0.8475133036026118	1614.5331859800895
1016.0329907296293	354.8845287832412	0.8485851800569365	1615.5331859800895
1017.766461514445	355.7336502322659	0.8496578503051087	1616.5331859800895
1019.5022888246731	356.5838447485038	0.8507313145104867	1617.5331859800895
1021.2404745125469	357.43511312599367	0.8518055728364291	1618.5331859800895
1022.9810204307909	358.28745615893797	0.8528806254462945	1619.5331859800895
1024.7239284326185	359.1408746417021	0.8539564725034414	1620.5331859800895
1026.4692003717344	359.99536936881503	0.8550331141712282	1621.5331859800895
1028.216838102332	360.85094113496916	0.8561105506130132	1622.5331859800895
1029.9668434790958	361.7075907350201	0.8571887819921552	1623.5331859800895
1031.7192183572008	362.5653189639871	0.8582678084720126	1624.5331859800895
1033.4739645923105	363.42412661705225	0.8593476302159437	1625.5331859800895
1035.2310840405803	364.2840144895614	0.8604282473873075	1626.5331859800895
1036.990578558654	365.14498337702383	0.8615096601494618	1627.5331859800895
1038.7524500036664	366.00703407511185	0.8625918686657656	1628.5331859800895
1040.5167002332423	366.8701673796611	0.8636748730995771	1629.5331859800895
1042.2833311054965	367.7343840866711	0.8647586736142551	1630.5331859800895
1044.0523444790338	368.59968499230445	0.8658432703731578	1631.5331859800895
1045.823742212949	369.46607089288676	0.8669286635396438	1632.5331859800895
1047.5975261668275	370.3335425849074	0.8680148532770716	1633.5331859800895
1049.3736982007438	371.20210086501896	0.8691018397487997	1634.5331859800895
1051.1522601752638	372.0717465300375	0.8701896231181866	1635.5331859800895
1052.933213951442	372.9424803769423	0.8712782035485906	1636.5331859800895
1054.7165613908232	373.8143032028761	0.8723675812033704	1637.5331859800895
1056.5023043554447	374.687215805145	0.8734577562458847	1638.5331859800895
1058.2904447078306	375.5612189812183	0.8745487288394914	1639.5331859800895
1060.0809843109962	376.43631352872876	0.8756404991475494	1640.5331859800895
1061.873925028448	377.3125002454726	0.8767330673334172	1641.5331859800895
1063.6692687241812	378.18977992940927	0.8778264335604531	1642.5331859800895
1065.467017262681	379.06815337866163	0.8789205979920156	1643.5331859800895
1067.267172508925	379.947621391516	0.8800155607914636	1644.5331859800895
1069.0697363283768	380.8281847664217	0.881111322122155	1645.5331859800895
1070.874710586994	381.7098443019919	0.8822078821474486	1646.5331859800895
1072.682097151222	382.59260079700266	0.8833052410307028	1647.5331859800895
1074.4918978879973	383.4764550503936	0.8844033989352762	1648.5331859800895
1076.3041146647456	384.36140786126805	0.8855023560245272	1649.5331859800895
1078.1187493493842	385.2474600288921	0.8866021124618145	1650.5331859800895
1079.9358038103182	386.1346123526955	0.8877026684104963	1651.5331859800895
1081.755279916445	387.0228656322713	0.8888040240339312	1652.5331859800895
1083.5771795371502	387.912220667376	0.8899061794954775	1653.5331859800895
1085.401504542311	388.8026782579294	0.891009134958494	1654.5331859800895
1087.2282568022945	389.6942392040146	0.8921128905863391	1655.5331859800895
1089.0574381879564	390.58690430587825	0.8932174465423715	1656.5331859800895
1090.8890505706443	391.48067436392995	0.894322802989949	1657.5331859800895
1092.723095822195	392.37555017874297	0.8954289600924309	1658.5331859800895
1094.5595758149348	393.2715325510542	0.8965359180131751	1659.5331859800895
1096.3984924216809	394.1686222817632	0.8976436769155404	1660.5331859800895
1098.239847515741	395.0668201719336	0.8987522369628851	1661.5331859800895
1100.0836429709125	395.96612702279185	0.899861598318568	1662.5331859800895
1101.9298806614818	396.8665436357279	0.9009717611459472	1663.5331859800895
1103.7785624622268	397.76807081229543	0.9020827256083817	1664.5331859800895
1105.6296902484148	398.6707093542109	0.9031944918692294	1665.5331859800895
1107.4832658958032	399.5744600633544	0.9043070600918491	1666.5331859800895
1109.3392912806394	400.4793237417697	0.9054204304395993	1667.5331859800895
1111.1977682796612	401.3853011916632	0.9065346030758383	1668.5331859800895
1113.0586987700967	402.29239321540524	0.907649578163925	1669.5331859800895
1114.9220846296632	403.20060061552937	0.9087653558672174	1670.5331859800895
1116.7879277365685	404.10992419473246	0.9098819363490742	1671.5331859800895
1118.6562299695113	405.0203647558747	0.9109993197728541	1672.5331859800895
1120.5269932076787	405.9319231019801	0.9121175063019153	1673.5331859800895
1122.4002193307492	406.84460003623497	0.9132364960996163	1674.5331859800895
1124.2759102188909	407.75839636198987	0.9143562893293157	1675.5331859800895
1126.1540677527626	408.67331288275864	0.9154768861543721	1676.5331859800895
1128.0346938135115	409.5893504022182	0.9165982867381436	1677.5331859800895
1129.9177902827767	410.5065097242089	0.917720491243989	1678.5331859800895
1131.8033590426871	411.4247916527347	0.918843499835267	1679.5331859800895
1133.6914019758603	412.3441969919624	0.9199673126753356	1680.5331859800895
1135.5819209654057	413.26472654622273	0.9210919299275535	1681.5331859800895
1137.4749178949219	414.1863811200093	0.9222173517552794	1682.5331859800895
1139.3703946484966	415.10916151797954	0.9233435783218713	1683.5331859800895
1141.26835311071	416.03306854495384	0.9244706097906881	1684.5331859800895
1143.1687951666308	416.9581030059161	0.9255984463250883	1685.5331859800895
1145.0717227018174	417.8842657060137	0.9267270880884302	1686.5331859800895
1146.9771376023195	418.8115574505571	0.9278565352440724	1687.5331859800895
1148.8850417546757	419.73997904502033	0.9289867879553732	1688.5331859800895
1150.7954370459156	420.6695312950408	0.9301178463856913	1689.5331859800895
1152.7083253635583	421.60021500641915	0.931249710698385	1690.5331859800895
1154.6237085956134	422.53203098511955	0.9323823810568131	1691.5331859800895
1156.5415886305802	423.46498003726924	0.933515857624334	1692.5331859800895
1158.4619673574484	424.399062969159	0.934650140564306	1693.5331859800895
1160.3848466656973	425.33428058724303	0.9357852300400875	1694.5331859800895
1162.3102284452968	426.2706336981389	0.9369211262150373	1695.5331859800895
1164.2381145867066	427.2081231086273	0.9380578292525138	1696.5331859800895
1166.1685069808766	428.14674962565255	0.9391953393158755	1697.5331859800895
1168.1014075192468	429.08651405632213	0.9403336565684808	1698.5331859800895
1170.0368180937467	430.027417207907	0.9414727811736882	1699.5331859800895
1171.974740596797	430.96945988784154	0.9426127132948562	1700.5331859800895
1173.9151769213072	431.91264290372317	0.9437534530953433	1701.5331859800895
1175.858128960678	432.85696706331305	0.944895000738508	1702.5331859800895
1177.8035986087993	433.8024331745356	0.9460373563877089	1703.5331859800895
1179.7515877600522	434.7490420454784	0.9471805202063044	1704.5331859800895
1181.7020983093064	435.6967944843924	0.9483244923576529	1705.5331859800895
1183.6551321519225	436.6456912996923	0.949469273005113	1706.5331859800895
1185.6106911837512	437.5957332999558	0.9506148623120432	1707.5331859800895
1187.5687773011334	438.546921293924	0.9517612604418018	1708.5331859800895
1189.5293924008995	439.4992560905015	0.9529084675577477	1709.5331859800895
1191.4925383803704	440.45273849875605	0.9540564838232389	1710.5331859800895
1193.4582171373572	441.40736932791896	0.9552053094016342	1711.5331859800895
1195.4264305701602	442.36314938738474	0.9563549444562919	1712.5331859800895
1197.3971805775716	443.3200794867114	0.9575053891505708	1713.5331859800895
1199.3704690588715	444.2781604356202	0.958656643647829	1714.5331859800895
1201.3462979138314	445.23739304399584	0.9598087081114253	1715.5331859800895
1203.3246690427127	446.19777812188624	0.960961582704718	1716.5331859800895
1205.3055843462664	447.1593164795029	0.9621152675910657	1717.5331859800895
1207.2890457257347	448.1220089272206	0.9632697629338269	1718.5331859800895
1209.2750550828478	449.0858562755772	0.9644250688963598	1719.5331859800895
1211.2636143198283	450.05085933527437	0.9655811856420234	1720.5331859800895
1213.2547253393877	451.01701891717676	0.9667381133341759	1721.5331859800895
1215.2483900447276	451.98433583231264	0.9678958521361756	1722.5331859800895
1217.24461033954	452.9528108918735	0.9690544022113814	1723.5331859800895
1219.2433881280058	453.9224449072142	0.9702137637231515	1724.5331859800895
1221.2447253147982	454.893238689853	0.9713739368348443	1725.5331859800895
1223.2486238050788	455.86519305147164	0.9725349217098189	1726.5331859800895
1225.2550855044997	456.83830880391497	0.9736967185114332	1727.5331859800895
1227.2641123192025	457.81258675919116	0.9748593274030457	1728.5331859800895
1229.27570615582	458.78802772947216	0.9760227485480151	1729.5331859800895
1231.2898689214749	459.7646325270928	0.9771869821096999	1730.5331859800895
1233.3066025237788	460.7424019645514	0.9783520282514585	1731.5331859800895
1235.3259088708344	461.7213368545102	0.9795178871366493	1732.5331859800895
1237.347789871235	462.70143800979395	0.9806845589286312	1733.5331859800895
1239.372247434062	463.68270624339084	0.9818520437907621	1734.5331859800895
1241.399283468889	464.66514236845313	0.9830203418864009	1735.5331859800895
1243.428899885778	465.64874719829595	0.9841894533789057	1736.5331859800895
1245.4610985952827	466.63352154639756	0.9853593784316355	1737.5331859800895
1247.4958815084458	467.61946622640045	0.9865301172079487	1738.5331859800895
1249.5332505367996	468.6065820521093	0.9877016698712034	1739.5331859800895
1251.5732075923681	469.594869837493	0.9888740365847585	1740.5331859800895
1253.6157545876642	470.58433039668324	0.9900472175119722	1741.5331859800895
1255.6608934356912	471.5749645439758	0.9912212128162032	1742.5331859800895
1257.7086260499416	472.56677309382906	0.9923960226608098	1743.5331859800895
1259.7589543443996	473.5597568608654	0.9935716472091507	1744.5331859800895
1261.811880233539	474.5539166598699	0.9947480866245844	1745.5331859800895
1263.8674056323218	475.54925330579135	0.9959253410704689	1746.5331859800895
1265.9255324562037	476.545767613742	0.9971034107101634	1747.5331859800895
1267.9862626211263	477.5434603989973	0.9982822957070259	1748.5331859800895
1270.0495980435244	478.5423324769963	0.9994619962244149	1749.5331859800895
1272.1155406403225	479.54238466334084	1.0006425124256895	1750.5331859800895
1274.1840923289333	480.5436177737968	1.0018238444742074	1751.5331859800895
1276.2552550272615	481.5460326242928	1.0030059925333275	1752.5331859800895
1278.3290306537003	482.54963003092143	1.004188956766408	1753.5331859800895
1280.4054211271346	483.554410809938	1.0053727373368075	1754.5331859800895
1282.4844283669386	484.5603757777619	1.0065573344078849	1755.5331859800895
1284.566054292977	485.5675257509753	1.0077427481429986	1756.5331859800895
1286.650300825603	486.5758615463238	1.0089289787055065	1757.5331859800895
1288.7371698856618	487.58538398071653	1.0101160262587676	1758.5331859800895
1290.8266633944877	488.5960938712259	1.01130389096614	1759.5331859800895
1292.918783273905	489.6079920350879	1.0124925729909826	1760.5331859800895
1295.013531446229	490.6210792897015	1.0136820724966538	1761.5331859800895
1297.110909834264	491.63535645262925	1.014872389646512	1762.5331859800895
1299.2109203613052	492.65082434159706	1.0160635246039156	1763.5331859800895
1301.3135649511373	493.6674837744941	1.0172554775322233	1764.5331859800895
1303.4188455280348	494.6853355693729	1.0184482485947934	1765.5331859800895
1305.5267640167633	495.70438054444946	1.0196418379549845	1766.5331859800895
1307.637322342578	496.7246195181031	1.020836245776155	1767.5331859800895
1309.7505224312235	497.74605330887664	1.0220314722216637	1768.5331859800895
1311.8663662089352	498.76868273547586	1.0232275174548686	1769.5331859800895
1313.984855602439	499.79250861677014	1.0244243816391285	1770.5331859800895
1316.1059925389502	500.8175317717921	1.0256220649378018	1771.5331859800895
1318.2297789461736	501.8437530197381	1.026820567514247	1772.5331859800895
1320.3562167523055	502.8711731799677	1.0280198895318229	1773.5331859800895
1322.4853078860315	503.8997930720034	1.0292200311538875	1774.5331859800895
1324.6170542765267	504.9296135155314	1.0304209925437995	1775.5331859800895
1326.7514578534579	505.9606353304013	1.0316227738649173	1776.5331859800895
1328.8885205469794	506.99285933662617	1.0328253752805994	1777.5331859800895
1331.0282442877385	508.0262863543818	1.0340287969542046	1778.5331859800895
1333.1706310068707	509.06091720400826	1.035233039049091	1779.5331859800895
1335.3156826360025	510.0967527060083	1.0364381017286173	1780.5331859800895
1337.46340110725	511.13379368104825	1.0376439851561419	1781.5331859800895
1339.6137883532183	512.1720409499577	1.0388506894950231	1782.5331859800895
1341.7668463070056	513.2114953337298	1.04005821490862	1783.5331859800895
1343.9225769021969	514.2521576535208	1.0412665615602903	1784.5331859800895
1346.0809820728696	515.2940287306509	1.0424757296133933	1785.5331859800895
1348.2420637535893	516.3371093866028	1.043685719231287	1786.5331859800895
1350.4058238794137	517.3814004430229	1.04489653057733	1787.5331859800895
1352.5722643858883	518.4269027217211	1.0461081638148804	1788.5331859800895
1354.74138720905	519.4736170446708	1.047320619107297	1789.5331859800895
1356.9131942854267	520.5215442340084	1.0485338966179385	1790.5331859800895
1359.087687552035	521.570685112034	1.0497479965101635	1791.5331859800895
1361.2648689463817	522.6210405012104	1.0509629189473302	1792.5331859800895
1363.444740406464	523.6726112241647	1.052178664092797	1793.5331859800895
1365.6273038707684	524.7253981036866	1.0533952321099225	1794.5331859800895
1367.8125612782728	525.7794019627295	1.0546126231620652	1795.5331859800895
1370.000514568444	526.8346236244103	1.0558308374125833	1796.5331859800895
1372.1911656812397	527.8910639120087	1.0570498750248358	1797.5331859800895
1374.3845165571079	528.9487236489682	1.058269736162181	1798.5331859800895
1376.5805691369853	530.007603658896	1.0594904209879774	1799.5331859800895
1378.7793253623	531.0677047655615	1.0607119296655834	1800.5331859800895
1380.9807871749692	532.1290277928986	1.0619342623583574	1801.5331859800895
1383.1849565174007	533.1915735650043	1.063157419229658	1802.5331859800895
1385.391835332493	534.2553429061387	1.0643814004428438	1803.5331859800895
1387.601425563634	535.320336640725	1.0656062061612734	1804.5331859800895
1389.8137291547002	536.3865555933507	1.066831836548305	1805.5331859800895
1392.0287480500613	537.4540005887657	1.068058291767297	1806.5331859800895
1394.2464841945746	538.5226724518837	1.0692855719816081	1807.5331859800895
1396.4669395335889	539.5925720077819	1.070513677354597	1808.5331859800895
1398.6901160129426	540.6637000817003	1.071742608049622	1809.5331859800895
1400.9160155789623	541.7360574990428	1.072972364230041	1810.5331859800895
1403.1446401784688	542.8096450853766	1.0742029460592135	1811.5331859800895
1405.375991758769	543.884463666432	1.0754343537004973	1812.5331859800895
1407.6100722676617	544.9605140681027	1.0766665873172512	1813.5331859800895
1409.8468836534369	546.0377971164461	1.0778996470728337	1814.5331859800895
1412.0864278648717	547.1163136376827	1.0791335331306031	1815.5331859800895
1414.328706851236	548.1960644581959	1.080368245653918	1816.5331859800895
1416.5737225622877	549.2770504045334	1.0816037848061368	1817.5331859800895
1418.821476948276	550.3592723034056	1.082840150750618	1818.5331859800895
1421.0719719599415	551.4427309816863	1.0840773436507205	1819.5331859800895
1423.3252095485113	552.5274272664134	1.0853153636698023	1820.5331859800895
1425.5811916657053	553.6133619847869	1.0865542109712218	1821.5331859800895
1427.8399202637331	554.700535964171	1.087793885718338	1822.5331859800895
1430.101397295294	555.7889500320931	1.0890343880745093	1823.5331859800895
1432.365624713576	556.8786050162441	1.0902757182030933	1824.5331859800895
1434.6326044722603	557.969501744478	1.0915178762674496	1825.5331859800895
1436.9023385255166	559.0616410448121	1.0927608624309364	1826.5331859800895
1439.1748288280035	560.1550237454273	1.094004676856912	1827.5331859800895
1441.4500773348707	561.2496506746679	1.095249319708735	1828.5331859800895
1443.7280860017588	562.3455226610412	1.0964947911497638	1829.5331859800895
1446.0088567847972	563.4426405332181	1.0977410913433567	1830.5331859800895
1448.2923916406055	564.5410051200332	1.0989882204528727	1831.5331859800895
1450.5786925262948	565.6406172504838	1.1002361786416701	1832.5331859800895
1452.867761399464	566.7414777537308	1.1014849660731072	1833.5331859800895
1455.1596002182048	567.8435874590986	1.1027345829105428	1834.5331859800895
1457.4542109410954	568.9469471960749	1.103985029317335	1835.5331859800895
1459.7515955272072	570.0515577943108	1.1052363054568424	1836.5331859800895
1462.0517559361008	571.1574200836207	1.1064884114924236	1837.5331859800895
1464.3546941278266	572.2645348939823	1.1077413475874374	1838.5331859800895
1466.6604120629247	573.3729030555365	1.1089951139052416	1839.5331859800895
1468.9689117024259	574.482525398588	1.110249710609195	1840.5331859800895
1471.2801950078513	575.5934027536047	1.1115051378626564	1841.5331859800895
1473.5942639412117	576.7055359512176	1.112761395828984	1842.5331859800895
1475.9111204650073	577.8189258222212	1.1140184846715362	1843.5331859800895
1478.2307665422288	578.9335731975739	1.1152764045536716	1844.5331859800895
1480.553204136359	580.0494789083965	1.1165351556387488	1845.5331859800895
1482.8784352113667	581.1666437859735	1.117794738090126	1846.5331859800895
1485.2064617317144	582.2850686617531	1.1190551520711622	1847.5331859800895
1487.5372856623535	583.4047543673468	1.1203163977452155	1848.5331859800895
1489.8709089687243	584.5257017345291	1.1215784752756444	1849.5331859800895
1492.207333616759	585.6479115952382	1.1228413848258074	1850.5331859800895
1494.5465615728776	586.771384781575	1.1241051265590627	1851.5331859800895
1496.888594803994	587.8961221258049	1.1253697006387695	1852.5331859800895
1499.2334352775088	589.0221244603558	1.126635107228286	1853.5331859800895
1501.581084961313	590.1493926178192	1.1279013464909704	1854.5331859800895
1503.9315458237895	591.27792743095	1.1291684185901818	1855.5331859800895
1506.2848198338086	592.4077297326663	1.130436323689278	1856.5331859800895
1508.6409089607332	593.5388003560497	1.1317050619516178	1857.5331859800895
1510.9998151744153	594.671140134345	1.1329746335405595	1858.5331859800895
1513.3615404451969	595.8047499009608	1.1342450386194618	1859.5331859800895
1515.7260867439095	596.9396304894684	1.1355162773516831	1860.5331859800895
1518.093456041877	598.075782733603	1.1367883499005824	1861.5331859800895
1520.46365031091	599.2132074672629	1.1380612564295174	1862.5331859800895
1522.836671523311	600.3519055245099	1.139334997101847	1863.5331859800895
1525.2125216518734	601.4918777395688	1.1406095720809295	1864.5331859800895
1527.5912026698784	602.6331249468284	1.1418849815301235	1865.5331859800895
1529.9727165510997	603.7756479808403	1.1431612256127874	1866.5331859800895
1532.3570652698	604.9194476763195	1.1444383044922801	1867.5331859800895
1534.7442508007316	606.0645248681449	1.1457162183319598	1868.5331859800895
1537.134275119137	607.210880391358	1.1469949672951847	1869.5331859800895
1539.52714020075	608.3585150811642	1.1482745515453137	1870.5331859800895
1541.9228480217919	609.507429772932	1.149554971245705	1871.5331859800895
1544.3214005589778	610.6576253021935	1.1508362265597172	1872.5331859800895
1546.7227997895095	611.8091025046438	1.152118317650709	1873.5331859800895
1549.1270476910813	612.9618622161416	1.1534012446820388	1874.5331859800895
1551.5341462418744	614.1159052727093	1.1546850078170645	1875.5331859800895
1553.9440974205647	615.2712325105315	1.1559696072191457	1876.5331859800895
1556.3569032063137	616.4278447659576	1.15725504305164	1877.5331859800895
1558.7725655787754	617.5857428754994	1.158541315477906	1878.5331859800895
1561.1910865180937	618.7449276758324	1.1598284246613026	1879.5331859800895
1563.6124680049024	619.9054000037954	1.1611163707651881	1880.5331859800895
1566.0367120203243	621.0671606963908	1.1624051539529208	1881.5331859800895
1568.4638205459748	622.2302105907837	1.1636947743878594	1882.5331859800895
1570.8937955639558	623.3945505243032	1.1649852322333623	1883.5331859800895
1573.3266390568633	624.5601813344417	1.1662765276527882	1884.5331859800895
1575.7623530077794	625.7271038588548	1.1675686608094953	1885.5331859800895
1578.2009394002787	626.895318935361	1.1688616318668419	1886.5331859800895
1580.6424002184265	628.0648274019429	1.1701554409881871	1887.5331859800895
1583.0867374467762	629.2356300967465	1.171450088336889	1888.5331859800895
1585.533953070371	630.4077278580804	1.172745574076306	1889.5331859800895
1587.9840490747474	631.581121524417	1.1740418983697969	1890.5331859800895
1590.4370274459297	632.7558119343925	1.1753390613807204	1891.5331859800895
1592.8928901704296	633.9317999268054	1.176637063272434	1892.5331859800895
1595.3516392352553	635.1090863406188	1.177935904208297	1893.5331859800895
1597.8132766279	636.2876720149579	1.179235584351668	1894.5331859800895
1600.2778043363487	637.4675577891122	1.180536103865905	1895.5331859800895
1602.7452243490752	638.6487445025344	1.1818374629143666	1896.5331859800895
1605.2155386550457	639.8312329948401	1.1831396616604117	1897.5331859800895
1607.6887492437158	641.0150241058091	1.1844427002673985	1898.5331859800895
1610.164858105027	642.2001186753831	1.185746578898685	1899.5331859800895
1612.6438672294194	643.3865175436688	1.1870512977176304	1900.5331859800895
1615.1257786078143	644.5742215509354	1.188356856887593	1901.5331859800895
1617.61059423163	645.7632315376153	1.1896632565719314	1902.5331859800895
1620.0983160927692	646.9535483443052	1.1909704969340038	1903.5331859800895
1622.5889461836287	648.1451728117639	1.1922785781371685	1904.5331859800895
1625.0824864970946	649.3381057809142	1.1935875003447847	1905.5331859800895
1627.5789390265409	650.5323480928427	1.1948972637202102	1906.5331859800895
1630.0783057658346	651.7279005887985	1.196207868426804	1907.5331859800895
1632.5805887093313	652.9247641101945	1.1975193146279244	1908.5331859800895
1635.0857898518764	654.122939498607	1.1988316024869299	1909.5331859800895
1637.593911188806	655.3224275957755	1.2001447321671788	1910.5331859800895
1640.104954715946	656.5232292436029	1.20145870383203	1911.5331859800895
1642.6189224296124	657.7253452841554	1.2027735176448413	1912.5331859800895
1645.1358163266111	658.9287765596628	1.2040891737689718	1913.5331859800895
1647.655638404239	660.1335239125183	1.2054056723677797	1914.5331859800895
1650.178390660282	661.3395881852779	1.206723013604624	1915.5331859800895
1652.7040750930175	662.5469702206615	1.2080411976428629	1916.5331859800895
1655.23269370121	663.7556708615517	1.2093602246458544	1917.5331859800895
1657.7642484841167	664.9656909509957	1.2106800947769574	1918.5331859800895
1660.298741441485	666.1770313322029	1.2120008081995304	1919.5331859800895
1662.836174573551	667.3896928485464	1.2133223650769318	1920.5331859800895
1665.376549881041	668.6036763435629	1.2146447655725203	1921.5331859800895
1667.9198693651729	669.8189826609521	1.2159680098496544	1922.5331859800895
1670.4661350276526	671.0356126445772	1.2172920980716921	1923.5331859800895
1673.015348870677	672.2535671384647	1.2186170304019923	1924.5331859800895
1675.5675128969344	673.4728469868048	1.2199428070039136	1925.5331859800895
1678.1226291096004	674.693453033951	1.2212694280408143	1926.5331859800895
1680.6806995123432	675.9153861244195	1.2225968936760525	1927.5331859800895
1683.2417261093196	677.1386471028902	1.2239252040729873	1928.5331859800895
1685.805710905177	678.3632368142071	1.2252543593949772	1929.5331859800895
1688.3726559050524	679.5891561033764	1.22658435980538	1930.5331859800895
1690.9425631145743	680.8164058155684	1.227915205467555	1931.5331859800895
1693.5154345398603	682.0449867961165	1.2292468965448604	1932.5331859800895
1696.0912721875166	683.2748998905176	1.2305794332006545	1933.5331859800895
1698.6700780646418	684.5061459444318	1.2319128155982957	1934.5331859800895
1701.2518541788236	685.7387258036827	1.233247043901143	1935.5331859800895
1703.8366025381404	686.9726403142571	1.2345821182725545	1936.5331859800895
1706.4243251511596	688.2078903223049	1.2359180388758888	1937.5331859800895
1709.0150240269402	689.4444766741404	1.2372548058745048	1938.5331859800895
1711.6087011750287	690.6824002162404	1.2385924194317601	1939.5331859800895
1714.2053586054637	691.9216617952445	1.2399308797110136	1940.5331859800895
1716.804998328774	693.1622622579573	1.241270186875624	1941.5331859800895
1719.4076223559773	694.4042024513456	1.2426103410889495	1942.5331859800895
1722.013232698583	695.6474832225392	1.243951342514349	1943.5331859800895
1724.6218313685886	696.8921054188326	1.2452931913151806	1944.5331859800895
1727.2334203784826	698.1380698876827	1.246635887654803	1945.5331859800895
1729.848001741245	699.3853774767096	1.2479794316965747	1946.5331859800895
1732.4655774703424	700.6340290336974	1.2493238236038535	1947.5331859800895
1735.0861495797353	701.8840254065935	1.2506690635399988	1948.5331859800895
1737.709720083872	703.1353674435082	1.252015151668369	1949.5331859800895
1740.3362909976913	704.3880559927156	1.2533620881523224	1950.5331859800895
1742.9658643366224	705.6420919026527	1.2547098731552173	1951.5331859800895
1745.598442116584	706.8974760219202	1.2560585068404124	1952.5331859800895
1748.2340263539859	708.1542091992819	1.257407989371266	1953.5331859800895
1750.8726190657262	709.4122922836655	1.2587583209111366	1954.5331859800895
1753.5142222691952	710.6717261241616	1.260109501623383	1955.5331859800895
1756.1588379822724	711.9325115700244	1.2614615316713638	1956.5331859800895
1758.8064682233266	713.1946494706707	1.2628144112184367	1957.5331859800895
1761.4571150112176	714.458140675682	1.264168140427961	1958.5331859800895
1764.1107803652949	715.722986034802	1.2655227194632948	1959.5331859800895
1766.7674663053986	716.9891863979383	1.2668781484877967	1960.5331859800895
1769.4271748518572	718.2567426151617	1.2682344276648247	1961.5331859800895
1772.0899080254926	719.5256555367067	1.2695915571577383	1962.5331859800895
1774.7556678476137	720.7959260129703	1.2709495371298956	1963.5331859800895
1777.4244563400198	722.0675548945139	1.2723083677446545	1964.5331859800895
1780.0962755250014	723.3405430320615	1.273668049165374	1965.5331859800895
1782.7711274253388	724.614891276501	1.2750285815554125	1966.5331859800895
1785.4490140643022	725.8906004788835	1.2763899650781287	1967.5331859800895
1788.1299374656514	727.1676714904228	1.2777521998968806	1968.5331859800895
1790.8138996536384	728.446105162497	1.2791152861750272	1969.5331859800895
1793.5009026530017	729.725902346647	1.2804792240759266	1970.5331859800895
1796.190948488972	731.0070638945775	1.2818440137629374	1971.5331859800895
1798.8840391872716	732.2895906581559	1.2832096553994183	1972.5331859800895
1801.5801767741088	733.573483489414	1.2845761491487275	1973.5331859800895
1804.2793632761868	734.8587432405456	1.2859434951742241	1974.5331859800895
1806.9816007206946	736.1453707639088	1.2873116936392657	1975.5331859800895
1809.686891135313	737.4333669120251	1.288680744707211	1976.5331859800895
1812.3952365482146	738.7227325375788	1.2900506485414192	1977.5331859800895
1815.1066389880593	740.0134684934177	1.291421405305248	1978.5331859800895
1817.821100483998	741.3055756325535	1.2927930151620564	1979.5331859800895
1820.5386230656723	742.5990548081608	1.2941654782752026	1980.5331859800895
1823.2592087632133	743.8939068735772	1.295538794808045	1981.5331859800895
1825.9828596072425	745.1901326823044	1.2969129649239421	1982.5331859800895
1828.7095776288713	746.4877330880072	1.2982879887862526	1983.5331859800895
1831.4393648597013	747.7867089445134	1.2996638665583353	1984.5331859800895
1834.172223331824	749.087061105815	1.3010405984035482	1985.5331859800895
1836.9081550778214	750.388790426066	1.3024181844852498	1986.5331859800895
1839.647162130764	751.6918977595855	1.3037966249667987	1987.5331859800895
1842.3892465242147	752.996383960854	1.3051759200115534	1988.5331859800895
1845.1344102922246	754.3022498845173	1.3065560697828722	1989.5331859800895
1847.8826554693364	755.6094963853832	1.307937074444114	1990.5331859800895
1850.6339840905823	756.9181243184233	1.309318934158637	1991.5331859800895
1853.388398191484	758.2281345387728	1.3107016490898	1992.5331859800895
1856.1458998080527	759.5395279017296	1.312085219400961	1993.5331859800895
1858.9064909767922	760.8523052627556	1.3134696452554786	1994.5331859800895
1861.6701737346937	762.1664674774761	1.3148549268167113	1995.5331859800895
1864.4369501192396	763.4820154016791	1.316241064248018	1996.5331859800895
1867.2068221684046	764.7989498913166	1.3176280577127573	1997.5331859800895
1869.979791920648	766.1172718025036	1.3190159073742866	1998.5331859800895
1872.7558614149243	767.4369819915186	1.3204046133959655	1999.5331859800895
1875.535032690676	768.7580813148033	1.3217941759411518	2000.5331859800895
1878.3173077878364	770.0805706289631	1.3231845951732046	2001.5331859800895
1881.1026887468263	771.4044507907664	1.3245758712554818	2002.5331859800895
1883.8911776085602	772.7297226571454	1.3259680043513422	2003.5331859800895
1886.682776414441	774.0563870851948	1.327360994624144	2004.5331859800895
1889.4774872063624	775.3844449321737	1.3287548422372464	2005.5331859800895
1892.2753120267055	776.7138970555039	1.330149547354007	2006.5331859800895
1895.0762529183455	778.0447443127707	1.3315451101377849	2007.5331859800895
1897.8803119246454	779.3769875617227	1.3329415307519386	2008.5331859800895
1900.6874910894583	780.7106276602725	1.334338809359826	2009.5331859800895
1903.4977924571267	782.0456654664949	1.335736946124806	2010.5331859800895
1906.3112180724854	783.3821018386288	1.3371359412102373	2011.5331859800895
1909.1277699808575	784.7199376350767	1.338535794779478	2012.5331859800895
1911.9474502280564	786.0591737144034	1.3399365069958866	2013.5331859800895
1914.7702608603868	787.3998109353387	1.3413380780228221	2014.5331859800895
1917.5962039246422	788.7418501567739	1.3427405080236425	2015.5331859800895
1920.4252814681051	790.085292237765	1.344143797161706	2016.5331859800895
1923.2574955385523	791.4301380375308	1.3455479456003723	2017.5331859800895
1926.0928481842457	792.7763884154537	1.3469529535029985	2018.5331859800895
1928.9313414539397	794.1240442310792	1.348358821032944	2019.5331859800895
1931.7729773968779	795.4731063441164	1.3497655483535667	2020.5331859800895
1934.6177580627968	796.8235756144378	1.3511731356282257	2021.5331859800895
1937.4656855019182	798.1754529020787	1.3525815830202788	2022.5331859800895
1940.3167617649585	799.5287390672386	1.3539908906930849	2023.5331859800895
1943.1709889031213	800.8834349702797	1.3554010588100025	2024.5331859800895
1946.0283689681016	802.2395414717278	1.35681208753439	2025.5331859800895
1948.888904012084	803.5970594322721	1.3582239770296063	2026.5331859800895
1951.7525960877413	804.9559897127651	1.3596367274590089	2027.5331859800895
1954.6194472482423	806.3163331742224	1.3610503389859572	2028.5331859800895
1957.4894595472383	807.6780906778239	1.3624648117738094	2029.5331859800895
1960.3626350388756	809.0412630849115	1.3638801459859238	2030.5331859800895
1963.2389757777898	810.4058512569917	1.3652963417856592	2031.5331859800895
1966.1184838191052	811.7718560557332	1.366713399336374	2032.5331859800895
1969.0011612184376	813.1392783429691	1.3681313188014268	2033.5331859800895
1971.8870100318916	814.5081189806953	1.3695501003441757	2034.5331859800895
1974.7760323160626	815.8783788310711	1.3709697441279793	2035.5331859800895
1977.6682301280368	817.2500587564193	1.3723902503161964	2036.5331859800895
1980.563605525389	818.623159619226	1.3738116190721854	2037.5331859800895
1983.4621605661846	819.9976822821408	1.3752338505593047	2038.5331859800895
1986.3638973089794	821.3736276079763	1.3766569449409125	2039.5331859800895
1989.2688178128199	822.7509964597086	1.3780809023803677	2040.5331859800895
1992.1769241372408	824.1297897004774	1.3795057230410288	2041.5331859800895
1995.0882183422693	825.5100081935856	1.3809314070862542	2042.5331859800895
1998.00270248842	826.8916528024993	1.3823579546794023	2043.5331859800895
2000.9203786366988	828.2747243908481	1.3837853659838315	2044.5331859800895
2003.841248848603	829.6592238224252	1.3852136411629004	2045.5331859800895
2006.7653151861182	831.0451519611865	1.3866427803799677	2046.5331859800895
2009.6925797117206	832.4325096712522	1.3880727837983917	2047.5331859800895
2012.623044488377	833.821297816905	1.389503651581531	2048.5331859800895
2015.5567115795425	835.2115172625911	1.3909353838927436	2049.5331859800895
2018.493583049165	836.603168872921	1.3923679808953888	2050.5331859800895
2021.4336609616798	837.9962535126667	1.3938014427528242	2051.5331859800895
2024.3769473820148	839.390772046766	1.3952357696284092	2052.5331859800895
2027.323444375586	840.7867253403177	1.3966709616855018	2053.5331859800895
2030.2731540083003	842.184114258585	1.3981070190874603	2054.5331859800895
2033.2260783465547	843.5829396669951	1.3995439419976436	2055.5331859800895
2036.1822194572358	844.9832024311376	1.40098173057941	2056.5331859800895
2039.1415794077207	846.3849034167656	1.4024203849961179	2057.5331859800895
2042.1041602658759	847.7880434897958	1.4038599054111258	2058.5331859800895
2045.06996410006	849.1926235163085	1.4053002919877926	2059.5331859800895
2048.0389929791195	850.5986443625468	1.4067415448894767	2060.5331859800895
2051.0112489723915	852.0061068949168	1.4081836642795358	2061.5331859800895
2053.9867341497034	853.4150119799897	1.4096266503213295	2062.5331859800895
2056.965450581373	854.8253604844978	1.4110705031782151	2063.5331859800895
2059.947400338207	856.2371532753388	1.4125152230135525	2064.5331859800895
2062.932585491504	857.6503912195724	1.4139608099906988	2065.5331859800895
2065.92100811305	859.0650751844219	1.415407264273013	2066.5331859800895
2068.9126702751264	860.4812060372747	1.4168545860238546	2067.5331859800895
2071.9075740504973	861.89878464568	1.4183027754065805	2068.5331859800895
2074.9057215124217	863.3178118773528	1.41975183258455	2069.5331859800895
2077.907114734648	864.7382886001689	1.4212017577211216	2070.5331859800895
2080.911755791414	866.160215682169	1.4226525509796535	2071.5331859800895
2083.9196467574484	867.5835939915567	1.4241042125235046	2072.5331859800895
2086.9307897079693	869.0084243966987	1.425556742516033	2073.5331859800895
2089.9451867186845	870.434707766126	1.4270101411205975	2074.5331859800895
2092.962839865792	871.8624449685317	1.4284644085005562	2075.5331859800895
2095.983751225981	873.2916368727736	1.4299195448192683	2076.5331859800895
2099.00792287643	874.7222843478712	1.4313755502400916	2077.5331859800895
2102.0353568948053	876.1543882630087	1.432832424926384	2078.5331859800895
2105.0660553592697	877.5879494875336	1.4342901690415057	2079.5331859800895
2108.1000203484696	879.0229688909558	1.435748782748814	2080.5331859800895
2111.1372539415433	880.4594473429497	1.4372082662116679	2081.5331859800895
2114.177758218121	881.8973857133523	1.4386686195934255	2082.5331859800895
2117.2215352583216	883.3367848721639	1.4401298430574454	2083.5331859800895
2120.268587142753	884.777645689549	1.4415919367670862	2084.5331859800895
2123.318915952514	886.2199690358344	1.443054900885706	2085.5331859800895
2126.3725237691965	887.6637557815112	1.4445187355766642	2086.5331859800895
2129.429412674877	889.1090067972328	1.4459834410033183	2087.5331859800895
2132.4895847521266	890.5557229538175	1.4474490173290275	2088.5331859800895
2135.553042084003	892.0039051222453	1.44891546471715	2089.5331859800895
2138.619786754057	893.4535541736602	1.450382783331044	2090.5331859800895
2141.689820846328	894.9046709793704	1.4518509733340685	2091.5331859800895
2144.7631464453457	896.3572564108459	1.4533200348895816	2092.5331859800895
2147.839765636128	897.8113113397214	1.454789968160942	2093.5331859800895
2150.9196805041884	899.2668366377944	1.4562607733115085	2094.5331859800895
2154.0028931355237	900.7238331770253	1.4577324505046387	2095.5331859800895
2157.089405616625	902.1823018295389	1.4592049999036922	2096.5331859800895
2160.1792200344717	903.6422434676224	1.4606784216720263	2097.5331859800895
2163.272338476535	905.1036589637272	1.4621527159730006	2098.5331859800895
2166.368763030773	906.5665491904671	1.4636278829699727	2099.5331859800895
2169.468495785638	908.0309150206203	1.4651039228263016	2100.5331859800895
2172.5715388300705	909.4967573271273	1.4665808357053458	2101.5331859800895
2175.6778942534993	910.9640769830928	1.4680586217704636	2102.5331859800895
2178.787564145846	912.4328748617846	1.4695372811850136	2103.5331859800895
2181.90055059752	913.9031518366338	1.4710168141123543	2104.5331859800895
2185.0168556994236	915.3749087812348	1.4724972207158442	2105.5331859800895
2188.136481542946	916.8481465693454	1.4739785011588415	2106.5331859800895
2191.2594302199686	918.3228660748866	1.4754606556047047	2107.5331859800895
2194.385703822862	919.7990681719435	1.4769436842167931	2108.5331859800895
2197.515304444488	921.2767537347634	1.4784275871584642	2109.5331859800895
2200.648234178197	922.7559236377582	1.4799123645930774	2110.5331859800895
2203.78449511783	924.2365787555016	1.48139801668399	2111.5331859800895
2206.924089357717	925.7187199627325	1.4828845435945615	2112.5331859800895
2210.067018992681	927.2023481343521	1.48437194548815	2113.5331859800895
2213.213286118033	928.6874641454242	1.485860222528114	2114.5331859800895
2216.362892829574	930.174068871178	1.4873493748778122	2115.5331859800895
2219.5158412235965	931.6621631870041	1.4888394027006029	2116.5331859800895
2222.67213339688	933.151747968458	1.4903303061598445	2117.5331859800895
2225.8317714466975	934.6428240912572	1.491822085418896	2118.5331859800895
2228.99475747081	936.1353924312834	1.493314740641115	2119.5331859800895
2232.1610935674694	937.6294538645819	1.4948082719898605	2120.5331859800895
2235.330781835418	939.1250092673598	1.496302679628491	2121.5331859800895
2238.5038243738877	940.6220595159897	1.4977979637203653	2122.5331859800895
2241.6802232826	942.1206054870063	1.4992941244288414	2123.5331859800895
2244.859980661768	943.6206480571075	1.500791161917278	2124.5331859800895
2248.043098612092	945.1221881031553	1.5022890763490337	2125.5331859800895
2251.229579234765	946.6252265021744	1.5037878678874663	2126.5331859800895
2254.41942463147	948.1297641313537	1.505287536695935	2127.5331859800895
2257.612636904379	949.6358018680438	1.5067880829377982	2128.5331859800895
2260.809218156155	951.1433405897614	1.5082895067764146	2129.5331859800895
2264.009170489949	952.6523811741837	1.5097918083751423	2130.5331859800895
2267.2124960094043	954.1629244991526	1.5112949878973396	2131.5331859800895
2270.419196818654	955.674971442674	1.5127990455063656	2132.5331859800895
2273.6292750223197	957.1885228829155	1.5143039813655779	2133.5331859800895
2276.8427327255167	958.7035796982094	1.515809795638336	2134.5331859800895
2280.059572033845	960.2201427670514	1.517316488487998	2135.5331859800895
2283.2797950533986	961.738212968099	1.5188240600779221	2136.5331859800895
2286.503403890761	963.257791180175	1.5203325105714671	2137.5331859800895
2289.7304006530057	964.7788782822643	1.5218418401319915	2138.5331859800895
2292.960787447694	966.3014751535159	1.5233520489228536	2139.5331859800895
2296.1945663828815	967.825582673241	1.5248631371074117	2140.5331859800895
2299.4317395671096	969.351201720916	1.526375104849025	2141.5331859800895
2302.672309109414	970.8783331761796	1.527887952311052	2142.5331859800895
2305.916277119315	972.4069779188327	1.52940167965685	2143.5331859800895
2309.163645706829	973.9371368288421	1.5309162870497786	2144.5331859800895
2312.4144169824576	975.4688107863358	1.5324317746531957	2145.5331859800895
2315.668593057196	977.0020006716064	1.5339481426304604	2146.5331859800895
2318.9261760425275	978.5367073651095	1.5354653911449305	2147.5331859800895
2322.187168050426	980.0729317474631	1.5369835203599649	2148.5331859800895
2325.451571193355	981.6106746994506	1.538502530438922	2149.5331859800895
2328.7193875842695	983.1499371020168	1.5400224215451603	2150.5331859800895
2331.990619336613	984.6907198362711	1.5415431938420385	2151.5331859800895
2335.265268564319	986.2330237834852	1.5430648474929145	2152.5331859800895
2338.5433373818123	987.7768498250958	1.5445873826611474	2153.5331859800895
2341.8248279040076	989.3221988427017	1.5461107995100956	2154.5331859800895
2345.1097422463085	990.8690717180641	1.5476350982031168	2155.5331859800895
2348.3980825246117	992.4174693331101	1.549160278903571	2156.5331859800895
2351.6898508552986	993.967392569928	1.5506863417748151	2157.5331859800895
2354.985049355246	995.518842310771	1.5522132869802088	2158.5331859800895
2358.283680141817	997.0718194380546	1.5537411146831102	2159.5331859800895
2361.5857453328686	998.6263248343577	1.5552698250468773	2160.5331859800895
2364.8912470467435	1000.1823593824231	1.5567994182348692	2161.5331859800895
2368.2001874022767	1001.7399239651565	1.5583298944104438	2162.5331859800895
2371.512568518795	1003.2990194656277	1.5598612537369605	2163.5331859800895
2374.828392516112	1004.8596467670685	1.561393496377777	2164.5331859800895
2378.147661514533	1006.4218067528756	1.562926622496252	2165.5331859800895
2381.4703776348547	1007.9855003066081	1.5644606322557444	2166.5331859800895
2384.79654299836	1009.5507283119885	1.5659955258196119	2167.5331859800895
2388.1261597268267	1011.1174916529033	1.5675313033512135	2168.5331859800895
2391.4592299425176	1012.6857912134014	1.5690679650139077	2169.5331859800895
2394.7957557681902	1014.2556278776958	1.5706055109710528	2170.5331859800895
2398.1357393270896	1015.8270025301628	1.5721439413860077	2171.5331859800895
2401.479182742951	1017.3999160553416	1.5736832564221301	2172.5331859800895
2404.826088140001	1018.9743693379353	1.5752234562427794	2173.5331859800895
2408.176457642955	1020.5503632628099	1.5767645410113134	2174.5331859800895
2411.5302933770186	1022.1278987149949	1.5783065108910908	2175.5331859800895
2414.8875974678886	1023.7069765796832	1.5798493660454702	2176.5331859800895
2418.24837204175	1025.2875977422316	1.5813931066378102	2177.5331859800895
2421.612619225281	1026.86976308816	1.5829377328314693	2178.5331859800895
2424.9803411456446	1028.4534735031498	1.5844832447898052	2179.5331859800895
2428.3515399304997	1030.0387298730484	1.5860296426761775	2180.5331859800895
2431.7262177079906	1031.6255330838655	1.5875769266539437	2181.5331859800895
2435.104376606756	1033.2138840217747	1.5891250968864632	2182.5331859800895
2438.4860187559216	1034.8037835731113	1.590674153537094	2183.5331859800895
2441.8711462851034	1036.3952326243761	1.5922240967691947	2184.5331859800895
2445.2597613244084	1037.9882320622314	1.5937749267461239	2185.5331859800895
2448.6518660044326	1039.5827827735043	1.5953266436312394	2186.5331859800895
2452.0474624562644	1041.1788856451844	1.5968792475879008	2187.5331859800895
2455.4465528114793	1042.7765415644253	1.598432738779466	2188.5331859800895
2458.8491392021438	1044.3757514185427	1.5999871173692928	2189.5331859800895
2462.255223760817	1045.9765160950176	1.601542383520741	2190.5331859800895
2465.664808620545	1047.5788364814925	1.6030985373971682	2191.5331859800895
2469.0778959148656	1049.1827134657747	1.6046555791619337	2192.5331859800895
2472.4944877778034	1050.7881479358336	1.6062135089783949	2193.5331859800895
2475.91458634388	1052.3951407798031	1.6077723270099114	2194.5331859800895
2479.3381937480985	1054.0036928859797	1.6093320334198407	2195.5331859800895
2482.765312125959	1055.6138051428231	1.6108926283715417	2196.5331859800895
2486.1959436134493	1057.2254784389581	1.6124541120283733	2197.5331859800895
2489.6300903470465	1058.8387136631698	1.6140164845536935	2198.5331859800895
2493.0677544637165	1060.453511704409	1.6155797461108607	2199.5331859800895
2496.50893810092	1062.0698734517898	1.6171438968632341	2200.5331859800895
2499.9536433966023	1063.6877997945885	1.6187089369741712	2201.5331859800895
2503.401872489203	1065.3072916222454	1.620274866607031	2202.5331859800895
2506.85362751765	1066.9283498243644	1.621841685925172	2203.5331859800895
2510.308910621361	1068.5509752907121	1.623409395091953	2204.5331859800895
2513.7677239402437	1070.1751689112189	1.6249779942707319	2205.5331859800895
2517.2300696146986	1071.8009315759784	1.6265474836248677	2206.5331859800895
2520.69594978561	1073.4282641752482	1.6281178633177182	2207.5331859800895
2524.16536659436	1075.057167599448	1.6296891335126427	2208.5331859800895
2527.6383221828146	1076.687642739162	1.631261294372999	2209.5331859800895
2531.1148186933337	1078.319690485137	1.6328343460621457	2210.5331859800895
2534.5948582687674	1079.9533117282836	1.6344082887434424	2211.5331859800895
2538.078443052452	1081.5885073596758	1.6359831225802461	2212.5331859800895
2541.565575188216	1083.2252782705502	1.6375588477359158	2213.5331859800895
2545.056256820379	1084.8636253523082	1.6391354643738103	2214.5331859800895
2548.5504900937503	1086.503549496513	1.6407129726572875	2215.5331859800895
2552.048277153629	1088.1450515948927	1.6422913727497064	2216.5331859800895
2555.549620145804	1089.7881325393366	1.6438706648144255	2217.5331859800895
2559.054521216555	1091.4327932218998	1.6454508490148032	2218.5331859800895
2562.5629825126493	1093.0790345347993	1.6470319255141979	2219.5331859800895
2566.0750061813483	1094.7268573704157	1.6486138944759678	2220.5331859800895
2569.5905943704	1096.3762626212929	1.650196756063472	2221.5331859800895
2573.109749228044	1098.0272511801386	1.6517805104400682	2222.5331859800895
2576.6324729030107	1099.6798239398242	1.6533651577691157	2223.5331859800895
2580.15876754452	1101.3339817933827	1.654950698213973	2224.5331859800895
2583.6886353022805	1102.9897256340116	1.6565371319379978	2225.5331859800895
2587.222078326492	1104.6470563550727	1.6581244591045494	2226.5331859800895
2590.7590987678445	1106.3059748500891	1.6597126798769855	2227.5331859800895
2594.299698777518	1107.9664820127498	1.6613017944186654	2228.5331859800895
2597.843880507183	1109.6285787369043	1.662891802892947	2229.5331859800895
2601.391646108998	1111.2922659165677	1.664482705463189	2230.5331859800895
2604.942997735616	1112.9575444459172	1.6660745022927501	2231.5331859800895
2608.4979375401736	1114.624415219294	1.6676671935449885	2232.5331859800895
2612.056467676304	1116.2928791312024	1.6692607793832628	2233.5331859800895
2615.6185902981256	1117.96293707631	1.6708552599709312	2234.5331859800895
2619.18430756025	1119.6345899494486	1.6724506354713529	2235.5331859800895
2622.753621617778	1121.3078386456118	1.674046906047886	2236.5331859800895
2626.3265346262983	1122.9826840599576	1.6756440718638883	2237.5331859800895
2629.903048741894	1124.6591270878073	1.6772421330827194	2238.5331859800895
2633.4831661211338	1126.3371686246448	1.6788410898677373	2239.5331859800895
2637.0668889210806	1128.016809566119	1.6804409423823004	2240.5331859800895
2640.6542192992833	1129.6980508080405	1.6820416907897675	2241.5331859800895
2644.245159413783	1131.3808932463842	1.6836433352534965	2242.5331859800895
2647.839711423113	1133.0653377772876	1.6852458759368467	2243.5331859800895
2651.437877486291	1134.751385297052	1.6868493130031756	2244.5331859800895
2655.039659762831	1136.4390367021426	1.6884536466158426	2245.5331859800895
2658.6450604127326	1138.1282928891867	1.690058876938206	2246.5331859800895
2662.2540815964885	1139.8191547549766	1.691665004133624	2247.5331859800895
2665.86672547508	1141.5116231964664	1.6932720283654557	2248.5331859800895
2669.482994209977	1143.205699110774	1.6948799497970586	2249.5331859800895
2673.1028899631415	1144.9013833951817	1.6964887685917915	2250.5331859800895
2676.7264148970266	1146.598676947133	1.6980984849130132	2251.5331859800895
2680.3535711745726	1148.2975806642376	1.6997090989240824	2252.5331859800895
2683.984360959213	1149.9980954442658	1.7013206107883574	2253.5331859800895
2687.618786414868	1151.700222185153	1.7029330206691962	2254.5331859800895
2691.2568497059497	1153.4039617849976	1.704546328729958	2255.5331859800895
2694.89855299736	1155.1093151420607	1.7061605351340006	2256.5331859800895
2698.5438984544917	1156.8162831547677	1.7077756400446829	2257.5331859800895
2702.1928882432276	1158.5248667217068	1.7093916436253633	2258.5331859800895
2705.8455245299388	1160.2350667416292	1.7110085460394007	2259.5331859800895
2709.5018094814864	1161.946884113451	1.7126263474501529	2260.5331859800895
2713.161745265226	1163.66031973625	1.7142450480209788	2261.5331859800895
2716.8253340489973	1165.3753745092677	1.7158646479152366	2262.5331859800895
2720.492578001134	1167.092049331909	1.717485147296285	2263.5331859800895
2724.1634792904592	1168.8103451037437	1.7191065463274828	2264.5331859800895
2727.838040086285	1170.5302627245023	1.7207288451721883	2265.5331859800895
2731.516262558413	1172.25180309408	1.722352043993759	2266.5331859800895
2735.19814887714	1173.9749671125367	1.7239761429555551	2267.5331859800895
2738.8837012132435	1175.6997556800925	1.7256011422209339	2268.5331859800895
2742.5729217380003	1177.426169697134	1.7272270419532543	2269.5331859800895
2746.265812623172	1179.154210064209	1.7288538423158744	2270.5331859800895
2749.962376041013	1180.88387768203	1.7304815434721532	2271.5331859800895
2753.6626141642646	1182.6151734514726	1.7321101455854493	2272.5331859800895
2757.366529166162	1184.3480982735746	1.7337396488191206	2273.5331859800895
2761.0741232204273	1186.0826530495387	1.735370053336526	2274.5331859800895
2764.7853985012744	1187.8188386807296	1.7370013593010234	2275.5331859800895
2768.5003571834072	1189.5566560686775	1.7386335668759725	2276.5331859800895
2772.219001442018	1191.2961061150731	1.7402666762247305	2277.5331859800895
2775.9413334527917	1193.0371897217724	1.7419006875106566	2278.5331859800895
2779.667355391902	1194.7799077907946	1.7435356008971092	2279.5331859800895
2783.3970694360128	1196.5242612243217	1.7451714165474466	2280.5331859800895
2787.130477762277	1198.270250924699	1.7468081346250275	2281.5331859800895
2790.8675825483397	1200.0178777944354	1.7484457552932102	2282.5331859800895
2794.6083859723353	1201.7671427362031	1.7500842787153534	2283.5331859800895
2798.352890212886	1203.5180466528384	1.7517237050548156	2284.5331859800895
2802.1010974491073	1205.2705904473391	1.7533640344749546	2285.5331859800895
2805.8530098606034	1207.0247750228696	1.7550052671391299	2286.5331859800895
2809.608629627468	1208.7806012827539	1.7566474032106993	2287.5331859800895
2813.367958930287	1210.5380701304812	1.7582904428530217	2288.5331859800895
2817.1309999501345	1212.2971824697047	1.7599343862294559	2289.5331859800895
2820.897754868574	1214.0579392042393	1.7615792335033593	2290.5331859800895
2824.6682258676615	1215.8203412380647	1.7632249848380912	2291.5331859800895
2828.4424151299395	1217.5843894753234	1.7648716403970095	2292.5331859800895
2832.220324838446	1219.3500848203214	1.7665192003434738	2293.5331859800895
2836.0019571767043	1221.1174281775275	1.7681676648408415	2294.5331859800895
2839.787314328728	1222.8864204515744	1.7698170340524715	2295.5331859800895
2843.5763984790246	1224.6570625472582	1.7714673081417223	2296.5331859800895
2847.3692118125864	1226.4293553695381	1.773118487271952	2297.5331859800895
2851.1657565149026	1228.2032998235368	1.77477057160652	2298.5331859800895
2854.966034771944	1229.9788968145403	1.7764235613087838	2299.5331859800895
2858.7700487701795	1231.7561472479981	1.7780774565421027	2300.5331859800895
2862.5778006965625	1233.5350520295228	1.7797322574698347	2301.5331859800895
2866.3892927385396	1235.3156120648903	1.781387964255338	2302.5331859800895
2870.2045270840445	1237.0978282600406	1.783044577061972	2303.5331859800895
2874.023505921505	1238.8817015210757	1.7847020960530944	2304.5331859800895
2877.846231439836	1240.6672327542626	1.786360521392064	2305.5331859800895
2881.6727058284437	1242.4544228660307	1.7880198532422393	2306.5331859800895
2885.5029312772235	1244.2432727629719	1.7896800917669788	2307.5331859800895
2889.336909976561	1246.0337833518438	1.7913412371296409	2308.5331859800895
2893.174644117333	1247.825955539565	1.7930032894935841	2309.5331859800895
2897.0161358909054	1249.619790233219	1.794666249022167	2310.5331859800895
2900.8613874891334	1251.415288340052	1.796330115878748	2311.5331859800895
2904.710401104365	1253.2124507674737	1.7979948902266853	2312.5331859800895
2908.5631789294343	1255.011278423057	1.7996605722293382	2313.5331859800895
2912.4197231576695	1256.8117722145382	1.8013271620500642	2314.5331859800895
2916.2800359828875	1258.6139330498174	1.8029946598522226	2315.5331859800895
2920.1441195993934	1260.4177618369574	1.8046630657991714	2316.5331859800895
2924.011976201984	1262.223259484185	1.8063323800542694	2317.5331859800895
2927.8836079859466	1264.0304268998902	1.808002602780875	2318.5331859800895
2931.7590171470565	1265.8392649926254	1.8096737341423463	2319.5331859800895
2935.638205881583	1267.6497746711073	1.8113457743020425	2320.5331859800895
2939.5211763862812	1269.4619568442163	1.813018723423321	2321.5331859800895
2943.4079308583982	1271.2758124209959	1.8146925816695418	2322.5331859800895
2947.298471495673	1273.0913423106515	1.8163673492040622	2323.5331859800895
2951.192800496331	1274.9085474225544	1.8180430261902414	2324.5331859800895
2955.090920059089	1276.7274286662373	1.8197196127914375	2325.5331859800895
2958.992832383154	1278.5479869513968	1.8213971091710086	2326.5331859800895
2962.8985396682265	1280.3702231878933	1.8230755154923142	2327.5331859800895
2966.8080441144907	1282.1941382857497	1.824754831918712	2328.5331859800895
2970.7213479226252	1284.0197331551533	1.8264350586135607	2329.5331859800895
2974.638453293799	1285.8470087064543	1.828116195740219	2330.5331859800895
2978.5593624296675	1287.6759658501655	1.829798243462045	2331.5331859800895
2982.4840775323796	1289.5066054969645	1.8314812019423976	2332.5331859800895
2986.412600804572	1291.338928557691	1.8331650713446346	2333.5331859800895
2990.3449344493747	1293.1729359433486	1.8348498518321157	2334.5331859800895
2994.281080670405	1295.0086285651046	1.8365355435681985	2335.5331859800895
2998.22104167177	1296.8460073342892	1.8382221467162414	2336.5331859800895
3002.1648196580677	1298.6850731623958	1.8399096614396033	2337.5331859800895
3006.1124168343867	1300.5258269610813	1.8415980879016423	2338.5331859800895
3010.0638354063076	1302.3682696421665	1.8432874262657177	2339.5331859800895
3014.0190775798947	1304.2124021176344	1.8449776766951866	2340.5331859800895
3017.978145561708	1306.0582252996328	1.846668839353409	2341.5331859800895
3021.941041558799	1307.905740100472	1.8483609144037427	2342.5331859800895
3025.9077677787013	1309.7549474326256	1.8500539020095457	2343.5331859800895
3029.878326429447	1311.6058482087308	1.8517478023341776	2344.5331859800895
3033.8527197195544	1313.4584433415878	1.8534426155409958	2345.5331859800895
3037.8309498580306	1315.312733744161	1.8551383417933596	2346.5331859800895
3041.8130190543766	1317.1687203295778	1.8568349812546268	2347.5331859800895
3045.798929518579	1319.0264040111279	1.8585325340881562	2348.5331859800895
3049.78868346112	1320.8857857022658	1.8602310004573068	2349.5331859800895
3053.7822830929654	1322.746866316609	1.8619303805254364	2350.5331859800895
3057.779730625577	1324.6096467679376	1.8636306744559037	2351.5331859800895
3061.7810282709024	1326.4741279701957	1.8653318824120673	2352.5331859800895