9.742712e-8	7.78799e-13	1.047129e-10	930.428808666363
9.969651e-8	8.092866e-13	1.0715190000000001e-10	930.4297850677403
1.020188e-7	8.409501e-13	1.096478e-10	930.4303501766565
1.043951e-7	8.73834e-13	1.1220180000000002e-10	930.4304728979391
1.068268e-7	9.079846e-13	1.148154e-10	930.4301338026083
1.093151e-7	9.434498e-13	1.174898e-10	930.4300752048265
1.118614e-7	9.802794e-13	1.202264e-10	930.4310890070733
1.14467e-7	1.018525e-12	1.230269e-10	930.4308124889759
1.171333e-7	1.05824e-12	1.258925e-10	930.4315844073315
1.198618e-7	1.09948e-12	1.28825e-10	930.4319773335923
1.226537e-7	1.142303e-12	1.318257e-10	930.4319438698221
1.255107e-7	1.186768e-12	1.348963e-10	930.4323896800727
1.284343e-7	1.232937e-12	1.380384e-10	930.4333644623524
1.314259e-7	1.280874e-12	1.412538e-10	930.4328865772108
1.344873e-7	1.330647e-12	1.4454399999999998e-10	930.4338516091987
1.376199e-7	1.382322e-12	1.479108e-10	930.4343044726957
1.408255e-7	1.435974e-12	1.513561e-10	930.4344917317505
1.441058e-7	1.491674e-12	1.548817e-10	930.4345941063405
1.474625e-7	1.549501e-12	1.584893e-10	930.435363781656
1.508974e-7	1.609534e-12	1.62181e-10	930.4358065001448
1.544122e-7	1.671855e-12	1.6595870000000001e-10	930.4355351964074
1.58009e-7	1.736551e-12	1.698244e-10	930.4360065514733
1.616896e-7	1.80371e-12	1.737801e-10	930.43682049901
1.654558e-7	1.873423e-12	1.7782789999999997e-10	930.4370878979058
1.693098e-7	1.945787e-12	1.8197010000000002e-10	930.4371750468895
1.732536e-7	2.0209e-12	1.862087e-10	930.4378415186832
1.772893e-7	2.098865e-12	1.905461e-10	930.4383499058758
1.814189e-7	2.179788e-12	1.9498450000000002e-10	930.4384696629733
1.856447e-7	2.263778e-12	1.9952619999999999e-10	930.4390289495815
1.89969e-7	2.350951e-12	2.041738e-10	930.4394146114731
1.94394e-7	2.441423e-12	2.089296e-10	930.4399253289146
1.989221e-7	2.535318e-12	2.1379620000000003e-10	930.4404630110357
2.035557e-7	2.632763e-12	2.187762e-10	930.4409381047847
2.082971e-7	2.733888e-12	2.238721e-10	930.441238046188
2.131491e-7	2.838831e-12	2.290868e-10	930.4418186949225
2.18114e-7	2.947732e-12	2.344229e-10	930.4421527589667
2.231946e-7	3.060738e-12	2.398833e-10	930.4426808285529
2.2839360000000003e-7	3.178e-12	2.454709e-10	930.4433967529349
2.337136e-7	3.299676e-12	2.511886e-10	930.443896243699
2.391576e-7	3.425927e-12	2.570396e-10	930.4442814531302
2.447283e-7	3.556923e-12	2.630268e-10	930.4445665726839
2.504289e-7	3.692838e-12	2.691535e-10	930.4452397535234
2.562622e-7	3.833852e-12	2.754229e-10	930.445630526728
2.622314e-7	3.980154e-12	2.818383e-10	930.4462174019641
2.683397e-7	4.131936e-12	2.884032e-10	930.4467909371325
2.745902e-7	4.289401e-12	2.951209e-10	930.4474518781965
2.809863e-7	4.452756e-12	3.019952e-10	930.4477447191213
2.875314e-7	4.622216e-12	3.090295e-10	930.448459503057
2.94229e-7	4.798006e-12	3.162278e-10	930.4488663109314
3.010826e-7	4.980355e-12	3.2359370000000006e-10	930.4494505146422
3.080958e-7	5.169504e-12	3.3113109999999996e-10	930.4501132753766
3.152724e-7	5.3657e-12	3.3884420000000004e-10	930.4505306568625
3.226162e-7	5.5692e-12	3.4673690000000003e-10	930.4512130090568
3.30131e-7	5.780271e-12	3.548134e-10	930.4518382648456
3.378209e-7	5.999186e-12	3.6307810000000007e-10	930.4524265881088
3.456899e-7	6.226231e-12	3.715352e-10	930.4532282028728
3.537422e-7	6.461702e-12	3.801894e-10	930.4537730457502
3.619821e-7	6.705902e-12	3.890451e-10	930.4546077100059
3.704139e-7	6.95915e-12	3.9810719999999997e-10	930.4550612247153
3.790421e-7	7.221772e-12	4.0738029999999993e-10	930.4556989427324
3.878713e-7	7.494107e-12	4.168694e-10	930.456382999088
3.969062e-7	7.776505e-12	4.265795e-10	930.4572219363565
4.061515e-7	8.069331e-12	4.365158e-10	930.4578879641928
4.156121e-7	8.372959e-12	4.466836e-10	930.4583220852522
4.252932e-7	8.68778e-12	4.570882e-10	930.4591275381862
4.351997e-7	9.014195e-12	4.677351000000001e-10	930.459814102042
4.453371e-7	9.352621e-12	4.786301e-10	930.4606054257767
4.557105e-7	9.703489e-12	4.897788e-10	930.4612684113728
4.6632559999999994e-7	1.006725e-11	5.011871999999999e-10	930.4620454193562
4.77188e-7	1.044435e-11	5.128614e-10	930.4627806849962
4.883034e-7	1.083529e-11	5.248075e-10	930.4635228917269
4.996777e-7	1.124055e-11	5.370318e-10	930.4643422419305
5.113169e-7	1.166065e-11	5.495409e-10	930.4649765831806
5.232273e-7	1.209611e-11	5.623413e-10	930.465886304278
5.354151e-7	1.254748e-11	5.754399000000001e-10	930.4666698989764
5.478868e-7	1.301533e-11	5.888436999999999e-10	930.4673130238125
5.606491e-7	1.350025e-11	6.025595999999999e-10	930.4682893609197
5.737086e-7	1.400285e-11	6.16595e-10	930.469113194236
5.870723e-7	1.452374e-11	6.309573e-10	930.4699759238857
6.007473e-7	1.506358e-11	6.456542e-10	930.4707745725187
6.147409e-7	1.562305e-11	6.606934000000001e-10	930.4717181222031
6.290604e-7	1.620283e-11	6.760829999999999e-10	930.4724461789453
6.437135e-7	1.680365e-11	6.918309999999999e-10	930.4733434176845
6.587079e-7	1.742624e-11	7.079458e-10	930.4742343834796
6.740516e-7	1.807139e-11	7.244359999999999e-10	930.4751163525833
6.897527e-7	1.873987e-11	7.413102e-10	930.4761216964235
7.058195e-7	1.943253e-11	7.585775999999999e-10	930.4768985137447
7.222606e-7	2.01502e-11	7.762471000000001e-10	930.4778725743387
7.390847e-7	2.089377e-11	7.943281999999999e-10	930.4788546724138
7.563007e-7	2.166414e-11	8.128305e-10	930.4798037721271
7.739177e-7	2.246226e-11	8.317638000000001e-10	930.4806992802523
7.919451e-7	2.32891e-11	8.51138e-10	930.4817657066186
8.103925e-7	2.414567e-11	8.709636e-10	930.482795917074
8.292695e-7	2.5033e-11	8.912509e-10	930.4838098901218
8.485863e-7	2.595218e-11	9.120107999999999e-10	930.4848716484498
8.68353e-7	2.690431e-11	9.332542999999998e-10	930.4858325431771
8.885802e-7	2.789054e-11	9.549926e-10	930.486886013567
9.092785e-7	2.891207e-11	9.772372e-10	930.4879225535009
9.304590000000001e-7	2.997011e-11	1.0000000000000003e-9	930.48897011
9.521329e-7	3.106595e-11	1.023293e-9	930.4900609600573
9.743117e-7	3.220089e-11	1.047129e-9	930.4907999778443
9.970071e-7	3.33763e-11	1.071519e-9	930.4925776397806
1.020231e-6	3.459357e-11	1.096478e-9	930.4934468087824
1.043996e-6	3.585415e-11	1.122018e-9	930.4947462072801
1.068315e-6	3.715955e-11	1.148154e-9	930.4955254695799
1.0932e-6	3.851132e-11	1.174898e-9	930.4965293327591
1.118665e-6	3.991105e-11	1.202264e-9	930.4985519403393
1.144723e-6	4.13604e-11	1.230269e-9	930.4992326068526
1.171388e-6	4.286109e-11	1.2589250000000002e-9	930.5009123577655
1.198674e-6	4.441488e-11	1.28825e-9	930.5013893887057
1.226596e-6	4.60236e-11	1.3182569999999998e-9	930.5029471491522
1.255168e-6	4.768913e-11	1.348963e-9	930.5041644062884
1.284406e-6	4.941343e-11	1.380384e-9	930.5058689683452
1.314324e-6	5.119851e-11	1.412538e-9	930.5060809054341
1.34494e-6	5.304646e-11	1.4454400000000001e-9	930.5076976284039
1.376269e-6	5.495944e-11	1.479108e-9	930.5094417987057
1.408328e-6	5.693966e-11	1.513561e-9	930.51085464015
1.441133e-6	5.898942e-11	1.548817e-9	930.5114738668287
1.474703e-6	6.11111e-11	1.584893e-9	930.5133602710088
1.509055e-6	6.330715e-11	1.62181e-9	930.5148612661162
1.544207e-6	6.558011e-11	1.659587e-9	930.5161947580934
1.580177e-6	6.79326e-11	1.6982440000000002e-9	930.5170120430279
1.616986e-6	7.036732e-11	1.7378010000000003e-9	930.5187229838168
1.654652e-6	7.288706e-11	1.778279e-9	930.520400375869
1.693196e-6	7.549472e-11	1.819701e-9	930.5218245854677
1.732637e-6	7.819327e-11	1.8620869999999998e-9	930.523221133062
1.772997e-6	8.098581e-11	1.905461e-9	930.5244168261643
1.814298e-6	8.38755e-11	1.949845e-9	930.5262087499264
1.85656e-6	8.686564e-11	1.995262e-9	930.5278533044784
1.8998069999999998e-6	8.995962e-11	2.041738e-9	930.5292645873271
1.944061e-6	9.316096e-11	2.089296e-9	930.5307438295005
1.989346e-6	9.647326e-11	2.1379620000000006e-9	930.5321952682041
2.035687e-6	9.990029e-11	2.187762e-9	930.5339887474048
2.083106e-6	1.034459e-10	2.238721e-9	930.5355360940467
2.13163e-6	1.071141e-10	2.290868e-9	930.536859434939
2.181285e-6	1.109089e-10	2.344229e-9	930.5387438257952
2.232096e-6	1.148347e-10	2.398833e-9	930.5403230237371
2.284091e-6	1.188959e-10	2.454709e-9	930.5420299921495
2.337297e-6	1.230969e-10	2.511886e-9	930.5438610271327
2.391743e-6	1.274425e-10	2.5703959999999997e-9	930.545504467016
2.447457e-6	1.319375e-10	2.630268e-9	930.5473577217227
2.504468e-6	1.365869e-10	2.691535e-9	930.5487712030496
2.562808e-6	1.413959e-10	2.754229e-9	930.5505809066713
2.622507e-6	1.463698e-10	2.818383e-9	930.5525082290093
2.683597e-6	1.515141e-10	2.8840319999999994e-9	930.5543468657769
2.746109e-6	1.568345e-10	2.9512089999999995e-9	930.5562006960538
2.810078e-6	1.623369e-10	3.019952e-9	930.5579482389123
2.875537e-6	1.680272e-10	3.0902949999999996e-9	930.5600362424946
2.942521e-6	1.739118e-10	3.162278e-9	930.5617380255626
3.011065e-6	1.799971e-10	3.235937e-9	930.5635422135845
3.081206e-6	1.862899e-10	3.311311e-9	930.5656550834398
3.152981e-6	1.927969e-10	3.388442e-9	930.5674398145223
3.226428e-6	1.995252e-10	3.467369e-9	930.5694101781495
3.301586e-6	2.064823e-10	3.548134e-9	930.5715292319851
3.378494e-6	2.136757e-10	3.630781e-9	930.5732501354393
3.457195e-6	2.211132e-10	3.7153519999999994e-9	930.575652912564
3.537728e-6	2.288028e-10	3.801894e-9	930.5774445052913
3.620138e-6	2.36753e-10	3.890451e-9	930.579707339843
3.704468e-6	2.449722e-10	3.981072e-9	930.5817559190086
3.790762e-6	2.534695e-10	4.073803e-9	930.5838965458075
3.879066e-6	2.622538e-10	4.168694e-9	930.5859949902775
3.969427e-6	2.713348e-10	4.265795000000001e-9	930.5881634724594
4.061893e-6	2.807222e-10	4.365158e-9	930.5903067426196
4.156514e-6	2.90426e-10	4.466836e-9	930.5925773858721
4.253338e-6	3.004567e-10	4.570882e-9	930.5946766291495
4.352418e-6	3.108249e-10	4.677351e-9	930.5970034962097
4.453806e-6	3.215419e-10	4.786301e-9	930.599129035136
4.538835e-6	3.306119e-10	4.877671e-9	930.6010208355586
4.675023e-6	3.30612e-10	5.024015000107458e-9	930.601045558184
4.772363e-6	3.407815e-10	5.128614e-9	930.6030404120879
4.883534e-6	3.525066e-10	5.248075000000001e-9	930.6053184453347
4.997294e-6	3.646249e-10	5.370318e-9	930.6075775959636
5.113705e-6	3.771492e-10	5.4954089999999994e-9	930.6099235197962
5.232827e-6	3.900928e-10	5.623413e-9	930.6122621262211
5.354725e-6	4.034695e-10	5.754399e-9	930.6147296181581
5.479462e-6	4.172934e-10	5.888437e-9	930.6169520706429
5.607105e-6	4.31579e-10	6.025596000000001e-9	930.6194074411893
5.737721e-6	4.463415e-10	6.16595e-9	930.6217762875144
5.871381e-6	4.615965e-10	6.309573e-9	930.6244014452324
6.008154e-6	4.773598e-10	6.456542e-9	930.6268525473853
6.148113e-6	4.936482e-10	6.606933999999999e-9	930.6293430810722
6.291332e-6	5.104787e-10	6.76083e-9	930.631664854759
6.437888e-6	5.278688e-10	6.918310000000001e-9	930.634196617382
6.587859e-6	5.458369e-10	7.079458e-9	930.6368986015597
6.741322e-6	5.644017e-10	7.24436e-9	930.6393389754237
6.898361e-6	5.835826e-10	7.413102e-9	930.642068947655
7.059059e-6	6.033995e-10	7.585776e-9	930.6447223725035
7.2235e-6	6.238732e-10	7.762471e-9	930.6474540387977
7.391771e-6	6.450248e-10	7.943282e-9	930.6500795011433
7.563963e-6	6.668763e-10	8.128305e-9	930.6528084637573
7.740166e-6	6.894505e-10	8.317637999999998e-9	930.6554878320024
7.920474e-6	7.127707e-10	8.51138e-9	930.6583386830338
8.104983e-6	7.36861e-10	8.709636e-9	930.6611505922866
8.293789e-6	7.617464e-10	8.912509e-9	930.6639405805929
8.486994e-6	7.874525e-10	9.120108e-9	930.6667697904454
8.684701e-6	8.140058e-10	9.332543e-9	930.669701259346
8.887013e-6	8.414337e-10	9.549926e-9	930.6725972222193
9.094038e-6	8.697645e-10	9.772371999999998e-9	930.6755580426126
9.305886e-6	8.990271e-10	1.e-8	930.67850271
9.522669e-6	9.292518e-10	1.023293e-8	930.6814618882372
9.744502e-6	9.604694e-10	1.047129e-8	930.6840388720016
9.971504e-6	9.927119e-10	1.071519e-8	930.6878097261924
0.00001020379	1.026012e-9	1.0964780000000002e-8	930.6904481439664
0.00001044149	1.060405e-9	1.1220179999999998e-8	930.6936613316362
0.00001068473	1.095924e-9	1.148154e-8	930.6962240256969
0.00001093364	1.132607e-9	1.174898e-8	930.6997379346973
0.00001118834	1.170491e-9	1.202264e-8	930.7032807270284
0.00001144898	1.209614e-9	1.230269e-8	930.7061800305462
0.00001171569	1.250016e-9	1.258925e-8	930.7099323629286
0.00001198861	1.291738e-9	1.28825e-8	930.7123413933631
0.00001226789	1.334822e-9	1.318257e-8	930.7156967116427
0.00001255368	1.379313e-9	1.3489630000000002e-8	930.7193238806401
0.00001284613	1.425255e-9	1.3803840000000001e-8	930.7232809855808
0.00001314539	1.472695e-9	1.4125379999999998e-8	930.7263022304534
0.00001345162	1.52168e-9	1.44544e-8	930.729859419969
0.00001376498	1.57226e-9	1.479108e-8	930.733405539014
0.00001408565	1.624487e-9	1.513561e-8	930.7371481559052
0.00001441378	1.678413e-9	1.548817e-8	930.7399397733883
0.00001474956	1.734091e-9	1.584893e-8	930.7438477550221
0.00001509316	1.791579e-9	1.6218099999999996e-8	930.7472255689632
0.00001544477	1.850934e-9	1.6595870000000003e-8	930.7508997117957
0.00001580457	1.912216e-9	1.6982440000000004e-8	930.7544861633544
0.00001617275	1.975486e-9	1.737801e-8	930.7582102899008
0.00001654951	2.040808e-9	1.778279e-8	930.7623161494905
0.00001693504	2.108247e-9	1.819701e-8	930.7654525111543
0.00001732956	2.17787e-9	1.8620870000000003e-8	930.7695005657631
0.00001773327	2.249748e-9	1.9054609999999996e-8	930.7731697473735
0.00001814639	2.323952e-9	1.949845e-8	930.7772644492253
0.00001856912	2.400556e-9	1.995262e-8	930.7810481029559
0.00001900171	2.479638e-9	2.041738e-8	930.7849311713843
0.00001944438	2.561274e-9	2.089296e-8	930.7891880327153
0.00001989735	2.645548e-9	2.137962e-8	930.7927618919325
0.00002036089	2.732543e-9	2.187762e-8	930.7969762250191
0.00002083522	2.822346e-9	2.238721e-8	930.801218463578
0.0000213206	2.915045e-9	2.290868e-8	930.8050505310651
0.00002181729	3.010733e-9	2.344229e-8	930.8092653490764
0.00002232555	3.109505e-9	2.398833e-8	930.8134207341653
0.00002284565	3.211459e-9	2.4547090000000004e-8	930.8175208955521
0.00002337787	3.316696e-9	2.5118860000000003e-8	930.8219678759307
0.00002392249	3.42532e-9	2.5703959999999997e-8	930.8260408123884
0.0000244798	3.53744e-9	2.6302680000000005e-8	930.8305252544607
0.00002505009	3.653165e-9	2.691535e-8	930.8347528454952
0.00002563367	3.77261e-9	2.754229e-8	930.8391789498985
0.00002623084	3.895894e-9	2.8183830000000005e-8	930.8435331181034
0.00002684193	4.023137e-9	2.8840320000000005e-8	930.8479634414597
0.00002746725	4.154466e-9	2.9512090000000002e-8	930.852557917789
0.00002810714	4.29001e-9	3.019952e-8	930.8568483869942
0.00002876195	4.429903e-9	3.090295e-8	930.8619372260578
0.000029432	4.574283e-9	3.162278e-8	930.8661124354026
0.00003011767	4.723291e-9	3.235937e-8	930.8708201364859
0.00003081931	4.877074e-9	3.311311e-8	930.8756282330471
0.0000315373	5.035783e-9	3.388442e-8	930.8802034386305
0.00003227202	5.199575e-9	3.4673690000000004e-8	930.8850478561699
0.00003302385	5.36861e-9	3.548134e-8	930.8898313874276
0.00003379321	5.543054e-9	3.630781000000001e-8	930.8948420188383
0.00003458048	5.723078e-9	3.715352e-8	930.8997661056071
0.0000353861	5.908859e-9	3.801894e-8	930.9046716978434
0.00003621049	6.100579e-9	3.890451e-8	930.9098245678972
0.00003705408	6.298425e-9	3.981072e-8	930.9145482674014
0.00003791733	6.502591e-9	4.073803e-8	930.9196490601042
0.0000388007	6.713277e-9	4.168694e-8	930.9249677956693
0.00003970464	6.930689e-9	4.265795e-8	930.9301241386424
0.00004062964	7.155039e-9	4.3651580000000004e-8	930.9352614269632
0.0000415762	7.386547e-9	4.466836000000001e-8	930.9405258442439
0.00004254481	7.625437e-9	4.570882e-8	930.9458313953413
0.00004353598	7.871944e-9	4.677351000000001e-8	930.9511290471894
0.00004455025	8.126309e-9	4.786301e-8	930.9564172625165
0.00004558815	8.388777e-9	4.897787999999999e-8	930.9618704811234
0.00004665024	8.659607e-9	5.011872e-8	930.9675029011116
0.00004773706	8.93906e-9	5.1286140000000005e-8	930.9727552122268
0.00004884922	9.22741e-9	5.248074999999999e-8	930.9784522896492
0.00004998728	9.524937e-9	5.370317999999999e-8	930.984067181869
0.00005115186	9.831929e-9	5.495409e-8	930.9897030230143
0.00005234357	1.014869e-8	5.623413e-8	930.9954415583561
0.00005356305	1.047552e-8	5.7543990000000006e-8	931.0012308844068
0.00005481094	1.081274e-8	5.888436999999999e-8	931.0068654890932
0.00005608791	1.116067e-8	6.025596e-8	931.0128105170013
0.000057394629999999996	1.151966e-8	6.16595e-8	931.0187345015772
0.00005873179	1.189006e-8	6.309573e-8	931.0246519059214
0.00006010011	1.227221e-8	6.456542e-8	931.0306075605178
0.00006150031	1.26665e-8	6.606934e-8	931.0366427150628
0.00006293314	1.30733e-8	6.76083e-8	931.0426870665287
0.00006439935	1.349302e-8	6.91831e-8	931.0488113426546
0.00006589972	1.392604e-8	7.079457999999999e-8	931.0549768075465
0.00006743505	1.43728e-8	7.24436e-8	931.0611675841619
0.00006900616	1.483373e-8	7.413102e-8	931.0676384865607
0.00007061387	1.530926e-8	7.585776e-8	931.0738843329938
0.00007225904	1.579987e-8	7.762470999999999e-8	931.0803205577195
0.00007394254	1.630602e-8	7.943281999999999e-8	931.0867475182173
0.00007566527	1.682821e-8	8.128305e-8	931.0932378890802
0.00007742814	1.736693e-8	8.317638000000002e-8	931.0997536800711
0.00007923208	1.792272e-8	8.51138e-8	931.1063860384567
0.00008107806	1.849609e-8	8.709636e-8	931.1130349190254
0.00008296705	1.908762e-8	8.912509e-8	931.1198184484302
0.00008490005	1.969786e-8	9.120108000000001e-8	931.1265596854773
0.00008687809	2.03274e-8	9.332543e-8	931.1333191821351
0.00008890223	2.097686e-8	9.549926000000002e-8	931.1402712439865
0.00009097352	2.164686e-8	9.772372e-8	931.1471857600181
0.00009309308	2.233804e-8	9.999999999999998e-8	931.1541804000001
0.00009526202	2.305107e-8	1.0232929999999999e-7	931.1611734859908
0.00009748151	2.378664e-8	1.0471290000000001e-7	931.1679519906335
0.0000997527	2.454544e-8	1.071519e-7	931.1756995442918
0.0001020768	2.532822e-8	1.0964780000000002e-7	931.1826431538069
0.0001044551	2.613572e-8	1.1220180000000002e-7	931.1903705644651
0.0001068888	2.696873e-8	1.148154e-7	931.1971105792429
0.0001093792	2.782803e-8	1.174898e-7	931.2044792824568
0.0001119276	2.871447e-8	1.202264e-7	931.2123998556058
0.0001145354	2.962888e-8	1.230269e-7	931.2193421113595
0.000117204	3.057214e-8	1.2589249999999996e-7	931.2276119705305
0.0001199348	3.154517e-8	1.28825e-7	931.2349712400544
0.0001227291	3.254889e-8	1.318257e-7	931.242154526773
0.0001255886	3.358427e-8	1.348963e-7	931.2500362871333
0.0001285148	3.465231e-8	1.3803839999999998e-7	931.2586375240514
0.0001315091	3.575401e-8	1.412538e-7	931.265948314311
0.0001345732	3.689045e-8	1.44544e-7	931.2741480102943
0.0001377086	3.806271e-8	1.479108e-7	931.281980152903
0.0001409172	3.927191e-8	1.513561e-7	931.2903273141949
0.0001442005	4.051922e-8	1.548817e-7	931.2980114500293
0.0001475603	4.180582e-8	1.584893e-7	931.3064403716844
0.0001509984	4.313295e-8	1.62181e-7	931.314598812438
0.0001522496	4.361852e-8	1.6352440000000002e-7	931.3180083216938
0.0001581168	4.397829e-8	1.698244e-7	931.3195176311532
0.0001618009	4.537383e-8	1.7378009999999998e-7	931.3280049326708
0.0001655708	4.681333e-8	1.778279e-7	931.336496297825
0.0001694285	4.829814e-8	1.8197010000000003e-7	931.3442051194124
0.0001733762	4.982969e-8	1.862087e-7	931.3529909719579
0.0001774158	5.140945e-8	1.905461e-7	931.3610168352959
0.0001815496	5.303892e-8	1.949845e-7	931.3696161489759
0.0001857796	5.471966e-8	1.995262e-7	931.378032859845
0.0001901083	5.645329e-8	2.0417380000000003e-7	931.3866582783883
0.0001945378	5.824145e-8	2.089296e-7	931.3952711822548
0.0001990706	6.008585e-8	2.1379619999999998e-7	931.4042337983557
0.000203709	6.198825e-8	2.1877620000000004e-7	931.4129610533503
0.0002084554	6.395048e-8	2.238721e-7	931.421782705393
0.0002133125	6.597441e-8	2.290868e-7	931.4306822130301
0.0002182827	6.806196e-8	2.3442290000000002e-7	931.4395562890827
0.0002233688	7.021512e-8	2.398833e-7	931.4488133188096
0.0002285734	7.243597e-8	2.454709e-7	931.458009768164
0.0002338992	7.47266e-8	2.511886e-7	931.4671390341758
0.0002393492	7.708921e-8	2.570396e-7	931.4762752898774
0.0002449262	7.952605e-8	2.630268e-7	931.4857879501252
0.0002506332	8.203945e-8	2.691535e-7	931.4953714144532
0.0002564731	8.463179e-8	2.754229e-7	931.5047216117468
0.0002624491	8.730556e-8	2.818383e-7	931.5142958213982
0.0002685644	9.006329e-8	2.884032e-7	931.5238641249474
0.0002748222	9.290762e-8	2.951209e-7	931.5338480602355
0.0002812258	9.584125e-8	3.019952e-7	931.5434193987189
0.0002877787	9.886699e-8	3.090295e-7	931.5536768819806
0.0002944843	1.019877e-7	3.1622779999999993e-7	931.5635364759203
0.0003013461	1.052064e-7	3.235937e-7	931.5734713005846
0.0003083678	1.085261e-7	3.311311e-7	931.5836721467721
0.0003155532	1.119499e-7	3.388442e-7	931.5937823341818
0.000322906	1.154813e-7	3.4673689999999997e-7	931.603995132909
0.0003304302	1.191234e-7	3.548134e-7	931.6145427427488
0.0003381298	1.228797e-7	3.630781e-7	931.6251233550028
0.0003460087	1.267539e-7	3.715352e-7	931.6356940069205
0.0003540713	1.307497e-7	3.801894e-7	931.646304973258
0.0003623218	1.348707e-7	3.890451e-7	931.6572055527752
0.0003707645	1.39121e-7	3.9810719999999996e-7	931.6677040756862
0.000379404	1.435046e-7	4.073803e-7	931.6785927056364
0.0003882449	1.480256e-7	4.1686939999999994e-7	931.6896985002976
0.0003972918	1.526884e-7	4.2657950000000004e-7	931.7008632622992
0.0004065495	1.574974e-7	4.365158e-7	931.7119733123062
0.000416023	1.624571e-7	4.466836e-7	931.7231640024393
0.0004257172	1.675723e-7	4.570882e-7	931.7343398932635
0.0004356374	1.728478e-7	4.677351e-7	931.7458702586143
0.0004457888	1.782886e-7	4.786301e-7	931.7572977545709
0.0004561768	1.839e-7	4.897788e-7	931.7689944930241
0.0004668068	1.896872e-7	5.011872000000001e-7	931.7805546510366
0.0004776847	1.956557e-7	5.128614e-7	931.7924018068038
0.000488816	2.018113e-7	5.248074999999999e-7	931.80415923934
0.0005002068	2.081596e-7	5.370318e-7	931.8162529667703
0.000511863	2.147069e-7	5.495409e-7	931.8281985926798
0.0005237909	2.214592e-7	5.623413e-7	931.8404307135186
0.0005359968	2.28423e-7	5.754399e-7	931.8526973885542
0.0005484872	2.35605e-7	5.888437e-7	931.864949900967
0.0005612686	2.430119e-7	6.025596e-7	931.8772979469582
0.000574348	2.506507e-7	6.165950000000001e-7	931.8898964474249
0.0005877322	2.585287e-7	6.309573e-7	931.9025688426141
0.0006014284	2.666534e-7	6.456542e-7	931.9153401309865
0.0006154438	2.750324e-7	6.606934e-7	931.9282323692048
0.0006297858	2.836738e-7	6.76083e-7	931.9410099055883
0.0006444621	2.925858e-7	6.918309999999999e-7	931.9540260554962
0.0006594805	3.017767e-7	7.079458e-7	931.9672165581036
0.0006748489	3.112553e-7	7.244360000000001e-7	931.9804030997907
0.0006905755	3.210305e-7	7.413102e-7	931.9938272804017
0.0007066687	3.311117e-7	7.585776e-7	932.0072352518714
0.0007231369	3.415085e-7	7.762470999999999e-7	932.0207553754467
0.000739989	3.522305e-7	7.943282000000001e-7	932.0344292195593
0.0007707905	3.569864e-7	8.273756e-7	932.0404014815036
0.0007748804	3.595303e-7	8.317637999999999e-7	932.0433641137063
0.0007929382	3.708164e-7	8.51138e-7	932.0568655141705
0.0008114169	3.824555e-7	8.709635999999999e-7	932.07035919756
0.0008303263	3.944589e-7	8.912509000000001e-7	932.0840617383948
0.0008420832	4.019687e-7	9.038643999999999e-7	932.0924341084792
0.0008694773	4.088093e-7	9.332543e-7	932.0997602689856
0.0008897397	4.216374e-7	9.549926e-7	932.1133351190365
0.0009104744	4.348669e-7	9.772372e-7	932.1270894108411
0.0009316923	4.485103e-7	1.e-6	932.1408103
0.0009534047999999999	4.625804e-7	1.023293e-6	932.154700950754
0.0009756234	4.770906e-7	1.047129e-6	932.1683294035405
0.0009983599	4.920546e-7	1.071519e-6	932.1831480356392
0.001021626	5.074866e-7	1.096478e-6	932.1969858036367
0.001045435	5.234013e-7	1.122018e-6	932.2117838572999
0.001069799	5.398137e-7	1.1481539999999999e-6	932.2258283296492
0.00109473	5.567393e-7	1.174898e-6	932.2398534170626
0.001120243	5.741942e-7	1.2022639999999998e-6	932.2554731739451
0.00114635	5.921948e-7	1.230269e-6	932.2694425365507
0.001173066	6.107583e-7	1.2589250000000002e-6	932.2848925074964
0.001200405	6.299022e-7	1.28825e-6	932.2995553658066
0.001228381	6.496446e-7	1.3182569999999998e-6	932.3149011156398
0.001257009	6.700042e-7	1.348963e-6	932.3302449362956
0.001286304	6.910003e-7	1.3803840000000001e-6	932.3456373733686
0.001316283	7.126527e-7	1.4125380000000002e-6	932.3612198043521
0.00134696	7.34982e-7	1.44544e-6	932.3769800199246
0.001378352	7.580093e-7	1.479108e-6	932.3930431719658
0.001410476	7.817563e-7	1.513561e-6	932.4089060830717
0.001443348	8.062455e-7	1.5488170000000002e-6	932.4240665617693
0.001476987	8.315002e-7	1.584893e-6	932.4405497405818
0.00151141	8.575441e-7	1.62181e-6	932.4566651457322
0.001546636	8.84402e-7	1.6595870000000002e-6	932.4732008626243
0.001582683	9.120992e-7	1.6982439999999998e-6	932.4897359861128
0.00161957	9.406619e-7	1.7378009999999997e-6	932.5064618445956
0.001657316	9.701172e-7	1.7782789999999998e-6	932.523027713874
0.001695943	1.000493e-6	1.8197010000000002e-6	932.5397375722715
0.001735471	1.031818e-6	1.8620869999999998e-6	932.5572961950758
0.001739608	1.03511e-6	1.866524e-6	932.5586544828782
0.00181731	1.051185e-6	1.949845e-6	932.567042508507
0.001859665	1.084093e-6	1.995262e-6	932.5838376113012
0.001903008	1.11803e-6	2.041738e-6	932.6005736289377
0.001947361	1.153027e-6	2.089296e-6	932.6175070454354
0.001992748	1.189118e-6	2.137962e-6	932.6344986487131
0.002039193	1.226336e-6	2.1877619999999994e-6	932.6514200356346
0.002086721	1.264716e-6	2.238721e-6	932.6690177114523
0.002135357	1.304296e-6	2.290868e-6	932.6863424693173
0.002185127	1.345112e-6	2.3442290000000005e-6	932.7041479309399
0.002236057	1.387203e-6	2.398833e-6	932.721953966783
0.002288174	1.430608e-6	2.4547090000000004e-6	932.7397292306338
0.002341506	1.47537e-6	2.511886e-6	932.7578441059826
0.002396082	1.52153e-6	2.5703960000000003e-6	932.7759341362187
0.00245193	1.569131e-6	2.630268e-6	932.7943506137017
0.00250908	1.618219e-6	2.691535e-6	932.812770036429
0.002567562	1.66884e-6	2.7542290000000004e-6	932.8312351659937
0.002627408	1.721042e-6	2.818383e-6	932.850163373821
0.002688649	1.774875e-6	2.8840319999999994e-6	932.8689400811087
0.002751317	1.830388e-6	2.951209e-6	932.8879750637791
0.002815447	1.887635e-6	3.019952e-6	932.9070909074052
0.002881072	1.94667e-6	3.090295e-6	932.9266849928567
0.002948227	2.007549e-6	3.1622780000000004e-6	932.9459803976753
0.003016947	2.070328e-6	3.235937e-6	932.9654217619192
0.00308727	2.135068e-6	3.311311e-6	932.9854755412584
0.003159232	2.201829e-6	3.388442e-6	933.0051477935878
0.003232872	2.270675e-6	3.467369e-6	933.0252058549291
0.003308229	2.34167e-6	3.548134e-6	933.0455585950249
0.003385343	2.414882e-6	3.630781e-6	933.0658836211823
0.003464255	2.49038e-6	3.715352e-6	933.0866577379478
0.003545007	2.568235e-6	3.801894e-6	933.1073499155948
0.003627641	2.648521e-6	3.890451e-6	933.1281954200168
0.003712203	2.731313e-6	3.981072e-6	933.1492404558369
0.003798736	2.81669e-6	4.073803e-6	933.170477315668
0.003887286	2.904733e-6	4.168694e-6	933.191722155668
0.003977901	2.995524e-6	4.265795e-6	933.2132753683661
0.004070629	3.089149e-6	4.365158e-6	933.2349823305365
0.00416552	3.185697e-6	4.466836e-6	933.2569400354076
0.004262622	3.285258e-6	4.570882e-6	933.2787978337661
0.004361989	3.387928e-6	4.677351e-6	933.3011202280951
0.004463673	3.493802e-6	4.786301e-6	933.3234165590504
0.004567728	3.602982e-6	4.897788e-6	933.346029268723
0.00467421	3.715569e-6	5.011872000000001e-6	933.368922630107
0.004783174	3.83167e-6	5.128614e-6	933.3916863308489
0.004894679	3.951396e-6	5.2480750000000006e-6	933.4147084407139
0.005008784	4.074858e-6	5.370318000000001e-6	933.4379934298116
0.00512555	4.202174e-6	5.495409e-6	933.4613991424478
0.005245039	4.333463e-6	5.623413e-6	933.4851384737347
0.005367314	4.46885e-6	5.754399000000001e-6	933.5089294294677
0.00549244	4.608463e-6	5.888436999999999e-6	933.5326951787038
0.005620485	4.752432e-6	6.025596e-6	933.5570177622263
0.005751515	4.900895e-6	6.165950000000001e-6	933.5813451292987
0.005885601	5.053992e-6	6.309573000000001e-6	933.6059654116054
0.006022814	5.211866e-6	6.456542e-6	933.6307060342826
0.006163226	5.374667e-6	6.606934e-6	933.655560506583
0.006306914	5.542549e-6	6.76083e-6	933.680709173282
0.006349596	5.592666e-6	6.8065439999999995e-6	933.6880311065352
0.006604413	5.624687e-6	7.079458e-6	933.6926198305013
0.006758382	5.800371e-6	7.24436e-6	933.7170393243848
0.006915942	5.981537e-6	7.413101999999999e-6	933.7418447769908
0.007077177	6.168356e-6	7.5857760000000005e-6	933.7667439692393
0.007242171	6.361006e-6	7.762471e-6	933.7918307198829
0.007411014	6.559667e-6	7.943282e-6	933.8172391462371
0.007583794	6.764527e-6	8.128305e-6	933.8427294497438
0.007760603	6.97578e-6	8.317638e-6	933.8683385836218
0.007941535	7.193624e-6	8.511379999999998e-6	933.8942244383402
0.008126688	7.418266e-6	8.709636e-6	933.9203459249043
0.008316158	7.649917e-6	8.912509000000001e-6	933.9466492544357
0.008510047	7.888797e-6	9.120108e-6	933.9731280594484
0.008708458	8.13513e-6	9.332543e-6	933.999782267277
0.008911497	8.389149e-6	9.549926e-6	934.0267295264908
0.009119271	8.651094e-6	9.772372e-6	934.053891317277
0.00933189	8.921211e-6	0.00001	934.0811211
0.009549469	9.199757e-6	0.00001023293	934.1086821663004
0.009772122	9.486993e-6	0.00001047129	934.1360035869504
0.009999969	9.783191e-6	0.000010715190000000001	934.1646943264655
0.01023313	0.00001008863	0.00001096478	934.1928091580496
0.01047173	0.0000104036	0.00001122018	934.2215187278636
0.01071589	0.0000107284	0.00001148154	934.2490989884633
0.01096575	0.00001106332	0.00001174898	934.2779815779753
0.01122144	0.0000114087	0.00001202264	934.3079972451973
0.01148309	0.00001176485	0.000012302690000000001	934.3367060374601
0.01175084	0.00001213212	0.00001258925	934.3663935500526
0.01202484	0.00001251084	0.000012882499999999999	934.3955629730254
0.01230523	0.00001290138	0.00001318257	934.4256377929341
0.01259216	0.0000133041	0.000013489630000000003	934.4558820367942
0.01288579	0.00001371938	0.00001380384	934.487025349468
0.01318626	0.00001414762	0.00001412538	934.5169914012932
0.01349374	0.00001458922	0.000014454400000000002	934.5479037524906
0.0138084	0.00001504459	0.00001479108	934.5798001227768
0.01413039	0.00001551417	0.000015135610000000002	934.6107735334089
0.0144599	0.0000159984	0.00001548817	934.6422721341514
0.01479709	0.00001649773	0.00001584893	934.6743111364617
0.01514215	0.00001701264	0.0000162181	934.7064477343215
0.01549526	0.00001754362	0.00001659587	934.7388006775179
0.01561285	0.00001772134	0.00001672167	934.7494203629183
0.01622636	0.00001772535	0.00001737801	934.7494534759734
0.01660474	0.00001827855	0.00001778279	934.7812435506464
0.01699195	0.00001884901	0.00001819701	934.8128626626021
0.01738819	0.00001943727	0.00001862087	934.8450029456195
0.01779367	0.00002004387	0.00001905461	934.8768549972947
0.01820861	0.0000206694	0.00001949845	934.9091543173945
0.01863323	0.00002131444	0.000019952619999999997	934.942099834508
0.01906776	0.0000219796	0.00002041738	934.9749869963726
0.01951243	0.0000226655	0.00002089296	935.0085148298758
0.01996746	0.0000233728	0.00002137962	935.0415395596367
0.02043312	0.00002410216	0.00002187762	935.0753034379425
0.02090964	0.00002485428	0.00002238721	935.1095683651514
0.02139727	0.00002562985	0.000022908679999999995	935.1433539601584
0.02189629	0.00002642961	0.00002344229	935.1782445315708
0.02240694	0.00002725432	0.00002398833	935.2128439120188
0.02292951	0.00002810475	0.00002454709	935.2479153333451
0.02346427	0.00002898171	0.00002511886	935.2833572064974
0.02401151	0.00002988602	0.00002570396	935.3187610002506
0.02457152	0.00003081853	0.00002630268	935.354820497379
0.02514459	0.00003178013	0.000026915349999999996	935.3907762670744
0.02573104	0.00003277172	0.00002754229	935.4273635198816
0.02633116	0.00003379424	0.00002818383	935.4638542738867
0.02694529	0.00003484865	0.000028840319999999997	935.5006688552693
0.02757376	0.00003593595	0.00002951209	935.5384843974113
0.02821688	0.00003705715	0.00003019952	935.5757028588533
0.02887501	0.00003821333	0.00003090295	935.6136980450085
0.0295485	0.00003940557	0.00003162278	935.6516274027774
0.03023771	0.00004063499	0.00003235937	935.6901877261517
0.03094299	0.00004190275	0.00003311311	935.7288623750533
0.03166474	0.00004321006	0.00003388442	935.7678266294656
0.03240333	0.00004455813	0.00003467368999999999	935.8071820449453
0.03315915	0.00004594825	0.00003548134	935.8467929903436
0.03393262	0.00004738172	0.000036307810000000006	935.8868441803568
0.03472413	0.0000488599	0.00003715352	935.9271988226151
0.03553411	0.00005038418	0.00003801894	935.9675514362053
0.03561557	0.00005053811	0.00003810597000000001	935.9716629703953
0.03721117	0.00005064854	0.00003981072	935.9744948094383
0.03807912	0.0000522286	0.00004073803	936.0135627569622
0.03896734	0.00005385794	0.000041686940000000005	936.05330446418
0.03987628	0.00005553809	0.00004265795	936.0932274054426
0.04080643	0.00005727064	0.00004365157999999999	936.1333688265122
0.04175829	0.00005905722	0.00004466836	936.1737753523972
0.04273236	0.00006089952	0.00004570882000000001	936.2144881447387
0.04372916	0.00006279928	0.00004677351	936.2555703003687
0.04474923	0.00006475828	0.00004786301	936.2969081969563
0.04579311	0.00006677837	0.00004897788000000001	936.3387792611684
0.04686135	0.00006886146	0.00005011872	936.3808864232766
0.04795452	0.00007100952	0.00005128614	936.4231646210848
0.0490732	0.00007322456	0.000052480750000000004	936.465743343988
0.05021799	0.00007550868	0.00005370318	936.5087631682146
0.05138951	0.00007786403	0.00005495409	936.5522025749129
0.0543213	0.00007956368	0.00005808442	936.5827132301572
0.05507053	0.00008102877	0.000058884370000000006	936.6077750343596
0.05635521	0.00008355627	0.00006025596	936.6503540894545
0.05766986	0.0000861626	0.0000616595	936.6930091875544
0.05901521	0.0000888502	0.00006309573	936.736292614413
0.06039195	0.00009162162	0.00006456542	936.7796510887716
0.06180083	0.00009447946	0.00006606934	936.8234866581079
0.06324259	0.00009742642	0.00006760830000000001	936.8674618353073
0.064718	0.0001004653	0.0000691831	936.9118368503291
0.06622785	0.0001035989	0.00007079458	936.9565989373764
0.06777295	0.0001068303	0.0000724436	937.0017544683036
0.06935411	0.0001101624	0.00007413101999999999	937.0473035444542
0.0709025	0.0001134499	0.0000757834	937.0911030647873
0.07432237	0.0001161892	0.00007943282	937.12597890897
0.0760563	0.0001198131	0.00008128305	937.1709489247758
0.07783072	0.0001235501	0.00008317637999999999	937.2164321169063
0.07964655	0.0001274036	0.00008511380000000001	937.262272392961
0.08150477	0.0001313772	0.00008709636	937.3083697183213
0.08340637	0.0001354748	0.00008912509	937.3549558266924
0.08535236	0.0001397002	0.00009120108	937.4018399782108
0.08734377	0.0001440573	0.00009332543	937.4489600530103
0.08938168	0.0001485503	0.00009549926000000002	937.4965868845475
0.09146716	0.0001531833	0.00009772372000000001	937.5445725971136
0.09360132	0.0001579609	0.00010000000000000002	937.592809
0.09578532	0.0001628874	0.0001023293	937.6415884795459
0.09802029	0.0001679676	0.00010471289999999999	937.69017570901
0.1003075	0.0001732062	0.0001071519	937.7407792115678
0.1008452	0.0001744436	0.0001077254	937.7513901085538
0.105043	0.0001766863	0.0001122018	937.7718209511792
0.107494	0.0001821968	0.00011481539999999999	937.8201600133781
0.1100021	0.0001878791	0.0001174898	937.8684711353667
0.1125689	0.0001937385	0.0001202264	937.9191134393112
0.1151955	0.0001997807	0.0001230269	937.9678810081374
0.1178835	0.0002060113	0.0001258925	938.0186373294678
0.1206342	0.0002124361	0.000128825	938.06820182418
0.1234492	0.0002190613	0.0001318257	938.1195115975111
0.1263299	0.0002258931	0.00013489629999999998	938.1709735552421
0.1292778	0.0002329379	0.0001380384	938.2225373519253
0.1322946	0.0002402024	0.0001412538	938.2742439495433
0.1353818	0.0002476934	0.000144544	938.3266922182864
0.1385411	0.000255418	0.0001479108	938.3798748975736
0.1417742	0.0002633835	0.0001513561	938.4331619274014
0.1450827	0.0002715973	0.0001548817	938.4859366858708
0.1484686	0.0002800673	0.0001584893	938.5407551172225
0.1519335	0.0002888014	0.000162181	938.5951584957547
0.1554793	0.0002978078	0.00016595869999999998	938.649843605668
0.1580418	0.000304359	0.0001686886	938.6891526754032
0.1666209	0.0003123413	0.0001778279	938.7348177648163
0.1705093	0.0003220817	0.0001819701	938.7881948737733
0.1744886	0.0003321258	0.0001862087	938.8429530951023
0.1785609	0.0003424831	0.0001905461	938.8981621770271
0.1827282	0.0003531634	0.0001949845	938.9534214258057
0.1869928	0.0003641767	0.0001995262	939.0093967609266
0.1913571	0.0003755334	0.00020417380000000001	939.0658027621565
0.1958232	0.0003872442	0.00020892960000000002	939.1222890389873
0.2003937	0.0003993201	0.00021379619999999997	939.1795555767595
0.2050709	0.0004117726	0.0002187762	939.2368667158494
0.2098573	0.0004246134	0.0002238721	939.2948625576836
0.2147556	0.0004378545	0.0002290868	939.3533564570284
0.2195833	0.0004510029	0.00023422600000000003	939.4102401099792
0.2301469	0.0004577091	0.0002454709	939.4376649126231
0.2355185	0.0004719822	0.0002511886	939.4951928550897
0.2410156	0.0004867003	0.00025703960000000007	939.5528949624882
0.2466411	0.0005018774	0.0002630268	939.611390930506
0.2477387	0.0005048519	0.0002641949	939.622800818638
0.252398	0.0005128182	0.0002691535	939.6527193590274
0.2582891	0.0005205402	0.00027542290000000003	939.6809059813108
0.2643176	0.0005274976	0.00028183829999999996	939.7058440957101
0.2704868	0.0005340658	0.0002884032	939.7290522435256
0.2767997	0.0005404122	0.00029512090000000004	939.7508349967759
0.2832599	0.0005466289	0.0003019952	939.7716549799468
0.2898706	0.0005527728	0.0003090295	939.7917441538751
0.2966355	0.0005588853	0.0003162277999999999	939.811064365625
0.3035582	0.0005650021	0.0003235937	939.8304172794464
0.3106422	0.0005711428	0.00033113110000000006	939.8493309749521
0.3178913	0.0005773289	0.0003388442	939.867434354786
0.3253095	0.0005835763	0.0003467369	939.8857643936944
0.3329006	0.0005899026	0.0003548134	939.9039117462869
0.3406687	0.0005963157	0.00036307810000000006	939.9217845967576
0.3486178	0.0006028331	0.0003715352	939.9395618503979
0.3567523	0.0006094621	0.0003801894	939.9571952821411
0.3650764	0.0006162136	0.00038904510000000006	939.9748604981788
0.3735945	0.0006230992	0.0003981072	939.9920403348646
0.3823113	0.0006301256	0.0004073803	940.0096803895525
0.3912312	0.0006373026	0.0004168694	940.0270266898937
0.4003591	0.0006446377	0.0004265795	940.0445584000169
0.4096997	0.0006521454	0.00043651579999999995	940.0618383114655
0.4192582	0.0006598278	0.00044668359999999995	940.079348782897
0.4290394	0.0006677003	0.0004570882	940.0966822158175
0.4390486	0.0006757658	0.00046773510000000003	940.1141068951208
0.4492912	0.0006840339	0.0004786301	940.1315000874371
0.4597726	0.0006925184	0.0004897788	940.1491416124993
0.4814738	0.0007011234	0.0005128614	940.1661411835635
0.4927052	0.0007103862	0.0005248075	940.1839459230289
0.5041984	0.000719897	0.0005370318000000002	940.2018595546855
0.5159596	0.0007296677	0.0005495409000000001	940.2198593407696
0.5279949	0.0007397086	0.0005623413	940.2379099667764
0.5403108	0.0007500283	0.0005754399	940.2560168316447
0.5529139	0.00076064	0.0005888437	940.2742017958244
0.5658108	0.0007715486	0.0006025596	940.2926259908562
0.5790083	0.0007827725	0.000616595	940.311018577835
0.5925135	0.0007943171	0.0006309573	940.3295866455622
0.6063335	0.0008061996	0.0006456542	940.3480990288608
0.6204758	0.0008184282	0.0006606934	940.3669360099557
0.6349477	0.0008310163	0.0006760829999999998	940.3855980700596
0.6497571	0.0008439751	0.000691831	940.4046293097592
0.6649117	0.0008573187	0.0007079458	940.4237142165404
0.6804196	0.0008710643	0.000724436	940.4428607910154
0.696289	0.000885219	0.0007413102	940.4621965271759
0.7125285	0.0008998009	0.0007585776000000001	940.4816341795487
0.7291465	0.000914823	0.0007762470999999999	940.5011922105732
0.746152	0.0009303016	0.0007943282	940.5209353010506
0.763554	0.0009462505	0.0008128305	940.5408021721624
0.7813617	0.0009626869	0.0008317638	940.5607540265639
0.7995845	0.0009796285	0.000851138	940.5808793638635
0.8182323	0.0009970903	0.0008709636	940.6011804626507
0.8373148	0.001015088	0.0008912509	940.6216453750567
0.8568422	0.001033644	0.0009120108	940.6421985353682
0.8768249	0.001052771	0.0009332543	940.6628729168459
0.8972736	0.001072492	0.0009549926	940.6838251940383
0.918199	0.001092826	0.0009772372	940.7049035791924
0.9396123	0.001113792	0.001	940.7260919999999
0.9615248	0.001135411	0.001023293	940.7473822258141
0.9839483000000001	0.001157703	0.001047129	940.7685232669519
1.006895	0.001180692	0.001071519	940.7912430857504
1.030376	0.001204401	0.0010964779999999997	940.8126756761195
1.054405	0.001228849	0.001122018	940.8350391883197
1.078994	0.001254065	0.001148154	940.8564225704914
1.104157	0.001280069	0.001174898	940.8791818523822
1.129906	0.001306894	0.001202264	940.9022427686433
1.16078	0.00132275	0.001235078	940.9144604632257
1.183219	0.001346557	0.001258925	940.9341755863138
1.210811	0.001376049	0.0012882500000000001	940.9563741509802
1.239047	0.001406466	0.0013182569999999998	940.9799955547363
1.267942	0.00143784	0.001348963	941.00419359167
1.29751	0.001470201	0.0013803839999999997	941.0281494134966
1.327767	0.001503579	0.0014125380000000003	941.0511993305665
1.35873	0.001538007	0.0014454399999999999	941.0753867334513
1.390415	0.001573518	0.001479108	941.0999859374704
1.422839	0.001610144	0.001513561	941.1243709371475
1.456019	0.001647922	0.001548817	941.148581142898
1.489973	0.001686887	0.0015848930000000002	941.1738754603623
1.524719	0.001727076	0.00162181	941.1990775738219
1.560275	0.001768526	0.0016595869999999997	941.2242479604867
1.59666	0.001811274	0.001698244	941.2494753404104
1.633894	0.001855364	0.0017378009999999998	941.2754187619872
1.671996	0.001900836	0.001778279	941.3015820352149
1.710986	0.00194773	0.0018197009999999997	941.3270257036733
1.750886	0.001996089	0.0018620869999999997	941.3534861690135
1.791717	0.002045964	0.001905461	941.3800460885843
1.833499	0.002097391	0.001949845	941.4063122966185
1.876257	0.002150423	0.0019952620000000003	941.4339685715461
1.920011	0.002205108	0.002041738	941.4607104339539
1.964786	0.002261495	0.0020892960000000005	941.4881831009104
2.010605	0.002319635	0.002137962	941.5156279671949
2.057492	0.002379577	0.002187762	941.5428081299519
2.105474	0.002441381	0.002238721	941.5712726150334
2.154574	0.002505096	0.002290868	941.599034077913
2.20482	0.00257078	0.002344229	941.6276225573524
2.256237	0.002638495	0.002398833	941.6560031481974
2.301204	0.002668723	0.002446585	941.6687844485273
2.362697	0.002750976	0.002511886	941.7019625890665
2.417796	0.002825259	0.0025703959999999995	941.730869095657
2.474181	0.002901822	0.0026302680000000003	941.7606198303748
2.53188	0.002980741	0.002691535	941.7899975292909
2.590926	0.003062081	0.0027542289999999995	941.8200451015512
2.651348	0.003145909	0.002818383	941.8499575820605
2.71318	0.003232301	0.0028840319999999995	941.8800835080888
2.776455	0.003321329	0.0029512089999999998	941.9110367988169
2.841205	0.003413069	0.0030199520000000002	941.9414841692849
2.907466	0.003507598	0.003090295	941.9727236396526
2.975272	0.003604995	0.0031622780000000006	942.0035161361524
3.04466	0.003705343	0.003235937	942.0348242255643
3.115667	0.003808728	0.0033113109999999995	942.066670270476
3.18833	0.003915228	0.003388442	942.0982351180867
3.262688	0.004024937	0.003467369	942.1301675708585
3.338781	0.004137945	0.0035481339999999997	942.1625409299648
3.416649	0.004254343	0.003630781	942.1949004911064
3.496333	0.004374226	0.003715352	942.2276075052915
3.577877	0.004497692	0.003801894	942.260539615255
3.661322	0.004624845	0.003890451	942.2935400034597
3.7467149999999996	0.004755782	0.0039810719999999996	942.3267858506451
3.834099	0.004890608	0.004073803	942.3601504540107
3.923522	0.005029431	0.004168694	942.3938123066841
4.015032	0.005172367	0.004265795	942.4279335973715
4.108676	0.005319531	0.004365158	942.461998168222
4.204505	0.005471035	0.004466836	942.4962176807029
4.302569	0.005626999	0.004570882	942.5305660920585
4.402922	0.005787548	0.004677350999999999	942.5654709257442
4.505616	0.005952815	0.004786301000000001	942.6003118065495
4.610706	0.006122923	0.004897788	942.6355168904821
4.718247	0.00629801	0.005011872	942.6707246314352
4.828298	0.006478212	0.005128614	942.706199374724
4.940916	0.006663677	0.005248075	942.7418009460611
5.056163	0.006854551	0.005370318	942.7779790693959
5.174097	0.007050987	0.005495408999999999	942.8138992020431
5.294784	0.007253135	0.005623413	942.850389078661
5.418287	0.007461169	0.005754399	942.8870276461538
5.544671	0.007675242	0.005888437	942.9236046849105
5.674004	0.007895537	0.006025596	942.9605863054874
5.806355	0.008122233	0.006165950000000001	942.9977915811837
5.941794	0.008355513	0.006309573000000001	943.0352122084964
6.080393	0.008595563	0.006456542	943.0727102836162
6.222227	0.008842591	0.006606933999999999	943.1106154534009
6.36737	0.009096805	0.00676083	943.1485194865129
6.5159	0.009358412	0.00691831	943.1867626631359
6.667895	0.00962764	0.007079458	943.2251226011933
6.823438	0.009904727	0.007244359999999999	943.2638255139171
6.98261	0.01018992	0.007413102000000001	943.3028063015995
7.145496	0.01048345	0.007585776	943.3417820404926
7.312184	0.01078561	0.007762471	943.3812519235177
7.482761	0.01109666	0.007943282	943.4208252961433
7.657319	0.01141689	0.008128305000000002	943.4606464693437
7.83595	0.01174662	0.008317638	943.5006212100118
8.01875	0.01208616	0.00851138	943.5410192001768
8.205816	0.01243585	0.008709636	943.5815515137486
8.397247	0.01279603	0.008912509	943.6223884879106
8.593146	0.01316708	0.009120108	943.663504862004
8.793617	0.0135494	0.009332543	943.7048830099149
8.998766	0.01394338	0.009549926	943.746514894461
9.208703	0.01434949	0.009772372	943.788518283995
9.42354	0.01476816	0.01	943.8308159999998
9.643391	0.01519989	0.01023293	943.8734448491292
9.868373	0.0156452	0.01047129	943.9160027083578
10.09861	0.01610465	0.01071519	943.9603637453001
10.33421	0.01657878	0.010964780000000002	944.0033251921151
10.57532	0.01706825	0.01122018	944.0479787311789
10.82205	0.01757369	0.01148154	944.0914450500544
11.07455	0.01809581	0.01174898	944.1369216732007
11.33293	0.01863534	0.01202264	944.1824208326956
11.59735	0.01919308	0.012302689999999998	944.2278948750234
11.86794	0.01976985	0.012589249999999998	944.2746668784877
12.14485	0.02036656	0.0128825	944.3210991655346
12.42822	0.02098417	0.013182570000000001	944.3685237400598
12.7182	0.02162368	0.01348963	944.4160944369859
13.01496	0.02228617	0.01380384	944.4651756322878
13.31864	0.02297282	0.01412538	944.5135507858904
13.62941	0.02368485	0.014454399999999997	944.5632367998672
13.94744	0.02442358	0.01479108	944.6141579925198
14.2729	0.02519041	0.01513561	944.6656203483044
14.60595	0.02598686	0.01548817	944.7169588143724
14.94678	0.02681453	0.01584893	944.7700589251135
15.29557	0.02767513	0.0162181	944.8236926643689
15.6525	0.02857048	0.01659587	944.8778810631803
16.01777	0.02950255	0.01698244	944.9332693064129
16.39157	0.03047343	0.01737801	944.9898711072213
16.7741	0.03148534	0.01778279	945.0477309803467
17.16556	0.03254067	0.01819701	945.1058536539794
19.2685	0.03356891	0.02042203	945.159169289243
19.71362	0.03472316	0.020892959999999995	945.2151901884654
20.17363	0.03594039	0.021379619999999995	945.272665744293
20.64438	0.03721237	0.02187762	945.3309989843502
21.12614	0.03854236	0.02238721	945.3916928460491
21.61914	0.03993383	0.02290868	945.4527205408605
22.12366	0.04139046	0.023442290000000005	945.5155814555659
22.63997	0.04291622	0.02398833	945.5800474647465
23.16834	0.0445153	0.02454709	945.6459115927795
23.70906	0.04619217	0.02511886	945.7137851797415
24.26241	0.04795161	0.025703960000000005	945.7827358119137
24.82869	0.04979869	0.02630268	945.8537567274515
25.40821	0.05173879	0.026915349999999998	945.9267217405682
26.00127	0.05377769	0.027542289999999997	946.0015013275948
26.60819	0.05592147	0.02818383	946.0783530840203
27.22931	0.05817664	0.02884032	946.1575544238067
27.86494	0.06055009	0.02951209	946.2389851074594
28.51544	0.06304915	0.030199519999999997	946.3226286378062
29.18115	0.06568159	0.030902949999999995	946.4090512394448
29.86242	0.0684557	0.03162278	946.4972940392969
30.55964	0.07138017	0.03235936999999999	946.5888912546816
31.27316	0.07446432	0.03311311	946.6831813743862
32.00338	0.07771794	0.03388442	946.7801998676679
32.75068	0.08115149	0.03467369	946.8802279192092
33.51548	0.08477594	0.03548134	946.9838495389406
34.29817	0.08860299	0.03630781	947.090253859982
35.09919	0.09264497	0.03715352	947.2005605390822
35.91896	0.09691487	0.03801894	947.3140195386825
36.75793	0.1014265	0.03890451	947.4314546051345
37.61655	0.1061944	0.039810719999999994	947.5524280897205
38.49528	0.1112339	0.04073803000000001	947.6774871048011
39.3946	0.1165612	0.041686940000000006	947.8067039701162
40.315	0.1221934	0.04265795	947.9403815701411
41.25697	0.1281485	0.04365158	948.0783627992389
42.22103	0.1344456	0.04466836	948.2209689364015
43.20769	0.1411047	0.04570882	948.3682733441817
44.2175	0.1481469	0.046773510000000004	948.5207952107935
45.25099	0.1555945	0.04786301	948.6779978944074
46.30874	0.163471	0.04897788	948.8408032360732
47.39131	0.1718011	0.05011871999999999	949.0088952790495
48.4993	0.1806108	0.05128614	949.1825822727153
49.6333	0.1899278	0.05248075000000001	949.3619622432986
50.79395	0.199781	0.05370318000000001	949.5476990375616
51.98187	0.2102012	0.054954090000000004	949.7395225723873
53.1977	0.2212206	0.05623413	949.9377086477554
54.44212	0.2328734	0.05754399	950.1425500734308
55.71581	0.245196	0.05888436999999999	950.3541601956513
57.01946	0.2582266	0.06025595999999999	950.5729657282036
58.35378	0.272006	0.061659500000000006	950.7989198744718
59.71952	0.2865773	0.06309573	951.0326182136255
61.11742	0.3019865	0.06456542	951.2740178875937
62.54825	0.3182824	0.06606934	951.5235417820127
64.0128	0.3355173	0.0676083	951.7813241865275
65.51187	0.3537469	0.06918309999999998	952.0477819004932
67.0463	0.3730309	0.07079458000000001	952.3233402896099
68.61693	0.3934335	0.0724436	952.6081461992502
70.22464	0.4150234	0.07413102	952.9028927431457
71.87031	0.4378751	0.07585776	953.2074912309565
73.55486	0.4620685	0.07762471	953.5227700045515
75.27923	0.4876904	0.07943282000000002	953.8490563472378
77.04438	0.5148349	0.08128304999999998	954.1868187771006
78.8513	0.543604	0.08317638	954.5366605279047
80.701	0.574109	0.08511379999999999	954.8993112750222
82.59451	0.606471	0.08709636	955.2750654562373
84.5329	0.6408227	0.08912508999999999	955.6649277997924
86.51727	0.6773087	0.09120108	956.069584921582
88.54874	0.7160882	0.09332543	956.4898677670169
90.62846	0.7573353	0.09549926	956.9267374427823
92.75761	0.8012418	0.09772372	957.3811946577556
94.93741	0.8480183	0.09999999999999999	957.854283
97.16912	0.8978966	0.1023293	958.3473804667872
99.454	0.9511327	0.1047129	958.8611594177986
101.7934	1.008008	0.1071519	959.3988347383482
104.1886	1.068834	0.1096478	959.9593790299485
106.6411	1.133952	0.1122018	960.5465509465979
109.1524	1.203741	0.1148154	961.1614905317579
111.7237	1.277711	0.11748980000000002	961.7976283898686
114.3568	1.356167	0.1202264	962.4588859019318
117.053	1.440037	0.1230269	963.1473848402261
119.8141	1.529994	0.1258925	963.8707150942273
122.6417	1.62671	0.128825	964.6296138171939
125.5375	1.730898	0.1318257	965.429335857879
128.5032	1.843323	0.1348963	966.2720400781933
131.5408	1.964819	0.1380384	967.1628981500799
134.652	2.096295	0.1412538	968.1034775701607
137.8389	2.238744	0.144544	969.1003708213415
141.1035	2.39325	0.1479108	970.157351592987
144.4479	2.560999	0.1513561	971.2783231068984
147.8743	2.743288	0.1548817	972.468587315351
151.3849	2.941531	0.1584893	973.7340691138139
154.9821	3.157272	0.162181	975.079522262164
158.6683	3.392194	0.16595869999999996	976.5109873721594
162.4461	3.648128	0.1698244	978.0351233391668
166.3181	3.927065	0.1737801	979.6585742556254
170.2871	4.231165	0.17782789999999998	981.3885503905743
174.356	4.562775	0.1819701	983.231723233652
178.5276	4.924429	0.18620869999999998	985.1957991221678
182.8053	5.318875	0.19054610000000002	987.2895587996815
187.1922	5.74907	0.19498450000000003	989.5210644948701
191.6917	6.218209	0.19952619999999996	991.8993545709787
196.3075	6.729724	0.2041738	994.4332916368311
201.0432	7.287304	0.20892960000000002	997.1325460825083
205.9028	7.894903	0.2137962	1000.007030059468
210.8904	8.556756	0.2187762	1003.0668601063553
216.0102	9.277386	0.22387210000000002	1006.3227441025479
221.2668	10.06162	0.2290868	1009.7850247155226
226.6649	10.91459	0.2344229	1013.4653653717278
232.2094	11.84176	0.23988330000000002	1017.3745316993721
237.9056	12.84892	0.24547090000000002	1021.5244250947871
243.759	13.94221	0.2511886	1025.9271718541368
249.7752	15.1281	0.25703960000000003	1030.5933404813889
255.9603	16.41344	0.2630268	1035.5360746509482
262.3206	17.80544	0.2691535	1040.766848656993
268.8628	19.31167	0.27542289999999997	1046.2981473218094
275.5939	20.94009	0.2818383	1052.1422744885988
282.5212	22.69904	0.2884032	1058.310864789295
289.6525	24.59725	0.29512089999999996	1064.8169953398758
296.9957	26.64383	0.3019952	1071.6711060308241
304.5595	28.84832	0.30902949999999996	1078.8867082268846
312.3528	31.22063	0.31622780000000006	1086.4744655593215
320.3849	33.7711	0.3235937	1094.4465235262614
328.6656	36.51048	0.3311311	1102.8142025922662
337.2042	39.23176	0.3388442	1110.9411345981428
346.0014	41.71985	0.3467369	1118.2001396447854
355.0618	44.24768	0.35481339999999995	1125.4069885748397
364.393	46.8655	0.3630781	1132.6998240874345
374.0039	49.59754	0.3715352	1140.1381080446752
383.9035	52.38609	0.3801894	1147.5585326681912
394.0975	55.11349	0.3890451	1154.6501678083082
404.5934	57.9141	0.39810719999999994	1161.766227789902
415.4	60.81419	0.40738030000000003	1168.9671542782014
426.5276	63.87291	0.41686940000000006	1176.38884024589
437.9876	67.10739	0.4265795	1184.0582822193753
449.7922	70.53074	0.43651579999999995	1191.9910802770485
461.9537	74.15509	0.4466836	1200.1980596556489
474.4854	77.99235	0.45708819999999994	1208.6895920743525
487.4009	82.05461	0.4677351	1217.47439950519
500.7146	86.35422	0.47863009999999995	1226.5605944966687
514.4415	90.90394	0.48977880000000007	1235.956803356944
528.5971	95.71696	0.5011872	1245.6704002017607
543.1978	100.807	0.5128614	1255.7092423021113
558.2604	106.1883	0.5248075	1266.0808010556252
573.8028	111.8758	0.5370318	1276.7932923152784
589.8434	117.8848	0.5495409000000001	1287.8535519376264
606.4014	124.2315	0.5623413	1299.2695005684268
623.4971	130.9326	0.5754399	1311.0486429599339
641.1514	138.0058	0.5888437	1323.1986688487964
659.3861	145.4693	0.6025596	1335.7274533506727
678.2241	153.3421	0.616595	1348.6424638539072
697.6892	161.6443	0.6309573	1361.9519102164281
717.8063	170.3965	0.6456542000000001	1375.6633194672938
738.6013	179.6204	0.6606934	1389.784883578374
760.1012	189.3388	0.6760829999999999	1404.3246169479191
773.8593874938605	195.6733336338282	0.6858281507512848	1413.5860782466914
1050.6081249173758	195.67428546344723	0.882109911815241	1413.5869104719225
1052.6887178461243	196.4989096119181	0.8831165888928996	1414.5217553030684
1054.9168359636458	197.38281335677925	0.8846912063547219	1415.5217553030684
1057.149125431749	198.26829263590182	0.8862676576393641	1416.5217553030684
1059.3855918225538	199.1553492837803	0.8878459440908236	1417.5217553030684
1061.6262407122124	200.0439851362537	0.8894260670530987	1418.5217553030684
1063.871077680908	200.93420203050482	0.8910080278701868	1419.5217553030684
1066.120108312857	201.8260018050603	0.8925918278860859	1420.5217553030684
1068.3733381963063	202.71938629979127	0.894177468444794	1421.5217553030684
1070.6307729235364	203.6143573559122	0.8957649508903086	1422.5217553030684
1072.892418090859	204.5109168159821	0.8973542765666278	1423.5217553030684
1075.1582792986178	205.40906652390373	0.8989454468177496	1424.5217553030684
1077.428362151189	206.3088083249239	0.9005384629876715	1425.5217553030684
1079.7026722569794	207.21014406563341	0.9021333264203917	1426.5217553030684
1081.9812152284296	208.11307559396698	0.9037300384599074	1427.5217553030684
1084.263996682011	209.01760475920344	0.9053286004502171	1428.5217553030684
1086.5510222382277	209.9237334119656	0.9069290137353185	1429.5217553030684
1088.8422975216145	210.8314634042203	0.9085312796592092	1430.5217553030684
1091.1378281607401	211.7407965892783	0.9101353995658872	1431.5217553030684
1093.4376197882036	212.65173482179438	0.9117413747993504	1432.5217553030684
1095.741678040637	213.5642799577672	0.9133492067035963	1433.5217553030684
1098.0500085587043	214.47843385453987	0.9149588966226232	1434.5217553030684
1100.3626169871009	215.39419837079876	0.9165704459004287	1435.5217553030684
1102.6795089745542	216.3115753665749	0.9181838558810107	1436.5217553030684
1105.0006901738243	217.23056670324306	0.919799127908367	1437.5217553030684
1107.3261662417028	218.15117424352192	0.9214162633264956	1438.5217553030684
1109.6559428390133	219.07339985147436	0.923035263479394	1439.5217553030684
1111.9900256306112	219.99724539250693	0.9246561297110603	1440.5217553030684
1114.3284202853847	220.92271273337067	0.9262788633654923	1441.5217553030684
1116.6711324762534	221.84980374216025	0.9279034657866878	1442.5217553030684
1119.0181678801687	222.7785202883143	0.9295299383186447	1443.5217553030684
1121.3695321781138	223.7088642426157	0.9311582823053606	1444.5217553030684
1123.7252310551053	224.6408374771913	0.9327884990908337	1445.5217553030684
1126.0852702001903	225.5744418655117	0.9344205900190617	1446.5217553030684
1128.4496553064487	226.50967928239174	0.9360545564340426	1447.5217553030684
1130.8183920709916	227.44655160399	0.9376903996797737	1448.5217553030684
1133.191486194963	228.3850607078094	0.9393281211002533	1449.5217553030684
1135.568943383539	229.32520847269666	0.9409677220394794	1450.5217553030684
1137.9507693459257	230.26699677884272	0.9426092038414494	1451.5217553030684
1140.3369697953644	231.21042750778193	0.9442525678501614	1452.5217553030684
1142.7275504491256	232.15550254239326	0.9458978154096132	1453.5217553030684
1145.122517028513	233.10222376689936	0.9475449478638024	1454.5217553030684
1147.5218752588626	234.05059306686704	0.949193966556727	1455.5217553030684
1149.9256308695417	235.00061232920717	0.9508448728323854	1456.5217553030684
1152.3337895939496	235.95228344217412	0.9524976680347744	1457.5217553030684
1154.7463571695184	236.9056082953669	0.9541523535078926	1458.5217553030684
1157.1633393377115	237.86058877972812	0.9558089305957376	1459.5217553030684
1159.5847418440244	238.81722678754448	0.9574674006423072	1460.5217553030684
1162.0105704379841	239.77552421244704	0.9591277649915994	1461.5217553030684
1164.4408308731506	240.73548294941008	0.9607900249876117	1462.5217553030684
1166.8755289071162	241.69710489475247	0.9624541819743425	1463.5217553030684
1169.314670301503	242.66039194613683	0.964120237295789	1464.5217553030684
1171.758260821967	243.6253460025702	0.9657881922959495	1465.5217553030684
1174.2063062381958	244.59196896440304	0.9674580483188215	1466.5217553030684
1176.6588123239094	245.56026273333018	0.9691298067084033	1467.5217553030684
1179.1157848568582	246.53022921239014	0.9708034688086923	1468.5217553030684
1181.5772296188268	247.5018703059657	0.9724790359636866	1469.5217553030684
1184.0431523956297	248.47518791978374	0.9741565095173839	1470.5217553030684
1186.5135589771153	249.45018396091461	0.9758358908137821	1471.5217553030684
1188.9884551571627	250.4268603377736	0.9775171811968792	1472.5217553030684
1191.467846733683	251.40521896011873	0.9792003820106727	1473.5217553030684
1193.9517395086195	252.38526173905313	0.9808854945991606	1474.5217553030684
1196.4401392879486	253.36699058702322	0.9825725203063408	1475.5217553030684
1198.9330518816769	254.35040741782	0.9842614604762111	1476.5217553030684
1201.4304831038442	255.33551414657802	0.9859523164527694	1477.5217553030684
1203.932438772522	256.3223126897758	0.9876450895800134	1478.5217553030684
1206.4389247098134	257.31080496523623	0.9893397812019411	1479.5217553030684
1208.949946741854	258.3009928921258	0.9910363926625503	1480.5217553030684
1211.4655106988112	259.2928783909555	0.9927349253058386	1481.5217553030684
1213.9856224148841	260.28646338357987	0.9944353804758043	1482.5217553030684
1216.5102877283045	261.28174979319743	0.9961377595164448	1483.5217553030684
1219.0395124813358	262.27873954435086	0.9978420637717581	1484.5217553030684
1221.5733025202728	263.2774345629271	0.999548294585742	1485.5217553030684
1224.1116636954434	264.2778367761566	1.0012564533023944	1486.5217553030684
1226.654601861207	265.2799481126142	1.0029665412657134	1487.5217553030684
1229.2021228759552	266.2837705022183	1.0046785598196966	1488.5217553030684
1231.7542326021103	267.28930587623165	1.0063925103083413	1489.5217553030684
1234.3109369061285	268.2965561672612	1.0081083940756463	1490.5217553030684
1236.8722416584972	269.3055233092572	1.009826212465609	1491.5217553030684
1239.438152733735	270.31620923751467	1.011545966822227	1492.5217553030684
1242.008676010394	271.32861588867195	1.0132676584894986	1493.5217553030684
1244.5838173710579	272.3427452007118	1.0149912888114216	1494.5217553030684
1247.1635827023401	273.358599112961	1.0167168591319933	1495.5217553030684
1249.7479778948896	274.37617956608995	1.018444370795212	1496.5217553030684
1252.3370088433853	275.3954885021135	1.0201738251450754	1497.5217553030684
1254.9306814465383	276.4165278643904	1.0219052235255814	1498.5217553030684
1257.5290016070928	277.43929959762306	1.0236385672807282	1499.5217553030684
1260.1319752318223	278.46380564785807	1.0253738577545128	1500.5217553030684
1262.7396082315354	279.4900479624862	1.0271110962909336	1501.5217553030684
1265.3519065210712	280.518028490242	1.0288502842339884	1502.5217553030684
1267.9688760193008	281.5477491812045	1.0305914229276751	1503.5217553030684
1270.5905226491273	282.5792119867957	1.0323345137159914	1504.5217553030684
1273.2168523374862	283.6124188597827	1.0340795579429352	1505.5217553030684
1275.847871015345	284.6473717542757	1.0358265569525043	1506.5217553030684
1278.4835846177016	285.68407262572975	1.0375755120886963	1507.5217553030684
1281.1239990835886	286.72252343094345	1.0393264246955094	1508.5217553030684
1283.7691203560694	287.7627261280591	1.0410792961169415	1509.5217553030684
1286.4189543822379	288.8046826765635	1.04283412769699	1510.5217553030684
1289.073507113223	289.8483950372872	1.0445909207796533	1511.5217553030684
1291.7327845041818	290.89386517240496	1.0463496767089286	1512.5217553030684
1294.3967925143077	291.9410950454353	1.0481103968288146	1513.5217553030684
1297.0655371068224	292.99008662124083	1.0498730824833082	1514.5217553030684
1299.7390242489812	294.04084186602813	1.0516377350164077	1515.5217553030684
1302.417259912072	295.0933627473478	1.0534043557721111	1516.5217553030684
1305.1002500714137	296.14765123409444	1.055172946094416	1517.5217553030684
1307.7880007063575	297.2037092965069	1.0569435073273206	1518.5217553030684
1310.4805178002857	298.2615389061674	1.0587160408148217	1519.5217553030684
1313.177807340615	299.32114203600264	1.0604905479009186	1520.5217553030684
1315.879875318791	300.38252066028343	1.062267029929608	1521.5217553030684
1318.5867277302937	301.445676754624	1.0640454882448882	1522.5217553030684
1321.2983705746337	302.5106122959835	1.065825924190757	1523.5217553030684
1324.0148098553555	303.57732926266385	1.0676083391112126	1524.5217553030684
1326.7360515800324	304.645829634312	1.069392734350252	1525.5217553030684
1329.4621017602726	305.71611539191855	1.0711791112518738	1526.5217553030684
1332.1929664117154	306.7881885178179	1.0729674711600756	1527.5217553030684
1334.9286515540307	307.8620509956888	1.0747578154188548	1528.5217553030684
1337.669163210922	308.93770481055384	1.07655014537221	1529.5217553030684
1340.4145074101252	310.01515194877953	1.0783444623641385	1530.5217553030684
1343.1646901834074	311.09439439807625	1.0801407677386385	1531.5217553030684
1345.9197175665663	312.1754341474989	1.0819390628397074	1532.5217553030684
1348.6795955994344	313.25827318744587	1.0837393490113436	1533.5217553030684
1351.444330325874	314.3429135096599	1.0855416275975447	1534.5217553030684
1354.2139277937806	315.4293571072272	1.0873458999423082	1535.5217553030684
1356.9883940550808	316.5176059745786	1.0891521673896323	1536.5217553030684
1359.7677351657335	317.60766210748864	1.0909604312835146	1537.5217553030684
1362.5519571857305	318.6995275030757	1.0927706929679535	1538.5217553030684
1365.341066179094	319.7932041598028	1.0945829537869463	1539.5217553030684
1368.1350682138795	320.888694077476	1.0963972150844907	1540.5217553030684
1370.9339693621744	321.9859992572459	1.0982134782045851	1541.5217553030684
1373.7377757000968	323.08512170160725	1.100031744491227	1542.5217553030684
1376.5464933077978	324.1860634143985	1.1018520152884141	1543.5217553030684
1379.3601282694615	325.28882640080235	1.103674291940145	1544.5217553030684
1382.1786866733016	326.3934126673451	1.1054985757904165	1545.5217553030684
1385.0021746115663	327.49982422189726	1.1073248681832273	1546.5217553030684
1387.830598180533	328.60806307367363	1.1091531704625743	1547.5217553030684
1390.663963480514	329.71813123323255	1.1109834839724564	1548.5217553030684
1393.5022766158522	330.83003071247674	1.112815810056871	1549.5217553030684
1396.3455436949212	331.94376352465264	1.1146501500598156	1550.5217553030684
1399.1937708301296	333.0593316843505	1.1164865053252884	1551.5217553030684
1402.0469641379152	334.17673720750525	1.1183248771972871	1552.5217553030684
1404.9051297387498	335.29598211139523	1.1201652670198097	1553.5217553030684
1407.7682737571358	336.4170684146432	1.122007676136854	1554.5217553030684
1410.6364023216083	337.53999813721526	1.1238521058924178	1555.5217553030684
1413.5095215647343	338.6647733004221	1.125698557630499	1556.5217553030684
1416.3876376231124	339.79139592691826	1.127547032695095	1557.5217553030684
1419.2707566373738	340.9198680407024	1.1293975324302044	1558.5217553030684
1422.1588847521807	342.0501916671168	1.1312500581798242	1559.5217553030684
1425.0520281162294	343.18236883284834	1.1331046112879533	1560.5217553030684
1427.9501928822456	344.31640156592704	1.1349611930985886	1561.5217553030684
1430.853385206989	345.45229189572757	1.1368198049557283	1562.5217553030684
1433.7616112512496	346.59004185296857	1.1386804482033703	1563.5217553030684
1436.6748771798507	347.7296534697124	1.1405431241855122	1564.5217553030684
1439.593189161647	348.87112877936596	1.142407834246152	1565.5217553030684
1442.5165533695256	350.01446981667897	1.1442745797292877	1566.5217553030684
1445.4449759804056	351.1596786177466	1.146143361978917	1567.5217553030684
1448.3784631752371	352.30675722000694	1.1480141823390375	1568.5217553030684
1451.3170211390034	353.4557076622426	1.1498870421536473	1569.5217553030684
1454.2606560607192	354.6065319845805	1.1517619427667445	1570.5217553030684
1457.2093741334313	355.7592322284904	1.1536388855223263	1571.5217553030684
1460.1631815542187	356.9138104367873	1.155517871764391	1572.5217553030684
1463.1220845241924	358.07026865362934	1.1573989028369365	1573.5217553030684
1466.0860892484943	359.2286089245192	1.15928198008396	1574.5217553030684
1469.0552019363	360.3888332963035	1.16116710484946	1575.5217553030684
1472.029428800816	361.5509438171724	1.1630542784774343	1576.5217553030684
1475.0087760592817	362.7149425366605	1.1649435023118806	1577.5217553030684
1477.9932499329664	363.8808315056462	1.1668347776967964	1578.5217553030684
1480.9828566471742	365.0486127763522	1.16872810597618	1579.5217553030684
1483.9776024312396	366.21828840234485	1.1706234884940292	1580.5217553030684
1486.9774935185287	367.3898604385345	1.1725209265943417	1581.5217553030684
1489.9825361464414	368.56333094117565	1.1744204216211154	1582.5217553030684
1492.992736556408	369.73870196786686	1.1763219749183482	1583.5217553030684
1496.0081009938906	370.91597557755046	1.1782255878300378	1584.5217553030684
1499.0286357083846	372.0951538305132	1.1801312617001822	1585.5217553030684
1502.0543469534164	373.2762387883851	1.182038997872779	1586.5217553030684
1505.0852409865442	374.4592325141408	1.1839487976918261	1587.5217553030684
1508.1213240693603	375.64413707209883	1.1858606625013217	1588.5217553030684
1511.1626024674865	376.83095452792145	1.1877745936452633	1589.5217553030684
1514.2090824505763	378.01968694861534	1.1896905924676484	1590.5217553030684
1517.2607702923183	379.210336402531	1.1916086603124758	1591.5217553030684
1520.31767227043	380.4029049593627	1.1935287985237424	1592.5217553030684
1523.3797946666627	381.5973946901486	1.1954510084454466	1593.5217553030684
1526.447143766799	382.7938076672716	1.197375291421586	1594.5217553030684
1529.5197258606531	383.9921459644579	1.1993016487961585	1595.5217553030684
1532.5975472420723	385.1924116567781	1.2012300819131623	1596.5217553030684
1535.6806142089347	386.39460682064646	1.2031605921165944	1597.5217553030684
1538.7689330631515	387.59873353382136	1.2050931807504535	1598.5217553030684
1541.8625101106643	388.8047938754054	1.2070278491587367	1599.5217553030684
1544.961351661449	390.0127899258449	1.2089645986854425	1600.5217553030684
1548.0654640295118	391.22272376693064	1.2109034306745685	1601.5217553030684
1551.1748535328907	392.4345974817963	1.2128443464701122	1602.5217553030684
1554.2895264936567	393.64841315492083	1.2147873474160717	1603.5217553030684
1557.4094892379132	394.8641728721265	1.2167324348564452	1604.5217553030684
1560.534748095794	396.0818787205798	1.2186796101352302	1605.5217553030684
1563.665309401465	397.30153278879123	1.2206288745964242	1606.5217553030684
1566.8011794931267	398.5231371666149	1.2225802295840258	1607.5217553030684
1569.942364713008	399.7466939452493	1.2245336764420323	1608.5217553030684
1573.0888714073722	400.97220521723705	1.2264892165144416	1609.5217553030684
1576.2407059265136	402.19967307646425	1.2284468511452515	1610.5217553030684
1579.3978746247587	403.4290996181618	1.2304065816784604	1611.5217553030684
1582.5603838604666	404.6604869389035	1.2323684094580654	1612.5217553030684
1585.7282399960275	405.893837136608	1.2343323358280647	1613.5217553030684
1588.9014493978632	407.1291523105376	1.2362983621324557	1614.5217553030684
1592.0800184364298	408.36643456129895	1.2382664897152371	1615.5217553030684
1595.2639534862124	409.60568599084223	1.2402367199204059	1616.5217553030684
1598.4532609257308	410.846908702462	1.2422090540919608	1617.5217553030684
1601.6479471375342	412.0901048007963	1.2441834935738987	1618.5217553030684
1604.8480185082058	413.33527639182785	1.246160039710218	1619.5217553030684
1608.05348142836	414.5824255828828	1.2481386938449164	1620.5217553030684
1611.2643422926435	415.83155448263176	1.2501194573219916	1621.5217553030684
1614.4806074997348	417.08266520108907	1.252102331485442	1622.5217553030684
1617.7022834523439	418.3357598496129	1.2540873176792648	1623.5217553030684
1620.9293765572143	419.5908405409056	1.2560744172474583	1624.5217553030684
1624.1618932251183	420.84790938901386	1.2580636315340197	1625.5217553030684
1627.3998398708648	422.1069685093277	1.2600549618829473	1626.5217553030684
1630.6432229132913	423.368020018582	1.2620484096382394	1627.5217553030684
1633.892048775268	424.6310660348544	1.264043976143893	1628.5217553030684
1637.1463238836975	425.8961086775677	1.2660416627439062	1629.5217553030684
1640.4060546695143	427.16315006748835	1.268041470782277	1630.5217553030684
1643.6712475676852	428.43219232672635	1.270043401603003	1631.5217553030684
1646.9419090172082	429.7032375787366	1.2720474565500828	1632.5217553030684
1650.218045461114	430.9762879483168	1.2740536369675133	1633.5217553030684
1653.4996633464646	432.25134556160964	1.2760619441992929	1634.5217553030684
1656.786769124354	433.52841254610144	1.2780723795894187	1635.5217553030684
1660.0793692499092	434.80749103062254	1.2800849444818891	1636.5217553030684
1663.37747018229	436.0885831453474	1.2820996402207026	1637.5217553030684
1666.6810783846845	437.37169102179405	1.2841164681498558	1638.5217553030684
1669.9902003243162	438.65681679282517	1.2861354296133474	1639.5217553030684
1673.3048424724384	439.9439625926468	1.2881565259551744	1640.5217553030684
1676.6250113043388	441.23313055680956	1.2901797585193355	1641.5217553030684
1679.9507132993356	442.52432282220775	1.2922051286498284	1642.5217553030684
1683.2819549407784	443.8175415270795	1.2942326376906503	1643.5217553030684
1686.6187427160505	445.1127888110071	1.2962622869858	1644.5217553030684
1689.961083116565	446.4100668149171	1.2982940778792744	1645.5217553030684
1693.3089826377695	447.7093776810797	1.300328011715072	1646.5217553030684
1696.6624477791418	449.0107235531093	1.3023640898371904	1647.5217553030684
1700.0214850441916	450.3141065759643	1.3044023135896272	1648.5217553030684
1703.3861009404616	451.61952889594676	1.3064426843163806	1649.5217553030684
1706.7563019795275	452.9269926607031	1.3084852033614487	1650.5217553030684
1710.1320946769938	454.2365000192236	1.3105298720688285	1651.5217553030684
1713.5134855524987	455.54805312184277	1.3125766917825183	1652.5217553030684
1716.9004811297148	456.8616541202389	1.3146256638465166	1653.5217553030684
1720.2930879363416	458.1773051674341	1.31667678960482	1654.5217553030684
1723.6913125041156	459.49500841779457	1.3187300704014273	1655.5217553030684
1727.0951613688003	460.814766027031	1.3207855075803354	1656.5217553030684
1730.5046410701973	462.1365801521973	1.3228431024855434	1657.5217553030684
1733.9197581521348	463.4604529516922	1.3249028564610483	1658.5217553030684
1737.3405191624752	464.7863865852576	1.3269647708508479	1659.5217553030684
1740.7669306531131	466.1143832139799	1.32902884699894	1660.5217553030684
1744.1989991799753	467.44444500028953	1.3310950862493232	1661.5217553030684
1747.6367313030182	468.7765741079606	1.3331634899459943	1662.5217553030684
1751.0801335862343	470.1107727021117	1.3352340594329521	1663.5217553030684
1754.5292125976443	471.4470429492048	1.3373067960541938	1664.5217553030684
1757.9839749093035	472.78538701704616	1.3393817011537177	1665.5217553030684
1761.4444270972967	474.12580707478617	1.341458776075521	1666.5217553030684
1764.9105757417437	475.4683052929191	1.3435380221636022	1667.5217553030684
1768.382427426793	476.81288384328366	1.3456194407619588	1668.5217553030684
1771.8599887406278	478.15954489906125	1.3477030332145885	1669.5217553030684
1775.3432662754622	479.5082906347788	1.3497888008654892	1670.5217553030684
1778.8322666275428	480.8591232263063	1.3518767450586595	1671.5217553030684
1782.3269963971466	482.2120448508581	1.353966867138096	1672.5217553030684
1785.8274621885853	483.56705768699265	1.3560591684477976	1673.5217553030684
1789.3336706101993	484.92416391461194	1.3581536503317615	1674.5217553030684
1792.8456282743646	486.28336571496226	1.3602503141339861	1675.5217553030684
1796.3633417974852	487.64466527063394	1.3623491611984684	1676.5217553030684
1799.8868178000007	489.0080647655612	1.3644501928692068	1677.5217553030684
1803.4160629063815	490.3735663850223	1.3665534104901993	1678.5217553030684
1806.951083745129	491.74117231563974	1.3686588154054435	1679.5217553030684
1810.4918869487774	493.11088474537934	1.370766408958937	1680.5217553030684
1814.0384791538925	494.4827058635517	1.372876192494678	1681.5217553030684
1817.590867001073	495.85663786081074	1.3749881673566642	1682.5217553030684
1821.149057134949	497.232682929155	1.3771023348888936	1683.5217553030684
1824.7130562041825	498.6108432619268	1.3792186964353639	1684.5217553030684
1828.2828708614672	499.9911210538119	1.381337253340073	1685.5217553030684
1831.8585077635294	501.3735185008409	1.3834580069470186	1686.5217553030684
1835.439973571127	502.7580378003879	1.3855809586001984	1687.5217553030684
1839.0272749490505	504.1446811511713	1.3877061096436107	1688.5217553030684
1842.6204185661213	505.53345075325336	1.389833461421253	1689.5217553030684
1846.2194110951948	506.92434880804007	1.3919630152771236	1690.5217553030684
1849.8242592131553	508.3173775182816	1.3940947725552195	1691.5217553030684
1853.4349696009217	509.71253908807245	1.3962287345995392	1692.5217553030684
1857.0515489434438	511.1098357228507	1.3983649027540803	1693.5217553030684
1860.674003929704	512.5092696293989	1.4005032783628408	1694.5217553030684
1864.3023412527164	513.9108430158426	1.4026438627698186	1695.5217553030684
1867.9365676095267	515.3145580916524	1.4047866573190113	1696.5217553030684
1871.576689701213	516.7204170676425	1.4069316633544169	1697.5217553030684
1875.2227142328843	518.1284221559713	1.4090788822200329	1698.5217553030684
1878.8746479136844	519.5385755701409	1.4112283152598577	1699.5217553030684
1882.5324974567866	520.9508795249972	1.4133799638178888	1700.5217553030684
1886.196269579396	522.3653362367306	1.4155338292381239	1701.5217553030684
1889.8659710027518	523.7819479228754	1.4176899128645613	1702.5217553030684
1893.5416084521225	525.2007168023097	1.4198482160411983	1703.5217553030684
1897.2231886568115	526.621645095256	1.4220087401120332	1704.5217553030684
1900.9107183501526	528.04473502328	1.4241714864210637	1705.5217553030684
1904.604204269511	529.4699888092921	1.4263364563122873	1706.5217553030684
1908.3036531562852	530.8974086775465	1.4285036511297027	1707.5217553030684
1912.009071755905	532.3269968536415	1.4306730722173069	1708.5217553030684
1915.7204668178324	533.7587555645191	1.432844720919098	1709.5217553030684
1919.4378450955605	535.1926870384659	1.4350185985790738	1710.5217553030684
1923.1612133466165	536.6287935051114	1.437194706541232	1711.5217553030684
1926.8905783325574	538.0670771954303	1.4393730461495708	1712.5217553030684
1930.625946818973	539.5075403417407	1.4415536187480877	1713.5217553030684
1934.3673255754866	540.9501851777045	1.4437364256807812	1714.5217553030684
1938.1147213757502	542.3950139383284	1.4459214682916484	1715.5217553030684
1941.8681409974515	543.8420288599619	1.4481087479246875	1716.5217553030684
1945.6275912223075	545.2912321802996	1.4502982659238963	1717.5217553030684
1949.393078836067	546.7426261383797	1.4524900236332723	1718.5217553030684
1953.1646106285134	548.1962129745842	1.454684022396814	1719.5217553030684
1956.94219339346	549.6519949306396	1.4568802635585185	1720.5217553030684
1960.7258339287523	551.1099742496154	1.4590787484623842	1721.5217553030684
1964.5155390362688	552.5701531759263	1.4612794784524086	1722.5217553030684
1968.3113155219194	554.0325339553303	1.4634824548725898	1723.5217553030684
1972.1131701956456	555.4971188349294	1.4656876790669258	1724.5217553030684
1975.9211098714209	556.9639100631703	1.4678951523794137	1725.5217553030684
1979.7351413672513	558.4329098898424	1.470104876154052	1726.5217553030684
1983.5552715051747	559.9041205660803	1.4723168517348382	1727.5217553030684
1987.3815071112608	561.3775443443621	1.4745310804657703	1728.5217553030684
1991.2138550156128	562.8531834785098	1.4767475636908463	1729.5217553030684
1995.0523220523617	564.33104022369	1.4789663027540638	1730.5217553030684
1998.896915059676	565.8111168364121	1.481187298999421	1731.5217553030684
2002.747640879752	567.2934155745309	1.483410553770915	1732.5217553030684
2006.6045063588197	568.7779386972438	1.4856360684125443	1733.5217553030684
2010.4675183471409	570.2646884650937	1.4878638442683068	1734.5217553030684
2014.3366836990083	571.7536671399666	1.4900938826821994	1735.5217553030684
2018.2120092727496	573.2448769850924	1.492326184998221	1736.5217553030684
2022.0935019307226	574.7383202650451	1.494560752560369	1737.5217553030684
2025.981168539315	576.233999245743	1.4967975867126413	1738.5217553030684
2029.8750159689494	577.7319161944483	1.4990366887990354	1739.5217553030684
2033.775051094081	579.2320733797671	1.50127806016355	1740.5217553030684
2037.6812807931935	580.7344730716497	1.5035217021501825	1741.5217553030684
2041.5937119488053	582.2391175413895	1.5057676161029303	1742.5217553030684
2045.5123514474662	583.7460090616255	1.5080158033657916	1743.5217553030684
2049.4372061797585	585.255149906339	1.5102662652827643	1744.5217553030684
2053.368283040295	586.766542350857	1.5125190031978462	1745.5217553030684
2057.3055889277216	588.2801886718491	1.5147740184550351	1746.5217553030684
2061.249130744716	589.7960911473291	1.5170313123983288	1747.5217553030684
2065.198915397988	591.3142520566555	1.5192908863717252	1748.5217553030684
2069.1549497982796	592.8346736805306	1.5215527417192223	1749.5217553030684
2073.1172408603634	594.357358301	1.5238168797848175	1750.5217553030684
2077.085795503046	595.8823082014544	1.526083301912509	1751.5217553030684
2081.0606206491652	597.4095256666274	1.528352009446295	1752.5217553030684
2085.04172322559	598.9390129825969	1.5306230037301725	1753.5217553030684
2089.029110163222	600.4707724367854	1.5328962861081397	1754.5217553030684
2093.0227883969956	602.004806317959	1.5351718579241944	1755.5217553030684
2097.0227648658756	603.541116916228	1.537449720522335	1756.5217553030684
2101.02904651286	605.0797065230461	1.5397298752465587	1757.5217553030684
2105.0416402849787	606.620577431211	1.5420123234408631	1758.5217553030684
2109.0605531332926	608.1637319348657	1.5442970664492468	1759.5217553030684
2113.0857920128947	609.7091723294955	1.5465841056157068	1760.5217553030684
2117.1173638829127	611.2569009119311	1.548873442284242	1761.5217553030684
2121.1552757065024	612.8069199803463	1.5511650777988493	1762.5217553030684
2125.199534450854	614.3592318342589	1.553459013503527	1763.5217553030684
2129.2501470871894	615.9138387745311	1.5557552507422727	1764.5217553030684
2133.3071205907618	617.4707431033693	1.5580537908590848	1765.5217553030684
2137.3704619408563	619.0299471243235	1.5603546351979602	1766.5217553030684
2141.4401781207916	620.5914531422874	1.562657785102898	1767.5217553030684
2145.5162761179163	622.1552634634993	1.5649632419178947	1768.5217553030684
2149.5987629236124	623.721380395541	1.5672710069869489	1769.5217553030684
2153.687645533293	625.289806247339	1.5695810816540585	1770.5217553030684
2157.7829309464037	626.8605433291632	1.5718934672632205	1771.5217553030684
2161.8846261664225	628.4335939526277	1.574208165158434	1772.5217553030684
2165.992738200859	630.0089604306902	1.5765251766836963	1773.5217553030684
2170.1072740612526	631.586645077653	1.5788445031830043	1774.5217553030684
2174.22824076318	633.1666502091621	1.5811661460003574	1775.5217553030684
2178.3556453262454	634.7489781422075	1.5834901064797529	1776.5217553030684
2182.489494774086	636.3336311951238	1.5858163859651881	1777.5217553030684
2186.6297961343707	637.9206116875882	1.5881449858006613	1778.5217553030684
2190.776556438801	639.5099219406229	1.5904759073301697	1779.5217553030684
2194.9297827231126	641.1015642765944	1.5928091518977125	1780.5217553030684
2199.0894820270682	642.6955410192123	1.5951447208472862	1781.5217553030684
2203.2556613944676	644.2918544935311	1.5974826155228898	1782.5217553030684
2207.4283278731373	645.8905070259483	1.59982283726852	1783.5217553030684
2211.6074885149415	647.4915009442061	1.602165387428175	1784.5217553030684
2215.7931503757723	649.0948385773906	1.604510267345853	1785.5217553030684
2219.985320515556	650.7005222559318	1.6068574783655518	1786.5217553030684
2224.1840059982496	652.3085543116038	1.6092070218312693	1787.5217553030684
2228.389213891841	653.9189370775243	1.6115588990870022	1788.5217553030684
2232.600951268355	655.5316728881558	1.6139131114767502	1789.5217553030684
2236.819225203841	657.1467640793039	1.6162696603445095	1790.5217553030684
2241.044042778388	658.7642129881187	1.618628547034279	1791.5217553030684
2245.275411076111	660.3840219530945	1.6209897728900562	1792.5217553030684
2249.5133371851607	662.0061933140689	1.6233533392558388	1793.5217553030684
2253.757828197717	663.6307294122244	1.6257192474756248	1794.5217553030684
2258.008891209995	665.2576325900861	1.6280874988934118	1795.5217553030684
2262.2665333222394	666.8869051915249	1.6304580948531981	1796.5217553030684
2266.530761638727	668.5185495617544	1.632831036698981	1797.5217553030684
2270.8015832677684	670.1525680473328	1.6352063257747593	1798.5217553030684
2275.079005321704	671.7889629961621	1.6375839634245297	1799.5217553030684
2279.363034916906	673.427736757488	1.6399639509922903	1800.5217553030684
2283.6536791737813	675.0688916819005	1.6423462898220391	1801.5217553030684
2287.9509452167676	676.7124301213339	1.6447309812577744	1802.5217553030684
2292.2548401743334	678.3583544290661	1.6471180266434935	1803.5217553030684
2296.5653711789796	680.006666959719	1.6495074273231942	1804.5217553030684
2300.8825453672407	681.6573700692586	1.6518991846408744	1805.5217553030684
2305.2063698796815	683.3104661149947	1.6542932999405324	1806.5217553030684
2309.536851860899	684.9659574555815	1.6566897745661655	1807.5217553030684
2313.8739984595218	686.623846451017	1.6590886098617719	1808.5217553030684
2318.2178168282126	688.2841354626432	1.6614898071713489	1809.5217553030684
2322.568314123664	689.9468268531458	1.6638933678388947	1810.5217553030684
2326.9254975066015	691.6119229865549	1.6662992932084073	1811.5217553030684
2331.289374141783	693.2794262282443	1.6687075846238848	1812.5217553030684
2335.6599511979953	694.9493389449328	1.6711182434293241	1813.5217553030684
2340.0372358480627	696.6216635046812	1.673531270968724	1814.5217553030684
2344.4212352688355	698.2964022768961	1.6759466685860813	1815.5217553030684
2348.811956641202	699.9735576323274	1.6783644376253948	1816.5217553030684
2353.209407150077	701.6531319430687	1.6807845794306617	1817.5217553030684
2357.6135939844107	703.3351275825587	1.6832070953458804	1818.5217553030684
2362.024524337185	705.0195469255787	1.6856319867150487	1819.5217553030684
2366.4422054054116	706.7063923482547	1.6880592548821638	1820.5217553030684
2370.8666443901366	708.3956662280568	1.690488901191224	1821.5217553030684
2375.2978484964374	710.0873709437992	1.6929209269862273	1822.5217553030684
2379.735824933423	711.7815088756396	1.6953553336111715	1823.5217553030684
2384.1805809142343	713.4780824050795	1.6977921224100538	1824.5217553030684
2388.632123656044	715.1770939149656	1.7002312947268727	1825.5217553030684
2393.090460380058	716.8785457894871	1.7026728519056258	1826.5217553030684
2397.555598311513	718.5824404141787	1.705116795290311	1827.5217553030684
2402.0275446796795	720.2887801759176	1.7075631262249265	1828.5217553030684
2406.506306717857	721.9975674629266	1.7100118460534695	1829.5217553030684
2410.9918916633787	723.7088046647707	1.7124629561199376	1830.5217553030684
2415.4843067576107	725.4224941723603	1.7149164577683296	1831.5217553030684
2419.9835592459503	727.1386383779492	1.7173723523426427	1832.5217553030684
2424.489656377826	728.8572396751355	1.7198306411868756	1833.5217553030684
2429.002605406699	730.5783004588611	1.722291325645025	1834.5217553030684
2433.5224135900617	732.3018231254118	1.7247544070610892	1835.5217553030684
2438.04908818944	734.0278100724172	1.727219886779066	1836.5217553030684
2442.5826364703908	735.7562636988516	1.7296877661429533	1837.5217553030684
2447.123065702504	737.4871864050331	1.7321580464967492	1838.5217553030684
2451.6703831594	739.2205805926233	1.7346307291844512	1839.5217553030684
2456.224596118731	740.956448664628	1.7371058155500567	1840.5217553030684
2460.785711862183	742.6947930253974	1.7395833069375644	1841.5217553030684
2465.3537376754734	744.435616080625	1.7420632046909719	1842.5217553030684
2469.9286808483503	746.1789202373491	1.744545510154277	1843.5217553030684
2474.5105486745956	747.9247079039517	1.7470302246714775	1844.5217553030684
2479.0993484520227	749.6729814901581	1.7495173495865712	1845.5217553030684
2483.6950874824747	751.4237434070387	1.7520068862435556	1846.5217553030684
2488.297773071831	753.1769960670072	1.7544988359864293	1847.5217553030684
2492.907412529999	754.9327418838213	1.7569932001591895	1848.5217553030684
2497.5240131709197	756.6909832725837	1.7594899801058346	1849.5217553030684
2502.1475823125675	758.4517226497393	1.7619891771703615	1850.5217553030684
2506.778127276947	760.2149624330782	1.7644907926967695	1851.5217553030684
2511.415655390094	761.9807050417346	1.7669948280290548	1852.5217553030684
2516.0601739820777	763.7489528961862	1.7695012845112164	1853.5217553030684
2520.711690387001	765.5197084182552	1.772010163487252	1854.5217553030684
2525.3702119429945	767.2929740311067	1.7745214663011588	1855.5217553030684
2530.035745992224	769.0687521592513	1.7770351942969351	1856.5217553030684
2534.7082998808864	770.8470452285426	1.7795513488185788	1857.5217553030684
2539.3878809592125	772.6278556661784	1.782069931210088	1858.5217553030684
2544.074496581461	774.4111859007006	1.7845909428154598	1859.5217553030684
2548.7681541059246	776.1970383619953	1.7871143849786923	1860.5217553030684
2553.4688608949305	777.9854154812922	1.7896402590437839	1861.5217553030684
2558.1766243148336	779.7763196911646	1.7921685663547318	1862.5217553030684
2562.8914517360236	781.5697534255314	1.794699308255534	1863.5217553030684
2567.6133505329217	783.3657191196537	1.7972324860901883	1864.5217553030684
2572.3423280839806	785.1642192101378	1.799768101202693	1865.5217553030684
2577.0783917716844	786.9652561349333	1.8023061549370452	1866.5217553030684
2581.8215489825516	788.7688323333338	1.8048466486372434	1867.5217553030684
2586.571807107129	790.5749502459776	1.8073895836472849	1868.5217553030684
2591.3291735399994	792.3836123148465	1.8099349613111677	1869.5217553030684
2596.0936556797747	794.194820983266	1.8124827829728902	1870.5217553030684
2600.8652609291003	796.0085786959062	1.8150330499764493	1871.5217553030684
2605.643996694653	797.8248878987807	1.8175857636658437	1872.5217553030684
2610.429870387141	799.6437510392476	1.8201409253850704	1873.5217553030684
2615.2228894213054	801.4651705660087	1.822698536478128	1874.5217553030684
2620.0230612159194	803.2891489291101	1.825258598289014	1875.5217553030684
2624.830393193788	805.1156885799409	1.827821112161726	1876.5217553030684
2629.6448927817482	806.9447919712353	1.8303860794402627	1877.5217553030684
2634.4665674106673	808.7764615570713	1.8329535014686207	1878.5217553030684
2639.2954245154474	810.6106997928705	1.8355233795907986	1879.5217553030684
2644.1314715350222	812.447509135399	1.8380957151507946	1880.5217553030684
2648.9747159123544	814.2868920427661	1.8406705094926057	1881.5217553030684
2653.8251650944426	816.128850974426	1.8432477639602303	1882.5217553030684
2658.682826532314	817.9733883911763	1.8458274798976655	1883.5217553030684
2663.5477076810307	819.8205067551592	1.8484096586489105	1884.5217553030684
2668.419815999686	821.6702085298602	1.8509943015579622	1885.5217553030684
2673.299158951403	823.5224961801091	1.8535814099688184	1886.5217553030684
2678.185744003338	825.3773721720797	1.8561709852254769	1887.5217553030684
2683.0795786266826	827.2348389732899	1.858763028671936	1888.5217553030684
2687.9806702966553	829.0948990526016	1.8613575416521932	1889.5217553030684
2692.8890264925085	830.9575548802202	1.8639545255102463	1890.5217553030684
2697.8046546975297	832.8228089276961	1.8665539815900938	1891.5217553030684
2702.7275623990326	834.6906636679225	1.8691559112357325	1892.5217553030684
2707.657757088368	836.5611215751373	1.8717603157911609	1893.5217553030684
2712.595246260915	838.4341851249225	1.8743671966003768	1894.5217553030684
2717.540037416087	840.3098567942038	1.8769765550073778	1895.5217553030684
2722.49213805733	842.1881390612514	1.8795883923561623	1896.5217553030684
2727.451555692118	844.0690344056784	1.882202709990727	1897.5217553030684
2732.418297831963	845.9525453084427	1.8848195092550712	1898.5217553030684
2737.3923719924032	847.8386742518463	1.8874387914931914	1899.5217553030684
2742.373785693011	849.727423719535	1.8900605580490861	1900.5217553030684
2747.3625464573934	851.6187961964986	1.8926848102667535	1901.5217553030684
2752.3586618131862	853.5127941690705	1.895311549490191	1902.5217553030684
2757.362139292057	855.4094201249288	1.897940777063396	1903.5217553030684
2762.372986429707	857.308676553095	1.9005724943303672	1904.5217553030684
2767.3912107658693	859.2105659439353	1.903206702635102	1905.5217553030684
2772.416819844308	861.1150907891595	1.9058434033215983	1906.5217553030684
2777.4498212128196	863.0222535818206	1.9084825977338538	1907.5217553030684
2782.4902224232333	864.9320568163167	1.9111242872158662	1908.5217553030684
2787.5380310314104	866.8445029883901	1.913768473111634	1909.5217553030684
2792.5932545972423	868.7595945951259	1.9164151567651548	1910.5217553030684
2797.6559006846537	870.6773341349544	1.9190643395204259	1911.5217553030684
2802.7259768616013	872.5977241076489	1.9217160227214456	1912.5217553030684
2807.8034907000747	874.5207670143272	1.9243702077122116	1913.5217553030684
2812.8884497760937	876.4464653574512	1.9270268958367223	1914.5217553030684
2817.98086166971	878.3748216408264	1.9296860884389744	1915.5217553030684
2823.080733965009	880.3058383696032	1.9323477868629668	1916.5217553030684
2828.1880742501085	882.2395180502745	1.9350119924526967	1917.5217553030684
2833.3028901171547	884.1758631906785	1.9376787065521621	1918.5217553030684
2838.4251891623308	886.1148762999967	1.9403479305053613	1919.5217553030684
2843.5549789858474	888.0565598887549	1.9430196656562915	1920.5217553030684
2848.692267191949	890.000916468823	1.9456939133489508	1921.5217553030684
2853.837061388913	891.9479485534149	1.948370674927337	1922.5217553030684
2858.9893691890493	893.8976586570877	1.9510499517354485	1923.5217553030684
2864.149198208695	895.8500492957435	1.9537317451172818	1924.5217553030684
2869.3165560682246	897.8051229866281	1.956416056416836	1925.5217553030684
2874.4914503920427	899.7628822483312	1.9591028869781082	1926.5217553030684
2879.673888808586	901.7233296007864	1.961792238145097	1927.5217553030684
2884.863878950323	903.6864675652714	1.9644841112617994	1928.5217553030684
2890.0614284537523	905.6522986644079	1.9671785076722137	1929.5217553030684
2895.266544959409	907.6208254221615	1.9698754287203377	1930.5217553030684
2900.4792361118566	909.5920503638423	1.972574875750169	1931.5217553030684
2905.699509559691	911.5659760161038	1.975276850105706	1932.5217553030684
2910.927372955541	913.5426049069438	1.977981353130946	1933.5217553030684
2916.1628339560684	915.5219395657037	1.9806883861698872	1934.5217553030684
2921.4059002219633	917.5039825230693	1.983397950566527	1935.5217553030684
2926.6565794179514	919.4887363110706	1.9861100476648634	1936.5217553030684
2931.9148792127894	921.476203463081	1.9888246788088946	1937.5217553030684
2937.1808072792655	923.4663865138184	1.9915418453426181	1938.5217553030684
2942.4543712942004	925.4592879993442	1.994261548610032	1939.5217553030684
2947.735578938446	927.4549104570642	1.9969837899551337	1940.5217553030684
2953.024437896887	929.4532564257283	1.9997085707219213	1941.5217553030684
2958.320955858439	931.4543284454301	2.002435892254393	1942.5217553030684
2963.6251405160515	933.458129057607	2.0051657558965457	1943.5217553030684
2968.936999566705	935.4646608050409	2.007898162992378	1944.5217553030684
2974.2565407114107	937.4739262318576	2.010633114885888	1945.5217553030684
2979.5837716552137	939.4859278835265	2.0133706129210722	1946.5217553030684
2984.9187001071914	941.5006683068615	2.01611065844193	1947.5217553030684
2990.2613337804505	943.5181500500205	2.018853252792459	1948.5217553030684
2995.6116803921323	945.5383756625044	2.021598397316656	1949.5217553030684
3000.9697476634087	947.5613476951596	2.0243460933585196	1950.5217553030684
3006.335543319485	949.5870687001755	2.0270963422620474	1951.5217553030684
3011.709075089596	951.6155412310854	2.0298491453712373	1952.5217553030684
3017.0903507070116	953.6467678427679	2.0326045040300875	1953.5217553030684
3022.4793779090314	955.6807510914437	2.0353624195825955	1954.5217553030684
3027.876164436987	957.7174935346789	2.038122893372759	1955.5217553030684
3033.2807180362443	959.756997731383	2.040885926744576	1956.5217553030684
3038.6930464561983	961.7992662418097	2.0436515210420443	1957.5217553030684
3044.1131574502792	963.8443016275571	2.0464196776091623	1958.5217553030684
3049.541058775944	965.892106451566	2.0491903977899266	1959.5217553030684
3054.976758194687	967.9426832781228	2.051963682928336	1960.5217553030684
3060.4202634720336	969.9960346728566	2.0547395343683883	1961.5217553030684
3065.871582377538	972.0521632027413	2.057517953454081	1962.5217553030684
3071.3307226847905	974.1110714360948	2.060298941529412	1963.5217553030684
3076.79769217141	976.1727619425781	2.0630824999383797	1964.5217553030684
3082.272498619048	978.2372372931973	2.0658686300249807	1965.5217553030684
3087.755149813391	980.304500060302	2.0686573331332143	1966.5217553030684
3093.2456535441524	982.3745528175855	2.071448610607077	1967.5217553030684
3098.744017605083	984.4473981400863	2.0742424637905676	1968.5217553030684
3104.2502497939636	986.5230386041848	2.0770388940276843	1969.5217553030684
3109.764357912604	988.6014767876073	2.0798379026624234	1970.5217553030684
3115.2863497668486	990.6827152694233	2.0826394910387838	1971.5217553030684
3120.816233166575	992.7667566300465	2.085443660500763	1972.5217553030684
3126.354015925691	994.8536034512349	2.0882504123923598	1973.5217553030684
3131.899705862136	996.9432583160893	2.0910597480575706	1974.5217553030684
3137.453310797884	999.0357238090559	2.0938716688403938	1975.5217553030684
3143.0148385589378	1001.1310025159239	2.0966861760848277	1976.5217553030684
3148.5842969753344	1003.2290970238271	2.0995032711348696	1977.5217553030684
3154.1616938811394	1005.3300099212433	2.1023229553345173	1978.5217553030684
3159.747037114457	1007.4337437979942	2.105145230027769	1979.5217553030684
3165.3403345174156	1009.540301245245	2.1079700965586223	1980.5217553030684
3170.941593936183	1011.6496848555053	2.1107975562710752	1981.5217553030684
3176.550823220952	1013.7618972226289	2.113627610509125	1982.5217553030684
3182.1680302259524	1015.8769409418134	2.1164602606167704	1983.5217553030684
3187.7932228094455	1017.9948186096003	2.119295507938009	1984.5217553030684
3193.4264088337213	1020.1155328238754	2.1221333538168388	1985.5217553030684
3199.0675961651045	1022.239086183868	2.1249737995972566	1986.5217553030684
3204.7167926739517	1024.3654812901518	2.127816846623261	1987.5217553030684
3210.3740062346515	1026.494720744644	2.13066249623885	1988.5217553030684
3216.0392447256227	1028.6268071506074	2.1335107497880217	1989.5217553030684
3221.7125160293194	1030.7617431126462	2.136361608614773	1990.5217553030684
3227.3938280322227	1032.8995312367106	2.1392150740631024	1991.5217553030684
3233.08318862485	1035.0401741300943	2.142071147477007	1992.5217553030684
3238.7806057017497	1037.1836744014345	2.1449298302004856	1993.5217553030684
3244.4860871615033	1039.3300346607132	2.147791123577536	1994.5217553030684
3250.199640906721	1041.4792575192555	2.1506550289521553	1995.5217553030684
3255.921274844047	1043.6313455897314	2.153521547668342	1996.5217553030684
3261.6509968841574	1045.7863014861541	2.1563906810700932	1997.5217553030684
3267.3888149417617	1047.9441278238812	2.1592624305014074	1998.5217553030684
3273.134736935598	1050.1048272196147	2.1621367973062826	1999.5217553030684
3278.8887707884396	1052.2684022914	2.165013782828716	2000.5217553030684
3284.650924427089	1054.434855658626	2.1678933884127054	2001.5217553030684
3290.4212057823843	1056.604189942027	2.1707756154022495	2002.5217553030684
3296.1996227891923	1058.7764077636803	2.1736604651413454	2003.5217553030684
3301.986183386413	1060.9515117470075	2.1765479389739912	2004.5217553030684
3307.7808955169794	1063.1295045167742	2.179438038244185	2005.5217553030684
3313.583767127854	1065.3103886990898	2.1823307642959238	2006.5217553030684
3319.394806170033	1067.494166921408	2.1852261184732056	2007.5217553030684
3325.2140205985456	1069.6808418125258	2.1881241021200295	2008.5217553030684
3331.0414183724515	1071.8704160025854	2.191024716580392	2009.5217553030684
3336.877007454843	1074.0628921230727	2.1939279631982918	2010.5217553030684
3342.7207958128415	1076.258272806816	2.1968338433177257	2011.5217553030684
3348.572791417606	1078.4565606879898	2.1997423582826925	2012.5217553030684
3354.433002244323	1080.6577584021113	2.20265350943719	2013.5217553030684
3360.3014362722133	1082.861868586042	2.2055672981252155	2014.5217553030684
3366.1781014845265	1085.0688938779876	2.208483725690767	2015.5217553030684
3372.063005868549	1087.2788369174975	2.211402793477842	2016.5217553030684
3377.9561574155973	1089.4917003454652	2.2143245028304395	2017.5217553030684
3383.8575641210173	1091.7074868041282	2.2172488550925564	2018.5217553030684
3389.7672339841893	1093.926198937068	2.2201758516081904	2019.5217553030684
3395.685175008527	1096.1478393892105	2.2231054937213406	2020.5217553030684
3401.6113952014716	1098.3724108068247	2.2260377827760034	2021.5217553030684
3407.5459025745013	1100.5999158375241	2.228972720116177	2022.5217553030684
3413.4887051431224	1102.8303571302667	2.2319103070858595	2023.5217553030684
3419.4398109268745	1105.0637373353536	2.2348505450290483	2024.5217553030684
3425.399227949332	1107.3000591044308	2.2377934352897424	2025.5217553030684
3431.3669642380964	1109.5393250904872	2.2407389792119385	2026.5217553030684
3437.343027824804	1111.7815379478566	2.2436871781396346	2027.5217553030684
3443.327426745124	1114.0267003322165	2.246638033416829	2028.5217553030684
3449.3201690387536	1116.274814900588	2.249591546387519	2029.5217553030684
3455.3212627494277	1118.5258843113372	2.252547718395703	2030.5217553030684
3461.3307159249075	1120.7799112241732	2.255506550785378	2031.5217553030684
3467.3485366169907	1123.03689830015	2.258468044900543	2032.5217553030684
3473.374732881505	1125.296848201664	2.261432202085195	2033.5217553030684
3479.409312778309	1127.5597635924578	2.264399023683332	2034.5217553030684
3485.4522843712953	1129.825647137617	2.267368511038952	2035.5217553030684
3491.5036557283884	1132.0945015035697	2.270340665496053	2036.5217553030684
3497.5634349215425	1134.3663293580905	2.273315488398632	2037.5217553030684
3503.631630026745	1136.6411333702968	2.276292981090687	2038.5217553030684
3509.708249124019	1138.9189162106497	2.279273144916217	2039.5217553030684
3515.7933002974137	1141.1996805509548	2.2822559812192194	2040.5217553030684
3521.886791635012	1143.483429064362	2.285241491343691	2041.5217553030684
3527.9887312289325	1145.7701644253643	2.288229676633631	2042.5217553030684
3534.0991271753205	1148.0598893097992	2.291220538433036	2043.5217553030684
3540.217987574358	1150.352606394848	2.2942140780859055	2044.5217553030684
3546.345320530255	1152.6483183590367	2.2972102969362354	2045.5217553030684
3552.481134151255	1154.9470278822346	2.3002091963280247	2046.5217553030684
3558.6254365496343	1157.2487376456547	2.303210777605271	2047.5217553030684
3564.778235841702	1159.5534503318552	2.3062150421119725	2048.5217553030684
3570.9395401477955	1161.8611686247364	2.3092219911921257	2049.5217553030684
3577.1093575922887	1164.171895209545	2.3122316261897304	2050.5217553030684
3583.287696303585	1166.4856327728694	2.3152439484487832	2051.5217553030684
3589.4745644141176	1168.8023840026442	2.318258959313282	2052.5217553030684
3595.6699700603554	1171.1221515881457	2.321276660127224	2053.5217553030684
3601.8739213828003	1173.4449382199964	2.324297052234609	2054.5217553030684
3608.086426525984	1175.770746590161	2.3273201369794343	2055.5217553030684
3614.3074936384655	1178.099579391949	2.330345915705696	2056.5217553030684
3620.537130872844	1180.4314393200143	2.3333743897573935	2057.5217553030684
3626.7753463857466	1182.7663290703535	2.3364055604785237	2058.5217553030684
3633.022148337835	1185.104251340309	2.339439429213086	2059.5217553030684
3639.277544893796	1187.4452088285657	2.342475997305076	2060.5217553030684
3645.541544222357	1189.789204235153	2.3455152660984933	2061.5217553030684
3651.814154496274	1192.1362402614445	2.348557236937336	2062.5217553030684
3658.0953838923315	1194.4863196101574	2.3516019111655995	2063.5217553030684
3664.385240591351	1196.8394449853536	2.354649290127284	2064.5217553030684
3670.6837327781855	1199.1956190924382	2.357699375166387	2065.5217553030684
3676.9908686417175	1201.55484463816	2.360752167626906	2066.5217553030684
3683.3066563748607	1203.9171243306137	2.3638076688528384	2067.5217553030684
3689.6311041745657	1206.2824608792353	2.3668658801881826	2068.5217553030684
3695.9642202418117	1208.6508569948076	2.3699268029769365	2069.5217553030684
3702.3060127816075	1211.0223153894553	2.3729904385630975	2070.5217553030684
3708.656490003	1213.3968387766474	2.3760567882906636	2071.5217553030684
3715.0156601190615	1215.7744298711984	2.379125853503633	2072.5217553030684
3721.3835313469026	1218.1550913892645	2.3821976355460026	2073.5217553030684
3727.7601119076608	1220.5388260483483	2.3852721357617717	2074.5217553030684
3734.1454100265087	1222.9256365672943	2.3883493554949364	2075.5217553030684
3740.53943393265	1225.3155256662917	2.391429296089496	2076.5217553030684
3746.9421918593193	1227.7084960668749	2.394511958889448	2077.5217553030684
3753.3536920437837	1230.1045504919202	2.397597345238789	2078.5217553030684
3759.773942727347	1232.5036916656502	2.4006854564815194	2079.5217553030684
3766.2029521553354	1234.9059223136294	2.4037762939616347	2080.5217553030684
3772.6407285771143	1237.3112451627671	2.4068698590231334	2081.5217553030684
3779.0872802460804	1239.719662941318	2.4099661530100143	2082.5217553030684
3785.5426154196575	1242.131178378877	2.413065177266273	2083.5217553030684
3792.006742359311	1244.5457942063877	2.41616693313591	2084.5217553030684
3798.479669330528	1246.963513156135	2.4192714219629217	2085.5217553030684
3804.9614046028328	1249.3843379617474	2.422378645091306	2086.5217553030684
3811.451956449781	1251.8082713581994	2.4254886038650607	2087.5217553030684
3817.9513331489616	1254.235316081807	2.428601299628184	2088.5217553030684
3824.4595429819915	1256.6654748702333	2.431716733724674	2089.5217553030684
3830.9765942345234	1259.0987504624827	2.434834907498528	2090.5217553030684
3837.5024951962396	1261.5351455989044	2.437955822293743	2091.5217553030684
3844.0372541608617	1263.9746630211919	2.4410794794543196	2092.5217553030684
3850.5808794261266	1266.4173054723824	2.444205880324252	2093.5217553030684
3857.133379293822	1268.863075696858	2.447335026247541	2094.5217553030684