9.742712e-8	7.78799e-13	1.047129e-10	930.428808666363
9.969651e-8	8.092866e-13	1.0715190000000001e-10	930.4297850677403
1.020188e-7	8.409501e-13	1.096478e-10	930.4303501766565
1.043951e-7	8.73834e-13	1.1220180000000002e-10	930.4304728979391
1.068268e-7	9.079846e-13	1.148154e-10	930.4301338026083
1.093151e-7	9.434498e-13	1.174898e-10	930.4300752048265
1.118614e-7	9.802794e-13	1.202264e-10	930.4310890070733
1.14467e-7	1.018525e-12	1.230269e-10	930.4308124889759
1.171333e-7	1.05824e-12	1.258925e-10	930.4315844073315
1.198618e-7	1.09948e-12	1.28825e-10	930.4319773335923
1.226537e-7	1.142303e-12	1.318257e-10	930.4319438698221
1.255107e-7	1.186768e-12	1.348963e-10	930.4323896800727
1.284343e-7	1.232937e-12	1.380384e-10	930.4333644623524
1.314259e-7	1.280874e-12	1.412538e-10	930.4328865772108
1.344873e-7	1.330647e-12	1.4454399999999998e-10	930.4338516091987
1.376199e-7	1.382322e-12	1.479108e-10	930.4343044726957
1.408255e-7	1.435974e-12	1.513561e-10	930.4344917317505
1.441058e-7	1.491674e-12	1.548817e-10	930.4345941063405
1.474625e-7	1.549501e-12	1.584893e-10	930.435363781656
1.508974e-7	1.609534e-12	1.62181e-10	930.4358065001448
1.544122e-7	1.671855e-12	1.6595870000000001e-10	930.4355351964074
1.58009e-7	1.736551e-12	1.698244e-10	930.4360065514733
1.616896e-7	1.80371e-12	1.737801e-10	930.43682049901
1.654558e-7	1.873423e-12	1.7782789999999997e-10	930.4370878979058
1.693098e-7	1.945787e-12	1.8197010000000002e-10	930.4371750468895
1.732536e-7	2.0209e-12	1.862087e-10	930.4378415186832
1.772893e-7	2.098865e-12	1.905461e-10	930.4383499058758
1.814189e-7	2.179788e-12	1.9498450000000002e-10	930.4384696629733
1.856447e-7	2.263778e-12	1.9952619999999999e-10	930.4390289495815
1.89969e-7	2.350951e-12	2.041738e-10	930.4394146114731
1.94394e-7	2.441423e-12	2.089296e-10	930.4399253289146
1.989221e-7	2.535318e-12	2.1379620000000003e-10	930.4404630110357
2.035557e-7	2.632763e-12	2.187762e-10	930.4409381047847
2.082971e-7	2.733888e-12	2.238721e-10	930.441238046188
2.131491e-7	2.838831e-12	2.290868e-10	930.4418186949225
2.18114e-7	2.947732e-12	2.344229e-10	930.4421527589667
2.231946e-7	3.060738e-12	2.398833e-10	930.4426808285529
2.2839360000000003e-7	3.178e-12	2.454709e-10	930.4433967529349
2.337136e-7	3.299676e-12	2.511886e-10	930.443896243699
2.391576e-7	3.425927e-12	2.570396e-10	930.4442814531302
2.447283e-7	3.556923e-12	2.630268e-10	930.4445665726839
2.504289e-7	3.692838e-12	2.691535e-10	930.4452397535234
2.562622e-7	3.833852e-12	2.754229e-10	930.445630526728
2.622314e-7	3.980154e-12	2.818383e-10	930.4462174019641
2.683397e-7	4.131936e-12	2.884032e-10	930.4467909371325
2.745902e-7	4.289401e-12	2.951209e-10	930.4474518781965
2.809863e-7	4.452756e-12	3.019952e-10	930.4477447191213
2.875314e-7	4.622216e-12	3.090295e-10	930.448459503057
2.94229e-7	4.798006e-12	3.162278e-10	930.4488663109314
3.010826e-7	4.980355e-12	3.2359370000000006e-10	930.4494505146422
3.080958e-7	5.169504e-12	3.3113109999999996e-10	930.4501132753766
3.152724e-7	5.3657e-12	3.3884420000000004e-10	930.4505306568625
3.226162e-7	5.5692e-12	3.4673690000000003e-10	930.4512130090568
3.30131e-7	5.780271e-12	3.548134e-10	930.4518382648456
3.378209e-7	5.999186e-12	3.6307810000000007e-10	930.4524265881088
3.456899e-7	6.226231e-12	3.715352e-10	930.4532282028728
3.537422e-7	6.461702e-12	3.801894e-10	930.4537730457502
3.619821e-7	6.705902e-12	3.890451e-10	930.4546077100059
3.704139e-7	6.95915e-12	3.9810719999999997e-10	930.4550612247153
3.790421e-7	7.221772e-12	4.0738029999999993e-10	930.4556989427324
3.878713e-7	7.494107e-12	4.168694e-10	930.456382999088
3.969062e-7	7.776505e-12	4.265795e-10	930.4572219363565
4.061515e-7	8.069331e-12	4.365158e-10	930.4578879641928
4.156121e-7	8.372959e-12	4.466836e-10	930.4583220852522
4.252932e-7	8.68778e-12	4.570882e-10	930.4591275381862
4.351997e-7	9.014195e-12	4.677351000000001e-10	930.459814102042
4.453371e-7	9.352621e-12	4.786301e-10	930.4606054257767
4.557105e-7	9.703489e-12	4.897788e-10	930.4612684113728
4.6632559999999994e-7	1.006725e-11	5.011871999999999e-10	930.4620454193562
4.77188e-7	1.044435e-11	5.128614e-10	930.4627806849962
4.883034e-7	1.083529e-11	5.248075e-10	930.4635228917269
4.996777e-7	1.124055e-11	5.370318e-10	930.4643422419305
5.113169e-7	1.166065e-11	5.495409e-10	930.4649765831806
5.232273e-7	1.209611e-11	5.623413e-10	930.465886304278
5.354151e-7	1.254748e-11	5.754399000000001e-10	930.4666698989764
5.478868e-7	1.301533e-11	5.888436999999999e-10	930.4673130238125
5.606491e-7	1.350025e-11	6.025595999999999e-10	930.4682893609197
5.737086e-7	1.400285e-11	6.16595e-10	930.469113194236
5.870723e-7	1.452374e-11	6.309573e-10	930.4699759238857
6.007473e-7	1.506358e-11	6.456542e-10	930.4707745725187
6.147409e-7	1.562305e-11	6.606934000000001e-10	930.4717181222031
6.290604e-7	1.620283e-11	6.760829999999999e-10	930.4724461789453
6.437135e-7	1.680365e-11	6.918309999999999e-10	930.4733434176845
6.587079e-7	1.742624e-11	7.079458e-10	930.4742343834796
6.740516e-7	1.807139e-11	7.244359999999999e-10	930.4751163525833
6.897527e-7	1.873987e-11	7.413102e-10	930.4761216964235
7.058195e-7	1.943253e-11	7.585775999999999e-10	930.4768985137447
7.222606e-7	2.01502e-11	7.762471000000001e-10	930.4778725743387
7.390847e-7	2.089377e-11	7.943281999999999e-10	930.4788546724138
7.563007e-7	2.166414e-11	8.128305e-10	930.4798037721271
7.739177e-7	2.246226e-11	8.317638000000001e-10	930.4806992802523
7.919451e-7	2.32891e-11	8.51138e-10	930.4817657066186
8.103925e-7	2.414567e-11	8.709636e-10	930.482795917074
8.292695e-7	2.5033e-11	8.912509e-10	930.4838098901218
8.485863e-7	2.595218e-11	9.120107999999999e-10	930.4848716484498
8.68353e-7	2.690431e-11	9.332542999999998e-10	930.4858325431771
8.885802e-7	2.789054e-11	9.549926e-10	930.486886013567
9.092785e-7	2.891207e-11	9.772372e-10	930.4879225535009
9.304590000000001e-7	2.997011e-11	1.0000000000000003e-9	930.48897011
9.521329e-7	3.106595e-11	1.023293e-9	930.4900609600573
9.743117e-7	3.220089e-11	1.047129e-9	930.4907999778443
9.970071e-7	3.33763e-11	1.071519e-9	930.4925776397806
1.020231e-6	3.459357e-11	1.096478e-9	930.4934468087824
1.043996e-6	3.585415e-11	1.122018e-9	930.4947462072801
1.068315e-6	3.715955e-11	1.148154e-9	930.4955254695799
1.0932e-6	3.851132e-11	1.174898e-9	930.4965293327591
1.118665e-6	3.991105e-11	1.202264e-9	930.4985519403393
1.144723e-6	4.13604e-11	1.230269e-9	930.4992326068526
1.171388e-6	4.286109e-11	1.2589250000000002e-9	930.5009123577655
1.198674e-6	4.441488e-11	1.28825e-9	930.5013893887057
1.226596e-6	4.60236e-11	1.3182569999999998e-9	930.5029471491522
1.255168e-6	4.768913e-11	1.348963e-9	930.5041644062884
1.284406e-6	4.941343e-11	1.380384e-9	930.5058689683452
1.314324e-6	5.119851e-11	1.412538e-9	930.5060809054341
1.34494e-6	5.304646e-11	1.4454400000000001e-9	930.5076976284039
1.376269e-6	5.495944e-11	1.479108e-9	930.5094417987057
1.408328e-6	5.693966e-11	1.513561e-9	930.51085464015
1.441133e-6	5.898942e-11	1.548817e-9	930.5114738668287
1.474703e-6	6.11111e-11	1.584893e-9	930.5133602710088
1.509055e-6	6.330715e-11	1.62181e-9	930.5148612661162
1.544207e-6	6.558011e-11	1.659587e-9	930.5161947580934
1.580177e-6	6.79326e-11	1.6982440000000002e-9	930.5170120430279
1.616986e-6	7.036732e-11	1.7378010000000003e-9	930.5187229838168
1.654652e-6	7.288706e-11	1.778279e-9	930.520400375869
1.693196e-6	7.549472e-11	1.819701e-9	930.5218245854677
1.732637e-6	7.819327e-11	1.8620869999999998e-9	930.523221133062
1.772997e-6	8.098581e-11	1.905461e-9	930.5244168261643
1.814298e-6	8.38755e-11	1.949845e-9	930.5262087499264
1.85656e-6	8.686564e-11	1.995262e-9	930.5278533044784
1.8998069999999998e-6	8.995962e-11	2.041738e-9	930.5292645873271
1.944061e-6	9.316096e-11	2.089296e-9	930.5307438295005
1.989346e-6	9.647326e-11	2.1379620000000006e-9	930.5321952682041
2.035687e-6	9.990029e-11	2.187762e-9	930.5339887474048
2.083106e-6	1.034459e-10	2.238721e-9	930.5355360940467
2.13163e-6	1.071141e-10	2.290868e-9	930.536859434939
2.181285e-6	1.109089e-10	2.344229e-9	930.5387438257952
2.232096e-6	1.148347e-10	2.398833e-9	930.5403230237371
2.284091e-6	1.188959e-10	2.454709e-9	930.5420299921495
2.337297e-6	1.230969e-10	2.511886e-9	930.5438610271327
2.391743e-6	1.274425e-10	2.5703959999999997e-9	930.545504467016
2.447457e-6	1.319375e-10	2.630268e-9	930.5473577217227
2.504468e-6	1.365869e-10	2.691535e-9	930.5487712030496
2.562808e-6	1.413959e-10	2.754229e-9	930.5505809066713
2.622507e-6	1.463698e-10	2.818383e-9	930.5525082290093
2.683597e-6	1.515141e-10	2.8840319999999994e-9	930.5543468657769
2.746109e-6	1.568345e-10	2.9512089999999995e-9	930.5562006960538
2.810078e-6	1.623369e-10	3.019952e-9	930.5579482389123
2.875537e-6	1.680272e-10	3.0902949999999996e-9	930.5600362424946
2.942521e-6	1.739118e-10	3.162278e-9	930.5617380255626
3.011065e-6	1.799971e-10	3.235937e-9	930.5635422135845
3.081206e-6	1.862899e-10	3.311311e-9	930.5656550834398
3.152981e-6	1.927969e-10	3.388442e-9	930.5674398145223
3.226428e-6	1.995252e-10	3.467369e-9	930.5694101781495
3.301586e-6	2.064823e-10	3.548134e-9	930.5715292319851
3.378494e-6	2.136757e-10	3.630781e-9	930.5732501354393
3.457195e-6	2.211132e-10	3.7153519999999994e-9	930.575652912564
3.537728e-6	2.288028e-10	3.801894e-9	930.5774445052913
3.620138e-6	2.36753e-10	3.890451e-9	930.579707339843
3.704468e-6	2.449722e-10	3.981072e-9	930.5817559190086
3.790762e-6	2.534695e-10	4.073803e-9	930.5838965458075
3.879066e-6	2.622538e-10	4.168694e-9	930.5859949902775
3.969427e-6	2.713348e-10	4.265795000000001e-9	930.5881634724594
4.061893e-6	2.807222e-10	4.365158e-9	930.5903067426196
4.156514e-6	2.90426e-10	4.466836e-9	930.5925773858721
4.253338e-6	3.004567e-10	4.570882e-9	930.5946766291495
4.352418e-6	3.108249e-10	4.677351e-9	930.5970034962097
4.453806e-6	3.215419e-10	4.786301e-9	930.599129035136
4.538835e-6	3.306119e-10	4.877671e-9	930.6010208355586
4.675023e-6	3.30612e-10	5.024015000107458e-9	930.601045558184
4.772363e-6	3.407815e-10	5.128614e-9	930.6030404120879
4.883534e-6	3.525066e-10	5.248075000000001e-9	930.6053184453347
4.997294e-6	3.646249e-10	5.370318e-9	930.6075775959636
5.113705e-6	3.771492e-10	5.4954089999999994e-9	930.6099235197962
5.232827e-6	3.900928e-10	5.623413e-9	930.6122621262211
5.354725e-6	4.034695e-10	5.754399e-9	930.6147296181581
5.479462e-6	4.172934e-10	5.888437e-9	930.6169520706429
5.607105e-6	4.31579e-10	6.025596000000001e-9	930.6194074411893
5.737721e-6	4.463415e-10	6.16595e-9	930.6217762875144
5.871381e-6	4.615965e-10	6.309573e-9	930.6244014452324
6.008154e-6	4.773598e-10	6.456542e-9	930.6268525473853
6.148113e-6	4.936482e-10	6.606933999999999e-9	930.6293430810722
6.291332e-6	5.104787e-10	6.76083e-9	930.631664854759
6.437888e-6	5.278688e-10	6.918310000000001e-9	930.634196617382
6.587859e-6	5.458369e-10	7.079458e-9	930.6368986015597
6.741322e-6	5.644017e-10	7.24436e-9	930.6393389754237
6.898361e-6	5.835826e-10	7.413102e-9	930.642068947655
7.059059e-6	6.033995e-10	7.585776e-9	930.6447223725035
7.2235e-6	6.238732e-10	7.762471e-9	930.6474540387977
7.391771e-6	6.450248e-10	7.943282e-9	930.6500795011433
7.563963e-6	6.668763e-10	8.128305e-9	930.6528084637573
7.740166e-6	6.894505e-10	8.317637999999998e-9	930.6554878320024
7.920474e-6	7.127707e-10	8.51138e-9	930.6583386830338
8.104983e-6	7.36861e-10	8.709636e-9	930.6611505922866
8.293789e-6	7.617464e-10	8.912509e-9	930.6639405805929
8.486994e-6	7.874525e-10	9.120108e-9	930.6667697904454
8.684701e-6	8.140058e-10	9.332543e-9	930.669701259346
8.887013e-6	8.414337e-10	9.549926e-9	930.6725972222193
9.094038e-6	8.697645e-10	9.772371999999998e-9	930.6755580426126
9.305886e-6	8.990271e-10	1.e-8	930.67850271
9.522669e-6	9.292518e-10	1.023293e-8	930.6814618882372
9.744502e-6	9.604694e-10	1.047129e-8	930.6840388720016
9.971504e-6	9.927119e-10	1.071519e-8	930.6878097261924
0.00001020379	1.026012e-9	1.0964780000000002e-8	930.6904481439664
0.00001044149	1.060405e-9	1.1220179999999998e-8	930.6936613316362
0.00001068473	1.095924e-9	1.148154e-8	930.6962240256969
0.00001093364	1.132607e-9	1.174898e-8	930.6997379346973
0.00001118834	1.170491e-9	1.202264e-8	930.7032807270284
0.00001144898	1.209614e-9	1.230269e-8	930.7061800305462
0.00001171569	1.250016e-9	1.258925e-8	930.7099323629286
0.00001198861	1.291738e-9	1.28825e-8	930.7123413933631
0.00001226789	1.334822e-9	1.318257e-8	930.7156967116427
0.00001255368	1.379313e-9	1.3489630000000002e-8	930.7193238806401
0.00001284613	1.425255e-9	1.3803840000000001e-8	930.7232809855808
0.00001314539	1.472695e-9	1.4125379999999998e-8	930.7263022304534
0.00001345162	1.52168e-9	1.44544e-8	930.729859419969
0.00001376498	1.57226e-9	1.479108e-8	930.733405539014
0.00001408565	1.624487e-9	1.513561e-8	930.7371481559052
0.00001441378	1.678413e-9	1.548817e-8	930.7399397733883
0.00001474956	1.734091e-9	1.584893e-8	930.7438477550221
0.00001509316	1.791579e-9	1.6218099999999996e-8	930.7472255689632
0.00001544477	1.850934e-9	1.6595870000000003e-8	930.7508997117957
0.00001580457	1.912216e-9	1.6982440000000004e-8	930.7544861633544
0.00001617275	1.975486e-9	1.737801e-8	930.7582102899008
0.00001654951	2.040808e-9	1.778279e-8	930.7623161494905
0.00001693504	2.108247e-9	1.819701e-8	930.7654525111543
0.00001732956	2.17787e-9	1.8620870000000003e-8	930.7695005657631
0.00001773327	2.249748e-9	1.9054609999999996e-8	930.7731697473735
0.00001814639	2.323952e-9	1.949845e-8	930.7772644492253
0.00001856912	2.400556e-9	1.995262e-8	930.7810481029559
0.00001900171	2.479638e-9	2.041738e-8	930.7849311713843
0.00001944438	2.561274e-9	2.089296e-8	930.7891880327153
0.00001989735	2.645548e-9	2.137962e-8	930.7927618919325
0.00002036089	2.732543e-9	2.187762e-8	930.7969762250191
0.00002083522	2.822346e-9	2.238721e-8	930.801218463578
0.0000213206	2.915045e-9	2.290868e-8	930.8050505310651
0.00002181729	3.010733e-9	2.344229e-8	930.8092653490764
0.00002232555	3.109505e-9	2.398833e-8	930.8134207341653
0.00002284565	3.211459e-9	2.4547090000000004e-8	930.8175208955521
0.00002337787	3.316696e-9	2.5118860000000003e-8	930.8219678759307
0.00002392249	3.42532e-9	2.5703959999999997e-8	930.8260408123884
0.0000244798	3.53744e-9	2.6302680000000005e-8	930.8305252544607
0.00002505009	3.653165e-9	2.691535e-8	930.8347528454952
0.00002563367	3.77261e-9	2.754229e-8	930.8391789498985
0.00002623084	3.895894e-9	2.8183830000000005e-8	930.8435331181034
0.00002684193	4.023137e-9	2.8840320000000005e-8	930.8479634414597
0.00002746725	4.154466e-9	2.9512090000000002e-8	930.852557917789
0.00002810714	4.29001e-9	3.019952e-8	930.8568483869942
0.00002876195	4.429903e-9	3.090295e-8	930.8619372260578
0.000029432	4.574283e-9	3.162278e-8	930.8661124354026
0.00003011767	4.723291e-9	3.235937e-8	930.8708201364859
0.00003081931	4.877074e-9	3.311311e-8	930.8756282330471
0.0000315373	5.035783e-9	3.388442e-8	930.8802034386305
0.00003227202	5.199575e-9	3.4673690000000004e-8	930.8850478561699
0.00003302385	5.36861e-9	3.548134e-8	930.8898313874276
0.00003379321	5.543054e-9	3.630781000000001e-8	930.8948420188383
0.00003458048	5.723078e-9	3.715352e-8	930.8997661056071
0.0000353861	5.908859e-9	3.801894e-8	930.9046716978434
0.00003621049	6.100579e-9	3.890451e-8	930.9098245678972
0.00003705408	6.298425e-9	3.981072e-8	930.9145482674014
0.00003791733	6.502591e-9	4.073803e-8	930.9196490601042
0.0000388007	6.713277e-9	4.168694e-8	930.9249677956693
0.00003970464	6.930689e-9	4.265795e-8	930.9301241386424
0.00004062964	7.155039e-9	4.3651580000000004e-8	930.9352614269632
0.0000415762	7.386547e-9	4.466836000000001e-8	930.9405258442439
0.00004254481	7.625437e-9	4.570882e-8	930.9458313953413
0.00004353598	7.871944e-9	4.677351000000001e-8	930.9511290471894
0.00004455025	8.126309e-9	4.786301e-8	930.9564172625165
0.00004558815	8.388777e-9	4.897787999999999e-8	930.9618704811234
0.00004665024	8.659607e-9	5.011872e-8	930.9675029011116
0.00004773706	8.93906e-9	5.1286140000000005e-8	930.9727552122268
0.00004884922	9.22741e-9	5.248074999999999e-8	930.9784522896492
0.00004998728	9.524937e-9	5.370317999999999e-8	930.984067181869
0.00005115186	9.831929e-9	5.495409e-8	930.9897030230143
0.00005234357	1.014869e-8	5.623413e-8	930.9954415583561
0.00005356305	1.047552e-8	5.7543990000000006e-8	931.0012308844068
0.00005481094	1.081274e-8	5.888436999999999e-8	931.0068654890932
0.00005608791	1.116067e-8	6.025596e-8	931.0128105170013
0.000057394629999999996	1.151966e-8	6.16595e-8	931.0187345015772
0.00005873179	1.189006e-8	6.309573e-8	931.0246519059214
0.00006010011	1.227221e-8	6.456542e-8	931.0306075605178
0.00006150031	1.26665e-8	6.606934e-8	931.0366427150628
0.00006293314	1.30733e-8	6.76083e-8	931.0426870665287
0.00006439935	1.349302e-8	6.91831e-8	931.0488113426546
0.00006589972	1.392604e-8	7.079457999999999e-8	931.0549768075465
0.00006743505	1.43728e-8	7.24436e-8	931.0611675841619
0.00006900616	1.483373e-8	7.413102e-8	931.0676384865607
0.00007061387	1.530926e-8	7.585776e-8	931.0738843329938
0.00007225904	1.579987e-8	7.762470999999999e-8	931.0803205577195
0.00007394254	1.630602e-8	7.943281999999999e-8	931.0867475182173
0.00007566527	1.682821e-8	8.128305e-8	931.0932378890802
0.00007742814	1.736693e-8	8.317638000000002e-8	931.0997536800711
0.00007923208	1.792272e-8	8.51138e-8	931.1063860384567
0.00008107806	1.849609e-8	8.709636e-8	931.1130349190254
0.00008296705	1.908762e-8	8.912509e-8	931.1198184484302
0.00008490005	1.969786e-8	9.120108000000001e-8	931.1265596854773
0.00008687809	2.03274e-8	9.332543e-8	931.1333191821351
0.00008890223	2.097686e-8	9.549926000000002e-8	931.1402712439865
0.00009097352	2.164686e-8	9.772372e-8	931.1471857600181
0.00009309308	2.233804e-8	9.999999999999998e-8	931.1541804000001
0.00009526202	2.305107e-8	1.0232929999999999e-7	931.1611734859908
0.00009748151	2.378664e-8	1.0471290000000001e-7	931.1679519906335
0.0000997527	2.454544e-8	1.071519e-7	931.1756995442918
0.0001020768	2.532822e-8	1.0964780000000002e-7	931.1826431538069
0.0001044551	2.613572e-8	1.1220180000000002e-7	931.1903705644651
0.0001068888	2.696873e-8	1.148154e-7	931.1971105792429
0.0001093792	2.782803e-8	1.174898e-7	931.2044792824568
0.0001119276	2.871447e-8	1.202264e-7	931.2123998556058
0.0001145354	2.962888e-8	1.230269e-7	931.2193421113595
0.000117204	3.057214e-8	1.2589249999999996e-7	931.2276119705305
0.0001199348	3.154517e-8	1.28825e-7	931.2349712400544
0.0001227291	3.254889e-8	1.318257e-7	931.242154526773
0.0001255886	3.358427e-8	1.348963e-7	931.2500362871333
0.0001285148	3.465231e-8	1.3803839999999998e-7	931.2586375240514
0.0001315091	3.575401e-8	1.412538e-7	931.265948314311
0.0001345732	3.689045e-8	1.44544e-7	931.2741480102943
0.0001377086	3.806271e-8	1.479108e-7	931.281980152903
0.0001409172	3.927191e-8	1.513561e-7	931.2903273141949
0.0001442005	4.051922e-8	1.548817e-7	931.2980114500293
0.0001475603	4.180582e-8	1.584893e-7	931.3064403716844
0.0001509984	4.313295e-8	1.62181e-7	931.314598812438
0.0001522496	4.361852e-8	1.6352440000000002e-7	931.3180083216938
0.0001581168	4.397829e-8	1.698244e-7	931.3195176311532
0.0001618009	4.537383e-8	1.7378009999999998e-7	931.3280049326708
0.0001655708	4.681333e-8	1.778279e-7	931.336496297825
0.0001694285	4.829814e-8	1.8197010000000003e-7	931.3442051194124
0.0001733762	4.982969e-8	1.862087e-7	931.3529909719579
0.0001774158	5.140945e-8	1.905461e-7	931.3610168352959
0.0001815496	5.303892e-8	1.949845e-7	931.3696161489759
0.0001857796	5.471966e-8	1.995262e-7	931.378032859845
0.0001901083	5.645329e-8	2.0417380000000003e-7	931.3866582783883
0.0001945378	5.824145e-8	2.089296e-7	931.3952711822548
0.0001990706	6.008585e-8	2.1379619999999998e-7	931.4042337983557
0.000203709	6.198825e-8	2.1877620000000004e-7	931.4129610533503
0.0002084554	6.395048e-8	2.238721e-7	931.421782705393
0.0002133125	6.597441e-8	2.290868e-7	931.4306822130301
0.0002182827	6.806196e-8	2.3442290000000002e-7	931.4395562890827
0.0002233688	7.021512e-8	2.398833e-7	931.4488133188096
0.0002285734	7.243597e-8	2.454709e-7	931.458009768164
0.0002338992	7.47266e-8	2.511886e-7	931.4671390341758
0.0002393492	7.708921e-8	2.570396e-7	931.4762752898774
0.0002449262	7.952605e-8	2.630268e-7	931.4857879501252
0.0002506332	8.203945e-8	2.691535e-7	931.4953714144532
0.0002564731	8.463179e-8	2.754229e-7	931.5047216117468
0.0002624491	8.730556e-8	2.818383e-7	931.5142958213982
0.0002685644	9.006329e-8	2.884032e-7	931.5238641249474
0.0002748222	9.290762e-8	2.951209e-7	931.5338480602355
0.0002812258	9.584125e-8	3.019952e-7	931.5434193987189
0.0002877787	9.886699e-8	3.090295e-7	931.5536768819806
0.0002944843	1.019877e-7	3.1622779999999993e-7	931.5635364759203
0.0003013461	1.052064e-7	3.235937e-7	931.5734713005846
0.0003083678	1.085261e-7	3.311311e-7	931.5836721467721
0.0003155532	1.119499e-7	3.388442e-7	931.5937823341818
0.000322906	1.154813e-7	3.4673689999999997e-7	931.603995132909
0.0003304302	1.191234e-7	3.548134e-7	931.6145427427488
0.0003381298	1.228797e-7	3.630781e-7	931.6251233550028
0.0003460087	1.267539e-7	3.715352e-7	931.6356940069205
0.0003540713	1.307497e-7	3.801894e-7	931.646304973258
0.0003623218	1.348707e-7	3.890451e-7	931.6572055527752
0.0003707645	1.39121e-7	3.9810719999999996e-7	931.6677040756862
0.000379404	1.435046e-7	4.073803e-7	931.6785927056364
0.0003882449	1.480256e-7	4.1686939999999994e-7	931.6896985002976
0.0003972918	1.526884e-7	4.2657950000000004e-7	931.7008632622992
0.0004065495	1.574974e-7	4.365158e-7	931.7119733123062
0.000416023	1.624571e-7	4.466836e-7	931.7231640024393
0.0004257172	1.675723e-7	4.570882e-7	931.7343398932635
0.0004356374	1.728478e-7	4.677351e-7	931.7458702586143
0.0004457888	1.782886e-7	4.786301e-7	931.7572977545709
0.0004561768	1.839e-7	4.897788e-7	931.7689944930241
0.0004668068	1.896872e-7	5.011872000000001e-7	931.7805546510366
0.0004776847	1.956557e-7	5.128614e-7	931.7924018068038
0.000488816	2.018113e-7	5.248074999999999e-7	931.80415923934
0.0005002068	2.081596e-7	5.370318e-7	931.8162529667703
0.000511863	2.147069e-7	5.495409e-7	931.8281985926798
0.0005237909	2.214592e-7	5.623413e-7	931.8404307135186
0.0005359968	2.28423e-7	5.754399e-7	931.8526973885542
0.0005484872	2.35605e-7	5.888437e-7	931.864949900967
0.0005612686	2.430119e-7	6.025596e-7	931.8772979469582
0.000574348	2.506507e-7	6.165950000000001e-7	931.8898964474249
0.0005877322	2.585287e-7	6.309573e-7	931.9025688426141
0.0006014284	2.666534e-7	6.456542e-7	931.9153401309865
0.0006154438	2.750324e-7	6.606934e-7	931.9282323692048
0.0006297858	2.836738e-7	6.76083e-7	931.9410099055883
0.0006444621	2.925858e-7	6.918309999999999e-7	931.9540260554962
0.0006594805	3.017767e-7	7.079458e-7	931.9672165581036
0.0006748489	3.112553e-7	7.244360000000001e-7	931.9804030997907
0.0006905755	3.210305e-7	7.413102e-7	931.9938272804017
0.0007066687	3.311117e-7	7.585776e-7	932.0072352518714
0.0007231369	3.415085e-7	7.762470999999999e-7	932.0207553754467
0.000739989	3.522305e-7	7.943282000000001e-7	932.0344292195593
0.0007707905	3.569864e-7	8.273756e-7	932.0404014815036
0.0007748804	3.595303e-7	8.317637999999999e-7	932.0433641137063
0.0007929382	3.708164e-7	8.51138e-7	932.0568655141705
0.0008114169	3.824555e-7	8.709635999999999e-7	932.07035919756
0.0008303263	3.944589e-7	8.912509000000001e-7	932.0840617383948
0.0008420832	4.019687e-7	9.038643999999999e-7	932.0924341084792
0.0008694773	4.088093e-7	9.332543e-7	932.0997602689856
0.0008897397	4.216374e-7	9.549926e-7	932.1133351190365
0.0009104744	4.348669e-7	9.772372e-7	932.1270894108411
0.0009316923	4.485103e-7	1.e-6	932.1408103
0.0009534047999999999	4.625804e-7	1.023293e-6	932.154700950754
0.0009756234	4.770906e-7	1.047129e-6	932.1683294035405
0.0009983599	4.920546e-7	1.071519e-6	932.1831480356392
0.001021626	5.074866e-7	1.096478e-6	932.1969858036367
0.001045435	5.234013e-7	1.122018e-6	932.2117838572999
0.001069799	5.398137e-7	1.1481539999999999e-6	932.2258283296492
0.00109473	5.567393e-7	1.174898e-6	932.2398534170626
0.001120243	5.741942e-7	1.2022639999999998e-6	932.2554731739451
0.00114635	5.921948e-7	1.230269e-6	932.2694425365507
0.001173066	6.107583e-7	1.2589250000000002e-6	932.2848925074964
0.001200405	6.299022e-7	1.28825e-6	932.2995553658066
0.001228381	6.496446e-7	1.3182569999999998e-6	932.3149011156398
0.001257009	6.700042e-7	1.348963e-6	932.3302449362956
0.001286304	6.910003e-7	1.3803840000000001e-6	932.3456373733686
0.001316283	7.126527e-7	1.4125380000000002e-6	932.3612198043521
0.00134696	7.34982e-7	1.44544e-6	932.3769800199246
0.001378352	7.580093e-7	1.479108e-6	932.3930431719658
0.001410476	7.817563e-7	1.513561e-6	932.4089060830717
0.001443348	8.062455e-7	1.5488170000000002e-6	932.4240665617693
0.001476987	8.315002e-7	1.584893e-6	932.4405497405818
0.00151141	8.575441e-7	1.62181e-6	932.4566651457322
0.001546636	8.84402e-7	1.6595870000000002e-6	932.4732008626243
0.001582683	9.120992e-7	1.6982439999999998e-6	932.4897359861128
0.00161957	9.406619e-7	1.7378009999999997e-6	932.5064618445956
0.001657316	9.701172e-7	1.7782789999999998e-6	932.523027713874
0.001695943	1.000493e-6	1.8197010000000002e-6	932.5397375722715
0.001735471	1.031818e-6	1.8620869999999998e-6	932.5572961950758
0.001739608	1.03511e-6	1.866524e-6	932.5586544828782
0.00181731	1.051185e-6	1.949845e-6	932.567042508507
0.001859665	1.084093e-6	1.995262e-6	932.5838376113012
0.001903008	1.11803e-6	2.041738e-6	932.6005736289377
0.001947361	1.153027e-6	2.089296e-6	932.6175070454354
0.001992748	1.189118e-6	2.137962e-6	932.6344986487131
0.002039193	1.226336e-6	2.1877619999999994e-6	932.6514200356346
0.002086721	1.264716e-6	2.238721e-6	932.6690177114523
0.002135357	1.304296e-6	2.290868e-6	932.6863424693173
0.002185127	1.345112e-6	2.3442290000000005e-6	932.7041479309399
0.002236057	1.387203e-6	2.398833e-6	932.721953966783
0.002288174	1.430608e-6	2.4547090000000004e-6	932.7397292306338
0.002341506	1.47537e-6	2.511886e-6	932.7578441059826
0.002396082	1.52153e-6	2.5703960000000003e-6	932.7759341362187
0.00245193	1.569131e-6	2.630268e-6	932.7943506137017
0.00250908	1.618219e-6	2.691535e-6	932.812770036429
0.002567562	1.66884e-6	2.7542290000000004e-6	932.8312351659937
0.002627408	1.721042e-6	2.818383e-6	932.850163373821
0.002688649	1.774875e-6	2.8840319999999994e-6	932.8689400811087
0.002751317	1.830388e-6	2.951209e-6	932.8879750637791
0.002815447	1.887635e-6	3.019952e-6	932.9070909074052
0.002881072	1.94667e-6	3.090295e-6	932.9266849928567
0.002948227	2.007549e-6	3.1622780000000004e-6	932.9459803976753
0.003016947	2.070328e-6	3.235937e-6	932.9654217619192
0.00308727	2.135068e-6	3.311311e-6	932.9854755412584
0.003159232	2.201829e-6	3.388442e-6	933.0051477935878
0.003232872	2.270675e-6	3.467369e-6	933.0252058549291
0.003308229	2.34167e-6	3.548134e-6	933.0455585950249
0.003385343	2.414882e-6	3.630781e-6	933.0658836211823
0.003464255	2.49038e-6	3.715352e-6	933.0866577379478
0.003545007	2.568235e-6	3.801894e-6	933.1073499155948
0.003627641	2.648521e-6	3.890451e-6	933.1281954200168
0.003712203	2.731313e-6	3.981072e-6	933.1492404558369
0.003798736	2.81669e-6	4.073803e-6	933.170477315668
0.003887286	2.904733e-6	4.168694e-6	933.191722155668
0.003977901	2.995524e-6	4.265795e-6	933.2132753683661
0.004070629	3.089149e-6	4.365158e-6	933.2349823305365
0.00416552	3.185697e-6	4.466836e-6	933.2569400354076
0.004262622	3.285258e-6	4.570882e-6	933.2787978337661
0.004361989	3.387928e-6	4.677351e-6	933.3011202280951
0.004463673	3.493802e-6	4.786301e-6	933.3234165590504
0.004567728	3.602982e-6	4.897788e-6	933.346029268723
0.00467421	3.715569e-6	5.011872000000001e-6	933.368922630107
0.004783174	3.83167e-6	5.128614e-6	933.3916863308489
0.004894679	3.951396e-6	5.2480750000000006e-6	933.4147084407139
0.005008784	4.074858e-6	5.370318000000001e-6	933.4379934298116
0.00512555	4.202174e-6	5.495409e-6	933.4613991424478
0.005245039	4.333463e-6	5.623413e-6	933.4851384737347
0.005367314	4.46885e-6	5.754399000000001e-6	933.5089294294677
0.00549244	4.608463e-6	5.888436999999999e-6	933.5326951787038
0.005620485	4.752432e-6	6.025596e-6	933.5570177622263
0.005751515	4.900895e-6	6.165950000000001e-6	933.5813451292987
0.005885601	5.053992e-6	6.309573000000001e-6	933.6059654116054
0.006022814	5.211866e-6	6.456542e-6	933.6307060342826
0.006163226	5.374667e-6	6.606934e-6	933.655560506583
0.006306914	5.542549e-6	6.76083e-6	933.680709173282
0.006349596	5.592666e-6	6.8065439999999995e-6	933.6880311065352
0.006604413	5.624687e-6	7.079458e-6	933.6926198305013
0.006758382	5.800371e-6	7.24436e-6	933.7170393243848
0.006915942	5.981537e-6	7.413101999999999e-6	933.7418447769908
0.007077177	6.168356e-6	7.5857760000000005e-6	933.7667439692393
0.007242171	6.361006e-6	7.762471e-6	933.7918307198829
0.007411014	6.559667e-6	7.943282e-6	933.8172391462371
0.007583794	6.764527e-6	8.128305e-6	933.8427294497438
0.007760603	6.97578e-6	8.317638e-6	933.8683385836218
0.007941535	7.193624e-6	8.511379999999998e-6	933.8942244383402
0.008126688	7.418266e-6	8.709636e-6	933.9203459249043
0.008316158	7.649917e-6	8.912509000000001e-6	933.9466492544357
0.008510047	7.888797e-6	9.120108e-6	933.9731280594484
0.008708458	8.13513e-6	9.332543e-6	933.999782267277
0.008911497	8.389149e-6	9.549926e-6	934.0267295264908
0.009119271	8.651094e-6	9.772372e-6	934.053891317277
0.00933189	8.921211e-6	0.00001	934.0811211
0.009549469	9.199757e-6	0.00001023293	934.1086821663004
0.009772122	9.486993e-6	0.00001047129	934.1360035869504
0.009999969	9.783191e-6	0.000010715190000000001	934.1646943264655
0.01023313	0.00001008863	0.00001096478	934.1928091580496
0.01047173	0.0000104036	0.00001122018	934.2215187278636
0.01071589	0.0000107284	0.00001148154	934.2490989884633
0.01096575	0.00001106332	0.00001174898	934.2779815779753
0.01122144	0.0000114087	0.00001202264	934.3079972451973
0.01148309	0.00001176485	0.000012302690000000001	934.3367060374601
0.01175084	0.00001213212	0.00001258925	934.3663935500526
0.01202484	0.00001251084	0.000012882499999999999	934.3955629730254
0.01230523	0.00001290138	0.00001318257	934.4256377929341
0.01259216	0.0000133041	0.000013489630000000003	934.4558820367942
0.01288579	0.00001371938	0.00001380384	934.487025349468
0.01318626	0.00001414762	0.00001412538	934.5169914012932
0.01349374	0.00001458922	0.000014454400000000002	934.5479037524906
0.0138084	0.00001504459	0.00001479108	934.5798001227768
0.01413039	0.00001551417	0.000015135610000000002	934.6107735334089
0.0144599	0.0000159984	0.00001548817	934.6422721341514
0.01479709	0.00001649773	0.00001584893	934.6743111364617
0.01514215	0.00001701264	0.0000162181	934.7064477343215
0.01549526	0.00001754362	0.00001659587	934.7388006775179
0.01561285	0.00001772134	0.00001672167	934.7494203629183
0.01622636	0.00001772535	0.00001737801	934.7494534759734
0.01660474	0.00001827855	0.00001778279	934.7812435506464
0.01699195	0.00001884901	0.00001819701	934.8128626626021
0.01738819	0.00001943727	0.00001862087	934.8450029456195
0.01779367	0.00002004387	0.00001905461	934.8768549972947
0.01820861	0.0000206694	0.00001949845	934.9091543173945
0.01863323	0.00002131444	0.000019952619999999997	934.942099834508
0.01906776	0.0000219796	0.00002041738	934.9749869963726
0.01951243	0.0000226655	0.00002089296	935.0085148298758
0.01996746	0.0000233728	0.00002137962	935.0415395596367
0.02043312	0.00002410216	0.00002187762	935.0753034379425
0.02090964	0.00002485428	0.00002238721	935.1095683651514
0.02139727	0.00002562985	0.000022908679999999995	935.1433539601584
0.02189629	0.00002642961	0.00002344229	935.1782445315708
0.02240694	0.00002725432	0.00002398833	935.2128439120188
0.02292951	0.00002810475	0.00002454709	935.2479153333451
0.02346427	0.00002898171	0.00002511886	935.2833572064974
0.02401151	0.00002988602	0.00002570396	935.3187610002506
0.02457152	0.00003081853	0.00002630268	935.354820497379
0.02514459	0.00003178013	0.000026915349999999996	935.3907762670744
0.02573104	0.00003277172	0.00002754229	935.4273635198816
0.02633116	0.00003379424	0.00002818383	935.4638542738867
0.02694529	0.00003484865	0.000028840319999999997	935.5006688552693
0.02757376	0.00003593595	0.00002951209	935.5384843974113
0.02821688	0.00003705715	0.00003019952	935.5757028588533
0.02887501	0.00003821333	0.00003090295	935.6136980450085
0.0295485	0.00003940557	0.00003162278	935.6516274027774
0.03023771	0.00004063499	0.00003235937	935.6901877261517
0.03094299	0.00004190275	0.00003311311	935.7288623750533
0.03166474	0.00004321006	0.00003388442	935.7678266294656
0.03240333	0.00004455813	0.00003467368999999999	935.8071820449453
0.03315915	0.00004594825	0.00003548134	935.8467929903436
0.03393262	0.00004738172	0.000036307810000000006	935.8868441803568
0.03472413	0.0000488599	0.00003715352	935.9271988226151
0.03553411	0.00005038418	0.00003801894	935.9675514362053
0.03561557	0.00005053811	0.00003810597000000001	935.9716629703953
0.03721117	0.00005064854	0.00003981072	935.9744948094383
0.03807912	0.0000522286	0.00004073803	936.0135627569622
0.03896734	0.00005385794	0.000041686940000000005	936.05330446418
0.03987628	0.00005553809	0.00004265795	936.0932274054426
0.04080643	0.00005727064	0.00004365157999999999	936.1333688265122
0.04175829	0.00005905722	0.00004466836	936.1737753523972
0.04273236	0.00006089952	0.00004570882000000001	936.2144881447387
0.04372916	0.00006279928	0.00004677351	936.2555703003687
0.04474923	0.00006475828	0.00004786301	936.2969081969563
0.04579311	0.00006677837	0.00004897788000000001	936.3387792611684
0.04686135	0.00006886146	0.00005011872	936.3808864232766
0.04795452	0.00007100952	0.00005128614	936.4231646210848
0.0490732	0.00007322456	0.000052480750000000004	936.465743343988
0.05021799	0.00007550868	0.00005370318	936.5087631682146
0.05138951	0.00007786403	0.00005495409	936.5522025749129
0.0543213	0.00007956368	0.00005808442	936.5827132301572
0.05507053	0.00008102877	0.000058884370000000006	936.6077750343596
0.05635521	0.00008355627	0.00006025596	936.6503540894545
0.05766986	0.0000861626	0.0000616595	936.6930091875544
0.05901521	0.0000888502	0.00006309573	936.736292614413
0.06039195	0.00009162162	0.00006456542	936.7796510887716
0.06180083	0.00009447946	0.00006606934	936.8234866581079
0.06324259	0.00009742642	0.00006760830000000001	936.8674618353073
0.064718	0.0001004653	0.0000691831	936.9118368503291
0.06622785	0.0001035989	0.00007079458	936.9565989373764
0.06777295	0.0001068303	0.0000724436	937.0017544683036
0.06935411	0.0001101624	0.00007413101999999999	937.0473035444542
0.0709025	0.0001134499	0.0000757834	937.0911030647873
0.07432237	0.0001161892	0.00007943282	937.12597890897
0.0760563	0.0001198131	0.00008128305	937.1709489247758
0.07783072	0.0001235501	0.00008317637999999999	937.2164321169063
0.07964655	0.0001274036	0.00008511380000000001	937.262272392961
0.08150477	0.0001313772	0.00008709636	937.3083697183213
0.08340637	0.0001354748	0.00008912509	937.3549558266924
0.08535236	0.0001397002	0.00009120108	937.4018399782108
0.08734377	0.0001440573	0.00009332543	937.4489600530103
0.08938168	0.0001485503	0.00009549926000000002	937.4965868845475
0.09146716	0.0001531833	0.00009772372000000001	937.5445725971136
0.09360132	0.0001579609	0.00010000000000000002	937.592809
0.09578532	0.0001628874	0.0001023293	937.6415884795459
0.09802029	0.0001679676	0.00010471289999999999	937.69017570901
0.1003075	0.0001732062	0.0001071519	937.7407792115678
0.1008452	0.0001744436	0.0001077254	937.7513901085538
0.105043	0.0001766863	0.0001122018	937.7718209511792
0.107494	0.0001821968	0.00011481539999999999	937.8201600133781
0.1100021	0.0001878791	0.0001174898	937.8684711353667
0.1125689	0.0001937385	0.0001202264	937.9191134393112
0.1151955	0.0001997807	0.0001230269	937.9678810081374
0.1178835	0.0002060113	0.0001258925	938.0186373294678
0.1206342	0.0002124361	0.000128825	938.06820182418
0.1234492	0.0002190613	0.0001318257	938.1195115975111
0.1263299	0.0002258931	0.00013489629999999998	938.1709735552421
0.1292778	0.0002329379	0.0001380384	938.2225373519253
0.1322946	0.0002402024	0.0001412538	938.2742439495433
0.1353818	0.0002476934	0.000144544	938.3266922182864
0.1385411	0.000255418	0.0001479108	938.3798748975736
0.1417742	0.0002633835	0.0001513561	938.4331619274014
0.1450827	0.0002715973	0.0001548817	938.4859366858708
0.1484686	0.0002800673	0.0001584893	938.5407551172225
0.1519335	0.0002888014	0.000162181	938.5951584957547
0.1554793	0.0002978078	0.00016595869999999998	938.649843605668
0.1580418	0.000304359	0.0001686886	938.6891526754032
0.1666209	0.0003123413	0.0001778279	938.7348177648163
0.1705093	0.0003220817	0.0001819701	938.7881948737733
0.1744886	0.0003321258	0.0001862087	938.8429530951023
0.1785609	0.0003424831	0.0001905461	938.8981621770271
0.1827282	0.0003531634	0.0001949845	938.9534214258057
0.1869928	0.0003641767	0.0001995262	939.0093967609266
0.1913571	0.0003755334	0.00020417380000000001	939.0658027621565
0.1958232	0.0003872442	0.00020892960000000002	939.1222890389873
0.2003937	0.0003993201	0.00021379619999999997	939.1795555767595
0.2050709	0.0004117726	0.0002187762	939.2368667158494
0.2098573	0.0004246134	0.0002238721	939.2948625576836
0.2147556	0.0004378545	0.0002290868	939.3533564570284
0.2195833	0.0004510029	0.00023422600000000003	939.4102401099792
0.2301469	0.0004577091	0.0002454709	939.4376649126231
0.2355185	0.0004719822	0.0002511886	939.4951928550897
0.2410156	0.0004867003	0.00025703960000000007	939.5528949624882
0.2466411	0.0005018774	0.0002630268	939.611390930506
0.2477387	0.0005048519	0.0002641949	939.622800818638
0.252398	0.0005128182	0.0002691535	939.6527193590274
0.2582891	0.0005205402	0.00027542290000000003	939.6809059813108
0.2643176	0.0005274976	0.00028183829999999996	939.7058440957101
0.2704868	0.0005340658	0.0002884032	939.7290522435256
0.2767997	0.0005404122	0.00029512090000000004	939.7508349967759
0.2832599	0.0005466289	0.0003019952	939.7716549799468
0.2898706	0.0005527728	0.0003090295	939.7917441538751
0.2966355	0.0005588853	0.0003162277999999999	939.811064365625
0.3035582	0.0005650021	0.0003235937	939.8304172794464
0.3106422	0.0005711428	0.00033113110000000006	939.8493309749521
0.3178913	0.0005773289	0.0003388442	939.867434354786
0.3253095	0.0005835763	0.0003467369	939.8857643936944
0.3329006	0.0005899026	0.0003548134	939.9039117462869
0.3406687	0.0005963157	0.00036307810000000006	939.9217845967576
0.3486178	0.0006028331	0.0003715352	939.9395618503979
0.3567523	0.0006094621	0.0003801894	939.9571952821411
0.3650764	0.0006162136	0.00038904510000000006	939.9748604981788
0.3735945	0.0006230992	0.0003981072	939.9920403348646
0.3823113	0.0006301256	0.0004073803	940.0096803895525
0.3912312	0.0006373026	0.0004168694	940.0270266898937
0.4003591	0.0006446377	0.0004265795	940.0445584000169
0.4096997	0.0006521454	0.00043651579999999995	940.0618383114655
0.4192582	0.0006598278	0.00044668359999999995	940.079348782897
0.4290394	0.0006677003	0.0004570882	940.0966822158175
0.4390486	0.0006757658	0.00046773510000000003	940.1141068951208
0.4492912	0.0006840339	0.0004786301	940.1315000874371
0.4597726	0.0006925184	0.0004897788	940.1491416124993
0.4814738	0.0007011234	0.0005128614	940.1661411835635
0.4927052	0.0007103862	0.0005248075	940.1839459230289
0.5041984	0.000719897	0.0005370318000000002	940.2018595546855
0.5159596	0.0007296677	0.0005495409000000001	940.2198593407696
0.5279949	0.0007397086	0.0005623413	940.2379099667764
0.5403108	0.0007500283	0.0005754399	940.2560168316447
0.5529139	0.00076064	0.0005888437	940.2742017958244
0.5658108	0.0007715486	0.0006025596	940.2926259908562
0.5790083	0.0007827725	0.000616595	940.311018577835
0.5925135	0.0007943171	0.0006309573	940.3295866455622
0.6063335	0.0008061996	0.0006456542	940.3480990288608
0.6204758	0.0008184282	0.0006606934	940.3669360099557
0.6349477	0.0008310163	0.0006760829999999998	940.3855980700596
0.6497571	0.0008439751	0.000691831	940.4046293097592
0.6649117	0.0008573187	0.0007079458	940.4237142165404
0.6804196	0.0008710643	0.000724436	940.4428607910154
0.696289	0.000885219	0.0007413102	940.4621965271759
0.7125285	0.0008998009	0.0007585776000000001	940.4816341795487
0.7291465	0.000914823	0.0007762470999999999	940.5011922105732
0.746152	0.0009303016	0.0007943282	940.5209353010506
0.763554	0.0009462505	0.0008128305	940.5408021721624
0.7813617	0.0009626869	0.0008317638	940.5607540265639
0.7995845	0.0009796285	0.000851138	940.5808793638635
0.8182323	0.0009970903	0.0008709636	940.6011804626507
0.8373148	0.001015088	0.0008912509	940.6216453750567
0.8568422	0.001033644	0.0009120108	940.6421985353682
0.8768249	0.001052771	0.0009332543	940.6628729168459
0.8972736	0.001072492	0.0009549926	940.6838251940383
0.918199	0.001092826	0.0009772372	940.7049035791924
0.9396123	0.001113792	0.001	940.7260919999999
0.9615248	0.001135411	0.001023293	940.7473822258141
0.9839483000000001	0.001157703	0.001047129	940.7685232669519
1.006895	0.001180692	0.001071519	940.7912430857504
1.030376	0.001204401	0.0010964779999999997	940.8126756761195
1.054405	0.001228849	0.001122018	940.8350391883197
1.078994	0.001254065	0.001148154	940.8564225704914
1.104157	0.001280069	0.001174898	940.8791818523822
1.129906	0.001306894	0.001202264	940.9022427686433
1.16078	0.00132275	0.001235078	940.9144604632257
1.183219	0.001346557	0.001258925	940.9341755863138
1.210811	0.001376049	0.0012882500000000001	940.9563741509802
1.239047	0.001406466	0.0013182569999999998	940.9799955547363
1.267942	0.00143784	0.001348963	941.00419359167
1.29751	0.001470201	0.0013803839999999997	941.0281494134966
1.327767	0.001503579	0.0014125380000000003	941.0511993305665
1.35873	0.001538007	0.0014454399999999999	941.0753867334513
1.390415	0.001573518	0.001479108	941.0999859374704
1.422839	0.001610144	0.001513561	941.1243709371475
1.456019	0.001647922	0.001548817	941.148581142898
1.489973	0.001686887	0.0015848930000000002	941.1738754603623
1.524719	0.001727076	0.00162181	941.1990775738219
1.560275	0.001768526	0.0016595869999999997	941.2242479604867
1.59666	0.001811274	0.001698244	941.2494753404104
1.633894	0.001855364	0.0017378009999999998	941.2754187619872
1.671996	0.001900836	0.001778279	941.3015820352149
1.710986	0.00194773	0.0018197009999999997	941.3270257036733
1.750886	0.001996089	0.0018620869999999997	941.3534861690135
1.791717	0.002045964	0.001905461	941.3800460885843
1.833499	0.002097391	0.001949845	941.4063122966185
1.876257	0.002150423	0.0019952620000000003	941.4339685715461
1.920011	0.002205108	0.002041738	941.4607104339539
1.964786	0.002261495	0.0020892960000000005	941.4881831009104
2.010605	0.002319635	0.002137962	941.5156279671949
2.057492	0.002379577	0.002187762	941.5428081299519
2.105474	0.002441381	0.002238721	941.5712726150334
2.154574	0.002505096	0.002290868	941.599034077913
2.20482	0.00257078	0.002344229	941.6276225573524
2.256237	0.002638495	0.002398833	941.6560031481974
2.301204	0.002668723	0.002446585	941.6687844485273
2.362697	0.002750976	0.002511886	941.7019625890665
2.417796	0.002825259	0.0025703959999999995	941.730869095657
2.474181	0.002901822	0.0026302680000000003	941.7606198303748
2.53188	0.002980741	0.002691535	941.7899975292909
2.590926	0.003062081	0.0027542289999999995	941.8200451015512
2.651348	0.003145909	0.002818383	941.8499575820605
2.71318	0.003232301	0.0028840319999999995	941.8800835080888
2.776455	0.003321329	0.0029512089999999998	941.9110367988169
2.841205	0.003413069	0.0030199520000000002	941.9414841692849
2.907466	0.003507598	0.003090295	941.9727236396526
2.975272	0.003604995	0.0031622780000000006	942.0035161361524
3.04466	0.003705343	0.003235937	942.0348242255643
3.115667	0.003808728	0.0033113109999999995	942.066670270476
3.18833	0.003915228	0.003388442	942.0982351180867
3.262688	0.004024937	0.003467369	942.1301675708585
3.338781	0.004137945	0.0035481339999999997	942.1625409299648
3.416649	0.004254343	0.003630781	942.1949004911064
3.496333	0.004374226	0.003715352	942.2276075052915
3.577877	0.004497692	0.003801894	942.260539615255
3.661322	0.004624845	0.003890451	942.2935400034597
3.7467149999999996	0.004755782	0.0039810719999999996	942.3267858506451
3.834099	0.004890608	0.004073803	942.3601504540107
3.923522	0.005029431	0.004168694	942.3938123066841
4.015032	0.005172367	0.004265795	942.4279335973715
4.108676	0.005319531	0.004365158	942.461998168222
4.204505	0.005471035	0.004466836	942.4962176807029
4.302569	0.005626999	0.004570882	942.5305660920585
4.402922	0.005787548	0.004677350999999999	942.5654709257442
4.505616	0.005952815	0.004786301000000001	942.6003118065495
4.610706	0.006122923	0.004897788	942.6355168904821
4.718247	0.00629801	0.005011872	942.6707246314352
4.828298	0.006478212	0.005128614	942.706199374724
4.940916	0.006663677	0.005248075	942.7418009460611
5.056163	0.006854551	0.005370318	942.7779790693959
5.174097	0.007050987	0.005495408999999999	942.8138992020431
5.294784	0.007253135	0.005623413	942.850389078661
5.418287	0.007461169	0.005754399	942.8870276461538
5.544671	0.007675242	0.005888437	942.9236046849105
5.674004	0.007895537	0.006025596	942.9605863054874
5.806355	0.008122233	0.006165950000000001	942.9977915811837
5.941794	0.008355513	0.006309573000000001	943.0352122084964
6.080393	0.008595563	0.006456542	943.0727102836162
6.222227	0.008842591	0.006606933999999999	943.1106154534009
6.36737	0.009096805	0.00676083	943.1485194865129
6.5159	0.009358412	0.00691831	943.1867626631359
6.667895	0.00962764	0.007079458	943.2251226011933
6.823438	0.009904727	0.007244359999999999	943.2638255139171
6.98261	0.01018992	0.007413102000000001	943.3028063015995
7.145496	0.01048345	0.007585776	943.3417820404926
7.312184	0.01078561	0.007762471	943.3812519235177
7.482761	0.01109666	0.007943282	943.4208252961433
7.657319	0.01141689	0.008128305000000002	943.4606464693437
7.83595	0.01174662	0.008317638	943.5006212100118
8.01875	0.01208616	0.00851138	943.5410192001768
8.205816	0.01243585	0.008709636	943.5815515137486
8.397247	0.01279603	0.008912509	943.6223884879106
8.593146	0.01316708	0.009120108	943.663504862004
8.793617	0.0135494	0.009332543	943.7048830099149
8.998766	0.01394338	0.009549926	943.746514894461
9.208703	0.01434949	0.009772372	943.788518283995
9.42354	0.01476816	0.01	943.8308159999998
9.643391	0.01519989	0.01023293	943.8734448491292
9.868373	0.0156452	0.01047129	943.9160027083578
10.09861	0.01610465	0.01071519	943.9603637453001
10.33421	0.01657878	0.010964780000000002	944.0033251921151
10.57532	0.01706825	0.01122018	944.0479787311789
10.82205	0.01757369	0.01148154	944.0914450500544
11.07455	0.01809581	0.01174898	944.1369216732007
11.33293	0.01863534	0.01202264	944.1824208326956
11.59735	0.01919308	0.012302689999999998	944.2278948750234
11.86794	0.01976985	0.012589249999999998	944.2746668784877
12.14485	0.02036656	0.0128825	944.3210991655346
12.42822	0.02098417	0.013182570000000001	944.3685237400598
12.7182	0.02162368	0.01348963	944.4160944369859
13.01496	0.02228617	0.01380384	944.4651756322878
13.31864	0.02297282	0.01412538	944.5135507858904
13.62941	0.02368485	0.014454399999999997	944.5632367998672
13.94744	0.02442358	0.01479108	944.6141579925198
14.2729	0.02519041	0.01513561	944.6656203483044
14.60595	0.02598686	0.01548817	944.7169588143724
14.94678	0.02681453	0.01584893	944.7700589251135
15.29557	0.02767513	0.0162181	944.8236926643689
15.6525	0.02857048	0.01659587	944.8778810631803
16.01777	0.02950255	0.01698244	944.9332693064129
16.39157	0.03047343	0.01737801	944.9898711072213
16.7741	0.03148534	0.01778279	945.0477309803467
17.16556	0.03254067	0.01819701	945.1058536539794
19.2685	0.03356891	0.02042203	945.159169289243
19.71362	0.03472316	0.020892959999999995	945.2151901884654
20.17363	0.03594039	0.021379619999999995	945.272665744293
20.64438	0.03721237	0.02187762	945.3309989843502
21.12614	0.03854236	0.02238721	945.3916928460491
21.61914	0.03993383	0.02290868	945.4527205408605
22.12366	0.04139046	0.023442290000000005	945.5155814555659
22.63997	0.04291622	0.02398833	945.5800474647465
23.16834	0.0445153	0.02454709	945.6459115927795
23.70906	0.04619217	0.02511886	945.7137851797415
24.26241	0.04795161	0.025703960000000005	945.7827358119137
24.82869	0.04979869	0.02630268	945.8537567274515
25.40821	0.05173879	0.026915349999999998	945.9267217405682
26.00127	0.05377769	0.027542289999999997	946.0015013275948
26.60819	0.05592147	0.02818383	946.0783530840203
27.22931	0.05817664	0.02884032	946.1575544238067
27.86494	0.06055009	0.02951209	946.2389851074594
28.51544	0.06304915	0.030199519999999997	946.3226286378062
29.18115	0.06568159	0.030902949999999995	946.4090512394448
29.86242	0.0684557	0.03162278	946.4972940392969
30.55964	0.07138017	0.03235936999999999	946.5888912546816
31.27316	0.07446432	0.03311311	946.6831813743862
32.00338	0.07771794	0.03388442	946.7801998676679
32.75068	0.08115149	0.03467369	946.8802279192092
33.51548	0.08477594	0.03548134	946.9838495389406
34.29817	0.08860299	0.03630781	947.090253859982
35.09919	0.09264497	0.03715352	947.2005605390822
35.91896	0.09691487	0.03801894	947.3140195386825
36.75793	0.1014265	0.03890451	947.4314546051345
37.61655	0.1061944	0.039810719999999994	947.5524280897205
38.49528	0.1112339	0.04073803000000001	947.6774871048011
39.3946	0.1165612	0.041686940000000006	947.8067039701162
40.315	0.1221934	0.04265795	947.9403815701411
41.25697	0.1281485	0.04365158	948.0783627992389
42.22103	0.1344456	0.04466836	948.2209689364015
43.20769	0.1411047	0.04570882	948.3682733441817
44.2175	0.1481469	0.046773510000000004	948.5207952107935
45.25099	0.1555945	0.04786301	948.6779978944074
46.30874	0.163471	0.04897788	948.8408032360732
47.39131	0.1718011	0.05011871999999999	949.0088952790495
48.4993	0.1806108	0.05128614	949.1825822727153
49.6333	0.1899278	0.05248075000000001	949.3619622432986
50.79395	0.199781	0.05370318000000001	949.5476990375616
51.98187	0.2102012	0.054954090000000004	949.7395225723873
53.1977	0.2212206	0.05623413	949.9377086477554
54.44212	0.2328734	0.05754399	950.1425500734308
55.71581	0.245196	0.05888436999999999	950.3541601956513
57.01946	0.2582266	0.06025595999999999	950.5729657282036
58.35378	0.272006	0.061659500000000006	950.7989198744718
59.71952	0.2865773	0.06309573	951.0326182136255
61.11742	0.3019865	0.06456542	951.2740178875937
62.54825	0.3182824	0.06606934	951.5235417820127
64.0128	0.3355173	0.0676083	951.7813241865275
65.51187	0.3537469	0.06918309999999998	952.0477819004932
67.0463	0.3730309	0.07079458000000001	952.3233402896099
68.61693	0.3934335	0.0724436	952.6081461992502
70.22464	0.4150234	0.07413102	952.9028927431457
71.87031	0.4378751	0.07585776	953.2074912309565
73.55486	0.4620685	0.07762471	953.5227700045515
75.27923	0.4876904	0.07943282000000002	953.8490563472378
77.04438	0.5148349	0.08128304999999998	954.1868187771006
78.8513	0.543604	0.08317638	954.5366605279047
80.701	0.574109	0.08511379999999999	954.8993112750222
82.59451	0.606471	0.08709636	955.2750654562373
84.5329	0.6408227	0.08912508999999999	955.6649277997924
86.51727	0.6773087	0.09120108	956.069584921582
88.54874	0.7160882	0.09332543	956.4898677670169
90.62846	0.7573353	0.09549926	956.9267374427823
92.75761	0.8012418	0.09772372	957.3811946577556
94.93741	0.8480183	0.09999999999999999	957.854283
97.16912	0.8978966	0.1023293	958.3473804667872
99.454	0.9511327	0.1047129	958.8611594177986
101.7934	1.008008	0.1071519	959.3988347383482
104.1886	1.068834	0.1096478	959.9593790299485
106.6411	1.133952	0.1122018	960.5465509465979
109.1524	1.203741	0.1148154	961.1614905317579
111.7237	1.277711	0.11748980000000002	961.7976283898686
114.3568	1.356167	0.1202264	962.4588859019318
117.053	1.440037	0.1230269	963.1473848402261
119.8141	1.529994	0.1258925	963.8707150942273
122.6417	1.62671	0.128825	964.6296138171939
125.5375	1.730898	0.1318257	965.429335857879
128.5032	1.843323	0.1348963	966.2720400781933
131.5408	1.964819	0.1380384	967.1628981500799
134.652	2.096295	0.1412538	968.1034775701607
137.8389	2.238744	0.144544	969.1003708213415
141.1035	2.39325	0.1479108	970.157351592987
144.4479	2.560999	0.1513561	971.2783231068984
147.8743	2.743288	0.1548817	972.468587315351
151.3849	2.941531	0.1584893	973.7340691138139
154.9821	3.157272	0.162181	975.079522262164
158.6683	3.392194	0.16595869999999996	976.5109873721594
162.4461	3.648128	0.1698244	978.0351233391668
166.3181	3.927065	0.1737801	979.6585742556254
170.2871	4.231165	0.17782789999999998	981.3885503905743
174.356	4.562775	0.1819701	983.231723233652
178.5276	4.924429	0.18620869999999998	985.1957991221678
182.8053	5.318875	0.19054610000000002	987.2895587996815
187.1922	5.74907	0.19498450000000003	989.5210644948701
191.6917	6.218209	0.19952619999999996	991.8993545709787
196.3075	6.729724	0.2041738	994.4332916368311
201.0432	7.287304	0.20892960000000002	997.1325460825083
205.9028	7.894903	0.2137962	1000.007030059468
210.8904	8.556756	0.2187762	1003.0668601063553
216.0102	9.277386	0.22387210000000002	1006.3227441025479
221.2668	10.06162	0.2290868	1009.7850247155226
226.6649	10.91459	0.2344229	1013.4653653717278
232.2094	11.84176	0.23988330000000002	1017.3745316993721
237.9056	12.84892	0.24547090000000002	1021.5244250947871
243.759	13.94221	0.2511886	1025.9271718541368
249.7752	15.1281	0.25703960000000003	1030.5933404813889
255.9603	16.41344	0.2630268	1035.5360746509482
262.3206	17.80544	0.2691535	1040.766848656993
268.8628	19.31167	0.27542289999999997	1046.2981473218094
275.5939	20.94009	0.2818383	1052.1422744885988
282.5212	22.69904	0.2884032	1058.310864789295
289.6525	24.59725	0.29512089999999996	1064.8169953398758
296.9957	26.64383	0.3019952	1071.6711060308241
304.5595	28.84832	0.30902949999999996	1078.8867082268846
312.3528	31.22063	0.31622780000000006	1086.4744655593215
320.3849	33.7711	0.3235937	1094.4465235262614
328.6656	36.51048	0.3311311	1102.8142025922662
337.2042	39.23176	0.3388442	1110.9411345981428
346.0014	41.71985	0.3467369	1118.2001396447854
355.0618	44.24768	0.35481339999999995	1125.4069885748397
364.393	46.8655	0.3630781	1132.6998240874345
374.0039	49.59754	0.3715352	1140.1381080446752
383.9035	52.38609	0.3801894	1147.5585326681912
394.0975	55.11349	0.3890451	1154.6501678083082
404.5934	57.9141	0.39810719999999994	1161.766227789902
415.4	60.81419	0.40738030000000003	1168.9671542782014
426.5276	63.87291	0.41686940000000006	1176.38884024589
437.9876	67.10739	0.4265795	1184.0582822193753
449.7922	70.53074	0.43651579999999995	1191.9910802770485
461.9537	74.15509	0.4466836	1200.1980596556489
474.4854	77.99235	0.45708819999999994	1208.6895920743525
487.4009	82.05461	0.4677351	1217.47439950519
500.7146	86.35422	0.47863009999999995	1226.5605944966687
514.4415	90.90394	0.48977880000000007	1235.956803356944
528.5971	95.71696	0.5011872	1245.6704002017607
543.1978	100.807	0.5128614	1255.7092423021113
545.2118675715739	101.52655053064613	0.5144587505647616	1257.0960560097133
944.5432551326214	101.52661986399151	0.8324838448609978	1257.096109303834
946.8339165448394	102.27948654900342	0.8339534205833408	1258.
949.3743376584437	103.11444901089158	0.8359720307143248	1259.
951.9207690220585	103.95143166684034	0.8379938100705546	1260.
954.4732273007428	104.79043769017176	0.8400187668445	1261.
957.0317291841341	105.63147026239972	0.8420469092286322	1262.
959.5962913864457	106.47453257323036	0.8440782454154205	1263.
962.1669306464689	107.31962782056212	0.8461127835973348	1264.
964.7436637275712	108.1667592104875	0.8481505319668448	1265.
967.3265074177	109.01592995728947	0.8501914987164212	1266.
969.9154785293765	109.86714328344465	0.852235692038533	1267.
972.5105938997028	110.72040241962145	0.85428312012565	1268.
975.1118703903569	111.57571060468103	0.8563337911702429	1269.
977.7193248875935	112.43307108567865	0.8583877133647815	1270.
980.3329743022462	113.29248711785817	0.8604448949017343	1271.
982.952835569725	114.15396196465986	0.8625053439735733	1272.
985.5789256500191	115.01749889771486	0.8645690687727683	1273.
988.2112615276917	115.8831011968457	0.8666360774917874	1274.
990.849860211885	116.750772150069	0.8687063783231013	1275.
993.4947387363211	117.62051505359318	0.8707799794591806	1276.
996.1459141592957	118.49233321182032	0.8728568890924948	1277.
998.803403563684	119.36622993734159	0.8749371154155132	1278.
1001.4672240569382	120.24220855094495	0.8770206666207061	1279.
1004.137392771089	121.12027238160795	0.8791075509005446	1280.
1006.8139268627422	122.00042476650174	0.8811977764474972	1281.
1009.4968435130797	122.88266905098976	0.8832913514540324	1282.
1012.1861599278689	123.76700858862728	0.8853882841126235	1283.
1014.8818933374457	124.65344674116363	0.887488582615739	1284.
1017.5840609967274	125.54198687853773	0.8895922551558479	1285.
1020.292680185207	126.43263237888436	0.8916993099254209	1286.
1023.007768206957	127.32538662852926	0.8938097551169277	1287.
1025.7293423906265	128.2202530219895	0.8959235989228387	1288.
1028.457420089442	129.11723496197715	0.898040849535624	1289.
1031.192018681206	130.01633585939385	0.9001615151477518	1290.
1033.933155568299	130.91755913333668	0.9022856039516931	1291.
1036.6808481776832	131.82090821109227	0.9044131241399191	1292.
1039.4351139608887	132.7263865281427	0.9065440839048966	1293.
1042.195970394035	133.63399752815872	0.9086784914390984	1294.
1044.9634349778096	134.54374466300692	0.9108163549349935	1295.
1047.7375252374816	135.45563139274668	0.9129576825850525	1296.
1050.518258722894	136.36966118562646	0.9151024825817426	1297.
1053.305653008472	137.28583751809015	0.9172507631175364	1298.
1056.0997256932176	138.20416387477167	0.9194025323849035	1299.
1058.900494400705	139.12464374850128	0.9215577985763126	1300.
1061.7079767790926	140.04728064029655	0.9237165698842347	1301.
1064.5221905011115	140.97207805937228	0.9258788545011396	1302.
1067.3431532640714	141.89903952313284	0.9280446606194968	1303.
1070.17088278986	142.82816855717556	0.9302139964317759	1304.
1073.005396824942	143.75946869529162	0.9323868701304474	1305.
1075.8467131403606	144.69294347946288	0.9345632899079814	1306.
1078.6948495317336	145.6285964598651	0.9367432639568469	1307.
1081.5498238192602	146.56643119486444	0.9389268004695142	1308.
1084.411653847715	147.5064512510221	0.9411139076384547	1309.
1087.2803574864467	148.4486602030911	0.9433045936561362	1310.
1090.155952629388	149.39306163401488	0.9454988667150293	1311.
1093.0384571950442	150.3396591349324	0.9476967350076042	1312.
1095.9278891264996	151.28845630517253	0.9498982067263309	1313.
1098.824266391416	152.23945675225787	0.952103290063679	1314.
1101.7276069820307	153.19266409190323	0.9543119932121176	1315.
1104.637928915163	154.14808194801708	0.9565243243641186	1316.
1107.555250232205	155.105713952697	0.9587402917121506	1317.
1110.4795889991258	156.06556374623688	0.960959903448682	1318.
1113.4109633064788	157.02763497712112	0.9631831677661866	1319.
1116.3493912693855	157.9919313020273	0.9654100928571312	1320.
1119.294891027552	158.95845638582477	0.9676406869139873	1321.
1122.2474807452566	159.9272139015743	0.9698749581292221	1322.
1125.2071786113613	160.89820753053345	0.9721129146953098	1323.
1128.1740028392985	161.87144096214706	0.9743545648047172	1324.
1131.147971667083	162.84691789405406	0.9765999166499149	1325.
1134.1291033573023	163.82464203208883	0.9788489784233723	1326.
1137.1174161971283	164.8046170902744	0.981101758317561	1327.
1140.112928498305	165.78684679082835	0.9833582645249499	1328.
1143.1156585971523	166.77133486416005	0.985618505238008	1329.
1146.125624854573	167.75808504887073	0.9878824886492064	1330.
1149.142845656046	168.7471010917552	0.9901502229510153	1331.
1152.167339411623	169.73838674779972	0.9924217163359033	1332.
1155.1991245559368	170.73194578018547	0.994696976996341	1333.
1158.2382195481998	171.7277819602823	0.9969760131247991	1334.
1161.2846428721957	172.72589906765552	0.9992588329137466	1335.
1164.3384130362913	173.72630089006088	1.0015454445556529	1336.
1167.399548573427	174.7289912234487	1.0038358562429885	1337.
1170.4680680411236	175.73397387195928	1.0061300761682235	1338.
1173.543990021478	176.74125264792838	1.0084281125238288	1339.
1176.6273331211626	177.7508313718813	1.0107299735022717	1340.
1179.7181159714298	178.76271387253746	1.0130356672960237	1341.
1182.8163572281098	179.77690398680943	1.0153452020975555	1342.
1185.9220755716076	180.79340555979934	1.0176585860993352	1343.
1189.0352897069067	181.81222244480568	1.019975827493834	1344.
1192.15601836357	182.8333585033156	1.022296934473521	1345.
1195.2842802957346	183.85681760501302	1.0246219152308673	1346.
1198.4200942821174	184.88260362776782	1.026950777958341	1347.
1201.5634791260125	185.9107204576494	1.029283530848414	1348.
1204.7144536552894	186.94117198891627	1.031620182093555	1349.
1207.873036722399	187.97396212401827	1.0339607398862354	1350.
1211.0392472043607	189.0090947736021	1.0363052124189216	1351.
1214.2131040027841	190.0465738565008	1.0386536078840867	1352.
1217.3946260438468	191.0864032997456	1.0410059344742	1353.
1220.5838322783072	192.12858703855545	1.0433622003817304	1354.
1223.7807416815015	193.17312901634568	1.0457224137991492	1355.
1226.9853732533427	194.2200331847207	1.048086582918926	1356.
1230.1977460183186	195.26930350348084	1.0504547159335296	1357.
1233.4178790254975	196.32094394061687	1.0528268210354303	1358.
1236.6457913485253	197.37495847231185	1.0552029064170987	1359.
1239.8815020856234	198.4313510829429	1.0575829802710048	1360.
1243.1250303595941	199.49012576507585	1.0599670507896182	1361.
1246.3763953178116	200.5512865194737	1.0623551261654076	1362.
1249.6356161322326	201.61483735508955	1.0647472145908452	1363.
1252.9027119993873	202.68078228906916	1.067143324258399	1364.
1256.1777021403843	203.7491253467515	1.0695434633605392	1365.
1259.460605800914	204.819870561666	1.0719476400897365	1366.
1262.7514422512377	205.89302197553798	1.0743558626384608	1367.
1266.0502307862002	206.96858363828005	1.0767681391991815	1368.
1269.3569907252154	208.04655960800392	1.0791844779643678	1369.
1272.671741412285	209.12695395100855	1.0816048871264914	1370.
1275.994502215981	210.2097707417861	1.0840293748780212	1371.
1279.3252925294523	211.29501406302506	1.0864579494114266	1372.
1282.6641317704311	212.38268800560036	1.0888906189191783	1373.
1286.011039381221	213.47279666858594	1.0913273915937456	1374.
1289.366034828709	214.56534415924125	1.0937682756276002	1375.
1292.7291376043504	215.66033459302525	1.096213279213209	1376.
1296.100367224189	216.7577720935824	1.098662410543044	1377.
1299.4797432288387	217.85766079275618	1.1011156778095752	1378.
1302.8672851834913	218.96000483057878	1.103573089205272	1379.
1306.2630126779181	220.06480835527373	1.1060346529226028	1380.
1309.6669453264676	221.1720755232618	1.1085003771540398	1381.
1313.0791027680662	222.28181049915065	1.1109702700920527	1382.
1316.499504666213	223.39401745574514	1.1134443399291092	1383.
1319.928170708993	224.50870057403972	1.1159225948576825	1384.
1323.3651206090608	225.625864043222	1.1184050430702404	1385.
1326.8103741036516	226.74551206067235	1.1208916927592525	1386.
1330.2639509545784	227.86764883196292	1.1233825521171892	1387.
1333.7258709482312	228.99227857086044	1.1258776293365216	1388.
1337.196153895578	230.1194054993207	1.1283769326097182	1389.
1340.6748196321591	231.24903384749587	1.1308804701292479	1390.
1344.161888018104	232.38116785372586	1.1333882500875845	1391.
1347.6573789381055	233.51581176454783	1.1359002806771934	1392.
1351.1613123014458	234.65296983468807	1.1384165700905484	1393.
1354.6737080419748	235.79264632706736	1.1409371265201163	1394.
1358.1945861181252	236.93484551279835	1.143461958158368	1395.
1361.7239665129096	238.0795716711841	1.1459910731977745	1396.
1365.2618692339097	239.22682908972502	1.1485244798308054	1397.
1368.8083143132922	240.37662206410778	1.1510621862499284	1398.
1372.3633218077985	241.52895489821776	1.1536042006476168	1399.
1375.926911798746	242.6838319041267	1.1561505312163378	1400.
1379.4991043920304	243.84125740210538	1.158701186148562	1401.
1383.0799197181286	245.00123572060966	1.1612561736367604	1402.
1386.669377932089	246.1637711962935	1.163815501873402	1403.
1390.2674992135394	247.32886817400367	1.1663791790509568	1404.
1393.8743037666873	248.4965310067737	1.168947213361894	1405.
1397.4898118203164	249.66676405583576	1.1715196129986856	1406.
1401.1140436277856	250.83957169061023	1.1740963861537996	1407.
1404.7470194670336	252.01495828871384	1.176677541019707	1408.
1408.3887596405739	253.1929282359515	1.1792630857888757	1409.
1412.0392844755047	254.37348592632316	1.1818530286537787	1410.
1415.6986143234908	255.55663576202187	1.1844473778068836	1411.
1419.366769560781	256.74238215343075	1.1870461414406601	1412.
1423.0437705882032	257.93072951912745	1.18964932774758	1413.
1426.729637831157	259.12168228588143	1.1922569449201124	1414.
1430.4243917396257	260.3152448886535	1.1948690011507273	1415.
1434.1280527881618	261.5114217705991	1.197485504631893	1416.
1437.8406414759042	262.7102173830649	1.2001064635560823	1417.
1441.562178326562	263.91163618558994	1.202731886115763	1418.
1445.2926838884268	265.1156826459055	1.2053617805034054	1419.
1449.0321787343637	266.322361239937	1.2079961549114793	1420.
1452.78068346182	267.53167645179974	1.2106350175324558	1421.
1456.538218692816	268.7436327738037	1.213278376558804	1422.
1460.304805073948	269.9582347064502	1.2159262401829927	1423.
1464.0804632763975	271.1754867584327	1.218578616597493	1424.
1467.8652139959145	272.39539344663945	1.2212355139947748	1425.
1471.6590779528347	273.6179592961471	1.2238969405673084	1426.
1475.46207589206	274.84318884023014	1.2265629045075617	1427.
1479.2742285830855	276.07108662034943	1.2292334140080077	1428.
1483.0955568199702	277.3016571861631	1.2319084772611149	1429.
1486.9260814213517	278.53490509552057	1.2345881024593512	1430.
1490.7658232304543	279.7708349144614	1.2372722977951893	1431.
1494.6148031150728	281.00945121722043	1.2399610714610985	1432.
1498.4730419675784	282.25075858622404	1.242654431649548	1433.
1502.3405607049208	283.49476161209077	1.245352386553007	1434.
1506.2173802686316	284.7414648936324	1.2480549443639468	1435.
1510.1035216248156	285.99087303785245	1.2507621132748383	1436.
1513.9990057641535	287.2429906599464	1.2534739014781486	1437.
1517.9038537019069	288.4978223833036	1.2561903171663493	1438.
1521.8180864779156	289.7553728395046	1.258911368531911	1439.
1525.7417251565912	291.0156466683238	1.261637063767302	1440.
1529.6747908269263	292.2786485177271	1.2643674110649918	1441.
1533.6173046024946	293.5443830438726	1.267102418617453	1442.
1537.5692876214412	294.812854911112	1.2698420946171538	1443.
1541.530761046492	296.0840687919863	1.2725864472565638	1444.
1545.5017460649456	297.3580293672353	1.2753354847281528	1445.
1549.4822638886853	298.63474132578494	1.2780892152243917	1446.
1553.4723357541684	299.91420936475606	1.28084764693775	1447.
1557.471982922426	301.19643818946315	1.283610788060697	1448.
1561.481226679074	302.48143251341116	1.2863786467857041	1449.
1565.5000883342987	303.7691970582996	1.2891512313052402	1450.
1569.5285892228685	305.0597365540175	1.2919285498117752	1451.
1573.5667507041235	306.35305573865026	1.294710610497778	1452.
1577.6145941619907	307.64915935847057	1.29749742155572	1453.
1581.6721410049668	308.94805216794884	1.3002889911780713	1454.
1585.7394126661266	310.24973892974594	1.3030853275573007	1455.
1589.8164306031263	311.5542244147132	1.3058864388858789	1456.
1593.9032162981957	312.8615134018978	1.3086923333562757	1457.
1597.999791258143	314.17161067853704	1.31150301916096	1458.
1602.1061770143533	315.48452104006174	1.3143185044924026	1459.
1606.2223951227925	316.8002492900955	1.3171387975430742	1460.
1610.3484671640003	318.11880024045286	1.3199639065054436	1461.
1614.4844147430958	319.44017871114147	1.3227938395719816	1462.
1618.6302594897702	320.7643895303622	1.3256286049351553	1463.
1622.7860230583024	322.09143753450826	1.328468210787439	1464.
1626.9517271275417	323.4213275681632	1.3313126653213008	1465.
1631.1273934009087	324.7540644841083	1.3341619767292068	1466.
1635.313043606419	326.0896531433109	1.337016153203633	1467.
1639.5086994966491	327.4280984149359	1.3398752029370469	1468.
1643.7143828487615	328.76940517633557	1.342739134121918	1469.
1647.93011546449	330.1135783130603	1.3456079549507143	1470.
1652.155919170155	331.4606227188492	1.3484816736159102	1471.
1656.3918158166434	332.8105432956354	1.351360298309972	1472.
1660.6378272794282	334.16334495354295	1.3542438372253702	1473.
1664.893975458554	335.5190326108909	1.3571322985545757	1474.
1669.1602822786485	336.87761119418747	1.3600256904900583	1475.
1673.436769688913	338.2390856381371	1.3629240212242886	1476.
1677.7234596631233	339.60346088563347	1.3658272989497338	1477.
1682.0203741996388	340.9707418877638	1.3687355318588654	1478.
1686.3275353213958	342.3409336038094	1.3716487281441552	1479.
1690.6449650759014	343.7140410012421	1.3745668959980701	1480.
1694.972685535247	345.09006905572596	1.377490043613081	1481.
1699.3107187961	346.4690227511196	1.3804181791816594	1482.
1703.6590869797	347.85090707947165	1.3833513108962725	1483.
1708.0178122318712	349.2357270410248	1.386289446949391	1484.
1712.3869167230137	350.6234876442136	1.3892325955334863	1485.
1716.766422648102	352.0141939056657	1.3921807648410285	1486.
1721.1563522266879	353.4078508502007	1.3951339630644846	1487.
1725.5567277029027	354.8044635108313	1.3980921983963261	1488.
1729.9675713454567	356.20403692876107	1.4010554790290248	1489.
1734.3889054476358	357.60657615338687	1.4040238131550487	1490.
1738.8207523272977	359.01208624230003	1.4069972089668665	1491.
1743.2631343268908	360.4205722612801	1.409975674656951	1492.
1747.7160738134257	361.83203928430476	1.41295921841777	1493.
1752.1795931785036	363.24649239353676	1.4159478484417942	1494.
1756.6537148382927	364.6639366793388	1.4189415729214927	1495.
1761.1384612335455	366.0843772402627	1.421940400049337	1496.
1765.6338548295898	367.50781918305074	1.424944338017796	1497.
1770.1399181163279	368.9342676226429	1.4279533950193395	1498.
1774.6566736082455	370.3637276821646	1.4309675792464374	1499.
1779.1841438443976	371.79620449294134	1.4339868988915594	1500.
1783.7223513884273	373.2317031944849	1.4370113621471763	1501.
1788.2713188285438	374.6702289345035	1.440040977205757	1502.
1792.8310687775443	376.1117868688948	1.443075752259773	1503.
1797.4016238727945	377.5563821617525	1.4461156955016934	1504.
1801.9830067762414	379.00401998535926	1.449160815123987	1505.
1806.575240174409	380.4547055201906	1.4522111193191236	1506.
1811.1783467784003	381.9084439549192	1.4552666162795749	1507.
1815.7923493238968	383.36524048640285	1.4583273141978115	1508.
1820.4172705711471	384.8251003196983	1.4613932212662988	1509.
1825.0531333049926	386.2880286680497	1.464464345677511	1510.
1829.6999603348413	387.75403075289705	1.4675406956239172	1511.
1834.3577744946842	389.2231118038735	1.470622279297988	1512.
1839.0265986430836	390.6952770588009	1.4737091048921904	1513.
1843.7064556631844	392.17053176369564	1.4768011805989962	1514.
1848.397368462709	393.6488811727663	1.4798985146108752	1515.
1853.099359973955	395.13033054841617	1.483001115120298	1516.
1857.8124531537974	396.61488516123745	1.4861089903197326	1517.
1862.536670983689	398.10255029001655	1.4892221484016508	1518.
1867.2720364696615	399.5933312217321	1.4923405975585213	1519.
1872.018572642322	401.0872332515555	1.495464345982814	1520.
1876.776302556856	402.5842616828518	1.4985934018670006	1521.
1881.545249293029	404.0844218271736	1.50172777340355	1522.
1886.3254359551756	405.5877190042738	1.5048674687849308	1523.
1891.1168856722165	407.0941585420901	1.5080124962036132	1524.
1895.919621597648	408.603745776757	1.5111628638520687	1525.
1900.733666909542	410.1164860526019	1.5143185799227679	1526.
1905.5590448105436	411.6323847221406	1.5174796526081753	1527.
1910.3957785278858	413.15144714608687	1.520646090100767	1528.
1915.243891313371	414.6736786933425	1.523817900593011	1529.
1920.1034064433843	416.1990847410034	1.5269950922773772	1530.
1924.9743472188788	417.72767067435916	1.5301776733463344	1531.
1929.8567369653952	419.2594418868889	1.5333656519923524	1532.
1934.7505990330465	420.79440378026675	1.536559036407902	1533.
1939.6559567965282	422.33256176435816	1.539757834785454	1534.
1944.5728336551051	423.8739212572218	1.542962055317477	1535.
1949.501253032624	425.4184876851082	1.5461717061964402	1536.
1954.4412383775089	426.96626648246183	1.549386795614815	1537.
1959.3928131627622	428.51726309191645	1.5526073317650706	1538.
1964.3560008859645	430.0714829643007	1.5558333228396783	1539.
1969.3308250692717	431.6289315586346	1.5590647770311081	1540.
1974.317309259413	433.18961434213134	1.5623017025318262	1541.
1979.3154770277001	434.75353679019827	1.565544107534305	1542.
1984.3253519700256	436.3207043864313	1.5687920002310154	1543.
1989.3469577068527	437.8911226226228	1.572045388814427	1544.
1994.3803178832218	439.4647969987541	1.575304281477007	1545.
1999.4254561687599	441.0417330230007	1.578568686411229	1546.
2004.4823962576593	442.6219362117308	1.5818386118095606	1547.
2009.5511618686965	444.205412089505	1.5851140658644711	1548.
2014.631776745226	445.79216618907594	1.5883950567684328	1549.
2019.7242646551767	447.38220405138964	1.5916815927139139	1550.
2024.8286493910591	448.975531225582	1.5949736818933857	1551.
2029.9449547699555	450.5721532689854	1.5982713324993174	1552.
2035.0732046335293	452.1720757471203	1.6015745527241787	1553.
2040.2134228480172	453.775304233704	1.6048833507604385	1554.
2045.3656333042445	455.3818443106429	1.6081977348005703	1555.
2050.5298599175944	456.99170156803666	1.6115177130370384	1556.
2055.706126628049	458.60488160418026	1.614843293662318	1557.
2060.8944574001525	460.2213900255556	1.6181744848688755	1558.
2066.094876223033	461.8412324468418	1.6215112948491823	1559.
2071.307407110397	463.46441449090935	1.6248537317957092	1560.
2076.5320741005207	465.0909417888188	1.6282018039009225	1561.
2081.7689012562705	466.72081997982787	1.6315555193572973	1562.
2087.0179126650805	468.3540547113821	1.6349148863573015	1563.
2092.279132438959	469.9906516391211	1.6382799130934016	1564.
2097.5525847145045	471.6306164268781	1.6416506077580717	1565.
2102.8382936528837	473.2739547466772	1.6450269785437808	1566.
2108.1362834398374	474.9206722787367	1.648409033642996	1567.
2113.4465782857014	476.5707747114657	1.6517967812481933	1568.
2118.7692024253647	478.22426774146606	1.6551902295518364	1569.
2124.1041801183123	479.8811570735338	1.6585893867463986	1570.
2129.4515356485945	481.54144842065307	1.661994261024346	1571.
2134.811293324852	483.2051475040075	1.665404860578155	1572.
2140.1834774802905	484.8722600529659	1.66882119360029	1573.
2145.5681124726966	486.54279180509457	1.6722432682832222	1574.
2150.9652226844437	488.21674850615045	1.6756710928194245	1575.
2156.374832522467	489.89413591008224	1.6791046754013639	1576.
2161.796966418288	491.57495977903227	1.6825440242215093	1577.
2167.2316488280044	493.25922588333515	1.6859891474723314	1578.
2172.6789042322944	494.94694000151776	1.6894400533463028	1579.
2178.138757136409	496.63810792029926	1.6928967500358914	1580.
2183.6112320701745	498.332735434592	1.6963592457335652	1581.
2189.096353588003	500.0308283475001	1.6998275486317969	1582.
2194.594146268877	501.73239247032006	1.703301666923056	1583.
2200.1046347163624	503.437433622541	1.7067816087998127	1584.
2205.6278435585914	505.14595763184616	1.7102673824545347	1585.
2211.1637974482865	506.85797033410836	1.7137589960796937	1586.
2216.7125210627405	508.5734775733936	1.7172564578677596	1587.
2222.2740391038265	510.2924852019619	1.7207597760112021	1588.
2227.848376297993	512.0149990802652	1.724268958702491	1589.
2233.435557396265	513.7410250769472	1.7277840141340954	1590.
2239.0356071742513	515.4705690688443	1.7313049504984885	1591.
2244.648550432125	517.2036369409857	1.7348317759881349	1592.
2250.2744119946547	518.9402345865919	1.7383644987955096	1593.
2255.913216711168	520.680367907079	1.741903127113078	1594.
2261.5649894555804	522.4240428120534	1.7454476691333127	1595.
2267.229755126388	524.1712652193119	1.7489981330486843	1596.
2272.9075386466575	525.922041054846	1.7525545270516618	1597.
2278.5983649640307	527.6763762528408	1.7561168593347132	1598.
2284.302259050735	529.4342767556736	1.7596851380903118	1599.
2290.019245903569	531.1957485139096	1.763259371510924	1600.
2295.7493505439115	532.9607974863143	1.766839567789023	1601.
2301.492598017719	534.7294296398377	1.770425735117077	1602.
2307.2490133955207	536.5016509496286	1.7740178816875538	1603.
2313.018621772434	538.2774673990252	1.7776160156929297	1604.
2318.8014482681397	540.0568849795577	1.7812201453256682	1605.
2324.5975180269065	541.8399096909498	1.7848302787782417	1606.
2330.4068562175753	543.6265475411183	1.7884464242431202	1607.
2336.2294880335676	545.4168045461715	1.7920685899127733	1608.
2342.0654386928795	547.2106867304096	1.79569678397967	1609.
2347.914733438087	549.0082001263272	1.799331014636282	1610.
2353.7773975363434	550.8093507746089	1.802971290075079	1611.
2359.653456279377	552.6141447241348	1.8066176184885308	1612.
2365.5429349834926	554.422588031975	1.8102700080691054	1613.
2371.445858989575	556.2346867633928	1.8139284670092737	1614.
2377.36225366309	558.0504469918442	1.817593003501507	1615.
2383.2921443940754	559.8698747989779	1.8212636257382755	1616.
2389.2355565971457	561.6929762746327	1.824940341912046	1617.
2395.1925157114956	563.5197575168454	1.8286231602152911	1618.
2401.1630472008997	565.3502246318376	1.8323120888404798	1619.
2407.147176553703	567.1843837340307	1.8360071359800827	1620.
2413.1449292828293	569.0222409460343	1.839708309826566	1621.
2419.1563309257936	570.8638023986505	1.8434156185724069	1622.
2425.181407044665	572.709074230876	1.8471290704100687	1623.
2431.2201832261094	574.5580625898992	1.8508486735320249	1624.
2437.272685081355	576.4107736310989	1.8545744361307408	1625.
2443.338938246228	578.2672135180496	1.8583063663986943	1626.
2449.418968381106	580.1273884225166	1.862044472528348	1627.
2455.512801170962	581.9913045244584	1.8657887627121745	1628.
2461.620462325346	583.8589680120235	1.8695392451426454	1629.
2467.741977578377	585.7303850815565	1.8732959280122294	1630.
2473.8773726887543	587.6055619375925	1.8770588195133948	1631.
2480.0266734397555	589.4845047928575	1.8808279278386113	1632.
2486.18990563924	591.3672198682748	1.8846032611803523	1633.
2492.3670951196395	593.2537133929545	1.8883848277310857	1634.
2498.558267737959	595.1439916042036	1.8921726356832798	1635.
2504.7634493757905	597.0380607475195	1.8959666932294068	1636.
2510.982665939298	598.9359270765908	1.8997670085619358	1637.
2517.2159433592237	600.8375968533028	1.9035735898733375	1638.
2523.463307590884	602.7430763477296	1.907386445356079	1639.
2529.724784614184	604.6523718381368	1.9112055832026345	1640.
2536.000400433592	606.5654896109854	1.9150310116054703	1641.
2542.2901810781614	608.4824359609297	1.918862738757059	1642.
2548.594152601516	610.4032171908138	1.9227007728498657	1643.
2554.9123410818743	612.3278396116743	1.9265451220763676	1644.
2561.244772622011	614.2563095427417	1.930395794629029	1645.
2567.59147334929	616.1886333114389	1.9342527987003217	1646.
2573.9524694156544	618.1248172533806	1.9381161424827171	1647.
2580.3277869976177	620.0648677123718	1.9419858341686833	1648.
2586.7174522962687	622.0087910404159	1.9458618819506883	1649.
2593.121491537285	623.9565935977025	1.9497442940212046	1650.
2599.539930970914	625.9082817526182	1.953633078572703	1651.
2605.972796871982	627.8638618817399	1.9575282437976522	1652.
2612.4201155398887	629.8233403698355	1.9614297978885205	1653.
2618.88191329862	631.78672360987	1.965337749037781	1654.
2625.3582164967315	633.7540180029946	1.969252105437901	1655.
2631.849051507359	635.7252299585589	1.9731728752813513	1656.
2638.354444728213	637.700365894103	1.9771000667606007	1657.
2644.8744225815904	639.6794322353567	1.9810336880681225	1658.
2651.409011514353	641.6624354162459	1.984973747396383	1659.
2657.9582379979493	643.6493818788881	1.988920252937854	1660.
2664.5221285284015	645.6402780735903	1.9928732128850042	1661.
2671.100709626307	647.635130458857	1.9968326354303034	1662.
2677.6940078368475	649.6339455013817	2.0007985287662233	1663.
2684.3020497297757	651.6367296760504	2.004770901085232	1664.
2690.9248618994257	653.6434894659428	2.008749760579801	1665.
2697.562470964706	655.6542313623327	2.0127351154424	1666.
2704.214903569102	657.6689618646815	2.016726973865497	1667.
2710.882186380679	659.687687480648	2.020725344041563	1668.
2717.5643460920824	661.7104147260802	2.0247302341630693	1669.
2724.2614094205305	663.73715012502	2.028741652422485	1670.
2730.973403107818	665.7679002097016	2.03275960701228	1671.
2737.7003539203165	667.8026715205515	2.0367841061249212	1672.
2744.4422886489833	669.8414706061899	2.040815157952883	1673.
2751.1992341093446	671.8843040234278	2.0448527706886335	1674.
2757.971217141506	673.9311783372668	2.0488969525246405	1675.
2764.758264610155	675.982100120907	2.0529477116533785	1676.
2771.5604034045505	678.0370759557359	2.0570050562673146	1677.
2778.3776604385303	680.0961124313344	2.0610689945589185	1678.
2785.210062650511	682.1592161454764	2.06513953472066	1679.
2792.0576370034864	684.2263937041307	2.06921668494501	1680.
2798.9204104850296	686.297651721452	2.073300453424439	1681.
2805.798410107287	688.3729968197954	2.077390848351416	1682.
2812.6916629069815	690.4524356297015	2.081487877918409	1683.
2819.6001959454184	692.5359747899088	2.08559155031789	1684.
2826.524036308482	694.623620947345	2.0897018737423307	1685.
2833.463211106622	696.7153807571335	2.093818856384197	1686.
2840.4177474748826	698.8112608825845	2.0979425064359614	1687.
2847.3876725728715	700.911267995205	2.1020728320900925	1688.
2854.37301358478	703.015408774696	2.106209841539062	1689.
2861.3737977193755	705.1236899089454	2.1103535429753375	1690.
2868.3900522100016	707.2361180940397	2.114503944591391	1691.
2875.4218043145866	709.3527000342528	2.1186610545796922	1692.
2882.469081315623	711.4734424420544	2.1228248811327095	1693.
2889.5319105201893	713.5983520381042	2.1269954324429126	1694.
2896.6103192599458	715.7274355512563	2.131172716702774	1695.
2903.7043348911184	717.8606997185566	2.1353567421047615	1696.
2910.813984794521	719.9981512852437	2.139547516841346	1697.
2917.9392963755367	722.1397970047487	2.1437450491049974	1698.
2925.0802970641307	724.2856436386946	2.1479493470881845	1699.
2932.2370143148464	726.4356979568961	2.152160418983378	1700.
2939.409475606801	728.5899667373624	2.156378272983047	1701.
2946.5977084436936	730.7484567662941	2.1606029172796637	1702.
2953.8017403537933	732.9111748380842	2.1648343600656945	1703.
2961.021598889954	735.0781277553197	2.169072609533611	1704.
2968.2573116296076	737.2493223287765	2.173317673875885	1705.
2975.5089061747576	739.4247653774264	2.177569561284985	1706.
2982.7764101519842	741.6044637284335	2.181828279953379	1707.
2990.0598512124557	743.7884242171513	2.18609383807354	1708.
2997.359257031904	745.9766536871284	2.1903662438379357	1709.
3004.6746553106477	748.1691589901066	2.1946455054390377	1710.
3012.006073773577	750.3659469860158	2.1989316310693123	1711.
3019.3535401701697	752.5670245429851	2.2032246289212356	1712.
3026.7170822744674	754.7723985373295	2.207524507187272	1713.
3034.0967278850976	756.9820758535616	2.211831274059895	1714.
3041.492504825262	759.1960633843823	2.2161449377315714	1715.
3048.904440942741	761.4143680306879	2.2204655063947722	1716.
3056.3325641098954	763.6369967015667	2.22479298824197	1717.
3063.7769022236575	765.8639563142974	2.2291273914656315	1718.
3071.237483205536	768.095253794354	2.233468724258226	1719.
3078.7143350016277	770.3308960754011	2.237816994812226	1720.
3086.2074855825977	772.5708900992968	2.242172211320101	1721.
3093.716962943687	774.8152428160906	2.2465343819743193	1722.
3101.2427951047234	777.0639611840247	2.2509035149673524	1723.
3108.785010110105	779.3170521695351	2.25527961849167	1724.
3116.343636028803	781.5745227472494	2.2596627007397405	1725.
3123.918700954377	783.8363798999867	2.2640527699040343	1726.
3131.5102330049594	786.1026306187609	2.268449834177024	1727.
3139.1182603232573	788.373281902776	2.2728539017511764	1728.
3146.742811076559	790.6483407594278	2.2772649808189627	1729.
3154.3839134567265	792.9278142043086	2.2816830795728524	1730.
3162.0415956802044	795.2117092611993	2.2861082062053173	1731.
3169.7158859880074	797.5000329620761	2.2905403689088244	1732.
3177.406812645729	799.7927923471048	2.294979575875842	1733.
3185.114403943554	802.0899944646458	2.2994258352988464	1734.
3192.8386881962215	804.3916463712521	2.3038791553703017	1735.
3200.5796937430673	806.6977551316672	2.3083395442826813	1736.
3208.3374489479943	809.008327818829	2.312807010228453	1737.
3216.11198219949	811.3233715138663	2.3172815614000895	1738.
3223.903321910607	813.642893306102	2.321763205990057	1739.
3231.7114965189908	815.9669002930495	2.3262519521908276	1740.
3239.5365344868515	818.2953995804178	2.3307478081948707	1741.
3247.378464300984	820.6283982821051	2.335250782194655	1742.
3255.237314472763	822.965903520203	2.339760882382654	1743.
3263.113113538128	825.3079224249973	2.344278116951333	1744.
3271.0058900576105	827.6544621349631	2.3488024940931655	1745.
3278.915672616311	830.005529796772	2.3533340220006203	1746.
3286.8424898239086	832.3611325652846	2.357872708866167	1747.
3294.786370314663	834.7212776035535	2.362418562882275	1748.
3302.747342747406	837.0859720828298	2.3669715922414154	1749.
3310.725435805552	839.4552231825492	2.3715318051360574	1750.
3318.7206781970885	841.829038090344	2.376099209758671	1751.
3326.733098654586	844.2074240020397	2.380673814301727	1752.
3334.762725935183	846.5903881216527	2.3852556269576928	1753.
3342.8095888206076	848.9779376613901	2.389844655919041	1754.
3350.8737161171534	851.3700798416571	2.3944409093782397	1755.
3358.9551366557052	853.7668218910435	2.3990443955277616	1756.
3367.0538792917073	856.1681710463399	2.403655122560073	1757.
3375.1699729051957	858.5741345525225	2.408273098667644	1758.
3383.3034464007824	860.9847196627634	2.412898332042948	1759.
3391.4543287076485	863.399933638429	2.4175308308784533	1760.
3399.6226487795616	865.819783749072	2.422170603366629	1761.
3407.808435594857	868.2442772724435	2.426817657699944	1762.
3416.01171815646	870.6734214944836	2.43147200207087	1763.
3424.2325254918633	873.1072237093281	2.4361336446718775	1764.
3432.47088665314	875.5456912193017	2.4408025936954347	1765.
3440.7268307169406	877.9888313349238	2.4454788573340114	1766.
3449.0003867844944	880.436651374906	2.450162443780079	1767.
3457.291583981607	882.8891586661503	2.4548533612261068	1768.
3465.6004514586602	885.346360543755	2.459551617864565	1769.
3473.9270183906174	887.8082643510079	2.464257221887924	1770.
3482.2713139770076	890.2748774393904	2.4689701814886496	1771.
3490.6333674419557	892.7462071685759	2.473690504859217	1772.
3499.013208034152	895.2222609064297	2.4784182001920936	1773.
3507.410865026868	897.7030460290111	2.4831532756797516	1774.
3515.826367717944	900.1885699205714	2.4878957395146566	1775.
3524.2597454298093	902.6788399735542	2.492645599889282	1776.
3532.711027509469	905.173863588594	2.497402864996096	1777.
3541.1802433284975	907.6736481745211	2.5021675430275696	1778.
3549.667422283055	910.1782011483556	2.5069396421761727	1779.
3558.1725937938772	912.6875299353096	2.5117191706343744	1780.
3566.695787306272	915.2016419687916	2.5165061365946455	1781.
3575.2370322901324	917.7205446903972	2.5213005482494557	1782.
3583.7963582399234	920.244245549919	2.526102413791275	1783.
3592.373794674686	922.7727520053404	2.530911741412571	1784.
3600.969371138047	925.3060715228353	2.5357285393058167	1785.
3609.5831171982036	927.8442115767725	2.5405528156634807	1786.
3618.215062447929	930.3871796497147	2.545384578678032	1787.
3626.8652365045837	932.9349832324128	2.550223836541944	1788.
3635.533669010091	935.4876298238123	2.555070597447682	1789.
3644.2203896309657	938.045126931052	2.5599248695877197	1790.
3652.925428058291	940.607482069463	2.5647866611545247	1791.
3661.648814007731	943.1747027625679	2.5696559803405687	1792.
3670.390577219521	945.7467965420815	2.5745328353383172	1793.
3679.1507474584914	948.3237709479122	2.579417234340247	1794.
3687.929354514027	950.9056335281612	2.5843091855388236	1795.
3696.7264282001015	953.49239183912	2.589208697126516	1796.
3705.541998355274	956.0840534452745	2.594115777295798	1797.
3714.3760948426643	958.6806259193027	2.599030434239136	1798.
3723.2287475499797	961.2821168420746	2.603952676149002	1799.
3732.0999863894995	963.8885338026535	2.608882511217863	1800.
3740.989841298092	966.4998843982949	2.613819947638194	1801.
3749.898342237192	969.1161762344445	2.618764993602462	1802.
3758.825519192809	971.737416924745	2.6237176573031364	1803.
3767.771402175541	974.3636140910271	2.6286779469326875	1804.
3776.736021220556	976.9947753633169	2.633645870683586	1805.
3785.7194063875977	979.6309083798319	2.6386214367482994	1806.
3794.721587760988	982.2720207869829	2.643604653319298	1807.
3803.742595449643	984.9181202393706	2.6485955285890563	1808.
3812.7824595870334	987.5692143997912	2.6535940707500414	1809.
3821.8412103312085	990.2253109392313	2.6586002879947186	1810.
3830.9188778648195	992.8864175368722	2.6636141885155675	1811.
3840.0154923950613	995.5525418800862	2.6686357805050482	1812.
3849.1310841537324	998.2236916644365	2.6736650721556368	1813.
3858.265683397195	1000.899874593682	2.6787020716598002	1814.
3867.419320406395	1003.5810983797719	2.6837467872100094	1815.
3876.592025486857	1006.2673707428476	2.6887992269987366	1816.
3885.7838289686724	1008.9586994112465	2.6938593992184474	1817.
3894.9947612065207	1011.6550921214925	2.698927312061614	1818.
3904.2248525796576	1014.356556618307	2.704002973720706	1819.
3913.474133491911	1017.0631006546032	2.709086392388195	1820.
3922.742634371685	1019.7747319914838	2.714177576256545	1821.
3932.030385671974	1022.4914583982477	2.719276533518234	1822.
3941.337417870336	1025.2132876523833	2.724383272365727	1823.
3950.663761468919	1027.9402275395714	2.7294978009914965	1824.
3960.009446994429	1030.6722858536896	2.73462012758801	1825.
3969.3745049981662	1033.4094703968026	2.739750260347738	1826.
3978.758966056006	1036.1517889791708	2.744888207463151	1827.
3988.162860768396	1038.8992494192448	2.7500339771267184	1828.
3997.586219760362	1041.6518595436705	2.7551875775309087	1829.
4007.0290736815123	1044.4096271872831	2.7603490168681946	1830.
4016.4914532060275	1047.1725601931157	2.765518303331045	1831.
4025.9733890326706	1049.9406664123858	2.7706954451119303	1832.
4035.474911884776	1052.7139537045095	2.77588045040332	1833.
4044.996052510256	1055.4924299370932	2.7810733273976824	1834.
4054.536841681608	1058.2761029859362	2.7862740842874905	1835.
4064.0973101958934	1061.0649807350305	2.7914827292652094	1836.
4073.6774888747696	1063.8590710765602	2.796699270523315	1837.
4083.2774085644523	1066.6583819109019	2.801923716254273	1838.
4092.897100135753	1069.462921146623	2.8071560746505577	1839.
4102.536594484038	1072.2726967004896	2.812396353904634	1840.
4112.1959225292685	1075.0877164974509	2.817644562208973	1841.
4121.875115215982	1077.907988470654	2.8229007077560455	1842.
4131.574203513283	1080.7335205614404	2.82816479873832	1843.
4141.293218414872	1083.5643207193398	2.833436843348271	1844.
4151.032190939001	1086.4003969020778	2.838716849778362	1845.
4160.791152128524	1089.2417570755683	2.8440048262210675	1846.
4170.570133050858	1092.08840921392	2.849300780868856	1847.
4180.369164797998	1094.9403612994374	2.854604721914197	1848.
4190.188278486525	1097.7976213226125	2.8599166575495607	1849.
4200.027505257589	1100.6601972821313	2.865236595967416	1850.
4209.886876276921	1103.5280971848733	2.870564545360234	1851.
4219.766422734834	1106.401329045907	2.875900513920487	1852.
4229.666175846207	1109.2799008885	2.8812445098406405	1853.
4239.586166850504	1112.163820744107	2.8865965413131667	1854.
4249.52642701177	1115.0530966523747	2.8919566165305364	1855.
4259.486987618613	1117.9477366611459	2.897324743685215	1856.
4269.467879984231	1120.8477488264548	2.902700930969675	1857.
4279.4691354464085	1123.7531412125254	2.9080851865763906	1858.
4289.490785367482	1126.6639218917799	2.9134775186978272	1859.
4299.532861134383	1129.5800989448248	2.9188779355264556	1860.
4309.595394158614	1132.501680460467	2.9242864452547446	1861.
4319.678415876259	1135.4286745356985	2.929703056075165	1862.
4329.781957747978	1138.3610892757106	2.9351277761801873	1863.
4339.9060512590095	1141.2989327938835	2.9405606137622824	1864.
4350.05072791916	1144.2422132117908	2.946001577013914	1865.
4360.2160192628335	1147.1909386591997	2.951450674127563	1866.
4370.4019568489875	1150.145117274065	2.95690791329569	1867.
4380.608572261175	1153.1047572025404	2.962373302710769	1868.
4390.835897107517	1156.0698665989667	2.967846850565267	1869.
4401.083963020719	1159.040453625882	2.9733285650516583	1870.
4411.352801658055	1162.0165264540115	2.9788184543624086	1871.
4421.642444701381	1164.9980932622775	2.9843165266899883	1872.
4431.952923857133	1167.9851622377937	2.98982279022687	1873.
4442.284270856322	1170.9777415758658	2.9953372531655225	1874.
4452.636517454537	1173.9758394799906	3.000859923698415	1875.
4463.009695431943	1176.9794641618582	3.0063908100180177	1876.
4473.403836593284	1179.9886238413528	3.0119299203168017	1877.
4483.81897276788	1183.0033267465492	3.017477262787236	1878.
4494.255135809623	1186.0235811137154	3.0230328456217874	1879.
4504.712357596997	1189.0493951873113	3.0285966770129304	1880.
4515.190670033055	1192.08077721999	3.034168765153134	1881.
4525.690105045422	1195.1177354725983	3.039749118234867	1882.
4536.210694586303	1198.1602782141717	3.045337744450598	1883.
4546.752470632497	1201.2084137219417	3.050934651992802	1884.
4557.315465185355	1204.2621502813295	3.0565398490539435	1885.
4567.899710270807	1207.3214961859535	3.0621533438264903	1886.
4578.505237939395	1210.3864597376187	3.0677751445029218	1887.
4589.132080266198	1213.457049246324	3.0734052592756997	1888.
4599.780269350893	1216.5332730302666	3.0790436963373002	1889.
4610.4498373177275	1219.615139415826	3.084690463880187	1890.
4621.1408163155265	1222.7026567375842	3.090345570096832	1891.
4631.853238517699	1225.795833338309	3.0960090231797084	1892.
4642.587136122218	1228.8946775689633	3.1016808313212794	1893.
4653.342541351654	1231.9991977887012	3.107361002714021	1894.
4664.119486453141	1235.1094023648725	3.1130495455504024	1895.
4674.918003698394	1238.2252996730144	3.118746468022894	1896.
4685.738125383691	1241.346898096861	3.1244517783239596	1897.
4696.579883829915	1244.474206028336	3.130165484646075	1898.
4707.443311382509	1247.6072318675574	3.1358875951817096	1899.
4718.3284404115	1250.7459840228344	3.1416181181233336	1900.
4729.235303311475	1253.89047091067	3.147357061663411	1901.
4740.1639325016295	1257.040700955758	3.1531044339944208	1902.
4751.11436042571	1260.1966825909853	3.1588602433088253	1903.
4762.086619552052	1263.3584242574352	3.1646244977991005	1904.
4773.080742373563	1266.5259344043743	3.17039720565771	1905.
4784.096761407738	1269.6992214892703	3.1761783750771295	1906.
4795.13470919664	1272.8782939777807	3.1819680142498266	1907.
4806.194618306904	1276.0631603437523	3.187766131368268	1908.
4817.276521329759	1279.25382906923	3.1935727346249285	1909.
4828.380450881003	1282.450308644446	3.1993878322122766	1910.
4839.506439601007	1285.6526075678285	3.2052114323227814	1911.
4850.654520154727	1288.8607343459962	3.2110435431489135	1912.
4861.824725231692	1292.0746974937606	3.2168841728831437	1913.
4873.017087546004	1295.2945055341293	3.222733329717939	1914.
4884.231639836355	1298.5201669982953	3.2285910218457703	1915.
4895.468414866003	1301.751690425649	3.234457257459108	1916.
4906.72744542279	1304.9890843637736	3.240332044750425	1917.
4918.008764319133	1308.2323573684407	3.2462153919121866	1918.
4929.31240439203	1311.4815180036176	3.2521073071368667	1919.
4940.6383985030425	1314.7365748414654	3.258007798616931	1920.
4951.986779538327	1317.9975364623347	3.2639168745448517	1921.
4963.357580408604	1321.2644114547702	3.269834543113098	1922.
4974.750834049184	1324.5372084155051	3.2757608125141386	1923.
4986.166573419954	1327.8159359494716	3.2816956909404498	1924.
4997.604831505357	1331.1006026697924	3.287639186584493	1925.
5009.065641314444	1334.3912171977781	3.293591307638745	1926.
5020.54903588082	1337.6877881629366	3.29955206229567	1927.
5032.055048262679	1340.9903242029682	3.3055214587477417	1928.
5043.583711542788	1344.2988339637614	3.3114995051874283	1929.
5055.135058828492	1347.6133260994038	3.3174862098072007	1930.
5066.70912325172	1350.9338092721669	3.3234815807995277	1931.
5078.305937968968	1354.2602921525245	3.32948562635688	1932.
5089.925536161313	1357.5927834191343	3.335498354671727	1933.
5101.567951034422	1360.9312917588509	3.3415197739365423	1934.
5113.233215818513	1364.2758258667213	3.34754989234379	1935.
5124.9213637684	1367.6263944459843	3.353588718085942	1936.
5136.632428163473	1370.9830062080682	3.359636259355468	1937.
5148.366442307699	1374.3456698726009	3.3656925243448397	1938.
5160.123439529618	1377.7143941673953	3.3717575212465265	1939.
5171.903453182353	1381.089187828462	3.3778312582529972	1940.
5183.7065166436005	1384.4700595999998	3.3839137435567226	1941.
5195.532663315627	1387.857018234406	3.3900049853501715	1942.
5207.381926625296	1391.250072492261	3.3961049918258146	1943.
5219.254340024033	1394.6492311423472	3.402213771176121	1944.
5231.149936987844	1398.0545029616355	3.408331331593563	1945.
5243.0687510173175	1401.4658967352893	3.4144576812706093	1946.
5255.010815637611	1404.8834212566617	3.4205928283997293	1947.
5266.976164398464	1408.3070853273016	3.4267367811733918	1948.
5278.964830874198	1411.7368977569536	3.432889547784069	1949.
5290.976848663698	1415.172867363549	3.4390511364242284	1950.
5303.0122513904425	1418.6150029732107	3.4452215552863423	1951.
5315.07107270248	1422.0633134202585	3.451400812562878	1952.
5327.1533462724365	1425.5178075472045	3.4575889164463094	1953.
5339.259105797515	1428.9784942047509	3.463785875129102	1954.
5351.388384999497	1432.4453822517926	3.4699916968037288	1955.
5363.541217624743	1435.9184805554191	3.47620638966266	1956.
5375.717637444186	1439.3977979909105	3.4824299618983625	1957.
5387.917678253335	1442.8833434417384	3.4886624217033058	1958.
5400.141373872284	1446.3751257995714	3.494903777269962	1959.
5412.388758145711	1449.8731539642645	3.501154036790804	1960.
5424.6598649428515	1453.377436843869	3.5074132084582965	1961.
5436.954728157532	1456.887983354627	3.5136813004649126	1962.
5449.273381708146	1460.4048024209765	3.519958321003119	1963.
5461.615859537686	1463.9279029755417	3.5262442782653904	1964.
5473.982195613691	1467.4572939591462	3.532539180444192	1965.
5486.372423928302	1470.9929843207997	3.538843035731994	1966.
5498.786578498231	1474.5349830177097	3.5451558523212716	1967.
5511.2246933647675	1478.0832990152721	3.5514776384044913	1968.
5523.686802593761	1481.637941287081	3.5578084021741203	1969.
5536.172940275672	1485.1989188149141	3.564148151822633	1970.
5548.683140525511	1488.76624058875	3.5704968955424965	1971.
5561.217437482873	1492.3399156067535	3.5768546415261797	1972.
5573.775865311936	1495.9199528752865	3.583221397966155	1973.
5586.3584582014555	1499.5063614089036	3.5895971730548935	1974.
5598.965250364757	1503.099150230345	3.595981974984862	1975.
5611.596276039751	1506.6983283705504	3.6023758119485327	1976.
5624.251569488919	1510.30390486865	3.608778692138375	1977.
5636.931164999314	1513.9158887719664	3.615190623746856	1978.
5649.635096882586	1517.5342891360142	3.621611614966448	1979.
5662.363399474949	1521.1591150245	3.62804167398962	1980.
5675.116107137199	1524.7903755093262	3.6344808090088465	1981.
5687.893254254706	1528.4280796705798	3.6409290282165925	1982.
5700.694875237409	1532.072236596553	3.647386339805327	1983.
5713.521004519853	1535.7228553837153	3.6538527519675243	1984.
5726.371676561121	1539.3799451367436	3.66032827289565	1985.
5739.246925844912	1543.0435149684936	3.666812910782178	1986.
5752.146786879464	1546.7135740000244	3.673306673819572	1987.
5765.071294197636	1550.3901313605797	3.6798095702003097	1988.
5778.0204823568265	1554.0731961876027	3.686321608116857	1989.
5790.994385939026	1557.7627776267236	3.692842795761684	1990.
5803.993039550813	1561.4588848317658	3.6993731413272615	1991.
5817.016477823316	1565.1615269647496	3.705912653006057	1992.
5830.06473541227	1568.8707131958818	3.7124613389905425	1993.
5843.137846997971	1572.5864527035637	3.7190192074731874	1994.
5856.235847285301	1576.3087546743895	3.725586266646462	1995.
5869.35877100371	1580.037628303151	3.7321625247028356	1996.
5882.506652907231	1583.7730827928226	3.7387479898347786	1997.
5895.679527774477	1587.5151273545757	3.745342670234762	1998.
5908.877430408636	1591.263771207778	3.7519465740952542	1999.
5922.100395637465	1595.0190235799846	3.7585597096087247	2000.
5935.348458313312	1598.7808937069458	3.7651820849676456	2001.
5948.621653313092	1602.5493908325984	3.7718137083644807	2002.
5961.9200155383105	1606.3245242090834	3.7784545879917095	2003.
5975.243579915032	1610.1063030967234	3.785104732041794	2004.
5988.592381393917	1613.894736764039	3.79176414870721	2005.
6001.966454950185	1617.6898344877386	3.798432846180421	2006.
6015.365835583651	1621.4916055527328	3.805110832653903	2007.
6028.790558318692	1625.300059252112	3.811798116320122	2008.
6042.2406582042695	1629.1152048871668	3.8184947053715463	2009.
6055.716170313934	1632.9370517673806	3.825200608000654	2010.
6069.217129745785	1636.765609210427	3.8319158323999067	2011.
6082.743571622532	1640.6008865421677	3.838640386761779	2012.
6096.295531091431	1644.4428930966674	3.8453742792787375	2013.
6109.873043324341	1648.2916382161748	3.852117518143255	2014.
6123.476143517681	1652.1471312511349	3.858870111547799	2015.
6137.104866892456	1656.0093815601817	3.8656320676848397	2016.
6150.75924869425	1659.878398510145	3.8724033947468497	2017.
6164.439324193216	1663.7541914760468	3.8791841009262944	2018.
6178.145128684095	1667.6367698411018	3.88597419441565	2019.
6191.876697486197	1671.5261429967127	3.8927736834073814	2020.
6205.63406594341	1675.4223203424826	3.8995825760939598	2021.
6219.417269424202	1679.3253112861976	3.906400880667854	2022.
6233.226343321625	1683.2351252438434	3.913228605321536	2023.
6247.061323053291	1687.151771639597	3.920065758247474	2024.
6260.922244061406	1691.075259905825	3.9269123476381393	2025.
6274.80914181275	1695.0055994830923	3.9337683816860034	2026.
6288.722051798664	1698.9427998201495	3.9406338685835296	2027.
6302.661009535103	1702.8868703739417	3.9475088165231975	2028.
6316.626050562556	1706.8378206096077	3.954393233697469	2029.
6330.617210446117	1710.7956600004777	3.9612871282988147	2030.
6344.634524775447	1714.7603980280778	3.968190508519707	2031.
6358.678029164801	1718.7320441821203	3.9751033825526187	2032.
6372.747759252981	1722.710607960516	3.982025758590013	2033.
6386.843750703394	1726.6960988693677	3.9889576448243664	2034.
6400.96603920401	1730.6885264229632	3.995899049448144	2035.
6415.11466046738	1734.687900143792	4.002849980653818	2036.
6429.289650230636	1738.694229562528	4.009810446633856	2037.
6443.491044255477	1742.7075242180476	4.0167804555807285	2038.
6457.718878328199	1746.7277936574092	4.02376001568691	2039.
6471.973188259653	1750.7550474358723	4.030749135144865	2040.
6486.254009885277	1754.78929511688	4.037747822147064	2041.
6500.561379065092	1758.8305462720764	4.04475608488598	2042.
6514.8953316836905	1762.8788104812957	4.05177393155408	2043.
6529.255903650244	1766.9340973325602	4.058801370343837	2044.
6543.643130898492	1770.9964164220887	4.065838409447717	2045.
6558.057049386767	1775.0657773542916	4.072885057058191	2046.
6572.497695097975	1779.1421897417713	4.079941321367731	2047.
6586.965104039589	1783.2256632053236	4.087007210568806	2048.
6601.4593122436745	1787.3162073739359	4.094082732853885	2049.
6615.980355766861	1791.413831884789	4.101167896415439	2050.
6630.528270690358	1795.5185463832563	4.108262709445936	2051.
6645.103093119958	1799.6303605229027	4.115367180137846	2052.
6659.704859186032	1803.7492839654842	4.1224813166836425	2053.
6674.333605043528	1807.875326380953	4.129605127275794	2054.
6688.98936687196	1812.008497447449	4.136738620106768	2055.
6703.672180875433	1816.148806851308	4.1438818033690366	2056.
6718.382083282613	1820.2962642870616	4.151034685255069	2057.
6733.119110346774	1824.4508794574244	4.158197273957335	2058.
6747.883298345721	1828.6126620733116	4.165369577668302	2059.
6762.67468358189	1832.7816218538283	4.172551604580446	2060.
6777.493302382253	1836.9577685262702	4.179743362886232	2061.
6792.339191098379	1841.141111826128	4.186944860778131	2062.
6807.212386106405	1845.3316614970877	4.194156106448614	2063.
6822.1129238070525	1849.5294272910169	4.20137710809015	2064.
6837.040840625616	1853.7344189679884	4.208607873895208	2065.
6851.996173011974	1857.9466462962596	4.21584841205626	2066.
6866.978957440574	1862.1661190522818	4.223098730765774	2067.
6881.989230410441	1866.3928470207056	4.230358838216222	2068.
6897.027028445189	1870.6268399943606	4.237628742600072	2069.
6912.092388093	1874.868107774279	4.244908452109796	2070.
6927.185345926626	1879.1166601696868	4.252197974937862	2071.
6942.305938543412	1883.3725069979932	4.259497319276739	2072.
6957.454202565268	1887.6356580848073	4.2668064933188985	2073.
6972.630174638698	1891.9061232639287	4.274125505256811	2074.
6987.833891434763	1896.1839123773516	4.281454363282946	2075.
7003.065389649106	1900.4690352752555	4.28879307558977	2076.
7018.324706001975	1904.7615018160209	4.296141650369761	2077.
7033.611877238142	1909.0613218662183	4.303500095815381	2078.
7048.9269401270085	1913.3685053006034	4.310868420119102	2079.
7064.26993146253	1917.6830620021387	4.318246631473397	2080.
7079.640888063223	1922.005001861965	4.32563473807073	2081.
7095.039846772224	1926.3343347794244	4.3330327481035775	2082.
7110.466844457214	1930.6710706620474	4.340440669764408	2083.
7125.921918010452	1935.0152194255602	4.347858511245687	2084.
7141.405104348785	1939.3667909938786	4.355286280739887	2085.
7156.916440413645	1943.7257952991094	4.362723986439479	2086.
7172.455963171025	1948.0922422815552	4.370171636536933	2087.
7188.023709611496	1952.4661418897122	4.377629239224716	2088.
7203.619716750217	1956.847504080265	4.3850968026953	2089.
7219.244021626924	1961.2363388180952	4.392574335141158	2090.
7234.896661305918	1965.6326560762705	4.400061844754753	2091.
7250.5776728760875	1970.0364658360595	4.40755933972856	2092.
7266.287093450905	1974.4477780869129	4.415066828255049	2093.
7282.024960168401	1978.866602826482	4.422584318526687	2094.
7297.791310191192	1983.2929500606097	4.430111818735944	2095.
7313.586180706483	1987.7268298033323	4.437649337075293	2096.
7329.409608926046	1992.1682520768695	4.4451968817372025	2097.
7345.261632086222	1996.6172269116455	4.45275446091414	2098.
7361.142287447949	2001.073764346269	4.460322082798579	2099.
7377.051612296732	2005.537874427543	4.467899755582988	2100.
7392.98964394265	2010.0095672104649	4.475487487459836	2101.
7408.956419720367	2014.4888527582225	4.483085286621594	2102.
7424.951976989115	2018.9757411421997	4.49069316126073	2103.
7440.976353132721	2023.4702424419688	4.49831111956972	2104.
7457.029585559565	2027.9723667452931	4.505939169741025	2105.
7473.111711702623	2032.4821241481359	4.513577319967122	2106.
7489.222769019443	2036.999524754644	4.521225578440478	2107.
7505.362794992143	2041.5245786771625	4.528883953353561	2108.
7521.531827127434	2046.0572960362292	4.536552452898845	2109.
7537.729902956589	2050.5976869605684	4.5442310852687955	2110.
7553.957060035475	2055.1457615871054	4.551919858655888	2111.
7570.213335944511	2059.7015300609496	4.559618781252586	2112.
7586.498768288728	2064.2650025354105	4.567327861251367	2113.
7602.813394697699	2068.836189171985	4.575047106844694	2114.
7619.157252825593	2073.415100140364	4.582776526225039	2115.
7635.530380351165	2078.0017456184282	4.590516127584874	2116.
7651.9328149777275	2082.596135792255	4.598265919116666	2117.
7668.364594433182	2087.1982808561147	4.606025909012888	2118.
7684.82575647	2091.808191012467	4.6137961054660055	2119.
7701.31633886524	2096.4258764719634	4.621576516668493	2120.
7717.8363794205325	2101.0513474534528	4.629367150812818	2121.
7734.385915962088	2105.6846141839683	4.63716801609145	2122.
7750.96498634069	2110.325686898744	4.644979120696861	2123.
7767.573628431699	2114.974575841202	4.652800472821517	2124.
7784.211880135064	2119.6312912629587	4.660632080657893	2125.
7800.879779375298	2124.2958434238194	4.668473952398457	2126.
7817.577364101504	2128.9682425917854	4.676326096235679	2127.
7834.304672287336	2133.6484990430527	4.684188520362025	2128.
7851.061741931066	2138.3366230620036	4.692061232969972	2129.
7867.848611055513	2143.032624941217	4.699944242251985	2130.
7884.665317708071	2147.7365149814623	4.7078375564005315	2131.
7901.511899960746	2152.448303491705	4.715741183608091	2132.
7918.388395910082	2157.1680007890964	4.723655132067125	2133.
7935.29484367721	2161.8956171989857	4.731579409970101	2134.
7952.231281407863	2166.631163054916	4.739514025509499	2135.
7969.197747272331	2171.3746486986147	4.747458986877784	2136.
7986.194279465476	2176.1260844800127	4.755414302267426	2137.
8003.220916206741	2180.8854807572206	4.76337997987089	2138.
8020.277695740154	2185.6528478965574	4.771356027880651	2139.
8037.36465633433	2190.428196272517	4.779342454489181	2140.
8054.481836282437	2195.211536267797	4.787339267888947	2141.
8071.629273902231	2200.002878273289	4.795346476272418	2142.
8088.8070075360465	2204.802232688068	4.8033640878320645	2143.
8106.015075550802	2209.609609919409	4.81139211076036	2144.
8123.25351633797	2214.425020382777	4.819430553249766	2145.
8140.522368313639	2219.2484745018246	4.82747942349276	2146.
8157.821669918435	2224.0799827084093	4.835538729681809	2147.
8175.151459617592	2228.9195554425687	4.843608480009386	2148.
8192.511775900897	2233.767203152539	4.851688682667956	2149.
8209.902657282739	2238.622936294745	4.859779345849993	2150.
8227.324142302055	2243.4867653338106	4.8678804777479625	2151.
8244.776269522394	2248.358700742545	4.87599208655434	2152.
8262.259077531853	2253.2387530019532	4.884114180461592	2153.
8279.772604943115	2258.1269326012325	4.8922467676621855	2154.
8297.316890393457	2263.0232500377733	4.900389856348599	2155.
8314.891972544712	2267.9277158171562	4.908543454713297	2156.
8332.497890083287	2272.8403404531573	4.916707570948746	2157.
8350.134681720192	2277.7611344677425	4.924882213247421	2158.
8367.802386190997	2282.6901083910698	4.933067389801791	2159.
8385.501042255846	2287.627272761495	4.941263108804324	2160.
8403.23068869947	2292.572638125558	4.949469378447492	2161.
8420.991364331181	2297.5262150380013	4.957686206923767	2162.
8438.783107984857	2302.488014061747	4.965913602425615	2163.
8456.605958518947	2307.458045767926	4.974151573145504	2164.
8474.45995481651	2312.436320735842	4.982400127275912	2165.
8492.345135785132	2317.4228495530097	4.990659273009299	2166.
8510.26154035702	2322.417642815127	4.998929018538139	2167.
8528.209207488957	2327.420711126084	5.007209372054908	2168.
8546.188176162275	2332.4320650979625	5.015500341752069	2169.
8564.198485382894	2337.451715351044	5.023801935822092	2170.
8582.24017418132	2342.479672513795	5.032114162457446	2171.
8600.313281612642	2347.515947222877	5.040437029850607	2172.
8618.41784675651	2352.5605501231466	5.048770546194043	2173.
8636.55390871715	2357.613491867647	5.057114719680219	2174.
8654.721506623377	2362.67478311762	5.065469558501609	2175.
8672.920679628587	2367.744434542493	5.07383507085068	2176.
8691.151466910738	2372.822456819895	5.082211264919905	2177.
8709.413907672384	2377.908860635638	5.090598148901754	2178.
8727.708041140635	2383.0036566837316	5.098995730988695	2179.
8746.033906567196	2388.1068556663795	5.1074040193732	2180.
8764.391543228328	2393.218468293975	5.115823022247732	2181.
8782.780990424904	2398.3385052851036	5.12425274780477	2182.
8801.202287482345	2403.4669773665437	5.132693204236779	2183.
8819.65547375067	2408.603895273266	5.141144399736235	2184.
8838.140588604447	2413.7492697484367	5.149606342495599	2185.
8856.657671442852	2418.903111543408	5.158079040707347	2186.
8875.206761689617	2424.065431417732	5.166562502563946	2187.
8893.787898793062	2429.2362401391483	5.175056736257866	2188.
8912.401122226081	2434.415548483593	5.183561749981577	2189.
8931.046471486163	2439.603367235184	5.192077551927555	2190.
8949.723986095321	2444.799707186252	5.200604150288258	2191.
8968.433705600222	2450.0045791372977	5.209141553256168	2192.
8987.175669572041	2455.2179938970303	5.217689769023745	2193.
9005.949917606576	2460.439962282343	5.226248805783463	2194.
9024.75648932419	2465.6704951183256	5.234818671727798	2195.
9043.595424369802	2470.9096032382586	5.243399375049208	2196.
9062.466762412943	2476.1572974836145	5.251990923940172	2197.
9081.370543147696	2481.4135887040584	5.260593326593154	2198.
9100.306806292734	2486.678487757452	5.26920659120063	2199.
9119.275591591308	2491.9520055098437	5.277830725955068	2200.
9138.276938811228	2497.2341528354746	5.286465739048934	2201.
9157.310887744914	2502.524940616783	5.295111638674703	2202.
9176.377478209324	2507.8243797443993	5.303768433024841	2203.
9195.476750046022	2513.132481117139	5.312436130291816	2204.
9214.608743121156	2518.4492556420173	5.321114738668106	2205.
9233.773497325416	2523.774714234244	5.329804266346175	2206.
9252.971052574101	2529.108867817211	5.338504721518493	2207.
9272.201448807078	2534.451727322509	5.347216112377531	2208.
9291.464725988793	2539.803303689925	5.355938447115761	2209.
9310.760924108263	2545.163607867431	5.364671733925652	2210.
9330.090083179068	2550.5326508111966	5.373415980999667	2211.
9349.452243239408	2555.9104434855817	5.382171196530285	2212.
9368.847444352028	2561.2969968631414	5.390937388709972	2213.
9388.27572660426	2566.6923219246173	5.3997145657312	2214.
9407.73713010801	2572.0964296589473	5.408502735786437	2215.
9427.231694999764	2577.5093310632656	5.417301907068154	2216.
9446.759461440583	2582.93103714289	5.42611208776882	2217.
9466.320469616094	2588.3615589113406	5.4349332860809	2218.
9485.914759736548	2593.8009073903195	5.443765510196876	2219.
9505.542372036707	2599.24909360973	5.452608768309206	2220.
9525.203346775965	2604.706128607668	5.461463068610371	2221.
9544.897724238257	2610.172023430412	5.47032841929283	2222.
9564.625544732113	2615.6467891324455	5.47920482854906	2223.
9584.38684859064	2621.1304367764333	5.488092304571527	2224.
9604.18167617152	2626.6229774332414	5.496990855552701	2225.
9624.010067857012	2632.1244221819206	5.505900489685054	2226.
9643.872064053947	2637.634782109726	5.5148212151610565	2227.
9663.767705193746	2643.1540683120884	5.523753040173176	2228.
9683.697031732405	2648.6822918926473	5.532695972913887	2229.
9703.660084150482	2654.2194639632253	5.541650021575654	2230.
9723.656902953127	2659.7655956438366	5.550615194350948	2231.
9743.687528670065	2665.3206980626946	5.559591499432239	2232.
9763.752001855599	2670.884782356199	5.568578945012	2233.
9783.8503630886	2676.457859668949	5.577577539282698	2234.
9803.982652972529	2682.039941153729	5.586587290436805	2235.
9824.148912135417	2687.631037971514	5.595608206666785	2236.
9844.349181229885	2693.2311612914846	5.604640296165119	2237.
9864.583500933106	2698.8403222909983	5.613683567124264	2238.
9884.851911946851	2704.458532155618	5.622738027736698	2239.
9905.154454997471	2710.0858020790865	5.631803686194893	2240.
9925.491170835876	2715.7221432633523	5.640880550691312	2241.
9945.86210023757	2721.367566918546	5.649968629418428	2242.
9966.267284002617	2727.022084262996	5.659067930568709	2243.
9986.706762955682	2732.6857065232234	5.6681784623346285	2244.
10007.180577945997	2738.358444933937	5.677300232908657	2245.
10027.688769847353	2744.0403107380425	5.686433250483258	2246.
10048.23137955816	2749.731315186633	5.695577523250909	2247.
10068.808448001353	2755.431469539005	5.704733059404074	2248.
10089.42001612449	2761.140785062633	5.7138998671352255	2249.
10110.066124899678	2766.8592730331984	5.7230779546368336	2250.