9.742712e-8	7.78799e-13	1.047129e-10	930.428808666363
9.969651e-8	8.092866e-13	1.0715190000000001e-10	930.4297850677403
1.020188e-7	8.409501e-13	1.096478e-10	930.4303501766565
1.043951e-7	8.73834e-13	1.1220180000000002e-10	930.4304728979391
1.068268e-7	9.079846e-13	1.148154e-10	930.4301338026083
1.093151e-7	9.434498e-13	1.174898e-10	930.4300752048265
1.118614e-7	9.802794e-13	1.202264e-10	930.4310890070733
1.14467e-7	1.018525e-12	1.230269e-10	930.4308124889759
1.171333e-7	1.05824e-12	1.258925e-10	930.4315844073315
1.198618e-7	1.09948e-12	1.28825e-10	930.4319773335923
1.226537e-7	1.142303e-12	1.318257e-10	930.4319438698221
1.255107e-7	1.186768e-12	1.348963e-10	930.4323896800727
1.284343e-7	1.232937e-12	1.380384e-10	930.4333644623524
1.314259e-7	1.280874e-12	1.412538e-10	930.4328865772108
1.344873e-7	1.330647e-12	1.4454399999999998e-10	930.4338516091987
1.376199e-7	1.382322e-12	1.479108e-10	930.4343044726957
1.408255e-7	1.435974e-12	1.513561e-10	930.4344917317505
1.441058e-7	1.491674e-12	1.548817e-10	930.4345941063405
1.474625e-7	1.549501e-12	1.584893e-10	930.435363781656
1.508974e-7	1.609534e-12	1.62181e-10	930.4358065001448
1.544122e-7	1.671855e-12	1.6595870000000001e-10	930.4355351964074
1.58009e-7	1.736551e-12	1.698244e-10	930.4360065514733
1.616896e-7	1.80371e-12	1.737801e-10	930.43682049901
1.654558e-7	1.873423e-12	1.7782789999999997e-10	930.4370878979058
1.693098e-7	1.945787e-12	1.8197010000000002e-10	930.4371750468895
1.732536e-7	2.0209e-12	1.862087e-10	930.4378415186832
1.772893e-7	2.098865e-12	1.905461e-10	930.4383499058758
1.814189e-7	2.179788e-12	1.9498450000000002e-10	930.4384696629733
1.856447e-7	2.263778e-12	1.9952619999999999e-10	930.4390289495815
1.89969e-7	2.350951e-12	2.041738e-10	930.4394146114731
1.94394e-7	2.441423e-12	2.089296e-10	930.4399253289146
1.989221e-7	2.535318e-12	2.1379620000000003e-10	930.4404630110357
2.035557e-7	2.632763e-12	2.187762e-10	930.4409381047847
2.082971e-7	2.733888e-12	2.238721e-10	930.441238046188
2.131491e-7	2.838831e-12	2.290868e-10	930.4418186949225
2.18114e-7	2.947732e-12	2.344229e-10	930.4421527589667
2.231946e-7	3.060738e-12	2.398833e-10	930.4426808285529
2.2839360000000003e-7	3.178e-12	2.454709e-10	930.4433967529349
2.337136e-7	3.299676e-12	2.511886e-10	930.443896243699
2.391576e-7	3.425927e-12	2.570396e-10	930.4442814531302
2.447283e-7	3.556923e-12	2.630268e-10	930.4445665726839
2.504289e-7	3.692838e-12	2.691535e-10	930.4452397535234
2.562622e-7	3.833852e-12	2.754229e-10	930.445630526728
2.622314e-7	3.980154e-12	2.818383e-10	930.4462174019641
2.683397e-7	4.131936e-12	2.884032e-10	930.4467909371325
2.745902e-7	4.289401e-12	2.951209e-10	930.4474518781965
2.809863e-7	4.452756e-12	3.019952e-10	930.4477447191213
2.875314e-7	4.622216e-12	3.090295e-10	930.448459503057
2.94229e-7	4.798006e-12	3.162278e-10	930.4488663109314
3.010826e-7	4.980355e-12	3.2359370000000006e-10	930.4494505146422
3.080958e-7	5.169504e-12	3.3113109999999996e-10	930.4501132753766
3.152724e-7	5.3657e-12	3.3884420000000004e-10	930.4505306568625
3.226162e-7	5.5692e-12	3.4673690000000003e-10	930.4512130090568
3.30131e-7	5.780271e-12	3.548134e-10	930.4518382648456
3.378209e-7	5.999186e-12	3.6307810000000007e-10	930.4524265881088
3.456899e-7	6.226231e-12	3.715352e-10	930.4532282028728
3.537422e-7	6.461702e-12	3.801894e-10	930.4537730457502
3.619821e-7	6.705902e-12	3.890451e-10	930.4546077100059
3.704139e-7	6.95915e-12	3.9810719999999997e-10	930.4550612247153
3.790421e-7	7.221772e-12	4.0738029999999993e-10	930.4556989427324
3.878713e-7	7.494107e-12	4.168694e-10	930.456382999088
3.969062e-7	7.776505e-12	4.265795e-10	930.4572219363565
4.061515e-7	8.069331e-12	4.365158e-10	930.4578879641928
4.156121e-7	8.372959e-12	4.466836e-10	930.4583220852522
4.252932e-7	8.68778e-12	4.570882e-10	930.4591275381862
4.351997e-7	9.014195e-12	4.677351000000001e-10	930.459814102042
4.453371e-7	9.352621e-12	4.786301e-10	930.4606054257767
4.557105e-7	9.703489e-12	4.897788e-10	930.4612684113728
4.6632559999999994e-7	1.006725e-11	5.011871999999999e-10	930.4620454193562
4.77188e-7	1.044435e-11	5.128614e-10	930.4627806849962
4.883034e-7	1.083529e-11	5.248075e-10	930.4635228917269
4.996777e-7	1.124055e-11	5.370318e-10	930.4643422419305
5.113169e-7	1.166065e-11	5.495409e-10	930.4649765831806
5.232273e-7	1.209611e-11	5.623413e-10	930.465886304278
5.354151e-7	1.254748e-11	5.754399000000001e-10	930.4666698989764
5.478868e-7	1.301533e-11	5.888436999999999e-10	930.4673130238125
5.606491e-7	1.350025e-11	6.025595999999999e-10	930.4682893609197
5.737086e-7	1.400285e-11	6.16595e-10	930.469113194236
5.870723e-7	1.452374e-11	6.309573e-10	930.4699759238857
6.007473e-7	1.506358e-11	6.456542e-10	930.4707745725187
6.147409e-7	1.562305e-11	6.606934000000001e-10	930.4717181222031
6.290604e-7	1.620283e-11	6.760829999999999e-10	930.4724461789453
6.437135e-7	1.680365e-11	6.918309999999999e-10	930.4733434176845
6.587079e-7	1.742624e-11	7.079458e-10	930.4742343834796
6.740516e-7	1.807139e-11	7.244359999999999e-10	930.4751163525833
6.897527e-7	1.873987e-11	7.413102e-10	930.4761216964235
7.058195e-7	1.943253e-11	7.585775999999999e-10	930.4768985137447
7.222606e-7	2.01502e-11	7.762471000000001e-10	930.4778725743387
7.390847e-7	2.089377e-11	7.943281999999999e-10	930.4788546724138
7.563007e-7	2.166414e-11	8.128305e-10	930.4798037721271
7.739177e-7	2.246226e-11	8.317638000000001e-10	930.4806992802523
7.919451e-7	2.32891e-11	8.51138e-10	930.4817657066186
8.103925e-7	2.414567e-11	8.709636e-10	930.482795917074
8.292695e-7	2.5033e-11	8.912509e-10	930.4838098901218
8.485863e-7	2.595218e-11	9.120107999999999e-10	930.4848716484498
8.68353e-7	2.690431e-11	9.332542999999998e-10	930.4858325431771
8.885802e-7	2.789054e-11	9.549926e-10	930.486886013567
9.092785e-7	2.891207e-11	9.772372e-10	930.4879225535009
9.304590000000001e-7	2.997011e-11	1.0000000000000003e-9	930.48897011
9.521329e-7	3.106595e-11	1.023293e-9	930.4900609600573
9.743117e-7	3.220089e-11	1.047129e-9	930.4907999778443
9.970071e-7	3.33763e-11	1.071519e-9	930.4925776397806
1.020231e-6	3.459357e-11	1.096478e-9	930.4934468087824
1.043996e-6	3.585415e-11	1.122018e-9	930.4947462072801
1.068315e-6	3.715955e-11	1.148154e-9	930.4955254695799
1.0932e-6	3.851132e-11	1.174898e-9	930.4965293327591
1.118665e-6	3.991105e-11	1.202264e-9	930.4985519403393
1.144723e-6	4.13604e-11	1.230269e-9	930.4992326068526
1.171388e-6	4.286109e-11	1.2589250000000002e-9	930.5009123577655
1.198674e-6	4.441488e-11	1.28825e-9	930.5013893887057
1.226596e-6	4.60236e-11	1.3182569999999998e-9	930.5029471491522
1.255168e-6	4.768913e-11	1.348963e-9	930.5041644062884
1.284406e-6	4.941343e-11	1.380384e-9	930.5058689683452
1.314324e-6	5.119851e-11	1.412538e-9	930.5060809054341
1.34494e-6	5.304646e-11	1.4454400000000001e-9	930.5076976284039
1.376269e-6	5.495944e-11	1.479108e-9	930.5094417987057
1.408328e-6	5.693966e-11	1.513561e-9	930.51085464015
1.441133e-6	5.898942e-11	1.548817e-9	930.5114738668287
1.474703e-6	6.11111e-11	1.584893e-9	930.5133602710088
1.509055e-6	6.330715e-11	1.62181e-9	930.5148612661162
1.544207e-6	6.558011e-11	1.659587e-9	930.5161947580934
1.580177e-6	6.79326e-11	1.6982440000000002e-9	930.5170120430279
1.616986e-6	7.036732e-11	1.7378010000000003e-9	930.5187229838168
1.654652e-6	7.288706e-11	1.778279e-9	930.520400375869
1.693196e-6	7.549472e-11	1.819701e-9	930.5218245854677
1.732637e-6	7.819327e-11	1.8620869999999998e-9	930.523221133062
1.772997e-6	8.098581e-11	1.905461e-9	930.5244168261643
1.814298e-6	8.38755e-11	1.949845e-9	930.5262087499264
1.85656e-6	8.686564e-11	1.995262e-9	930.5278533044784
1.8998069999999998e-6	8.995962e-11	2.041738e-9	930.5292645873271
1.944061e-6	9.316096e-11	2.089296e-9	930.5307438295005
1.989346e-6	9.647326e-11	2.1379620000000006e-9	930.5321952682041
2.035687e-6	9.990029e-11	2.187762e-9	930.5339887474048
2.083106e-6	1.034459e-10	2.238721e-9	930.5355360940467
2.13163e-6	1.071141e-10	2.290868e-9	930.536859434939
2.181285e-6	1.109089e-10	2.344229e-9	930.5387438257952
2.232096e-6	1.148347e-10	2.398833e-9	930.5403230237371
2.284091e-6	1.188959e-10	2.454709e-9	930.5420299921495
2.337297e-6	1.230969e-10	2.511886e-9	930.5438610271327
2.391743e-6	1.274425e-10	2.5703959999999997e-9	930.545504467016
2.447457e-6	1.319375e-10	2.630268e-9	930.5473577217227
2.504468e-6	1.365869e-10	2.691535e-9	930.5487712030496
2.562808e-6	1.413959e-10	2.754229e-9	930.5505809066713
2.622507e-6	1.463698e-10	2.818383e-9	930.5525082290093
2.683597e-6	1.515141e-10	2.8840319999999994e-9	930.5543468657769
2.746109e-6	1.568345e-10	2.9512089999999995e-9	930.5562006960538
2.810078e-6	1.623369e-10	3.019952e-9	930.5579482389123
2.875537e-6	1.680272e-10	3.0902949999999996e-9	930.5600362424946
2.942521e-6	1.739118e-10	3.162278e-9	930.5617380255626
3.011065e-6	1.799971e-10	3.235937e-9	930.5635422135845
3.081206e-6	1.862899e-10	3.311311e-9	930.5656550834398
3.152981e-6	1.927969e-10	3.388442e-9	930.5674398145223
3.226428e-6	1.995252e-10	3.467369e-9	930.5694101781495
3.301586e-6	2.064823e-10	3.548134e-9	930.5715292319851
3.378494e-6	2.136757e-10	3.630781e-9	930.5732501354393
3.457195e-6	2.211132e-10	3.7153519999999994e-9	930.575652912564
3.537728e-6	2.288028e-10	3.801894e-9	930.5774445052913
3.620138e-6	2.36753e-10	3.890451e-9	930.579707339843
3.704468e-6	2.449722e-10	3.981072e-9	930.5817559190086
3.790762e-6	2.534695e-10	4.073803e-9	930.5838965458075
3.879066e-6	2.622538e-10	4.168694e-9	930.5859949902775
3.969427e-6	2.713348e-10	4.265795000000001e-9	930.5881634724594
4.061893e-6	2.807222e-10	4.365158e-9	930.5903067426196
4.156514e-6	2.90426e-10	4.466836e-9	930.5925773858721
4.253338e-6	3.004567e-10	4.570882e-9	930.5946766291495
4.352418e-6	3.108249e-10	4.677351e-9	930.5970034962097
4.453806e-6	3.215419e-10	4.786301e-9	930.599129035136
4.538835e-6	3.306119e-10	4.877671e-9	930.6010208355586
4.675023e-6	3.30612e-10	5.024015000107458e-9	930.601045558184
4.772363e-6	3.407815e-10	5.128614e-9	930.6030404120879
4.883534e-6	3.525066e-10	5.248075000000001e-9	930.6053184453347
4.997294e-6	3.646249e-10	5.370318e-9	930.6075775959636
5.113705e-6	3.771492e-10	5.4954089999999994e-9	930.6099235197962
5.232827e-6	3.900928e-10	5.623413e-9	930.6122621262211
5.354725e-6	4.034695e-10	5.754399e-9	930.6147296181581
5.479462e-6	4.172934e-10	5.888437e-9	930.6169520706429
5.607105e-6	4.31579e-10	6.025596000000001e-9	930.6194074411893
5.737721e-6	4.463415e-10	6.16595e-9	930.6217762875144
5.871381e-6	4.615965e-10	6.309573e-9	930.6244014452324
6.008154e-6	4.773598e-10	6.456542e-9	930.6268525473853
6.148113e-6	4.936482e-10	6.606933999999999e-9	930.6293430810722
6.291332e-6	5.104787e-10	6.76083e-9	930.631664854759
6.437888e-6	5.278688e-10	6.918310000000001e-9	930.634196617382
6.587859e-6	5.458369e-10	7.079458e-9	930.6368986015597
6.741322e-6	5.644017e-10	7.24436e-9	930.6393389754237
6.898361e-6	5.835826e-10	7.413102e-9	930.642068947655
7.059059e-6	6.033995e-10	7.585776e-9	930.6447223725035
7.2235e-6	6.238732e-10	7.762471e-9	930.6474540387977
7.391771e-6	6.450248e-10	7.943282e-9	930.6500795011433
7.563963e-6	6.668763e-10	8.128305e-9	930.6528084637573
7.740166e-6	6.894505e-10	8.317637999999998e-9	930.6554878320024
7.920474e-6	7.127707e-10	8.51138e-9	930.6583386830338
8.104983e-6	7.36861e-10	8.709636e-9	930.6611505922866
8.293789e-6	7.617464e-10	8.912509e-9	930.6639405805929
8.486994e-6	7.874525e-10	9.120108e-9	930.6667697904454
8.684701e-6	8.140058e-10	9.332543e-9	930.669701259346
8.887013e-6	8.414337e-10	9.549926e-9	930.6725972222193
9.094038e-6	8.697645e-10	9.772371999999998e-9	930.6755580426126
9.305886e-6	8.990271e-10	1.e-8	930.67850271
9.522669e-6	9.292518e-10	1.023293e-8	930.6814618882372
9.744502e-6	9.604694e-10	1.047129e-8	930.6840388720016
9.971504e-6	9.927119e-10	1.071519e-8	930.6878097261924
0.00001020379	1.026012e-9	1.0964780000000002e-8	930.6904481439664
0.00001044149	1.060405e-9	1.1220179999999998e-8	930.6936613316362
0.00001068473	1.095924e-9	1.148154e-8	930.6962240256969
0.00001093364	1.132607e-9	1.174898e-8	930.6997379346973
0.00001118834	1.170491e-9	1.202264e-8	930.7032807270284
0.00001144898	1.209614e-9	1.230269e-8	930.7061800305462
0.00001171569	1.250016e-9	1.258925e-8	930.7099323629286
0.00001198861	1.291738e-9	1.28825e-8	930.7123413933631
0.00001226789	1.334822e-9	1.318257e-8	930.7156967116427
0.00001255368	1.379313e-9	1.3489630000000002e-8	930.7193238806401
0.00001284613	1.425255e-9	1.3803840000000001e-8	930.7232809855808
0.00001314539	1.472695e-9	1.4125379999999998e-8	930.7263022304534
0.00001345162	1.52168e-9	1.44544e-8	930.729859419969
0.00001376498	1.57226e-9	1.479108e-8	930.733405539014
0.00001408565	1.624487e-9	1.513561e-8	930.7371481559052
0.00001441378	1.678413e-9	1.548817e-8	930.7399397733883
0.00001474956	1.734091e-9	1.584893e-8	930.7438477550221
0.00001509316	1.791579e-9	1.6218099999999996e-8	930.7472255689632
0.00001544477	1.850934e-9	1.6595870000000003e-8	930.7508997117957
0.00001580457	1.912216e-9	1.6982440000000004e-8	930.7544861633544
0.00001617275	1.975486e-9	1.737801e-8	930.7582102899008
0.00001654951	2.040808e-9	1.778279e-8	930.7623161494905
0.00001693504	2.108247e-9	1.819701e-8	930.7654525111543
0.00001732956	2.17787e-9	1.8620870000000003e-8	930.7695005657631
0.00001773327	2.249748e-9	1.9054609999999996e-8	930.7731697473735
0.00001814639	2.323952e-9	1.949845e-8	930.7772644492253
0.00001856912	2.400556e-9	1.995262e-8	930.7810481029559
0.00001900171	2.479638e-9	2.041738e-8	930.7849311713843
0.00001944438	2.561274e-9	2.089296e-8	930.7891880327153
0.00001989735	2.645548e-9	2.137962e-8	930.7927618919325
0.00002036089	2.732543e-9	2.187762e-8	930.7969762250191
0.00002083522	2.822346e-9	2.238721e-8	930.801218463578
0.0000213206	2.915045e-9	2.290868e-8	930.8050505310651
0.00002181729	3.010733e-9	2.344229e-8	930.8092653490764
0.00002232555	3.109505e-9	2.398833e-8	930.8134207341653
0.00002284565	3.211459e-9	2.4547090000000004e-8	930.8175208955521
0.00002337787	3.316696e-9	2.5118860000000003e-8	930.8219678759307
0.00002392249	3.42532e-9	2.5703959999999997e-8	930.8260408123884
0.0000244798	3.53744e-9	2.6302680000000005e-8	930.8305252544607
0.00002505009	3.653165e-9	2.691535e-8	930.8347528454952
0.00002563367	3.77261e-9	2.754229e-8	930.8391789498985
0.00002623084	3.895894e-9	2.8183830000000005e-8	930.8435331181034
0.00002684193	4.023137e-9	2.8840320000000005e-8	930.8479634414597
0.00002746725	4.154466e-9	2.9512090000000002e-8	930.852557917789
0.00002810714	4.29001e-9	3.019952e-8	930.8568483869942
0.00002876195	4.429903e-9	3.090295e-8	930.8619372260578
0.000029432	4.574283e-9	3.162278e-8	930.8661124354026
0.00003011767	4.723291e-9	3.235937e-8	930.8708201364859
0.00003081931	4.877074e-9	3.311311e-8	930.8756282330471
0.0000315373	5.035783e-9	3.388442e-8	930.8802034386305
0.00003227202	5.199575e-9	3.4673690000000004e-8	930.8850478561699
0.00003302385	5.36861e-9	3.548134e-8	930.8898313874276
0.00003379321	5.543054e-9	3.630781000000001e-8	930.8948420188383
0.00003458048	5.723078e-9	3.715352e-8	930.8997661056071
0.0000353861	5.908859e-9	3.801894e-8	930.9046716978434
0.00003621049	6.100579e-9	3.890451e-8	930.9098245678972
0.00003705408	6.298425e-9	3.981072e-8	930.9145482674014
0.00003791733	6.502591e-9	4.073803e-8	930.9196490601042
0.0000388007	6.713277e-9	4.168694e-8	930.9249677956693
0.00003970464	6.930689e-9	4.265795e-8	930.9301241386424
0.00004062964	7.155039e-9	4.3651580000000004e-8	930.9352614269632
0.0000415762	7.386547e-9	4.466836000000001e-8	930.9405258442439
0.00004254481	7.625437e-9	4.570882e-8	930.9458313953413
0.00004353598	7.871944e-9	4.677351000000001e-8	930.9511290471894
0.00004455025	8.126309e-9	4.786301e-8	930.9564172625165
0.00004558815	8.388777e-9	4.897787999999999e-8	930.9618704811234
0.00004665024	8.659607e-9	5.011872e-8	930.9675029011116
0.00004773706	8.93906e-9	5.1286140000000005e-8	930.9727552122268
0.00004884922	9.22741e-9	5.248074999999999e-8	930.9784522896492
0.00004998728	9.524937e-9	5.370317999999999e-8	930.984067181869
0.00005115186	9.831929e-9	5.495409e-8	930.9897030230143
0.00005234357	1.014869e-8	5.623413e-8	930.9954415583561
0.00005356305	1.047552e-8	5.7543990000000006e-8	931.0012308844068
0.00005481094	1.081274e-8	5.888436999999999e-8	931.0068654890932
0.00005608791	1.116067e-8	6.025596e-8	931.0128105170013
0.000057394629999999996	1.151966e-8	6.16595e-8	931.0187345015772
0.00005873179	1.189006e-8	6.309573e-8	931.0246519059214
0.00006010011	1.227221e-8	6.456542e-8	931.0306075605178
0.00006150031	1.26665e-8	6.606934e-8	931.0366427150628
0.00006293314	1.30733e-8	6.76083e-8	931.0426870665287
0.00006439935	1.349302e-8	6.91831e-8	931.0488113426546
0.00006589972	1.392604e-8	7.079457999999999e-8	931.0549768075465
0.00006743505	1.43728e-8	7.24436e-8	931.0611675841619
0.00006900616	1.483373e-8	7.413102e-8	931.0676384865607
0.00007061387	1.530926e-8	7.585776e-8	931.0738843329938
0.00007225904	1.579987e-8	7.762470999999999e-8	931.0803205577195
0.00007394254	1.630602e-8	7.943281999999999e-8	931.0867475182173
0.00007566527	1.682821e-8	8.128305e-8	931.0932378890802
0.00007742814	1.736693e-8	8.317638000000002e-8	931.0997536800711
0.00007923208	1.792272e-8	8.51138e-8	931.1063860384567
0.00008107806	1.849609e-8	8.709636e-8	931.1130349190254
0.00008296705	1.908762e-8	8.912509e-8	931.1198184484302
0.00008490005	1.969786e-8	9.120108000000001e-8	931.1265596854773
0.00008687809	2.03274e-8	9.332543e-8	931.1333191821351
0.00008890223	2.097686e-8	9.549926000000002e-8	931.1402712439865
0.00009097352	2.164686e-8	9.772372e-8	931.1471857600181
0.00009309308	2.233804e-8	9.999999999999998e-8	931.1541804000001
0.00009526202	2.305107e-8	1.0232929999999999e-7	931.1611734859908
0.00009748151	2.378664e-8	1.0471290000000001e-7	931.1679519906335
0.0000997527	2.454544e-8	1.071519e-7	931.1756995442918
0.0001020768	2.532822e-8	1.0964780000000002e-7	931.1826431538069
0.0001044551	2.613572e-8	1.1220180000000002e-7	931.1903705644651
0.0001068888	2.696873e-8	1.148154e-7	931.1971105792429
0.0001093792	2.782803e-8	1.174898e-7	931.2044792824568
0.0001119276	2.871447e-8	1.202264e-7	931.2123998556058
0.0001145354	2.962888e-8	1.230269e-7	931.2193421113595
0.000117204	3.057214e-8	1.2589249999999996e-7	931.2276119705305
0.0001199348	3.154517e-8	1.28825e-7	931.2349712400544
0.0001227291	3.254889e-8	1.318257e-7	931.242154526773
0.0001255886	3.358427e-8	1.348963e-7	931.2500362871333
0.0001285148	3.465231e-8	1.3803839999999998e-7	931.2586375240514
0.0001315091	3.575401e-8	1.412538e-7	931.265948314311
0.0001345732	3.689045e-8	1.44544e-7	931.2741480102943
0.0001377086	3.806271e-8	1.479108e-7	931.281980152903
0.0001409172	3.927191e-8	1.513561e-7	931.2903273141949
0.0001442005	4.051922e-8	1.548817e-7	931.2980114500293
0.0001475603	4.180582e-8	1.584893e-7	931.3064403716844
0.0001509984	4.313295e-8	1.62181e-7	931.314598812438
0.0001522496	4.361852e-8	1.6352440000000002e-7	931.3180083216938
0.0001581168	4.397829e-8	1.698244e-7	931.3195176311532
0.0001618009	4.537383e-8	1.7378009999999998e-7	931.3280049326708
0.0001655708	4.681333e-8	1.778279e-7	931.336496297825
0.0001694285	4.829814e-8	1.8197010000000003e-7	931.3442051194124
0.0001733762	4.982969e-8	1.862087e-7	931.3529909719579
0.0001774158	5.140945e-8	1.905461e-7	931.3610168352959
0.0001815496	5.303892e-8	1.949845e-7	931.3696161489759
0.0001857796	5.471966e-8	1.995262e-7	931.378032859845
0.0001901083	5.645329e-8	2.0417380000000003e-7	931.3866582783883
0.0001945378	5.824145e-8	2.089296e-7	931.3952711822548
0.0001990706	6.008585e-8	2.1379619999999998e-7	931.4042337983557
0.000203709	6.198825e-8	2.1877620000000004e-7	931.4129610533503
0.0002084554	6.395048e-8	2.238721e-7	931.421782705393
0.0002133125	6.597441e-8	2.290868e-7	931.4306822130301
0.0002182827	6.806196e-8	2.3442290000000002e-7	931.4395562890827
0.0002233688	7.021512e-8	2.398833e-7	931.4488133188096
0.0002285734	7.243597e-8	2.454709e-7	931.458009768164
0.0002338992	7.47266e-8	2.511886e-7	931.4671390341758
0.0002393492	7.708921e-8	2.570396e-7	931.4762752898774
0.0002449262	7.952605e-8	2.630268e-7	931.4857879501252
0.0002506332	8.203945e-8	2.691535e-7	931.4953714144532
0.0002564731	8.463179e-8	2.754229e-7	931.5047216117468
0.0002624491	8.730556e-8	2.818383e-7	931.5142958213982
0.0002685644	9.006329e-8	2.884032e-7	931.5238641249474
0.0002748222	9.290762e-8	2.951209e-7	931.5338480602355
0.0002812258	9.584125e-8	3.019952e-7	931.5434193987189
0.0002877787	9.886699e-8	3.090295e-7	931.5536768819806
0.0002944843	1.019877e-7	3.1622779999999993e-7	931.5635364759203
0.0003013461	1.052064e-7	3.235937e-7	931.5734713005846
0.0003083678	1.085261e-7	3.311311e-7	931.5836721467721
0.0003155532	1.119499e-7	3.388442e-7	931.5937823341818
0.000322906	1.154813e-7	3.4673689999999997e-7	931.603995132909
0.0003304302	1.191234e-7	3.548134e-7	931.6145427427488
0.0003381298	1.228797e-7	3.630781e-7	931.6251233550028
0.0003460087	1.267539e-7	3.715352e-7	931.6356940069205
0.0003540713	1.307497e-7	3.801894e-7	931.646304973258
0.0003623218	1.348707e-7	3.890451e-7	931.6572055527752
0.0003707645	1.39121e-7	3.9810719999999996e-7	931.6677040756862
0.000379404	1.435046e-7	4.073803e-7	931.6785927056364
0.0003882449	1.480256e-7	4.1686939999999994e-7	931.6896985002976
0.0003972918	1.526884e-7	4.2657950000000004e-7	931.7008632622992
0.0004065495	1.574974e-7	4.365158e-7	931.7119733123062
0.000416023	1.624571e-7	4.466836e-7	931.7231640024393
0.0004257172	1.675723e-7	4.570882e-7	931.7343398932635
0.0004356374	1.728478e-7	4.677351e-7	931.7458702586143
0.0004457888	1.782886e-7	4.786301e-7	931.7572977545709
0.0004561768	1.839e-7	4.897788e-7	931.7689944930241
0.0004668068	1.896872e-7	5.011872000000001e-7	931.7805546510366
0.0004776847	1.956557e-7	5.128614e-7	931.7924018068038
0.000488816	2.018113e-7	5.248074999999999e-7	931.80415923934
0.0005002068	2.081596e-7	5.370318e-7	931.8162529667703
0.0005066057616841704	2.117539036182263e-7	5.438989824096581e-7	931.8228108160255
393.58670856091703	0.000191071968287528	0.42301738375085707	931.8236252063678
412.7002698302807	5.846369975502057	0.44290649714897645	945.
414.15083166941656	6.290043484482112	0.44444067141004107	946.
415.6037879803979	6.735251621296584	0.4459757545952425	947.
417.05915068478123	7.181995300201834	0.44751175736812554	948.
418.51693173611136	7.630275446116457	0.4490486903922317	949.
419.97714311992524	8.080092994624238	0.4505865643311049	950.
421.43979685375245	8.531448891971877	0.45212538984829065	951.
422.9049049871113	8.984344095068764	0.45366517760733194	952.
424.3724796015109	9.438779571488112	0.45520593827177214	953.
425.842532810448	9.894756299468327	0.4567476825051533	954.
427.31507675941714	10.352275267909363	0.45829042097102235	955.
428.7901236258964	10.811337476375911	0.4598341643329209	956.
430.267685619359	11.271943935094896	0.4613789232543928	957.
431.7477749812657	11.734095664958886	0.4629247083989818	958.
433.2304039850716	12.197793697521774	0.4644715304302327	959.
434.71558493621785	12.663039075002644	0.46601940001168796	960.
436.2033301721398	13.129832850283037	0.4675683278068914	961.
437.693652062262	13.598176086909007	0.4691183244793877	962.
439.1865630079998	14.068069859088837	0.47066940069271945	963.
440.68207544275936	14.539515251695548	0.4722215671104304	964.
442.1802018319371	15.012513360265757	0.47377483439606527	965.
443.68095467292085	15.487065290998316	0.475329213213167	966.
445.1843464950874	15.96317216075704	0.47688471422527856	967.
446.69038985980603	16.440835097068202	0.47844134809594463	968.
448.19909736043667	16.920055238122586	0.4799991254887095	969.
449.7104816223283	17.400833732774117	0.4815580570671161	970.
451.22455530281957	17.883171740540092	0.48311815349470644	971.
452.7413310912459	18.367070431601405	0.48467942543502796	972.
454.26082170892573	18.852530986802776	0.48624188355162223	973.
455.78303990917084	19.339554597651613	0.4878055385080313	974.
457.30799847728713	19.828142466319605	0.4893704009678017	975.
458.8357102305663	20.31829580564272	0.49093648159447634	976.
460.36618801829286	20.810015839118932	0.4925037910515986	977.
461.899444721741	21.30330380091027	0.49407234000271094	978.
463.4354932541771	21.798160935843498	0.495642139111359	979.
464.97434656085784	22.294588499407155	0.49721319904108663	980.
466.51601761902793	22.79258775775361	0.49878553045543494	981.
468.06051943792727	23.292159987700188	0.5003591440179505	982.
469.6078650587822	23.79330647672691	0.5019340503921761	983.
471.15806755481253	24.296028522976258	0.5035102602416552	984.
472.7111400312251	24.80032743525635	0.5050877842299304	985.
474.2670956252218	25.306204533037317	0.5066666330205467	986.
475.82594750599446	25.813661146452887	0.5082468172770489	987.
477.38770887472106	26.32269861630084	0.5098283476629777	988.
478.9523929645761	26.833318294042783	0.5114112348418796	989.
480.52001304071973	27.34552154180392	0.5129954894772966	990.
482.09058240030754	27.85930973237123	0.5145811222327739	991.
483.664114372481	28.374684249197344	0.516168143771853	992.
485.24062231837524	28.89164648639735	0.5177565647580793	993.
486.82011963111654	29.410197848750386	0.5193463958549969	994.
488.40261973581846	29.93033975169874	0.5209376477261478	995.
489.9881360895879	30.452073621348745	0.5225303310350768	996.
491.57668218152276	30.975400894469203	0.5241244564453278	997.
493.16827153270856	31.5003230184941	0.5257200346204436	998.
494.76291769622435	32.026841451519886	0.5273170762239681	999.
496.3606342571402	32.554957662305696	0.5289155919194459	1000.
497.9614348325126	33.084673130277	0.5305155923704192	1001.
499.565333071394	33.615989345519665	0.5321170882404327	1002.
501.1723426548242	34.148907808785225	0.5337200901930306	1003.
502.78247729583586	34.68343003148789	0.5353246088917567	1004.
504.39575073944684	35.219557535705235	0.5369306550001514	1005.
506.01217676267447	35.75729185417936	0.5385382391817632	1006.
507.6317691745194	36.29663453031435	0.5401473721001326	1007.
509.2545418159757	36.83758711817927	0.5417580644188047	1008.
510.88050856002747	37.380151182506324	0.5433703268013219	1009.
512.5096833116511	37.92432829869108	0.5449841699112299	1010.
514.1420800078106	38.47012005279271	0.5465996044120707	1011.
515.7777126174631	39.017528041533524	0.5482166409673881	1012.
517.4165951415564	39.56655387230035	0.5498352902407273	1013.
519.0587416130268	40.11719916314246	0.5514555628956304	1014.
520.704166096803	40.669465542773196	0.5530774695956415	1015.
522.3528826898023	41.223354650569945	0.5547010210043033	1016.
524.0049055209372	41.77886813657278	0.5563262277851622	1017.
525.6602487511057	42.33600766148561	0.5579531006017597	1018.
527.3189265731992	42.894774896675926	0.5595816501176398	1019.
528.9809532121001	43.45517152417506	0.561211886996348	1020.
530.6463429246778	44.0171992366777	0.5628438219014256	1021.
532.3151099997972	44.58085973754123	0.5644774654964171	1022.
533.9872687583088	45.14615474078823	0.5661128284448651	1023.
535.6628335530604	45.71308597110328	0.5677499214103161	1024.
537.3418187688849	46.28165516383524	0.5693887550563121	1025.
539.0242388226043	46.851864064997244	0.5710293400463953	1026.
540.7101081630403	47.42371443126399	0.5726716870441133	1027.
542.3994412709951	47.99720802997558	0.5743158067130065	1028.
544.0922526592665	48.572346639135276	0.5759617097166196	1029.
545.7885568726422	49.14913204740833	0.5776094067184956	1030.
547.4883684879017	49.72756605412587	0.57925890838218	1031.
549.1917021138124	50.30765046928127	0.5809102253712148	1032.
550.8985723911339	50.88938711353126	0.5825633683491436	1033.
552.6089939926187	51.472777818196846	0.5842183479795122	1034.
554.3229816230053	52.057824425262424	0.5858751749258624	1035.
556.0405500190254	52.64452878737552	0.5875338598517383	1036.
557.7617139494014	53.232892767846806	0.589194413420683	1037.
559.486488214847	53.82291824065214	0.590856846296242	1038.
561.2148876480633	54.4146070904294	0.5925211691419565	1039.
562.9469271137468	55.00796121248095	0.594187392621373	1040.
564.6826215085807	55.60298251277118	0.5958555273980326	1041.
566.4219857612413	56.199672907930335	0.5975255841354814	1042.
568.1650348323933	56.79803432525023	0.5991975734972614	1043.
569.9117837146925	57.3980687026874	0.6008715061469156	1044.
571.662247432788	57.9997779888613	0.6025473927479896	1045.
573.4164410433168	58.60316414305521	0.6042252439640268	1046.
575.1743796349069	59.20822913521533	0.6059050704585696	1047.
576.9360783281786	59.8149749459526	0.6075868828951636	1048.
578.7015522757397	60.42340356654108	0.6092706919373505	1049.
580.4708166621913	61.03351699891732	0.610956508248675	1050.
582.2438867041255	61.645317255682585	0.6126443424926813	1051.
584.0207776501231	62.25880636010106	0.6143342053329128	1052.
585.8015047807557	62.87398634610145	0.616026107432913	1053.
587.5860834085861	63.49085925827467	0.6177200594562247	1054.
589.3745288781681	64.10942715187593	0.6194160720663926	1055.
591.1668565660457	64.72969209282428	0.6211141559269602	1056.
592.9630818807532	65.35165615770143	0.6228143217014708	1057.
594.7632202628174	65.97532143375292	0.6245165800534691	1058.
596.5672871847532	66.60069001888905	0.626220941646499	1059.
598.3752981510675	67.2277640216812	0.6279274171441025	1060.
600.187268698256	67.8565455613666	0.6296360172098234	1061.
602.0032143948092	68.48703676784498	0.6313467525072074	1062.
603.823150841205	69.11923978167943	0.6330596336997973	1063.
605.6470936699102	69.75315675409729	0.6347746714511349	1064.
607.475058545388	70.38878984698886	0.6364918764247669	1065.
609.3070611640867	71.02614123290869	0.6382112592842359	1066.
611.1431172544471	71.6652130950738	0.6399328306930845	1067.
612.9832425769009	72.30600762736594	0.6416566013148568	1068.
614.827452923872	72.94852703432935	0.6433825818130976	1069.
616.6757641197732	73.59277353117204	0.6451107828513507	1070.
618.528192021005	74.23874934376613	0.6468412150931568	1071.
620.3847525159645	74.88645670864753	0.6485738892020634	1072.
622.2454615250356	75.53589787301416	0.6503088158416119	1073.
624.1103350005951	76.1870750947287	0.6520460056753481	1074.
625.9793889270063	76.83999064231739	0.6537854693668126	1075.
627.852639320628	77.49464679496941	0.6555272175795515	1076.
629.730102229807	78.15104584253777	0.6572712609771076	1077.
631.6117937348797	78.80919008553974	0.6590176102230236	1078.
633.4977299481784	79.46908183515416	0.6607662759808459	1079.
635.3879270140196	80.1307234132264	0.6625172689141166	1080.
637.2824011087137	80.79411715226297	0.6642705996863798	1081.
639.1811684405602	81.4592653954337	0.6660262789611773	1082.
641.0842452498523	82.12617049657365	0.6677843174020555	1083.
642.9916478088717	82.794834820181	0.6695447256725577	1084.
644.9033924218875	83.46526074141639	0.6713075144362248	1085.
646.8194954251667	84.13745064610566	0.6730726943566041	1086.
648.7399731869609	84.81140693073621	0.6748402760972376	1087.
650.6648421075142	85.4871320024613	0.6766102703216688	1088.
652.5941186190626	86.16462827909572	0.6783826876934418	1089.
654.5278191858297	86.84389818911859	0.6801575388760996	1090.
656.4659603040359	87.52494417167281	0.6819348345331884	1091.
658.4085585018825	88.20776867656423	0.6837145853282478	1092.
660.3556303395712	88.89237416426295	0.6854968019248253	1093.
662.3071924092887	89.578763105902	0.687281494986463	1094.
664.2632613352116	90.26693798327847	0.6890686751767032	1095.
666.2238537735116	90.9569012888528	0.6908583531590917	1096.
668.1889864123495	91.64865552574861	0.6926505395971723	1097.
670.1586759718739	92.3422032077533	0.6944452451544874	1098.
672.1329392042253	93.03754685931835	0.6962424804945804	1099.
674.1117928935391	93.73468901555816	0.6980422562809974	1100.
676.095253855935	94.43363222225048	0.6998445831772799	1101.
678.0833389395252	95.13437903583736	0.7016494718469715	1102.
680.076065024417	95.83693202342283	0.7034569329536171	1103.
682.0734490227014	96.54129376277842	0.7052669771607607	1104.
684.0755078784655	97.24746684233355	0.7070796151319447	1105.
686.0822585677829	97.95545386118465	0.7088948575307121	1106.
688.093718098723	98.66525742909198	0.7107127150206098	1107.
690.1099035113411	99.37688016647735	0.712533198265179	1108.
692.1308318776828	100.09032470442776	0.7143563179279626	1109.
694.1565203017885	100.80559368469358	0.7161820846725067	1110.
696.1869859196872	101.52268975968809	0.7180105091623541	1111.
698.222245899397	102.24161559248796	0.7198416020610474	1112.
700.2623174409277	102.9623738568348	0.7216753740321313	1113.
702.3072177762815	103.68496723713133	0.7235118357391497	1114.
704.3569641694503	104.40939842844591	0.7253509978456467	1115.
706.4115739164135	105.13567013650982	0.727192871015164	1116.
708.4710643451449	105.86378507771815	0.7290374659112469	1117.
710.5354528156076	106.59374597912915	0.7308847931974389	1118.
712.6047567197566	107.32555557846445	0.7327348635372841	1119.
714.6789934815338	108.05921662410947	0.7345876875943245	1120.
716.758180556878	108.79473187511348	0.7364432760321065	1121.
718.8423354337115	109.53210410118845	0.7383016395141708	1122.
720.9314756319527	110.2713360827106	0.7401627887040636	1123.
723.0256187035084	111.01243061072	0.7420267342653277	1124.
725.1247822322748	111.75539048692008	0.7438934868615066	1125.
727.2289838341417	112.50021852367581	0.7457630571561435	1126.
729.3382411569846	113.24691754401988	0.7476354558127811	1127.
731.4525718806799	113.99549038164355	0.7495106934949676	1128.
733.5719937170816	114.74593988090601	0.7513887808662423	1129.
735.6965244100434	115.49826889682686	0.7532697285901508	1130.
737.826181735405	116.25248029509203	0.7551535473302362	1131.
739.9609835010001	117.00857695204763	0.7570402477500422	1132.
742.1009475466499	117.76656175470589	0.7589298405131117	1133.
744.2460917441686	118.52643760074261	0.7608223362829905	1134.
746.3964339973604	119.28820739849562	0.7627177457232213	1135.
748.5519922420194	120.051874066967	0.7646160794973471	1136.
750.712784445931	120.8174405358227	0.7665173482689127	1137.
752.8788286088707	121.584909745392	0.768421562701461	1138.
755.0501427626054	122.35428464666711	0.7703287334585358	1139.
757.2267449708897	123.12556820130499	0.7722388712036796	1140.
759.4086533294767	123.8987633816248	0.7741519866004394	1141.
761.5958859661	124.6738731706107	0.7760680903123562	1142.
763.7884610404908	125.45090056190907	0.7779871930029745	1143.
765.9863967443684	126.22984855983077	0.7799093053358384	1144.
768.1897113014429	127.01072017934939	0.7818344379744913	1145.
770.3984229674147	127.79351844610255	0.7837626015824757	1146.
772.6125500299736	128.57824639639193	0.785693806823335	1147.
774.8321108088057	129.36490707718167	0.7876280643606162	1148.
777.057123655582	130.15350354609973	0.7895653848578608	1149.
779.2876069539657	130.9440388714388	0.7915057789786126	1150.
781.5235791196119	131.7365161321527	0.793449257386416	1151.
783.7650586001641	132.53093841786176	0.7953958307448139	1152.
786.0120638752564	133.32730882884744	0.7973455097173496	1153.
788.2646134565148	134.1256304760559	0.7992983049675657	1154.
790.5227258875607	134.9259064810958	0.80125422715901	1155.
792.7864197439967	135.72813997624144	0.8032132869552235	1156.
795.055713633421	136.53233410442954	0.8051754950197498	1157.
797.3306261954235	137.33849201925887	0.8071408620161331	1158.
799.6111761015823	138.14661688499382	0.8091093986079172	1159.
801.8973820554679	138.9567118765608	0.8110811154586455	1160.
804.1892627926386	139.76878017955187	0.8130560232318609	1161.
806.486837080648	140.5828249902197	0.8150341325911081	1162.
808.7901237190376	141.39884951548356	0.8170154541999319	1163.
811.0991415393373	142.21685697292378	0.8189999987218739	1164.
813.413909405072	143.03685059078634	0.8209877768204792	1165.
815.7344462117544	143.85883360797834	0.8229787991592907	1166.
818.0607708868902	144.68280927407204	0.8249730764018528	1167.
820.3929023899691	145.50878084930446	0.8269706192117066	1168.
822.7308597124834	146.33675160457233	0.8289714382524003	1169.
825.074661877904	147.16672482144077	0.8309755441874742	1170.
827.424327941701	147.9987037921337	0.8329829476804735	1171.
829.7798769913297	148.8326918195421	0.8349936593949421	1172.
832.1413281462383	149.6686922172189	0.8370076899944219	1173.
834.5087005578653	150.50670830938134	0.8390250501424585	1174.
836.8820134096381	151.3467434309082	0.8410457505025928	1175.
839.2612859169826	152.18880092734435	0.8430698017383733	1176.
841.6465373273027	153.0328841548976	0.8450972145133395	1177.
844.0377869200033	153.87899648043822	0.847127999491037	1178.
846.4350540064747	154.7271412815021	0.84916216733501	1179.
848.838357930098	155.5773219462858	0.8511997287087998	1180.
851.247718066249	156.42954187365058	0.8532406942759523	1181.
853.6631538222869	157.28380447312293	0.8552850747000083	1182.
856.0846846375712	158.14011316489086	0.8573328806445155	1183.
858.5123299834445	158.99847137980623	0.8593841227730161	1184.
860.9461093632417	159.85888255938607	0.861438811749053	1185.
863.3860423122901	160.72135015580807	0.8634969582361705	1186.
865.8321483979043	161.58587763191645	0.8655585728979114	1187.
868.2844472193956	162.45246846121654	0.8676236663978214	1188.
870.7429584080555	163.32112612787932	0.8696922493994403	1189.
873.2077016271787	164.19185412673733	0.871764332566316	1190.
875.6786965720435	165.0646559632878	0.8738399265619914	1191.
878.1559629699182	165.93953515369185	0.8759190420500085	1192.
880.6395205800636	166.81649522477346	0.878001689693912	1193.
883.129389193733	167.69553971401956	0.8800878801572467	1194.
885.6255886341642	168.5766721695827	0.8821776241035537	1195.
888.1281387565909	169.4598961502761	0.8842709321963769	1196.
890.6370594482387	170.34521522557816	0.8863678150992627	1197.
893.152370628321	171.23263297563244	0.888468283475754	1198.
895.6740922480394	172.12215299124227	0.8905723479893926	1199.
898.2022442905909	173.01377887387798	0.8926800193037243	1200.
900.7368467711617	173.90751423567144	0.8947913080822922	1201.
903.277919736925	174.8033626994188	0.8969062249886388	1202.
905.8254832670486	175.70132789857917	0.8990247806863074	1203.
908.3795574726933	176.60141347727586	0.9011469858388446	1204.
910.9401624970033	177.50362309029606	0.9032728511097918	1205.
913.50731851512	178.40796040308942	0.9054023871626944	1206.
916.0810457341713	179.31442909176985	0.9075356046610947	1207.
918.6613643932774	180.22303284311465	0.9096725142685367	1208.
921.248294763549	181.13377535456448	0.9118131266485636	1209.
923.8418571480861	182.04666033422382	0.9139574524647189	1210.
926.4420718819842	182.96169150086052	0.9161055023805487	1211.
929.0489593323223	183.87887258390583	0.9182572870595944	1212.
931.6625398981764	184.7982073234548	0.9204128171654009	1213.
934.282834010608	185.7196994702672	0.9225721033615115	1214.
936.9098621326725	186.64335278576254	0.9247351563114692	1215.
939.543644759412	187.56917104202876	0.9269019866788164	1216.
942.1842024178677	188.4971580218139	0.929072605127101	1217.
944.8315556670632	189.42731751853125	0.9312470223198641	1218.
947.4857250980153	190.35965333625654	0.9334252489206496	1219.
950.1467313337312	191.29416928972978	0.9356072955930008	1220.
952.8145950292101	192.2308692043548	0.9377931730004625	1221.
955.4893368714397	193.16975691619746	0.9399828918065771	1222.
958.1709775793988	194.11083627198877	0.9421764626748876	1223.
960.8595379040612	195.05411112912225	0.944373896268941	1224.
963.5550386283858	195.99958535565565	0.9465752032522787	1225.
966.2575005673225	196.9472628303106	0.9487803942884447	1226.
968.9669445678137	197.89714744247158	0.9509894800409824	1227.
971.6833915087946	198.8492430921856	0.9532024711734368	1228.
974.4068623011849	199.8035536901666	0.9554193783493501	1229.
977.1373778878979	200.760083157787	0.9576402122322643	1230.
979.8749592438426	201.71883542708747	0.9598649834857271	1231.
982.6196273759115	202.67981444077031	0.9620937027732808	1232.
985.3714033229917	203.6430241521998	0.9643263807584685	1233.
988.1303081559581	204.6084685254068	0.9665630281048339	1234.
990.8963629776795	205.57615153508414	0.9688036554759218	1235.
993.6695889230109	206.54607716658847	0.9710482735352746	1236.
996.4500071588	207.51824941593895	0.9732968929464341	1237.
999.2376388838898	208.4926722898199	0.9755495243729482	1238.
1002.0325053291099	209.46934980557762	0.9778061784783594	1239.
1004.8346277572768	210.44828599122366	0.9800668659262102	1240.
1007.6440274632027	211.42948488543198	0.9823315973800444	1241.
1010.4607257736898	212.41295053754038	0.9846003835034058	1242.
1013.2847440475302	213.39868700755005	0.9868732349598393	1243.
1016.1161036755043	214.38669836612553	0.9891501624128858	1244.
1018.9548260803886	215.3769886945961	0.9914311765260919	1245.
1021.8009327169475	216.36956208495212	0.9937162879630015	1246.
1024.6544450719334	217.364422639851	0.9960055073871565	1247.
1027.5153846640915	218.3615744726103	0.9982988454621009	1248.
1030.3837730441587	219.36102170721324	1.0005963128513784	1249.
1033.259631794861	220.36276847830595	1.0028979202185337	1250.
1036.1429825309137	221.36681893119794	1.0052036782271077	1251.
1039.033846899029	222.37317722186253	1.007513597540648	1252.
1041.9322465779042	223.38184751693507	1.0098276888226967	1253.
1044.8382032782247	224.3928339937179	1.0121459627367964	1254.
1047.7517387426738	225.40614084017352	1.0144684299464921	1255.
1050.6728747459206	226.42177225493106	1.0167951011153278	1256.
1053.6016330946259	227.43973244727795	1.019125986906845	1257.
1056.5380356274386	228.4600256371732	1.021461097984588	1258.
1059.4821042150056	229.48265605523147	1.0238004450121028	1259.
1062.4338607599602	230.50762794273442	1.0261440386529324	1260.
1065.3933271969204	231.53494555162933	1.0284918895706183	1261.
1068.3605254925055	232.56461314452235	1.0308440084287067	1262.
1071.3354776453157	233.59663499468843	1.0332004058907396	1263.
1074.3182056859519	234.63101538605997	1.0355610926202625	1264.
1077.3087316769925	235.66775861323913	1.0379260792808154	1265.
1080.307077713022	236.70686898148642	1.0402953765359464	1266.
1083.3132659206021	237.7483508067303	1.0426689950491967	1267.
1086.327318458295	238.79220841555843	1.0450469454841116	1268.
1089.3492575166451	239.83844614522695	1.0474292385042334	1269.
1092.3791053181944	240.8870683436503	1.049815884773106	1270.
1095.41688411747	241.93807936941084	1.0522068949542729	1271.
1098.4626162009936	242.99148359175115	1.0546022797112773	1272.
1101.5163238872788	244.04728539057942	1.0570020497076653	1273.
1104.5780295268246	245.10548915646677	1.059406215606979	1274.
1107.647755502122	246.16609929064907	1.0618147880727618	1275.
1110.7255242276583	247.22912020502235	1.0642277777685587	1276.
1113.8113581499033	248.29455632215013	1.066645195357912	1277.
1116.9052797473237	249.362412075257	1.0690670515043665	1278.
1120.0073115303671	250.4326919082332	1.0714933568714624	1279.
1123.1174760414901	251.5054002756283	1.0739241221227487	1280.
1126.235795855122	252.58054164266105	1.0763593579217665	1281.
1129.3622935776925	253.65812048520866	1.0787990749320602	1282.
1132.4969918476154	254.7381412898162	1.0812432838171722	1283.
1135.6399133353011	255.8206085536899	1.0836919952406472	1284.
1138.79108074315	256.90552678469794	1.0861452198660295	1285.
1141.9505168055443	257.9929005013769	1.0886029683568594	1286.
1145.1182442888717	259.0827342329221	1.0910652513766852	1287.
1148.2942859915001	260.17503251919425	1.0935320795890484	1288.
1151.478664743789	261.26979991071903	1.0960034636574925	1289.
1154.6714034080928	262.3670409686829	1.0984794142455625	1290.
1157.8725248787518	263.4667602649374	1.1009599420168006	1291.
1161.0820520820998	264.568962381999	1.1034450576347514	1292.
1164.3000079764574	265.6736519130445	1.1059347717629557	1293.
1167.5264155521459	266.78083346191534	1.1084290950649622	1294.
1170.7612978314642	267.8905116431197	1.110928038204312	1295.
1174.004677868711	269.0026910818251	1.113431611844549	1296.
1177.2565787501708	270.1173764138639	1.115939826649217	1297.
1180.5170235941218	271.2345722857317	1.1184526932818595	1298.
1183.7860355508292	272.3542833545912	1.12097022240602	1299.
1187.0636378025497	273.47651428826293	1.1234924246852405	1300.
1190.3498535635395	274.60126976523406	1.1260193107830694	1301.
1193.6447060800306	275.72855447465645	1.1285508913630466	1302.
1196.9482186302562	276.85837311634214	1.1310871770887174	1303.
1200.2604145244363	277.99073040076973	1.1336281786236242	1304.
1203.581317104782	279.1256310490803	1.1361739066313121	1305.
1206.9109497454933	280.26307979307785	1.1387243717753224	1306.
1210.2493358527659	281.40308137523107	1.1412795847192019	1307.
1213.5964988647825	282.54564054867024	1.1438395561264931	1308.
1216.9524622517151	283.69076207719354	1.14640429666074	1309.
1220.31724951573	284.8384507352562	1.1489738169854853	1310.
1223.6908841909794	285.98871130798216	1.151548127764273	1311.
1227.0733898436124	287.14154859115706	1.1541272396606477	1312.
1230.46479007176	288.2969673912303	1.1567111633381497	1313.
1233.8651085055558	289.45497252531504	1.1592999094603282	1314.
1237.2743688071132	290.615568821187	1.1618934886907226	1315.
1240.6925946705423	291.77876111728665	1.1644919116928794	1316.
1244.119809821941	292.94455426271816	1.1670951891303414	1317.
1247.5560380193979	294.1129531172478	1.1697033316666507	1318.
1251.0013030529954	295.2839625513052	1.172316349965353	1319.
1254.4556287448	296.4575874459865	1.1749342546899895	1320.
1257.9190389488754	297.63383269304813	1.1775570565041056	1321.
1261.391557551277	298.81270319491296	1.180184766071248	1322.
1264.873208470041	299.9942038646632	1.182817394054954	1323.
1268.3640156552078	301.17833962604936	1.185454951118774	1324.
1271.8640030887946	302.3651154134823	1.1880974479262463	1325.
1275.3731947848205	303.5545361720374	1.1907448951409183	1326.
1278.8916147892842	304.746606857454	1.1933973034263285	1327.
1282.4192871801883	305.9413324361344	1.1960546834460262	1328.
1285.9562360675181	307.1387178851455	1.198717045863554	1329.
1289.5024855932488	308.3387681922154	1.2013844013424544	1330.
1293.058059931348	309.5414883557387	1.2040567605462709	1331.
1296.6229832877762	310.74688338477154	1.2067341341385491	1332.
1300.1972799004784	311.9549582990335	1.2094165327828295	1333.
1303.780974039395	313.16571812890925	1.2121039671426566	1334.
1307.3740900064586	314.3791679154451	1.214796447881576	1335.
1310.9766521355905	315.5953127103521	1.2174939856631308	1336.
1314.5886847927009	316.81415757600644	1.2201965911508657	1337.
1318.2102123756886	318.03570758544447	1.2229042750083208	1338.
1321.8412593144517	319.25996782236734	1.2256170478990436	1339.
1325.4818500708716	320.4869433811409	1.228334920486576	1340.
1329.1320091388175	321.7166393667944	1.2310579034344604	1341.
1332.79176104416	322.9490608950182	1.233786007406243	1342.
1336.4611303447546	324.1842130921682	1.2365192430654677	1343.
1340.1401416304434	325.42210109526604	1.2392576210756765	1344.
1343.8288195230648	326.6627300519922	1.2420011521004142	1345.
1347.5271886764444	327.90610512069225	1.2447498468032219	1346.
1351.2352737764018	329.1522314703784	1.247503715847647	1347.
1354.953099540743	330.40111428072305	1.2502627698972297	1348.
1358.6806907192681	331.6527587420628	1.2530270196155158	1349.
1362.4180720937693	332.9071700553977	1.2557964756660498	1350.
1366.165268478026	334.16435343239345	1.2585711487123756	1351.
1369.9223047178057	335.42431409537585	1.2613510494180336	1352.
1373.6892056908732	336.6870572773373	1.264136188446571	1353.
1377.4659963069798	337.9525882219318	1.2669265764615298	1354.
1381.252701507865	339.2209121834767	1.2697222241264514	1355.
1385.049346267268	340.49203442695625	1.2725231421048848	1356.
1388.8559555909087	341.7659602280123	1.2753293410603694	1357.
1392.6725545165068	343.04269487295596	1.2781408316564526	1358.
1396.499168113759	344.32224365876027	1.2809576245566738	1359.
1400.3358214843702	345.6046118930594	1.2837797304245804	1360.
1404.1825397620214	346.8898048941528	1.2866071599237134	1361.
1408.0393481123874	348.1778279910045	1.289439923717615	1362.
1411.9062717331444	349.46868652324156	1.2922780324698353	1363.
1415.783335853946	350.7623858411521	1.2951214968439135	1364.
1419.670565736441	352.05893130569075	1.2979703275033927	1365.
1423.567986674269	353.3583282884747	1.3008245351118184	1366.
1427.475623993063	354.6605821717849	1.3036841303327344	1367.
1431.393503050443	355.96569834856564	1.3065491238296847	1368.
1435.3216492360161	357.2736822224242	1.3094195262662094	1369.
1439.2600879713914	358.58453920763213	1.3122953483058568	1370.
1443.2088447101578	359.89827472912475	1.3151766006121681	1371.
1447.1679449379003	361.2148942224999	1.318063293848688	1372.
1451.1374141721908	362.53440313402007	1.3209554386789595	1373.
1455.1172779625972	363.8568069206103	1.3238530457665263	1374.
1459.1075618906734	365.18211104985994	1.3267561257749332	1375.
1463.108291569963	366.5103210000216	1.3296646893677213	1376.
1467.1194926460053	367.8414422600122	1.3325787472084372	1377.
1471.1411907963302	369.17548032940886	1.3354983099606237	1378.
1475.1734117304518	370.5124407184576	1.3384233882878238	1379.
1479.2161811898777	371.8523289480645	1.3413539928535814	1380.
1483.2695249481117	373.19515054979956	1.344290134321442	1381.
1487.3334688106388	374.5409110658966	1.3472318233549458	1382.
1491.408038614944	375.8896160492518	1.3501790706176395	1383.
1495.4932602304934	377.24127106342894	1.353131886773065	1384.
1499.5891595587505	378.595881682651	1.3560902824847663	1385.
1503.6957625331715	379.95345349180434	1.3590542684162887	1386.
1507.8130951191974	381.31399208644416	1.3620238552311763	1387.
1511.9411833142585	382.67750307278266	1.3649990535929692	1388.
1516.0800531477803	384.0439920676995	1.3679798741652123	1389.
1520.2297306811815	385.4134646987368	1.3709663276114519	1390.
1524.3902420078625	386.78592660410186	1.3739584245952292	1391.
1528.5616132532214	388.1613834326622	1.376956175780089	1392.
1532.7438705746467	389.5398408439505	1.3799595918295742	1393.
1536.9370401615142	390.92130450816376	1.3829686834072294	1394.
1541.1411482351918	392.3057801061623	1.3859834611765978	1395.
1545.3562210490363	393.6932733294684	1.3890039358012212	1396.
1549.5822848884013	395.0837898802706	1.392030117944647	1397.
1553.8193660706247	396.4773354714189	1.3950620182704174	1398.
1558.0674909450368	397.8739158264266	1.3980996474420753	1399.
1562.3266858929587	399.2735366794727	1.4011430161231653	1400.
1566.5969773277002	400.6762037753979	1.4041921349772295	1401.
1570.878391694568	402.08192286970643	1.4072470146678135	1402.
1575.1709554708523	403.4906997285666	1.4103076658584595	1403.
1579.4746951658367	404.9025401288113	1.413374099212712	1404.
1583.7896373208005	406.31744985793466	1.4164463253941175	1405.
1588.1158085090015	407.7354347140963	1.4195243550662147	1406.
1592.4532353357008	409.1565005061184	1.4226081988925507	1407.
1596.8019444381403	410.5806530534869	1.425697867536667	1408.
1601.1619624855584	412.00789818635167	1.428793371662108	1409.
1605.53331617918	413.4382417455263	1.4318947219324158	1410.
1609.9160322522312	414.87168958248594	1.4350019290111389	1411.
1614.310137469915	416.3082475593724	1.4381150035618182	1412.
1618.7156586294313	417.74792154898796	1.4412339562479968	1413.
1623.1326225599691	419.1907174348012	1.4443587977332184	1414.
1627.5610561227113	420.63664111094204	1.447489538681027	1415.
1632.0009862108286	422.0856984822053	1.450626189754967	1416.
1636.4524397494788	423.5378954640487	1.45376876161858	1417.
1640.915443695821	424.99323798259366	1.456917264935412	1418.
1645.390025038996	426.45173197462555	1.4600717103690073	1419.
1649.8762108001379	427.9133833875926	1.4632321085829085	1420.
1654.374028032369	429.37819817960553	1.4663984702406578	1421.
1658.8835038208067	430.8461823194416	1.4695708060058008	1422.
1663.404665282554	432.3173417865405	1.4727491265418795	1423.
1667.9375395667084	433.7916825710049	1.4759334425124395	1424.
1672.482153854357	435.269210673599	1.479123764581022	1425.
1677.0385353585816	436.74993210575394	1.4823201034111753	1426.
1681.6067113244458	438.2338528895625	1.4855224696664386	1427.
1686.1867090290089	439.72097905778264	1.4887308740103578	1428.
1690.7785557813181	441.2113166538343	1.4919453271064747	1429.
1695.3822789224178	442.7048717318007	1.495165839618335	1430.
1699.9979058253343	444.2016503564305	1.4983924222094789	1431.
1704.625463895095	445.7016586031341	1.5016250855434565	1432.
1709.2649805687092	447.2049025579863	1.5048638402838073	1433.
1713.9164833151772	448.7113883177253	1.508108697094074	1434.
1718.5799996354958	450.2211219897522	1.5113596666378033	1435.
1723.2555570626464	451.73410969213273	1.5146167595785371	1436.
1727.9431831616062	453.2503575535957	1.5178799865798203	1437.
1732.6429055293338	454.7698717135336	1.521149358305193	1438.
1737.3547517947914	456.2926583220019	1.5244248854182025	1439.
1742.0787496189268	457.8187235397204	1.5277065785823938	1440.
1746.8149266946716	459.34807353807173	1.530994448461307	1441.
1751.563310746954	460.88071449910285	1.5342885057184859	1442.
1756.323929532697	462.4166526155218	1.537588761017477	1443.
1761.0968108408051	463.95589409070635	1.5408952250218224	1444.
1765.8819824921784	465.4984451386904	1.544207908395065	1445.
1770.679472339712	467.0443119841734	1.5475268218007505	1446.
1775.489308268282	468.5935008625229	1.5508519759024217	1447.
1780.3115181947574	470.1460180197655	1.5541833813636208	1448.
1785.1461300680066	471.7018697125909	1.5575210488478932	1449.
1789.993171868879	473.2610622083571	1.5608649890187838	1450.
1794.8526716102178	474.8236017850795	1.5642152125398328	1451.
1799.7246573368561	476.3894947314411	1.5675717300745848	1452.
1804.609157125623	477.9587473467873	1.5709345522865865	1453.
1809.5061990853296	479.5313659411272	1.574303689839379	1454.
1814.4158113567837	481.10735683513394	1.5776791533965069	1455.
1819.3380221127813	482.686726360143	1.581060953621514	1456.
1824.2728595581102	484.2694808581541	1.5844491011779436	1457.
1829.2203519295458	485.8556266818309	1.587843606729339	1458.
1834.1805274958542	487.44517019449995	1.5912444809392419	1459.
1839.153414557802	489.0381177701497	1.5946517344712001	1460.
1844.1390414481375	490.63447579343574	1.5980653779887568	1461.
1849.1374365315955	492.23425065967695	1.601485422155453	1462.
1854.148628204911	493.83744877485196	1.6049118776348346	1463.
1859.172644896807	495.4440765556051	1.608344755090445	1464.
1864.2095150679907	497.05414042924576	1.6117840651858266	1465.
1869.2592672111664	498.6676468337446	1.615229818584523	1466.
1874.321929851032	500.28460221773685	1.618682025950081	1467.
1879.3975315442658	501.90501304052214	1.6221406979460404	1468.
1884.4861008795474	503.5288857720607	1.625605845235948	1469.
1889.587666477537	505.15622689298016	1.629077478483345	1470.
1894.7022569908927	506.78704289456846	1.6325556083517752	1471.
1899.8299011042664	508.4213402787782	1.6360402455047858	1472.
1904.9706275342874	510.05912555822715	1.6395314006059163	1473.
1910.1244650295894	511.7004052561938	1.6430290843187132	1474.
1915.2914423707884	513.3451859066226	1.6465333073067194	1475.
1920.471588370494	514.9934740541198	1.650044080233478	1476.
1925.6649318733048	516.645276253957	1.6535614137625334	1477.
1930.8715017558106	518.3005990720667	1.657085318557427	1478.
1936.0913269265952	519.9594490850486	1.6606158052817062	1479.
1941.3244363262302	521.621832880161	1.6641528845989129	1480.
1946.570858927273	523.287757055331	1.6676965671725892	1481.
1951.830623734283	524.9572282191466	1.6712468636662816	1482.
1957.1037597838008	526.6302529908589	1.674803784743533	1483.
1962.390296144361	528.3068380003824	1.6783673410678865	1484.
1967.6902619164853	529.9869898882976	1.681937543302884	1485.
1973.0036862326951	531.6707153058464	1.6855144021120738	1486.
1978.3305982574934	533.3580209149341	1.6890979281589962	1487.
1983.6710271873762	535.048913388131	1.6926881321071958	1488.
1989.0250022508312	536.7433994086709	1.6962850246202166	1489.
1994.3925527083384	538.441485670448	1.6998886163616014	1490.
1999.7737078523633	540.1431788780251	1.703498917994895	1491.
2005.1684970073643	541.8484857466228	1.7071159401836375	1492.
2010.5769495297955	543.5574130021309	1.7107396935913775	1493.
2015.999094808098	545.2699673811003	1.7143701888816585	1494.
2021.434962262697	546.9861556307433	1.71800743671802	1495.
2026.8845813460198	548.7059845089393	1.7216514477640104	1496.
2032.347981542477	550.4294607842289	1.7253022326831706	1497.
2037.825192368468	552.1565912358174	1.728959802139042	1498.
2043.3162433723928	553.8873826535742	1.7326241667951745	1499.
2048.821164134634	555.6218418380295	1.7362953373151084	1500.
2054.3399842675617	557.35997560038	1.7399733243623858	1501.
2059.8727334155487	559.1017907624841	1.743658138600554	1502.
2065.4194412549423	560.8472941568662	1.7473497906931525	1503.
2070.9801374941003	562.5964926267106	1.7510482913037304	1504.
2076.5548518733476	564.3493930258674	1.7547536510958235	1505.
2082.1436141650224	566.1060022188503	1.7584658807329836	1506.
2087.7464541734425	567.8663270808356	1.762184990878751	1507.
2093.36340173491	569.6303744976653	1.7659109921966678	1508.
2098.9944867177346	571.3981513658418	1.7696438953502822	1509.
2104.6397390222005	573.1696645925313	1.7733837110031336	1510.
2110.299188580587	574.9449210955681	1.777130449818766	1511.
2115.972865357168	576.7239278034453	1.7808841224607228	1512.
2121.660799348211	578.5066916553196	1.7846447395925518	1513.
2127.3630205819663	580.2932196010152	1.7884123118777948	1514.
2133.0795591186748	582.0835186010145	1.7921868499799931	1515.
2138.8104450505716	583.8775956264685	1.7959683645626914	1516.
2144.5557085018886	585.6754576591875	1.799756866289437	1517.
2150.3153796288307	587.4771116916495	1.8035523658237684	1518.
2156.0894886196115	589.2825647269915	1.8073548738292313	1519.
2161.878065694422	591.0918237790197	1.8111644009693695	1520.
2167.6811411054564	592.9048958721974	1.8149809579077276	1521.
2173.498745136888	594.721788041656	1.8188045553078478	1522.
2179.3309081048924	596.542507333188	1.8226352038332765	1523.
2185.17766035762	598.3670608032508	1.826472914147553	1524.
2191.039032275226	600.1954555189673	1.830317696914225	1525.
2196.915054269847	602.027698558119	1.8341695627968324	1526.
2202.8057567856226	603.863797009154	1.8380285224589237	1527.
2208.711170298666	605.7037579711846	1.8418945865640381	1528.
2214.631325317095	607.5475885539845	1.8457677657757223	1529.
2220.5662523810142	609.3952958779919	1.84964807075752	1530.
2226.515982062509	611.2468870743105	1.8535355121729715	1531.
2232.4805449656715	613.1023692847048	1.8574301006856242	1532.
2238.459971726575	614.961749661602	1.8613318469590192	1533.
2244.4542930132848	616.8250353680965	1.8652407616567022	1534.
2250.463539525857	618.6922335779441	1.869156855442216	1535.
2256.487741996339	620.5633514755655	1.8730801389791045	1536.
2262.5269311887687	622.4383962560414	1.8770106229309107	1537.
2268.5811378991743	624.3173751251202	1.8809483179611801	1538.
2274.6503929555774	626.2002952992116	1.8848932347334557	1539.
2280.734727217979	628.0871640053883	1.8888453839112778	1540.
2286.8341715783863	629.9779884813902	1.8928047761581936	1541.
2292.9487569607913	631.8727759756162	1.896771422137748	1542.
2299.0785143211733	633.7715337471309	1.900745332513483	1543.
2305.2234746475	635.6742690656633	1.9047265179489399	1544.
2311.38366895974	637.5809892116031	1.9087149891076658	1545.
2317.559128309846	639.4917014760067	1.9127107566532038	1546.
2323.7498837817584	641.4064131605933	1.916713831249096	1547.
2329.9559664914154	643.3251315777429	1.9207242235588877	1548.
2336.1774075867415	645.2478640505037	1.924741944246123	1549.
2342.41423824765	647.1746179125826	1.9287670039743432	1550.
2348.66648968605	649.1054005083533	1.9327994134070945	1551.
2354.93419314584	651.0402191928524	1.93683918320792	1552.
2361.2173799029015	652.97908133178	1.9408863240403615	1553.
2367.516081265117	654.9219943014978	1.9449408465679632	1554.
2373.8303285723578	656.868965489035	1.9490027614542722	1555.
2380.1601531964793	658.8200022920814	1.953072079362828	1556.
2386.505586541335	660.775112118989	1.957148810957177	1557.
2392.8666600427637	662.7343023887779	1.9612329669008615	1558.
2399.2434051685973	664.697580531129	1.9653245578574259	1559.
2405.63585341866	666.6649539863856	1.9694235944904142	1560.
2412.0440363247567	668.6364302055567	1.9735300874633657	1561.
2418.467985450706	670.6120166503138	1.9776440474398331	1562.
2424.907732392288	672.591720792992	1.9817654850833524	1563.
2431.363308777294	674.5755501165909	1.9858944110574717	1564.
2437.834746265495	676.5635121147716	1.9900308360257295	1565.
2444.322076548663	678.5556142918613	1.994174770651676	1566.
2450.8253313505497	680.5518641628482	1.9983262255988503	1567.
2457.3445424269003	682.5522692533868	2.0024852115307956	1568.
2463.879741565462	684.5568370997921	2.006651739111061	1569.
2470.4309605859535	686.565575249047	2.010825819003185	1570.
2476.9982313401	688.578491258791	2.015007461870714	1571.
2483.5815857116067	690.5955926973343	2.019196678377189	1572.
2490.1810556161786	692.6168871436462	2.023393479186157	1573.
2496.796673001503	694.6423821873614	2.0275978749611596	1574.
2503.4284698472597	696.6720854287787	2.031809876365739	1575.
2510.076478165128	698.7060044788577	2.0360294940634427	1576.
2516.7407299987676	700.744146959224	2.0402567387178134	1577.
2523.421257423831	702.7865205021662	2.0444916209923933	1578.
2530.11809254796	704.8331327506367	2.0487341515507262	1579.
2536.8312675107945	706.8839913582497	2.052984341056357	1580.
2543.560814483952	708.9391039892862	2.0572422001728263	1581.
2550.3067656710577	710.9984783186883	2.061507739563683	1582.
2557.069153307718	713.0621220320604	2.0657809698924687	1583.
2563.8480096615244	715.1300428256732	2.0700619018227258	1584.
2570.643367032065	717.2022484064605	2.074350546017997	1585.
2577.4552577509244	719.2787464920184	2.0786469131418306	1586.
2584.2837141816644	721.3595448106084	2.082951013857765	1587.
2591.128768719847	723.444651101152	2.0872628588293445	1588.
2597.990453793029	725.5340731132396	2.0915824587201186	1589.
2604.868801860742	727.6278186071204	2.0959098241936243	1590.
2611.7638454145253	729.7258953537089	2.1002449659134097	1591.
2618.675616977898	731.828311134584	2.104587894543016	1592.
2625.6041491063725	733.9350737419863	2.108938620745988	1593.
2632.5494743874538	736.0461909788214	2.113297155185869	1594.
2639.5116254406303	738.1616706586587	2.1176635085262	1595.
2646.4906349173984	740.281520605728	2.1220376914305303	1596.
2653.486535501228	742.4057486549282	2.1264197145624024	1597.
2660.4993599075783	744.5343626518179	2.130809588585354	1598.
2667.5291408839184	746.6673704526174	2.135207324162937	1599.
2674.5759112096866	748.8047799242158	2.1396129319586885	1600.
2681.6397036963244	750.9465989441619	2.1440264226361565	1601.
2688.72055118726	753.0928354006696	2.148447806858882	1602.
2695.8184865579124	755.2434971926155	2.1528770952904104	1603.
2702.933542715694	757.3985922295415	2.1573142985942857	1604.
2710.0657525999995	759.5581284316495	2.161759427434049	1605.
2717.215149182225	761.7221137298097	2.166212492473247	1606.
2724.3817654657532	763.8905560655508	2.170673504375422	1607.
2731.5656344859535	766.0634633910686	2.175142473804118	1608.
2738.7667893101852	768.2408436692226	2.179619411422876	1609.
2745.985263037812	770.4227048735329	2.184104327895245	1610.
2753.221088800171	772.6090549881851	2.1885972338847646	1611.
2760.4742997606	774.7999020080292	2.193098140054981	1612.
2767.744929114425	776.9952539385772	2.197607057069437	1613.
2775.0330100889596	779.1951187960035	2.202123995591675	1614.
2782.338575943514	781.39950460715	2.2066489662852407	1615.
2789.661659969376	783.6084194095188	2.2111819798136727	1616.
2797.002295489847	785.8218712512776	2.2157230468405222	1617.
2804.3605158602004	788.0398681912543	2.2202721780293295	1618.
2811.7363544677064	790.2624182989448	2.2248293840436384	1619.
2819.129844731622	792.4895296545046	2.2293946755469918	1620.
2826.5410201032028	794.7212103487554	2.2339680632029353	1621.
2833.969914065684	796.9574684831823	2.23854955767501	1622.
2841.4165601342993	799.1983121699323	2.24313916962676	1623.
2848.880991856273	801.443749531817	2.2477369097217306	1624.
2856.363242810824	803.6937887023109	2.2523427886234675	1625.
2863.8633466091433	805.9484378255538	2.2569568169955083	1626.
2871.3813368944357	808.2077050563471	2.261579005501403	1627.
2878.917247341881	810.4715985601565	2.2662093648046913	1628.
2886.4711116586577	812.7401265131107	2.2708479055689184	1629.
2894.042963583929	815.0132971020016	2.2754946384576256	1630.
2901.6328368888535	817.2911185242883	2.2801495741343603	1631.
2909.240765376583	819.5735989880877	2.2848127232626654	1632.
2916.866782882247	821.8607467121847	2.289484096506082	1633.
2924.510923272982	824.1525699260269	2.294163704528157	1634.
2932.173220447902	826.4490768697219	2.298851557992431	1635.
2939.853708338126	828.7502757940465	2.3035476675624524	1636.
2947.552420906738	831.0561749604367	2.3082520439017564	1637.
2955.269392148851	833.3667826409937	2.3129646976738973	1638.
2963.00465609153	835.6821071184831	2.317685639542412	1639.
2970.7582467938546	838.0021566863325	2.3224148801708457	1640.
2978.530198346888	840.3269396486321	2.3271524302227427	1641.
2986.3205448736826	842.65646432014	2.3318983003616456	1642.
2994.129320529284	844.9907390262724	2.3366525012510992	1643.
3001.9565595007225	847.329772103114	2.341415043554645	1644.
3009.802296007032	849.6735718974078	2.3461859379358296	1645.
3017.666564299225	852.0221467665656	2.350965195058196	1646.
3025.5493986603105	854.375505078659	2.355752825585288	1647.
3033.4508334052816	856.7336552124257	2.3605488401806474	1648.
3041.3709028811318	859.096605557264	2.3653532495078204	1649.
3049.309641466837	861.4643645132392	2.3701660642303493	1650.
3057.2670835733634	863.8369404910791	2.374987295011776	1651.
3065.243263643678	866.2143419121708	2.3798169525156467	1652.
3073.2382161527294	868.5965772085715	2.3846550474055057	1653.
3081.2519756074616	870.9836548229991	2.3895015903448975	1654.
3089.284576546801	873.3755832088327	2.3943565919973615	1655.
3097.336053541673	875.7723708301182	2.399220063026444	1656.
3105.406441194994	878.174026161565	2.4040920140956903	1657.
3113.4957741416592	880.5805576885446	2.408972455868639	1658.
3121.604087048572	882.991973907092	2.413861399008839	1659.
3129.7314146146136	885.4082833239058	2.4187588541798313	1660.
3137.8777915706623	887.8294944563495	2.4236648320451604	1661.
3146.043252679584	890.2556158324487	2.428579343268371	1662.
3154.2278327362346	892.6866559908931	2.4335023985130046	1663.
3162.431566567463	895.122623481036	2.4384340084426075	1664.
3170.6544890321056	897.5635268628944	2.443374183720721	1665.
3178.896635020994	900.0093747071478	2.4483229350108893	1666.
3187.1580394569473	902.4601755951412	2.4532802729766576	1667.
3195.438737294776	904.9159381188815	2.458246208281569	1668.
3203.73876352128	907.376670881039	2.4632207515891658	1669.
3212.05815315525	909.8423824949482	2.468203913562993	1670.
3220.396941247468	912.3130815846084	2.4731957048665922	1671.
3228.7551628807114	914.7887767846792	2.478196136163511	1672.
3237.132853169742	917.2694767404873	2.4832052181172912	1673.
3245.530047261307	919.7551901080205	2.4882229613914735	1674.
3253.946780334162	922.245925553932	2.493249376649608	1675.
3262.3830875990343	924.7416917555361	2.4982844745552324	1676.
3270.839004298653	927.2424974008127	2.503328265771893	1677.
3279.314565707734	929.7483511884043	2.5083807609631332	1678.
3287.809807132983	932.259261827619	2.5134419707924973	1679.
3296.324763913104	934.775238038424	2.5185119059235284	1680.
3304.859471418783	937.2962885514539	2.523590577019771	1681.
3313.413965052692	939.8224221080063	2.5286779947447666	1682.
3321.988280249512	942.3536474600405	2.5337741697620633	1683.
3330.5824524758928	944.8899733701819	2.5388791127351986	1684.
3339.196517230489	947.4314086117179	2.543992834327719	1685.
3347.8305100439466	949.9779619685987	2.5491153452031696	1686.
3356.4844664788934	952.52964223544	2.554246656025093	1687.
3365.158422129958	955.0864582175186	2.5593867774570356	1688.
3373.852412623747	957.6484187307783	2.564535720162537	1689.
3382.5664736188646	960.2155326018224	2.56969349480514	1690.
3391.300640805911	962.7878086679216	2.574860112048393	1691.
3400.054949907466	965.3652557770079	2.580035582555835	1692.
3408.829436678113	967.9478827876765	2.585219916991015	1693.
3417.6241369044155	970.535698569186	2.5904131260174736	1694.
3426.4390864049246	973.1287120014626	2.595615220298754	1695.
3435.274321030197	975.7269319750908	2.6008262104984006	1696.
3444.129876662767	978.3303673913201	2.6060461072799566	1697.
3453.005789217167	980.9390271620664	2.6112749213069684	1698.
3461.9020946399087	983.5529202099042	2.6165126632429736	1699.
3470.8188289095096	986.172055468076	2.6217593437515205	1700.
3479.756028036476	988.796441880485	2.6270149734961556	1701.
3488.7137280632896	991.4260884017008	2.6322795631404166	1702.
3497.691965064436	994.0610039969533	2.6375531233478497	1703.
3506.690775146387	996.7011976421386	2.642835664781998	1704.
3515.7101944476126	999.3466783238141	2.6481271981064083	1705.
3524.7502591385537	1001.9974550392039	2.6534277339846177	1706.
3533.8110054216713	1004.6535367961901	2.6587372830801765	1707.
3542.8924695313935	1007.3149326133243	2.664055856056626	1708.
3551.994687734147	1009.9816515198177	2.6693834635775104	1709.
3561.117696328348	1012.6537025555481	2.6747201163063714	1710.
3570.2615316444044	1015.3310947710538	2.6800658249067553	1711.
3579.4262300447162	1018.0138372275387	2.685420600042205	1712.
3588.6118279236634	1020.7019389968714	2.69078445237626	1713.
3597.8183617076365	1023.3954091615797	2.696157392572472	1714.
3607.0458678550003	1026.094256814859	2.7015394312943783	1715.
3616.2943828561192	1028.7984910605655	2.706930579205526	1716.
3625.5639432333364	1031.5081210132198	2.712330846969456	1717.
3634.8545855410002	1034.2231557980085	2.717740245249715	1718.
3644.166346365445	1036.94360455078	2.7231587847098453	1719.
3653.4992623249846	1039.6694764180443	2.7285864760133887	1720.
3662.853370069942	1042.4007805569763	2.7340233298238914	1721.
3672.2287062826217	1045.1375261354146	2.7394693568048982	1722.
3681.6253076773073	1047.8797223318643	2.7449245676199485	1723.
3691.0432110002994	1050.6273783354868	2.7503889729325905	1724.
3700.4824530298656	1053.3805033461158	2.7558625834063655	1725.
3709.943070576275	1056.1391065742414	2.761345409704818	1726.
3719.425100481779	1058.9031972410212	2.7668374624914875	1727.
3728.928579620637	1061.6727845782766	2.772338752429926	1728.
3738.453544899082	1064.4478778284865	2.7778492901836707	1729.
3748.000033255342	1067.2284862448018	2.7833690864162683	1730.
3757.5680816596423	1070.0146190910327	2.788898151791262	1731.
3767.1577271141878	1072.8062856416523	2.794436496972194	1732.
3776.769006653184	1075.603495181801	2.79998413262261	1733.
3786.401957342816	1078.406257007276	2.8055410694060505	1734.
3796.0566162812765	1081.2145804245456	2.811107317986064	1735.
3805.73302059873	1084.0284747507353	2.8166828890261897	1736.
3815.431207457349	1086.8479493136392	2.822267793189976	1737.
3825.1512140512787	1089.6730134517106	2.8278620411409605	1738.
3834.8930776066745	1092.5036765140694	2.8334656435426933	1739.
3844.656835381659	1095.3399478605002	2.839078611058712	1740.
3854.442524666365	1098.1818368614472	2.8447009543525628	1741.
3864.2501827829155	1101.0293528980192	2.8503326840877925	1742.
3874.079847085409	1103.8825053619917	2.8559738109279404	1743.
3883.9315549599514	1106.7413036557991	2.861624345536553	1744.
3893.8053438246297	1109.6057571925417	2.867284298577175	1745.
3903.701251129517	1112.475875395984	2.872953680713346	1746.
3913.6193143566916	1115.3516677005541	2.878632502608612	1747.
3923.5595710202024	1118.2331435513424	2.884320774926513	1748.
3933.5220586661126	1121.1203124041044	2.8900185083305985	1749.
3943.506814872465	1124.0131837252547	2.8957257134844117	1750.
3953.513877249293	1126.9117669918755	2.9014424010514954	1751.
3963.5432834386093	1129.8160716917164	2.907168581695391	1752.
3973.5950711144305	1132.7261073231798	2.912904266079641	1753.
3983.669277982769	1135.6418833953421	2.9186494648677943	1754.
3993.765941781613	1138.5634094279399	2.9244041887233916	1755.
4003.885100280949	1141.490694951368	2.930168448309974	1756.
4014.026791282764	1144.4237495066895	2.935942254291094	1757.
4024.191052621004	1147.3625826456355	2.9417256173302846	1758.
4034.3779221616487	1150.3072039305912	2.9475185480910966	1759.
4044.5874378026356	1153.2576229346105	2.953321057237071	1760.
4054.819637473898	1156.2138492414147	2.9591331554317506	1761.
4065.074559137375	1159.1758924453798	2.9649548533386803	1762.
4075.3522407869887	1162.143762151551	2.9707861616214064	1763.
4085.6527204486447	1165.1174679756364	2.97662709094347	1764.
4095.9760361802464	1168.097019544005	2.9824776519684146	1765.
4106.322226071684	1171.082426493695	2.9883378553597844	1766.
4116.6913282448395	1174.0736984724026	2.9942077117811206	1767.
4127.083380853588	1177.0708451384876	3.0000872318959697	1768.
4137.498422083795	1180.0738761609782	3.0059764263678765	1769.
4147.936490153313	1183.0828012195639	3.011875305860382	1770.
4158.397623311991	1186.097630004595	3.017783881037033	1771.
4168.881859841662	1189.1183722170877	3.0237021625613707	1772.
4179.389238056151	1192.14503756872	3.0296301610969376	1773.
4189.919796301273	1195.1776357818394	3.0355678873072787	1774.
4200.473572954844	1198.216176589448	3.0415153518559386	1775.
4211.050606426657	1201.260669735219	3.047472565406462	1776.
4221.650935158504	1204.3111249734839	3.0534395386223903	1777.
4232.274597624163	1207.367552069241	3.059416282167268	1778.
4242.921632329407	1210.4299607981484	3.0654028067046397	1779.
4253.592077811987	1213.4983609465357	3.071399122898047	1780.
4264.285972641671	1216.5727623113844	3.0774052414110358	1781.
4275.003355420186	1219.6531747003505	3.0834211729071477	1782.
4285.744264781274	1222.7396079317468	3.0894469280499273	1783.
4296.508739390656	1225.8320718345526	3.0954825175029193	1784.
4307.296817946043	1228.930576248411	3.1015279519296666	1785.
4318.108539177148	1232.035131023626	3.107583241993714	1786.
4328.943941845657	1235.1457460211664	3.1136483983586025	1787.
4339.803064745261	1238.2624311126647	3.119723431687877	1788.
4350.685946701636	1241.385196180417	3.125808352645082	1789.
4361.592626572447	1244.5140511173859	3.131903171893761	1790.
4372.523143247356	1247.6490058271916	3.138007900097458	1791.
4383.477535648012	1250.7900702241186	3.144122547919716	1792.
4394.455842728051	1253.9372542331225	3.1502471260240785	1793.
4405.458103473101	1257.0905677898172	3.15638164507409	1794.
4416.484356900784	1260.2500208404758	3.162526115733293	1795.
4427.534642060716	1263.41562334204	3.1686805486652307	1796.
4438.608998034494	1266.5873852621166	3.17484495453345	1797.
4449.707463935706	1269.7653165789752	3.1810193440014913	1798.
4460.8300789099485	1272.9494272815423	3.1872037277329017	1799.
4471.976882134785	1276.1397273694156	3.193398116391222	1800.
4483.147912819782	1279.336226852854	3.1996025206399974	1801.
4494.3432102064935	1282.5389357527802	3.2058169511427703	1802.
4505.562813568464	1285.7478641007779	3.212041418563084	1803.
4516.806762211231	1288.9630219390992	3.2182759335644846	1804.
4528.075095472322	1292.1844193206557	3.2245205068105136	1805.
4539.367852721253	1295.4120663090243	3.2307751489647156	1806.
4550.685073359537	1298.6459729784415	3.2370398706906354	1807.
4562.026796820664	1301.8861494138164	3.243314682651814	1808.
4573.39306257013	1305.132605710714	3.249599595511798	1809.
4584.783910105409	1308.3853519753616	3.2558946199341268	1810.
4596.199378955979	1311.6443983246572	3.2621997665823503	1811.
4607.639508683299	1314.909754886156	3.268515046120008	1812.
4619.104338880818	1318.1814317980816	3.2748404692106448	1813.
4630.593909173984	1321.4594392093154	3.281176046517805	1814.
4642.108259220221	1324.7437872794098	3.28752178870503	1815.
4653.647428708956	1328.0344861785748	3.2938777064358646	1816.
4665.2114573616045	1331.3315460876847	3.3002438103738516	1817.
4676.8003849315755	1334.6349771982782	3.3066201111825375	1818.
4688.414251204263	1337.9447897125592	3.3130066195254653	1819.
4700.053095997045	1341.2609938433966	3.319403346066176	1820.
4711.716959159313	1344.5835998143111	3.3258103014682163	1821.
4723.40588057242	1347.9126178595056	3.332227496395129	1822.
4735.119900149731	1351.2480582238331	3.338654941510457	1823.
4746.859057836594	1354.5899311628114	3.3450926474777436	1824.
4758.623393610352	1357.9382469426264	3.351540624960535	1825.
4770.412947480325	1361.2930158401264	3.357998884622372	1826.
4782.227759487844	1364.6542481428196	3.3644674371268	1827.
4794.0678697062185	1368.0219541488818	3.3709462931373633	1828.
4805.933318240747	1371.39614416715	3.377435463317603	1829.
4817.824145228724	1374.7768285171273	3.383934958331066	1830.
4829.740390839427	1378.1640175289776	3.3904447888412914	1831.
4841.682095274137	1381.5577215435314	3.3969649655118275	1832.
4853.64929876612	1384.9579509122755	3.403495499006217	1833.
4865.642041580627	1388.3647159973716	3.4100363999880035	1834.
4877.660364014903	1391.778027171636	3.4165876791207292	1835.
4889.704306398185	1395.1978948185524	3.4231493470679393	1836.
4901.773909091698	1398.6243293322636	3.4297214144931747	1837.
4913.869212488667	1402.0573411175837	3.4363038920599838	1838.
4925.990257014292	1405.496940589986	3.4428967904319077	1839.
4938.137083125778	1408.9431381756058	3.449500120272491	1840.
4950.309731312309	1412.3959443112421	3.456113892245275	1841.
4962.508242095072	1415.8553694443608	3.4627381170138065	1842.
4974.732656027231	1419.3214240330894	3.469372805241628	1843.
4986.983013693946	1422.7941185462169	3.476017967592279	1844.
4999.259355712375	1426.2734634632038	3.482673614729311	1845.
5011.561722731661	1429.7594692741586	3.4893397573162623	1846.
5023.890155432934	1433.2521464798724	3.496016406016679	1847.
5036.244694529319	1436.7515055917875	3.502703571494104	1848.
5048.6253807659305	1440.2575571320072	3.5094012644120802	1849.
5061.0322549198745	1443.7703116333114	3.5161094954341543	1850.
5073.465357800241	1447.2897796391312	3.5228282752238638	1851.
5085.924730248124	1450.8159717035696	3.5295576144447587	1852.
5098.410413136595	1454.3488983913871	3.5362975237603784	1853.
5110.92244737073	1457.888570278009	3.5430480138342713	1854.
5123.46087388758	1461.4349979495291	3.5498090953299783	1855.
5136.025733656194	1464.9881920026978	3.556580778911041	1856.
5148.6170676776155	1468.548163044934	3.563363075241007	1857.
5161.234916984867	1472.1149216943181	3.5701559949834145	1858.
5173.879322642983	1475.6884785795928	3.576959548801815	1859.
5186.55032574896	1479.268844340169	3.5837737473597464	1860.
5199.24796743181	1482.856029626114	3.590598601320755	1861.
5211.972288852522	1486.4500450981654	3.597434121348382	1862.
5224.723331204085	1490.0509014277213	3.6042803181061753	1863.
5237.501135711462	1493.6586092968414	3.611137202257673	1864.
5250.305743631622	1497.2731793982566	3.6180047844664234	1865.
5263.137196253531	1500.8946224353472	3.624883075395969	1866.
5275.995534898119	1504.5229491221744	3.6317720857098514	1867.
5288.880800918332	1508.1581701834507	3.6386718260716187	1868.
5301.793035699094	1511.8002963545541	3.6455823071448084	1869.
5314.732280657329	1515.449338381533	3.652503539592974	1870.
5327.6985772419275	1519.1053070210874	3.6594355340796447	1871.
5340.691966933808	1522.7682130405915	3.6663783012683755	1872.
5353.712491245856	1526.4380672180796	3.6733318518227094	1873.
5366.760191722947	1530.114880342247	3.6802961964061858	1874.
5379.83510994195	1533.7986632124566	3.6872713456823494	1875.
5392.937287511737	1537.4894266387287	3.6942573103147467	1876.
5406.066766073148	1541.1871814417582	3.701254100966919	1877.
5419.223587299036	1544.8919384528917	3.7082617283024106	1878.
5432.407792894222	1548.6037085141456	3.7152802029847614	1879.
5445.619424595549	1552.3225024781968	3.7223095356775247	1880.
5458.8585241718165	1556.048331208392	3.7293497370442363	1881.
5472.125133423834	1559.7812055787326	3.736400817748441	1882.
5485.4192941843885	1563.5211364738911	3.74346278845368	1883.
5498.7410483182875	1567.2681347891958	3.7505356598235053	1884.
5512.090437722297	1571.0222114306457	3.757619442521454	1885.
5525.467504325184	1574.7833773149014	3.7647141472110732	1886.
5538.8722900877	1578.551643369287	3.771819784555902	1887.
5552.304837002605	1582.327020531785	3.7789363652194865	1888.
5565.76518709464	1586.1095197510517	3.7860638998653737	1889.
5579.253382420528	1589.8991519863994	3.7932023991571047	1890.
5592.769465068994	1593.6959282078028	3.8003518737582205	1891.
5606.313477160743	1597.4998593959072	3.8075123343322677	1892.
5619.885460848488	1601.3109565420132	3.814683791542789	1893.
5633.485458316915	1605.1292306480918	3.8218662560533296	1894.
5647.113511782709	1608.9546927267752	3.829059738527432	1895.
5660.769663494547	1612.7873538013564	3.836264249628641	1896.
5674.453955733093	1616.627224905796	3.8434798000205	1897.
5688.1664308109985	1620.4743170847141	3.8507064003665494	1898.
5701.9071310729105	1624.3286413934015	3.857944061330338	1899.
5715.676098895464	1628.1902088978022	3.865192793575403	1900.
5729.473376687297	1632.0590306745344	3.8724526077652968	1901.
5743.299006889016	1635.9351178108695	3.8797235145635565	1902.
5757.1530319732365	1639.81848140475	3.8870055246337287	1903.
5771.035494444553	1643.709132564783	3.8942986486393565	1904.
5784.946436839561	1647.607082410228	3.9016028972439827	1905.
5798.885901726835	1651.5123420710238	3.908918281111154	1906.
5812.853931706942	1655.424922687761	3.9162448109044057	1907.
5826.850569412459	1659.3448354116958	3.923582497287292	1908.
5840.875857507922	1663.272091404754	3.93093135092335	1909.
5854.929838689892	1667.206701839515	3.9382913824761285	1910.
5869.012555686883	1671.148677899233	3.9456626026091666	1911.
5883.124051259433	1675.098030777816	3.953045021986009	1912.
5897.264368200059	1679.0547716798383	3.960438651270202	1913.
5911.433549333247	1683.0189118205449	3.9678435011252837	1914.
5925.631637515514	1686.9904624258352	3.975259582214804	1915.
5939.858675635332	1690.9694347322743	3.9826869052023	1916.
5954.114706613199	1694.955839987093	3.990125480751326	1917.
5968.399773401559	1698.949689448184	3.9975753195254136	1918.
5982.713918984889	1702.9509943841067	4.005036432188117	1919.
5997.057186379624	1706.9597660740787	4.01250882940297	1920.
6011.42961863421	1710.9760158079835	4.019992521833521	1921.
6025.831258829086	1714.9997548863707	4.027487520143318	1922.
6040.2621500766645	1719.030994620453	4.0349938349959	1923.
6054.722335521355	1723.0697463320994	4.042511477054809	1924.
6069.211858339562	1727.116021353852	4.0500404569835915	1925.
6083.730761739679	1731.169831028912	4.05758078544579	1926.
6098.279088962095	1735.2311867111425	4.065132473104949	1927.
6112.85688327918	1739.3000997650743	4.072695530624612	1928.
6127.4641879953	1743.3765815658994	4.0802699686683255	1929.
6142.101046446808	1747.4606434994748	4.087855797899628	1930.
6156.767502002053	1751.5522969623157	4.095453028982066	1931.
6171.463598061376	1755.6515533616093	4.103061672579184	1932.
6186.18937805709	1759.7584241151994	4.11068173935452	1933.
6200.944885453527	1763.872920651599	4.118313239971627	1934.
6215.730163746993	1767.9950544099788	4.125956185094042	1935.
6230.545256465787	1772.1248368401757	4.133610585385311	1936.
6245.390207170198	1776.2622794026925	4.141276451508977	1937.
6260.265059452507	1780.407393568692	4.148953794128586	1938.
6275.169856936992	1784.5601908200028	4.156642623907681	1939.
6290.104643279897	1788.7206826491165	4.1643429515098	1940.
6305.069462169486	1792.8888805591846	4.172054787598491	1941.
6320.064357326003	1797.0647960640308	4.179778142837298	1942.
6335.0893725016895	1801.2484406881308	4.187513027889768	1943.
6350.144551480757	1805.439825966636	4.195259453419441	1944.
6365.229938079419	1809.6389634453503	4.203017430089856	1945.
6380.3455761459	1813.8458646807508	4.210786968564568	1946.
6395.49150956038	1818.0605412399677	4.218568079507111	1947.
6410.667782235041	1822.2830047008088	4.226360773581032	1948.
6425.874438114079	1826.5132666517297	4.234165061449875	1949.
6441.111521173642	1830.7513386918604	4.2419809537771815	1950.
6456.379075421913	1834.9972324309897	4.2498084612265	1951.
6471.677144899022	1839.250959489575	4.257647594461371	1952.
6487.005773677114	1843.5125314987295	4.265498364145337	1953.
6502.365005860321	1847.781960100238	4.273360780941944	1954.
6517.754885584763	1852.0592569465393	4.281234855514732	1955.
6533.1754570185585	1856.3444337007463	4.289120598527251	1956.
6548.6267643618	1860.637502036629	4.297018020643041	1957.
6564.108851846592	1864.9384736386214	4.304927132525645	1958.
6579.621763737012	1869.247360201824	4.312847944838609	1959.
6595.165544329133	1873.5641734319975	4.320780468245475	1960.
6610.740237951025	1877.8889250455682	4.3287247134097875	1961.
6626.345888962737	1882.2216267696226	4.336680690995086	1962.
6641.982541756321	1886.5622903419176	4.34464841166492	1963.
6657.650240755815	1890.910927510868	4.352627886082832	1964.
6673.349030417247	1895.267550035554	4.3606191249123665	1965.
6689.078955228631	1899.632169685719	4.368622138817065	1966.
6704.840059709975	1904.0047982417695	4.37663693846047	1967.
6720.632388413291	1908.3854474947725	4.38466353450613	1968.
6736.455985922549	1912.7741292464684	4.392701937617581	1969.
6752.310896853746	1917.1708553092517	4.400752158458374	1970.
6768.197165854848	1921.5756375061833	4.40881420769205	1971.
6784.114837605812	1925.988487670989	4.41688809598215	1972.
6800.063956818608	1930.4094176480553	4.424973833992226	1973.
6816.04456823716	1934.838439292434	4.4330714323858125	1974.
6832.056716637413	1939.2755644698423	4.441180901826458	1975.
6848.100446827282	1943.7208050566564	4.449302252977702	1976.
6864.17580364669	1948.1741729399223	4.457435496503091	1977.
6880.282831967551	1952.6356800173412	4.465580643066174	1978.
6896.421576693747	1957.1053381972883	4.473737703330487	1979.
6912.592082761169	1961.5831593987918	4.481906687959576	1980.
6928.794395137699	1966.069155551549	4.490087607616985	1981.
6945.028558823204	1970.5633385959231	4.498280472966259	1982.
6961.294618849541	1975.0657204829336	4.50648529467094	1983.
6977.592620280558	1979.576313174271	4.514702083394571	1984.
6993.9226082120995	1984.0951286422846	4.522930849800696	1985.
7010.284627771995	1988.622178869989	4.531171604552862	1986.
7026.678724120067	1993.1574758510592	4.5394243583146086	1987.
7043.1049424481325	1997.701031589842	4.5476891217494835	1988.
7059.563327979978	2002.252858101339	4.555965905521024	1989.
7076.053925971419	2006.8129674112165	4.564254720292782	1990.
7092.576781710226	2011.3813715558103	4.572555576728295	1991.
7109.131940516173	2015.9580825821172	4.580868485491109	1992.
7125.719447741033	2020.5431125477903	4.589193457244768	1993.
7142.339348768552	2025.1364735211569	4.597530502652813	1994.
7158.9916890144905	2029.7381775812014	4.605879632378793	1995.
7175.676513926569	2034.348236817575	4.614240857086244	1996.
7192.393868984526	2038.9666633305892	4.622614187438716	1997.
7209.143799700079	2043.5934692312235	4.6309996340997515	1998.
7225.926351616943	2048.2286666411133	4.639397207732895	1999.
7242.74157031081	2052.872267692565	4.647806919001686	2000.
7259.589501389365	2057.524284528549	4.656228778569671	2001.
7276.470190492299	2062.1847293026926	4.664662797100394	2002.
7293.383683291281	2066.8536141792915	4.6731089852574	2003.
7310.330025489974	2071.5309513333036	4.68156735370423	2004.
7327.309262824034	2076.2167529503517	4.690037913104431	2005.
7344.321441061093	2080.911031226719	4.698520674121541	2006.
7361.3666060008045	2085.6137983693548	4.707015647419112	2007.
7378.444803474776	2090.3250665958726	4.715522843660681	2008.
7395.5560793466175	2095.044848134546	4.724042273509788	2009.
7412.700479511956	2099.7731552243154	4.7325739476299855	2010.
7429.878049898384	2104.5100001147853	4.741117876684818	2011.
7447.088836465479	2109.255395066218	4.749674071337822	2012.
7464.3328852048235	2114.0093523495466	4.7582425422525425	2013.
7481.610242139986	2118.7718842463632	4.766823300092527	2014.
7498.92095332653	2123.5430030489274	4.775416355521319	2015.
7516.265064851998	2128.3227210601567	4.784021719202457	2016.
7533.642622835932	2133.111050593639	4.792639401799489	2017.
7551.053673429871	2137.908003973615	4.801269413975959	2018.
7568.498262817327	2142.7135935350047	4.809911766395409	2019.
7585.976437213821	2147.5278316233757	4.818566469721384	2020.
7603.488242866852	2152.35073059497	4.827233534617427	2021.
7621.033726055906	2157.1823028166887	4.83591297174708	2022.
7638.612933092484	2162.0225606660974	4.844604791773891	2023.
7656.225910320046	2166.871516531423	4.853309005361398	2024.
7673.872704114068	2171.729182811561	4.86202562317315	2025.
7691.553360882	2176.595571916066	4.8707546558726875	2026.
7709.267927063284	2181.4706962651576	4.879496114123553	2027.
7727.016449129373	2186.354568289718	4.888250008589296	2028.
7744.798973583682	2191.2472004312954	4.897016349933454	2029.
7762.61554696164	2196.1486051420984	4.905795148819575	2030.
7780.466215830639	2201.058794885002	4.914586415911197	2031.
7798.351026790093	2205.9777821335433	4.923390161871868	2032.
7816.2700264714	2210.905579371923	4.932206397365137	2033.
7834.223261537924	2215.842199095007	4.9410351330545375	2034.
7852.210778685046	2220.7876538083196	4.949876379603619	2035.
7870.232624640128	2225.7419560280555	4.958730147675924	2036.
7888.288846162521	2230.705118281068	4.967596447934996	2037.
7906.3794900435705	2235.677153104875	4.976475291044379	2038.
7924.504603106608	2240.6580730476603	4.985366687667614	2039.
7942.664232206967	2245.647890668269	4.9942706484682535	2040.
7960.858424231954	2250.64661853621	5.00318718410983	2041.
7979.087226100878	2255.6542692316584	5.012116305255894	2042.
7997.350684765032	2260.670855345445	5.021058022569983	2043.
8015.648847207718	2265.6963894790747	5.030012346715651	2044.
8033.981760444194	2270.730884244707	5.03897928835643	2045.
8052.349471521739	2275.774352265175	5.047958858155871	2046.
8070.752027519619	2280.8268061739614	5.056951066777518	2047.
8089.1894755490775	2285.8882586152235	5.065955924884912	2048.
8107.661862753358	2290.958722243781	5.0749734431416	2049.
8126.1692363076845	2296.038209725109	5.084003632211118	2050.
8144.711643419283	2301.1267337353606	5.0930465027570175	2051.
8163.289131327365	2306.224306961339	5.102102065442837	2052.
8181.901747303139	2311.3309421005165	5.111170330932126	2053.
8200.549538649804	2316.4466518610247	5.120251309888426	2054.
8219.23255270252	2321.57144896167	5.129345012975275	2055.
8237.950836828497	2326.705346131906	5.138451450856227	2056.
8256.704438426874	2331.848356111867	5.1475706341948175	2057.
8275.493404928813	2337.000491652338	5.1567025736545915	2058.
8294.317783797467	2342.1617655147697	5.165847279899095	2059.
8313.177622527966	2347.3321904712843	5.175004763591868	2060.
8332.072968647448	2352.511779304657	5.184175035396461	2061.
8351.003869715027	2357.700544808335	5.193358105976412	2062.
8369.970373321808	2362.898499786425	5.202553985995266	2063.
8388.9725270909	2368.1056570536944	5.2117626861165665	2064.
8408.01037867739	2373.322029435581	5.22098421700386	2065.
8427.08397576835	2378.5476297681785	5.230218589320682	2066.
8446.19336608287	2383.782470898253	5.239465813730588	2067.
8465.338597372005	2389.026565683225	5.248725900897114	2068.
8484.519717418807	2394.279926991188	5.257998861483806	2069.
8503.73677403832	2399.5425677008875	5.267284706154205	2070.
8522.989815077573	2404.8145007017433	5.276583445571857	2071.
8542.278888415603	2410.0957388938346	5.285895090400308	2072.
8561.60404196342	2415.3862951879014	5.295219651303096	2073.
8580.965323664022	2420.6861825053534	5.304557138943769	2074.
8600.362781492426	2425.9954137782556	5.31390756398587	2075.
8619.796463455605	2431.314001949347	5.3232709370929445	2076.
8639.266417592538	2436.641959972019	5.332647268928531	2077.
8658.7726919742	2441.979300810334	5.342036570156175	2078.
8678.315334703553	2447.326037439016	5.351438851439427	2079.
8697.894393915529	2452.6821828434545	5.36085412344182	2080.
8717.509917777086	2458.0477500196935	5.370282396826902	2081.
8737.16195448716	2463.422751974455	5.37972368225822	2082.
8756.850552276663	2468.807201725113	5.389177990399315	2083.
8776.575759408512	2474.2011122997114	5.398645331913734	2084.
8796.337624177595	2479.604496736952	5.408125717465012	2085.
8816.136194910834	2485.0173680862085	5.417619157716704	2086.
8835.97151996708	2490.439739407508	5.427125663332339	2087.
8855.843647737252	2495.8716237715485	5.4366452449754785	2088.
8875.752626644175	2501.3130342596883	5.446177913309652	2089.
8895.698505142731	2506.763983963953	5.455723678998412	2090.
8915.681331719747	2512.2244859870266	5.465282552705295	2091.
8935.701154894083	2517.694553442259	5.474854545093853	2092.
8955.758023216553	2523.17419945366	5.4844396668276225	2093.
8975.851985269981	2528.663437155916	5.494037928570151	2094.
8995.983089669175	2534.1622796943607	5.503649340984982	2095.
9016.151385060937	2539.670740224997	5.513273914735656	2096.
9036.35692012406	2545.1888319144987	5.522911660485722	2097.
9056.599743569312	2550.71656794019	5.532562588898713	2098.
9076.879904139489	2556.25396149007	5.5422267106381895	2099.
9097.197450609332	2561.801025762797	5.551904036367679	2100.
9117.552431785602	2567.35777396769	5.561594576750734	2101.
9137.944896507055	2572.924219324738	5.5712983424509	2102.
9158.37489364441	2578.500375064586	5.581015344131716	2103.
9178.842472100401	2584.086254428548	5.5907455924567255	2104.
9199.347680809738	2589.681870668603	5.600489098089474	2105.
9219.89056873914	2595.2872370473838	5.610245871693506	2106.
9240.47118488728	2600.902366838203	5.62001592393236	2107.
9261.089578284882	2606.5272733250144	5.62979926546959	2108.
9281.745797994583	2612.161969802461	5.639595906968726	2109.
9302.439893111088	2617.806469575826	5.649405859093324	2110.
9323.17191276103	2623.4607859610783	5.659229132506919	2111.
9343.941906103082	2629.124932284825	5.669065737873062	2112.
9364.749922327868	2634.798921884362	5.678915685855291	2113.
9385.59601065803	2640.48276810763	5.688778987117152	2114.
9406.480220348187	2646.176484313242	5.69865565232219	2115.
9427.40260068495	2651.880083870475	5.708545692133944	2116.
9448.363200986923	2657.593580159268	5.718449117215963	2117.
9469.362070604713	2663.31698657022	5.728365938231791	2118.
9490.39925892088	2669.050316504599	5.738296165844963	2119.
9511.474815350028	2674.793583374331	5.748239810719037	2120.
9532.588789338697	2680.5468006020114	5.758196883517542	2121.
9553.741230365455	2686.3099816208955	5.7681673949040295	2122.
9574.932187940856	2692.083139874901	5.778151355542043	2123.
9596.161711607434	2697.8662888186177	5.788148776095127	2124.
9617.429850939716	2703.6594419172857	5.798159667226823	2125.
9638.736655544215	2709.462612646819	5.808184039600675	2126.
9660.082175059448	2715.2758144937884	5.818221903880225	2127.
9681.46645915592	2721.099060955434	5.828273270729019	2128.
9702.889557536124	2726.932365539657	5.838338150810605	2129.
9724.351519934518	2732.7757417650205	5.848416554788516	2130.
9745.852396117596	2738.629203160755	5.858508493326303	2131.
9767.392235883828	2744.492763266748	5.868613977087511	2132.
9788.971089063645	2750.366435633558	5.878733016735678	2133.
9810.589005519503	2756.2502338224035	5.888865622934352	2134.
9832.246035145836	2762.144171405165	5.8990118063470725	2135.
9853.94222786908	2768.0482619643903	5.909171577637391	2136.
9875.67763364764	2773.962519093286	5.919344947468847	2137.
9897.452302471911	2779.88695639573	5.929531926504978	2138.
9919.26628436432	2785.821587486252	5.939732525409337	2139.
9941.119629379244	2791.766425990058	5.949946754845467	2140.
9963.012387603045	2797.7214855430097	5.960174625476906	2141.
9984.9446091541	2803.6867797916307	5.970416147967194	2142.
10006.916344182779	2809.662322393117	5.980671332979886	2143.
10028.927642871431	2815.6481270153204	5.990940191178522	2144.
10050.978555434393	2821.6442073367575	6.001222733226642	2145.
10073.069132117987	2827.6505770466115	6.011518969787792	2146.
10095.199423200565	2833.6672498447265	6.021828911525519	2147.
10117.36947899242	2839.694239441608	6.032152569103365	2148.
10139.579349835842	2845.7315595584346	6.042489953184866	2149.
10161.829086105156	2851.7792239270343	6.0528410744335766	2150.
10184.118738206624	2857.837246289912	6.063205943513033	2151.
10206.448356578536	2863.9056404002245	6.0735845710867835	2152.
10228.817991691143	2869.9844200218045	6.083976967818369	2153.
10251.22769404672	2876.0735989291347	6.094383144371335	2154.
10273.6775141795	2882.1731909073737	6.104803111409222	2155.
10296.167502655724	2888.2832097523374	6.115236879595576	2156.
10318.69771007363	2894.4036692705026	6.125684459593943	2157.
10341.268187063437	2900.534583279015	6.136145862067865	2158.
10363.87898428735	2906.675965605686	6.146621097680887	2159.
10386.530152439562	2912.82783008898	6.157110177096547	2160.
10409.22174224628	2918.990190578035	6.167613110978396	2161.
10431.953804465671	2925.163060932648	6.178129909989972	2162.
10454.726389887917	2931.346455023279	6.188660584794821	2163.
10477.539549335175	2937.5403867310556	6.199205146056485	2164.
10500.39333366162	2943.744869947764	6.209763604438514	2165.
10523.28779375336	2949.9599185758602	6.220335970604442	2166.
10546.222980528568	2956.1855465284557	6.230922255217823	2167.
10569.198944937343	2962.4217677293323	6.241522468942193	2168.
10592.215737961806	2968.668596112931	6.252136622441096	2169.
10615.273410616068	2974.9260456243596	6.262764726378078	2170.
10638.372013946235	2981.1941302193886	6.273406791416685	2171.
10661.511599030382	2987.4728638644497	6.284062828220458	2172.
10684.6922169786	2993.762260536639	6.29473284745294	2173.
10707.91391893295	3000.062334223718	6.305416859777678	2174.
10731.1767560675	3006.3730989241126	6.316114875858213	2175.
10754.480779588284	3012.6945686469076	6.326826906358084	2176.
10777.826040733353	3019.0267574118566	6.33755296194084	2177.
10801.21259077276	3025.3696792493724	6.348293053270034	2178.
10824.6404810085	3031.7233482005327	6.359047191009193	2179.
10848.109762774584	3038.087778317083	6.369815385821866	2180.
10871.62048743704	3044.4629836614236	6.380597648371602	2181.
10895.172706393856	3050.8489783066257	6.391393989321944	2182.
10918.766471074996	3057.2457763364205	6.402204419336426	2183.
10942.401832942463	3063.653391845207	6.413028949078603	2184.
10966.07884349021	3070.0718389380418	6.423867589212014	2185.
10989.797554244196	3076.501131730649	6.4347203504002035	2186.
11013.558016762358	3082.9412843494147	6.44558724330671	2187.
11037.360282634672	3089.3923109313882	6.456468278595091	2188.
11061.204403483021	3095.854225624287	6.467363466928875	2189.
11085.090430961343	3102.327042586483	6.478272818971611	2190.
11109.018416755554	3108.810775987021	6.489196345386844	2191.
11132.988412583547	3115.3054400056035	6.500134056838117	2192.
11157.000470195231	3121.8110488325965	6.511085963988979	2193.
11181.054641372462	3128.3276166690357	6.522052077502963	2194.
11205.150977929134	3134.8551577266126	6.533032408043621	2195.
11229.289531711096	3141.393686227685	6.54402696627449	2196.
11253.470354596211	3147.9432164052814	6.555035762859122	2197.
11277.693498494315	3154.5037625030764	6.566058808461053	2198.
11301.959015347267	3161.0753387754276	6.577096113743837	2199.
11326.266957128862	3167.6579594873447	6.588147689371004	2200.
11350.617375844933	3174.2516389145057	6.599213546006107	2201.
11375.010323533286	3180.856391343248	6.610293694312686	2202.
11399.445852263723	3187.4722310705774	6.62138814495429	2203.
11423.92401413801	3194.099172404157	6.632496908594451	2204.
11448.444861289954	3200.7372296623216	6.643619995896724	2205.
11473.008445885323	3207.386417174055	6.6547574175246496	2206.
11497.614820121858	3214.0467492790312	6.665909184141771	2207.
11522.264036229328	3220.71824032756	6.677075306411634	2208.
11546.956146469467	3227.400904680626	6.6882557949977794	2209.
11571.691203136	3234.0947567098838	6.699450660563748	2210.
11596.469258554658	3240.7998107976373	6.710659913773087	2211.
11621.290365083158	3247.516081336864	6.721883565289341	2212.
11646.154575111203	3254.2435827312056	6.7331216257760556	2213.
11671.061941060492	3260.982329394962	6.744374105896773	2214.
11696.012515384693	3267.7323357530995	6.75564101631503	2215.
11721.00635056951	3274.493616241243	6.766922367694383	2216.
11746.043499132582	3281.2661853056925	6.778218170698365	2217.
11771.12401362357	3288.050057403402	6.789528435990519	2218.
11796.24794662413	3294.845247001992	6.800853174234394	2219.
11821.415350747917	3301.6517685797426	6.81219239609354	2220.
11846.626278640524	3308.4696366256085	6.823546112231487	2221.
11871.880782979608	3315.298865639189	6.83491433331179	2222.
11897.178916474755	3322.1394701307627	6.846297069997984	2223.
11922.520731867571	3328.991464621273	6.857694332953617	2224.
11947.90628193165	3335.8548636423147	6.869106132842232	2225.
11973.335619472573	3342.7296817361594	6.880532480327373	2226.
11998.80879732792	3349.615933455726	6.891973386072584	2227.
12024.325868367243	3356.5136333646115	6.903428860741409	2228.
12049.886885492117	3363.42279603707	6.9148989149973925	2229.
12075.491901636065	3370.3434360580222	6.926383559504076	2230.
12101.140969764627	3377.275568023051	6.937882804925001	2231.
12126.834142875341	3384.219206538397	6.949396661923718	2232.
12152.571473997705	3391.1743662209765	6.960925141163763	2233.
12178.353016193238	3398.1410616983585	6.9724682533086835	2234.
12204.178822555445	3405.1193076087857	6.984026009022028	2235.
12230.048946209798	3412.109118601149	6.9955984189673295	2236.
12255.963440313799	3419.110509335017	7.007185493808144	2237.
12281.92235805689	3426.1234944806174	7.018787244208003	2238.
12307.925752660554	3433.1480887188427	7.030403680830458	2239.
12333.973677378228	3440.184306741241	7.042034814339049	2240.
12360.066185495372	3447.232163250038	7.0536806553973275	2241.
12386.203330329407	3454.2916729581075	7.065341214668829	2242.
12412.385165229742	3461.362850588999	7.077016502817093	2243.
12438.61174357781	3468.44571087692	7.088706530505673	2244.
12464.883118787016	3475.540268566746	7.1004113083981135	2245.
12491.19934430274	3482.6465384140056	7.112130847157946	2246.
12517.560473602389	3489.764535184904	7.12386515744873	2247.
12543.966560195324	3496.8942736563004	7.135614249933997	2248.
12570.417657622913	3504.035768615725	7.147378135277297	2249.
12596.913819458514	3511.1890348613642	7.159156824142169	2250.