9.742712e-8	7.78799e-13	1.047129e-10	930.428808666363
9.969651e-8	8.092866e-13	1.0715190000000001e-10	930.4297850677403
1.020188e-7	8.409501e-13	1.096478e-10	930.4303501766565
1.043951e-7	8.73834e-13	1.1220180000000002e-10	930.4304728979391
1.068268e-7	9.079846e-13	1.148154e-10	930.4301338026083
1.093151e-7	9.434498e-13	1.174898e-10	930.4300752048265
1.118614e-7	9.802794e-13	1.202264e-10	930.4310890070733
1.14467e-7	1.018525e-12	1.230269e-10	930.4308124889759
1.171333e-7	1.05824e-12	1.258925e-10	930.4315844073315
1.198618e-7	1.09948e-12	1.28825e-10	930.4319773335923
1.226537e-7	1.142303e-12	1.318257e-10	930.4319438698221
1.255107e-7	1.186768e-12	1.348963e-10	930.4323896800727
1.284343e-7	1.232937e-12	1.380384e-10	930.4333644623524
1.314259e-7	1.280874e-12	1.412538e-10	930.4328865772108
1.344873e-7	1.330647e-12	1.4454399999999998e-10	930.4338516091987
1.376199e-7	1.382322e-12	1.479108e-10	930.4343044726957
1.408255e-7	1.435974e-12	1.513561e-10	930.4344917317505
1.441058e-7	1.491674e-12	1.548817e-10	930.4345941063405
1.474625e-7	1.549501e-12	1.584893e-10	930.435363781656
1.508974e-7	1.609534e-12	1.62181e-10	930.4358065001448
1.544122e-7	1.671855e-12	1.6595870000000001e-10	930.4355351964074
1.58009e-7	1.736551e-12	1.698244e-10	930.4360065514733
1.616896e-7	1.80371e-12	1.737801e-10	930.43682049901
1.654558e-7	1.873423e-12	1.7782789999999997e-10	930.4370878979058
1.693098e-7	1.945787e-12	1.8197010000000002e-10	930.4371750468895
1.732536e-7	2.0209e-12	1.862087e-10	930.4378415186832
1.772893e-7	2.098865e-12	1.905461e-10	930.4383499058758
1.814189e-7	2.179788e-12	1.9498450000000002e-10	930.4384696629733
1.856447e-7	2.263778e-12	1.9952619999999999e-10	930.4390289495815
1.89969e-7	2.350951e-12	2.041738e-10	930.4394146114731
1.94394e-7	2.441423e-12	2.089296e-10	930.4399253289146
1.989221e-7	2.535318e-12	2.1379620000000003e-10	930.4404630110357
2.035557e-7	2.632763e-12	2.187762e-10	930.4409381047847
2.082971e-7	2.733888e-12	2.238721e-10	930.441238046188
2.131491e-7	2.838831e-12	2.290868e-10	930.4418186949225
2.18114e-7	2.947732e-12	2.344229e-10	930.4421527589667
2.231946e-7	3.060738e-12	2.398833e-10	930.4426808285529
2.2839360000000003e-7	3.178e-12	2.454709e-10	930.4433967529349
2.337136e-7	3.299676e-12	2.511886e-10	930.443896243699
2.391576e-7	3.425927e-12	2.570396e-10	930.4442814531302
2.447283e-7	3.556923e-12	2.630268e-10	930.4445665726839
2.504289e-7	3.692838e-12	2.691535e-10	930.4452397535234
2.562622e-7	3.833852e-12	2.754229e-10	930.445630526728
2.622314e-7	3.980154e-12	2.818383e-10	930.4462174019641
2.683397e-7	4.131936e-12	2.884032e-10	930.4467909371325
2.745902e-7	4.289401e-12	2.951209e-10	930.4474518781965
2.809863e-7	4.452756e-12	3.019952e-10	930.4477447191213
2.875314e-7	4.622216e-12	3.090295e-10	930.448459503057
2.94229e-7	4.798006e-12	3.162278e-10	930.4488663109314
3.010826e-7	4.980355e-12	3.2359370000000006e-10	930.4494505146422
3.080958e-7	5.169504e-12	3.3113109999999996e-10	930.4501132753766
3.152724e-7	5.3657e-12	3.3884420000000004e-10	930.4505306568625
3.226162e-7	5.5692e-12	3.4673690000000003e-10	930.4512130090568
3.30131e-7	5.780271e-12	3.548134e-10	930.4518382648456
3.378209e-7	5.999186e-12	3.6307810000000007e-10	930.4524265881088
3.456899e-7	6.226231e-12	3.715352e-10	930.4532282028728
3.537422e-7	6.461702e-12	3.801894e-10	930.4537730457502
3.619821e-7	6.705902e-12	3.890451e-10	930.4546077100059
3.704139e-7	6.95915e-12	3.9810719999999997e-10	930.4550612247153
3.790421e-7	7.221772e-12	4.0738029999999993e-10	930.4556989427324
3.878713e-7	7.494107e-12	4.168694e-10	930.456382999088
3.969062e-7	7.776505e-12	4.265795e-10	930.4572219363565
4.061515e-7	8.069331e-12	4.365158e-10	930.4578879641928
4.156121e-7	8.372959e-12	4.466836e-10	930.4583220852522
4.252932e-7	8.68778e-12	4.570882e-10	930.4591275381862
4.351997e-7	9.014195e-12	4.677351000000001e-10	930.459814102042
4.453371e-7	9.352621e-12	4.786301e-10	930.4606054257767
4.557105e-7	9.703489e-12	4.897788e-10	930.4612684113728
4.6632559999999994e-7	1.006725e-11	5.011871999999999e-10	930.4620454193562
4.77188e-7	1.044435e-11	5.128614e-10	930.4627806849962
4.883034e-7	1.083529e-11	5.248075e-10	930.4635228917269
4.996777e-7	1.124055e-11	5.370318e-10	930.4643422419305
5.113169e-7	1.166065e-11	5.495409e-10	930.4649765831806
5.232273e-7	1.209611e-11	5.623413e-10	930.465886304278
5.354151e-7	1.254748e-11	5.754399000000001e-10	930.4666698989764
5.478868e-7	1.301533e-11	5.888436999999999e-10	930.4673130238125
5.606491e-7	1.350025e-11	6.025595999999999e-10	930.4682893609197
5.737086e-7	1.400285e-11	6.16595e-10	930.469113194236
5.870723e-7	1.452374e-11	6.309573e-10	930.4699759238857
6.007473e-7	1.506358e-11	6.456542e-10	930.4707745725187
6.147409e-7	1.562305e-11	6.606934000000001e-10	930.4717181222031
6.290604e-7	1.620283e-11	6.760829999999999e-10	930.4724461789453
6.437135e-7	1.680365e-11	6.918309999999999e-10	930.4733434176845
6.587079e-7	1.742624e-11	7.079458e-10	930.4742343834796
6.740516e-7	1.807139e-11	7.244359999999999e-10	930.4751163525833
6.897527e-7	1.873987e-11	7.413102e-10	930.4761216964235
7.058195e-7	1.943253e-11	7.585775999999999e-10	930.4768985137447
7.222606e-7	2.01502e-11	7.762471000000001e-10	930.4778725743387
7.390847e-7	2.089377e-11	7.943281999999999e-10	930.4788546724138
7.563007e-7	2.166414e-11	8.128305e-10	930.4798037721271
7.739177e-7	2.246226e-11	8.317638000000001e-10	930.4806992802523
7.919451e-7	2.32891e-11	8.51138e-10	930.4817657066186
8.103925e-7	2.414567e-11	8.709636e-10	930.482795917074
8.292695e-7	2.5033e-11	8.912509e-10	930.4838098901218
8.485863e-7	2.595218e-11	9.120107999999999e-10	930.4848716484498
8.68353e-7	2.690431e-11	9.332542999999998e-10	930.4858325431771
8.885802e-7	2.789054e-11	9.549926e-10	930.486886013567
9.092785e-7	2.891207e-11	9.772372e-10	930.4879225535009
9.304590000000001e-7	2.997011e-11	1.0000000000000003e-9	930.48897011
9.521329e-7	3.106595e-11	1.023293e-9	930.4900609600573
9.743117e-7	3.220089e-11	1.047129e-9	930.4907999778443
9.970071e-7	3.33763e-11	1.071519e-9	930.4925776397806
1.020231e-6	3.459357e-11	1.096478e-9	930.4934468087824
1.043996e-6	3.585415e-11	1.122018e-9	930.4947462072801
1.068315e-6	3.715955e-11	1.148154e-9	930.4955254695799
1.0932e-6	3.851132e-11	1.174898e-9	930.4965293327591
1.118665e-6	3.991105e-11	1.202264e-9	930.4985519403393
1.144723e-6	4.13604e-11	1.230269e-9	930.4992326068526
1.171388e-6	4.286109e-11	1.2589250000000002e-9	930.5009123577655
1.198674e-6	4.441488e-11	1.28825e-9	930.5013893887057
1.226596e-6	4.60236e-11	1.3182569999999998e-9	930.5029471491522
1.255168e-6	4.768913e-11	1.348963e-9	930.5041644062884
1.284406e-6	4.941343e-11	1.380384e-9	930.5058689683452
1.314324e-6	5.119851e-11	1.412538e-9	930.5060809054341
1.34494e-6	5.304646e-11	1.4454400000000001e-9	930.5076976284039
1.376269e-6	5.495944e-11	1.479108e-9	930.5094417987057
1.408328e-6	5.693966e-11	1.513561e-9	930.51085464015
1.441133e-6	5.898942e-11	1.548817e-9	930.5114738668287
1.474703e-6	6.11111e-11	1.584893e-9	930.5133602710088
1.509055e-6	6.330715e-11	1.62181e-9	930.5148612661162
1.544207e-6	6.558011e-11	1.659587e-9	930.5161947580934
1.580177e-6	6.79326e-11	1.6982440000000002e-9	930.5170120430279
1.616986e-6	7.036732e-11	1.7378010000000003e-9	930.5187229838168
1.654652e-6	7.288706e-11	1.778279e-9	930.520400375869
1.693196e-6	7.549472e-11	1.819701e-9	930.5218245854677
1.732637e-6	7.819327e-11	1.8620869999999998e-9	930.523221133062
1.772997e-6	8.098581e-11	1.905461e-9	930.5244168261643
1.814298e-6	8.38755e-11	1.949845e-9	930.5262087499264
1.85656e-6	8.686564e-11	1.995262e-9	930.5278533044784
1.8998069999999998e-6	8.995962e-11	2.041738e-9	930.5292645873271
1.944061e-6	9.316096e-11	2.089296e-9	930.5307438295005
1.989346e-6	9.647326e-11	2.1379620000000006e-9	930.5321952682041
2.035687e-6	9.990029e-11	2.187762e-9	930.5339887474048
2.083106e-6	1.034459e-10	2.238721e-9	930.5355360940467
2.13163e-6	1.071141e-10	2.290868e-9	930.536859434939
2.181285e-6	1.109089e-10	2.344229e-9	930.5387438257952
2.232096e-6	1.148347e-10	2.398833e-9	930.5403230237371
2.284091e-6	1.188959e-10	2.454709e-9	930.5420299921495
2.337297e-6	1.230969e-10	2.511886e-9	930.5438610271327
2.391743e-6	1.274425e-10	2.5703959999999997e-9	930.545504467016
2.447457e-6	1.319375e-10	2.630268e-9	930.5473577217227
2.504468e-6	1.365869e-10	2.691535e-9	930.5487712030496
2.562808e-6	1.413959e-10	2.754229e-9	930.5505809066713
2.622507e-6	1.463698e-10	2.818383e-9	930.5525082290093
2.683597e-6	1.515141e-10	2.8840319999999994e-9	930.5543468657769
2.746109e-6	1.568345e-10	2.9512089999999995e-9	930.5562006960538
2.810078e-6	1.623369e-10	3.019952e-9	930.5579482389123
2.875537e-6	1.680272e-10	3.0902949999999996e-9	930.5600362424946
2.942521e-6	1.739118e-10	3.162278e-9	930.5617380255626
3.011065e-6	1.799971e-10	3.235937e-9	930.5635422135845
3.081206e-6	1.862899e-10	3.311311e-9	930.5656550834398
3.152981e-6	1.927969e-10	3.388442e-9	930.5674398145223
3.226428e-6	1.995252e-10	3.467369e-9	930.5694101781495
3.301586e-6	2.064823e-10	3.548134e-9	930.5715292319851
3.378494e-6	2.136757e-10	3.630781e-9	930.5732501354393
3.457195e-6	2.211132e-10	3.7153519999999994e-9	930.575652912564
3.537728e-6	2.288028e-10	3.801894e-9	930.5774445052913
3.620138e-6	2.36753e-10	3.890451e-9	930.579707339843
3.704468e-6	2.449722e-10	3.981072e-9	930.5817559190086
3.790762e-6	2.534695e-10	4.073803e-9	930.5838965458075
3.879066e-6	2.622538e-10	4.168694e-9	930.5859949902775
3.969427e-6	2.713348e-10	4.265795000000001e-9	930.5881634724594
4.061893e-6	2.807222e-10	4.365158e-9	930.5903067426196
4.156514e-6	2.90426e-10	4.466836e-9	930.5925773858721
4.253338e-6	3.004567e-10	4.570882e-9	930.5946766291495
4.352418e-6	3.108249e-10	4.677351e-9	930.5970034962097
4.453806e-6	3.215419e-10	4.786301e-9	930.599129035136
4.538835e-6	3.306119e-10	4.877671e-9	930.6010208355586
4.675023e-6	3.30612e-10	5.024015000107458e-9	930.601045558184
4.772363e-6	3.407815e-10	5.128614e-9	930.6030404120879
4.883534e-6	3.525066e-10	5.248075000000001e-9	930.6053184453347
4.997294e-6	3.646249e-10	5.370318e-9	930.6075775959636
5.113705e-6	3.771492e-10	5.4954089999999994e-9	930.6099235197962
5.232827e-6	3.900928e-10	5.623413e-9	930.6122621262211
5.354725e-6	4.034695e-10	5.754399e-9	930.6147296181581
5.479462e-6	4.172934e-10	5.888437e-9	930.6169520706429
5.607105e-6	4.31579e-10	6.025596000000001e-9	930.6194074411893
5.737721e-6	4.463415e-10	6.16595e-9	930.6217762875144
5.871381e-6	4.615965e-10	6.309573e-9	930.6244014452324
6.008154e-6	4.773598e-10	6.456542e-9	930.6268525473853
6.148113e-6	4.936482e-10	6.606933999999999e-9	930.6293430810722
6.291332e-6	5.104787e-10	6.76083e-9	930.631664854759
6.437888e-6	5.278688e-10	6.918310000000001e-9	930.634196617382
6.587859e-6	5.458369e-10	7.079458e-9	930.6368986015597
6.741322e-6	5.644017e-10	7.24436e-9	930.6393389754237
6.898361e-6	5.835826e-10	7.413102e-9	930.642068947655
7.059059e-6	6.033995e-10	7.585776e-9	930.6447223725035
7.2235e-6	6.238732e-10	7.762471e-9	930.6474540387977
7.391771e-6	6.450248e-10	7.943282e-9	930.6500795011433
7.563963e-6	6.668763e-10	8.128305e-9	930.6528084637573
7.740166e-6	6.894505e-10	8.317637999999998e-9	930.6554878320024
7.920474e-6	7.127707e-10	8.51138e-9	930.6583386830338
8.104983e-6	7.36861e-10	8.709636e-9	930.6611505922866
8.293789e-6	7.617464e-10	8.912509e-9	930.6639405805929
8.486994e-6	7.874525e-10	9.120108e-9	930.6667697904454
8.684701e-6	8.140058e-10	9.332543e-9	930.669701259346
8.887013e-6	8.414337e-10	9.549926e-9	930.6725972222193
9.094038e-6	8.697645e-10	9.772371999999998e-9	930.6755580426126
9.305886e-6	8.990271e-10	1.e-8	930.67850271
9.522669e-6	9.292518e-10	1.023293e-8	930.6814618882372
9.744502e-6	9.604694e-10	1.047129e-8	930.6840388720016
9.971504e-6	9.927119e-10	1.071519e-8	930.6878097261924
0.00001020379	1.026012e-9	1.0964780000000002e-8	930.6904481439664
0.00001044149	1.060405e-9	1.1220179999999998e-8	930.6936613316362
0.00001068473	1.095924e-9	1.148154e-8	930.6962240256969
0.00001093364	1.132607e-9	1.174898e-8	930.6997379346973
0.00001118834	1.170491e-9	1.202264e-8	930.7032807270284
0.00001144898	1.209614e-9	1.230269e-8	930.7061800305462
0.00001171569	1.250016e-9	1.258925e-8	930.7099323629286
0.00001198861	1.291738e-9	1.28825e-8	930.7123413933631
0.00001226789	1.334822e-9	1.318257e-8	930.7156967116427
0.00001255368	1.379313e-9	1.3489630000000002e-8	930.7193238806401
0.00001284613	1.425255e-9	1.3803840000000001e-8	930.7232809855808
0.00001314539	1.472695e-9	1.4125379999999998e-8	930.7263022304534
0.00001345162	1.52168e-9	1.44544e-8	930.729859419969
0.00001376498	1.57226e-9	1.479108e-8	930.733405539014
0.00001408565	1.624487e-9	1.513561e-8	930.7371481559052
0.00001441378	1.678413e-9	1.548817e-8	930.7399397733883
0.00001474956	1.734091e-9	1.584893e-8	930.7438477550221
0.00001509316	1.791579e-9	1.6218099999999996e-8	930.7472255689632
0.00001544477	1.850934e-9	1.6595870000000003e-8	930.7508997117957
0.00001580457	1.912216e-9	1.6982440000000004e-8	930.7544861633544
0.00001617275	1.975486e-9	1.737801e-8	930.7582102899008
0.00001654951	2.040808e-9	1.778279e-8	930.7623161494905
0.00001693504	2.108247e-9	1.819701e-8	930.7654525111543
0.00001732956	2.17787e-9	1.8620870000000003e-8	930.7695005657631
0.00001773327	2.249748e-9	1.9054609999999996e-8	930.7731697473735
0.00001814639	2.323952e-9	1.949845e-8	930.7772644492253
0.00001856912	2.400556e-9	1.995262e-8	930.7810481029559
0.00001900171	2.479638e-9	2.041738e-8	930.7849311713843
0.00001944438	2.561274e-9	2.089296e-8	930.7891880327153
0.00001989735	2.645548e-9	2.137962e-8	930.7927618919325
0.00002036089	2.732543e-9	2.187762e-8	930.7969762250191
0.00002083522	2.822346e-9	2.238721e-8	930.801218463578
0.0000213206	2.915045e-9	2.290868e-8	930.8050505310651
0.00002181729	3.010733e-9	2.344229e-8	930.8092653490764
0.00002232555	3.109505e-9	2.398833e-8	930.8134207341653
0.00002284565	3.211459e-9	2.4547090000000004e-8	930.8175208955521
0.00002337787	3.316696e-9	2.5118860000000003e-8	930.8219678759307
0.00002392249	3.42532e-9	2.5703959999999997e-8	930.8260408123884
0.0000244798	3.53744e-9	2.6302680000000005e-8	930.8305252544607
0.00002505009	3.653165e-9	2.691535e-8	930.8347528454952
0.00002563367	3.77261e-9	2.754229e-8	930.8391789498985
0.00002623084	3.895894e-9	2.8183830000000005e-8	930.8435331181034
0.00002684193	4.023137e-9	2.8840320000000005e-8	930.8479634414597
0.00002746725	4.154466e-9	2.9512090000000002e-8	930.852557917789
0.00002810714	4.29001e-9	3.019952e-8	930.8568483869942
0.00002876195	4.429903e-9	3.090295e-8	930.8619372260578
0.000029432	4.574283e-9	3.162278e-8	930.8661124354026
0.00003011767	4.723291e-9	3.235937e-8	930.8708201364859
0.00003081931	4.877074e-9	3.311311e-8	930.8756282330471
0.0000315373	5.035783e-9	3.388442e-8	930.8802034386305
0.00003227202	5.199575e-9	3.4673690000000004e-8	930.8850478561699
0.00003302385	5.36861e-9	3.548134e-8	930.8898313874276
0.00003379321	5.543054e-9	3.630781000000001e-8	930.8948420188383
0.00003458048	5.723078e-9	3.715352e-8	930.8997661056071
0.0000353861	5.908859e-9	3.801894e-8	930.9046716978434
0.00003621049	6.100579e-9	3.890451e-8	930.9098245678972
0.00003705408	6.298425e-9	3.981072e-8	930.9145482674014
0.00003791733	6.502591e-9	4.073803e-8	930.9196490601042
0.0000388007	6.713277e-9	4.168694e-8	930.9249677956693
0.00003970464	6.930689e-9	4.265795e-8	930.9301241386424
0.00004062964	7.155039e-9	4.3651580000000004e-8	930.9352614269632
0.0000415762	7.386547e-9	4.466836000000001e-8	930.9405258442439
0.00004254481	7.625437e-9	4.570882e-8	930.9458313953413
0.00004353598	7.871944e-9	4.677351000000001e-8	930.9511290471894
0.00004455025	8.126309e-9	4.786301e-8	930.9564172625165
0.00004558815	8.388777e-9	4.897787999999999e-8	930.9618704811234
0.00004665024	8.659607e-9	5.011872e-8	930.9675029011116
0.00004773706	8.93906e-9	5.1286140000000005e-8	930.9727552122268
0.00004884922	9.22741e-9	5.248074999999999e-8	930.9784522896492
0.00004998728	9.524937e-9	5.370317999999999e-8	930.984067181869
0.00005115186	9.831929e-9	5.495409e-8	930.9897030230143
0.00005234357	1.014869e-8	5.623413e-8	930.9954415583561
0.00005356305	1.047552e-8	5.7543990000000006e-8	931.0012308844068
0.00005481094	1.081274e-8	5.888436999999999e-8	931.0068654890932
0.00005608791	1.116067e-8	6.025596e-8	931.0128105170013
0.000057394629999999996	1.151966e-8	6.16595e-8	931.0187345015772
0.00005873179	1.189006e-8	6.309573e-8	931.0246519059214
0.00006010011	1.227221e-8	6.456542e-8	931.0306075605178
0.00006150031	1.26665e-8	6.606934e-8	931.0366427150628
0.00006293314	1.30733e-8	6.76083e-8	931.0426870665287
0.00006439935	1.349302e-8	6.91831e-8	931.0488113426546
0.00006589972	1.392604e-8	7.079457999999999e-8	931.0549768075465
0.00006743505	1.43728e-8	7.24436e-8	931.0611675841619
0.00006900616	1.483373e-8	7.413102e-8	931.0676384865607
0.00007061387	1.530926e-8	7.585776e-8	931.0738843329938
0.00007225904	1.579987e-8	7.762470999999999e-8	931.0803205577195
0.00007394254	1.630602e-8	7.943281999999999e-8	931.0867475182173
0.00007566527	1.682821e-8	8.128305e-8	931.0932378890802
0.00007742814	1.736693e-8	8.317638000000002e-8	931.0997536800711
0.00007923208	1.792272e-8	8.51138e-8	931.1063860384567
0.00008107806	1.849609e-8	8.709636e-8	931.1130349190254
0.00008296705	1.908762e-8	8.912509e-8	931.1198184484302
0.00008490005	1.969786e-8	9.120108000000001e-8	931.1265596854773
0.00008687809	2.03274e-8	9.332543e-8	931.1333191821351
0.00008890223	2.097686e-8	9.549926000000002e-8	931.1402712439865
0.00009097352	2.164686e-8	9.772372e-8	931.1471857600181
0.00009309308	2.233804e-8	9.999999999999998e-8	931.1541804000001
0.00009526202	2.305107e-8	1.0232929999999999e-7	931.1611734859908
0.00009748151	2.378664e-8	1.0471290000000001e-7	931.1679519906335
0.0000997527	2.454544e-8	1.071519e-7	931.1756995442918
0.0001020768	2.532822e-8	1.0964780000000002e-7	931.1826431538069
0.0001044551	2.613572e-8	1.1220180000000002e-7	931.1903705644651
0.0001068888	2.696873e-8	1.148154e-7	931.1971105792429
0.0001093792	2.782803e-8	1.174898e-7	931.2044792824568
0.0001119276	2.871447e-8	1.202264e-7	931.2123998556058
0.0001145354	2.962888e-8	1.230269e-7	931.2193421113595
0.000117204	3.057214e-8	1.2589249999999996e-7	931.2276119705305
0.0001199348	3.154517e-8	1.28825e-7	931.2349712400544
0.0001227291	3.254889e-8	1.318257e-7	931.242154526773
0.0001255886	3.358427e-8	1.348963e-7	931.2500362871333
0.0001285148	3.465231e-8	1.3803839999999998e-7	931.2586375240514
0.0001315091	3.575401e-8	1.412538e-7	931.265948314311
0.0001345732	3.689045e-8	1.44544e-7	931.2741480102943
0.0001377086	3.806271e-8	1.479108e-7	931.281980152903
0.0001409172	3.927191e-8	1.513561e-7	931.2903273141949
0.0001442005	4.051922e-8	1.548817e-7	931.2980114500293
0.0001475603	4.180582e-8	1.584893e-7	931.3064403716844
0.0001509984	4.313295e-8	1.62181e-7	931.314598812438
0.0001522496	4.361852e-8	1.6352440000000002e-7	931.3180083216938
0.0001581168	4.397829e-8	1.698244e-7	931.3195176311532
0.0001618009	4.537383e-8	1.7378009999999998e-7	931.3280049326708
0.0001655708	4.681333e-8	1.778279e-7	931.336496297825
0.0001694285	4.829814e-8	1.8197010000000003e-7	931.3442051194124
0.0001733762	4.982969e-8	1.862087e-7	931.3529909719579
0.0001774158	5.140945e-8	1.905461e-7	931.3610168352959
0.0001815496	5.303892e-8	1.949845e-7	931.3696161489759
0.0001857796	5.471966e-8	1.995262e-7	931.378032859845
0.0001901083	5.645329e-8	2.0417380000000003e-7	931.3866582783883
0.0001945378	5.824145e-8	2.089296e-7	931.3952711822548
0.0001990706	6.008585e-8	2.1379619999999998e-7	931.4042337983557
0.000203709	6.198825e-8	2.1877620000000004e-7	931.4129610533503
0.0002084554	6.395048e-8	2.238721e-7	931.421782705393
0.0002133125	6.597441e-8	2.290868e-7	931.4306822130301
0.0002182827	6.806196e-8	2.3442290000000002e-7	931.4395562890827
0.0002233688	7.021512e-8	2.398833e-7	931.4488133188096
0.0002285734	7.243597e-8	2.454709e-7	931.458009768164
0.0002338992	7.47266e-8	2.511886e-7	931.4671390341758
0.0002393492	7.708921e-8	2.570396e-7	931.4762752898774
0.0002449262	7.952605e-8	2.630268e-7	931.4857879501252
0.0002506332	8.203945e-8	2.691535e-7	931.4953714144532
0.0002564731	8.463179e-8	2.754229e-7	931.5047216117468
0.0002624491	8.730556e-8	2.818383e-7	931.5142958213982
0.0002685644	9.006329e-8	2.884032e-7	931.5238641249474
0.0002748222	9.290762e-8	2.951209e-7	931.5338480602355
0.0002812258	9.584125e-8	3.019952e-7	931.5434193987189
0.0002877787	9.886699e-8	3.090295e-7	931.5536768819806
0.0002944843	1.019877e-7	3.1622779999999993e-7	931.5635364759203
0.0003013461	1.052064e-7	3.235937e-7	931.5734713005846
0.0003083678	1.085261e-7	3.311311e-7	931.5836721467721
0.0003155532	1.119499e-7	3.388442e-7	931.5937823341818
0.000322906	1.154813e-7	3.4673689999999997e-7	931.603995132909
0.0003304302	1.191234e-7	3.548134e-7	931.6145427427488
0.0003381298	1.228797e-7	3.630781e-7	931.6251233550028
0.0003460087	1.267539e-7	3.715352e-7	931.6356940069205
0.0003540713	1.307497e-7	3.801894e-7	931.646304973258
0.0003623218	1.348707e-7	3.890451e-7	931.6572055527752
0.0003707645	1.39121e-7	3.9810719999999996e-7	931.6677040756862
0.000379404	1.435046e-7	4.073803e-7	931.6785927056364
0.0003882449	1.480256e-7	4.1686939999999994e-7	931.6896985002976
0.0003972918	1.526884e-7	4.2657950000000004e-7	931.7008632622992
0.0004065495	1.574974e-7	4.365158e-7	931.7119733123062
0.000416023	1.624571e-7	4.466836e-7	931.7231640024393
0.0004257172	1.675723e-7	4.570882e-7	931.7343398932635
0.0004356374	1.728478e-7	4.677351e-7	931.7458702586143
0.0004457888	1.782886e-7	4.786301e-7	931.7572977545709
0.0004561768	1.839e-7	4.897788e-7	931.7689944930241
0.0004668068	1.896872e-7	5.011872000000001e-7	931.7805546510366
0.0004776847	1.956557e-7	5.128614e-7	931.7924018068038
0.000488816	2.018113e-7	5.248074999999999e-7	931.80415923934
0.0005002068	2.081596e-7	5.370318e-7	931.8162529667703
0.000511863	2.147069e-7	5.495409e-7	931.8281985926798
0.0005237909	2.214592e-7	5.623413e-7	931.8404307135186
0.0005359968	2.28423e-7	5.754399e-7	931.8526973885542
0.0005484872	2.35605e-7	5.888437e-7	931.864949900967
0.0005612686	2.430119e-7	6.025596e-7	931.8772979469582
0.000574348	2.506507e-7	6.165950000000001e-7	931.8898964474249
0.0005877322	2.585287e-7	6.309573e-7	931.9025688426141
0.0006014284	2.666534e-7	6.456542e-7	931.9153401309865
0.0006154438	2.750324e-7	6.606934e-7	931.9282323692048
0.0006297858	2.836738e-7	6.76083e-7	931.9410099055883
0.0006444621	2.925858e-7	6.918309999999999e-7	931.9540260554962
0.0006594805	3.017767e-7	7.079458e-7	931.9672165581036
0.0006748489	3.112553e-7	7.244360000000001e-7	931.9804030997907
0.0006905755	3.210305e-7	7.413102e-7	931.9938272804017
0.0007066687	3.311117e-7	7.585776e-7	932.0072352518714
0.0007231369	3.415085e-7	7.762470999999999e-7	932.0207553754467
0.000739989	3.522305e-7	7.943282000000001e-7	932.0344292195593
0.0007707905	3.569864e-7	8.273756e-7	932.0404014815036
0.0007748804	3.595303e-7	8.317637999999999e-7	932.0433641137063
0.0007929382	3.708164e-7	8.51138e-7	932.0568655141705
0.0008114169	3.824555e-7	8.709635999999999e-7	932.07035919756
0.0008303263	3.944589e-7	8.912509000000001e-7	932.0840617383948
0.0008420832	4.019687e-7	9.038643999999999e-7	932.0924341084792
0.0008694773	4.088093e-7	9.332543e-7	932.0997602689856
0.0008897397	4.216374e-7	9.549926e-7	932.1133351190365
0.0009104744	4.348669e-7	9.772372e-7	932.1270894108411
0.0009316923	4.485103e-7	1.e-6	932.1408103
0.0009534047999999999	4.625804e-7	1.023293e-6	932.154700950754
0.0009756234	4.770906e-7	1.047129e-6	932.1683294035405
0.0009983599	4.920546e-7	1.071519e-6	932.1831480356392
0.001021626	5.074866e-7	1.096478e-6	932.1969858036367
0.001045435	5.234013e-7	1.122018e-6	932.2117838572999
0.001069799	5.398137e-7	1.1481539999999999e-6	932.2258283296492
0.00109473	5.567393e-7	1.174898e-6	932.2398534170626
0.001120243	5.741942e-7	1.2022639999999998e-6	932.2554731739451
0.00114635	5.921948e-7	1.230269e-6	932.2694425365507
0.001173066	6.107583e-7	1.2589250000000002e-6	932.2848925074964
0.001200405	6.299022e-7	1.28825e-6	932.2995553658066
0.001228381	6.496446e-7	1.3182569999999998e-6	932.3149011156398
0.001257009	6.700042e-7	1.348963e-6	932.3302449362956
0.001286304	6.910003e-7	1.3803840000000001e-6	932.3456373733686
0.001316283	7.126527e-7	1.4125380000000002e-6	932.3612198043521
0.00134696	7.34982e-7	1.44544e-6	932.3769800199246
0.001378352	7.580093e-7	1.479108e-6	932.3930431719658
0.001410476	7.817563e-7	1.513561e-6	932.4089060830717
0.001443348	8.062455e-7	1.5488170000000002e-6	932.4240665617693
0.001476987	8.315002e-7	1.584893e-6	932.4405497405818
0.00151141	8.575441e-7	1.62181e-6	932.4566651457322
0.001546636	8.84402e-7	1.6595870000000002e-6	932.4732008626243
0.001582683	9.120992e-7	1.6982439999999998e-6	932.4897359861128
0.00161957	9.406619e-7	1.7378009999999997e-6	932.5064618445956
0.001657316	9.701172e-7	1.7782789999999998e-6	932.523027713874
0.001695943	1.000493e-6	1.8197010000000002e-6	932.5397375722715
0.001735471	1.031818e-6	1.8620869999999998e-6	932.5572961950758
0.001739608	1.03511e-6	1.866524e-6	932.5586544828782
0.00181731	1.051185e-6	1.949845e-6	932.567042508507
0.001859665	1.084093e-6	1.995262e-6	932.5838376113012
0.001903008	1.11803e-6	2.041738e-6	932.6005736289377
0.001947361	1.153027e-6	2.089296e-6	932.6175070454354
0.001992748	1.189118e-6	2.137962e-6	932.6344986487131
0.002039193	1.226336e-6	2.1877619999999994e-6	932.6514200356346
0.002086721	1.264716e-6	2.238721e-6	932.6690177114523
0.002135357	1.304296e-6	2.290868e-6	932.6863424693173
0.002185127	1.345112e-6	2.3442290000000005e-6	932.7041479309399
0.002236057	1.387203e-6	2.398833e-6	932.721953966783
0.002288174	1.430608e-6	2.4547090000000004e-6	932.7397292306338
0.002341506	1.47537e-6	2.511886e-6	932.7578441059826
0.002396082	1.52153e-6	2.5703960000000003e-6	932.7759341362187
0.00245193	1.569131e-6	2.630268e-6	932.7943506137017
0.00250908	1.618219e-6	2.691535e-6	932.812770036429
0.002567562	1.66884e-6	2.7542290000000004e-6	932.8312351659937
0.002627408	1.721042e-6	2.818383e-6	932.850163373821
0.002688649	1.774875e-6	2.8840319999999994e-6	932.8689400811087
0.002751317	1.830388e-6	2.951209e-6	932.8879750637791
0.002815447	1.887635e-6	3.019952e-6	932.9070909074052
0.002881072	1.94667e-6	3.090295e-6	932.9266849928567
0.002948227	2.007549e-6	3.1622780000000004e-6	932.9459803976753
0.003016947	2.070328e-6	3.235937e-6	932.9654217619192
0.00308727	2.135068e-6	3.311311e-6	932.9854755412584
0.003159232	2.201829e-6	3.388442e-6	933.0051477935878
0.003232872	2.270675e-6	3.467369e-6	933.0252058549291
0.003308229	2.34167e-6	3.548134e-6	933.0455585950249
0.003385343	2.414882e-6	3.630781e-6	933.0658836211823
0.003464255	2.49038e-6	3.715352e-6	933.0866577379478
0.003545007	2.568235e-6	3.801894e-6	933.1073499155948
0.003627641	2.648521e-6	3.890451e-6	933.1281954200168
0.003712203	2.731313e-6	3.981072e-6	933.1492404558369
0.003798736	2.81669e-6	4.073803e-6	933.170477315668
0.003887286	2.904733e-6	4.168694e-6	933.191722155668
0.003977901	2.995524e-6	4.265795e-6	933.2132753683661
0.004070629	3.089149e-6	4.365158e-6	933.2349823305365
0.00416552	3.185697e-6	4.466836e-6	933.2569400354076
0.004262622	3.285258e-6	4.570882e-6	933.2787978337661
0.004361989	3.387928e-6	4.677351e-6	933.3011202280951
0.004463673	3.493802e-6	4.786301e-6	933.3234165590504
0.004567728	3.602982e-6	4.897788e-6	933.346029268723
0.00467421	3.715569e-6	5.011872000000001e-6	933.368922630107
0.004783174	3.83167e-6	5.128614e-6	933.3916863308489
0.004894679	3.951396e-6	5.2480750000000006e-6	933.4147084407139
0.005008784	4.074858e-6	5.370318000000001e-6	933.4379934298116
0.00512555	4.202174e-6	5.495409e-6	933.4613991424478
0.005245039	4.333463e-6	5.623413e-6	933.4851384737347
0.005367314	4.46885e-6	5.754399000000001e-6	933.5089294294677
0.00549244	4.608463e-6	5.888436999999999e-6	933.5326951787038
0.005620485	4.752432e-6	6.025596e-6	933.5570177622263
0.005751515	4.900895e-6	6.165950000000001e-6	933.5813451292987
0.005885601	5.053992e-6	6.309573000000001e-6	933.6059654116054
0.006022814	5.211866e-6	6.456542e-6	933.6307060342826
0.006163226	5.374667e-6	6.606934e-6	933.655560506583
0.006306914	5.542549e-6	6.76083e-6	933.680709173282
0.006349596	5.592666e-6	6.8065439999999995e-6	933.6880311065352
0.006604413	5.624687e-6	7.079458e-6	933.6926198305013
0.006758382	5.800371e-6	7.24436e-6	933.7170393243848
0.006915942	5.981537e-6	7.413101999999999e-6	933.7418447769908
0.007077177	6.168356e-6	7.5857760000000005e-6	933.7667439692393
0.007242171	6.361006e-6	7.762471e-6	933.7918307198829
0.007411014	6.559667e-6	7.943282e-6	933.8172391462371
0.007583794	6.764527e-6	8.128305e-6	933.8427294497438
0.007760603	6.97578e-6	8.317638e-6	933.8683385836218
0.007941535	7.193624e-6	8.511379999999998e-6	933.8942244383402
0.008126688	7.418266e-6	8.709636e-6	933.9203459249043
0.008316158	7.649917e-6	8.912509000000001e-6	933.9466492544357
0.008510047	7.888797e-6	9.120108e-6	933.9731280594484
0.008708458	8.13513e-6	9.332543e-6	933.999782267277
0.008911497	8.389149e-6	9.549926e-6	934.0267295264908
0.009119271	8.651094e-6	9.772372e-6	934.053891317277
0.00933189	8.921211e-6	0.00001	934.0811211
0.009549469	9.199757e-6	0.00001023293	934.1086821663004
0.009772122	9.486993e-6	0.00001047129	934.1360035869504
0.009999969	9.783191e-6	0.000010715190000000001	934.1646943264655
0.01023313	0.00001008863	0.00001096478	934.1928091580496
0.01047173	0.0000104036	0.00001122018	934.2215187278636
0.01071589	0.0000107284	0.00001148154	934.2490989884633
0.01096575	0.00001106332	0.00001174898	934.2779815779753
0.01122144	0.0000114087	0.00001202264	934.3079972451973
0.01148309	0.00001176485	0.000012302690000000001	934.3367060374601
0.01175084	0.00001213212	0.00001258925	934.3663935500526
0.01202484	0.00001251084	0.000012882499999999999	934.3955629730254
0.01230523	0.00001290138	0.00001318257	934.4256377929341
0.01259216	0.0000133041	0.000013489630000000003	934.4558820367942
0.01288579	0.00001371938	0.00001380384	934.487025349468
0.01318626	0.00001414762	0.00001412538	934.5169914012932
0.01349374	0.00001458922	0.000014454400000000002	934.5479037524906
0.0138084	0.00001504459	0.00001479108	934.5798001227768
0.01413039	0.00001551417	0.000015135610000000002	934.6107735334089
0.0144599	0.0000159984	0.00001548817	934.6422721341514
0.01479709	0.00001649773	0.00001584893	934.6743111364617
0.01514215	0.00001701264	0.0000162181	934.7064477343215
0.01549526	0.00001754362	0.00001659587	934.7388006775179
0.01561285	0.00001772134	0.00001672167	934.7494203629183
0.01622636	0.00001772535	0.00001737801	934.7494534759734
0.01660474	0.00001827855	0.00001778279	934.7812435506464
0.01699195	0.00001884901	0.00001819701	934.8128626626021
0.01738819	0.00001943727	0.00001862087	934.8450029456195
0.01779367	0.00002004387	0.00001905461	934.8768549972947
0.01820861	0.0000206694	0.00001949845	934.9091543173945
0.01863323	0.00002131444	0.000019952619999999997	934.942099834508
0.01906776	0.0000219796	0.00002041738	934.9749869963726
0.01951243	0.0000226655	0.00002089296	935.0085148298758
0.01996746	0.0000233728	0.00002137962	935.0415395596367
0.02043312	0.00002410216	0.00002187762	935.0753034379425
0.02090964	0.00002485428	0.00002238721	935.1095683651514
0.02139727	0.00002562985	0.000022908679999999995	935.1433539601584
0.02189629	0.00002642961	0.00002344229	935.1782445315708
0.02240694	0.00002725432	0.00002398833	935.2128439120188
0.02292951	0.00002810475	0.00002454709	935.2479153333451
0.02346427	0.00002898171	0.00002511886	935.2833572064974
0.02401151	0.00002988602	0.00002570396	935.3187610002506
0.02457152	0.00003081853	0.00002630268	935.354820497379
0.02514459	0.00003178013	0.000026915349999999996	935.3907762670744
0.02573104	0.00003277172	0.00002754229	935.4273635198816
0.02633116	0.00003379424	0.00002818383	935.4638542738867
0.02694529	0.00003484865	0.000028840319999999997	935.5006688552693
0.02757376	0.00003593595	0.00002951209	935.5384843974113
0.02821688	0.00003705715	0.00003019952	935.5757028588533
0.02887501	0.00003821333	0.00003090295	935.6136980450085
0.0295485	0.00003940557	0.00003162278	935.6516274027774
0.03023771	0.00004063499	0.00003235937	935.6901877261517
0.03094299	0.00004190275	0.00003311311	935.7288623750533
0.03166474	0.00004321006	0.00003388442	935.7678266294656
0.03240333	0.00004455813	0.00003467368999999999	935.8071820449453
0.03315915	0.00004594825	0.00003548134	935.8467929903436
0.03393262	0.00004738172	0.000036307810000000006	935.8868441803568
0.03472413	0.0000488599	0.00003715352	935.9271988226151
0.03553411	0.00005038418	0.00003801894	935.9675514362053
0.03561557	0.00005053811	0.00003810597000000001	935.9716629703953
0.03721117	0.00005064854	0.00003981072	935.9744948094383
0.03807912	0.0000522286	0.00004073803	936.0135627569622
0.03896734	0.00005385794	0.000041686940000000005	936.05330446418
0.03987628	0.00005553809	0.00004265795	936.0932274054426
0.04080643	0.00005727064	0.00004365157999999999	936.1333688265122
0.04175829	0.00005905722	0.00004466836	936.1737753523972
0.04273236	0.00006089952	0.00004570882000000001	936.2144881447387
0.04372916	0.00006279928	0.00004677351	936.2555703003687
0.04474923	0.00006475828	0.00004786301	936.2969081969563
0.04579311	0.00006677837	0.00004897788000000001	936.3387792611684
0.04686135	0.00006886146	0.00005011872	936.3808864232766
0.04795452	0.00007100952	0.00005128614	936.4231646210848
0.0490732	0.00007322456	0.000052480750000000004	936.465743343988
0.05021799	0.00007550868	0.00005370318	936.5087631682146
0.05138951	0.00007786403	0.00005495409	936.5522025749129
0.0543213	0.00007956368	0.00005808442	936.5827132301572
0.05507053	0.00008102877	0.000058884370000000006	936.6077750343596
0.05635521	0.00008355627	0.00006025596	936.6503540894545
0.05766986	0.0000861626	0.0000616595	936.6930091875544
0.05901521	0.0000888502	0.00006309573	936.736292614413
0.06039195	0.00009162162	0.00006456542	936.7796510887716
0.06180083	0.00009447946	0.00006606934	936.8234866581079
0.06324259	0.00009742642	0.00006760830000000001	936.8674618353073
0.064718	0.0001004653	0.0000691831	936.9118368503291
0.06622785	0.0001035989	0.00007079458	936.9565989373764
0.06777295	0.0001068303	0.0000724436	937.0017544683036
0.06935411	0.0001101624	0.00007413101999999999	937.0473035444542
0.0709025	0.0001134499	0.0000757834	937.0911030647873
0.07432237	0.0001161892	0.00007943282	937.12597890897
0.0760563	0.0001198131	0.00008128305	937.1709489247758
0.07783072	0.0001235501	0.00008317637999999999	937.2164321169063
0.07964655	0.0001274036	0.00008511380000000001	937.262272392961
0.08150477	0.0001313772	0.00008709636	937.3083697183213
0.08340637	0.0001354748	0.00008912509	937.3549558266924
0.08535236	0.0001397002	0.00009120108	937.4018399782108
0.08734377	0.0001440573	0.00009332543	937.4489600530103
0.08938168	0.0001485503	0.00009549926000000002	937.4965868845475
0.09146716	0.0001531833	0.00009772372000000001	937.5445725971136
0.09360132	0.0001579609	0.00010000000000000002	937.592809
0.09578532	0.0001628874	0.0001023293	937.6415884795459
0.09802029	0.0001679676	0.00010471289999999999	937.69017570901
0.1003075	0.0001732062	0.0001071519	937.7407792115678
0.1008452	0.0001744436	0.0001077254	937.7513901085538
0.105043	0.0001766863	0.0001122018	937.7718209511792
0.107494	0.0001821968	0.00011481539999999999	937.8201600133781
0.1100021	0.0001878791	0.0001174898	937.8684711353667
0.1125689	0.0001937385	0.0001202264	937.9191134393112
0.1151955	0.0001997807	0.0001230269	937.9678810081374
0.1178835	0.0002060113	0.0001258925	938.0186373294678
0.1206342	0.0002124361	0.000128825	938.06820182418
0.1234492	0.0002190613	0.0001318257	938.1195115975111
0.1263299	0.0002258931	0.00013489629999999998	938.1709735552421
0.1292778	0.0002329379	0.0001380384	938.2225373519253
0.1322946	0.0002402024	0.0001412538	938.2742439495433
0.1353818	0.0002476934	0.000144544	938.3266922182864
0.1385411	0.000255418	0.0001479108	938.3798748975736
0.1417742	0.0002633835	0.0001513561	938.4331619274014
0.1450827	0.0002715973	0.0001548817	938.4859366858708
0.1484686	0.0002800673	0.0001584893	938.5407551172225
0.1519335	0.0002888014	0.000162181	938.5951584957547
0.1554793	0.0002978078	0.00016595869999999998	938.649843605668
0.1580418	0.000304359	0.0001686886	938.6891526754032
0.1666209	0.0003123413	0.0001778279	938.7348177648163
0.1705093	0.0003220817	0.0001819701	938.7881948737733
0.1744886	0.0003321258	0.0001862087	938.8429530951023
0.1785609	0.0003424831	0.0001905461	938.8981621770271
0.1827282	0.0003531634	0.0001949845	938.9534214258057
0.1869928	0.0003641767	0.0001995262	939.0093967609266
0.1913571	0.0003755334	0.00020417380000000001	939.0658027621565
0.1958232	0.0003872442	0.00020892960000000002	939.1222890389873
0.2003937	0.0003993201	0.00021379619999999997	939.1795555767595
0.2050709	0.0004117726	0.0002187762	939.2368667158494
0.2098573	0.0004246134	0.0002238721	939.2948625576836
0.2147556	0.0004378545	0.0002290868	939.3533564570284
0.2195833	0.0004510029	0.00023422600000000003	939.4102401099792
0.2301469	0.0004577091	0.0002454709	939.4376649126231
0.2355185	0.0004719822	0.0002511886	939.4951928550897
0.2410156	0.0004867003	0.00025703960000000007	939.5528949624882
0.2466411	0.0005018774	0.0002630268	939.611390930506
0.2477387	0.0005048519	0.0002641949	939.622800818638
0.252398	0.0005128182	0.0002691535	939.6527193590274
0.2582891	0.0005205402	0.00027542290000000003	939.6809059813108
0.2643176	0.0005274976	0.00028183829999999996	939.7058440957101
0.2704868	0.0005340658	0.0002884032	939.7290522435256
0.2767997	0.0005404122	0.00029512090000000004	939.7508349967759
0.2832599	0.0005466289	0.0003019952	939.7716549799468
0.2898706	0.0005527728	0.0003090295	939.7917441538751
0.2966355	0.0005588853	0.0003162277999999999	939.811064365625
0.3035582	0.0005650021	0.0003235937	939.8304172794464
0.3106422	0.0005711428	0.00033113110000000006	939.8493309749521
0.3178913	0.0005773289	0.0003388442	939.867434354786
0.3253095	0.0005835763	0.0003467369	939.8857643936944
0.3329006	0.0005899026	0.0003548134	939.9039117462869
0.3406687	0.0005963157	0.00036307810000000006	939.9217845967576
0.3486178	0.0006028331	0.0003715352	939.9395618503979
0.3567523	0.0006094621	0.0003801894	939.9571952821411
0.3650764	0.0006162136	0.00038904510000000006	939.9748604981788
0.3735945	0.0006230992	0.0003981072	939.9920403348646
0.3823113	0.0006301256	0.0004073803	940.0096803895525
0.3912312	0.0006373026	0.0004168694	940.0270266898937
0.4003591	0.0006446377	0.0004265795	940.0445584000169
0.4096997	0.0006521454	0.00043651579999999995	940.0618383114655
0.4192582	0.0006598278	0.00044668359999999995	940.079348782897
0.4290394	0.0006677003	0.0004570882	940.0966822158175
0.4390486	0.0006757658	0.00046773510000000003	940.1141068951208
0.4492912	0.0006840339	0.0004786301	940.1315000874371
0.4597726	0.0006925184	0.0004897788	940.1491416124993
0.4814738	0.0007011234	0.0005128614	940.1661411835635
0.4927052	0.0007103862	0.0005248075	940.1839459230289
0.5041984	0.000719897	0.0005370318000000002	940.2018595546855
0.5159596	0.0007296677	0.0005495409000000001	940.2198593407696
0.5279949	0.0007397086	0.0005623413	940.2379099667764
0.5403108	0.0007500283	0.0005754399	940.2560168316447
0.5529139	0.00076064	0.0005888437	940.2742017958244
0.5658108	0.0007715486	0.0006025596	940.2926259908562
0.5790083	0.0007827725	0.000616595	940.311018577835
0.5925135	0.0007943171	0.0006309573	940.3295866455622
0.6063335	0.0008061996	0.0006456542	940.3480990288608
0.6204758	0.0008184282	0.0006606934	940.3669360099557
0.6349477	0.0008310163	0.0006760829999999998	940.3855980700596
0.6497571	0.0008439751	0.000691831	940.4046293097592
0.6649117	0.0008573187	0.0007079458	940.4237142165404
0.6804196	0.0008710643	0.000724436	940.4428607910154
0.696289	0.000885219	0.0007413102	940.4621965271759
0.7125285	0.0008998009	0.0007585776000000001	940.4816341795487
0.7291465	0.000914823	0.0007762470999999999	940.5011922105732
0.746152	0.0009303016	0.0007943282	940.5209353010506
0.763554	0.0009462505	0.0008128305	940.5408021721624
0.7813617	0.0009626869	0.0008317638	940.5607540265639
0.7995845	0.0009796285	0.000851138	940.5808793638635
0.8182323	0.0009970903	0.0008709636	940.6011804626507
0.8373148	0.001015088	0.0008912509	940.6216453750567
0.8568422	0.001033644	0.0009120108	940.6421985353682
0.8768249	0.001052771	0.0009332543	940.6628729168459
0.8972736	0.001072492	0.0009549926	940.6838251940383
0.918199	0.001092826	0.0009772372	940.7049035791924
0.9396123	0.001113792	0.001	940.7260919999999
0.9615248	0.001135411	0.001023293	940.7473822258141
0.9839483000000001	0.001157703	0.001047129	940.7685232669519
1.006895	0.001180692	0.001071519	940.7912430857504
1.030376	0.001204401	0.0010964779999999997	940.8126756761195
1.054405	0.001228849	0.001122018	940.8350391883197
1.078994	0.001254065	0.001148154	940.8564225704914
1.104157	0.001280069	0.001174898	940.8791818523822
1.129906	0.001306894	0.001202264	940.9022427686433
1.16078	0.00132275	0.001235078	940.9144604632257
1.183219	0.001346557	0.001258925	940.9341755863138
1.210811	0.001376049	0.0012882500000000001	940.9563741509802
1.239047	0.001406466	0.0013182569999999998	940.9799955547363
1.267942	0.00143784	0.001348963	941.00419359167
1.29751	0.001470201	0.0013803839999999997	941.0281494134966
1.327767	0.001503579	0.0014125380000000003	941.0511993305665
1.35873	0.001538007	0.0014454399999999999	941.0753867334513
1.390415	0.001573518	0.001479108	941.0999859374704
1.422839	0.001610144	0.001513561	941.1243709371475
1.456019	0.001647922	0.001548817	941.148581142898
1.489973	0.001686887	0.0015848930000000002	941.1738754603623
1.524719	0.001727076	0.00162181	941.1990775738219
1.560275	0.001768526	0.0016595869999999997	941.2242479604867
1.59666	0.001811274	0.001698244	941.2494753404104
1.633894	0.001855364	0.0017378009999999998	941.2754187619872
1.671996	0.001900836	0.001778279	941.3015820352149
1.710986	0.00194773	0.0018197009999999997	941.3270257036733
1.750886	0.001996089	0.0018620869999999997	941.3534861690135
1.791717	0.002045964	0.001905461	941.3800460885843
1.833499	0.002097391	0.001949845	941.4063122966185
1.876257	0.002150423	0.0019952620000000003	941.4339685715461
1.920011	0.002205108	0.002041738	941.4607104339539
1.964786	0.002261495	0.0020892960000000005	941.4881831009104
2.010605	0.002319635	0.002137962	941.5156279671949
2.057492	0.002379577	0.002187762	941.5428081299519
2.105474	0.002441381	0.002238721	941.5712726150334
2.154574	0.002505096	0.002290868	941.599034077913
2.20482	0.00257078	0.002344229	941.6276225573524
2.256237	0.002638495	0.002398833	941.6560031481974
2.301204	0.002668723	0.002446585	941.6687844485273
2.362697	0.002750976	0.002511886	941.7019625890665
2.417796	0.002825259	0.0025703959999999995	941.730869095657
2.474181	0.002901822	0.0026302680000000003	941.7606198303748
2.53188	0.002980741	0.002691535	941.7899975292909
2.590926	0.003062081	0.0027542289999999995	941.8200451015512
2.651348	0.003145909	0.002818383	941.8499575820605
2.71318	0.003232301	0.0028840319999999995	941.8800835080888
2.776455	0.003321329	0.0029512089999999998	941.9110367988169
2.841205	0.003413069	0.0030199520000000002	941.9414841692849
2.907466	0.003507598	0.003090295	941.9727236396526
2.975272	0.003604995	0.0031622780000000006	942.0035161361524
3.04466	0.003705343	0.003235937	942.0348242255643
3.115667	0.003808728	0.0033113109999999995	942.066670270476
3.18833	0.003915228	0.003388442	942.0982351180867
3.262688	0.004024937	0.003467369	942.1301675708585
3.338781	0.004137945	0.0035481339999999997	942.1625409299648
3.416649	0.004254343	0.003630781	942.1949004911064
3.496333	0.004374226	0.003715352	942.2276075052915
3.577877	0.004497692	0.003801894	942.260539615255
3.661322	0.004624845	0.003890451	942.2935400034597
3.7467149999999996	0.004755782	0.0039810719999999996	942.3267858506451
3.834099	0.004890608	0.004073803	942.3601504540107
3.923522	0.005029431	0.004168694	942.3938123066841
4.015032	0.005172367	0.004265795	942.4279335973715
4.108676	0.005319531	0.004365158	942.461998168222
4.204505	0.005471035	0.004466836	942.4962176807029
4.302569	0.005626999	0.004570882	942.5305660920585
4.402922	0.005787548	0.004677350999999999	942.5654709257442
4.505616	0.005952815	0.004786301000000001	942.6003118065495
4.610706	0.006122923	0.004897788	942.6355168904821
4.718247	0.00629801	0.005011872	942.6707246314352
4.828298	0.006478212	0.005128614	942.706199374724
4.940916	0.006663677	0.005248075	942.7418009460611
5.056163	0.006854551	0.005370318	942.7779790693959
5.174097	0.007050987	0.005495408999999999	942.8138992020431
5.294784	0.007253135	0.005623413	942.850389078661
5.418287	0.007461169	0.005754399	942.8870276461538
5.544671	0.007675242	0.005888437	942.9236046849105
5.674004	0.007895537	0.006025596	942.9605863054874
5.806355	0.008122233	0.006165950000000001	942.9977915811837
5.941794	0.008355513	0.006309573000000001	943.0352122084964
6.080393	0.008595563	0.006456542	943.0727102836162
6.222227	0.008842591	0.006606933999999999	943.1106154534009
6.36737	0.009096805	0.00676083	943.1485194865129
6.5159	0.009358412	0.00691831	943.1867626631359
6.667895	0.00962764	0.007079458	943.2251226011933
6.823438	0.009904727	0.007244359999999999	943.2638255139171
6.98261	0.01018992	0.007413102000000001	943.3028063015995
7.145496	0.01048345	0.007585776	943.3417820404926
7.312184	0.01078561	0.007762471	943.3812519235177
7.482761	0.01109666	0.007943282	943.4208252961433
7.657319	0.01141689	0.008128305000000002	943.4606464693437
7.83595	0.01174662	0.008317638	943.5006212100118
8.01875	0.01208616	0.00851138	943.5410192001768
8.205816	0.01243585	0.008709636	943.5815515137486
8.397247	0.01279603	0.008912509	943.6223884879106
8.593146	0.01316708	0.009120108	943.663504862004
8.793617	0.0135494	0.009332543	943.7048830099149
8.998766	0.01394338	0.009549926	943.746514894461
9.208703	0.01434949	0.009772372	943.788518283995
9.42354	0.01476816	0.01	943.8308159999998
9.643391	0.01519989	0.01023293	943.8734448491292
9.868373	0.0156452	0.01047129	943.9160027083578
10.09861	0.01610465	0.01071519	943.9603637453001
10.33421	0.01657878	0.010964780000000002	944.0033251921151
10.57532	0.01706825	0.01122018	944.0479787311789
10.82205	0.01757369	0.01148154	944.0914450500544
11.07455	0.01809581	0.01174898	944.1369216732007
11.33293	0.01863534	0.01202264	944.1824208326956
11.59735	0.01919308	0.012302689999999998	944.2278948750234
11.86794	0.01976985	0.012589249999999998	944.2746668784877
12.14485	0.02036656	0.0128825	944.3210991655346
12.42822	0.02098417	0.013182570000000001	944.3685237400598
12.7182	0.02162368	0.01348963	944.4160944369859
13.01496	0.02228617	0.01380384	944.4651756322878
13.31864	0.02297282	0.01412538	944.5135507858904
13.62941	0.02368485	0.014454399999999997	944.5632367998672
13.94744	0.02442358	0.01479108	944.6141579925198
14.2729	0.02519041	0.01513561	944.6656203483044
14.60595	0.02598686	0.01548817	944.7169588143724
14.94678	0.02681453	0.01584893	944.7700589251135
15.29557	0.02767513	0.0162181	944.8236926643689
15.6525	0.02857048	0.01659587	944.8778810631803
16.01777	0.02950255	0.01698244	944.9332693064129
16.39157	0.03047343	0.01737801	944.9898711072213
16.7741	0.03148534	0.01778279	945.0477309803467
17.16556	0.03254067	0.01819701	945.1058536539794
19.2685	0.03356891	0.02042203	945.159169289243
19.71362	0.03472316	0.020892959999999995	945.2151901884654
20.17363	0.03594039	0.021379619999999995	945.272665744293
20.64438	0.03721237	0.02187762	945.3309989843502
21.12614	0.03854236	0.02238721	945.3916928460491
21.61914	0.03993383	0.02290868	945.4527205408605
22.12366	0.04139046	0.023442290000000005	945.5155814555659
22.63997	0.04291622	0.02398833	945.5800474647465
23.16834	0.0445153	0.02454709	945.6459115927795
23.70906	0.04619217	0.02511886	945.7137851797415
24.26241	0.04795161	0.025703960000000005	945.7827358119137
24.82869	0.04979869	0.02630268	945.8537567274515
25.40821	0.05173879	0.026915349999999998	945.9267217405682
26.00127	0.05377769	0.027542289999999997	946.0015013275948
26.60819	0.05592147	0.02818383	946.0783530840203
27.22931	0.05817664	0.02884032	946.1575544238067
27.86494	0.06055009	0.02951209	946.2389851074594
28.51544	0.06304915	0.030199519999999997	946.3226286378062
29.18115	0.06568159	0.030902949999999995	946.4090512394448
29.86242	0.0684557	0.03162278	946.4972940392969
30.55964	0.07138017	0.03235936999999999	946.5888912546816
31.27316	0.07446432	0.03311311	946.6831813743862
32.00338	0.07771794	0.03388442	946.7801998676679
32.75068	0.08115149	0.03467369	946.8802279192092
33.51548	0.08477594	0.03548134	946.9838495389406
34.29817	0.08860299	0.03630781	947.090253859982
35.09919	0.09264497	0.03715352	947.2005605390822
35.91896	0.09691487	0.03801894	947.3140195386825
36.75793	0.1014265	0.03890451	947.4314546051345
37.61655	0.1061944	0.039810719999999994	947.5524280897205
38.49528	0.1112339	0.04073803000000001	947.6774871048011
39.3946	0.1165612	0.041686940000000006	947.8067039701162
40.315	0.1221934	0.04265795	947.9403815701411
41.25697	0.1281485	0.04365158	948.0783627992389
42.22103	0.1344456	0.04466836	948.2209689364015
43.20769	0.1411047	0.04570882	948.3682733441817
44.2175	0.1481469	0.046773510000000004	948.5207952107935
45.25099	0.1555945	0.04786301	948.6779978944074
46.30874	0.163471	0.04897788	948.8408032360732
47.39131	0.1718011	0.05011871999999999	949.0088952790495
48.4993	0.1806108	0.05128614	949.1825822727153
49.6333	0.1899278	0.05248075000000001	949.3619622432986
50.79395	0.199781	0.05370318000000001	949.5476990375616
51.98187	0.2102012	0.054954090000000004	949.7395225723873
53.1977	0.2212206	0.05623413	949.9377086477554
54.44212	0.2328734	0.05754399	950.1425500734308
55.71581	0.245196	0.05888436999999999	950.3541601956513
57.01946	0.2582266	0.06025595999999999	950.5729657282036
58.35378	0.272006	0.061659500000000006	950.7989198744718
59.71952	0.2865773	0.06309573	951.0326182136255
61.11742	0.3019865	0.06456542	951.2740178875937
62.54825	0.3182824	0.06606934	951.5235417820127
64.0128	0.3355173	0.0676083	951.7813241865275
65.51187	0.3537469	0.06918309999999998	952.0477819004932
67.0463	0.3730309	0.07079458000000001	952.3233402896099
68.61693	0.3934335	0.0724436	952.6081461992502
70.22464	0.4150234	0.07413102	952.9028927431457
71.87031	0.4378751	0.07585776	953.2074912309565
73.55486	0.4620685	0.07762471	953.5227700045515
75.27923	0.4876904	0.07943282000000002	953.8490563472378
77.04438	0.5148349	0.08128304999999998	954.1868187771006
78.8513	0.543604	0.08317638	954.5366605279047
80.701	0.574109	0.08511379999999999	954.8993112750222
82.59451	0.606471	0.08709636	955.2750654562373
84.5329	0.6408227	0.08912508999999999	955.6649277997924
86.51727	0.6773087	0.09120108	956.069584921582
88.54874	0.7160882	0.09332543	956.4898677670169
90.62846	0.7573353	0.09549926	956.9267374427823
92.75761	0.8012418	0.09772372	957.3811946577556
94.93741	0.8480183	0.09999999999999999	957.854283
97.16912	0.8978966	0.1023293	958.3473804667872
99.454	0.9511327	0.1047129	958.8611594177986
101.7934	1.008008	0.1071519	959.3988347383482
104.1886	1.068834	0.1096478	959.9593790299485
106.6411	1.133952	0.1122018	960.5465509465979
109.1524	1.203741	0.1148154	961.1614905317579
111.7237	1.277711	0.11748980000000002	961.7976283898686
114.3568	1.356167	0.1202264	962.4588859019318
117.053	1.440037	0.1230269	963.1473848402261
119.8141	1.529994	0.1258925	963.8707150942273
122.6417	1.62671	0.128825	964.6296138171939
125.5375	1.730898	0.1318257	965.429335857879
128.5032	1.843323	0.1348963	966.2720400781933
131.5408	1.964819	0.1380384	967.1628981500799
134.652	2.096295	0.1412538	968.1034775701607
137.8389	2.238744	0.144544	969.1003708213415
141.1035	2.39325	0.1479108	970.157351592987
144.4479	2.560999	0.1513561	971.2783231068984
147.8743	2.743288	0.1548817	972.468587315351
151.3849	2.941531	0.1584893	973.7340691138139
154.9821	3.157272	0.162181	975.079522262164
158.6683	3.392194	0.16595869999999996	976.5109873721594
162.4461	3.648128	0.1698244	978.0351233391668
166.3181	3.927065	0.1737801	979.6585742556254
170.2871	4.231165	0.17782789999999998	981.3885503905743
174.356	4.562775	0.1819701	983.231723233652
178.5276	4.924429	0.18620869999999998	985.1957991221678
182.8053	5.318875	0.19054610000000002	987.2895587996815
187.1922	5.74907	0.19498450000000003	989.5210644948701
191.6917	6.218209	0.19952619999999996	991.8993545709787
196.3075	6.729724	0.2041738	994.4332916368311
201.0432	7.287304	0.20892960000000002	997.1325460825083
205.9028	7.894903	0.2137962	1000.007030059468
210.8904	8.556756	0.2187762	1003.0668601063553
216.0102	9.277386	0.22387210000000002	1006.3227441025479
221.2668	10.06162	0.2290868	1009.7850247155226
226.6649	10.91459	0.2344229	1013.4653653717278
232.2094	11.84176	0.23988330000000002	1017.3745316993721
237.9056	12.84892	0.24547090000000002	1021.5244250947871
243.759	13.94221	0.2511886	1025.9271718541368
249.7752	15.1281	0.25703960000000003	1030.5933404813889
255.9603	16.41344	0.2630268	1035.5360746509482
262.3206	17.80544	0.2691535	1040.766848656993
268.8628	19.31167	0.27542289999999997	1046.2981473218094
275.5939	20.94009	0.2818383	1052.1422744885988
282.5212	22.69904	0.2884032	1058.310864789295
289.6525	24.59725	0.29512089999999996	1064.8169953398758
296.9957	26.64383	0.3019952	1071.6711060308241
304.5595	28.84832	0.30902949999999996	1078.8867082268846
312.3528	31.22063	0.31622780000000006	1086.4744655593215
320.3849	33.7711	0.3235937	1094.4465235262614
328.6656	36.51048	0.3311311	1102.8142025922662
337.2042	39.23176	0.3388442	1110.9411345981428
346.0014	41.71985	0.3467369	1118.2001396447854
355.0618	44.24768	0.35481339999999995	1125.4069885748397
364.393	46.8655	0.3630781	1132.6998240874345
374.0039	49.59754	0.3715352	1140.1381080446752
383.9035	52.38609	0.3801894	1147.5585326681912
394.0975	55.11349	0.3890451	1154.6501678083082
404.5934	57.9141	0.39810719999999994	1161.766227789902
415.4	60.81419	0.40738030000000003	1168.9671542782014
426.5276	63.87291	0.41686940000000006	1176.38884024589
437.9876	67.10739	0.4265795	1184.0582822193753
449.7922	70.53074	0.43651579999999995	1191.9910802770485
461.9537	74.15509	0.4466836	1200.1980596556489
474.4854	77.99235	0.45708819999999994	1208.6895920743525
487.4009	82.05461	0.4677351	1217.47439950519
500.7146	86.35422	0.47863009999999995	1226.5605944966687
514.4415	90.90394	0.48977880000000007	1235.956803356944
528.5971	95.71696	0.5011872	1245.6704002017607
543.1978	100.807	0.5128614	1255.7092423021113
558.2604	106.1883	0.5248075	1266.0808010556252
573.8028	111.8758	0.5370318	1276.7932923152784
589.8434	117.8848	0.5495409000000001	1287.8535519376264
606.4014	124.2315	0.5623413	1299.2695005684268
623.4971	130.9326	0.5754399	1311.0486429599339
641.1514	138.0058	0.5888437	1323.1986688487964
659.3861	145.4693	0.6025596	1335.7274533506727
678.2241	153.3421	0.616595	1348.6424638539072
697.6892	161.6443	0.6309573	1361.9519102164281
717.8063	170.3965	0.6456542000000001	1375.6633194672938
738.6013	179.6204	0.6606934	1389.784883578374
756.0799351673329	187.5211050270098	0.6732045839483526	1401.6051569283234
1277.9910071775794	187.52165948423234	1.0462016965941383	1401.6056343913242
1279.2788221011901	187.9338541161287	1.046514034391811	1402.
1282.5491103170548	188.9815337182913	1.048845790474231	1403.
1285.8269606343433	190.03154693929218	1.0511812732005947	1404.
1289.1123900469488	191.08389750917195	1.053520489363787	1405.
1292.4054155691474	192.1385891647633	1.0558634457566933	1406.
1295.7060542355907	193.19562564969237	1.0582101491721985	1407.
1299.0143231013067	194.25501071437975	1.060560606403186	1408.
1302.330239241703	195.31674811603534	1.0629148242425397	1409.
1305.6538197525692	196.38084161866482	1.0652728094831447	1410.
1308.9850817500715	197.4472949930664	1.0676345689178866	1411.
1312.3240423707553	198.51611201682908	1.0700001093396492	1412.
1315.6707187715415	199.58729647433893	1.0723694375413166	1413.
1319.0251281297337	200.66085215677003	1.0747425603157734	1414.
1322.3872876430114	201.73678286209224	1.0771194844559036	1415.
1325.7572145294357	202.8150923950675	1.0795002167545928	1416.
1329.1349260274437	203.89578456725212	1.0818847640047253	1417.
1332.5204393958534	204.97886319699182	1.0842731329991855	1418.
1335.913771913858	206.06433210942942	1.0866653305308578	1419.
1339.314940881031	207.15219513649708	1.0890613633926254	1420.
1342.7239636173272	208.24245611692186	1.0914612383773745	1421.
1346.1408574630782	209.33511889622378	1.0938649622779901	1422.
1349.5656397789912	210.43018732671453	1.096272541887355	1423.
1352.9983279461585	211.52766526749883	1.098683983998355	1424.
1356.4389393660426	212.62755658447577	1.1010992954038725	1425.
1359.8874914604935	213.72986515033563	1.1035184828967948	1426.
1363.3440016717345	214.83459484456353	1.1059415532700054	1427.
1366.8084874623687	215.94174955343306	1.108368513316388	1428.
1370.2809663153762	217.05133317001764	1.1107993698288272	1429.
1373.7614557341194	218.16334959417736	1.1132341296002077	1430.
1377.2499732423385	219.2778027325685	1.115672799423415	1431.
1380.7465363841488	220.3946964986394	1.1181153860913327	1432.
1384.2511627240488	221.5140348126306	1.1205618963968456	1433.
1387.7638698469132	222.63582160157603	1.1230123371328378	1434.
1391.2846753579925	223.76006079930448	1.1254667150921929	1435.
1394.8135968829251	224.88675634643323	1.1279250370677985	1436.
1398.3506520677174	226.01591219037664	1.1303873098525359	1437.
1401.8958585787618	227.1475322853389	1.132853540239291	1438.
1405.4492341028244	228.28162059231954	1.1353237350209477	1439.
1409.0107963470532	229.41818107911013	1.1377979009903911	1440.
1412.580563038974	230.55721772029392	1.1402760449405052	1441.
1416.1585519264931	231.69873449724855	1.142758173664176	1442.
1419.74478077789	232.84273539814467	1.1452442939542857	1443.
1423.339267381829	233.98922441794366	1.1477344126037208	1444.
1426.9420295473483	235.13820555840266	1.150228536405364	1445.
1430.5530851038675	236.2896828280691	1.1527266721521001	1446.
1434.172451901186	237.44366024228611	1.1552288266368156	1447.
1437.8001478094789	238.6001418231872	1.1577350066523935	1448.
1441.4361907193006	239.75913159969832	1.1602452189917178	1449.
1445.0805985415836	240.9206336075422	1.1627594704476731	1450.
1448.7333892076435	242.08465188922992	1.1652777678131452	1451.
1452.3945806691686	243.25119049406976	1.167800117881018	1452.
1456.0641908982284	244.42025347815797	1.1703265274441752	1453.
1459.7422378872711	245.59184490438747	1.1728570032955012	1454.
1463.4287396491259	246.76596884244236	1.175391552227882	1455.
1467.1237142169975	247.94262936880114	1.1779301810342022	1456.
1470.8271796444678	249.12183056673302	1.1804728965073443	1457.
1474.5391540055007	250.3035765263021	1.1830197054401936	1458.
1478.2596553944372	251.48787134436452	1.185570614625635	1459.
1481.9887019259986	252.67471912456904	1.188125630856553	1460.
1485.7263117352845	253.86412397735694	1.1906847609258326	1461.
1489.4725029777696	255.0560900199639	1.1932480116263569	1462.
1493.2272938293127	256.2506213764177	1.195815389751012	1463.
1496.9907024861454	257.4477221775387	1.1983869020926803	1464.
1500.7627471648839	258.6473965609398	1.200962555444248	1465.
1504.5434461025188	259.84964867102826	1.2035423565985996	1466.
1508.3328175564225	261.05448265900213	1.2061263123486192	1467.
1512.1308798043415	262.2619026828552	1.2087144294871912	1468.
1515.9376511444052	263.4719129073701	1.2113067148071992	1469.
1519.753149895122	264.6845175041267	1.21390317510153	1470.
1523.5773943953745	265.8997206514955	1.216503817163066	1471.
1527.4104030044277	267.11752653463964	1.2191086477846929	1472.
1531.252194101924	268.33793934551613	1.221717673759294	1473.
1535.102786087884	269.5609632828737	1.2243309018797541	1474.
1538.9621973827107	270.7866025522558	1.2269483389389602	1475.
1542.8304464271791	272.01486136599533	1.229569991729793	1476.
1546.7075516824489	273.24574394322235	1.2321958670451396	1477.
1550.5935316300538	274.4792545098585	1.2348259716778838	1478.
1554.488404771907	275.71539729861615	1.2374603124209083	1479.
1558.3921896303082	276.9541765490012	1.240098896067101	1480.
1562.304904747923	278.1955965073148	1.2427417294093437	1481.
1566.2265686878045	279.43966142664976	1.2453888192405227	1482.
1570.1572000333836	280.6863755668892	1.2480401723535217	1483.
1574.0968173884621	281.9357431947151	1.2506957955412243	1484.
1578.0454393772302	283.1877685835948	1.2533556955965155	1485.
1582.0030846442555	284.4424560137945	1.256019879312281	1486.
1585.9697718544771	285.6998097723713	1.2586883534814044	1487.
1589.9455196932208	286.95983415317323	1.2613611248967702	1488.
1593.9303468661851	288.22253345684385	1.264038200351262	1489.
1597.9242720994525	289.48791199081916	1.266719586637766	1490.
1601.9273141394783	290.7559740693282	1.269405290549166	1491.
1605.9394917531035	292.02672401338987	1.272095318878347	1492.
1609.9608237275393	293.3001661508215	1.274789678418192	1493.
1613.991328870382	294.5763048162271	1.2774883759615858	1494.
1618.0310260096057	295.8551443510096	1.2801914183014151	1495.
1622.0799339935597	297.1366891033608	1.2828988122305618	1496.
1626.1380716909762	298.4209434282652	1.2856105645419116	1497.
1630.2054579909645	299.70791168750293	1.2883266820283494	1498.
1634.2821118030101	300.99759824964485	1.2910471714827585	1499.
1638.36805205698	302.2900074900549	1.2937720396980237	1500.
1642.463297703121	303.58514379089183	1.2965012934670308	1501.
1646.567867712055	304.8830115411047	1.299234939582663	1502.
1650.681781074783	306.18361513643686	1.3019729848378043	1503.
1654.8050568026865	307.4869589794248	1.3047154360253401	1504.
1658.9377139275275	308.79304747939614	1.3074622999381553	1505.
1663.0797715014423	310.10188505247334	1.310213583369134	1506.
1667.2312485969487	311.41347612157097	1.312969293111161	1507.
1671.3921643069393	312.7278251163975	1.3157294359571199	1508.
1675.5625377446895	314.0449364734518	1.3184940186998948	1509.
1679.742388043855	315.3648146360265	1.321263048132372	1510.
1683.9317343584657	316.68746405421007	1.3240365310474358	1511.
1688.130595862929	318.01288918488035	1.326814474237969	1512.
1692.3389917520367	319.3410944917082	1.3295968844968575	1513.
1696.556941240954	320.6720844451611	1.3323837686169848	1514.
1700.784463565229	322.0058635224941	1.3351751333912363	1515.
1705.021577980784	323.3424362077594	1.337970985612496	1516.
1709.2683037639272	324.6818069917995	1.3407713320736496	1517.
1713.524660211337	326.0239803722502	1.3435761795675805	1518.
1717.79066664007	327.3689608535433	1.3463855348871712	1519.
1722.0663423875735	328.7167529468975	1.3491994048253102	1520.
1726.351706811662	330.06736117033097	1.3520177961748803	1521.
1730.646779290531	331.42079004864945	1.3548407157287654	1522.
1734.9515792227562	332.77704411345394	1.3576681702798492	1523.
1739.2661260272916	334.1361279031389	1.3605001666210175	1524.
1743.590439143472	335.4980459628905	1.3633367115451556	1525.
1747.9245380310063	336.8628028446883	1.366177811845147	1526.
1752.268442169986	338.2304031073036	1.3690234743138765	1527.
1756.6221710608793	339.60085131630285	1.3718737057442292	1528.
1760.9857442245307	340.9741520440434	1.374728512929087	1529.
1765.3591812021696	342.3503098696765	1.377587902661337	1530.
1769.7425015553963	343.7293293791463	1.3804518817338618	1531.
1774.1357248661993	345.11121516518915	1.3833204569395487	1532.
1778.5388707369375	346.49597182733396	1.3861936350712796	1533.
1782.95195879035	347.883603971904	1.3890714229219387	1534.
1787.375008669559	349.27411621201554	1.3919538272844134	1535.
1791.8080400380618	350.6675131675747	1.3948408549515863	1536.
1796.2510725797333	352.06379946528386	1.3977325127163418	1537.
1800.7041259988282	353.46297973863784	1.4006288073715645	1538.
1805.167220019981	354.86505862792274	1.4035297457101388	1539.
1809.6403743882047	356.27004078021673	1.4064353345249492	1540.
1814.123608868891	357.6779308493951	1.409345580608881	1541.
1818.616943247809	359.0887334961217	1.4122604907548189	1542.
1823.1203973311067	360.5024533878559	1.4151800717556462	1543.
1827.6339909453077	361.91909519884894	1.4181043304042467	1544.
1832.1577439373236	363.3386636101445	1.4210332734935065	1545.
1836.6916761744346	364.76116330958075	1.4239669078163102	1546.
1841.2358075443076	366.186598991786	1.4269052401655422	1547.
1845.7901579549793	367.6149753581849	1.4298482773340853	1548.
1850.354747334874	369.04629711699135	1.4327960261148256	1549.
1854.9295956327878	370.4805689832165	1.4357484933006477	1550.
1859.5147228178994	371.9177956786589	1.4387056856844351	1551.
1864.1101488797676	373.3579819319157	1.4416676100590742	1552.
1868.7158938283228	374.801132478372	1.4446342732174466	1553.
1873.3319776938815	376.24725206020867	1.4476056819524388	1554.
1877.9584205271321	377.6963454264005	1.4505818430569342	1555.
1882.5952423991516	379.14841733271123	1.453562763323819	1556.
1887.2424634013873	380.6034725416994	1.456548449545977	1557.
1891.9001036456625	382.0615158227188	1.4595389085162909	1558.
1896.568183264189	383.52255195191174	1.4625341470276467	1559.
1901.246722409553	384.98658571221813	1.46553417187293	1560.
1905.9357412547165	386.45362189336674	1.4685389898450243	1561.
1910.6352599930206	387.9236652918821	1.4715486077368132	1562.
1915.3452988381896	389.39672071107816	1.474563032341182	1563.
1920.0658780243211	390.87279296106544	1.4775822704510144	1564.
1924.7970178058968	392.3518868587462	1.4806063288591966	1565.
1929.5387384577707	393.83400722781516	1.4836352143586113	1566.
1934.2910602751836	395.31915889875836	1.4866689337421457	1567.
1939.0540035737454	396.8073467088575	1.4897074938026806	1568.
1943.8275886894485	398.2985755021873	1.4927509013331015	1569.
1948.611835978672	399.7928501296119	1.4957991631262955	1570.
1953.4067658181616	401.2901754487916	1.4988522859751452	1571.
1958.212398605047	402.79055632417794	1.5019102766725352	1572.
1963.0287547568355	404.2939976270163	1.504973142011349	1573.
1967.8558547114135	405.8005042353461	1.508040888784472	1574.
1972.6937189270493	407.3100810339947	1.5111135237847897	1575.
1977.5423678823836	408.82273291458887	1.5141910538051855	1576.
1982.4018220764428	410.3384647755429	1.5172734856385448	1577.
1987.2721020286244	411.85728152206684	1.5203608260777512	1578.
1992.1532282787057	413.3791880661647	1.5234530819156875	1579.
1997.0452213868525	414.9041893266299	1.5265502599452416	1580.
2001.9481019335967	416.4322902290505	1.5296523669592963	1581.
2006.8618905198578	417.9634957058074	1.5327594097507369	1582.
2011.7866077669291	419.49781069607525	1.5358713951124479	1583.
2016.7222743164807	421.0352401458199	1.538988329837311	1584.
2021.6689108305686	422.57578900780163	1.5421102207182145	1585.
2026.6265379916185	424.11946224157236	1.54523707454804	1586.
2031.5951765024447	425.66626481347885	1.5483688981196746	1587.
2036.5748470862327	427.21620169665675	1.5515056982260012	1588.
2041.5655704865476	428.76927787103887	1.5546474816599032	1589.
2046.5673674673371	430.3254983233501	1.5577942552142687	1590.
2051.5802588129227	431.884868047106	1.5609460256819787	1591.
2056.604265328008	433.4473920426158	1.5641027998559194	1592.
2061.639407837673	435.01307531698376	1.5672645845289743	1593.
2066.685707187378	436.58192288410464	1.570431386494029	1594.
2071.743184242962	438.15393976466703	1.5736032125439676	1595.
2076.81185989064	439.7291309861521	1.576780069471674	1596.
2081.89175503701	441.30750158283354	1.5799619640700335	1597.
2086.982890609045	442.88905659577995	1.5831489031319306	1598.
2092.085287554097	444.4738010728497	1.5863408934502479	1599.
2097.1989668398983	446.0617400686974	1.5895379418178726	1600.
2102.3239494545624	447.6528786447666	1.5927400550276882	1601.
2107.4602564065754	449.2472218692965	1.5959472398725794	1602.
2112.6079087248063	450.8447748173203	1.5991595031454313	1603.
2117.7669274584955	452.4455425706615	1.602376851639125	1604.
2122.9373336772737	454.049530217937	1.6055992921465485	1605.
2128.119148471143	455.65674285455725	1.6088268314605854	1606.
2133.312392950487	457.2671855827243	1.61205947637412	1607.
2138.517088246064	458.880863511436	1.615297233680037	1608.
2143.733255509014	460.49778175647907	1.61854011017122	1609.
2148.9609159108563	462.1179454404373	1.6217881126405551	1610.
2154.200090643488	463.74135969268445	1.625041247880926	1611.
2159.4508009191823	465.3680296493876	1.628299522685217	1612.
2164.713067970595	466.9979604535074	1.6315629438463128	1613.
2169.9869130507577	468.63115725479656	1.634831518157097	1614.
2175.272357433085	470.26762520980174	1.6381052524104565	1615.
2180.569422411362	471.90736948186304	1.6413841533992732	1616.
2185.8781292997623	473.55039524111044	1.6446682279164335	1617.
2191.198499432829	475.19670766446916	1.64795748275482	1618.
2196.5305541654893	476.846311935657	1.6512519247073172	1619.
2201.8743148730505	478.49921324518664	1.654551560566813	1620.
2207.2298029511953	480.1554167903573	1.6578563971261895	1621.
2212.597039815981	481.81492777527	1.66116644117833	1622.
2217.976046903852	483.4777514108109	1.66448169951612	1623.
2223.3668456716287	485.1438929146616	1.6678021789324449	1624.
2228.769457596508	486.8133575112988	1.671127886220189	1625.
2234.183904176065	488.4861504319897	1.6744588281722352	1626.
2239.610206928257	490.16227691479526	1.6777950115814706	1627.
2245.0483873914163	491.8417422045686	1.681136443240777	1628.
2250.498467124254	493.5245515529582	1.6844831299430405	1629.
2255.9604677058655	495.21071021840044	1.687835078481145	1630.
2261.4344107357188	496.9002234661307	1.6911922956479764	1631.
2266.9203178336634	498.5930965681696	1.6945547882364176	1632.
2272.41821063992	500.2893348033408	1.6979225630393513	1633.
2277.928110815103	501.98894345725193	1.7012956268496664	1634.
2283.450040040192	503.6919278223081	1.7046739864602447	1635.
2288.9840200165545	505.39829319770297	1.7080576486639716	1636.
2294.5300724659282	507.10804488942995	1.7114466202537315	1637.
2300.0882191304327	508.8211882102705	1.7148409080224072	1638.
2305.6584817725716	510.5377284797987	1.7182405187628857	1639.
2311.240882175217	512.2576710243848	1.72164545926805	1640.
2316.835442141634	513.9810211771878	1.7250557363307868	1641.
2322.442183495447	515.7077842781628	1.7284713567439765	1642.
2328.061128080674	517.4379656740575	1.731892327300506	1643.
2333.692297761712	519.1715707184094	1.7353186547932609	1644.
2339.3357144233255	520.9086047715527	1.7387503460151237	1645.
2344.991399970668	522.6490732006127	1.7421874077589798	1646.
2350.6593763292667	524.3929813795094	1.7456298468177147	1647.
2356.339665445028	526.1403346889515	1.749077669984211	1648.
2362.032289284237	527.8911385164447	1.7525308840513532	1649.
2367.7372698335594	529.6453982562853	1.7559894958120275	1650.
2373.4546291000406	531.4031193095643	1.7594535120591184	1651.
2379.1843891110957	533.1643070841633	1.7629229395855077	1652.
2384.9265719145274	534.9289669947593	1.7663977851840817	1653.
2390.6811995785197	536.6971044628194	1.7698780556477258	1654.
2396.4482941916226	538.4687249166077	1.7733637577693235	1655.
2402.2278778627783	540.2438337911753	1.7768548983417594	1656.
2408.0199727213007	542.0224365283711	1.7803514841579187	1657.
2413.8246009168765	543.8045385768369	1.7838535220106833	1658.
2419.6417846195864	545.5901453920033	1.7873610186929412	1659.
2425.4715460198777	547.3792624360967	1.790873980997575	1660.
2431.313907328581	549.1718951781377	1.7943924157174704	1661.
2437.168890776901	550.9680490939345	1.797916329645509	1662.
2443.036518616428	552.767729666095	1.8014457295745778	1663.
2448.9168131191273	554.5709423840149	1.8049806222975615	1664.
2454.80979657734	556.3776927438857	1.8085210146073427	1665.
2460.7154913037934	558.1879862486894	1.8120669132968086	1666.
2466.6339196315853	560.0018284082034	1.8156183251588418	1667.
2472.565103914197	561.8192247389957	1.8191752569863269	1668.
2478.509066525487	563.6401807644293	1.8227377155721491	1669.
2484.4658298596937	565.4647020146572	1.8263057077091922	1670.
2490.4354163314274	567.292794026629	1.8298792401903388	1671.
2496.4178483756923	569.1244623440839	1.8334583198084786	1672.
2502.413148447854	570.9597125175551	1.837042953356491	1673.
2508.421339023669	572.7985501043709	1.8406331476272637	1674.
2514.4424425992665	574.6409806686488	1.8442289094136806	1675.
2520.4764816911547	576.4870097813009	1.847830245508625	1676.
2526.523478836221	578.3366430200331	1.8514371627049817	1677.
2532.583456591737	580.1898859693429	1.8550496677956376	1678.
2538.6564375353405	582.0467442205199	1.8586677675734729	1679.
2544.7424442650613	583.9072233716497	1.8622914688313754	1680.
2550.8414993992988	585.771329027607	1.865920778362228	1681.
2556.953625576835	587.6390668000622	1.869555702958916	1682.
2563.0788454568265	589.5104423074781	1.8731962494143222	1683.
2569.21718171882	591.3854611751085	1.8768424245213353	1684.
2575.368657062726	593.264129035002	1.8804942350728355	1685.
2581.5332942088417	595.146451526	1.884151687861709	1686.
2587.711115897844	597.0324342937352	1.8878147896808413	1687.
2593.9021448907797	598.9220829906358	1.891483547323113	1688.
2600.106403969085	600.8154032759207	1.8951579675814125	1689.
2606.3239159345753	602.7124008156015	1.898838057248625	1690.
2612.55470360943	604.6130812824845	1.9025238231176314	1691.
2618.798789836225	606.517450356168	1.9062152719813197	1692.
2625.056197477896	608.4255137230434	1.9099124106325691	1693.
2631.3269494177825	610.337277076293	1.9136152458642712	1694.
2637.611068559576	612.2527461158966	1.9173237844693052	1695.
2643.9085778273657	614.1719265486208	1.921038033240558	1696.
2650.219500165611	616.0948240880307	1.9247579989709145	1697.
2656.5438585391457	618.0214444544804	1.9284836884532544	1698.
2662.8816759331985	619.9517933751185	1.9322151084804693	1699.
2669.2329753533586	621.8858765838868	1.9359522658454384	1700.
2675.597779825605	623.8236998215207	1.9396951673410499	1701.
2681.976112396293	625.7652688355438	1.9434438197601862	1702.
2688.3679961321527	627.7105893802791	1.947198229895732	1703.
2694.7734541202967	629.659667216838	1.9509584045405717	1704.
2701.1925094682124	631.6125081131268	1.9547243504875889	1705.
2707.6251853037743	633.5691178438442	1.9584960745296707	1706.
2714.0715047752246	635.5295021904826	1.9622735834596998	1707.
2720.5314910511934	637.4936669413241	1.9660568840705608	1708.
2727.0051673206835	639.4616178914489	1.969845983155139	1709.
2733.4925567930795	641.4333608427237	1.9736408875063178	1710.
2739.993682698142	643.4089016038142	1.977441603916982	1711.
2746.5085682860135	645.3882459901752	1.9812481391800167	1712.
2753.0372368272115	647.371399824056	1.9850605000883057	1713.
2759.5797116126364	649.3583689344982	1.9888786934347342	1714.
2766.136015953563	651.3491591573361	1.992702726012186	1715.
2772.706173181649	653.3437763351967	1.996532604613546	1716.
2779.2902066489246	655.3422263175021	2.0003683360316984	1717.
2785.888139727807	657.344514960464	2.004209927059529	1718.
2792.499995811085	659.3506481270892	2.0080573844899208	1719.
2799.1257983119285	661.3606316871756	2.011910715115758	1720.
2805.7655706638852	663.3744715173166	2.0157699257299253	1721.
2812.419336320886	665.3921735008958	2.019635023125309	1722.
2819.0871187572347	667.4137435280909	2.0235060140947914	1723.
2825.768941467615	669.4391874958742	2.027382905431258	1724.
2832.4648279670905	671.4685113080072	2.031265703927593	1725.
2839.1748017911073	673.5017208750478	2.035154416376683	1726.
2845.8988864954813	675.5388221143421	2.0390490495714086	1727.
2852.6371056564126	677.5798209500363	2.0429496103046576	1728.
2859.3894828704774	679.6247233130621	2.0468561053693115	1729.
2866.1560417546393	681.6735351411494	2.0507685415582593	1730.
2872.936805946224	683.7262623788183	2.05468692566438	1731.
2879.731799102953	685.7829109773816	2.0586112644805628	1732.
2886.5410449029096	687.8434868949466	2.0625415647996865	1733.
2893.3645670445785	689.9079960964123	2.066477833414643	1734.
2900.2023892468005	691.976444553472	2.070420077118313	1735.
2907.0545352488034	694.0488382446097	2.0743683027035793	1736.
2913.921028810198	696.1251831551044	2.078322516963329	1737.
2920.8018937109696	698.2054852770257	2.082282726690446	1738.
2927.6971537514787	700.2897506092381	2.086248938677813	1739.
2934.606832752475	702.3779851573986	2.0902211597183182	1740.
2941.5309545550767	704.4701949339569	2.0941993966048438	1741.
2948.4695430207835	706.5663859581546	2.0981836561302742	1742.
2955.422622031472	708.6665642560288	2.1021739450874932	1743.
2962.390215489405	710.7707358604043	2.106170270269386	1744.
2969.3723473172167	712.8789068109058	2.110172638468838	1745.
2976.369041457924	714.991083153946	2.114181056478734	1746.
2983.380321874918	717.1072709427312	2.118195531091957	1747.
2990.4062125519695	719.2274762372622	2.122216069101391	1748.
2997.446737493234	721.3517051043309	2.1262426772999232	1749.
3004.5019207232403	723.4799636175226	2.130275362480436	1750.
3011.5717862868937	725.6122578572163	2.134314131435814	1751.
3018.656358249484	727.7485939105836	2.1383589909589427	1752.
3025.755660696676	729.8889778715884	2.1424099478427063	1753.
3032.8697177345125	732.0334158409864	2.1464670088799878	1754.
3039.9985534894176	734.1819139263293	2.150530180863673	1755.
3047.142192108191	736.3344782419604	2.1545994705866462	1756.
3054.3006577580154	738.491114909014	2.1586748848417923	1757.
3061.4739746264468	740.6518300554189	2.162756430421994	1758.
3068.662166921429	742.8166298158972	2.16684411412014	1759.
3075.865258871271	744.985520331963	2.1709379427291102	1760.
3083.0832747246704	747.1585077519235	2.175037923041791	1761.
3090.316238750704	749.3355982308794	2.179144061851069	1762.
3097.564175238816	751.5167979307221	2.1832563659498234	1763.
3104.827108498847	753.7021130201392	2.1873748421309447	1764.
3112.105062860997	755.891549674609	2.191499497187312	1765.
3119.39806267586	758.085114076403	2.1956303379118136	1766.
3126.706132314403	760.2828124145858	2.199767371097334	1767.
3134.0292961679625	762.484650885016	2.2039106035367526	1768.
3141.3675786482763	764.6906356903423	2.2080600420229617	1769.
3148.7210041874405	766.9007730400085	2.212215693348841	1770.
3156.089597237932	769.1150691502503	2.2163775643072743	1771.
3163.4733822726184	771.3335302440983	2.2205456616911494	1772.
3170.872383784731	773.5561625513719	2.2247199922933465	1773.
3178.286626287893	775.7829723086888	2.2289005629067544	1774.
3185.716134316103	778.0139657594532	2.233087380324257	1775.
3193.1609324237284	780.2491491538685	2.237280451338737	1776.
3200.621045185521	782.4885287489278	2.2414797827430775	1777.
3208.096497196619	784.7321108084166	2.2456853813301665	1778.
3215.5873130725327	786.9799016029137	2.249897253892887	1779.
3223.0935174491497	789.2319074097923	2.2541154072241243	1780.
3230.615134982737	791.4881345132148	2.258339848116761	1781.
3238.1521903499415	793.7485892041432	2.2625705833636838	1782.
3245.7047082477848	796.0132777803246	2.266807619757773	1783.
3253.2727133936787	798.2822065463051	2.271050964091919	1784.
3260.8562305254018	800.5553818134194	2.275300623159003	1785.
3268.4552844011127	802.832809899799	2.27955660375191	1786.
3276.0698997993554	805.1144971303643	2.2838189126635253	1787.
3283.700101519044	807.4004498368304	2.2880875566867305	1788.
3291.345914379484	809.6906743577051	2.2923625426144154	1789.
3299.0073632203434	811.9851770382902	2.29664387723946	1790.
3306.6844729016752	814.2839642306803	2.3009315673547492	1791.
3314.377268303916	816.5870422937624	2.305225619753169	1792.
3322.0857743278784	818.8944175932124	2.3095260412276026	1793.
3329.810015894751	821.2060965015062	2.313832838570935	1794.
3337.550017946108	823.5220853979076	2.318146018576053	1795.
3345.305805443889	825.8423906684766	2.322465588035838	1796.
3353.077403370422	828.1670187060622	2.326791553743174	1797.
3360.8648367284127	830.4959759103108	2.3311239224909475	1798.
3368.6681305409534	832.8292686876553	2.3354627010720446	1799.
3376.4873098514922	835.1669034513293	2.3398078962793454	1800.
3384.3223997238815	837.5088866213541	2.344159514905739	1801.
3392.1734252423325	839.8552246245445	2.348517563744105	1802.
3400.040411511451	842.2059238945103	2.3528820495873326	1803.
3407.923383656206	844.5609908716524	2.357252979228303	1804.
3415.82236682196	846.920432003164	2.3616303594599026	1805.
3423.737386174442	849.2842537430333	2.366014197075014	1806.
3431.6684668997686	851.6524625520397	2.370404498866524	1807.
3439.6156342044305	854.0250648977553	2.374801271627315	1808.
3447.5789133152975	856.4020672545475	2.379204522150274	1809.
3455.5583294796147	858.7834761035751	2.383614257228282	1810.
3463.5539079650175	861.1692979327868	2.3880304836542265	1811.
3471.5656740595073	863.5595392369296	2.3924532082209913	1812.
3479.5936530714685	865.954206517541	2.3968824377214615	1813.
3487.6378703296637	868.3533062829483	2.401318178948518	1814.
3495.698351183238	870.7568450482768	2.40576043869505	1815.
3503.7751210017123	873.1648293354428	2.41020922375394	1816.
3511.868205174981	875.5772656731538	2.4146645409180714	1817.
3519.9776291133294	877.994160596912	2.4191263969803307	1818.
3528.103418247407	880.4155206490113	2.4235947987335997	1819.
3536.245598028255	882.8413523785403	2.4280697529707664	1820.
3544.4041939272856	885.271662341378	2.4325512664847135	1821.
3552.5792314362884	887.7064571001988	2.4370393460683246	1822.
3560.770736067439	890.1457432244692	2.441533998514486	1823.
3568.9787333532845	892.5895272904472	2.446035230616081	1824.
3577.203248846756	895.0378158811845	2.4505430491659954	1825.
3585.4443081211607	897.4906155865251	2.4550574609571116	1826.
3593.7019367701837	899.9479330031095	2.459578472782317	1827.
3601.9761604078867	902.4097747343667	2.464106091434493	1828.
3610.2670046687163	904.8761473905188	2.4686403237065253	1829.
3618.574495207493	907.3470575885835	2.4731811763912983	1830.
3626.8986576994175	909.82251195237	2.4777286562816974	1831.
3635.2395178400693	912.3025171124796	2.482282770170605	1832.
3643.597101345411	914.7870797063074	2.4868435248509098	1833.
3651.97143395177	917.2762063780428	2.491410927115492	1834.
3660.3625414158655	919.7699037786651	2.4959849837572374	1835.
3668.770449514796	922.2681785659479	2.500565701569032	1836.
3677.1951840460247	924.7710374044568	2.505153087343757	1837.
3685.6367708274097	927.2784869655534	2.5097471478742994	1838.
3694.0952356971825	929.7905339273884	2.5143478899535454	1839.
3702.5706045139414	932.3071849749085	2.518955320374375	1840.
3711.0629031566878	934.8284467998483	2.5235694459296774	1841.
3719.572157524771	937.3543261007435	2.5281902734123314	1842.
3728.09839353795	939.8848295829143	2.532817809615228	1843.
3736.6416371363403	942.4199639584776	2.537452061331246	1844.
3745.2019142804475	944.9597359463446	2.5420930353532745	1845.
3753.779250951148	947.5041522722177	2.5467407384741962	1846.
3762.373673149699	950.0532196685908	2.551395177486892	1847.
3770.9852068977457	952.606944874753	2.556056359184253	1848.
3779.613878237303	955.1653346367843	2.5607242903591603	1849.
3788.259713230758	957.7283957075601	2.565398977804496	1850.
3796.9227379608906	960.2961348467484	2.5700804283131493	1851.
3805.6029785308538	962.8685588208059	2.5747686486780017	1852.
3814.3004610641765	965.4456744029876	2.5794636456919395	1853.
3823.015211704771	968.0274883733368	2.5841654261478464	1854.
3831.7472566169154	970.614007518695	2.588873996838604	1855.
3840.4966219852904	973.2052386326909	2.5935893645571015	1856.
3849.263334014934	975.8011885157489	2.5983115360962215	1857.
3858.047418931272	978.401863975088	2.6030405182488483	1858.
3866.848902980108	981.0072718247156	2.6077763178078666	1859.
3875.6678124276227	983.6174188854366	2.6125189415661607	1860.
3884.504173560376	986.2323119848452	2.6172683963166152	1861.
3893.3580126853053	988.8519579573303	2.6220246888521137	1862.
3902.2293561297297	991.4763636440757	2.6267878259655424	1863.
3911.118230241348	994.1055358930525	2.6315578144497858	1864.
3920.024661388231	996.7394815590292	2.6363346610977265	1865.
3928.9486759588353	999.378207503567	2.641118372702252	1866.
3937.890300361987	1002.0217205950171	2.6459089560562425	1867.
3946.849561026903	1004.670027708527	2.650706417952586	1868.
3955.826484403171	1007.3231357260343	2.6555107651841654	1869.
3964.8210969607576	1009.981051536271	2.6603220045438656	1870.
3973.833425190013	1012.6437820347624	2.6651401428245727	1871.
3982.8634956016563	1015.3113341238254	2.6699651868191676	1872.
3991.911334726796	1017.98371471257	2.6747971433205375	1873.
4000.976969116918	1020.6609307168997	2.679636019121568	1874.
4010.0604253438783	1023.3429890595098	2.68448182101514	1875.
4019.161729999919	1026.0298966698915	2.689334555794142	1876.
4028.2809096976534	1028.7216604843243	2.694194230251453	1877.
4037.4179910700877	1031.4182874458852	2.699060851179964	1878.
4046.5730007705906	1034.1197845044385	2.7039344253725544	1879.
4055.7459654729237	1036.8261586166486	2.7088149596221127	1880.
4064.936911871211	1039.5374167459668	2.713702460721519	1881.
4074.1458666799713	1042.2535658626393	2.718596935463661	1882.
4083.372856634093	1044.9746129437058	2.7234983906414225	1883.
4092.617908488846	1047.7005649729986	2.7284068330476883	1884.
4101.881049019881	1050.4314289411413	2.7333222694753436	1885.
4111.162305023214	1053.167211845554	2.7382447067172686	1886.
4120.461703315263	1055.9079206904453	2.743174151566353	1887.
4129.779270732804	1058.6535624868206	2.7481106108154796	1888.
4139.115034133006	1061.404144252474	2.7530540912575328	1889.
4148.469020393401	1064.1596730119968	2.7580045996853952	1890.
4157.841256411914	1066.9201557967708	2.762962142891954	1891.
4167.231769106844	1069.6855996449713	2.7679267276700923	1892.
4176.640585416867	1072.456011601566	2.772898360812696	1893.
4186.067732301039	1075.231398718316	2.7778770491126474	1894.
4195.513236738796	1078.0117680537746	2.7828627993628334	1895.
4204.977125729945	1080.7971266732893	2.7878556183561365	1896.
4214.459426294683	1083.5874816489986	2.792855512885441	1897.
4223.960165473582	1086.3828400598359	2.7978624897436335	1898.
4233.479370327585	1089.1832089915265	2.8028765557235973	1899.
4243.0170679380235	1091.988595536589	2.807897717618217	1900.
4252.573285406603	1094.7990067943329	2.812925982220377	1901.
4262.148049855409	1097.6144498708627	2.817961356322961	1902.
4271.741388426904	1100.4349318790764	2.823003846718855	1903.
4281.353328283932	1103.2604599386623	2.828053460200943	1904.
4290.983896609714	1106.0910411761038	2.833110203562109	1905.
4300.63312060785	1108.926682724677	2.8381740835952396	1906.
4310.30102750231	1111.7673917244501	2.8432451070932148	1907.
4319.987644537459	1114.6131753222835	2.8483232808489225	1908.
4329.69299897804	1117.4640406718308	2.853408611655249	1909.
4339.41711810915	1120.3199949335412	2.8585011063050736	1910.
4349.160029236292	1123.1810452746531	2.863600771591284	1911.
4358.921759685335	1126.0471988691997	2.868707614306765	1912.
4368.702336802529	1128.9184628980074	2.8738216412444	1913.
4378.501787954507	1131.7948445486945	2.8789428591970747	1914.
4388.320140528269	1134.6763510156716	2.8840712749576713	1915.
4398.157421931208	1137.5629895001425	2.8892068953190764	1916.
4408.013659591084	1140.454767210107	2.8943497270741734	1917.
4417.888880956045	1143.3516913603535	2.8994997770158486	1918.
4427.7831134946055	1146.253769172466	2.904657051936984	1919.
4437.696384695678	1149.1610078748186	2.9098215586304663	1920.
4447.628722068529	1152.073414702581	2.914993303889177	1921.
4457.580153142821	1154.9909968977158	2.9201722945060027	1922.
4467.550705468599	1157.9137617089764	2.92535853727383	1923.
4477.5404066162655	1160.8417163919112	2.930552038985539	1924.
4487.549284176622	1163.7748682088609	2.9357528064340173	1925.
4497.57736576084	1166.713224428956	2.940960846412148	1926.
4507.624679000472	1169.6567923281254	2.9461761657128163	1927.
4517.691251547444	1172.6055791890867	2.9513987711289067	1928.
4527.777111074069	1175.559592301352	2.956628669453303	1929.
4537.882285273029	1178.5188389612272	2.961865867478889	1930.
4548.006801857397	1181.4833264718081	2.967110371998552	1931.
4558.15068856061	1184.4530621429876	2.9723621898051746	1932.
4568.313973136498	1187.4280532914454	2.977621327691642	1933.
4578.496683359259	1190.4083072406606	2.9828877924508372	1934.
4588.698847023472	1193.3938313209028	2.988161590875645	1935.
4598.920491944099	1196.3846328692316	2.993442729758952	1936.
4609.161645956479	1199.3807192295044	2.998731215893641	1937.
4619.422336916322	1202.3820977523674	3.0040270560725952	1938.
4629.702592699735	1205.388775795262	3.0093302570887035	1939.
4640.002441203179	1208.4007607224207	3.014640825734845	1940.
4650.321910343519	1211.4180599048723	3.019958768803911	1941.
4660.661028057971	1214.440680720434	3.0252840930887768	1942.
4671.019822304154	1217.4686305537198	3.0306168053823335	1943.
4681.398321060059	1220.5019167961332	3.035956912477465	1944.
4691.79655232405	1223.5405468458735	3.0413044211670552	1945.
4702.2145441148705	1226.5845281079296	3.0466593382439875	1946.
4712.652324471644	1229.6338679940868	3.052021670501145	1947.
4723.109921453879	1232.6885739229233	3.057391424731418	1948.
4733.5873631414515	1235.7486533198062	3.0627686077276843	1949.
4744.084677634624	1238.8141136168979	3.068153226282832	1950.
4754.601893054043	1241.8849622531552	3.0735452871897477	1951.
4765.139037540709	1244.9612066743257	3.0789447972413093	1952.
4775.696139256038	1248.042854332949	3.0843517632304085	1953.
4786.273226381787	1251.1299126883632	3.0897661919499235	1954.
4796.870327120126	1254.2223892066909	3.095188090192744	1955.
4807.487469693573	1257.3202913608543	3.1006174647517515	1956.
4818.1246823450465	1260.4236266305638	3.1060543224198307	1957.
4828.781993337834	1263.5324025023278	3.111498669989868	1958.
4839.459430955606	1266.6466264694413	3.1169505142547456	1959.
4850.157023502405	1269.7663060319996	3.1224098620073493	1960.
4860.874799302662	1272.8914486968843	3.1278767200405637	1961.
4871.612786701173	1276.022061977772	3.1333510951472707	1962.
4882.37101406313	1279.158153395134	3.1388329941203583	1963.
4893.149509774094	1282.299730476232	3.144322423752712	1964.
4903.948302239999	1285.446800755124	3.1498193908372123	1965.
4914.767419887163	1288.599371772655	3.155323902166743	1966.
4925.606891162288	1291.7574510764694	3.1608359645341926	1967.
4936.46674453245	1294.9210462210008	3.166355584732444	1968.
4947.347008485105	1298.090164767476	3.171882769554384	1969.
4958.2477115280835	1301.2648142839148	3.177417525792893	1970.
4969.168882189593	1304.4450023451313	3.182959860240855	1971.
4980.110549018236	1307.6307365327298	3.1885097796911595	1972.
4991.072740582974	1310.8220244351123	3.1940672909366885	1973.
5002.055485473154	1314.0188736474665	3.1996324007703247	1974.
5013.0588122985055	1317.2212917717798	3.2052051159849544	1975.
5024.082749689131	1320.4292864168283	3.210785443373461	1976.
5035.127326295522	1323.6428651981823	3.2163733897287328	1977.
5046.192570788534	1326.862035738206	3.2219689618436496	1978.
5057.27851185941	1330.0868056660534	3.2275721665110977	1979.
5068.385178219769	1333.3171826176754	3.2331830105239616	1980.
5079.512598601609	1336.553174235814	3.238801500675125	1981.
5090.660801757314	1339.7947881700034	3.2444276437574757	1982.
5101.829816459629	1343.0420320765693	3.250061446563892	1983.
5113.019671501696	1346.2949136186357	3.255702915887264	1984.
5124.23039569703	1349.5534404661148	3.261352058520476	1985.
5135.462017879514	1352.817620295712	3.267008881256408	1986.
5146.7145669034235	1356.0874607909263	3.272673390887946	1987.
5157.988071643413	1359.3629696420512	3.2783455942079796	1988.
5169.282560994503	1362.6441545461694	3.2840254980093873	1989.
5180.598063872103	1365.9310232071603	3.2897131090850573	1990.
5191.934609211993	1369.2235833356958	3.2954084342278698	1991.
5203.292225970347	1372.521842649237	3.3011114802307144	1992.
5214.670943123698	1375.8258088720409	3.3068222538864713	1993.
5226.070789668971	1379.135489735158	3.3125407619880285	1994.
5237.491794623469	1382.4508929764302	3.3182670113282704	1995.
5248.93398702486	1385.7720263404913	3.3240010087000753	1996.
5260.397395931212	1389.0988975787714	3.3297427608963366	1997.
5271.882050420958	1392.4315144494904	3.3354922747099343	1998.
5283.387979592908	1395.7698847176616	3.341249556933751	1999.
5294.915212566259	1399.1140161550911	3.347014614360675	2000.
5306.463778480578	1402.4639165403814	3.352787453783588	2001.
5318.033706495826	1405.8195936589218	3.3585680819953776	2002.
5329.6250257923175	1409.1810553028995	3.3643565057889244	2003.
5341.237765570767	1412.5483092712916	3.3701527319571145	2004.
5352.871955052266	1415.9213633698696	3.375956767292836	2005.
5364.5276234782705	1419.3002254111975	3.381768618588967	2006.
5376.204800110633	1422.6849032146315	3.387588292638397	2007.
5387.903514231566	1426.0754046063225	3.3934157962340086	2008.
5399.623795143674	1429.4717374192142	3.3992511361686857	2009.
5411.365672169944	1432.873909493038	3.4050943192353147	2010.
5423.1291746537245	1436.2819286743252	3.4109453522267774	2011.
5434.914331958755	1439.6958028163972	3.41680424193596	2012.
5446.721173469154	1443.1155397793673	3.422670995155748	2013.
5458.549728589414	1446.5411474301427	3.428545618679026	2014.
5470.400026744404	1449.972633642425	3.4344281192986745	2015.
5482.272097379379	1453.4100062967032	3.440318503807581	2016.
5494.1659699599695	1456.8532732802664	3.4462167789986298	2017.
5506.081673972181	1460.3024424871933	3.4521229516647045	2018.
5518.019238922409	1463.7575218183524	3.458037028598693	2019.
5529.97869433741	1467.21851918141	3.463959016593475	2020.
5541.960069764333	1470.6854424908233	3.469888922441937	2021.
5553.9633947707025	1474.1582996678435	3.4758267529369657	2022.
5565.9886989444185	1477.6370986405109	3.4817725148714427	2023.
5578.036011893759	1481.121847343663	3.4877262150382524	2024.
5590.105363247394	1484.6125537189291	3.493687860230283	2025.
5602.196782654346	1488.1092257147293	3.4996574572404127	2026.
5614.310299784049	1491.6118712862794	3.505635012861533	2027.
5626.44594432628	1495.1204983955863	3.5116205338865223	2028.
5638.603745991223	1498.6351150114529	3.5176140271082685	2029.
5650.783734509435	1502.1557291094673	3.5236154993196562	2030.
5662.985939631836	1505.6823486720182	3.529624957313567	2031.
5675.210391129749	1509.214981688287	3.535642407882891	2032.
5687.4571187948495	1512.7536361542416	3.5416678578205065	2033.
5699.726152439211	1516.2983200726476	3.547701313919301	2034.
5712.017521895281	1519.8490414530643	3.5537427829721597	2035.
5724.33125701588	1523.4058083118407	3.559792271771964	2036.
5736.66738767421	1526.9686286721217	3.5658497871116017	2037.
5749.025943763863	1530.5375105638414	3.571915335783957	2038.
5761.4069551987905	1534.112462023732	3.5779889245819136	2039.
5773.810451913328	1537.6934910953128	3.584070560298353	2040.
5786.236463862202	1541.2806058288993	3.590160249726164	2041.
5798.685021020511	1544.8738142815987	3.5962579996582313	2042.
5811.156153383719	1548.4731245173139	3.6023638168874363	2043.
5823.649890967689	1552.0785446067362	3.6084777082066655	2044.
5836.166263808647	1555.6900826273559	3.614599680408803	2045.
5848.705301963209	1559.3077466634477	3.620729740286733	2046.
5861.267035508363	1562.9315448060834	3.6268678946333397	2047.
5873.851494541475	1566.5614851531336	3.6330141502415083	2048.
5886.458709180297	1570.197575809253	3.6391685139041234	2049.
5899.088709562948	1573.8398248858912	3.6453309924140678	2050.
5911.74152584794	1577.488240501294	3.6515015925642285	2051.
5924.417188214148	1581.1428307804977	3.657680321147488	2052.
5937.115726860845	1584.8036038553305	3.663867184956734	2053.
5949.83717200766	1588.4705678644173	3.670062190784847	2054.
5962.581553894616	1592.1437309531707	3.6762653454247136	2055.
5975.348902782104	1595.823101273802	3.6824766556692152	2056.
5988.139248950921	1599.5086869853071	3.6886961283112436	2057.
6000.952622702196	1603.2004962534884	3.6949237701436752	2058.
6013.789054357478	1606.8985372509242	3.701159587959398	2059.
6026.648574258683	1610.6028181569973	3.7074035885513004	2060.
6039.531212768083	1614.3133471578822	3.7136557787122584	2061.
6052.437000268361	1618.0301324465427	3.719916165235162	2062.
6065.36596716257	1621.7531822227375	3.7261847549128966	2063.
6078.318143874118	1625.4825046930196	3.7324615545383413	2064.
6091.2935608468315	1629.2181080707292	3.7387465709043877	2065.
6104.292248544884	1632.9600005760035	3.745039810803914	2066.
6117.31423745284	1636.7081904357779	3.75134128102981	2067.
6130.359558075644	1640.4626858837705	3.757650988374958	2068.
6143.428240938607	1644.2234951604974	3.7639689396322398	2069.
6156.520316587434	1647.9906265132704	3.7702951415945423	2070.
6169.635815588197	1651.764088196187	3.776629601054749	2071.
6182.774768527366	1655.5438884701434	3.7829723248057476	2072.
6195.937206011766	1659.3300356028258	3.7893233196404204	2073.
6209.1231586686135	1663.1225378687159	3.7956825923516533	2074.
6222.332657145491	1666.9214035490859	3.8020501497323256	2075.
6235.5657321103745	1670.7266409320023	3.808425998575326	2076.
6248.822414251618	1674.5382583123223	3.8148101456735395	2077.
6262.102734277953	1678.3562639916977	3.821202597819851	2078.
6275.406722918477	1682.1806662785752	3.8276033618071432	2079.
6288.734410922672	1686.0114734881904	3.834012444428299	2080.
6302.085829060412	1689.8486939425734	3.8404298524762055	2081.
6315.461008121936	1693.6923359705497	3.846855592743749	2082.
6328.8599789178625	1697.542407907732	3.8532896720238092	2083.
6342.282772279192	1701.3989180965327	3.859732097109273	2084.
6355.729419057308	1705.2618748861505	3.866182874793026	2085.
6369.199950123964	1709.1312866325807	3.87264201186795	2086.
6382.694396371293	1713.0071616986152	3.879109515126932	2087.
6396.212788711816	1716.8895084538285	3.8855853913628566	2088.
6409.755158078419	1720.7783352745978	3.892069647368605	2089.
6423.321535424381	1724.6736505440854	3.8985622899370656	2090.
6436.911951723349	1728.5754626522562	3.9050633258611214	2091.
6450.5264379693535	1732.4837799958582	3.911572761933657	2092.
6464.1650251768	1736.398610978435	3.9180906049475563	2093.
6477.827744380473	1740.3199640103312	3.9246168616957036	2094.
6491.514626635544	1744.24784750867	3.931151538970985	2095.
6505.2257030175515	1748.1822698973801	3.9376946435662843	2096.
6518.961004622417	1752.1232396071746	3.944246182274484	2097.
6532.720562566448	1756.0707650755649	3.9508061618884716	2098.
6546.50440798632	1760.0248547468518	3.9573745892011294	2099.
6560.312572039091	1763.9855170721307	3.963951471005344	2100.
6574.145085902197	1767.9527605092903	3.9705368140939967	2101.
6588.001980773455	1771.92659352301	3.9771306252599743	2102.
6601.8832878710655	1775.9070245847665	3.9837329112961637	2103.
6615.7890384335915	1779.8940621728239	3.990343678995444	2104.
6629.71926371999	1783.887714772242	3.9969629351507034	2105.
6643.673995009587	1787.8879908748759	4.003590686554825	2106.
6657.653263602097	1791.894898979367	4.0102269400006945	2107.
6671.657100817605	1795.908447591156	4.016871702281196	2108.
6685.685537996578	1799.9286452224724	4.023524980189213	2109.
6699.738606499857	1803.9555003923397	4.030186780517629	2110.
6713.816337708669	1807.9890216265776	4.036857110059331	2111.
6727.918763024619	1812.0292174577949	4.043535975607203	2112.
6742.045913869683	1816.076096425391	4.050223383954129	2113.
6756.19782168622	1820.129667075565	4.056919341892992	2114.
6770.3745179369735	1824.1899379613046	4.06362385621668	2115.
6784.576034105056	1828.2569176423935	4.0703369337180755	2116.
6798.802401693966	1832.3306146853988	4.077058581190063	2117.
6813.0536522275725	1836.4110376636936	4.0837888054255265	2118.
6827.329817250131	1840.4981951574364	4.090527613217351	2119.
6841.63092832628	1844.5920957535773	4.097275011358422	2120.
6855.957017041015	1848.6927480458653	4.104031006641622	2121.
6870.308114999736	1852.800160634839	4.110795605859837	2122.
6884.684253828205	1856.9143421278277	4.11756881580595	2123.
6899.0854651725695	1861.0353011389593	4.124350643272847	2124.
6913.511780699357	1865.1630462891449	4.131141095053413	2125.
6927.963232095468	1869.2975862061016	4.137940177940531	2126.
6942.4398510681895	1873.4389295243268	4.144747898727087	2127.
6956.941669345173	1877.5870848851177	4.151564264205963	2128.
6971.468718674463	1881.7420609365658	4.158389281170046	2129.
6986.021030824477	1885.9038663335523	4.16522295641222	2130.
7000.598637584011	1890.0725097377472	4.172065296725367	2131.
7015.201570762245	1894.247999817624	4.1789163089023775	2132.
7029.8298621887225	1898.4303452484373	4.185775999736127	2133.
7044.483543713381	1902.6195547122452	4.192644376019506	2134.
7059.16264720654	1906.8156368978916	4.199521444545401	2135.
7073.867204558876	1911.018600501016	4.206407212106691	2136.
7088.597247681474	1915.2284542240482	4.213301685496266	2137.
7103.3528085057615	1919.4452067762154	4.220204871507005	2138.
7118.133918983581	1923.6688668735328	4.227116776931797	2139.
7132.940611087125	1927.899443238813	4.234037408563522	2140.
7147.77291680898	1932.136944601661	4.240966773195068	2141.
7162.630868162114	1936.3813796984678	4.247904877619319	2142.
7177.514497179858	1940.6327572724276	4.254851728629158	2143.
7192.423835915939	1944.8910860735195	4.2618073330174715	2144.
7207.358916444446	1949.1563748585204	4.268771697577141	2145.
7222.319770859875	1953.4286323909937	4.275744829101057	2146.
7237.306431277057	1957.7078674413078	4.282726734382098	2147.
7252.318929831234	1961.9940887866092	4.289717420213148	2148.
7267.357298678029	1966.2873052108466	4.2967168933870985	2149.
7282.4215699934175	1970.5875255047627	4.303725160696827	2150.
7297.511775973777	1974.894758465884	4.310742228935221	2151.
7312.627948835854	1979.2090128985396	4.317768104895165	2152.
7327.770120816771	1983.5302976138478	4.32480279536954	2153.
7342.938324174047	1987.8586214297147	4.331846307151236	2154.
7358.13259118556	1992.1939931708484	4.338898647033136	2155.
7373.352954149568	1996.5364216687449	4.345959821808122	2156.
7388.599445384714	2000.8859157616944	4.353029838269081	2157.
7403.87209723002	2005.2424842947757	4.360108703208895	2158.
7419.170942044886	2009.606136119868	4.3671964234204514	2159.
7434.49601220909	2013.9768800956385	4.374293005696633	2160.
7449.847340122785	2018.3547250875467	4.381398456830325	2161.
7465.224958206508	2022.7396799678486	4.38851278361441	2162.
7480.628898901175	2027.1317536155898	4.395635992841776	2163.
7496.059194668068	2031.5309549166109	4.402768091305304	2164.
7511.515877988867	2035.9372927635436	4.409909085797881	2165.
7526.998981365623	2040.350776055814	4.41705898311239	2166.
7542.508537320755	2044.771413699641	4.424217790041715	2167.
7558.044578397083	2049.199214608034	4.431385513378744	2168.
7573.607137157778	2053.634187700797	4.438562159916356	2169.
7589.196246186411	2058.0763419045325	4.44574773644744	2170.
7604.811938086934	2062.5256861526223	4.45294224976488	2171.
7620.454245483648	2066.9822293852544	4.4601457066615575	2172.
7636.123201021268	2071.445980549402	4.467358113930358	2173.
7651.81883736487	2075.9169485988373	4.474579478364171	2174.
7667.5411871999095	2080.3951424941174	4.481809806755874	2175.
7683.290283232227	2084.8805712025965	4.4890491058983555	2176.
7699.066158188025	2089.373243698428	4.4962973825844985	2177.
7714.868844813915	2093.8731689625456	4.503554643607189	2178.
7730.698375876847	2098.3803559826856	4.510820895759308	2179.
7746.554784164195	2102.8948137533725	4.518096145833746	2180.
7762.438102483675	2107.4165512759246	4.525380400623383	2181.
7778.348363663392	2111.9455775584556	4.532673666921103	2182.
7794.285600551841	2116.4819016158663	4.539975951519792	2183.
7810.24984601788	2121.0255324698605	4.547287261212335	2184.
7826.241132950759	2125.5764791489223	4.554607602791616	2185.
7842.2594942601	2130.1347506883344	4.561936983050519	2186.
7858.304962875901	2134.7003561301785	4.569275408781929	2187.
7874.377571748545	2139.2733045233213	4.576622886778732	2188.
7890.477353848791	2143.853604923423	4.583979423833811	2189.
7906.604342167764	2148.4412663929406	4.591345026740048	2190.
7922.758569716994	2153.0362980011196	4.598719702290331	2191.
7938.940069528377	2157.638708824	4.606103457277544	2192.
7955.148874654176	2162.248507944417	4.61349629849457	2193.
7971.38501816705	2166.865704451996	4.620898232734295	2194.
7987.648533160025	2171.490307443157	4.628309266789604	2195.
8003.93945274651	2176.122326021112	4.63572940745338	2196.
8020.257810060295	2180.7617692958643	4.643158661518506	2197.
8036.60363825555	2185.4086463842136	4.650597035777872	2198.
8052.976970506812	2190.062966409749	4.658044537024357	2199.
8069.377840009007	2194.7247385028563	4.665501172050846	2200.
8085.806279977445	2199.393971800708	4.672966947650228	2201.
8102.2623236477975	2204.070675447277	4.680441870615383	2202.
8118.7460042761195	2208.7548585933255	4.687925947739195	2203.
8135.257355138865	2213.446530396407	4.6954191858145515	2204.
8151.796409532848	2218.14570002087	4.702921591634339	2205.
8168.363200775253	2222.852376637854	4.710433171991435	2206.
8184.957762203661	2227.5665694252957	4.7179539336787295	2207.
8201.580127176028	2232.288287567919	4.7254838834891055	2208.
8218.230329070677	2237.017540257247	4.733023028215448	2209.
8234.908401286328	2241.7543366915866	4.7405713746506395	2210.
8251.614377242066	2246.498686076047	4.748128929587568	2211.
8268.348290377355	2251.250597622528	4.755695699819115	2212.
8285.110174152043	2256.0100805497145	4.763271692138164	2213.
8301.900062046356	2260.777144083096	4.770856913337602	2214.
8318.7179875609	2265.5517974549484	4.778451370210315	2215.
8335.563984216653	2270.334049904339	4.786055069549184	2216.
8352.438085554977	2275.1239106771336	4.793668018147096	2217.
8369.340325137613	2279.9213890259853	4.801290222796934	2218.
8386.270736546683	2284.72649421034	4.808921690291583	2219.
8403.229353384675	2289.539235496445	4.816562427423928	2220.
8420.216209274464	2294.359622157333	4.824212440986851	2221.
8437.231337859304	2299.1876634728274	4.831871737773237	2222.
8454.27477280284	2304.0233687295527	4.839540324575975	2223.
8471.34654778908	2308.866747220916	4.847218208187948	2224.
8488.446696522398	2313.717808247128	4.854905395402034	2225.
8505.575252727582	2318.576561115185	4.862601893011125	2226.
8522.732250149767	2323.4430151388797	4.870307707808103	2227.
8539.917722554488	2328.317179638797	4.878022846585854	2228.
8557.131703727644	2333.1990639423093	4.88574731613726	2229.
8574.374227475519	2338.088677383591	4.893481123255206	2230.
8591.64532762477	2342.986029303607	4.901224274732576	2231.
8608.945038022446	2347.8911290501073	4.908976777362255	2232.
8626.273392535964	2352.803985977645	4.9167386379371285	2233.
8643.630425053121	2357.724609447561	4.924509863250081	2234.
8661.016169482093	2362.653008827989	4.932290460093996	2235.
8678.430659751433	2367.589193493857	4.940080435261758	2236.
8695.87392981008	2372.533172826885	4.947879795546252	2237.
8713.346013627353	2377.4849562155855	4.9556885477403645	2238.
8730.846945192925	2382.4445530552666	4.963506698636977	2239.
8748.376758516877	2387.4119727480256	4.971334255028974	2240.
8765.935487629657	2392.387224702753	4.979171223709241	2241.
8783.52316658208	2397.370318335138	4.98701761147066	2242.
8801.13982944538	2402.3612630676535	4.994873425106122	2243.
8818.785510311114	2407.3600683295717	5.002738671408506	2244.
8836.460243291258	2412.3667435569573	5.010613357170697	2245.
8854.164062518154	2417.3812981926653	5.018497489185582	2246.
8871.897002144513	2422.4037416863434	5.026391074246042	2247.
8889.659096343445	2427.4340834944346	5.034294119144964	2248.
8907.450379308424	2432.4723330801767	5.042206630675234	2249.
8925.2708852533	2437.518499913594	5.05012861562973	2250.
8943.120648412321	2442.57259347151	5.058060080801346	2251.
8960.999703040085	2447.6346232375336	5.066001032982956	2252.
8978.908083411594	2452.7045987020765	5.0739514789674525	2253.
8996.845823822223	2457.7825293623337	5.081911425547717	2254.
9014.812958587714	2462.8684247223	5.0898808795166355	2255.
9032.809522044201	2467.962294292761	5.097859847667093	2256.
9050.835548548177	2473.064147591294	5.105848336791968	2257.
9068.891072476548	2478.173994142267	5.113846353684152	2258.
9086.976128226568	2483.2918434768485	5.121853905136528	2259.
9105.090750215877	2488.417705132991	5.129870997941977	2260.
9123.2349728825	2493.551588655447	5.137897638893386	2261.
9141.408830684835	2498.693503595757	5.14593383478364	2262.
9159.612358101662	2503.84345951226	5.153979592405622	2263.
9177.845589632145	2509.0014659700773	5.1620349185522185	2264.
9196.108559795815	2514.167532541137	5.170099820016314	2265.
9214.401303132583	2519.3416688041452	5.178174303590789	2266.
9232.72385420275	2524.523884344617	5.186258376068534	2267.
9251.076247586972	2529.7141887548496	5.194352044242426	2268.
9269.45851788632	2534.912591633935	5.2024553149053565	2269.
9287.87069972222	2540.119102587754	5.210568194850208	2270.
9306.312827736476	2545.33373122899	5.218690690869866	2271.
9324.78493659126	2550.556487177117	5.226822809757208	2272.
9343.287060969164	2555.7873800583925	5.234964558305127	2273.
9361.819235573113	2561.0264195058785	5.243115943306505	2274.
9380.381495126441	2566.2736151594227	5.251276971554225	2275.
9398.973874372843	2571.528976665666	5.259447649841172	2276.
9417.596408076399	2576.7925136780486	5.267627984960231	2277.
9436.249131021576	2582.0642358567948	5.275817983704289	2278.
9454.932078013197	2587.344152868929	5.284017652866225	2279.
9473.645283876485	2592.632274388264	5.292226999238925	2280.
9492.388783457041	2597.928610095408	5.300446029615277	2281.
9511.162611620828	2603.2331696777596	5.308674750788163	2282.
9529.9668032542	2608.5459628295152	5.3169131695504666	2283.
9548.801393263893	2613.8669992516557	5.325161292695074	2284.
9567.66641657702	2619.1962886519627	5.333419127014872	2285.
9586.561908141051	2624.5338407450085	5.341686679302739	2286.
9605.487902923875	2629.879665252154	5.349963956351565	2287.
9624.444435913718	2635.233771901563	5.358250964954231	2288.
9643.431542119215	2640.596170428179	5.366547711903624	2289.
9662.449256569364	2645.9668705737495	5.3748542039926255	2290.
9681.497614313552	2651.3458820868073	5.383170448014124	2291.
9700.576650421523	2656.733214722687	5.391496450760999	2292.
9719.686399983433	2662.1288782435026	5.3998322190261385	2293.
9738.826898109794	2667.5328824181765	5.408177759602428	2294.
9757.998179931503	2672.945237022411	5.416533079282751	2295.
9777.200280599829	2678.3659518387053	5.424898184859988	2296.
9796.43323528643	2683.7950366563587	5.4332730831270295	2297.
9815.697079183334	2689.232501271454	5.441657780876757	2298.
9834.991847502954	2694.6783554868725	5.450052284902056	2299.
9854.317575478079	2700.132609112282	5.458456601995809	2300.
9873.674298361879	2705.595271964149	5.4668707389509015	2301.
9893.062051427885	2711.0663538657336	5.475294702560217	2302.
9912.480869970044	2716.545864647086	5.483728499616643	2303.
9931.930789302653	2722.0338141450475	5.492172136913063	2304.
9951.411844760387	2727.530212203256	5.500625621242361	2305.
9970.924071698315	2733.035068672141	5.509088959397421	2306.
9990.467505491863	2738.5483934089248	5.517562158171127	2307.
10010.042181536872	2744.0701962776207	5.526045224356365	2308.
10029.648135249518	2749.600487149038	5.534538164746018	2309.
10049.285402066384	2755.139275900778	5.543040986132971	2310.