9.742712e-8	7.78799e-13	1.047129e-10	930.428808666363
9.969651e-8	8.092866e-13	1.0715190000000001e-10	930.4297850677403
1.020188e-7	8.409501e-13	1.096478e-10	930.4303501766565
1.043951e-7	8.73834e-13	1.1220180000000002e-10	930.4304728979391
1.068268e-7	9.079846e-13	1.148154e-10	930.4301338026083
1.093151e-7	9.434498e-13	1.174898e-10	930.4300752048265
1.118614e-7	9.802794e-13	1.202264e-10	930.4310890070733
1.14467e-7	1.018525e-12	1.230269e-10	930.4308124889759
1.171333e-7	1.05824e-12	1.258925e-10	930.4315844073315
1.198618e-7	1.09948e-12	1.28825e-10	930.4319773335923
1.226537e-7	1.142303e-12	1.318257e-10	930.4319438698221
1.255107e-7	1.186768e-12	1.348963e-10	930.4323896800727
1.284343e-7	1.232937e-12	1.380384e-10	930.4333644623524
1.314259e-7	1.280874e-12	1.412538e-10	930.4328865772108
1.344873e-7	1.330647e-12	1.4454399999999998e-10	930.4338516091987
1.376199e-7	1.382322e-12	1.479108e-10	930.4343044726957
1.408255e-7	1.435974e-12	1.513561e-10	930.4344917317505
1.441058e-7	1.491674e-12	1.548817e-10	930.4345941063405
1.474625e-7	1.549501e-12	1.584893e-10	930.435363781656
1.508974e-7	1.609534e-12	1.62181e-10	930.4358065001448
1.544122e-7	1.671855e-12	1.6595870000000001e-10	930.4355351964074
1.58009e-7	1.736551e-12	1.698244e-10	930.4360065514733
1.616896e-7	1.80371e-12	1.737801e-10	930.43682049901
1.654558e-7	1.873423e-12	1.7782789999999997e-10	930.4370878979058
1.693098e-7	1.945787e-12	1.8197010000000002e-10	930.4371750468895
1.732536e-7	2.0209e-12	1.862087e-10	930.4378415186832
1.772893e-7	2.098865e-12	1.905461e-10	930.4383499058758
1.814189e-7	2.179788e-12	1.9498450000000002e-10	930.4384696629733
1.856447e-7	2.263778e-12	1.9952619999999999e-10	930.4390289495815
1.89969e-7	2.350951e-12	2.041738e-10	930.4394146114731
1.94394e-7	2.441423e-12	2.089296e-10	930.4399253289146
1.989221e-7	2.535318e-12	2.1379620000000003e-10	930.4404630110357
2.035557e-7	2.632763e-12	2.187762e-10	930.4409381047847
2.082971e-7	2.733888e-12	2.238721e-10	930.441238046188
2.131491e-7	2.838831e-12	2.290868e-10	930.4418186949225
2.18114e-7	2.947732e-12	2.344229e-10	930.4421527589667
2.231946e-7	3.060738e-12	2.398833e-10	930.4426808285529
2.2839360000000003e-7	3.178e-12	2.454709e-10	930.4433967529349
2.337136e-7	3.299676e-12	2.511886e-10	930.443896243699
2.391576e-7	3.425927e-12	2.570396e-10	930.4442814531302
2.447283e-7	3.556923e-12	2.630268e-10	930.4445665726839
2.504289e-7	3.692838e-12	2.691535e-10	930.4452397535234
2.562622e-7	3.833852e-12	2.754229e-10	930.445630526728
2.622314e-7	3.980154e-12	2.818383e-10	930.4462174019641
2.683397e-7	4.131936e-12	2.884032e-10	930.4467909371325
2.745902e-7	4.289401e-12	2.951209e-10	930.4474518781965
2.809863e-7	4.452756e-12	3.019952e-10	930.4477447191213
2.875314e-7	4.622216e-12	3.090295e-10	930.448459503057
2.94229e-7	4.798006e-12	3.162278e-10	930.4488663109314
3.010826e-7	4.980355e-12	3.2359370000000006e-10	930.4494505146422
3.080958e-7	5.169504e-12	3.3113109999999996e-10	930.4501132753766
3.152724e-7	5.3657e-12	3.3884420000000004e-10	930.4505306568625
3.226162e-7	5.5692e-12	3.4673690000000003e-10	930.4512130090568
3.30131e-7	5.780271e-12	3.548134e-10	930.4518382648456
3.378209e-7	5.999186e-12	3.6307810000000007e-10	930.4524265881088
3.456899e-7	6.226231e-12	3.715352e-10	930.4532282028728
3.537422e-7	6.461702e-12	3.801894e-10	930.4537730457502
3.619821e-7	6.705902e-12	3.890451e-10	930.4546077100059
3.704139e-7	6.95915e-12	3.9810719999999997e-10	930.4550612247153
3.790421e-7	7.221772e-12	4.0738029999999993e-10	930.4556989427324
3.878713e-7	7.494107e-12	4.168694e-10	930.456382999088
3.969062e-7	7.776505e-12	4.265795e-10	930.4572219363565
4.061515e-7	8.069331e-12	4.365158e-10	930.4578879641928
4.156121e-7	8.372959e-12	4.466836e-10	930.4583220852522
4.252932e-7	8.68778e-12	4.570882e-10	930.4591275381862
4.351997e-7	9.014195e-12	4.677351000000001e-10	930.459814102042
4.453371e-7	9.352621e-12	4.786301e-10	930.4606054257767
4.557105e-7	9.703489e-12	4.897788e-10	930.4612684113728
4.6632559999999994e-7	1.006725e-11	5.011871999999999e-10	930.4620454193562
4.77188e-7	1.044435e-11	5.128614e-10	930.4627806849962
4.883034e-7	1.083529e-11	5.248075e-10	930.4635228917269
4.996777e-7	1.124055e-11	5.370318e-10	930.4643422419305
5.113169e-7	1.166065e-11	5.495409e-10	930.4649765831806
5.232273e-7	1.209611e-11	5.623413e-10	930.465886304278
5.354151e-7	1.254748e-11	5.754399000000001e-10	930.4666698989764
5.478868e-7	1.301533e-11	5.888436999999999e-10	930.4673130238125
5.606491e-7	1.350025e-11	6.025595999999999e-10	930.4682893609197
5.737086e-7	1.400285e-11	6.16595e-10	930.469113194236
5.870723e-7	1.452374e-11	6.309573e-10	930.4699759238857
6.007473e-7	1.506358e-11	6.456542e-10	930.4707745725187
6.147409e-7	1.562305e-11	6.606934000000001e-10	930.4717181222031
6.290604e-7	1.620283e-11	6.760829999999999e-10	930.4724461789453
6.437135e-7	1.680365e-11	6.918309999999999e-10	930.4733434176845
6.587079e-7	1.742624e-11	7.079458e-10	930.4742343834796
6.740516e-7	1.807139e-11	7.244359999999999e-10	930.4751163525833
6.897527e-7	1.873987e-11	7.413102e-10	930.4761216964235
7.058195e-7	1.943253e-11	7.585775999999999e-10	930.4768985137447
7.222606e-7	2.01502e-11	7.762471000000001e-10	930.4778725743387
7.390847e-7	2.089377e-11	7.943281999999999e-10	930.4788546724138
7.563007e-7	2.166414e-11	8.128305e-10	930.4798037721271
7.739177e-7	2.246226e-11	8.317638000000001e-10	930.4806992802523
7.919451e-7	2.32891e-11	8.51138e-10	930.4817657066186
8.103925e-7	2.414567e-11	8.709636e-10	930.482795917074
8.292695e-7	2.5033e-11	8.912509e-10	930.4838098901218
8.485863e-7	2.595218e-11	9.120107999999999e-10	930.4848716484498
8.68353e-7	2.690431e-11	9.332542999999998e-10	930.4858325431771
8.885802e-7	2.789054e-11	9.549926e-10	930.486886013567
9.092785e-7	2.891207e-11	9.772372e-10	930.4879225535009
9.304590000000001e-7	2.997011e-11	1.0000000000000003e-9	930.48897011
9.521329e-7	3.106595e-11	1.023293e-9	930.4900609600573
9.743117e-7	3.220089e-11	1.047129e-9	930.4907999778443
9.970071e-7	3.33763e-11	1.071519e-9	930.4925776397806
1.020231e-6	3.459357e-11	1.096478e-9	930.4934468087824
1.043996e-6	3.585415e-11	1.122018e-9	930.4947462072801
1.068315e-6	3.715955e-11	1.148154e-9	930.4955254695799
1.0932e-6	3.851132e-11	1.174898e-9	930.4965293327591
1.118665e-6	3.991105e-11	1.202264e-9	930.4985519403393
1.144723e-6	4.13604e-11	1.230269e-9	930.4992326068526
1.171388e-6	4.286109e-11	1.2589250000000002e-9	930.5009123577655
1.198674e-6	4.441488e-11	1.28825e-9	930.5013893887057
1.226596e-6	4.60236e-11	1.3182569999999998e-9	930.5029471491522
1.255168e-6	4.768913e-11	1.348963e-9	930.5041644062884
1.284406e-6	4.941343e-11	1.380384e-9	930.5058689683452
1.314324e-6	5.119851e-11	1.412538e-9	930.5060809054341
1.34494e-6	5.304646e-11	1.4454400000000001e-9	930.5076976284039
1.376269e-6	5.495944e-11	1.479108e-9	930.5094417987057
1.408328e-6	5.693966e-11	1.513561e-9	930.51085464015
1.441133e-6	5.898942e-11	1.548817e-9	930.5114738668287
1.474703e-6	6.11111e-11	1.584893e-9	930.5133602710088
1.509055e-6	6.330715e-11	1.62181e-9	930.5148612661162
1.544207e-6	6.558011e-11	1.659587e-9	930.5161947580934
1.580177e-6	6.79326e-11	1.6982440000000002e-9	930.5170120430279
1.616986e-6	7.036732e-11	1.7378010000000003e-9	930.5187229838168
1.654652e-6	7.288706e-11	1.778279e-9	930.520400375869
1.693196e-6	7.549472e-11	1.819701e-9	930.5218245854677
1.732637e-6	7.819327e-11	1.8620869999999998e-9	930.523221133062
1.772997e-6	8.098581e-11	1.905461e-9	930.5244168261643
1.814298e-6	8.38755e-11	1.949845e-9	930.5262087499264
1.85656e-6	8.686564e-11	1.995262e-9	930.5278533044784
1.8998069999999998e-6	8.995962e-11	2.041738e-9	930.5292645873271
1.944061e-6	9.316096e-11	2.089296e-9	930.5307438295005
1.989346e-6	9.647326e-11	2.1379620000000006e-9	930.5321952682041
2.035687e-6	9.990029e-11	2.187762e-9	930.5339887474048
2.083106e-6	1.034459e-10	2.238721e-9	930.5355360940467
2.13163e-6	1.071141e-10	2.290868e-9	930.536859434939
2.181285e-6	1.109089e-10	2.344229e-9	930.5387438257952
2.232096e-6	1.148347e-10	2.398833e-9	930.5403230237371
2.284091e-6	1.188959e-10	2.454709e-9	930.5420299921495
2.337297e-6	1.230969e-10	2.511886e-9	930.5438610271327
2.391743e-6	1.274425e-10	2.5703959999999997e-9	930.545504467016
2.447457e-6	1.319375e-10	2.630268e-9	930.5473577217227
2.504468e-6	1.365869e-10	2.691535e-9	930.5487712030496
2.562808e-6	1.413959e-10	2.754229e-9	930.5505809066713
2.622507e-6	1.463698e-10	2.818383e-9	930.5525082290093
2.683597e-6	1.515141e-10	2.8840319999999994e-9	930.5543468657769
2.746109e-6	1.568345e-10	2.9512089999999995e-9	930.5562006960538
2.810078e-6	1.623369e-10	3.019952e-9	930.5579482389123
2.875537e-6	1.680272e-10	3.0902949999999996e-9	930.5600362424946
2.942521e-6	1.739118e-10	3.162278e-9	930.5617380255626
3.011065e-6	1.799971e-10	3.235937e-9	930.5635422135845
3.081206e-6	1.862899e-10	3.311311e-9	930.5656550834398
3.152981e-6	1.927969e-10	3.388442e-9	930.5674398145223
3.226428e-6	1.995252e-10	3.467369e-9	930.5694101781495
3.301586e-6	2.064823e-10	3.548134e-9	930.5715292319851
3.378494e-6	2.136757e-10	3.630781e-9	930.5732501354393
3.457195e-6	2.211132e-10	3.7153519999999994e-9	930.575652912564
3.537728e-6	2.288028e-10	3.801894e-9	930.5774445052913
3.620138e-6	2.36753e-10	3.890451e-9	930.579707339843
3.704468e-6	2.449722e-10	3.981072e-9	930.5817559190086
3.790762e-6	2.534695e-10	4.073803e-9	930.5838965458075
3.879066e-6	2.622538e-10	4.168694e-9	930.5859949902775
3.969427e-6	2.713348e-10	4.265795000000001e-9	930.5881634724594
4.061893e-6	2.807222e-10	4.365158e-9	930.5903067426196
4.156514e-6	2.90426e-10	4.466836e-9	930.5925773858721
4.253338e-6	3.004567e-10	4.570882e-9	930.5946766291495
4.352418e-6	3.108249e-10	4.677351e-9	930.5970034962097
4.453806e-6	3.215419e-10	4.786301e-9	930.599129035136
4.538835e-6	3.306119e-10	4.877671e-9	930.6010208355586
4.675023e-6	3.30612e-10	5.024015000107458e-9	930.601045558184
4.772363e-6	3.407815e-10	5.128614e-9	930.6030404120879
4.883534e-6	3.525066e-10	5.248075000000001e-9	930.6053184453347
4.997294e-6	3.646249e-10	5.370318e-9	930.6075775959636
5.113705e-6	3.771492e-10	5.4954089999999994e-9	930.6099235197962
5.232827e-6	3.900928e-10	5.623413e-9	930.6122621262211
5.354725e-6	4.034695e-10	5.754399e-9	930.6147296181581
5.479462e-6	4.172934e-10	5.888437e-9	930.6169520706429
5.607105e-6	4.31579e-10	6.025596000000001e-9	930.6194074411893
5.737721e-6	4.463415e-10	6.16595e-9	930.6217762875144
5.871381e-6	4.615965e-10	6.309573e-9	930.6244014452324
6.008154e-6	4.773598e-10	6.456542e-9	930.6268525473853
6.148113e-6	4.936482e-10	6.606933999999999e-9	930.6293430810722
6.291332e-6	5.104787e-10	6.76083e-9	930.631664854759
6.437888e-6	5.278688e-10	6.918310000000001e-9	930.634196617382
6.587859e-6	5.458369e-10	7.079458e-9	930.6368986015597
6.741322e-6	5.644017e-10	7.24436e-9	930.6393389754237
6.898361e-6	5.835826e-10	7.413102e-9	930.642068947655
7.059059e-6	6.033995e-10	7.585776e-9	930.6447223725035
7.2235e-6	6.238732e-10	7.762471e-9	930.6474540387977
7.391771e-6	6.450248e-10	7.943282e-9	930.6500795011433
7.563963e-6	6.668763e-10	8.128305e-9	930.6528084637573
7.740166e-6	6.894505e-10	8.317637999999998e-9	930.6554878320024
7.920474e-6	7.127707e-10	8.51138e-9	930.6583386830338
8.104983e-6	7.36861e-10	8.709636e-9	930.6611505922866
8.293789e-6	7.617464e-10	8.912509e-9	930.6639405805929
8.486994e-6	7.874525e-10	9.120108e-9	930.6667697904454
8.684701e-6	8.140058e-10	9.332543e-9	930.669701259346
8.887013e-6	8.414337e-10	9.549926e-9	930.6725972222193
9.094038e-6	8.697645e-10	9.772371999999998e-9	930.6755580426126
9.305886e-6	8.990271e-10	1.e-8	930.67850271
9.522669e-6	9.292518e-10	1.023293e-8	930.6814618882372
9.744502e-6	9.604694e-10	1.047129e-8	930.6840388720016
9.971504e-6	9.927119e-10	1.071519e-8	930.6878097261924
0.00001020379	1.026012e-9	1.0964780000000002e-8	930.6904481439664
0.00001044149	1.060405e-9	1.1220179999999998e-8	930.6936613316362
0.00001068473	1.095924e-9	1.148154e-8	930.6962240256969
0.00001093364	1.132607e-9	1.174898e-8	930.6997379346973
0.00001118834	1.170491e-9	1.202264e-8	930.7032807270284
0.00001144898	1.209614e-9	1.230269e-8	930.7061800305462
0.00001171569	1.250016e-9	1.258925e-8	930.7099323629286
0.00001198861	1.291738e-9	1.28825e-8	930.7123413933631
0.00001226789	1.334822e-9	1.318257e-8	930.7156967116427
0.00001255368	1.379313e-9	1.3489630000000002e-8	930.7193238806401
0.00001284613	1.425255e-9	1.3803840000000001e-8	930.7232809855808
0.00001314539	1.472695e-9	1.4125379999999998e-8	930.7263022304534
0.00001345162	1.52168e-9	1.44544e-8	930.729859419969
0.00001376498	1.57226e-9	1.479108e-8	930.733405539014
0.00001408565	1.624487e-9	1.513561e-8	930.7371481559052
0.00001441378	1.678413e-9	1.548817e-8	930.7399397733883
0.00001474956	1.734091e-9	1.584893e-8	930.7438477550221
0.00001509316	1.791579e-9	1.6218099999999996e-8	930.7472255689632
0.00001544477	1.850934e-9	1.6595870000000003e-8	930.7508997117957
0.00001580457	1.912216e-9	1.6982440000000004e-8	930.7544861633544
0.00001617275	1.975486e-9	1.737801e-8	930.7582102899008
0.00001654951	2.040808e-9	1.778279e-8	930.7623161494905
0.00001693504	2.108247e-9	1.819701e-8	930.7654525111543
0.00001732956	2.17787e-9	1.8620870000000003e-8	930.7695005657631
0.00001773327	2.249748e-9	1.9054609999999996e-8	930.7731697473735
0.00001814639	2.323952e-9	1.949845e-8	930.7772644492253
0.00001856912	2.400556e-9	1.995262e-8	930.7810481029559
0.00001900171	2.479638e-9	2.041738e-8	930.7849311713843
0.00001944438	2.561274e-9	2.089296e-8	930.7891880327153
0.00001989735	2.645548e-9	2.137962e-8	930.7927618919325
0.00002036089	2.732543e-9	2.187762e-8	930.7969762250191
0.00002083522	2.822346e-9	2.238721e-8	930.801218463578
0.0000213206	2.915045e-9	2.290868e-8	930.8050505310651
0.00002181729	3.010733e-9	2.344229e-8	930.8092653490764
0.00002232555	3.109505e-9	2.398833e-8	930.8134207341653
0.00002284565	3.211459e-9	2.4547090000000004e-8	930.8175208955521
0.00002337787	3.316696e-9	2.5118860000000003e-8	930.8219678759307
0.00002392249	3.42532e-9	2.5703959999999997e-8	930.8260408123884
0.0000244798	3.53744e-9	2.6302680000000005e-8	930.8305252544607
0.00002505009	3.653165e-9	2.691535e-8	930.8347528454952
0.00002563367	3.77261e-9	2.754229e-8	930.8391789498985
0.00002623084	3.895894e-9	2.8183830000000005e-8	930.8435331181034
0.00002684193	4.023137e-9	2.8840320000000005e-8	930.8479634414597
0.00002746725	4.154466e-9	2.9512090000000002e-8	930.852557917789
0.00002810714	4.29001e-9	3.019952e-8	930.8568483869942
0.00002876195	4.429903e-9	3.090295e-8	930.8619372260578
0.000029432	4.574283e-9	3.162278e-8	930.8661124354026
0.00003011767	4.723291e-9	3.235937e-8	930.8708201364859
0.00003081931	4.877074e-9	3.311311e-8	930.8756282330471
0.0000315373	5.035783e-9	3.388442e-8	930.8802034386305
0.00003227202	5.199575e-9	3.4673690000000004e-8	930.8850478561699
0.00003302385	5.36861e-9	3.548134e-8	930.8898313874276
0.00003379321	5.543054e-9	3.630781000000001e-8	930.8948420188383
0.00003458048	5.723078e-9	3.715352e-8	930.8997661056071
0.0000353861	5.908859e-9	3.801894e-8	930.9046716978434
0.00003621049	6.100579e-9	3.890451e-8	930.9098245678972
0.00003705408	6.298425e-9	3.981072e-8	930.9145482674014
0.00003791733	6.502591e-9	4.073803e-8	930.9196490601042
0.0000388007	6.713277e-9	4.168694e-8	930.9249677956693
0.00003970464	6.930689e-9	4.265795e-8	930.9301241386424
0.00004062964	7.155039e-9	4.3651580000000004e-8	930.9352614269632
0.0000415762	7.386547e-9	4.466836000000001e-8	930.9405258442439
0.00004254481	7.625437e-9	4.570882e-8	930.9458313953413
0.00004353598	7.871944e-9	4.677351000000001e-8	930.9511290471894
0.00004455025	8.126309e-9	4.786301e-8	930.9564172625165
0.00004558815	8.388777e-9	4.897787999999999e-8	930.9618704811234
0.00004665024	8.659607e-9	5.011872e-8	930.9675029011116
0.00004773706	8.93906e-9	5.1286140000000005e-8	930.9727552122268
0.00004884922	9.22741e-9	5.248074999999999e-8	930.9784522896492
0.00004998728	9.524937e-9	5.370317999999999e-8	930.984067181869
0.00005115186	9.831929e-9	5.495409e-8	930.9897030230143
0.00005234357	1.014869e-8	5.623413e-8	930.9954415583561
0.00005356305	1.047552e-8	5.7543990000000006e-8	931.0012308844068
0.00005481094	1.081274e-8	5.888436999999999e-8	931.0068654890932
0.00005608791	1.116067e-8	6.025596e-8	931.0128105170013
0.000057394629999999996	1.151966e-8	6.16595e-8	931.0187345015772
0.00005873179	1.189006e-8	6.309573e-8	931.0246519059214
0.00006010011	1.227221e-8	6.456542e-8	931.0306075605178
0.00006150031	1.26665e-8	6.606934e-8	931.0366427150628
0.00006293314	1.30733e-8	6.76083e-8	931.0426870665287
0.00006439935	1.349302e-8	6.91831e-8	931.0488113426546
0.00006589972	1.392604e-8	7.079457999999999e-8	931.0549768075465
0.00006743505	1.43728e-8	7.24436e-8	931.0611675841619
0.00006900616	1.483373e-8	7.413102e-8	931.0676384865607
0.00007061387	1.530926e-8	7.585776e-8	931.0738843329938
0.00007225904	1.579987e-8	7.762470999999999e-8	931.0803205577195
0.00007394254	1.630602e-8	7.943281999999999e-8	931.0867475182173
0.00007566527	1.682821e-8	8.128305e-8	931.0932378890802
0.00007742814	1.736693e-8	8.317638000000002e-8	931.0997536800711
0.00007923208	1.792272e-8	8.51138e-8	931.1063860384567
0.00008107806	1.849609e-8	8.709636e-8	931.1130349190254
0.00008296705	1.908762e-8	8.912509e-8	931.1198184484302
0.00008490005	1.969786e-8	9.120108000000001e-8	931.1265596854773
0.00008687809	2.03274e-8	9.332543e-8	931.1333191821351
0.00008890223	2.097686e-8	9.549926000000002e-8	931.1402712439865
0.00009097352	2.164686e-8	9.772372e-8	931.1471857600181
0.00009309308	2.233804e-8	9.999999999999998e-8	931.1541804000001
0.00009526202	2.305107e-8	1.0232929999999999e-7	931.1611734859908
0.00009748151	2.378664e-8	1.0471290000000001e-7	931.1679519906335
0.0000997527	2.454544e-8	1.071519e-7	931.1756995442918
0.0001020768	2.532822e-8	1.0964780000000002e-7	931.1826431538069
0.0001044551	2.613572e-8	1.1220180000000002e-7	931.1903705644651
0.0001068888	2.696873e-8	1.148154e-7	931.1971105792429
0.0001093792	2.782803e-8	1.174898e-7	931.2044792824568
0.0001119276	2.871447e-8	1.202264e-7	931.2123998556058
0.0001145354	2.962888e-8	1.230269e-7	931.2193421113595
0.000117204	3.057214e-8	1.2589249999999996e-7	931.2276119705305
0.0001199348	3.154517e-8	1.28825e-7	931.2349712400544
0.0001227291	3.254889e-8	1.318257e-7	931.242154526773
0.0001255886	3.358427e-8	1.348963e-7	931.2500362871333
0.0001285148	3.465231e-8	1.3803839999999998e-7	931.2586375240514
0.0001315091	3.575401e-8	1.412538e-7	931.265948314311
0.0001345732	3.689045e-8	1.44544e-7	931.2741480102943
0.0001377086	3.806271e-8	1.479108e-7	931.281980152903
0.0001409172	3.927191e-8	1.513561e-7	931.2903273141949
0.0001442005	4.051922e-8	1.548817e-7	931.2980114500293
0.0001475603	4.180582e-8	1.584893e-7	931.3064403716844
0.0001509984	4.313295e-8	1.62181e-7	931.314598812438
0.0001522496	4.361852e-8	1.6352440000000002e-7	931.3180083216938
0.0001581168	4.397829e-8	1.698244e-7	931.3195176311532
0.0001618009	4.537383e-8	1.7378009999999998e-7	931.3280049326708
0.0001655708	4.681333e-8	1.778279e-7	931.336496297825
0.0001694285	4.829814e-8	1.8197010000000003e-7	931.3442051194124
0.0001733762	4.982969e-8	1.862087e-7	931.3529909719579
0.0001774158	5.140945e-8	1.905461e-7	931.3610168352959
0.0001815496	5.303892e-8	1.949845e-7	931.3696161489759
0.0001857796	5.471966e-8	1.995262e-7	931.378032859845
0.0001901083	5.645329e-8	2.0417380000000003e-7	931.3866582783883
0.0001945378	5.824145e-8	2.089296e-7	931.3952711822548
0.0001990706	6.008585e-8	2.1379619999999998e-7	931.4042337983557
0.000203709	6.198825e-8	2.1877620000000004e-7	931.4129610533503
0.0002084554	6.395048e-8	2.238721e-7	931.421782705393
0.0002133125	6.597441e-8	2.290868e-7	931.4306822130301
0.0002182827	6.806196e-8	2.3442290000000002e-7	931.4395562890827
0.0002233688	7.021512e-8	2.398833e-7	931.4488133188096
0.0002285734	7.243597e-8	2.454709e-7	931.458009768164
0.0002338992	7.47266e-8	2.511886e-7	931.4671390341758
0.0002393492	7.708921e-8	2.570396e-7	931.4762752898774
0.0002449262	7.952605e-8	2.630268e-7	931.4857879501252
0.0002506332	8.203945e-8	2.691535e-7	931.4953714144532
0.0002564731	8.463179e-8	2.754229e-7	931.5047216117468
0.0002624491	8.730556e-8	2.818383e-7	931.5142958213982
0.0002685644	9.006329e-8	2.884032e-7	931.5238641249474
0.0002748222	9.290762e-8	2.951209e-7	931.5338480602355
0.0002812258	9.584125e-8	3.019952e-7	931.5434193987189
0.0002877787	9.886699e-8	3.090295e-7	931.5536768819806
0.0002944843	1.019877e-7	3.1622779999999993e-7	931.5635364759203
0.0003013461	1.052064e-7	3.235937e-7	931.5734713005846
0.0003083678	1.085261e-7	3.311311e-7	931.5836721467721
0.0003155532	1.119499e-7	3.388442e-7	931.5937823341818
0.000322906	1.154813e-7	3.4673689999999997e-7	931.603995132909
0.0003304302	1.191234e-7	3.548134e-7	931.6145427427488
0.0003381298	1.228797e-7	3.630781e-7	931.6251233550028
0.0003460087	1.267539e-7	3.715352e-7	931.6356940069205
0.0003540713	1.307497e-7	3.801894e-7	931.646304973258
0.0003623218	1.348707e-7	3.890451e-7	931.6572055527752
0.0003707645	1.39121e-7	3.9810719999999996e-7	931.6677040756862
0.000379404	1.435046e-7	4.073803e-7	931.6785927056364
0.0003882449	1.480256e-7	4.1686939999999994e-7	931.6896985002976
0.0003972918	1.526884e-7	4.2657950000000004e-7	931.7008632622992
0.0004065495	1.574974e-7	4.365158e-7	931.7119733123062
0.000416023	1.624571e-7	4.466836e-7	931.7231640024393
0.0004257172	1.675723e-7	4.570882e-7	931.7343398932635
0.0004356374	1.728478e-7	4.677351e-7	931.7458702586143
0.0004457888	1.782886e-7	4.786301e-7	931.7572977545709
0.0004561768	1.839e-7	4.897788e-7	931.7689944930241
0.0004668068	1.896872e-7	5.011872000000001e-7	931.7805546510366
0.0004776847	1.956557e-7	5.128614e-7	931.7924018068038
0.000488816	2.018113e-7	5.248074999999999e-7	931.80415923934
0.0005002068	2.081596e-7	5.370318e-7	931.8162529667703
0.000511863	2.147069e-7	5.495409e-7	931.8281985926798
0.0005237909	2.214592e-7	5.623413e-7	931.8404307135186
0.0005359968	2.28423e-7	5.754399e-7	931.8526973885542
0.0005484872	2.35605e-7	5.888437e-7	931.864949900967
0.0005612686	2.430119e-7	6.025596e-7	931.8772979469582
0.000574348	2.506507e-7	6.165950000000001e-7	931.8898964474249
0.0005877322	2.585287e-7	6.309573e-7	931.9025688426141
0.0006014284	2.666534e-7	6.456542e-7	931.9153401309865
0.0006154438	2.750324e-7	6.606934e-7	931.9282323692048
0.0006297858	2.836738e-7	6.76083e-7	931.9410099055883
0.0006444621	2.925858e-7	6.918309999999999e-7	931.9540260554962
0.0006594805	3.017767e-7	7.079458e-7	931.9672165581036
0.0006748489	3.112553e-7	7.244360000000001e-7	931.9804030997907
0.0006905755	3.210305e-7	7.413102e-7	931.9938272804017
0.0007066687	3.311117e-7	7.585776e-7	932.0072352518714
0.0007231369	3.415085e-7	7.762470999999999e-7	932.0207553754467
0.000739989	3.522305e-7	7.943282000000001e-7	932.0344292195593
0.0007707905	3.569864e-7	8.273756e-7	932.0404014815036
0.0007748804	3.595303e-7	8.317637999999999e-7	932.0433641137063
0.0007929382	3.708164e-7	8.51138e-7	932.0568655141705
0.0008114169	3.824555e-7	8.709635999999999e-7	932.07035919756
0.0008303263	3.944589e-7	8.912509000000001e-7	932.0840617383948
0.0008420832	4.019687e-7	9.038643999999999e-7	932.0924341084792
0.0008694773	4.088093e-7	9.332543e-7	932.0997602689856
0.0008897397	4.216374e-7	9.549926e-7	932.1133351190365
0.0009104744	4.348669e-7	9.772372e-7	932.1270894108411
0.0009316923	4.485103e-7	1.e-6	932.1408103
0.0009534047999999999	4.625804e-7	1.023293e-6	932.154700950754
0.0009756234	4.770906e-7	1.047129e-6	932.1683294035405
0.0009983599	4.920546e-7	1.071519e-6	932.1831480356392
0.001021626	5.074866e-7	1.096478e-6	932.1969858036367
0.001045435	5.234013e-7	1.122018e-6	932.2117838572999
0.001069799	5.398137e-7	1.1481539999999999e-6	932.2258283296492
0.00109473	5.567393e-7	1.174898e-6	932.2398534170626
0.001120243	5.741942e-7	1.2022639999999998e-6	932.2554731739451
0.00114635	5.921948e-7	1.230269e-6	932.2694425365507
0.001173066	6.107583e-7	1.2589250000000002e-6	932.2848925074964
0.001200405	6.299022e-7	1.28825e-6	932.2995553658066
0.001228381	6.496446e-7	1.3182569999999998e-6	932.3149011156398
0.001257009	6.700042e-7	1.348963e-6	932.3302449362956
0.001286304	6.910003e-7	1.3803840000000001e-6	932.3456373733686
0.001316283	7.126527e-7	1.4125380000000002e-6	932.3612198043521
0.00134696	7.34982e-7	1.44544e-6	932.3769800199246
0.001378352	7.580093e-7	1.479108e-6	932.3930431719658
0.001410476	7.817563e-7	1.513561e-6	932.4089060830717
0.001443348	8.062455e-7	1.5488170000000002e-6	932.4240665617693
0.001476987	8.315002e-7	1.584893e-6	932.4405497405818
0.00151141	8.575441e-7	1.62181e-6	932.4566651457322
0.001546636	8.84402e-7	1.6595870000000002e-6	932.4732008626243
0.001582683	9.120992e-7	1.6982439999999998e-6	932.4897359861128
0.00161957	9.406619e-7	1.7378009999999997e-6	932.5064618445956
0.001657316	9.701172e-7	1.7782789999999998e-6	932.523027713874
0.001695943	1.000493e-6	1.8197010000000002e-6	932.5397375722715
0.001735471	1.031818e-6	1.8620869999999998e-6	932.5572961950758
0.001739608	1.03511e-6	1.866524e-6	932.5586544828782
0.00181731	1.051185e-6	1.949845e-6	932.567042508507
0.001859665	1.084093e-6	1.995262e-6	932.5838376113012
0.001903008	1.11803e-6	2.041738e-6	932.6005736289377
0.001947361	1.153027e-6	2.089296e-6	932.6175070454354
0.001992748	1.189118e-6	2.137962e-6	932.6344986487131
0.002039193	1.226336e-6	2.1877619999999994e-6	932.6514200356346
0.002086721	1.264716e-6	2.238721e-6	932.6690177114523
0.002135357	1.304296e-6	2.290868e-6	932.6863424693173
0.002185127	1.345112e-6	2.3442290000000005e-6	932.7041479309399
0.002236057	1.387203e-6	2.398833e-6	932.721953966783
0.002288174	1.430608e-6	2.4547090000000004e-6	932.7397292306338
0.002341506	1.47537e-6	2.511886e-6	932.7578441059826
0.002396082	1.52153e-6	2.5703960000000003e-6	932.7759341362187
0.00245193	1.569131e-6	2.630268e-6	932.7943506137017
0.00250908	1.618219e-6	2.691535e-6	932.812770036429
0.002567562	1.66884e-6	2.7542290000000004e-6	932.8312351659937
0.002627408	1.721042e-6	2.818383e-6	932.850163373821
0.002688649	1.774875e-6	2.8840319999999994e-6	932.8689400811087
0.002751317	1.830388e-6	2.951209e-6	932.8879750637791
0.002815447	1.887635e-6	3.019952e-6	932.9070909074052
0.002881072	1.94667e-6	3.090295e-6	932.9266849928567
0.002948227	2.007549e-6	3.1622780000000004e-6	932.9459803976753
0.003016947	2.070328e-6	3.235937e-6	932.9654217619192
0.00308727	2.135068e-6	3.311311e-6	932.9854755412584
0.003159232	2.201829e-6	3.388442e-6	933.0051477935878
0.003232872	2.270675e-6	3.467369e-6	933.0252058549291
0.003308229	2.34167e-6	3.548134e-6	933.0455585950249
0.003385343	2.414882e-6	3.630781e-6	933.0658836211823
0.003464255	2.49038e-6	3.715352e-6	933.0866577379478
0.003545007	2.568235e-6	3.801894e-6	933.1073499155948
0.003627641	2.648521e-6	3.890451e-6	933.1281954200168
0.003712203	2.731313e-6	3.981072e-6	933.1492404558369
0.003798736	2.81669e-6	4.073803e-6	933.170477315668
0.003887286	2.904733e-6	4.168694e-6	933.191722155668
0.003977901	2.995524e-6	4.265795e-6	933.2132753683661
0.004070629	3.089149e-6	4.365158e-6	933.2349823305365
0.00416552	3.185697e-6	4.466836e-6	933.2569400354076
0.004262622	3.285258e-6	4.570882e-6	933.2787978337661
0.004361989	3.387928e-6	4.677351e-6	933.3011202280951
0.004463673	3.493802e-6	4.786301e-6	933.3234165590504
0.004567728	3.602982e-6	4.897788e-6	933.346029268723
0.00467421	3.715569e-6	5.011872000000001e-6	933.368922630107
0.004783174	3.83167e-6	5.128614e-6	933.3916863308489
0.004894679	3.951396e-6	5.2480750000000006e-6	933.4147084407139
0.005008784	4.074858e-6	5.370318000000001e-6	933.4379934298116
0.00512555	4.202174e-6	5.495409e-6	933.4613991424478
0.005245039	4.333463e-6	5.623413e-6	933.4851384737347
0.005367314	4.46885e-6	5.754399000000001e-6	933.5089294294677
0.00549244	4.608463e-6	5.888436999999999e-6	933.5326951787038
0.005620485	4.752432e-6	6.025596e-6	933.5570177622263
0.005751515	4.900895e-6	6.165950000000001e-6	933.5813451292987
0.005885601	5.053992e-6	6.309573000000001e-6	933.6059654116054
0.006022814	5.211866e-6	6.456542e-6	933.6307060342826
0.006163226	5.374667e-6	6.606934e-6	933.655560506583
0.006306914	5.542549e-6	6.76083e-6	933.680709173282
0.006349596	5.592666e-6	6.8065439999999995e-6	933.6880311065352
0.006604413	5.624687e-6	7.079458e-6	933.6926198305013
0.006758382	5.800371e-6	7.24436e-6	933.7170393243848
0.006915942	5.981537e-6	7.413101999999999e-6	933.7418447769908
0.007077177	6.168356e-6	7.5857760000000005e-6	933.7667439692393
0.007242171	6.361006e-6	7.762471e-6	933.7918307198829
0.007411014	6.559667e-6	7.943282e-6	933.8172391462371
0.007583794	6.764527e-6	8.128305e-6	933.8427294497438
0.007760603	6.97578e-6	8.317638e-6	933.8683385836218
0.007941535	7.193624e-6	8.511379999999998e-6	933.8942244383402
0.008126688	7.418266e-6	8.709636e-6	933.9203459249043
0.008316158	7.649917e-6	8.912509000000001e-6	933.9466492544357
0.008510047	7.888797e-6	9.120108e-6	933.9731280594484
0.008708458	8.13513e-6	9.332543e-6	933.999782267277
0.008911497	8.389149e-6	9.549926e-6	934.0267295264908
0.009119271	8.651094e-6	9.772372e-6	934.053891317277
0.00933189	8.921211e-6	0.00001	934.0811211
0.009549469	9.199757e-6	0.00001023293	934.1086821663004
0.009772122	9.486993e-6	0.00001047129	934.1360035869504
0.009999969	9.783191e-6	0.000010715190000000001	934.1646943264655
0.01023313	0.00001008863	0.00001096478	934.1928091580496
0.01047173	0.0000104036	0.00001122018	934.2215187278636
0.01071589	0.0000107284	0.00001148154	934.2490989884633
0.01096575	0.00001106332	0.00001174898	934.2779815779753
0.01122144	0.0000114087	0.00001202264	934.3079972451973
0.01148309	0.00001176485	0.000012302690000000001	934.3367060374601
0.01175084	0.00001213212	0.00001258925	934.3663935500526
0.01202484	0.00001251084	0.000012882499999999999	934.3955629730254
0.01230523	0.00001290138	0.00001318257	934.4256377929341
0.01259216	0.0000133041	0.000013489630000000003	934.4558820367942
0.01288579	0.00001371938	0.00001380384	934.487025349468
0.01318626	0.00001414762	0.00001412538	934.5169914012932
0.01349374	0.00001458922	0.000014454400000000002	934.5479037524906
0.0138084	0.00001504459	0.00001479108	934.5798001227768
0.01413039	0.00001551417	0.000015135610000000002	934.6107735334089
0.0144599	0.0000159984	0.00001548817	934.6422721341514
0.01479709	0.00001649773	0.00001584893	934.6743111364617
0.01514215	0.00001701264	0.0000162181	934.7064477343215
0.01549526	0.00001754362	0.00001659587	934.7388006775179
0.01561285	0.00001772134	0.00001672167	934.7494203629183
0.01622636	0.00001772535	0.00001737801	934.7494534759734
0.01660474	0.00001827855	0.00001778279	934.7812435506464
0.01699195	0.00001884901	0.00001819701	934.8128626626021
0.01738819	0.00001943727	0.00001862087	934.8450029456195
0.01779367	0.00002004387	0.00001905461	934.8768549972947
0.01820861	0.0000206694	0.00001949845	934.9091543173945
0.01863323	0.00002131444	0.000019952619999999997	934.942099834508
0.01906776	0.0000219796	0.00002041738	934.9749869963726
0.01951243	0.0000226655	0.00002089296	935.0085148298758
0.01996746	0.0000233728	0.00002137962	935.0415395596367
0.02043312	0.00002410216	0.00002187762	935.0753034379425
0.02090964	0.00002485428	0.00002238721	935.1095683651514
0.02139727	0.00002562985	0.000022908679999999995	935.1433539601584
0.02189629	0.00002642961	0.00002344229	935.1782445315708
0.02240694	0.00002725432	0.00002398833	935.2128439120188
0.02292951	0.00002810475	0.00002454709	935.2479153333451
0.02346427	0.00002898171	0.00002511886	935.2833572064974
0.02401151	0.00002988602	0.00002570396	935.3187610002506
0.02457152	0.00003081853	0.00002630268	935.354820497379
0.02514459	0.00003178013	0.000026915349999999996	935.3907762670744
0.02573104	0.00003277172	0.00002754229	935.4273635198816
0.02633116	0.00003379424	0.00002818383	935.4638542738867
0.02694529	0.00003484865	0.000028840319999999997	935.5006688552693
0.02757376	0.00003593595	0.00002951209	935.5384843974113
0.02821688	0.00003705715	0.00003019952	935.5757028588533
0.02887501	0.00003821333	0.00003090295	935.6136980450085
0.0295485	0.00003940557	0.00003162278	935.6516274027774
0.03023771	0.00004063499	0.00003235937	935.6901877261517
0.03094299	0.00004190275	0.00003311311	935.7288623750533
0.03166474	0.00004321006	0.00003388442	935.7678266294656
0.03240333	0.00004455813	0.00003467368999999999	935.8071820449453
0.03315915	0.00004594825	0.00003548134	935.8467929903436
0.03393262	0.00004738172	0.000036307810000000006	935.8868441803568
0.03472413	0.0000488599	0.00003715352	935.9271988226151
0.03553411	0.00005038418	0.00003801894	935.9675514362053
0.03561557	0.00005053811	0.00003810597000000001	935.9716629703953
0.03721117	0.00005064854	0.00003981072	935.9744948094383
0.03807912	0.0000522286	0.00004073803	936.0135627569622
0.03896734	0.00005385794	0.000041686940000000005	936.05330446418
0.03987628	0.00005553809	0.00004265795	936.0932274054426
0.04080643	0.00005727064	0.00004365157999999999	936.1333688265122
0.04175829	0.00005905722	0.00004466836	936.1737753523972
0.04273236	0.00006089952	0.00004570882000000001	936.2144881447387
0.04372916	0.00006279928	0.00004677351	936.2555703003687
0.04474923	0.00006475828	0.00004786301	936.2969081969563
0.04579311	0.00006677837	0.00004897788000000001	936.3387792611684
0.04686135	0.00006886146	0.00005011872	936.3808864232766
0.04795452	0.00007100952	0.00005128614	936.4231646210848
0.0490732	0.00007322456	0.000052480750000000004	936.465743343988
0.05021799	0.00007550868	0.00005370318	936.5087631682146
0.05138951	0.00007786403	0.00005495409	936.5522025749129
0.0543213	0.00007956368	0.00005808442	936.5827132301572
0.05507053	0.00008102877	0.000058884370000000006	936.6077750343596
0.05635521	0.00008355627	0.00006025596	936.6503540894545
0.05766986	0.0000861626	0.0000616595	936.6930091875544
0.05901521	0.0000888502	0.00006309573	936.736292614413
0.06039195	0.00009162162	0.00006456542	936.7796510887716
0.06180083	0.00009447946	0.00006606934	936.8234866581079
0.06324259	0.00009742642	0.00006760830000000001	936.8674618353073
0.064718	0.0001004653	0.0000691831	936.9118368503291
0.06622785	0.0001035989	0.00007079458	936.9565989373764
0.06777295	0.0001068303	0.0000724436	937.0017544683036
0.06935411	0.0001101624	0.00007413101999999999	937.0473035444542
0.0709025	0.0001134499	0.0000757834	937.0911030647873
0.07432237	0.0001161892	0.00007943282	937.12597890897
0.0760563	0.0001198131	0.00008128305	937.1709489247758
0.07783072	0.0001235501	0.00008317637999999999	937.2164321169063
0.07964655	0.0001274036	0.00008511380000000001	937.262272392961
0.08150477	0.0001313772	0.00008709636	937.3083697183213
0.08340637	0.0001354748	0.00008912509	937.3549558266924
0.08535236	0.0001397002	0.00009120108	937.4018399782108
0.08734377	0.0001440573	0.00009332543	937.4489600530103
0.08938168	0.0001485503	0.00009549926000000002	937.4965868845475
0.09146716	0.0001531833	0.00009772372000000001	937.5445725971136
0.09360132	0.0001579609	0.00010000000000000002	937.592809
0.09578532	0.0001628874	0.0001023293	937.6415884795459
0.09802029	0.0001679676	0.00010471289999999999	937.69017570901
0.1003075	0.0001732062	0.0001071519	937.7407792115678
0.1008452	0.0001744436	0.0001077254	937.7513901085538
0.105043	0.0001766863	0.0001122018	937.7718209511792
0.107494	0.0001821968	0.00011481539999999999	937.8201600133781
0.1100021	0.0001878791	0.0001174898	937.8684711353667
0.1125689	0.0001937385	0.0001202264	937.9191134393112
0.1151955	0.0001997807	0.0001230269	937.9678810081374
0.1178835	0.0002060113	0.0001258925	938.0186373294678
0.1206342	0.0002124361	0.000128825	938.06820182418
0.1234492	0.0002190613	0.0001318257	938.1195115975111
0.1263299	0.0002258931	0.00013489629999999998	938.1709735552421
0.1292778	0.0002329379	0.0001380384	938.2225373519253
0.1322946	0.0002402024	0.0001412538	938.2742439495433
0.1353818	0.0002476934	0.000144544	938.3266922182864
0.1385411	0.000255418	0.0001479108	938.3798748975736
0.1417742	0.0002633835	0.0001513561	938.4331619274014
0.1450827	0.0002715973	0.0001548817	938.4859366858708
0.1484686	0.0002800673	0.0001584893	938.5407551172225
0.1519335	0.0002888014	0.000162181	938.5951584957547
0.1554793	0.0002978078	0.00016595869999999998	938.649843605668
0.1580418	0.000304359	0.0001686886	938.6891526754032
0.1666209	0.0003123413	0.0001778279	938.7348177648163
0.1705093	0.0003220817	0.0001819701	938.7881948737733
0.1744886	0.0003321258	0.0001862087	938.8429530951023
0.1785609	0.0003424831	0.0001905461	938.8981621770271
0.1827282	0.0003531634	0.0001949845	938.9534214258057
0.1869928	0.0003641767	0.0001995262	939.0093967609266
0.1913571	0.0003755334	0.00020417380000000001	939.0658027621565
0.1958232	0.0003872442	0.00020892960000000002	939.1222890389873
0.2003937	0.0003993201	0.00021379619999999997	939.1795555767595
0.2050709	0.0004117726	0.0002187762	939.2368667158494
0.2098573	0.0004246134	0.0002238721	939.2948625576836
0.2147556	0.0004378545	0.0002290868	939.3533564570284
0.2195833	0.0004510029	0.00023422600000000003	939.4102401099792
0.2301469	0.0004577091	0.0002454709	939.4376649126231
0.2355185	0.0004719822	0.0002511886	939.4951928550897
0.2410156	0.0004867003	0.00025703960000000007	939.5528949624882
0.2466411	0.0005018774	0.0002630268	939.611390930506
0.2477387	0.0005048519	0.0002641949	939.622800818638
0.252398	0.0005128182	0.0002691535	939.6527193590274
0.2582891	0.0005205402	0.00027542290000000003	939.6809059813108
0.2643176	0.0005274976	0.00028183829999999996	939.7058440957101
0.2704868	0.0005340658	0.0002884032	939.7290522435256
0.2767997	0.0005404122	0.00029512090000000004	939.7508349967759
0.2832599	0.0005466289	0.0003019952	939.7716549799468
0.2898706	0.0005527728	0.0003090295	939.7917441538751
0.2966355	0.0005588853	0.0003162277999999999	939.811064365625
0.3035582	0.0005650021	0.0003235937	939.8304172794464
0.3106422	0.0005711428	0.00033113110000000006	939.8493309749521
0.3178913	0.0005773289	0.0003388442	939.867434354786
0.3253095	0.0005835763	0.0003467369	939.8857643936944
0.3329006	0.0005899026	0.0003548134	939.9039117462869
0.3406687	0.0005963157	0.00036307810000000006	939.9217845967576
0.3486178	0.0006028331	0.0003715352	939.9395618503979
0.3567523	0.0006094621	0.0003801894	939.9571952821411
0.3650764	0.0006162136	0.00038904510000000006	939.9748604981788
0.3735945	0.0006230992	0.0003981072	939.9920403348646
0.3823113	0.0006301256	0.0004073803	940.0096803895525
0.3912312	0.0006373026	0.0004168694	940.0270266898937
0.4003591	0.0006446377	0.0004265795	940.0445584000169
0.4096997	0.0006521454	0.00043651579999999995	940.0618383114655
0.4192582	0.0006598278	0.00044668359999999995	940.079348782897
0.4290394	0.0006677003	0.0004570882	940.0966822158175
0.4390486	0.0006757658	0.00046773510000000003	940.1141068951208
0.4492912	0.0006840339	0.0004786301	940.1315000874371
0.4597726	0.0006925184	0.0004897788	940.1491416124993
0.4814738	0.0007011234	0.0005128614	940.1661411835635
0.4927052	0.0007103862	0.0005248075	940.1839459230289
0.5041984	0.000719897	0.0005370318000000002	940.2018595546855
0.5159596	0.0007296677	0.0005495409000000001	940.2198593407696
0.5279949	0.0007397086	0.0005623413	940.2379099667764
0.5403108	0.0007500283	0.0005754399	940.2560168316447
0.5529139	0.00076064	0.0005888437	940.2742017958244
0.5658108	0.0007715486	0.0006025596	940.2926259908562
0.5790083	0.0007827725	0.000616595	940.311018577835
0.5925135	0.0007943171	0.0006309573	940.3295866455622
0.6063335	0.0008061996	0.0006456542	940.3480990288608
0.6204758	0.0008184282	0.0006606934	940.3669360099557
0.6349477	0.0008310163	0.0006760829999999998	940.3855980700596
0.6497571	0.0008439751	0.000691831	940.4046293097592
0.6649117	0.0008573187	0.0007079458	940.4237142165404
0.6804196	0.0008710643	0.000724436	940.4428607910154
0.696289	0.000885219	0.0007413102	940.4621965271759
0.7125285	0.0008998009	0.0007585776000000001	940.4816341795487
0.7291465	0.000914823	0.0007762470999999999	940.5011922105732
0.746152	0.0009303016	0.0007943282	940.5209353010506
0.763554	0.0009462505	0.0008128305	940.5408021721624
0.7813617	0.0009626869	0.0008317638	940.5607540265639
0.7995845	0.0009796285	0.000851138	940.5808793638635
0.8182323	0.0009970903	0.0008709636	940.6011804626507
0.8373148	0.001015088	0.0008912509	940.6216453750567
0.8568422	0.001033644	0.0009120108	940.6421985353682
0.8768249	0.001052771	0.0009332543	940.6628729168459
0.8972736	0.001072492	0.0009549926	940.6838251940383
0.918199	0.001092826	0.0009772372	940.7049035791924
0.9396123	0.001113792	0.001	940.7260919999999
0.9615248	0.001135411	0.001023293	940.7473822258141
0.9839483000000001	0.001157703	0.001047129	940.7685232669519
1.006895	0.001180692	0.001071519	940.7912430857504
1.030376	0.001204401	0.0010964779999999997	940.8126756761195
1.054405	0.001228849	0.001122018	940.8350391883197
1.078994	0.001254065	0.001148154	940.8564225704914
1.104157	0.001280069	0.001174898	940.8791818523822
1.129906	0.001306894	0.001202264	940.9022427686433
1.16078	0.00132275	0.001235078	940.9144604632257
1.183219	0.001346557	0.001258925	940.9341755863138
1.210811	0.001376049	0.0012882500000000001	940.9563741509802
1.239047	0.001406466	0.0013182569999999998	940.9799955547363
1.267942	0.00143784	0.001348963	941.00419359167
1.29751	0.001470201	0.0013803839999999997	941.0281494134966
1.327767	0.001503579	0.0014125380000000003	941.0511993305665
1.35873	0.001538007	0.0014454399999999999	941.0753867334513
1.390415	0.001573518	0.001479108	941.0999859374704
1.422839	0.001610144	0.001513561	941.1243709371475
1.456019	0.001647922	0.001548817	941.148581142898
1.489973	0.001686887	0.0015848930000000002	941.1738754603623
1.524719	0.001727076	0.00162181	941.1990775738219
1.560275	0.001768526	0.0016595869999999997	941.2242479604867
1.59666	0.001811274	0.001698244	941.2494753404104
1.633894	0.001855364	0.0017378009999999998	941.2754187619872
1.671996	0.001900836	0.001778279	941.3015820352149
1.710986	0.00194773	0.0018197009999999997	941.3270257036733
1.750886	0.001996089	0.0018620869999999997	941.3534861690135
1.791717	0.002045964	0.001905461	941.3800460885843
1.833499	0.002097391	0.001949845	941.4063122966185
1.876257	0.002150423	0.0019952620000000003	941.4339685715461
1.920011	0.002205108	0.002041738	941.4607104339539
1.964786	0.002261495	0.0020892960000000005	941.4881831009104
2.010605	0.002319635	0.002137962	941.5156279671949
2.057492	0.002379577	0.002187762	941.5428081299519
2.105474	0.002441381	0.002238721	941.5712726150334
2.154574	0.002505096	0.002290868	941.599034077913
2.20482	0.00257078	0.002344229	941.6276225573524
2.256237	0.002638495	0.002398833	941.6560031481974
2.301204	0.002668723	0.002446585	941.6687844485273
2.362697	0.002750976	0.002511886	941.7019625890665
2.417796	0.002825259	0.0025703959999999995	941.730869095657
2.474181	0.002901822	0.0026302680000000003	941.7606198303748
2.53188	0.002980741	0.002691535	941.7899975292909
2.590926	0.003062081	0.0027542289999999995	941.8200451015512
2.651348	0.003145909	0.002818383	941.8499575820605
2.71318	0.003232301	0.0028840319999999995	941.8800835080888
2.776455	0.003321329	0.0029512089999999998	941.9110367988169
2.841205	0.003413069	0.0030199520000000002	941.9414841692849
2.907466	0.003507598	0.003090295	941.9727236396526
2.975272	0.003604995	0.0031622780000000006	942.0035161361524
3.04466	0.003705343	0.003235937	942.0348242255643
3.115667	0.003808728	0.0033113109999999995	942.066670270476
3.18833	0.003915228	0.003388442	942.0982351180867
3.262688	0.004024937	0.003467369	942.1301675708585
3.338781	0.004137945	0.0035481339999999997	942.1625409299648
3.416649	0.004254343	0.003630781	942.1949004911064
3.496333	0.004374226	0.003715352	942.2276075052915
3.577877	0.004497692	0.003801894	942.260539615255
3.661322	0.004624845	0.003890451	942.2935400034597
3.7467149999999996	0.004755782	0.0039810719999999996	942.3267858506451
3.834099	0.004890608	0.004073803	942.3601504540107
3.923522	0.005029431	0.004168694	942.3938123066841
4.015032	0.005172367	0.004265795	942.4279335973715
4.108676	0.005319531	0.004365158	942.461998168222
4.204505	0.005471035	0.004466836	942.4962176807029
4.302569	0.005626999	0.004570882	942.5305660920585
4.402922	0.005787548	0.004677350999999999	942.5654709257442
4.505616	0.005952815	0.004786301000000001	942.6003118065495
4.610706	0.006122923	0.004897788	942.6355168904821
4.718247	0.00629801	0.005011872	942.6707246314352
4.828298	0.006478212	0.005128614	942.706199374724
4.940916	0.006663677	0.005248075	942.7418009460611
5.056163	0.006854551	0.005370318	942.7779790693959
5.174097	0.007050987	0.005495408999999999	942.8138992020431
5.294784	0.007253135	0.005623413	942.850389078661
5.418287	0.007461169	0.005754399	942.8870276461538
5.544671	0.007675242	0.005888437	942.9236046849105
5.674004	0.007895537	0.006025596	942.9605863054874
5.806355	0.008122233	0.006165950000000001	942.9977915811837
5.941794	0.008355513	0.006309573000000001	943.0352122084964
6.080393	0.008595563	0.006456542	943.0727102836162
6.222227	0.008842591	0.006606933999999999	943.1106154534009
6.36737	0.009096805	0.00676083	943.1485194865129
6.5159	0.009358412	0.00691831	943.1867626631359
6.667895	0.00962764	0.007079458	943.2251226011933
6.823438	0.009904727	0.007244359999999999	943.2638255139171
6.98261	0.01018992	0.007413102000000001	943.3028063015995
7.145496	0.01048345	0.007585776	943.3417820404926
7.312184	0.01078561	0.007762471	943.3812519235177
7.482761	0.01109666	0.007943282	943.4208252961433
7.657319	0.01141689	0.008128305000000002	943.4606464693437
7.83595	0.01174662	0.008317638	943.5006212100118
8.01875	0.01208616	0.00851138	943.5410192001768
8.205816	0.01243585	0.008709636	943.5815515137486
8.397247	0.01279603	0.008912509	943.6223884879106
8.593146	0.01316708	0.009120108	943.663504862004
8.793617	0.0135494	0.009332543	943.7048830099149
8.998766	0.01394338	0.009549926	943.746514894461
9.208703	0.01434949	0.009772372	943.788518283995
9.42354	0.01476816	0.01	943.8308159999998
9.643391	0.01519989	0.01023293	943.8734448491292
9.868373	0.0156452	0.01047129	943.9160027083578
10.09861	0.01610465	0.01071519	943.9603637453001
10.33421	0.01657878	0.010964780000000002	944.0033251921151
10.57532	0.01706825	0.01122018	944.0479787311789
10.82205	0.01757369	0.01148154	944.0914450500544
11.07455	0.01809581	0.01174898	944.1369216732007
11.33293	0.01863534	0.01202264	944.1824208326956
11.59735	0.01919308	0.012302689999999998	944.2278948750234
11.86794	0.01976985	0.012589249999999998	944.2746668784877
12.14485	0.02036656	0.0128825	944.3210991655346
12.42822	0.02098417	0.013182570000000001	944.3685237400598
12.7182	0.02162368	0.01348963	944.4160944369859
13.01496	0.02228617	0.01380384	944.4651756322878
13.31864	0.02297282	0.01412538	944.5135507858904
13.62941	0.02368485	0.014454399999999997	944.5632367998672
13.94744	0.02442358	0.01479108	944.6141579925198
14.2729	0.02519041	0.01513561	944.6656203483044
14.60595	0.02598686	0.01548817	944.7169588143724
14.94678	0.02681453	0.01584893	944.7700589251135
15.29557	0.02767513	0.0162181	944.8236926643689
15.6525	0.02857048	0.01659587	944.8778810631803
16.01777	0.02950255	0.01698244	944.9332693064129
16.39157	0.03047343	0.01737801	944.9898711072213
16.7741	0.03148534	0.01778279	945.0477309803467
17.16556	0.03254067	0.01819701	945.1058536539794
19.2685	0.03356891	0.02042203	945.159169289243
19.71362	0.03472316	0.020892959999999995	945.2151901884654
20.17363	0.03594039	0.021379619999999995	945.272665744293
20.64438	0.03721237	0.02187762	945.3309989843502
21.12614	0.03854236	0.02238721	945.3916928460491
21.61914	0.03993383	0.02290868	945.4527205408605
22.12366	0.04139046	0.023442290000000005	945.5155814555659
22.63997	0.04291622	0.02398833	945.5800474647465
23.16834	0.0445153	0.02454709	945.6459115927795
23.70906	0.04619217	0.02511886	945.7137851797415
24.26241	0.04795161	0.025703960000000005	945.7827358119137
24.82869	0.04979869	0.02630268	945.8537567274515
25.40821	0.05173879	0.026915349999999998	945.9267217405682
26.00127	0.05377769	0.027542289999999997	946.0015013275948
26.60819	0.05592147	0.02818383	946.0783530840203
27.22931	0.05817664	0.02884032	946.1575544238067
27.86494	0.06055009	0.02951209	946.2389851074594
28.51544	0.06304915	0.030199519999999997	946.3226286378062
29.18115	0.06568159	0.030902949999999995	946.4090512394448
29.86242	0.0684557	0.03162278	946.4972940392969
30.55964	0.07138017	0.03235936999999999	946.5888912546816
31.27316	0.07446432	0.03311311	946.6831813743862
32.00338	0.07771794	0.03388442	946.7801998676679
32.75068	0.08115149	0.03467369	946.8802279192092
33.51548	0.08477594	0.03548134	946.9838495389406
34.29817	0.08860299	0.03630781	947.090253859982
35.09919	0.09264497	0.03715352	947.2005605390822
35.91896	0.09691487	0.03801894	947.3140195386825
36.75793	0.1014265	0.03890451	947.4314546051345
37.61655	0.1061944	0.039810719999999994	947.5524280897205
38.49528	0.1112339	0.04073803000000001	947.6774871048011
39.3946	0.1165612	0.041686940000000006	947.8067039701162
40.315	0.1221934	0.04265795	947.9403815701411
41.25697	0.1281485	0.04365158	948.0783627992389
42.22103	0.1344456	0.04466836	948.2209689364015
43.20769	0.1411047	0.04570882	948.3682733441817
44.2175	0.1481469	0.046773510000000004	948.5207952107935
45.25099	0.1555945	0.04786301	948.6779978944074
46.30874	0.163471	0.04897788	948.8408032360732
47.39131	0.1718011	0.05011871999999999	949.0088952790495
48.4993	0.1806108	0.05128614	949.1825822727153
49.6333	0.1899278	0.05248075000000001	949.3619622432986
50.79395	0.199781	0.05370318000000001	949.5476990375616
51.98187	0.2102012	0.054954090000000004	949.7395225723873
53.1977	0.2212206	0.05623413	949.9377086477554
54.44212	0.2328734	0.05754399	950.1425500734308
55.71581	0.245196	0.05888436999999999	950.3541601956513
57.01946	0.2582266	0.06025595999999999	950.5729657282036
58.35378	0.272006	0.061659500000000006	950.7989198744718
59.71952	0.2865773	0.06309573	951.0326182136255
61.11742	0.3019865	0.06456542	951.2740178875937
62.54825	0.3182824	0.06606934	951.5235417820127
64.0128	0.3355173	0.0676083	951.7813241865275
65.51187	0.3537469	0.06918309999999998	952.0477819004932
67.0463	0.3730309	0.07079458000000001	952.3233402896099
68.61693	0.3934335	0.0724436	952.6081461992502
70.22464	0.4150234	0.07413102	952.9028927431457
71.87031	0.4378751	0.07585776	953.2074912309565
73.55486	0.4620685	0.07762471	953.5227700045515
75.27923	0.4876904	0.07943282000000002	953.8490563472378
77.04438	0.5148349	0.08128304999999998	954.1868187771006
78.8513	0.543604	0.08317638	954.5366605279047
80.701	0.574109	0.08511379999999999	954.8993112750222
82.59451	0.606471	0.08709636	955.2750654562373
84.5329	0.6408227	0.08912508999999999	955.6649277997924
86.51727	0.6773087	0.09120108	956.069584921582
88.54874	0.7160882	0.09332543	956.4898677670169
90.62846	0.7573353	0.09549926	956.9267374427823
92.75761	0.8012418	0.09772372	957.3811946577556
94.93741	0.8480183	0.09999999999999999	957.854283
97.16912	0.8978966	0.1023293	958.3473804667872
99.454	0.9511327	0.1047129	958.8611594177986
101.7934	1.008008	0.1071519	959.3988347383482
104.1886	1.068834	0.1096478	959.9593790299485
106.6411	1.133952	0.1122018	960.5465509465979
109.1524	1.203741	0.1148154	961.1614905317579
111.7237	1.277711	0.11748980000000002	961.7976283898686
114.3568	1.356167	0.1202264	962.4588859019318
117.053	1.440037	0.1230269	963.1473848402261
119.8141	1.529994	0.1258925	963.8707150942273
122.6417	1.62671	0.128825	964.6296138171939
125.5375	1.730898	0.1318257	965.429335857879
128.5032	1.843323	0.1348963	966.2720400781933
131.5408	1.964819	0.1380384	967.1628981500799
134.652	2.096295	0.1412538	968.1034775701607
137.8389	2.238744	0.144544	969.1003708213415
141.1035	2.39325	0.1479108	970.157351592987
144.4479	2.560999	0.1513561	971.2783231068984
147.8743	2.743288	0.1548817	972.468587315351
151.3849	2.941531	0.1584893	973.7340691138139
154.9821	3.157272	0.162181	975.079522262164
158.6683	3.392194	0.16595869999999996	976.5109873721594
162.4461	3.648128	0.1698244	978.0351233391668
166.3181	3.927065	0.1737801	979.6585742556254
170.2871	4.231165	0.17782789999999998	981.3885503905743
174.356	4.562775	0.1819701	983.231723233652
178.5276	4.924429	0.18620869999999998	985.1957991221678
182.8053	5.318875	0.19054610000000002	987.2895587996815
187.1922	5.74907	0.19498450000000003	989.5210644948701
191.6917	6.218209	0.19952619999999996	991.8993545709787
196.3075	6.729724	0.2041738	994.4332916368311
201.0432	7.287304	0.20892960000000002	997.1325460825083
205.9028	7.894903	0.2137962	1000.007030059468
210.8904	8.556756	0.2187762	1003.0668601063553
216.0102	9.277386	0.22387210000000002	1006.3227441025479
221.2668	10.06162	0.2290868	1009.7850247155226
226.6649	10.91459	0.2344229	1013.4653653717278
232.2094	11.84176	0.23988330000000002	1017.3745316993721
237.9056	12.84892	0.24547090000000002	1021.5244250947871
243.759	13.94221	0.2511886	1025.9271718541368
249.7752	15.1281	0.25703960000000003	1030.5933404813889
255.9603	16.41344	0.2630268	1035.5360746509482
262.3206	17.80544	0.2691535	1040.766848656993
268.8628	19.31167	0.27542289999999997	1046.2981473218094
275.5939	20.94009	0.2818383	1052.1422744885988
282.5212	22.69904	0.2884032	1058.310864789295
289.6525	24.59725	0.29512089999999996	1064.8169953398758
296.9957	26.64383	0.3019952	1071.6711060308241
304.5595	28.84832	0.30902949999999996	1078.8867082268846
312.3528	31.22063	0.31622780000000006	1086.4744655593215
320.3849	33.7711	0.3235937	1094.4465235262614
328.6656	36.51048	0.3311311	1102.8142025922662
337.2042	39.23176	0.3388442	1110.9411345981428
346.0014	41.71985	0.3467369	1118.2001396447854
355.0618	44.24768	0.35481339999999995	1125.4069885748397
364.393	46.8655	0.3630781	1132.6998240874345
374.0039	49.59754	0.3715352	1140.1381080446752
383.9035	52.38609	0.3801894	1147.5585326681912
394.0975	55.11349	0.3890451	1154.6501678083082
404.5934	57.9141	0.39810719999999994	1161.766227789902
415.4	60.81419	0.40738030000000003	1168.9671542782014
426.5276	63.87291	0.41686940000000006	1176.38884024589
437.9876	67.10739	0.4265795	1184.0582822193753
449.7922	70.53074	0.43651579999999995	1191.9910802770485
461.9537	74.15509	0.4466836	1200.1980596556489
474.4854	77.99235	0.45708819999999994	1208.6895920743525
487.4009	82.05461	0.4677351	1217.47439950519
500.7146	86.35422	0.47863009999999995	1226.5605944966687
514.4415	90.90394	0.48977880000000007	1235.956803356944
528.5971	95.71696	0.5011872	1245.6704002017607
543.1978	100.807	0.5128614	1255.7092423021113
558.2604	106.1883	0.5248075	1266.0808010556252
573.8028	111.8758	0.5370318	1276.7932923152784
589.8434	117.8848	0.5495409000000001	1287.8535519376264
606.4014	124.2315	0.5623413	1299.2695005684268
623.4971	130.9326	0.5754399	1311.0486429599339
641.1514	138.0058	0.5888437	1323.1986688487964
659.3861	145.4693	0.6025596	1335.7274533506727
678.2241	153.3421	0.616595	1348.6424638539072
697.6892	161.6443	0.6309573	1361.9519102164281
707.7729212658674	166.03135107908815	0.6383241393094595	1368.8247710685373
544.9254743173668	166.0318347219486	0.5196283162108882	1368.825339594689
545.0200813566311	166.08438511639227	0.5194612288392144	1368.9269323565381
545.9533269885704	166.6041870494775	0.5201427150660596	1369.9269323565381
546.8878932482442	167.12467070198485	0.520824667674218	1370.9269323565381
547.8237809906059	167.6458365402674	0.5215070866069536	1371.9269323565381
548.7609910704392	168.16768503062133	0.5221899718075309	1372.9269323565381
549.6995243423571	168.6902166392862	0.522873323219214	1373.9269323565381
550.6393816608027	169.21343183244454	0.5235571407852669	1374.9269323565381
551.5805638800485	169.7373310762226	0.5242414244489539	1375.9269323565381
552.5230718541969	170.26191483668947	0.5249261741535391	1376.9269323565381
553.4669064371809	170.78718357985773	0.5256113898422867	1377.9269323565381
554.4120684827618	171.31313777168316	0.5262970714584607	1378.9269323565381
555.3585588445322	171.8397778780648	0.5269832189453256	1379.9269323565381
556.3063783759134	172.3671043648451	0.5276698322461453	1380.9269323565381
557.255527930157	172.89511769780955	0.528356911304184	1381.9269323565381
558.2060083603442	173.423818342687	0.5290444560627059	1382.9269323565381
559.1578205193862	173.95320676514956	0.5297324664649751	1383.9269323565381
560.1109652600236	174.4832834308126	0.5304209424542558	1384.9269323565381
561.0654434348276	175.01404880523484	0.5311098839738122	1385.9269323565381
562.0212558961983	175.5455033539181	0.5317992909669085	1386.9269323565381
562.9784034963659	176.07764754230757	0.5324891633768086	1387.9269323565381
563.9368870873907	176.61048183579175	0.533179501146777	1388.9269323565381
564.896707521162	177.14400669970226	0.5338703042200776	1389.9269323565381
565.8578656494001	177.6782225993141	0.5345615725399748	1390.9269323565381
566.8203623236543	178.21312999984548	0.5352533060497328	1391.9269323565381
567.7841983953033	178.74872936645795	0.5359455046926153	1392.9269323565381
568.7493747155565	179.2850211642562	0.5366381684118868	1393.9269323565381
569.7158921354527	179.82200585828826	0.5373312971508115	1394.9269323565381
570.6837515058604	180.35968391354544	0.5380248908526535	1395.9269323565381
571.652953677478	180.8980557949623	0.5387189494606769	1396.9269323565381
572.6234995008336	181.4371219674166	0.5394134729181459	1397.9269323565381
573.5953898262853	181.9768828957295	0.5401084611683247	1398.9269323565381
574.5686255040207	182.51733904466522	0.5408039141544773	1399.9269323565381
575.5432073840577	183.05849087893154	0.5414998318198682	1400.9269323565381
576.5191363162432	183.6003388631792	0.5421962141077612	1401.9269323565381
577.4964131502549	184.14288346200226	0.5428930609614208	1402.9269323565381
578.4750387355988	184.68612513993833	0.5435903723241107	1403.9269323565381
579.4550139216127	185.23006436146792	0.5442881481390955	1404.9269323565381
580.4363395574622	185.77470159101506	0.5449863883496392	1405.9269323565381
581.4190164921441	186.32003729294686	0.5456850928990059	1406.9269323565381
582.4030455744845	186.86607193157374	0.54638426173046	1407.9269323565381
583.3884276531392	187.41280597114954	0.5470838947872653	1408.9269323565381
584.3751635765936	187.9602398758712	0.5477839920126861	1409.9269323565381
585.3632541931639	188.5083741098789	0.5484845533499868	1410.9269323565381
586.3527003509946	189.05720913725617	0.5491855787424311	1411.9269323565381
587.3435028980613	189.60674542202986	0.5498870681332837	1412.9269323565381
588.3356626821687	190.15698342816998	0.5505890214658085	1413.9269323565381
589.3291805509514	190.7079236195898	0.5512914386832696	1414.9269323565381
590.3240573518736	191.25956646014592	0.5519943197289311	1415.9269323565381
591.3202939322296	191.8119124136382	0.5526976645460573	1416.9269323565381
592.317891139144	192.3649619438096	0.5534014730779123	1417.9269323565381
593.31684981957	192.91871551434662	0.5541057452677605	1418.9269323565381
594.3171708202916	193.47317358887886	0.5548104810588658	1419.9269323565381
595.3188549879217	194.02833663097923	0.5555156803944922	1420.9269323565381
596.321903168904	194.58420510416374	0.5562213432179043	1421.9269323565381
597.3263162095111	195.14077947189202	0.5569274694723659	1422.9269323565381
598.3320949558462	195.6980601975666	0.5576340591011414	1423.9269323565381
599.3392402538418	196.25604774453353	0.558341112047495	1424.9269323565381
600.34775294926	196.8147425760819	0.5590486282546907	1425.9269323565381
601.3576338876926	197.37414515544424	0.5597566076659924	1426.9269323565381
602.3688839145624	197.93425594579637	0.5604650502246649	1427.9269323565381
603.3815038751205	198.4950754102572	0.5611739558739718	1428.9269323565381
604.395494614449	199.0566040118889	0.5618833245571775	1429.9269323565381
605.4108569774588	199.61884221369718	0.5625931562175462	1430.9269323565381
606.4275918088911	200.18179047863083	0.563303450798342	1431.9269323565381
607.4456999533169	200.7454492695818	0.564014208242829	1432.9269323565381
608.4651822551367	201.3098190493855	0.5647254284942714	1433.9269323565381
609.4860395585811	201.87490028082044	0.5654371114959335	1434.9269323565381
610.5082727077108	202.4406934266085	0.5661492571910793	1435.9269323565381
611.5318825464153	203.00719894941483	0.566861865522973	1436.9269323565381
612.5568699184147	203.57441731184772	0.5675749364348789	1437.9269323565381
613.5832356672586	204.142348976459	0.5682884698700609	1438.9269323565381
614.6109806363266	204.71099440574346	0.5690024657717833	1439.9269323565381
615.6401056688277	205.28035406213917	0.5697169240833102	1440.9269323565381
616.6706116078012	205.85042840802777	0.5704318447479059	1441.9269323565381
617.7024992961157	206.42121790573376	0.5711472277088343	1442.9269323565381
618.7357695764701	206.99272301752524	0.5718630729093599	1443.9269323565381
619.7704232913927	207.56494420561344	0.5725793802927468	1444.9269323565381
620.8064612832417	208.13788193215277	0.5732961498022588	1445.9269323565381
621.8438843942052	208.71153665924112	0.5740133813811605	1446.9269323565381
622.8826934663009	209.28590884891935	0.5747310749727159	1447.9269323565381
623.9228893413763	209.86099896317182	0.5754492305201891	1448.9269323565381
624.9644728611089	210.43680746392604	0.5761678479668444	1449.9269323565381
626.0074448670058	211.01333481305295	0.5768869272559458	1450.9269323565381
627.0518062004041	211.59058147236655	0.5776064683307575	1451.9269323565381
628.0975577024706	212.16854790362413	0.5783264711345437	1452.9269323565381
629.1447002142014	212.74723456852638	0.5790469356105685	1453.9269323565381
630.1932345764233	213.32664192871715	0.5797678617020962	1454.9269323565381
631.2431616297923	213.90677044578354	0.5804892493523908	1455.9269323565381
632.2944822147946	214.48762058125595	0.5812110985047166	1456.9269323565381
633.3471971717456	215.06919279660804	0.5819334091023378	1457.9269323565381
634.4013073407909	215.65148755325683	0.5826561810885185	1458.9269323565381
635.4568135619057	216.23450531256236	0.5833794144065226	1459.9269323565381
636.5137166748954	216.8182465358281	0.5841031089996145	1460.9269323565381
637.5720175193942	217.40271168430107	0.5848272648110584	1461.9269323565381
638.6317169348677	217.9879012191708	0.5855518817841183	1462.9269323565381
639.6928157606098	218.57381560157086	0.5862769598620586	1463.9269323565381
640.755314835745	219.16045529257764	0.5870024989881434	1464.9269323565381
641.8192149992275	219.74782075321102	0.5877284991056367	1465.9269323565381
642.8845170898409	220.33591244443386	0.5884549601578029	1466.9269323565381
643.9512219461988	220.92473082715264	0.5891818820879059	1467.9269323565381
645.0193304067445	221.51427636221675	0.5899092648392099	1468.9269323565381
646.0888433097518	222.10454951041908	0.5906371083549793	1469.9269323565381
647.1597614933233	222.69555073249592	0.5913654125784781	1470.9269323565381
648.2320857953919	223.28728048912643	0.5920941774529703	1471.9269323565381
649.3058170537201	223.87973924093333	0.5928234029217203	1472.9269323565381
650.3809561059007	224.47292744848238	0.5935530889279922	1473.9269323565381
651.4575037893554	225.06684557228294	0.5942832354150501	1474.9269323565381
652.5354609413364	225.66149407278718	0.5950138423261582	1475.9269323565381
653.6148283989256	226.25687341039094	0.5957449096045807	1476.9269323565381
654.6956069990343	226.85298404543317	0.5964764371935817	1477.9269323565381
655.7777975784043	227.44982643819606	0.5972084250364255	1478.9269323565381
656.8614009736062	228.04740104890507	0.597940873076376	1479.9269323565381
657.9464180210418	228.64570833772893	0.5986737812566978	1480.9269323565381
659.0328495569406	229.24474876477967	0.5994071495206545	1481.9269323565381
660.1206964173641	229.84452279011256	0.6001409778115107	1482.9269323565381
661.2099594382025	230.44503087372613	0.6008752660725304	1483.9269323565381
662.3006394551757	231.0462734755621	0.6016100142469777	1484.9269323565381
663.3927373038334	231.64825105550563	0.6023452222781167	1485.9269323565381
664.4862538195558	232.250964073385	0.6030808901092118	1486.9269323565381
665.5811898375524	232.85441298897183	0.6038170176835272	1487.9269323565381
666.677546192862	233.45859826198085	0.6045536049443268	1488.9269323565381
667.7753237203541	234.0635203520704	0.6052906518348748	1489.9269323565381
668.8745232547273	234.66917971884163	0.6060281582984355	1490.9269323565381
669.9751456305104	235.2755768218393	0.6067661242782729	1491.9269323565381
671.0771916820619	235.88271212055133	0.6075045497176513	1492.9269323565381
672.18066224357	236.49058607440884	0.6082434345598349	1493.9269323565381
673.2855581490528	237.0991991427863	0.6089827787480877	1494.9269323565381
674.3918802323581	237.70855178500153	0.609722582225674	1495.9269323565381
675.4996293271633	238.31864446031526	0.6104628449358578	1496.9269323565381
676.6088062669763	238.92947762793182	0.6112035668219035	1497.9269323565381
677.7194118851339	239.5410517469988	0.611944747827075	1498.9269323565381
678.8314470148036	240.15336727660682	0.6126863878946367	1499.9269323565381
679.9449124889817	240.76642467578995	0.6134284869678526	1500.9269323565381
681.059809140495	241.38022440352546	0.6141710449899869	1501.9269323565381
682.1761378019999	241.994766918734	0.6149140619043039	1502.9269323565381
683.2938993059823	242.6100526802792	0.6156575376540675	1503.9269323565381
684.4130944847586	243.22608214696834	0.616401472182542	1504.9269323565381
685.5337241704742	243.84285577755168	0.6171458654329915	1505.9269323565381
686.6557891951046	244.4603740307227	0.6178907173486802	1506.9269323565381
687.7792903904559	245.07863736511848	0.6186360278728724	1507.9269323565381
688.9042285881621	245.697646239319	0.619381796948832	1508.9269323565381
690.0306046196891	246.3174011118478	0.6201280245198234	1509.9269323565381
691.1584193163316	246.93790244117147	0.6208747105291108	1510.9269323565381
692.2876735092132	247.55915068569988	0.621621854919958	1511.9269323565381
693.4183680292892	248.1811463037863	0.6223694576356296	1512.9269323565381
694.550503707343	248.80388975372713	0.6231175186193894	1513.9269323565381
695.684081373989	249.42738149376225	0.6238660378145018	1514.9269323565381
696.8191018596705	250.05162198207444	0.6246150151642308	1515.9269323565381
697.9555659946614	250.67661167678995	0.6253644506118406	1516.9269323565381
699.0934746090643	251.30235103597855	0.6261143441005954	1517.9269323565381
700.2328285328131	251.92884051765265	0.6268646955737595	1518.9269323565381
701.37362859567	252.5560805797686	0.6276155049745968	1519.9269323565381
702.515875627228	253.18407168022546	0.6283667722463716	1520.9269323565381
703.6595704569094	253.81281427686605	0.629118497332348	1521.9269323565381
704.8047139139662	254.44230882747598	0.6298706801757902	1522.9269323565381
705.9513068274812	255.07255578978447	0.6306233207199624	1523.9269323565381
707.0993500263655	255.7035556214639	0.6313764189081288	1524.9269323565381
708.2488443393611	256.3353087801298	0.6321299746835535	1525.9269323565381
709.3997905950389	256.96781572334123	0.6328839879895005	1526.9269323565381
710.5521896218007	257.60107690860013	0.6336384587692342	1527.9269323565381
711.7060422478771	258.235092793352	0.6343933869660187	1528.9269323565381
712.8613493013291	258.86986383498567	0.6351487725231181	1529.9269323565381
714.0181116100473	259.5053904908328	0.6359046153837966	1530.9269323565381
715.1763300017515	260.14167321816876	0.6366609154913182	1531.9269323565381
716.3360053039928	260.7787124742121	0.6374176727889475	1532.9269323565381
717.4971383441502	261.4165087161245	0.6381748872199482	1533.9269323565381
718.6597299494343	262.0550624010109	0.6389325587275847	1534.9269323565381
719.8237809468842	262.69437398591964	0.6396906872551211	1535.9269323565381
720.9892921633693	263.3344439278422	0.6404492727458216	1536.9269323565381
722.1562644255882	263.97527268371346	0.6412083151429502	1537.9269323565381
723.324698560071	264.61686071041123	0.6419678143897714	1538.9269323565381
724.4945953931751	265.25920846475725	0.6427277704295489	1539.9269323565381
725.6659557510901	265.90231640351584	0.6434881832055472	1540.9269323565381
726.8387804598337	266.5461849833948	0.6442490526610305	1541.9269323565381
728.0130703452539	267.19081466104547	0.6450103787392627	1542.9269323565381
729.1888262330289	267.836205893062	0.6457721613835081	1543.9269323565381
730.3660489486664	268.48235913598216	0.6465344005370309	1544.9269323565381
731.5447393175034	269.129274846287	0.6472970961430953	1545.9269323565381
732.7248981647075	269.77695348040044	0.6480602481449652	1546.9269323565381
733.9065263152761	270.42539549468995	0.6488238564859052	1547.9269323565381
735.0896245940354	271.07460134546636	0.6495879211091791	1548.9269323565381
736.2741938256422	271.7245714889835	0.6503524419580511	1549.9269323565381
737.4602348345829	272.3753063814387	0.6511174189757855	1550.9269323565381
738.6477484451739	273.0268064789724	0.6518828521056462	1551.9269323565381
739.836735481561	273.67907223766844	0.6526487412908977	1552.9269323565381
741.0271967677203	274.3321041135537	0.6534150864748038	1553.9269323565381
742.2191331274571	274.9859025625987	0.6541818876006291	1554.9269323565381
743.4125453844072	275.64046804071677	0.6549491446116376	1555.9269323565381
744.6074343620351	276.2958010037647	0.6557168574510932	1556.9269323565381
745.8038008836365	276.95190190754283	0.6564850260622604	1557.9269323565381
747.0016457723359	277.60877120779423	0.6572536503884032	1558.9269323565381
748.2009698510873	278.26640936020567	0.6580227303727858	1559.9269323565381
749.4017739426761	278.92481682040705	0.6587922659586724	1560.9269323565381
750.6040588697153	279.58399404397136	0.6595622570893269	1561.9269323565381
751.8078254546499	280.243941486415	0.6603327037080138	1562.9269323565381
753.0130745197526	280.9046596031978	0.6611036057579971	1563.9269323565381
754.2198068871278	281.5661488497226	0.6618749631825409	1564.9269323565381
755.4280233787085	282.2284096813355	0.6626467759249096	1565.9269323565381
756.6377248162578	282.89144255332604	0.6634190439283671	1566.9269323565381
757.8489120213682	283.555247920927	0.6641917671361778	1567.9269323565381
759.0615858154629	284.2198262393143	0.6649649454916055	1568.9269323565381
760.2757470197944	284.88517796360713	0.6657385789379149	1569.9269323565381
761.4913964554448	285.55130354886813	0.6665126674183697	1570.9269323565381
762.7085349433264	286.21820345010303	0.6672872108762342	1571.9269323565381
763.9271633041806	286.8858781222608	0.6680622092547727	1572.9269323565381
765.147282358579	287.55432802023387	0.6688376624972491	1573.9269323565381
766.3688929269236	288.22355359885773	0.6696135705469277	1574.9269323565381
767.5919958294451	288.89355531291125	0.6703899333470728	1575.9269323565381
768.8165918862051	289.56433361711646	0.6711667508409482	1576.9269323565381
770.042681917094	290.23588896613876	0.6719440229718185	1577.9269323565381
771.2702667418325	290.9082218145869	0.6727217496829477	1578.9269323565381
772.4993471799714	291.58133261701266	0.6734999309175999	1579.9269323565381
773.7299240508902	292.25522182791093	0.6742785666190392	1580.9269323565381
774.9619981737994	292.9298899017206	0.6750576567305299	1581.9269323565381
776.1955703677386	293.60533729282315	0.675837201195336	1582.9269323565381
777.4306414515773	294.2815644555435	0.6766171999567218	1583.9269323565381
778.6672122440149	294.9585718441499	0.6773976529579513	1584.9269323565381
779.9052835635803	295.63635991285383	0.6781785601422888	1585.9269323565381
781.1448562286333	296.31492911580983	0.6789599214529985	1586.9269323565381
782.3859310573616	296.9942799071163	0.6797417368333445	1587.9269323565381
783.6285088677847	297.67441274081426	0.680524006226591	1588.9269323565381
784.8725904777505	298.3553280708883	0.6813067295760022	1589.9269323565381
786.1181767049369	299.037026351266	0.682089906824842	1590.9269323565381
787.3652683668525	299.7195080358188	0.6828735379163751	1591.9269323565381
788.6138662808339	300.40277357836084	0.6836576227938651	1592.9269323565381
789.8639712640495	301.0868234326497	0.6844421614005763	1593.9269323565381
791.1155841334966	301.7716580523861	0.6852271536797732	1594.9269323565381
792.3687057060014	302.45727789121446	0.6860125995747193	1595.9269323565381
793.6233367982219	303.1436834027219	0.6867984990286794	1596.9269323565381
794.8794782266443	303.8308750404392	0.6875848519849175	1597.9269323565381
796.1371308075846	304.5188532578403	0.6883716583866974	1598.9269323565381
797.3962953571896	305.2076185083422	0.6891589181772836	1599.9269323565381
798.6569726914356	305.89717124530546	0.6899466312999404	1600.9269323565381
799.9191636261276	306.5875119220338	0.6907347976979316	1601.9269323565381
801.1828689769023	307.2786409917742	0.6915234173145217	1602.9269323565381
802.4480895592243	307.97055890771685	0.6923124900929747	1603.9269323565381
803.7148261883885	308.6632661229952	0.6931020159765545	1604.9269323565381
804.9830796795214	309.35676309068606	0.6938919949085258	1605.9269323565381
806.2528508475763	310.05105026380954	0.6946824268321523	1606.9269323565381
807.5241405073384	310.7461280953288	0.6954733116906984	1607.9269323565381
808.7969494734223	311.44199703815025	0.6962646494274282	1608.9269323565381
810.0712785602719	312.13865754512403	0.6970564399856058	1609.9269323565381
811.3471285821608	312.8361100690431	0.6978486833084955	1610.9269323565381
812.6245003531935	313.53435506264367	0.6986413793393613	1611.9269323565381
813.903394687303	314.2333929786055	0.6994345280214674	1612.9269323565381
815.183812398253	314.9332242695515	0.7002281292980781	1613.9269323565381
816.4657542996368	315.6338493880476	0.7010221831124577	1614.9269323565381
817.7492212048769	316.33526878660336	0.7018166894078697	1615.9269323565381
819.0342139272259	317.0374829176714	0.7026116481275788	1616.9269323565381
820.3207332797673	317.7404922336476	0.7034070592148493	1617.9269323565381
821.6087800754121	318.4442971868714	0.7042029226129449	1618.9269323565381
822.8983551269033	319.14889822962493	0.70499923826513	1619.9269323565381
824.1894592468124	319.8542958141341	0.7057960061146688	1620.9269323565381
825.4820932475413	320.56049039256783	0.7065932261048253	1621.9269323565381
826.7762579413214	321.26748241703837	0.7073908981788639	1622.9269323565381
828.071954140214	321.9752723396013	0.7081890222800485	1623.9269323565381
829.3691826561101	322.68386061225533	0.7089875983516435	1624.9269323565381
830.6679443007307	323.3932476869424	0.7097866263369129	1625.9269323565381
831.9682398856264	324.1034340155481	0.7105861061791209	1626.9269323565381
833.2700702221775	324.81442004990083	0.7113860378215316	1627.9269323565381
834.5734361215943	325.52620624177234	0.7121864212074094	1628.9269323565381
835.8783383949169	326.2387930428779	0.7129872562800181	1629.9269323565381
837.1847778530148	326.9521809048757	0.713788542982622	1630.9269323565381
838.4927553065885	327.66637027936747	0.7145902812584854	1631.9269323565381
839.8022715661667	328.3813616178981	0.7153924710508724	1632.9269323565381
841.1133274421085	329.09715537195586	0.7161951123030472	1633.9269323565381
842.4259237446032	329.8137519929719	0.7169982049582739	1634.9269323565381
843.7400612836693	330.5311519323211	0.7178017489598165	1635.9269323565381
845.0557408691559	331.2493556413214	0.7186057442509395	1636.9269323565381
846.3729633107412	331.96836357123397	0.719410190774907	1637.9269323565381
847.6917294179328	332.6881761732633	0.7202150884749827	1638.9269323565381
849.0120400000695	333.40879389855706	0.7210204372944314	1639.9269323565381
850.333895866318	334.1302171982064	0.7218262371765167	1640.9269323565381
851.657297825677	334.8524465232455	0.7226324880645033	1641.9269323565381
852.9822466869732	335.5754823246517	0.7234391899016549	1642.9269323565381
854.3087432588636	336.2993250533462	0.7242463426312359	1643.9269323565381
855.6367883498356	337.0239751601929	0.7250539461965105	1644.9269323565381
856.9663827682054	337.7494330959988	0.7258620005407427	1645.9269323565381
858.2975273221199	338.475699311515	0.7266705056071966	1646.9269323565381
859.6302228195552	339.20277425743507	0.7274794613391367	1647.9269323565381
860.9644700683176	339.9306583843961	0.728288867679827	1648.9269323565381
862.3002698760426	340.6593521429788	0.7290987245725316	1649.9269323565381
863.6376230501962	341.3888559837064	0.7299090319605146	1650.9269323565381
864.9765303980738	342.119170357046	0.7307197897870402	1651.9269323565381
866.3169927268004	342.8502957134077	0.7315309979953727	1652.9269323565381
867.6590108433317	343.582232503145	0.7323426565287762	1653.9269323565381
869.0025855544517	344.31498117655474	0.7331547653305147	1654.9269323565381
870.3477176667755	345.04854218387663	0.7339673243438526	1655.9269323565381
871.6944079867471	345.782915975294	0.7347803335120539	1656.9269323565381
873.0426573206416	346.5181030009335	0.7355937927783828	1657.9269323565381
874.3924664745625	347.2541037108646	0.7364077020861035	1658.9269323565381
875.7438362544436	347.9909185551005	0.7372220613784802	1659.9269323565381
877.0967674660484	348.7285479835976	0.7380368705987771	1660.9269323565381
878.4512609149704	349.4669924462552	0.738852129690258	1661.9269323565381
879.8073174066327	350.2062523929162	0.7396678385961873	1662.9269323565381
881.1649377462884	350.94632827336676	0.7404839972598294	1663.9269323565381
882.5241227390202	351.6872205373361	0.7413006056244481	1664.9269323565381
883.8848731897408	352.4289296344971	0.7421176636333079	1665.9269323565381
885.2471899031922	353.1714560144652	0.7429351712296726	1666.9269323565381
886.611073683947	353.9148001268	0.7437531283568066	1667.9269323565381
887.9765253364068	354.65896242100365	0.744571534957974	1668.9269323565381
889.3435456648033	355.4039433465217	0.7453903909764388	1669.9269323565381
890.7121354731987	356.1497433527433	0.7462096963554656	1670.9269323565381
892.0822955654834	356.89636288900056	0.7470294510383182	1671.9269323565381
893.454026745379	357.643802404569	0.7478496549682607	1672.9269323565381
894.827329816436	358.3920623486672	0.7486703080885575	1673.9269323565381
896.2022055820358	359.1411431704573	0.7494914103424727	1674.9269323565381
897.5786548453879	359.89104531904457	0.7503129616732702	1675.9269323565381
898.9566784095333	360.64176924347726	0.7511349620242145	1676.9269323565381
900.3362770773425	361.39331539274735	0.7519574113385696	1677.9269323565381
901.7174516515145	362.14568421578986	0.7527803095595998	1678.9269323565381
903.1002029345786	362.89887616148326	0.7536036566305692	1679.9269323565381
904.4845317288955	363.65289167864876	0.7544274524947419	1680.9269323565381
905.870438836654	364.4077312160515	0.7552516970953822	1681.9269323565381
907.2579250598724	365.1633952223996	0.7560763903757539	1682.9269323565381
908.6469912004006	365.9198841463441	0.7569015322791217	1683.9269323565381
910.0376380599164	366.67719843647984	0.7577271227487493	1684.9269323565381
911.4298664399286	367.4353385413447	0.7585531617279011	1685.9269323565381
912.8236771417751	368.1943049094199	0.7593796491598411	1686.9269323565381
914.2190709666244	368.9540979891297	0.7602065849878337	1687.9269323565381
915.6160487154738	369.714718228842	0.7610339691551429	1688.9269323565381
917.0146111891506	370.4761660768676	0.7618618016050327	1689.9269323565381
918.4147591883133	371.2384419814607	0.7626900822807676	1690.9269323565381
919.8164935134482	372.0015463908188	0.7635188111256116	1691.9269323565381
921.2198149648727	372.7654797530827	0.764347988082829	1692.9269323565381
922.6247243427331	373.5302425163362	0.7651776130956837	1693.9269323565381
924.0312224470061	374.295835128607	0.7660076861074399	1694.9269323565381
925.4393100774982	375.0622580378652	0.766838207061362	1695.9269323565381
926.8489880338454	375.8295116920249	0.767669175900714	1696.9269323565381
928.2602571155137	376.5975965389429	0.76850059256876	1697.9269323565381
929.6731181217984	377.36651302641974	0.7693324570087643	1698.9269323565381
931.0875718518257	378.1362616021989	0.770164769163991	1699.9269323565381
932.5036191045506	378.9068427139672	0.7709975289777042	1700.9269323565381
933.9212606787579	379.6782568093548	0.7718307363931682	1701.9269323565381
935.3404973730627	380.45050433593525	0.7726643913536472	1702.9269323565381
936.7613299859099	381.2235857412249	0.7734984938024051	1703.9269323565381
938.183759315574	381.99750147268384	0.7743330436827063	1704.9269323565381
939.6077861601583	382.77225197771526	0.7751680409378147	1705.9269323565381
941.033411317598	383.5478377036656	0.7760034855109947	1706.9269323565381
942.4606355856566	384.32425909782444	0.7768393773455105	1707.9269323565381
943.8894597619272	385.1015166074247	0.777675716384626	1708.9269323565381
945.3198846438339	385.87961067964284	0.7785125025716055	1709.9269323565381
946.7519110286302	386.65854176159826	0.7793497358497133	1710.9269323565381
948.185539713398	387.4383103003537	0.7801874161622134	1711.9269323565381
949.6207714950511	388.21891674291527	0.7810255434523701	1712.9269323565381
951.0576071703316	389.00036153623216	0.7818641176634473	1713.9269323565381
952.4960475358121	389.7826451271968	0.7827031387387096	1714.9269323565381
953.9360933878945	390.5657679626454	0.7835426066214206	1715.9269323565381
955.3777455228113	391.34973048935666	0.7843825212548449	1716.9269323565381
956.8210047366236	392.1345331540531	0.7852228825822465	1717.9269323565381
958.2658718252236	392.92017640340015	0.7860636905468895	1718.9269323565381
959.7123475843322	393.70666068400703	0.7869049450920381	1719.9269323565381
961.1604328095008	394.49398644242564	0.7877466461609566	1720.9269323565381
962.61012829611	395.28215412515135	0.7885887936969089	1721.9269323565381
964.0614348393709	396.07116417862284	0.7894313876431596	1722.9269323565381
965.5143532343241	396.86101704922214	0.7902744279429723	1723.9269323565381
966.9688842758396	397.6517131832743	0.7911179145396114	1724.9269323565381
968.4250287586174	398.443253027048	0.7919618473763412	1725.9269323565381
969.8827874771882	399.23563702675483	0.7928062263964261	1726.9269323565381
971.3421612259107	400.0288656285498	0.7936510515431295	1727.9269323565381
972.8031507989749	400.82293927853107	0.7944963227597162	1728.9269323565381
974.2657569904003	401.61785842274026	0.7953420399894501	1729.9269323565381
975.7299805940352	402.41362350716213	0.7961882031755954	1730.9269323565381
977.1958224035594	403.21023497772455	0.7970348122614163	1731.9269323565381
978.6632832124808	404.00769328029924	0.7978818671901768	1732.9269323565381
980.1323638141381	404.80599886070047	0.7987293679051414	1733.9269323565381
981.6030650016995	405.6051521646861	0.7995773143495739	1734.9269323565381
983.0753875681634	406.40515363795714	0.8004257064667386	1735.9269323565381
984.5493323063571	407.2060037261582	0.8012745441998997	1736.9269323565381
986.0249000089387	408.00770287487677	0.8021238274923216	1737.9269323565381
987.5020914683952	408.81025152964366	0.802973556287268	1738.9269323565381
988.9809074770438	409.6136501359331	0.803823730528003	1739.9269323565381
990.4613488270318	410.41789913916267	0.8046743501577913	1740.9269323565381
991.9434163103359	411.22299898469294	0.8055254151198968	1741.9269323565381
993.4271107187628	412.0289501178276	0.8063769253575837	1742.9269323565381
994.9124328439484	412.8357529838143	0.8072288808141159	1743.9269323565381
996.3993834773593	413.6434080278433	0.8080812814327579	1744.9269323565381
997.8879634102914	414.4519156950482	0.8089341271567737	1745.9269323565381
999.3781734338704	415.2612764305064	0.8097874179294277	1746.9269323565381
1000.870014339052	416.07149067923774	0.8106411536939836	1747.9269323565381
1002.3634869166215	416.8825588862061	0.811495334393706	1748.9269323565381
1003.8585919571934	417.694481496318	0.8123499599718588	1749.9269323565381
1005.3553302512133	418.50725895442366	0.8132050303717062	1750.9269323565381
1006.8537025889559	419.3208917053164	0.8140605455365125	1751.9269323565381
1008.3537097605254	420.1353801937328	0.8149165054095416	1752.9269323565381
1009.8553525558563	420.95072486435265	0.8157729099340579	1753.9269323565381
1011.3586317647125	421.7669261617991	0.8166297590533256	1754.9269323565381
1012.8635481766878	422.58398453063853	0.8174870527106085	1755.9269323565381
1014.3701025812063	423.40190041538074	0.8183447908491711	1756.9269323565381
1015.8782957675215	424.22067426047846	0.8192029734122777	1757.9269323565381
1017.3881285247162	425.040306510328	0.820061600343192	1758.9269323565381
1018.8996016417041	425.8607976092685	0.8209206715851787	1759.9269323565381
1020.412715907227	426.68214800158313	0.8217801870815012	1760.9269323565381
1021.9274721098584	427.5043581314974	0.8226401467754244	1761.9269323565381
1023.4438710380007	428.3274284431808	0.8235005506102122	1762.9269323565381
1024.9619134798859	429.15135938074593	0.8243613985291287	1763.9269323565381
1026.4816002235757	429.9761513882483	0.8252226904754381	1764.9269323565381
1028.0029320569624	430.801804909687	0.8260844263924045	1765.9269323565381
1029.5259097677672	431.62832038900433	0.8269466062232922	1766.9269323565381
1031.050534143542	432.455698270086	0.8278092299113653	1767.9269323565381
1032.576805971668	433.28393899676064	0.8286722973998878	1768.9269323565381
1034.1047260393555	434.1130430128003	0.8295358086321242	1769.9269323565381
1035.6342951336455	434.94301076192045	0.8303997635513383	1770.9269323565381
1037.1655140414093	435.77384268777973	0.8312641621007946	1771.9269323565381
1038.6983835493463	436.6055392339799	0.832129004223757	1772.9269323565381
1040.2329044439873	437.43810084406607	0.8329942898634898	1773.9269323565381
1041.7690775116916	438.27152796152694	0.8338600189632571	1774.9269323565381
1043.3069035386497	439.1058210297938	0.8347261914663231	1775.9269323565381
1044.8463833108806	439.9409804922417	0.835592807315952	1776.9269323565381
1046.3875176142335	440.7770067921889	0.8364598664554077	1777.9269323565381
1047.930307234388	441.613900372897	0.8373273688279547	1778.9269323565381
1049.474752956853	442.4516616775703	0.838195314376857	1779.9269323565381
1051.0208555669667	443.2902911493572	0.8390637030453789	1780.9269323565381
1052.568615849898	444.12978923134875	0.8399325347767845	1781.9269323565381
1054.118034590645	444.97015636657954	0.8408018095143377	1782.9269323565381
1055.6691125740358	445.81139299802715	0.841671527201303	1783.9269323565381
1057.2218505847284	446.65349956861303	0.8425416877809444	1784.9269323565381
1058.77624940721	447.4964765212011	0.843412291196526	1785.9269323565381
1060.3323098257983	448.34032429859906	0.844283337391312	1786.9269323565381
1061.890032624641	449.1850433435578	0.8451548263085669	1787.9269323565381
1063.4494185877147	450.0306340987714	0.8460267578915543	1788.9269323565381
1065.010468498826	450.8770970068773	0.8468991320835388	1789.9269323565381
1066.573183141612	451.7244325104559	0.8477719488277844	1790.9269323565381
1068.137563299539	452.5726410520314	0.8486452080675553	1791.9269323565381
1069.7036097559032	453.4217230740706	0.8495189097461155	1792.9269323565381
1071.2713232938308	454.2716790189843	0.8503930538067296	1793.9269323565381
1072.8407046962766	455.1225093291258	0.8512676401926612	1794.9269323565381
1074.4117547460276	455.9742144467925	0.8521426688471748	1795.9269323565381
1075.9844742256978	456.82679481422423	0.8530181397135344	1796.9269323565381
1077.5588639177336	457.68025087360456	0.8538940527350042	1797.9269323565381
1079.1349246044092	458.53458306706045	0.8547704078548485	1798.9269323565381
1080.7126570678292	459.3897918366614	0.8556472050163312	1799.9269323565381
1082.2920620899295	460.24587762442127	0.8565244441627169	1800.9269323565381
1083.8731404524724	461.1028408722962	0.8574021252372691	1801.9269323565381
1085.4558929370537	461.96068202218623	0.8582802481832525	1802.9269323565381
1087.0403203250964	462.81940151593443	0.8591588129439313	1803.9269323565381
1088.6264233978545	463.6789997953267	0.8600378194625694	1804.9269323565381
1090.2142029364115	464.53947730209325	0.8609172676824308	1805.9269323565381
1091.8036597216812	465.4008344779066	0.8617971575467801	1806.9269323565381
1093.3947945344057	466.26307176438263	0.8626774889988812	1807.9269323565381
1094.9876081551588	467.12618960308123	0.8635582619819984	1808.9269323565381
1096.5821013643422	467.99018843550476	0.8644394764393956	1809.9269323565381
1098.1782749421895	468.85506870309916	0.8653211323143373	1810.9269323565381
1099.7761296687618	469.72083084725375	0.8662032295500873	1811.9269323565381
1101.3756663239528	470.58747530930077	0.8670857680899102	1812.9269323565381
1102.9768856874825	471.4550025305161	0.8679687478770698	1813.9269323565381
1104.5797885389036	472.3234129521185	0.8688521688548303	1814.9269323565381
1106.1843756575975	473.19270701527023	0.8697360309664561	1815.9269323565381
1107.7906478227749	474.0628851610771	0.8706203341552111	1816.9269323565381
1109.3986058134772	474.9339478305875	0.8715050783643595	1817.9269323565381
1111.008250408575	475.8058954647937	0.8723902635371656	1818.9269323565381
1112.619582386769	476.6787285046308	0.8732758896168935	1819.9269323565381
1114.2326025265902	477.5524473909775	0.8741619565468075	1820.9269323565381
1115.8473116063979	478.4270525646556	0.8750484642701715	1821.9269323565381
1117.463710404382	479.3025444664301	0.8759354127302497	1822.9269323565381
1119.0817996985631	480.1789235370093	0.8768228018703064	1823.9269323565381
1120.7015802667902	481.0561902170451	0.8777106316336056	1824.9269323565381
1122.3230528867427	481.93434494713216	0.8785989019634117	1825.9269323565381
1123.9462183359306	482.8133881678085	0.8794876128029888	1826.9269323565381
1125.5710773916915	483.6933203195558	0.8803767640956008	1827.9269323565381
1127.1976308311948	484.57414184279844	0.8812663557845122	1828.9269323565381
1128.8258794314388	485.4558531779047	0.8821563878129869	1829.9269323565381
1130.4558239692524	486.33845476518553	0.8830468601242891	1830.9269323565381
1132.087465221293	487.2219470448953	0.8839377726616832	1831.9269323565381
1133.7208039640486	488.1063304572318	0.884829125368433	1832.9269323565381
1135.355840973837	488.9916054423363	0.8857209181878029	1833.9269323565381
1136.9925770268064	489.8777724402928	0.886613151063057	1834.9269323565381
1138.631012898933	490.7648318911289	0.8875058239374596	1835.9269323565381
1140.2711493660247	491.6527842348151	0.8883989367542747	1836.9269323565381
1141.912987203718	492.54162991126594	0.8892924894567666	1837.9269323565381
1143.5565271874796	493.4313693603383	0.8901864819881993	1838.9269323565381
1145.2017700926058	494.322003021833	0.8910809142918369	1839.9269323565381
1146.8487166942227	495.21353133549394	0.8919757863109437	1840.9269323565381
1148.4973677672867	496.10595474100796	0.8928710979887838	1841.9269323565381
1150.1477240865838	496.9992736780056	0.8937668492686216	1842.9269323565381
1151.7997864267288	497.8934885860601	0.8946630400937209	1843.9269323565381
1153.4535555621685	498.7885999046891	0.8955596704073462	1844.9269323565381
1155.1090322671769	499.68460807335214	0.8964567401527613	1845.9269323565381
1156.7662173158587	500.58151353145297	0.8973542492732306	1846.9269323565381
1158.4251114821504	501.47931671833805	0.8982521977120183	1847.9269323565381
1160.0857155398148	502.37801807329754	0.8991505854123882	1848.9269323565381
1161.748030262448	503.2776180355644	0.9000494123176052	1849.9269323565381
1163.4120564234722	504.17811704431546	0.9009486783709326	1850.9269323565381
1165.077794796143	505.07951553867014	0.9018483835156352	1851.9269323565381
1166.7452461535431	505.98181395769154	0.9027485276949768	1852.9269323565381
1168.414411268587	506.88501274038606	0.9036491108522218	1853.9269323565381
1170.085290914017	507.78911232570306	0.9045501329306341	1854.9269323565381
1171.757885862407	508.69411315253546	0.9054515938734781	1855.9269323565381
1173.432196886159	509.60001565971936	0.9063534936240178	1856.9269323565381
1175.1082247575075	510.5068202860338	0.9072558321255176	1857.9269323565381
1176.7859702485132	511.4145274702018	0.9081586093212413	1858.9269323565381
1178.4654341310697	512.3231376508888	0.9090618251544536	1859.9269323565381
1180.1466171768977	513.2326512667041	0.9099654795684179	1860.9269323565381
1181.8295201575504	514.1430687562003	0.9108695725063989	1861.9269323565381
1183.5141438444089	515.0543905578728	0.9117741039116607	1862.9269323565381
1185.2004890086844	515.9666171101604	0.9126790737274673	1863.9269323565381
1186.8885564214183	516.8797488514456	0.9135844818970829	1864.9269323565381
1188.5783468534823	517.7937862200537	0.9144903283637719	1865.9269323565381
1190.269861075577	518.7087296542533	0.9153966130707981	1866.9269323565381
1191.9630998582322	519.6245795922564	0.916303335961426	1867.9269323565381
1193.6580639718095	520.5413364722183	0.9172104969789195	1868.9269323565381
1195.3547541864987	521.4590007322375	0.918118096066543	1869.9269323565381
1197.0531712723196	522.3775728103561	0.9190261331675607	1870.9269323565381
1198.7533159991224	523.2970531445585	0.9199346082252364	1871.9269323565381
1200.4551891365857	524.2174421727731	0.9208435211828344	1872.9269323565381
1202.15879145422	525.1387403328717	0.9217528719836189	1873.9269323565381
1203.8641237213642	526.0609480626691	0.9226626605708541	1874.9269323565381
1205.571186707187	526.9840657999234	0.9235728868878041	1875.9269323565381
1207.2799811806879	527.9080939823359	0.9244835508777333	1876.9269323565381
1208.990507910694	528.833033047551	0.9253946524839054	1877.9269323565381
1210.7027676658652	529.7588834331568	0.9263061916495848	1878.9269323565381
1212.416761214689	530.6856455766842	0.9272181683180358	1879.9269323565381
1214.1324893254837	531.613319915608	0.9281305824325226	1880.9269323565381
1215.8499527663962	532.5419068873458	0.929043433936309	1881.9269323565381
1217.5691523054052	533.4714069292583	0.9299567227726595	1882.9269323565381
1219.290088710317	534.4018204786497	0.9308704488848382	1883.9269323565381
1221.012762748769	535.3331479727676	0.931784612216109	1884.9269323565381
1222.7371751882283	536.2653898488027	0.9326992127097363	1885.9269323565381
1224.4633267959919	537.1985465438889	0.9336142503089843	1886.9269323565381
1226.1912183391853	538.1326184951037	0.9345297249571171	1887.9269323565381
1227.920850584766	539.0676061394672	0.9354456365973987	1888.9269323565381
1229.6522242995186	540.0035099139436	0.9363619851730933	1889.9269323565381
1231.3853402500608	540.9403302554397	0.9372787706274655	1890.9269323565381
1233.1201992028368	541.8780676008059	0.9381959929037788	1891.9269323565381
1234.8568019241225	542.8167223868356	0.9391136519452978	1892.9269323565381
1236.5951491800238	543.756295050266	0.9400317476952867	1893.9269323565381
1238.3352417364745	544.6967860277766	0.9409502800970093	1894.9269323565381
1240.0770803592402	545.6381957559917	0.94186924909373	1895.9269323565381
1241.8206658139152	546.580524671477	0.942788654628713	1896.9269323565381
1243.5659988659245	547.5237732107428	0.9437084966452224	1897.9269323565381
1245.3130802805217	548.4679418102425	0.9446287750865224	1898.9269323565381
1247.0619108227909	549.4130309063719	0.945549489895877	1899.9269323565381
1248.8124912576463	550.3590409354713	0.9464706410165505	1900.9269323565381
1250.5648223498315	551.3059723338233	0.9473922283918071	1901.9269323565381
1252.318904863919	552.253825537654	0.9483142519649109	1902.9269323565381
1254.0747395643125	553.2026009831334	0.9492367116791259	1903.9269323565381
1255.8323272152452	554.152299106374	0.9501596074777167	1904.9269323565381
1257.59166858078	555.1029203434315	0.951082939303947	1905.9269323565381
1259.3527644248086	556.0544651303055	0.9520067071010813	1906.9269323565381
1261.1156155110543	557.0069339029383	0.9529309108123835	1907.9269323565381
1262.8802226030687	557.960327097216	0.9538555503811178	1908.9269323565381
1264.6465864642335	558.9146451489675	0.9547806257505485	1909.9269323565381
1266.414707857761	559.8698884939649	0.9557061368639396	1910.9269323565381
1268.1845875466922	560.8260575679244	0.9566320836645554	1911.9269323565381
1269.956226293899	561.7831528065043	0.95755846609566	1912.9269323565381
1271.729624862082	562.741174645307	0.9584852841005177	1913.9269323565381
1273.5047840137722	563.7001235198777	0.9594125376223925	1914.9269323565381
1275.2817045113304	564.6599998657051	0.9603402266045487	1915.9269323565381
1277.060387116947	565.6208041182213	0.9612683509902502	1916.9269323565381
1278.840832592642	566.5825367128014	0.9621969107227614	1917.9269323565381
1280.6230417002662	567.5451980847636	0.9631259057453463	1918.9269323565381
1282.4070152014988	568.5087886693698	0.9640553360012692	1919.9269323565381
1284.1927538578495	569.473308901825	0.9649852014337942	1920.9269323565381
1285.980258430658	570.4387592172773	0.9659155019861856	1921.9269323565381
1287.769529681093	571.4051400508184	0.9668462376017073	1922.9269323565381
1289.560568370154	572.3724518374829	0.9677774082236235	1923.9269323565381
1291.3533752586702	573.3406950122488	0.9687090137951987	1924.9269323565381
1293.1479511072994	574.3098700100376	0.9696410542596964	1925.9269323565381
1294.9442966765298	575.2799772657137	0.9705735295603815	1926.9269323565381
1296.7424127266816	576.2510172140846	0.971506439640518	1927.9269323565381
1298.5423000179	577.2229902899022	0.9724397844433696	1928.9269323565381
1300.3439593101646	578.1958969278602	0.9733735639122009	1929.9269323565381
1302.1473913632822	579.1697375625963	0.9743077779902759	1930.9269323565381
1303.9525969368904	580.1445126286916	0.9752424266208587	1931.9269323565381
1305.7595767904565	581.1202225606701	0.9761775097472138	1932.9269323565381
1307.5683316832774	582.0968677929991	0.977113027312605	1933.9269323565381
1309.3788623744792	583.0744487600894	0.9780489792602963	1934.9269323565381
1311.1911696230195	584.0529658962947	0.9789853655335525	1935.9269323565381
1313.005254187684	585.0324196359127	0.9799221860756372	1936.9269323565381
1314.8211168270884	586.0128104131835	0.9808594408298146	1937.9269323565381
1316.63875829968	586.9941386622907	0.9817971297393494	1938.9269323565381
1318.458179363733	587.9764048173616	0.9827352527475052	1939.9269323565381
1320.2793807773537	588.9596093124665	0.9836738097975463	1940.9269323565381
1322.1023632984773	589.9437525816185	0.9846128008327368	1941.9269323565381
1323.9271276848688	590.9288350587746	0.9855522257963413	1942.9269323565381
1325.7536746941228	591.9148571778351	0.9864920846316233	1943.9269323565381
1327.5820050836644	592.9018193726429	0.9874323772818475	1944.9269323565381
1329.4121196107478	593.8897220769849	0.9883731036902776	1945.9269323565381
1331.244019032457	594.8785657245907	0.9893142638001781	1946.9269323565381
1333.0777041057067	595.8683507491335	0.9902558575548132	1947.9269323565381
1334.9131755872404	596.8590775842295	0.9911978848974469	1948.9269323565381
1336.7504342336324	597.8507466634386	0.9921403457713436	1949.9269323565381
1338.5894808012843	598.8433584202638	0.9930832401197669	1950.9269323565381
1340.430316046431	599.836913288151	0.9940265678859815	1951.9269323565381
1342.272940725135	600.8314117004894	0.9949703290132512	1952.9269323565381
1344.1173555932892	601.8268540906123	0.9959145234448407	1953.9269323565381
1345.9635614066153	602.823240891795	0.9968591511240135	1954.9269323565381
1347.8115589206666	603.8205725372571	0.9978042119940339	1955.9269323565381
1349.661348890825	604.818849460161	0.9987497059981664	1956.9269323565381
1351.5129320723029	605.8180720936124	0.999695633079675	1957.9269323565381
1353.3663092201418	606.8182408706606	1.000641993181824	1958.9269323565381
1355.221481089213	607.8193562242976	1.0015887862478774	1959.9269323565381
1357.078448434218	608.8214185874588	1.0025360122210991	1960.9269323565381
1358.9372120096878	609.8244283930233	1.0034836710447537	1961.9269323565381
1360.7977725699839	610.8283860738128	1.0044317626621053	1962.9269323565381
1362.6601308692966	611.833292062593	1.005380287016418	1963.9269323565381
1364.524287661646	612.8391467920724	1.0063292440509557	1964.9269323565381
1366.3902437008833	613.8459506949029	1.007278633708983	1965.9269323565381
1368.2579997406879	614.8537042036794	1.0082284559337638	1966.9269323565381
1370.1275565345688	615.8624077509404	1.009178710668562	1967.9269323565381
1371.998914835868	616.8720617691677	1.0101293978566421	1968.9269323565381
1373.8720753977534	617.8826666907858	1.0110805174412685	1969.9269323565381
1375.7470389732252	618.8942229481634	1.0120320693657052	1970.9269323565381
1377.6238063151113	619.9067309736117	1.012984053573216	1971.9269323565381
1379.5023781760704	620.9201911993853	1.013936470007065	1972.9269323565381
1381.3827553085928	621.9346040576822	1.014889318610517	1973.9269323565381
1383.264938464996	622.9499699806439	1.0158425993268358	1974.9269323565381
1385.1489283974283	623.9662894003545	1.0167963120992858	1975.9269323565381
1387.0347258578684	624.9835627488421	1.017750456871131	1976.9269323565381
1388.9223315981214	626.0017904580777	1.0187050335856351	1977.9269323565381
1390.8117463698286	627.0209729599754	1.0196600421860629	1978.9269323565381
1392.7029709244553	628.0411106863929	1.0206154826156786	1979.9269323565381
1394.5960060132986	629.0622040691311	1.0215713548177456	1980.9269323565381
1396.4908523874863	630.0842535399338	1.022527658735529	1981.9269323565381
1398.387510797975	631.1072595304884	1.0234843943122922	1982.9269323565381
1400.2859819955504	632.1312224724256	1.0244415614912998	1983.9269323565381
1402.1862667308308	633.1561427973196	1.0253991602158161	1984.9269323565381
1404.0883657542604	634.182020936687	1.0263571904291047	1985.9269323565381
1405.9922798161156	635.2088573219884	1.02731565207443	1986.9269323565381
1407.8980096665025	636.2366523846276	1.0282745450950563	1987.9269323565381
1409.8055560553578	637.2654065559512	1.029233869434248	1988.9269323565381
1411.7149197324434	638.29512026725	1.0301936250352686	1989.9269323565381
1413.6261014473587	639.3257939497569	1.031153811841383	1990.9269323565381
1415.5391019495255	640.3574280346488	1.0321144297958547	1991.9269323565381
1417.4539219881997	641.3900229530459	1.033075478841948	1992.9269323565381
1419.370562312465	642.4235791360111	1.0340369589229275	1993.9269323565381
1421.289023671237	643.4580970145511	1.034998869982057	1994.9269323565381
1423.2093068132597	644.4935770196157	1.0359612119626007	1995.9269323565381
1425.1314124871055	645.5300195820978	1.0369239848078229	1996.9269323565381
1427.0553414411788	646.5674251328339	1.0378871884609873	1997.9269323565381
1428.9810944237133	647.6057941026035	1.0388508228653588	1998.9269323565381
1430.9086721827725	648.6451269221294	1.039814887964201	1999.9269323565381
1432.8380754662485	649.6854240220779	1.0407793837007782	2000.9269323565381
1434.769305021865	650.7266858330581	1.0417443100183548	2001.9269323565381
1436.7023615971743	651.7689127856227	1.0427096668601945	2002.9269323565381
1438.6372459395595	652.8121053102675	1.0436754541695619	2003.9269323565381
1440.5739587962312	653.8562638374319	1.0446416718897207	2004.9269323565381
1442.5125009142328	654.9013887974984	1.0456083199639357	2005.9269323565381
1444.4528730404352	655.9474806207922	1.0465753983354704	2006.9269323565381
1446.3950759215406	656.994539737583	1.0475429069475894	2007.9269323565381
1448.3391103040808	658.0425665780822	1.0485108457435568	2008.9269323565381
1450.2849769344164	659.0915615724458	1.0494792146666367	2009.9269323565381
1452.2326765587384	660.1415251507722	1.0504480136600933	2010.9269323565381
1454.1822099230665	661.1924577431035	1.0514172426671904	2011.9269323565381
1456.133577773253	662.2443597794256	1.0523869016311929	2012.9269323565381
1458.0867808549779	663.2972316896662	1.0533569904953644	2013.9269323565381
1460.041819913751	664.3510739036975	1.0543275092029691	2014.9269323565381
1461.9986956949112	665.4058868513345	1.055298457697271	2015.9269323565381
1463.9574089436298	666.4616709623351	1.0562698359215348	2016.9269323565381
1465.917960404906	667.5184266664018	1.0572416438190244	2017.9269323565381
1467.8803508235678	668.5761543931787	1.0582138813330038	2018.9269323565381
1469.8445809442765	669.6348545722544	1.0591865484067373	2019.9269323565381
1471.8106515115198	670.69452763316	1.0601596449834894	2020.9269323565381
1473.7785632696164	671.7551740053701	1.0611331710065237	2021.9269323565381
1475.7483169627137	672.8167941183028	1.0621071264191044	2022.9269323565381
1477.7199133347926	673.8793884013194	1.0630815111644965	2023.9269323565381
1479.6933531296584	674.9429572837239	1.0640563251859627	2024.9269323565381
1481.6686370909513	676.0075011947642	1.0650315684267686	2025.9269323565381
1483.645765962137	677.0730205636318	1.0660072408301773	2026.9269323565381
1485.6247404865146	678.13951581946	1.0669833423394537	2027.9269323565381
1487.6055614072088	679.2069873913271	1.0679598728978612	2028.9269323565381
1489.5882294671803	680.2754357082532	1.068936832448665	2029.9269323565381
1491.5727454092125	681.3448611992028	1.0699142209351282	2030.9269323565381
1493.559109975925	682.415264293083	1.070892038300516	2031.9269323565381
1495.5473239097619	683.4866454187445	1.0718702844880919	2032.9269323565381
1497.5373879529996	684.5590050049811	1.0728489594411197	2033.9269323565381
1499.5293028477454	685.6323434805297	1.0738280631028643	2034.9269323565381
1501.5230693359326	686.7066612740708	1.0748075954165892	2035.9269323565381
1503.5186881593304	687.781958814228	1.0757875563255594	2036.9269323565381
1505.5161600595316	688.8582365295681	1.0767679457730386	2037.9269323565381
1507.5154857779623	689.9354948486013	1.0777487637022911	2038.9269323565381
1509.516666055877	691.013734199781	1.0787300100565806	2039.9269323565381
1511.5197016343607	692.0929550115039	1.079711684779172	2040.9269323565381
1513.5245932543282	693.1731577121097	1.0806937878133287	2041.9269323565381
1515.5313416565225	694.2543427298822	1.0816763191023153	2042.9269323565381
1517.5399475815188	695.3365104930472	1.0826592785893956	2043.9269323565381
1519.5504117697221	696.4196614297748	1.0836426662178347	2044.9269323565381
1521.5627349613646	697.5037959681777	1.084626481930896	2045.9269323565381
1523.5769178965086	698.5889145363125	1.0856107256718432	2046.9269323565381
1525.5929613150504	699.6750175621785	1.0865953973839415	2047.9269323565381
1527.6108659567108	700.7621054737186	1.0875804970104543	2048.926932356538
1529.6306325610435	701.8501786988186	1.0885660244946462	2049.926932356538
1531.652261867432	702.9392376653083	1.0895519797797812	2050.926932356538
1533.6757546150868	704.0292828009597	1.0905383628091234	2051.926932356538
1535.701111543051	705.1203145334889	1.0915251735259373	2052.926932356538
1537.728333390198	706.212333290555	1.0925124118734866	2053.926932356538
1539.7574208952274	707.3053394997605	1.0935000777950354	2054.926932356538
1541.788374796673	708.3993335886507	1.0944881712338486	2055.926932356538
1543.821195832895	709.4943159847152	1.09547669213319	2056.926932356538
1545.8558847420838	710.5902871153853	1.0964656404363229	2057.926932356538
1547.8924422622622	711.6872474080367	1.0974550160865129	2058.926932356538
1549.9308691312804	712.7851972899882	1.098444819027023	2059.926932356538
1551.971166086818	713.8841371885019	1.099435049201118	2060.926932356538
1554.0133338663868	714.984067530783	1.1004257065520622	2061.926932356538
1556.0573732073258	716.0849887439794	1.101416791023119	2062.926932356538
1558.1032848468053	717.1869012551836	1.102408302557553	2063.926932356538
1560.1510695218262	718.2898054914301	1.1034002410986288	2064.926932356538
1562.200727969216	719.3937018796976	1.1043926065896097	2065.926932356538
1564.252260925636	720.498590846907	1.1053853989737605	2066.926932356538
1566.3056691275742	721.6044728199238	1.1063786181943454	2067.926932356538
1568.3609533113497	722.7113482255555	1.107372264194628	2068.926932356538
1570.418114213112	723.819217490554	1.108366336917873	2069.926932356538
1572.4771525688382	724.9280810416135	1.109360836307344	2070.926932356538
1574.5380691143378	726.0379393053719	1.1103557623063058	2071.926932356538
1576.600864585248	727.1487927084104	1.1113511148580222	2072.926932356538
1578.665539717038	728.260641677253	1.1123468939057575	2073.926932356538
1580.7320952450036	729.3734866383683	1.1133430993927755	2074.926932356538
1582.800531904275	730.4873280181662	1.114339731262341	2075.926932356538
1584.8708504298056	731.6021662430015	1.1153367894577175	2076.926932356538
1586.943051556386	732.7180017391714	1.1163342739221698	2077.926932356538
1589.017136018632	733.8348349329168	1.1173321845989617	2078.926932356538
1591.0931045509894	734.9526662504213	1.1183305214313572	2079.926932356538
1593.1709578877353	736.0714961178124	1.1193292843626208	2080.926932356538
1595.2506967629758	737.1913249611605	1.1203284733360164	2081.926932356538
1597.3323219106476	738.3121532064796	1.1213280882948087	2082.926932356538
1599.4158340645145	739.4339812797263	1.1223281291822607	2083.926932356538
1601.5012339581751	740.5568096068014	1.123328595941638	2084.926932356538
1603.5885223250516	741.6806386135479	1.1243294885162034	2085.926932356538
1605.6776998984026	742.8054687257533	1.1253308068492225	2086.926932356538
1607.76876741131	743.9313003691469	1.126332550883958	2087.926932356538
1609.86172559669	745.0581339694027	1.127334720563675	2088.926932356538
1611.956575187288	746.185969952137	1.1283373158316379	2089.926932356538
1614.053316915676	747.3148087429098	1.1293403366311094	2090.926932356538
1616.151951514261	748.4446507672244	1.1303437829053558	2091.926932356538
1618.2524797152737	749.5754964505267	1.1313476545976389	2092.926932356538
1620.354902250782	750.7073462182066	1.132351951651225	2093.926932356538
1622.4592198526757	751.8402004955971	1.1333566740093768	2094.926932356538
1624.5654332526804	752.9740597079746	1.1343618216153595	2095.926932356538
1626.6735431823465	754.1089242805583	1.1353673944124358	2096.926932356538
1628.7835503730614	755.2447946385112	1.136373392343872	2097.926932356538
1630.8954555560322	756.3816712069387	1.13737981535293	2098.926932356538
1633.0092594623068	757.5195544108906	1.1383866633828756	2099.926932356538
1635.1249628227542	758.658444675359	1.1393939363769725	2100.926932356538
1637.2425663680772	759.7983424252803	1.1404016342784844	2101.926932356538
1639.3620708288083	760.9392480855329	1.141409757030676	2102.926932356538
1641.4834769353083	762.0811620809396	1.1424183045768113	2103.926932356538
1643.6067854177697	763.2240848362655	1.1434272768601546	2104.926932356538
1645.7319970062115	764.3680167762201	1.1444366738239693	2105.926932356538