9.742712e-8	7.78799e-13	1.047129e-10	930.428808666363
9.969651e-8	8.092866e-13	1.0715190000000001e-10	930.4297850677403
1.020188e-7	8.409501e-13	1.096478e-10	930.4303501766565
1.043951e-7	8.73834e-13	1.1220180000000002e-10	930.4304728979391
1.068268e-7	9.079846e-13	1.148154e-10	930.4301338026083
1.093151e-7	9.434498e-13	1.174898e-10	930.4300752048265
1.118614e-7	9.802794e-13	1.202264e-10	930.4310890070733
1.14467e-7	1.018525e-12	1.230269e-10	930.4308124889759
1.171333e-7	1.05824e-12	1.258925e-10	930.4315844073315
1.198618e-7	1.09948e-12	1.28825e-10	930.4319773335923
1.226537e-7	1.142303e-12	1.318257e-10	930.4319438698221
1.255107e-7	1.186768e-12	1.348963e-10	930.4323896800727
1.284343e-7	1.232937e-12	1.380384e-10	930.4333644623524
1.314259e-7	1.280874e-12	1.412538e-10	930.4328865772108
1.344873e-7	1.330647e-12	1.4454399999999998e-10	930.4338516091987
1.376199e-7	1.382322e-12	1.479108e-10	930.4343044726957
1.408255e-7	1.435974e-12	1.513561e-10	930.4344917317505
1.441058e-7	1.491674e-12	1.548817e-10	930.4345941063405
1.474625e-7	1.549501e-12	1.584893e-10	930.435363781656
1.508974e-7	1.609534e-12	1.62181e-10	930.4358065001448
1.544122e-7	1.671855e-12	1.6595870000000001e-10	930.4355351964074
1.58009e-7	1.736551e-12	1.698244e-10	930.4360065514733
1.616896e-7	1.80371e-12	1.737801e-10	930.43682049901
1.654558e-7	1.873423e-12	1.7782789999999997e-10	930.4370878979058
1.693098e-7	1.945787e-12	1.8197010000000002e-10	930.4371750468895
1.732536e-7	2.0209e-12	1.862087e-10	930.4378415186832
1.772893e-7	2.098865e-12	1.905461e-10	930.4383499058758
1.814189e-7	2.179788e-12	1.9498450000000002e-10	930.4384696629733
1.856447e-7	2.263778e-12	1.9952619999999999e-10	930.4390289495815
1.89969e-7	2.350951e-12	2.041738e-10	930.4394146114731
1.94394e-7	2.441423e-12	2.089296e-10	930.4399253289146
1.989221e-7	2.535318e-12	2.1379620000000003e-10	930.4404630110357
2.035557e-7	2.632763e-12	2.187762e-10	930.4409381047847
2.082971e-7	2.733888e-12	2.238721e-10	930.441238046188
2.131491e-7	2.838831e-12	2.290868e-10	930.4418186949225
2.18114e-7	2.947732e-12	2.344229e-10	930.4421527589667
2.231946e-7	3.060738e-12	2.398833e-10	930.4426808285529
2.2839360000000003e-7	3.178e-12	2.454709e-10	930.4433967529349
2.337136e-7	3.299676e-12	2.511886e-10	930.443896243699
2.391576e-7	3.425927e-12	2.570396e-10	930.4442814531302
2.447283e-7	3.556923e-12	2.630268e-10	930.4445665726839
2.504289e-7	3.692838e-12	2.691535e-10	930.4452397535234
2.562622e-7	3.833852e-12	2.754229e-10	930.445630526728
2.622314e-7	3.980154e-12	2.818383e-10	930.4462174019641
2.683397e-7	4.131936e-12	2.884032e-10	930.4467909371325
2.745902e-7	4.289401e-12	2.951209e-10	930.4474518781965
2.809863e-7	4.452756e-12	3.019952e-10	930.4477447191213
2.875314e-7	4.622216e-12	3.090295e-10	930.448459503057
2.94229e-7	4.798006e-12	3.162278e-10	930.4488663109314
3.010826e-7	4.980355e-12	3.2359370000000006e-10	930.4494505146422
3.080958e-7	5.169504e-12	3.3113109999999996e-10	930.4501132753766
3.152724e-7	5.3657e-12	3.3884420000000004e-10	930.4505306568625
3.226162e-7	5.5692e-12	3.4673690000000003e-10	930.4512130090568
3.30131e-7	5.780271e-12	3.548134e-10	930.4518382648456
3.378209e-7	5.999186e-12	3.6307810000000007e-10	930.4524265881088
3.456899e-7	6.226231e-12	3.715352e-10	930.4532282028728
3.537422e-7	6.461702e-12	3.801894e-10	930.4537730457502
3.619821e-7	6.705902e-12	3.890451e-10	930.4546077100059
3.704139e-7	6.95915e-12	3.9810719999999997e-10	930.4550612247153
3.790421e-7	7.221772e-12	4.0738029999999993e-10	930.4556989427324
3.878713e-7	7.494107e-12	4.168694e-10	930.456382999088
3.969062e-7	7.776505e-12	4.265795e-10	930.4572219363565
4.061515e-7	8.069331e-12	4.365158e-10	930.4578879641928
4.156121e-7	8.372959e-12	4.466836e-10	930.4583220852522
4.252932e-7	8.68778e-12	4.570882e-10	930.4591275381862
4.351997e-7	9.014195e-12	4.677351000000001e-10	930.459814102042
4.453371e-7	9.352621e-12	4.786301e-10	930.4606054257767
4.557105e-7	9.703489e-12	4.897788e-10	930.4612684113728
4.6632559999999994e-7	1.006725e-11	5.011871999999999e-10	930.4620454193562
4.77188e-7	1.044435e-11	5.128614e-10	930.4627806849962
4.883034e-7	1.083529e-11	5.248075e-10	930.4635228917269
4.996777e-7	1.124055e-11	5.370318e-10	930.4643422419305
5.113169e-7	1.166065e-11	5.495409e-10	930.4649765831806
5.232273e-7	1.209611e-11	5.623413e-10	930.465886304278
5.354151e-7	1.254748e-11	5.754399000000001e-10	930.4666698989764
5.478868e-7	1.301533e-11	5.888436999999999e-10	930.4673130238125
5.606491e-7	1.350025e-11	6.025595999999999e-10	930.4682893609197
5.737086e-7	1.400285e-11	6.16595e-10	930.469113194236
5.870723e-7	1.452374e-11	6.309573e-10	930.4699759238857
6.007473e-7	1.506358e-11	6.456542e-10	930.4707745725187
6.147409e-7	1.562305e-11	6.606934000000001e-10	930.4717181222031
6.290604e-7	1.620283e-11	6.760829999999999e-10	930.4724461789453
6.437135e-7	1.680365e-11	6.918309999999999e-10	930.4733434176845
6.587079e-7	1.742624e-11	7.079458e-10	930.4742343834796
6.740516e-7	1.807139e-11	7.244359999999999e-10	930.4751163525833
6.897527e-7	1.873987e-11	7.413102e-10	930.4761216964235
7.058195e-7	1.943253e-11	7.585775999999999e-10	930.4768985137447
7.222606e-7	2.01502e-11	7.762471000000001e-10	930.4778725743387
7.390847e-7	2.089377e-11	7.943281999999999e-10	930.4788546724138
7.563007e-7	2.166414e-11	8.128305e-10	930.4798037721271
7.739177e-7	2.246226e-11	8.317638000000001e-10	930.4806992802523
7.919451e-7	2.32891e-11	8.51138e-10	930.4817657066186
8.103925e-7	2.414567e-11	8.709636e-10	930.482795917074
8.292695e-7	2.5033e-11	8.912509e-10	930.4838098901218
8.485863e-7	2.595218e-11	9.120107999999999e-10	930.4848716484498
8.68353e-7	2.690431e-11	9.332542999999998e-10	930.4858325431771
8.885802e-7	2.789054e-11	9.549926e-10	930.486886013567
9.092785e-7	2.891207e-11	9.772372e-10	930.4879225535009
9.304590000000001e-7	2.997011e-11	1.0000000000000003e-9	930.48897011
9.521329e-7	3.106595e-11	1.023293e-9	930.4900609600573
9.743117e-7	3.220089e-11	1.047129e-9	930.4907999778443
9.970071e-7	3.33763e-11	1.071519e-9	930.4925776397806
1.020231e-6	3.459357e-11	1.096478e-9	930.4934468087824
1.043996e-6	3.585415e-11	1.122018e-9	930.4947462072801
1.068315e-6	3.715955e-11	1.148154e-9	930.4955254695799
1.0932e-6	3.851132e-11	1.174898e-9	930.4965293327591
1.118665e-6	3.991105e-11	1.202264e-9	930.4985519403393
1.144723e-6	4.13604e-11	1.230269e-9	930.4992326068526
1.171388e-6	4.286109e-11	1.2589250000000002e-9	930.5009123577655
1.198674e-6	4.441488e-11	1.28825e-9	930.5013893887057
1.226596e-6	4.60236e-11	1.3182569999999998e-9	930.5029471491522
1.255168e-6	4.768913e-11	1.348963e-9	930.5041644062884
1.284406e-6	4.941343e-11	1.380384e-9	930.5058689683452
1.314324e-6	5.119851e-11	1.412538e-9	930.5060809054341
1.34494e-6	5.304646e-11	1.4454400000000001e-9	930.5076976284039
1.376269e-6	5.495944e-11	1.479108e-9	930.5094417987057
1.408328e-6	5.693966e-11	1.513561e-9	930.51085464015
1.441133e-6	5.898942e-11	1.548817e-9	930.5114738668287
1.474703e-6	6.11111e-11	1.584893e-9	930.5133602710088
1.509055e-6	6.330715e-11	1.62181e-9	930.5148612661162
1.544207e-6	6.558011e-11	1.659587e-9	930.5161947580934
1.580177e-6	6.79326e-11	1.6982440000000002e-9	930.5170120430279
1.616986e-6	7.036732e-11	1.7378010000000003e-9	930.5187229838168
1.654652e-6	7.288706e-11	1.778279e-9	930.520400375869
1.693196e-6	7.549472e-11	1.819701e-9	930.5218245854677
1.732637e-6	7.819327e-11	1.8620869999999998e-9	930.523221133062
1.772997e-6	8.098581e-11	1.905461e-9	930.5244168261643
1.814298e-6	8.38755e-11	1.949845e-9	930.5262087499264
1.85656e-6	8.686564e-11	1.995262e-9	930.5278533044784
1.8998069999999998e-6	8.995962e-11	2.041738e-9	930.5292645873271
1.944061e-6	9.316096e-11	2.089296e-9	930.5307438295005
1.989346e-6	9.647326e-11	2.1379620000000006e-9	930.5321952682041
2.035687e-6	9.990029e-11	2.187762e-9	930.5339887474048
2.083106e-6	1.034459e-10	2.238721e-9	930.5355360940467
2.13163e-6	1.071141e-10	2.290868e-9	930.536859434939
2.181285e-6	1.109089e-10	2.344229e-9	930.5387438257952
2.232096e-6	1.148347e-10	2.398833e-9	930.5403230237371
2.284091e-6	1.188959e-10	2.454709e-9	930.5420299921495
2.337297e-6	1.230969e-10	2.511886e-9	930.5438610271327
2.391743e-6	1.274425e-10	2.5703959999999997e-9	930.545504467016
2.447457e-6	1.319375e-10	2.630268e-9	930.5473577217227
2.504468e-6	1.365869e-10	2.691535e-9	930.5487712030496
2.562808e-6	1.413959e-10	2.754229e-9	930.5505809066713
2.622507e-6	1.463698e-10	2.818383e-9	930.5525082290093
2.683597e-6	1.515141e-10	2.8840319999999994e-9	930.5543468657769
2.746109e-6	1.568345e-10	2.9512089999999995e-9	930.5562006960538
2.810078e-6	1.623369e-10	3.019952e-9	930.5579482389123
2.875537e-6	1.680272e-10	3.0902949999999996e-9	930.5600362424946
2.942521e-6	1.739118e-10	3.162278e-9	930.5617380255626
3.011065e-6	1.799971e-10	3.235937e-9	930.5635422135845
3.081206e-6	1.862899e-10	3.311311e-9	930.5656550834398
3.152981e-6	1.927969e-10	3.388442e-9	930.5674398145223
3.226428e-6	1.995252e-10	3.467369e-9	930.5694101781495
3.301586e-6	2.064823e-10	3.548134e-9	930.5715292319851
3.378494e-6	2.136757e-10	3.630781e-9	930.5732501354393
3.457195e-6	2.211132e-10	3.7153519999999994e-9	930.575652912564
3.537728e-6	2.288028e-10	3.801894e-9	930.5774445052913
3.620138e-6	2.36753e-10	3.890451e-9	930.579707339843
3.704468e-6	2.449722e-10	3.981072e-9	930.5817559190086
3.790762e-6	2.534695e-10	4.073803e-9	930.5838965458075
3.879066e-6	2.622538e-10	4.168694e-9	930.5859949902775
3.969427e-6	2.713348e-10	4.265795000000001e-9	930.5881634724594
4.061893e-6	2.807222e-10	4.365158e-9	930.5903067426196
4.156514e-6	2.90426e-10	4.466836e-9	930.5925773858721
4.253338e-6	3.004567e-10	4.570882e-9	930.5946766291495
4.352418e-6	3.108249e-10	4.677351e-9	930.5970034962097
4.453806e-6	3.215419e-10	4.786301e-9	930.599129035136
4.538835e-6	3.306119e-10	4.877671e-9	930.6010208355586
4.675023e-6	3.30612e-10	5.024015000107458e-9	930.601045558184
4.772363e-6	3.407815e-10	5.128614e-9	930.6030404120879
4.883534e-6	3.525066e-10	5.248075000000001e-9	930.6053184453347
4.997294e-6	3.646249e-10	5.370318e-9	930.6075775959636
5.113705e-6	3.771492e-10	5.4954089999999994e-9	930.6099235197962
5.232827e-6	3.900928e-10	5.623413e-9	930.6122621262211
5.354725e-6	4.034695e-10	5.754399e-9	930.6147296181581
5.479462e-6	4.172934e-10	5.888437e-9	930.6169520706429
5.607105e-6	4.31579e-10	6.025596000000001e-9	930.6194074411893
5.737721e-6	4.463415e-10	6.16595e-9	930.6217762875144
5.871381e-6	4.615965e-10	6.309573e-9	930.6244014452324
6.008154e-6	4.773598e-10	6.456542e-9	930.6268525473853
6.148113e-6	4.936482e-10	6.606933999999999e-9	930.6293430810722
6.291332e-6	5.104787e-10	6.76083e-9	930.631664854759
6.437888e-6	5.278688e-10	6.918310000000001e-9	930.634196617382
6.587859e-6	5.458369e-10	7.079458e-9	930.6368986015597
6.741322e-6	5.644017e-10	7.24436e-9	930.6393389754237
6.898361e-6	5.835826e-10	7.413102e-9	930.642068947655
7.059059e-6	6.033995e-10	7.585776e-9	930.6447223725035
7.2235e-6	6.238732e-10	7.762471e-9	930.6474540387977
7.391771e-6	6.450248e-10	7.943282e-9	930.6500795011433
7.563963e-6	6.668763e-10	8.128305e-9	930.6528084637573
7.740166e-6	6.894505e-10	8.317637999999998e-9	930.6554878320024
7.920474e-6	7.127707e-10	8.51138e-9	930.6583386830338
8.104983e-6	7.36861e-10	8.709636e-9	930.6611505922866
8.293789e-6	7.617464e-10	8.912509e-9	930.6639405805929
8.486994e-6	7.874525e-10	9.120108e-9	930.6667697904454
8.684701e-6	8.140058e-10	9.332543e-9	930.669701259346
8.887013e-6	8.414337e-10	9.549926e-9	930.6725972222193
9.094038e-6	8.697645e-10	9.772371999999998e-9	930.6755580426126
9.305886e-6	8.990271e-10	1.e-8	930.67850271
9.522669e-6	9.292518e-10	1.023293e-8	930.6814618882372
9.744502e-6	9.604694e-10	1.047129e-8	930.6840388720016
9.971504e-6	9.927119e-10	1.071519e-8	930.6878097261924
0.00001020379	1.026012e-9	1.0964780000000002e-8	930.6904481439664
0.00001044149	1.060405e-9	1.1220179999999998e-8	930.6936613316362
0.00001068473	1.095924e-9	1.148154e-8	930.6962240256969
0.00001093364	1.132607e-9	1.174898e-8	930.6997379346973
0.00001118834	1.170491e-9	1.202264e-8	930.7032807270284
0.00001144898	1.209614e-9	1.230269e-8	930.7061800305462
0.00001171569	1.250016e-9	1.258925e-8	930.7099323629286
0.00001198861	1.291738e-9	1.28825e-8	930.7123413933631
0.00001226789	1.334822e-9	1.318257e-8	930.7156967116427
0.00001255368	1.379313e-9	1.3489630000000002e-8	930.7193238806401
0.00001284613	1.425255e-9	1.3803840000000001e-8	930.7232809855808
0.00001314539	1.472695e-9	1.4125379999999998e-8	930.7263022304534
0.00001345162	1.52168e-9	1.44544e-8	930.729859419969
0.00001376498	1.57226e-9	1.479108e-8	930.733405539014
0.00001408565	1.624487e-9	1.513561e-8	930.7371481559052
0.00001441378	1.678413e-9	1.548817e-8	930.7399397733883
0.00001474956	1.734091e-9	1.584893e-8	930.7438477550221
0.00001509316	1.791579e-9	1.6218099999999996e-8	930.7472255689632
0.00001544477	1.850934e-9	1.6595870000000003e-8	930.7508997117957
0.00001580457	1.912216e-9	1.6982440000000004e-8	930.7544861633544
0.00001617275	1.975486e-9	1.737801e-8	930.7582102899008
0.00001654951	2.040808e-9	1.778279e-8	930.7623161494905
0.00001693504	2.108247e-9	1.819701e-8	930.7654525111543
0.00001732956	2.17787e-9	1.8620870000000003e-8	930.7695005657631
0.00001773327	2.249748e-9	1.9054609999999996e-8	930.7731697473735
0.00001814639	2.323952e-9	1.949845e-8	930.7772644492253
0.00001856912	2.400556e-9	1.995262e-8	930.7810481029559
0.00001900171	2.479638e-9	2.041738e-8	930.7849311713843
0.00001944438	2.561274e-9	2.089296e-8	930.7891880327153
0.00001989735	2.645548e-9	2.137962e-8	930.7927618919325
0.00002036089	2.732543e-9	2.187762e-8	930.7969762250191
0.00002083522	2.822346e-9	2.238721e-8	930.801218463578
0.0000213206	2.915045e-9	2.290868e-8	930.8050505310651
0.00002181729	3.010733e-9	2.344229e-8	930.8092653490764
0.00002232555	3.109505e-9	2.398833e-8	930.8134207341653
0.00002284565	3.211459e-9	2.4547090000000004e-8	930.8175208955521
0.00002337787	3.316696e-9	2.5118860000000003e-8	930.8219678759307
0.00002392249	3.42532e-9	2.5703959999999997e-8	930.8260408123884
0.0000244798	3.53744e-9	2.6302680000000005e-8	930.8305252544607
0.00002505009	3.653165e-9	2.691535e-8	930.8347528454952
0.00002563367	3.77261e-9	2.754229e-8	930.8391789498985
0.00002623084	3.895894e-9	2.8183830000000005e-8	930.8435331181034
0.00002684193	4.023137e-9	2.8840320000000005e-8	930.8479634414597
0.00002746725	4.154466e-9	2.9512090000000002e-8	930.852557917789
0.00002810714	4.29001e-9	3.019952e-8	930.8568483869942
0.00002876195	4.429903e-9	3.090295e-8	930.8619372260578
0.000029432	4.574283e-9	3.162278e-8	930.8661124354026
0.00003011767	4.723291e-9	3.235937e-8	930.8708201364859
0.00003081931	4.877074e-9	3.311311e-8	930.8756282330471
0.0000315373	5.035783e-9	3.388442e-8	930.8802034386305
0.00003227202	5.199575e-9	3.4673690000000004e-8	930.8850478561699
0.00003302385	5.36861e-9	3.548134e-8	930.8898313874276
0.00003379321	5.543054e-9	3.630781000000001e-8	930.8948420188383
0.00003458048	5.723078e-9	3.715352e-8	930.8997661056071
0.0000353861	5.908859e-9	3.801894e-8	930.9046716978434
0.00003621049	6.100579e-9	3.890451e-8	930.9098245678972
0.00003705408	6.298425e-9	3.981072e-8	930.9145482674014
0.00003791733	6.502591e-9	4.073803e-8	930.9196490601042
0.0000388007	6.713277e-9	4.168694e-8	930.9249677956693
0.00003970464	6.930689e-9	4.265795e-8	930.9301241386424
0.00004062964	7.155039e-9	4.3651580000000004e-8	930.9352614269632
0.0000415762	7.386547e-9	4.466836000000001e-8	930.9405258442439
0.00004254481	7.625437e-9	4.570882e-8	930.9458313953413
0.00004353598	7.871944e-9	4.677351000000001e-8	930.9511290471894
0.00004455025	8.126309e-9	4.786301e-8	930.9564172625165
0.00004558815	8.388777e-9	4.897787999999999e-8	930.9618704811234
0.00004665024	8.659607e-9	5.011872e-8	930.9675029011116
0.00004773706	8.93906e-9	5.1286140000000005e-8	930.9727552122268
0.00004884922	9.22741e-9	5.248074999999999e-8	930.9784522896492
0.00004998728	9.524937e-9	5.370317999999999e-8	930.984067181869
0.00005115186	9.831929e-9	5.495409e-8	930.9897030230143
0.00005234357	1.014869e-8	5.623413e-8	930.9954415583561
0.00005356305	1.047552e-8	5.7543990000000006e-8	931.0012308844068
0.00005481094	1.081274e-8	5.888436999999999e-8	931.0068654890932
0.00005608791	1.116067e-8	6.025596e-8	931.0128105170013
0.000057394629999999996	1.151966e-8	6.16595e-8	931.0187345015772
0.00005873179	1.189006e-8	6.309573e-8	931.0246519059214
0.00006010011	1.227221e-8	6.456542e-8	931.0306075605178
0.00006150031	1.26665e-8	6.606934e-8	931.0366427150628
0.00006293314	1.30733e-8	6.76083e-8	931.0426870665287
0.00006439935	1.349302e-8	6.91831e-8	931.0488113426546
0.00006589972	1.392604e-8	7.079457999999999e-8	931.0549768075465
0.00006743505	1.43728e-8	7.24436e-8	931.0611675841619
0.00006900616	1.483373e-8	7.413102e-8	931.0676384865607
0.00007061387	1.530926e-8	7.585776e-8	931.0738843329938
0.00007225904	1.579987e-8	7.762470999999999e-8	931.0803205577195
0.00007394254	1.630602e-8	7.943281999999999e-8	931.0867475182173
0.00007566527	1.682821e-8	8.128305e-8	931.0932378890802
0.00007742814	1.736693e-8	8.317638000000002e-8	931.0997536800711
0.00007923208	1.792272e-8	8.51138e-8	931.1063860384567
0.00008107806	1.849609e-8	8.709636e-8	931.1130349190254
0.00008296705	1.908762e-8	8.912509e-8	931.1198184484302
0.00008490005	1.969786e-8	9.120108000000001e-8	931.1265596854773
0.00008687809	2.03274e-8	9.332543e-8	931.1333191821351
0.00008890223	2.097686e-8	9.549926000000002e-8	931.1402712439865
0.00009097352	2.164686e-8	9.772372e-8	931.1471857600181
0.00009309308	2.233804e-8	9.999999999999998e-8	931.1541804000001
0.00009526202	2.305107e-8	1.0232929999999999e-7	931.1611734859908
0.00009748151	2.378664e-8	1.0471290000000001e-7	931.1679519906335
0.0000997527	2.454544e-8	1.071519e-7	931.1756995442918
0.0001020768	2.532822e-8	1.0964780000000002e-7	931.1826431538069
0.0001044551	2.613572e-8	1.1220180000000002e-7	931.1903705644651
0.0001068888	2.696873e-8	1.148154e-7	931.1971105792429
0.0001093792	2.782803e-8	1.174898e-7	931.2044792824568
0.0001119276	2.871447e-8	1.202264e-7	931.2123998556058
0.0001145354	2.962888e-8	1.230269e-7	931.2193421113595
0.000117204	3.057214e-8	1.2589249999999996e-7	931.2276119705305
0.0001199348	3.154517e-8	1.28825e-7	931.2349712400544
0.0001227291	3.254889e-8	1.318257e-7	931.242154526773
0.0001255886	3.358427e-8	1.348963e-7	931.2500362871333
0.0001285148	3.465231e-8	1.3803839999999998e-7	931.2586375240514
0.0001315091	3.575401e-8	1.412538e-7	931.265948314311
0.0001345732	3.689045e-8	1.44544e-7	931.2741480102943
0.0001377086	3.806271e-8	1.479108e-7	931.281980152903
0.0001409172	3.927191e-8	1.513561e-7	931.2903273141949
0.0001442005	4.051922e-8	1.548817e-7	931.2980114500293
0.0001475603	4.180582e-8	1.584893e-7	931.3064403716844
0.0001509984	4.313295e-8	1.62181e-7	931.314598812438
0.0001522496	4.361852e-8	1.6352440000000002e-7	931.3180083216938
0.0001581168	4.397829e-8	1.698244e-7	931.3195176311532
0.0001618009	4.537383e-8	1.7378009999999998e-7	931.3280049326708
0.0001655708	4.681333e-8	1.778279e-7	931.336496297825
0.0001694285	4.829814e-8	1.8197010000000003e-7	931.3442051194124
0.0001733762	4.982969e-8	1.862087e-7	931.3529909719579
0.0001774158	5.140945e-8	1.905461e-7	931.3610168352959
0.0001815496	5.303892e-8	1.949845e-7	931.3696161489759
0.0001857796	5.471966e-8	1.995262e-7	931.378032859845
0.0001901083	5.645329e-8	2.0417380000000003e-7	931.3866582783883
0.0001945378	5.824145e-8	2.089296e-7	931.3952711822548
0.0001990706	6.008585e-8	2.1379619999999998e-7	931.4042337983557
0.000203709	6.198825e-8	2.1877620000000004e-7	931.4129610533503
0.0002084554	6.395048e-8	2.238721e-7	931.421782705393
0.0002133125	6.597441e-8	2.290868e-7	931.4306822130301
0.0002182827	6.806196e-8	2.3442290000000002e-7	931.4395562890827
0.0002233688	7.021512e-8	2.398833e-7	931.4488133188096
0.0002285734	7.243597e-8	2.454709e-7	931.458009768164
0.0002338992	7.47266e-8	2.511886e-7	931.4671390341758
0.0002393492	7.708921e-8	2.570396e-7	931.4762752898774
0.0002449262	7.952605e-8	2.630268e-7	931.4857879501252
0.0002506332	8.203945e-8	2.691535e-7	931.4953714144532
0.0002564731	8.463179e-8	2.754229e-7	931.5047216117468
0.0002624491	8.730556e-8	2.818383e-7	931.5142958213982
0.0002685644	9.006329e-8	2.884032e-7	931.5238641249474
0.0002748222	9.290762e-8	2.951209e-7	931.5338480602355
0.0002812258	9.584125e-8	3.019952e-7	931.5434193987189
0.0002877787	9.886699e-8	3.090295e-7	931.5536768819806
0.0002944843	1.019877e-7	3.1622779999999993e-7	931.5635364759203
0.0003013461	1.052064e-7	3.235937e-7	931.5734713005846
0.0003083678	1.085261e-7	3.311311e-7	931.5836721467721
0.0003155532	1.119499e-7	3.388442e-7	931.5937823341818
0.000322906	1.154813e-7	3.4673689999999997e-7	931.603995132909
0.0003304302	1.191234e-7	3.548134e-7	931.6145427427488
0.0003381298	1.228797e-7	3.630781e-7	931.6251233550028
0.0003460087	1.267539e-7	3.715352e-7	931.6356940069205
0.0003540713	1.307497e-7	3.801894e-7	931.646304973258
0.0003623218	1.348707e-7	3.890451e-7	931.6572055527752
0.0003707645	1.39121e-7	3.9810719999999996e-7	931.6677040756862
0.000379404	1.435046e-7	4.073803e-7	931.6785927056364
0.0003882449	1.480256e-7	4.1686939999999994e-7	931.6896985002976
0.0003972918	1.526884e-7	4.2657950000000004e-7	931.7008632622992
0.0004065495	1.574974e-7	4.365158e-7	931.7119733123062
0.000416023	1.624571e-7	4.466836e-7	931.7231640024393
0.0004257172	1.675723e-7	4.570882e-7	931.7343398932635
0.0004356374	1.728478e-7	4.677351e-7	931.7458702586143
0.0004457888	1.782886e-7	4.786301e-7	931.7572977545709
0.0004561768	1.839e-7	4.897788e-7	931.7689944930241
0.0004668068	1.896872e-7	5.011872000000001e-7	931.7805546510366
0.0004776847	1.956557e-7	5.128614e-7	931.7924018068038
0.000488816	2.018113e-7	5.248074999999999e-7	931.80415923934
0.0005002068	2.081596e-7	5.370318e-7	931.8162529667703
0.000511863	2.147069e-7	5.495409e-7	931.8281985926798
0.0005237909	2.214592e-7	5.623413e-7	931.8404307135186
0.0005359968	2.28423e-7	5.754399e-7	931.8526973885542
0.0005484872	2.35605e-7	5.888437e-7	931.864949900967
0.0005612686	2.430119e-7	6.025596e-7	931.8772979469582
0.000574348	2.506507e-7	6.165950000000001e-7	931.8898964474249
0.0005877322	2.585287e-7	6.309573e-7	931.9025688426141
0.0006014284	2.666534e-7	6.456542e-7	931.9153401309865
0.0006154438	2.750324e-7	6.606934e-7	931.9282323692048
0.0006297858	2.836738e-7	6.76083e-7	931.9410099055883
0.0006444621	2.925858e-7	6.918309999999999e-7	931.9540260554962
0.0006594805	3.017767e-7	7.079458e-7	931.9672165581036
0.0006748489	3.112553e-7	7.244360000000001e-7	931.9804030997907
0.0006905755	3.210305e-7	7.413102e-7	931.9938272804017
0.0007066687	3.311117e-7	7.585776e-7	932.0072352518714
0.0007231369	3.415085e-7	7.762470999999999e-7	932.0207553754467
0.000739989	3.522305e-7	7.943282000000001e-7	932.0344292195593
0.0007707905	3.569864e-7	8.273756e-7	932.0404014815036
0.0007748804	3.595303e-7	8.317637999999999e-7	932.0433641137063
0.0007929382	3.708164e-7	8.51138e-7	932.0568655141705
0.0008114169	3.824555e-7	8.709635999999999e-7	932.07035919756
0.0008303263	3.944589e-7	8.912509000000001e-7	932.0840617383948
0.0008420832	4.019687e-7	9.038643999999999e-7	932.0924341084792
0.0008694773	4.088093e-7	9.332543e-7	932.0997602689856
0.0008897397	4.216374e-7	9.549926e-7	932.1133351190365
0.0009104744	4.348669e-7	9.772372e-7	932.1270894108411
0.0009316923	4.485103e-7	1.e-6	932.1408103
0.0009534047999999999	4.625804e-7	1.023293e-6	932.154700950754
0.0009756234	4.770906e-7	1.047129e-6	932.1683294035405
0.0009983599	4.920546e-7	1.071519e-6	932.1831480356392
0.001021626	5.074866e-7	1.096478e-6	932.1969858036367
0.001045435	5.234013e-7	1.122018e-6	932.2117838572999
0.001069799	5.398137e-7	1.1481539999999999e-6	932.2258283296492
0.00109473	5.567393e-7	1.174898e-6	932.2398534170626
0.001120243	5.741942e-7	1.2022639999999998e-6	932.2554731739451
0.00114635	5.921948e-7	1.230269e-6	932.2694425365507
0.001173066	6.107583e-7	1.2589250000000002e-6	932.2848925074964
0.001200405	6.299022e-7	1.28825e-6	932.2995553658066
0.001228381	6.496446e-7	1.3182569999999998e-6	932.3149011156398
0.001257009	6.700042e-7	1.348963e-6	932.3302449362956
0.001286304	6.910003e-7	1.3803840000000001e-6	932.3456373733686
0.001316283	7.126527e-7	1.4125380000000002e-6	932.3612198043521
0.00134696	7.34982e-7	1.44544e-6	932.3769800199246
0.001378352	7.580093e-7	1.479108e-6	932.3930431719658
0.001410476	7.817563e-7	1.513561e-6	932.4089060830717
0.001443348	8.062455e-7	1.5488170000000002e-6	932.4240665617693
0.001476987	8.315002e-7	1.584893e-6	932.4405497405818
0.00151141	8.575441e-7	1.62181e-6	932.4566651457322
0.001546636	8.84402e-7	1.6595870000000002e-6	932.4732008626243
0.001582683	9.120992e-7	1.6982439999999998e-6	932.4897359861128
0.00161957	9.406619e-7	1.7378009999999997e-6	932.5064618445956
0.001657316	9.701172e-7	1.7782789999999998e-6	932.523027713874
0.001695943	1.000493e-6	1.8197010000000002e-6	932.5397375722715
0.001735471	1.031818e-6	1.8620869999999998e-6	932.5572961950758
0.001739608	1.03511e-6	1.866524e-6	932.5586544828782
0.00181731	1.051185e-6	1.949845e-6	932.567042508507
0.001859665	1.084093e-6	1.995262e-6	932.5838376113012
0.001903008	1.11803e-6	2.041738e-6	932.6005736289377
0.001947361	1.153027e-6	2.089296e-6	932.6175070454354
0.001992748	1.189118e-6	2.137962e-6	932.6344986487131
0.002039193	1.226336e-6	2.1877619999999994e-6	932.6514200356346
0.002086721	1.264716e-6	2.238721e-6	932.6690177114523
0.002135357	1.304296e-6	2.290868e-6	932.6863424693173
0.002185127	1.345112e-6	2.3442290000000005e-6	932.7041479309399
0.002236057	1.387203e-6	2.398833e-6	932.721953966783
0.002288174	1.430608e-6	2.4547090000000004e-6	932.7397292306338
0.002341506	1.47537e-6	2.511886e-6	932.7578441059826
0.002396082	1.52153e-6	2.5703960000000003e-6	932.7759341362187
0.00245193	1.569131e-6	2.630268e-6	932.7943506137017
0.00250908	1.618219e-6	2.691535e-6	932.812770036429
0.002567562	1.66884e-6	2.7542290000000004e-6	932.8312351659937
0.002627408	1.721042e-6	2.818383e-6	932.850163373821
0.002688649	1.774875e-6	2.8840319999999994e-6	932.8689400811087
0.002751317	1.830388e-6	2.951209e-6	932.8879750637791
0.002815447	1.887635e-6	3.019952e-6	932.9070909074052
0.002881072	1.94667e-6	3.090295e-6	932.9266849928567
0.002948227	2.007549e-6	3.1622780000000004e-6	932.9459803976753
0.003016947	2.070328e-6	3.235937e-6	932.9654217619192
0.00308727	2.135068e-6	3.311311e-6	932.9854755412584
0.003159232	2.201829e-6	3.388442e-6	933.0051477935878
0.003232872	2.270675e-6	3.467369e-6	933.0252058549291
0.003308229	2.34167e-6	3.548134e-6	933.0455585950249
0.003385343	2.414882e-6	3.630781e-6	933.0658836211823
0.003464255	2.49038e-6	3.715352e-6	933.0866577379478
0.003545007	2.568235e-6	3.801894e-6	933.1073499155948
0.003627641	2.648521e-6	3.890451e-6	933.1281954200168
0.003712203	2.731313e-6	3.981072e-6	933.1492404558369
0.003798736	2.81669e-6	4.073803e-6	933.170477315668
0.003887286	2.904733e-6	4.168694e-6	933.191722155668
0.003977901	2.995524e-6	4.265795e-6	933.2132753683661
0.004070629	3.089149e-6	4.365158e-6	933.2349823305365
0.00416552	3.185697e-6	4.466836e-6	933.2569400354076
0.004262622	3.285258e-6	4.570882e-6	933.2787978337661
0.004361989	3.387928e-6	4.677351e-6	933.3011202280951
0.004463673	3.493802e-6	4.786301e-6	933.3234165590504
0.004567728	3.602982e-6	4.897788e-6	933.346029268723
0.00467421	3.715569e-6	5.011872000000001e-6	933.368922630107
0.004783174	3.83167e-6	5.128614e-6	933.3916863308489
0.004894679	3.951396e-6	5.2480750000000006e-6	933.4147084407139
0.005008784	4.074858e-6	5.370318000000001e-6	933.4379934298116
0.00512555	4.202174e-6	5.495409e-6	933.4613991424478
0.005245039	4.333463e-6	5.623413e-6	933.4851384737347
0.005367314	4.46885e-6	5.754399000000001e-6	933.5089294294677
0.00549244	4.608463e-6	5.888436999999999e-6	933.5326951787038
0.005620485	4.752432e-6	6.025596e-6	933.5570177622263
0.005751515	4.900895e-6	6.165950000000001e-6	933.5813451292987
0.005885601	5.053992e-6	6.309573000000001e-6	933.6059654116054
0.006022814	5.211866e-6	6.456542e-6	933.6307060342826
0.006163226	5.374667e-6	6.606934e-6	933.655560506583
0.006306914	5.542549e-6	6.76083e-6	933.680709173282
0.006349596	5.592666e-6	6.8065439999999995e-6	933.6880311065352
0.006604413	5.624687e-6	7.079458e-6	933.6926198305013
0.006758382	5.800371e-6	7.24436e-6	933.7170393243848
0.006915942	5.981537e-6	7.413101999999999e-6	933.7418447769908
0.007077177	6.168356e-6	7.5857760000000005e-6	933.7667439692393
0.007242171	6.361006e-6	7.762471e-6	933.7918307198829
0.007411014	6.559667e-6	7.943282e-6	933.8172391462371
0.007583794	6.764527e-6	8.128305e-6	933.8427294497438
0.007760603	6.97578e-6	8.317638e-6	933.8683385836218
0.007941535	7.193624e-6	8.511379999999998e-6	933.8942244383402
0.008126688	7.418266e-6	8.709636e-6	933.9203459249043
0.008316158	7.649917e-6	8.912509000000001e-6	933.9466492544357
0.008510047	7.888797e-6	9.120108e-6	933.9731280594484
0.008708458	8.13513e-6	9.332543e-6	933.999782267277
0.008911497	8.389149e-6	9.549926e-6	934.0267295264908
0.009119271	8.651094e-6	9.772372e-6	934.053891317277
0.00933189	8.921211e-6	0.00001	934.0811211
0.009549469	9.199757e-6	0.00001023293	934.1086821663004
0.009772122	9.486993e-6	0.00001047129	934.1360035869504
0.009999969	9.783191e-6	0.000010715190000000001	934.1646943264655
0.01023313	0.00001008863	0.00001096478	934.1928091580496
0.01047173	0.0000104036	0.00001122018	934.2215187278636
0.01071589	0.0000107284	0.00001148154	934.2490989884633
0.01096575	0.00001106332	0.00001174898	934.2779815779753
0.01122144	0.0000114087	0.00001202264	934.3079972451973
0.01148309	0.00001176485	0.000012302690000000001	934.3367060374601
0.01175084	0.00001213212	0.00001258925	934.3663935500526
0.01202484	0.00001251084	0.000012882499999999999	934.3955629730254
0.01230523	0.00001290138	0.00001318257	934.4256377929341
0.01259216	0.0000133041	0.000013489630000000003	934.4558820367942
0.01288579	0.00001371938	0.00001380384	934.487025349468
0.01318626	0.00001414762	0.00001412538	934.5169914012932
0.01349374	0.00001458922	0.000014454400000000002	934.5479037524906
0.0138084	0.00001504459	0.00001479108	934.5798001227768
0.01413039	0.00001551417	0.000015135610000000002	934.6107735334089
0.0144599	0.0000159984	0.00001548817	934.6422721341514
0.01479709	0.00001649773	0.00001584893	934.6743111364617
0.01514215	0.00001701264	0.0000162181	934.7064477343215
0.01549526	0.00001754362	0.00001659587	934.7388006775179
0.01561285	0.00001772134	0.00001672167	934.7494203629183
0.01622636	0.00001772535	0.00001737801	934.7494534759734
0.01660474	0.00001827855	0.00001778279	934.7812435506464
0.01699195	0.00001884901	0.00001819701	934.8128626626021
0.01738819	0.00001943727	0.00001862087	934.8450029456195
0.01779367	0.00002004387	0.00001905461	934.8768549972947
0.01820861	0.0000206694	0.00001949845	934.9091543173945
0.01863323	0.00002131444	0.000019952619999999997	934.942099834508
0.01906776	0.0000219796	0.00002041738	934.9749869963726
0.01951243	0.0000226655	0.00002089296	935.0085148298758
0.01996746	0.0000233728	0.00002137962	935.0415395596367
0.02043312	0.00002410216	0.00002187762	935.0753034379425
0.02090964	0.00002485428	0.00002238721	935.1095683651514
0.02139727	0.00002562985	0.000022908679999999995	935.1433539601584
0.02189629	0.00002642961	0.00002344229	935.1782445315708
0.02240694	0.00002725432	0.00002398833	935.2128439120188
0.02292951	0.00002810475	0.00002454709	935.2479153333451
0.02346427	0.00002898171	0.00002511886	935.2833572064974
0.02401151	0.00002988602	0.00002570396	935.3187610002506
0.02457152	0.00003081853	0.00002630268	935.354820497379
0.02514459	0.00003178013	0.000026915349999999996	935.3907762670744
0.02573104	0.00003277172	0.00002754229	935.4273635198816
0.02633116	0.00003379424	0.00002818383	935.4638542738867
0.02694529	0.00003484865	0.000028840319999999997	935.5006688552693
0.02757376	0.00003593595	0.00002951209	935.5384843974113
0.02821688	0.00003705715	0.00003019952	935.5757028588533
0.02887501	0.00003821333	0.00003090295	935.6136980450085
0.0295485	0.00003940557	0.00003162278	935.6516274027774
0.03023771	0.00004063499	0.00003235937	935.6901877261517
0.03094299	0.00004190275	0.00003311311	935.7288623750533
0.03166474	0.00004321006	0.00003388442	935.7678266294656
0.03240333	0.00004455813	0.00003467368999999999	935.8071820449453
0.03315915	0.00004594825	0.00003548134	935.8467929903436
0.03393262	0.00004738172	0.000036307810000000006	935.8868441803568
0.03472413	0.0000488599	0.00003715352	935.9271988226151
0.03553411	0.00005038418	0.00003801894	935.9675514362053
0.03561557	0.00005053811	0.00003810597000000001	935.9716629703953
0.03721117	0.00005064854	0.00003981072	935.9744948094383
0.03807912	0.0000522286	0.00004073803	936.0135627569622
0.03896734	0.00005385794	0.000041686940000000005	936.05330446418
0.03987628	0.00005553809	0.00004265795	936.0932274054426
0.04080643	0.00005727064	0.00004365157999999999	936.1333688265122
0.04175829	0.00005905722	0.00004466836	936.1737753523972
0.04273236	0.00006089952	0.00004570882000000001	936.2144881447387
0.04372916	0.00006279928	0.00004677351	936.2555703003687
0.04474923	0.00006475828	0.00004786301	936.2969081969563
0.04579311	0.00006677837	0.00004897788000000001	936.3387792611684
0.04686135	0.00006886146	0.00005011872	936.3808864232766
0.04795452	0.00007100952	0.00005128614	936.4231646210848
0.0490732	0.00007322456	0.000052480750000000004	936.465743343988
0.05021799	0.00007550868	0.00005370318	936.5087631682146
0.05138951	0.00007786403	0.00005495409	936.5522025749129
0.0543213	0.00007956368	0.00005808442	936.5827132301572
0.05507053	0.00008102877	0.000058884370000000006	936.6077750343596
0.05635521	0.00008355627	0.00006025596	936.6503540894545
0.05766986	0.0000861626	0.0000616595	936.6930091875544
0.05901521	0.0000888502	0.00006309573	936.736292614413
0.06039195	0.00009162162	0.00006456542	936.7796510887716
0.06180083	0.00009447946	0.00006606934	936.8234866581079
0.06324259	0.00009742642	0.00006760830000000001	936.8674618353073
0.064718	0.0001004653	0.0000691831	936.9118368503291
0.06622785	0.0001035989	0.00007079458	936.9565989373764
0.06777295	0.0001068303	0.0000724436	937.0017544683036
0.06935411	0.0001101624	0.00007413101999999999	937.0473035444542
0.0709025	0.0001134499	0.0000757834	937.0911030647873
0.07432237	0.0001161892	0.00007943282	937.12597890897
0.0760563	0.0001198131	0.00008128305	937.1709489247758
0.07783072	0.0001235501	0.00008317637999999999	937.2164321169063
0.07964655	0.0001274036	0.00008511380000000001	937.262272392961
0.08150477	0.0001313772	0.00008709636	937.3083697183213
0.08340637	0.0001354748	0.00008912509	937.3549558266924
0.08535236	0.0001397002	0.00009120108	937.4018399782108
0.08734377	0.0001440573	0.00009332543	937.4489600530103
0.08938168	0.0001485503	0.00009549926000000002	937.4965868845475
0.09146716	0.0001531833	0.00009772372000000001	937.5445725971136
0.09360132	0.0001579609	0.00010000000000000002	937.592809
0.09578532	0.0001628874	0.0001023293	937.6415884795459
0.09802029	0.0001679676	0.00010471289999999999	937.69017570901
0.1003075	0.0001732062	0.0001071519	937.7407792115678
0.1008452	0.0001744436	0.0001077254	937.7513901085538
0.105043	0.0001766863	0.0001122018	937.7718209511792
0.107494	0.0001821968	0.00011481539999999999	937.8201600133781
0.1100021	0.0001878791	0.0001174898	937.8684711353667
0.1125689	0.0001937385	0.0001202264	937.9191134393112
0.1151955	0.0001997807	0.0001230269	937.9678810081374
0.1178835	0.0002060113	0.0001258925	938.0186373294678
0.1206342	0.0002124361	0.000128825	938.06820182418
0.1234492	0.0002190613	0.0001318257	938.1195115975111
0.1263299	0.0002258931	0.00013489629999999998	938.1709735552421
0.1292778	0.0002329379	0.0001380384	938.2225373519253
0.1322946	0.0002402024	0.0001412538	938.2742439495433
0.1353818	0.0002476934	0.000144544	938.3266922182864
0.1385411	0.000255418	0.0001479108	938.3798748975736
0.1417742	0.0002633835	0.0001513561	938.4331619274014
0.1450827	0.0002715973	0.0001548817	938.4859366858708
0.1484686	0.0002800673	0.0001584893	938.5407551172225
0.1519335	0.0002888014	0.000162181	938.5951584957547
0.1554793	0.0002978078	0.00016595869999999998	938.649843605668
0.1580418	0.000304359	0.0001686886	938.6891526754032
0.1666209	0.0003123413	0.0001778279	938.7348177648163
0.1705093	0.0003220817	0.0001819701	938.7881948737733
0.1744886	0.0003321258	0.0001862087	938.8429530951023
0.1785609	0.0003424831	0.0001905461	938.8981621770271
0.1827282	0.0003531634	0.0001949845	938.9534214258057
0.1869928	0.0003641767	0.0001995262	939.0093967609266
0.1913571	0.0003755334	0.00020417380000000001	939.0658027621565
0.1958232	0.0003872442	0.00020892960000000002	939.1222890389873
0.2003937	0.0003993201	0.00021379619999999997	939.1795555767595
0.2050709	0.0004117726	0.0002187762	939.2368667158494
0.2098573	0.0004246134	0.0002238721	939.2948625576836
0.2147556	0.0004378545	0.0002290868	939.3533564570284
0.2195833	0.0004510029	0.00023422600000000003	939.4102401099792
0.2301469	0.0004577091	0.0002454709	939.4376649126231
0.2355185	0.0004719822	0.0002511886	939.4951928550897
0.2410156	0.0004867003	0.00025703960000000007	939.5528949624882
0.2466411	0.0005018774	0.0002630268	939.611390930506
0.2477387	0.0005048519	0.0002641949	939.622800818638
0.252398	0.0005128182	0.0002691535	939.6527193590274
0.2582891	0.0005205402	0.00027542290000000003	939.6809059813108
0.2643176	0.0005274976	0.00028183829999999996	939.7058440957101
0.2704868	0.0005340658	0.0002884032	939.7290522435256
0.2767997	0.0005404122	0.00029512090000000004	939.7508349967759
0.2832599	0.0005466289	0.0003019952	939.7716549799468
0.2898706	0.0005527728	0.0003090295	939.7917441538751
0.2966355	0.0005588853	0.0003162277999999999	939.811064365625
0.3035582	0.0005650021	0.0003235937	939.8304172794464
0.3106422	0.0005711428	0.00033113110000000006	939.8493309749521
0.3178913	0.0005773289	0.0003388442	939.867434354786
0.3253095	0.0005835763	0.0003467369	939.8857643936944
0.3329006	0.0005899026	0.0003548134	939.9039117462869
0.3406687	0.0005963157	0.00036307810000000006	939.9217845967576
0.3486178	0.0006028331	0.0003715352	939.9395618503979
0.3567523	0.0006094621	0.0003801894	939.9571952821411
0.3650764	0.0006162136	0.00038904510000000006	939.9748604981788
0.3735945	0.0006230992	0.0003981072	939.9920403348646
0.3823113	0.0006301256	0.0004073803	940.0096803895525
0.3912312	0.0006373026	0.0004168694	940.0270266898937
0.4003591	0.0006446377	0.0004265795	940.0445584000169
0.4096997	0.0006521454	0.00043651579999999995	940.0618383114655
0.4192582	0.0006598278	0.00044668359999999995	940.079348782897
0.4290394	0.0006677003	0.0004570882	940.0966822158175
0.4390486	0.0006757658	0.00046773510000000003	940.1141068951208
0.4492912	0.0006840339	0.0004786301	940.1315000874371
0.4597726	0.0006925184	0.0004897788	940.1491416124993
0.4814738	0.0007011234	0.0005128614	940.1661411835635
0.4927052	0.0007103862	0.0005248075	940.1839459230289
0.5041984	0.000719897	0.0005370318000000002	940.2018595546855
0.5159596	0.0007296677	0.0005495409000000001	940.2198593407696
0.5279949	0.0007397086	0.0005623413	940.2379099667764
0.5403108	0.0007500283	0.0005754399	940.2560168316447
0.5529139	0.00076064	0.0005888437	940.2742017958244
0.5658108	0.0007715486	0.0006025596	940.2926259908562
0.5790083	0.0007827725	0.000616595	940.311018577835
0.5925135	0.0007943171	0.0006309573	940.3295866455622
0.6063335	0.0008061996	0.0006456542	940.3480990288608
0.6204758	0.0008184282	0.0006606934	940.3669360099557
0.6349477	0.0008310163	0.0006760829999999998	940.3855980700596
0.6497571	0.0008439751	0.000691831	940.4046293097592
0.6649117	0.0008573187	0.0007079458	940.4237142165404
0.6804196	0.0008710643	0.000724436	940.4428607910154
0.696289	0.000885219	0.0007413102	940.4621965271759
0.7125285	0.0008998009	0.0007585776000000001	940.4816341795487
0.7291465	0.000914823	0.0007762470999999999	940.5011922105732
0.746152	0.0009303016	0.0007943282	940.5209353010506
0.763554	0.0009462505	0.0008128305	940.5408021721624
0.7813617	0.0009626869	0.0008317638	940.5607540265639
0.7995845	0.0009796285	0.000851138	940.5808793638635
0.8182323	0.0009970903	0.0008709636	940.6011804626507
0.8373148	0.001015088	0.0008912509	940.6216453750567
0.8568422	0.001033644	0.0009120108	940.6421985353682
0.8768249	0.001052771	0.0009332543	940.6628729168459
0.8972736	0.001072492	0.0009549926	940.6838251940383
0.918199	0.001092826	0.0009772372	940.7049035791924
0.9396123	0.001113792	0.001	940.7260919999999
0.9615248	0.001135411	0.001023293	940.7473822258141
0.9839483000000001	0.001157703	0.001047129	940.7685232669519
1.006895	0.001180692	0.001071519	940.7912430857504
1.030376	0.001204401	0.0010964779999999997	940.8126756761195
1.054405	0.001228849	0.001122018	940.8350391883197
1.078994	0.001254065	0.001148154	940.8564225704914
1.104157	0.001280069	0.001174898	940.8791818523822
1.129906	0.001306894	0.001202264	940.9022427686433
1.16078	0.00132275	0.001235078	940.9144604632257
1.183219	0.001346557	0.001258925	940.9341755863138
1.210811	0.001376049	0.0012882500000000001	940.9563741509802
1.239047	0.001406466	0.0013182569999999998	940.9799955547363
1.267942	0.00143784	0.001348963	941.00419359167
1.29751	0.001470201	0.0013803839999999997	941.0281494134966
1.327767	0.001503579	0.0014125380000000003	941.0511993305665
1.35873	0.001538007	0.0014454399999999999	941.0753867334513
1.390415	0.001573518	0.001479108	941.0999859374704
1.422839	0.001610144	0.001513561	941.1243709371475
1.456019	0.001647922	0.001548817	941.148581142898
1.489973	0.001686887	0.0015848930000000002	941.1738754603623
1.524719	0.001727076	0.00162181	941.1990775738219
1.560275	0.001768526	0.0016595869999999997	941.2242479604867
1.59666	0.001811274	0.001698244	941.2494753404104
1.633894	0.001855364	0.0017378009999999998	941.2754187619872
1.671996	0.001900836	0.001778279	941.3015820352149
1.710986	0.00194773	0.0018197009999999997	941.3270257036733
1.750886	0.001996089	0.0018620869999999997	941.3534861690135
1.791717	0.002045964	0.001905461	941.3800460885843
1.833499	0.002097391	0.001949845	941.4063122966185
1.876257	0.002150423	0.0019952620000000003	941.4339685715461
1.920011	0.002205108	0.002041738	941.4607104339539
1.964786	0.002261495	0.0020892960000000005	941.4881831009104
2.010605	0.002319635	0.002137962	941.5156279671949
2.057492	0.002379577	0.002187762	941.5428081299519
2.105474	0.002441381	0.002238721	941.5712726150334
2.154574	0.002505096	0.002290868	941.599034077913
2.20482	0.00257078	0.002344229	941.6276225573524
2.256237	0.002638495	0.002398833	941.6560031481974
2.301204	0.002668723	0.002446585	941.6687844485273
2.362697	0.002750976	0.002511886	941.7019625890665
2.417796	0.002825259	0.0025703959999999995	941.730869095657
2.474181	0.002901822	0.0026302680000000003	941.7606198303748
2.53188	0.002980741	0.002691535	941.7899975292909
2.590926	0.003062081	0.0027542289999999995	941.8200451015512
2.651348	0.003145909	0.002818383	941.8499575820605
2.71318	0.003232301	0.0028840319999999995	941.8800835080888
2.776455	0.003321329	0.0029512089999999998	941.9110367988169
2.841205	0.003413069	0.0030199520000000002	941.9414841692849
2.907466	0.003507598	0.003090295	941.9727236396526
2.975272	0.003604995	0.0031622780000000006	942.0035161361524
3.04466	0.003705343	0.003235937	942.0348242255643
3.115667	0.003808728	0.0033113109999999995	942.066670270476
3.18833	0.003915228	0.003388442	942.0982351180867
3.262688	0.004024937	0.003467369	942.1301675708585
3.338781	0.004137945	0.0035481339999999997	942.1625409299648
3.416649	0.004254343	0.003630781	942.1949004911064
3.496333	0.004374226	0.003715352	942.2276075052915
3.577877	0.004497692	0.003801894	942.260539615255
3.661322	0.004624845	0.003890451	942.2935400034597
3.7467149999999996	0.004755782	0.0039810719999999996	942.3267858506451
3.834099	0.004890608	0.004073803	942.3601504540107
3.923522	0.005029431	0.004168694	942.3938123066841
4.015032	0.005172367	0.004265795	942.4279335973715
4.108676	0.005319531	0.004365158	942.461998168222
4.204505	0.005471035	0.004466836	942.4962176807029
4.302569	0.005626999	0.004570882	942.5305660920585
4.402922	0.005787548	0.004677350999999999	942.5654709257442
4.505616	0.005952815	0.004786301000000001	942.6003118065495
4.610706	0.006122923	0.004897788	942.6355168904821
4.718247	0.00629801	0.005011872	942.6707246314352
4.828298	0.006478212	0.005128614	942.706199374724
4.940916	0.006663677	0.005248075	942.7418009460611
5.056163	0.006854551	0.005370318	942.7779790693959
5.174097	0.007050987	0.005495408999999999	942.8138992020431
5.294784	0.007253135	0.005623413	942.850389078661
5.418287	0.007461169	0.005754399	942.8870276461538
5.544671	0.007675242	0.005888437	942.9236046849105
5.674004	0.007895537	0.006025596	942.9605863054874
5.806355	0.008122233	0.006165950000000001	942.9977915811837
5.941794	0.008355513	0.006309573000000001	943.0352122084964
6.080393	0.008595563	0.006456542	943.0727102836162
6.222227	0.008842591	0.006606933999999999	943.1106154534009
6.36737	0.009096805	0.00676083	943.1485194865129
6.5159	0.009358412	0.00691831	943.1867626631359
6.667895	0.00962764	0.007079458	943.2251226011933
6.823438	0.009904727	0.007244359999999999	943.2638255139171
6.98261	0.01018992	0.007413102000000001	943.3028063015995
7.145496	0.01048345	0.007585776	943.3417820404926
7.312184	0.01078561	0.007762471	943.3812519235177
7.482761	0.01109666	0.007943282	943.4208252961433
7.657319	0.01141689	0.008128305000000002	943.4606464693437
7.83595	0.01174662	0.008317638	943.5006212100118
8.01875	0.01208616	0.00851138	943.5410192001768
8.205816	0.01243585	0.008709636	943.5815515137486
8.397247	0.01279603	0.008912509	943.6223884879106
8.593146	0.01316708	0.009120108	943.663504862004
8.793617	0.0135494	0.009332543	943.7048830099149
8.998766	0.01394338	0.009549926	943.746514894461
9.208703	0.01434949	0.009772372	943.788518283995
9.42354	0.01476816	0.01	943.8308159999998
9.643391	0.01519989	0.01023293	943.8734448491292
9.868373	0.0156452	0.01047129	943.9160027083578
10.09861	0.01610465	0.01071519	943.9603637453001
10.33421	0.01657878	0.010964780000000002	944.0033251921151
10.57532	0.01706825	0.01122018	944.0479787311789
10.82205	0.01757369	0.01148154	944.0914450500544
11.07455	0.01809581	0.01174898	944.1369216732007
11.33293	0.01863534	0.01202264	944.1824208326956
11.59735	0.01919308	0.012302689999999998	944.2278948750234
11.86794	0.01976985	0.012589249999999998	944.2746668784877
12.14485	0.02036656	0.0128825	944.3210991655346
12.42822	0.02098417	0.013182570000000001	944.3685237400598
12.7182	0.02162368	0.01348963	944.4160944369859
13.01496	0.02228617	0.01380384	944.4651756322878
13.31864	0.02297282	0.01412538	944.5135507858904
13.62941	0.02368485	0.014454399999999997	944.5632367998672
13.94744	0.02442358	0.01479108	944.6141579925198
14.2729	0.02519041	0.01513561	944.6656203483044
14.60595	0.02598686	0.01548817	944.7169588143724
14.94678	0.02681453	0.01584893	944.7700589251135
15.29557	0.02767513	0.0162181	944.8236926643689
15.6525	0.02857048	0.01659587	944.8778810631803
16.01777	0.02950255	0.01698244	944.9332693064129
16.39157	0.03047343	0.01737801	944.9898711072213
16.7741	0.03148534	0.01778279	945.0477309803467
17.16556	0.03254067	0.01819701	945.1058536539794
19.2685	0.03356891	0.02042203	945.159169289243
19.71362	0.03472316	0.020892959999999995	945.2151901884654
20.17363	0.03594039	0.021379619999999995	945.272665744293
20.64438	0.03721237	0.02187762	945.3309989843502
21.12614	0.03854236	0.02238721	945.3916928460491
21.61914	0.03993383	0.02290868	945.4527205408605
22.12366	0.04139046	0.023442290000000005	945.5155814555659
22.63997	0.04291622	0.02398833	945.5800474647465
23.16834	0.0445153	0.02454709	945.6459115927795
23.70906	0.04619217	0.02511886	945.7137851797415
24.26241	0.04795161	0.025703960000000005	945.7827358119137
24.82869	0.04979869	0.02630268	945.8537567274515
25.40821	0.05173879	0.026915349999999998	945.9267217405682
26.00127	0.05377769	0.027542289999999997	946.0015013275948
26.60819	0.05592147	0.02818383	946.0783530840203
27.22931	0.05817664	0.02884032	946.1575544238067
27.86494	0.06055009	0.02951209	946.2389851074594
28.51544	0.06304915	0.030199519999999997	946.3226286378062
29.18115	0.06568159	0.030902949999999995	946.4090512394448
29.86242	0.0684557	0.03162278	946.4972940392969
30.55964	0.07138017	0.03235936999999999	946.5888912546816
31.27316	0.07446432	0.03311311	946.6831813743862
32.00338	0.07771794	0.03388442	946.7801998676679
32.75068	0.08115149	0.03467369	946.8802279192092
33.51548	0.08477594	0.03548134	946.9838495389406
34.29817	0.08860299	0.03630781	947.090253859982
35.09919	0.09264497	0.03715352	947.2005605390822
35.91896	0.09691487	0.03801894	947.3140195386825
36.75793	0.1014265	0.03890451	947.4314546051345
37.61655	0.1061944	0.039810719999999994	947.5524280897205
38.49528	0.1112339	0.04073803000000001	947.6774871048011
39.3946	0.1165612	0.041686940000000006	947.8067039701162
40.315	0.1221934	0.04265795	947.9403815701411
41.25697	0.1281485	0.04365158	948.0783627992389
42.22103	0.1344456	0.04466836	948.2209689364015
43.20769	0.1411047	0.04570882	948.3682733441817
44.2175	0.1481469	0.046773510000000004	948.5207952107935
45.25099	0.1555945	0.04786301	948.6779978944074
46.30874	0.163471	0.04897788	948.8408032360732
47.39131	0.1718011	0.05011871999999999	949.0088952790495
48.4993	0.1806108	0.05128614	949.1825822727153
49.6333	0.1899278	0.05248075000000001	949.3619622432986
50.79395	0.199781	0.05370318000000001	949.5476990375616
51.98187	0.2102012	0.054954090000000004	949.7395225723873
53.1977	0.2212206	0.05623413	949.9377086477554
54.44212	0.2328734	0.05754399	950.1425500734308
55.71581	0.245196	0.05888436999999999	950.3541601956513
57.01946	0.2582266	0.06025595999999999	950.5729657282036
58.35378	0.272006	0.061659500000000006	950.7989198744718
59.71952	0.2865773	0.06309573	951.0326182136255
61.11742	0.3019865	0.06456542	951.2740178875937
62.54825	0.3182824	0.06606934	951.5235417820127
64.0128	0.3355173	0.0676083	951.7813241865275
65.51187	0.3537469	0.06918309999999998	952.0477819004932
67.0463	0.3730309	0.07079458000000001	952.3233402896099
68.61693	0.3934335	0.0724436	952.6081461992502
70.22464	0.4150234	0.07413102	952.9028927431457
71.87031	0.4378751	0.07585776	953.2074912309565
73.55486	0.4620685	0.07762471	953.5227700045515
75.27923	0.4876904	0.07943282000000002	953.8490563472378
77.04438	0.5148349	0.08128304999999998	954.1868187771006
78.8513	0.543604	0.08317638	954.5366605279047
80.701	0.574109	0.08511379999999999	954.8993112750222
82.59451	0.606471	0.08709636	955.2750654562373
84.5329	0.6408227	0.08912508999999999	955.6649277997924
86.51727	0.6773087	0.09120108	956.069584921582
88.54874	0.7160882	0.09332543	956.4898677670169
90.62846	0.7573353	0.09549926	956.9267374427823
92.75761	0.8012418	0.09772372	957.3811946577556
94.93741	0.8480183	0.09999999999999999	957.854283
97.16912	0.8978966	0.1023293	958.3473804667872
99.454	0.9511327	0.1047129	958.8611594177986
101.7934	1.008008	0.1071519	959.3988347383482
104.1886	1.068834	0.1096478	959.9593790299485
106.6411	1.133952	0.1122018	960.5465509465979
109.1524	1.203741	0.1148154	961.1614905317579
111.7237	1.277711	0.11748980000000002	961.7976283898686
114.3568	1.356167	0.1202264	962.4588859019318
117.053	1.440037	0.1230269	963.1473848402261
119.8141	1.529994	0.1258925	963.8707150942273
122.6417	1.62671	0.128825	964.6296138171939
125.5375	1.730898	0.1318257	965.429335857879
128.5032	1.843323	0.1348963	966.2720400781933
131.5408	1.964819	0.1380384	967.1628981500799
134.652	2.096295	0.1412538	968.1034775701607
137.8389	2.238744	0.144544	969.1003708213415
141.1035	2.39325	0.1479108	970.157351592987
144.4479	2.560999	0.1513561	971.2783231068984
147.8743	2.743288	0.1548817	972.468587315351
151.3849	2.941531	0.1584893	973.7340691138139
154.9821	3.157272	0.162181	975.079522262164
158.6683	3.392194	0.16595869999999996	976.5109873721594
162.4461	3.648128	0.1698244	978.0351233391668
166.3181	3.927065	0.1737801	979.6585742556254
170.2871	4.231165	0.17782789999999998	981.3885503905743
174.356	4.562775	0.1819701	983.231723233652
178.5276	4.924429	0.18620869999999998	985.1957991221678
182.8053	5.318875	0.19054610000000002	987.2895587996815
187.1922	5.74907	0.19498450000000003	989.5210644948701
191.6917	6.218209	0.19952619999999996	991.8993545709787
196.3075	6.729724	0.2041738	994.4332916368311
201.0432	7.287304	0.20892960000000002	997.1325460825083
205.9028	7.894903	0.2137962	1000.007030059468
210.8904	8.556756	0.2187762	1003.0668601063553
216.0102	9.277386	0.22387210000000002	1006.3227441025479
221.2668	10.06162	0.2290868	1009.7850247155226
226.6649	10.91459	0.2344229	1013.4653653717278
232.2094	11.84176	0.23988330000000002	1017.3745316993721
233.38425762309856	12.049489644970325	0.2410357585609399	1018.2304591405873
389.6998654150925	12.049917843946616	0.3946311060162182	1018.2311247079602
390.22829255207495	12.291360511604921	0.39507512172538806	1018.843331125938
391.09280519729026	12.68685959458577	0.39592322905724264	1019.843331125938
391.9592981665855	13.083207339600307	0.39677244603189465	1020.843331125938
392.8277751451712	13.48040485700892	0.39762277408463537	1021.843331125938
393.698239822564	13.878453258607351	0.39847421465075605	1022.843331125938
394.5706958925865	14.277353657626634	0.399326769165548	1023.843331125938
395.4451470533672	14.67710716873313	0.40018043906430256	1024.843331125938
396.32159700734	15.077714908028355	0.40103522578231077	1025.843331125938
397.2000494612453	15.479177993049262	0.40189113075486416	1026.843331125938
398.08050812612925	15.881497542768074	0.40274815541725395	1027.843331125938
398.96297671734357	16.284674677592136	0.4036063012047714	1028.843331125938
399.8474589545459	16.688710519364378	0.40446556955270774	1029.843331125938
400.73395856170004	17.093606191362767	0.4053259618963543	1030.843331125938
401.6224792670757	17.49936281830071	0.40618747967100244	1031.843331125938
402.5130248032478	17.90598152632691	0.4070501243119433	1032.843331125938
403.4055989070979	18.313463443025142	0.40791389725446825	1033.843331125938
404.300205319813	18.721809697414756	0.40877879993386845	1034.843331125938
405.19684778688645	19.131021419950287	0.4096448337854355	1035.843331125938
406.09553005811654	19.541099742521453	0.4105120002444602	1036.843331125938
406.99625588760847	19.95204579845347	0.41138030074623416	1037.843331125938
407.8990290337727	20.363860722506644	0.4122497367260487	1038.843331125938
408.8038532593258	20.776545650876642	0.4131203096191949	1039.843331125938
409.71073233129016	21.190101721194537	0.4139920208609641	1040.843331125938
410.61967002099385	21.604530072526586	0.4148648718866476	1041.843331125938
411.53067010407136	22.019831845374256	0.4157388641315368	1042.843331125938
412.44373636046225	22.43600818167448	0.4166139990309228	1043.843331125938
413.35887257441266	22.85306022479932	0.41749027802009686	1044.843331125938
414.2760825344743	23.27098911955636	0.4183677025343505	1045.843331125938
415.19537003350473	23.689796012188253	0.41924627400897485	1046.843331125938
416.1167388686675	24.10948205037289	0.4201259938792611	1047.843331125938
417.0401928414318	24.530048383223743	0.42100686358050055	1048.843331125938
417.9657357575734	24.9514961612893	0.4218888845479848	1049.843331125938
418.8933714271726	25.37382653655351	0.4227720582170047	1050.843331125938
419.82310366461707	25.79704066243562	0.42365638602285177	1051.843331125938
420.7549362885994	26.22113969378995	0.4245418694008173	1052.843331125938
421.6888731221184	26.64612478690634	0.42542850978619245	1053.843331125938
422.6249179924786	27.071997099509815	0.4263163086142685	1054.843331125938
423.5630747312904	27.49875779076092	0.4272052673203368	1055.843331125938
424.5033471744704	27.926408021254986	0.42809538733968877	1056.843331125938
425.44573916224067	28.354948953023154	0.4289866701076155	1057.843331125938
426.3902545391293	28.78438174953152	0.4298791170594082	1058.843331125938
427.3368971539703	29.214707575681643	0.4307727296303583	1059.843331125938
428.2856708599036	29.645927597810328	0.43166750925575703	1060.843331125938
429.2365795143749	30.078042983689784	0.43256345737089574	1061.843331125938
430.1896269791357	30.511054902527178	0.43346057541106564	1062.843331125938
431.14481712024366	30.944964524965258	0.43435886481155805	1063.843331125938
432.10215380806187	31.379773023082123	0.4352583270076642	1064.843331125938
433.0616409172598	31.815481570390887	0.4361589634346754	1065.843331125938
434.02328232681225	32.2520913418403	0.437060775527883	1066.843331125938
434.9870819200005	32.68960351381389	0.43796376472257814	1067.843331125938
435.9530435844113	33.12801926413101	0.4388679324540522	1068.843331125938
436.9211712119373	33.56733977204601	0.4397732801575964	1069.843331125938
437.8914686987772	34.0075662182486	0.44067980926850203	1070.843331125938
438.8639399454352	34.44869978486389	0.44158752122206046	1071.843331125938
439.83858885672197	34.890741655452075	0.44249641745356283	1072.843331125938
440.8154193417536	35.33369301500869	0.44340649939830057	1073.843331125938
441.79443531395214	35.7775550499648	0.4443177684915649	1074.843331125938
442.77564069104557	36.22232894818643	0.44523022616864705	1075.843331125938
443.7590393950676	36.66801589897523	0.44614387386483834	1076.843331125938
444.7446353523583	37.114617093067636	0.4470587130154301	1077.843331125938
445.7324324935628	37.56213372263596	0.44797474505571344	1078.843331125938
446.7224347536328	38.01056698128741	0.4488919714209798	1079.843331125938
447.71464607182565	38.45991806406471	0.4498103935465205	1080.843331125938
448.7090703917046	38.910188167445654	0.4507300128676267	1081.843331125938
449.70571166113854	39.36137848934351	0.4516508308195898	1082.843331125938
450.70457383230246	39.81349022910683	0.4525728488377009	1083.843331125938
451.70566086167736	40.26652458751937	0.45349606835725137	1084.843331125938
452.7089767100496	40.720482766800274	0.4544204908135326	1085.843331125938
453.71452534251205	41.17536597060388	0.4553461176418357	1086.843331125938
454.7223107284632	41.63117540401976	0.45627295027745207	1087.843331125938
455.7323368416072	42.087912273572954	0.45720099015567295	1088.843331125938
456.7446076599543	42.54557778722369	0.45813023871178965	1089.843331125938
457.7591271658205	43.00417315436761	0.4590606973810934	1090.843331125938
458.7758993458278	43.46369958583534	0.4599923675988754	1091.843331125938
459.79492819090393	43.92415829389324	0.4609252508004271	1092.843331125938
460.81621769628293	44.385550492242544	0.4618593484210398	1093.843331125938
461.8397718615038	44.84787739602007	0.46279466189600454	1094.843331125938
462.8655946904124	45.31114022179776	0.4637311926606129	1095.843331125938
463.89369019116	45.77534018758291	0.46466894215015603	1096.843331125938
464.9240623762035	46.240478512818186	0.4656079117999251	1097.843331125938
465.9567152623062	46.7065564183813	0.46654810304521144	1098.843331125938
466.99165287053717	47.17357512658555	0.4674895173213065	1099.843331125938
468.02887922627076	47.641535861179364	0.4684321560635014	1100.843331125938
469.06839835918817	48.110439847346356	0.4693760207070874	1101.843331125938
470.11021430327554	48.580288311705715	0.4703211126873559	1102.843331125938
471.1543310968255	49.0510824823117	0.47126743343959815	1103.843331125938
472.2007527824364	49.52282358865398	0.4722149843991054	1104.843331125938
473.2494834070124	49.9955128616574	0.4731637670011689	1105.843331125938
474.3005270217633	50.46915153368229	0.47411378268107995	1106.843331125938
475.3538876822052	50.94374083852398	0.4750650328741298	1107.843331125938
476.4095694481601	51.419282011413316	0.47601751901560985	1108.843331125938
477.46757638375533	51.89577628901645	0.47697124254081136	1109.843331125938
478.52791255742477	52.37322490943467	0.4779262048850256	1110.843331125938
479.59058204190734	52.85162911220465	0.4788824074835436	1111.843331125938
480.6555889142489	53.33099013829826	0.479839851771657	1112.843331125938
481.72293725580005	53.811309230122845	0.4807985391846568	1113.843331125938
482.79263115221846	54.29258763152092	0.48175847115783454	1114.843331125938
483.86467469346655	54.774826587770406	0.48271964912648135	1115.843331125938
484.93907197381316	55.258027345584196	0.4836820745258884	1116.843331125938
486.01582709183356	55.742191153110866	0.4846457487913475	1117.843331125938
487.09494415040723	56.227319259934006	0.4856106733581491	1118.843331125938
488.1764272567216	56.71341291707273	0.48657684966158515	1119.843331125938
489.26028052226815	57.20047337698111	0.48754427913694653	1120.843331125938
490.34650806284554	57.68850189354896	0.4885129632195248	1121.843331125938
491.4351139985578	58.177499722101004	0.4894829033446112	1122.843331125938
492.5261024538144	58.66746811939743	0.49045410094749675	1123.843331125938
493.6194775573316	59.15840834363371	0.4914265574634732	1124.843331125938
494.71524344213066	59.65032165444052	0.4924002743278313	1125.843331125938
495.8134042455395	60.14320931288387	0.4933752529758626	1126.843331125938
496.91396410919134	60.63707258146519	0.49435149484285845	1127.843331125938
498.01692717902506	61.13191272412104	0.49532900136410996	1128.843331125938
499.12229760528646	61.62773100622337	0.49630777397490855	1129.843331125938
500.23007954252625	62.12452869457917	0.49728781411054546	1130.843331125938
501.34027714960143	62.6223070574311	0.498269123206312	1131.843331125938
502.45289458967477	63.121067364456906	0.49925170269749936	1132.843331125938
503.5679360302145	63.620810886769675	0.5002355540193988	1133.843331125938
504.68540564299565	64.12153889691774	0.5012206786073017	1134.843331125938
505.80530760409863	64.62325266888473	0.5022070778964994	1135.843331125938
506.92764609390935	65.12595347808957	0.503194753322283	1136.843331125938
508.05242529712007	65.62964260138648	0.5041837063199439	1137.843331125938
509.1796494027289	66.1343213170652	0.5051739383247733	1138.843331125938
510.3093226040397	66.63999090485032	0.5061654507720628	1139.843331125938
511.44144909866196	67.1466526459019	0.507158245097103	1140.843331125938
512.5760330885118	67.6543078228155	0.5081523227351858	1141.843331125938
513.7130787798105	68.16295771962172	0.5091476851216024	1142.843331125938
514.8525903830853	68.6726036217865	0.5101443336916437	1143.843331125938
515.9945721131696	69.1832468162113	0.5111422698806014	1144.843331125938
517.1390281892025	69.69488859123248	0.5121414951237666	1145.843331125938
518.2859628346291	70.207530236622	0.5131420108564306	1146.843331125938
519.4353802772001	70.72117304358693	0.5141438185138847	1147.843331125938
520.5872847489725	71.23581830476974	0.5151469195314201	1148.843331125938
521.7416804863085	71.75146731424832	0.5161513153443282	1149.843331125938
522.898571729877	72.2681213675354	0.5171570073879002	1150.843331125938
524.0579627246524	72.78578176157936	0.5181639970974274	1151.843331125938
525.2198577199146	73.30444979476391	0.5191722859082011	1152.843331125938
526.3842609692497	73.82412676690791	0.5201818752555125	1153.843331125938
527.5511767305502	74.34481397926561	0.5211927665746531	1154.843331125938
528.7206092660135	74.86651273452628	0.5222049613009139	1155.843331125938
529.8925628421434	75.38922433681483	0.5232184608695862	1156.843331125938
531.0670417297499	75.91295009169136	0.5242332667159616	1157.843331125938
532.244050203948	76.43769130615118	0.5252493802753311	1158.843331125938
533.4235925441595	76.96344928862487	0.5262668029829861	1159.843331125938
534.6056730341111	77.49022534897836	0.5272855362742177	1160.843331125938
535.7902959618365	78.01802079851285	0.5283055815843174	1161.843331125938
536.9774656196741	78.54683694996498	0.5293269403485763	1162.843331125938
538.1671863042694	79.07667511750651	0.530349614002286	1163.843331125938
539.3594623165726	79.60753661674448	0.5313736039807374	1164.843331125938
540.5542979618406	80.13942276472136	0.5323989117192219	1165.843331125938
541.7516975496358	80.67233487991467	0.533425538653031	1166.843331125938
542.9516653938263	81.20627428223759	0.5344534862174556	1167.843331125938
544.1542058125867	81.74124229303823	0.5354827558477873	1168.843331125938
545.3593231283969	82.2772402351003	0.5365133489793171	1169.843331125938
546.567021668043	82.81426943264239	0.5375452670473365	1170.843331125938
547.777305762617	83.35233121131881	0.5385785114871369	1171.843331125938
548.9901797475161	83.89142689821898	0.5396130837340092	1172.843331125938
550.2056479624442	84.43155782186767	0.540648985223245	1173.843331125938
551.423714751411	84.97272531222472	0.5416862173901354	1174.843331125938
552.6443844627315	85.51493070068557	0.5427247816699718	1175.843331125938
553.8676614490271	86.05817532008075	0.5437646794980454	1176.843331125938
555.0935500672247	86.60246050467612	0.5448059123096474	1177.843331125938
556.3220546785573	87.14778759017298	0.5458484815400693	1178.843331125938
557.5531796485642	87.69415791370761	0.5468923886246023	1179.843331125938
558.7869293470895	88.24157281385203	0.5479376349985376	1180.843331125938
560.0233081482842	88.79003363061298	0.5489842220971666	1181.843331125938
561.2623204306043	89.33954170543296	0.5500321513557803	1182.843331125938
562.5039705768127	89.89009838118966	0.5510814242096704	1183.843331125938
563.7482629739774	90.44170500219582	0.5521320420941279	1184.843331125938
564.9952020134722	90.99436291419977	0.5531840064444441	1185.843331125938
566.2447920909773	91.54807346438508	0.5542373186959104	1186.843331125938
567.4970376064787	92.1028380013704	0.5552919802838181	1187.843331125938
568.7519429642679	92.65865787521	0.5563479926434584	1188.843331125938
570.0095125729424	93.21553443739305	0.5574053572101224	1189.843331125938
571.2697508454056	93.77346904084436	0.5584640754191016	1190.843331125938
572.5326621988672	94.33246303992377	0.5595241487056872	1191.843331125938
573.7982510548421	94.89251779042667	0.5605855785051707	1192.843331125938
575.0665218391515	95.45363464958359	0.5616483662528431	1193.843331125938
576.3374789819225	96.0158149760602	0.5627125133839959	1194.843331125938
577.6111269175873	96.57906012995778	0.5637780213339201	1195.843331125938
578.8874700848853	97.1433714728127	0.5648448915379072	1196.843331125938
580.1665129268604	97.70875036759674	0.5659131254312483	1197.843331125938
581.4482598908638	98.27519817871678	0.5669827244492349	1198.843331125938
582.7327154285514	98.84271627201514	0.5680536900271582	1199.843331125938
584.0198839958854	99.41130601476954	0.5691260236003095	1200.843331125938
585.3097700531339	99.98096877569259	0.57019972660398	1201.843331125938
586.6023780648709	100.55170592493278	0.5712748004734611	1202.843331125938
587.8977124999759	101.12351883407331	0.5723512466440439	1203.843331125938
589.1957778316349	101.69640887613298	0.5734290665510198	1204.843331125938
590.4965785373396	102.27037742556581	0.5745082616296802	1205.843331125938
591.8001190988872	102.84542585826125	0.5755888333153161	1206.843331125938
593.106404002381	103.42155555154392	0.5766707830432192	1207.843331125938
594.4154377382301	103.99876788417356	0.5777541122486802	1208.843331125938
595.7272248011496	104.5770642363455	0.5788388223669908	1209.843331125938
597.0417696901609	105.15644598969021	0.5799249148334422	1210.843331125938
598.3590769085899	105.7369145272736	0.5810123910833256	1211.843331125938
599.67915096407	106.31847123359654	0.5821012525519323	1212.843331125938
601.0019963685396	106.90111749459544	0.5831915006745537	1213.843331125938
602.3276176382432	107.48485469764205	0.5842831368864811	1214.843331125938
603.6560192937308	108.06968423154325	0.5853761626230056	1215.843331125938
604.9872058598585	108.65560748654133	0.5864705793194185	1216.843331125938
606.3211818657886	109.24262585431381	0.5875663884110112	1217.843331125938
607.6579518449893	109.83074072797353	0.5886635913330749	1218.843331125938
608.997520335234	110.41995350206855	0.5897621895209009	1219.843331125938
610.3398918786022	111.01026557258234	0.5908621844097803	1220.843331125938
611.68507102148	111.60167833693356	0.5919635774350049	1221.843331125938
613.0330623145583	112.19419319397628	0.5930663700318655	1222.843331125938
614.3838703128348	112.78781154399962	0.5941705636356536	1223.843331125938
615.7374995756123	113.38253478872832	0.5952761596816603	1224.843331125938
617.0939546665	113.97836433132204	0.596383159605177	1225.843331125938
618.4532401534128	114.57530157637626	0.5974915648414949	1226.843331125938
619.8153606085713	115.17334792992119	0.5986013768259054	1227.843331125938
621.1803206085028	115.7725047994225	0.5997125969936998	1228.843331125938
622.5481247340391	116.3727735937814	0.6008252267801693	1229.843331125938
623.9187775703191	116.97415572333415	0.6019392676206052	1230.843331125938
625.2922837067867	117.57665259985237	0.6030547209502988	1231.843331125938
626.6686477371923	118.18026563654297	0.6041715882045413	1232.843331125938
628.0478742595915	118.78499624804812	0.6052898708186238	1233.843331125938
629.4299678763471	119.39084585044526	0.6064095702278383	1234.843331125938
630.814933194126	119.99781586124726	0.6075306878674753	1235.843331125938
632.2027748239022	120.60590769940211	0.6086532251728265	1236.843331125938
633.5934973809552	121.21512278529326	0.609777183579183	1237.843331125938
634.9871054848703	121.82546254073924	0.610902564521836	1238.843331125938
636.3836037595389	122.43692838899409	0.612029369436077	1239.843331125938
637.7829968331584	123.04952175474699	0.6131575997571973	1240.843331125938
639.1852893382311	123.66324406412252	0.614287256920488	1241.843331125938
640.5904859115668	124.27809674468051	0.6154183423612406	1242.843331125938
641.9985911942795	124.89408122541602	0.6165508575147461	1243.843331125938
643.4096098317899	125.51119893675934	0.6176848038162959	1244.843331125938
644.8235464738252	126.12945131057631	0.6188201827011814	1245.843331125938
646.2404057744169	126.74883978016794	0.6199569956046938	1246.843331125938
647.6601923919038	127.3693657802703	0.6210952439621242	1247.843331125938
649.0829109889299	127.99103074705522	0.6222349292087642	1248.843331125938
650.5085662324458	128.61383611812926	0.623376052779905	1249.843331125938
651.9371627937062	129.23778333253495	0.6245186161108377	1250.843331125938
653.3687053482735	129.86287383074938	0.6256626206368536	1251.843331125938
654.8031985760152	130.48910905468546	0.6268080677932442	1252.843331125938
656.2406471611054	131.11649044769115	0.6279549590153006	1253.843331125938
657.6810557920227	131.74501945454966	0.6291032957383142	1254.843331125938
659.1244291615526	132.3746975214798	0.6302530793975761	1255.843331125938
660.5707719667863	133.00552609613544	0.6314043114283779	1256.843331125938
662.0200889091207	133.63750662760555	0.6325569932660104	1257.843331125938
663.4723846942587	134.27064056641478	0.6337111263457654	1258.843331125938
664.9276640322091	134.90492936452284	0.6348667121029339	1259.843331125938
666.3859316372866	135.54037447532488	0.636023751972807	1260.843331125938
667.8471922281115	136.17697735365113	0.6371822473906764	1261.843331125938
669.3114505276102	136.81473945576738	0.6383421997918332	1262.843331125938
670.7787112630153	137.45366223937435	0.6395036106115686	1263.843331125938
672.2489791658644	138.09374716360838	0.6406664812851739	1264.843331125938
673.7222589720017	138.73499568904106	0.6418308132479404	1265.843331125938
675.1985554215772	139.37740927767908	0.6429966079351596	1266.843331125938
676.6778732590461	140.02098939296468	0.6441638667821223	1267.843331125938
678.1602172331709	140.66573749977505	0.6453325912241202	1268.843331125938
679.6455920970186	141.31165506442295	0.6465027826964445	1269.843331125938
681.1340026079625	141.9587435546564	0.6476744426343866	1270.843331125938
682.6254535276819	142.60700443965874	0.6488475724732373	1271.843331125938
684.1199496221618	143.25643919004835	0.6500221736482883	1272.843331125938
685.6174956616934	143.90704927787914	0.6511982475948307	1273.843331125938
687.1180964208735	144.55883617664023	0.652375795748156	1274.843331125938
688.6217566786046	145.21180136125622	0.6535548195435552	1275.843331125938
690.1284812180957	145.8659463080865	0.6547353204163198	1276.843331125938
691.6382748268608	146.52127249492634	0.6559172998017408	1277.843331125938
693.1511422967206	147.17778140100592	0.6571007591351099	1278.843331125938
694.6670884238014	147.83547450699086	0.6582856998517181	1279.843331125938
696.1861180085345	148.49435329498226	0.6594721233868566	1280.843331125938
697.7082358556594	149.15441924851592	0.6606600311758171	1281.843331125938
699.2334467742186	149.81567385256352	0.6618494246538903	1282.843331125938
700.7617555775623	150.47811859353186	0.6630403052563679	1283.843331125938
702.2931670833462	151.14175495926287	0.6642326744185412	1284.843331125938
703.8276861135313	151.806584439034	0.6654265335757011	1285.843331125938
705.3653174943856	152.4726085235577	0.6666218841631393	1286.843331125938
706.9060660564819	153.13982870498205	0.6678187276161468	1287.843331125938
708.449936634699	153.8082464768903	0.6690170653700149	1288.843331125938
709.9969340682227	154.47786333430082	0.6702168988600351	1289.843331125938
711.5470632005429	155.14868077366754	0.6714182295214984	1290.843331125938
713.1003288794576	155.82070029287945	0.6726210587896966	1291.843331125938
714.6567359570681	156.49392339126086	0.6738253880999203	1292.843331125938
716.2162892897832	157.1683515695717	0.6750312188874611	1293.843331125938
717.7789937383174	157.84398633000666	0.6762385525876102	1294.843331125938
719.3448541676908	158.52082917619623	0.6774473906356591	1295.843331125938
720.9138754472298	159.19888161320574	0.6786577344668989	1296.843331125938
722.4860624505658	159.87814514753615	0.6798695855166208	1297.843331125938
724.0614200556374	160.55862128712357	0.6810829452201166	1298.843331125938
725.6399531446873	161.2403115413394	0.6822978150126766	1299.843331125938
727.2216666042658	161.9232174209904	0.6835141963295931	1300.843331125938
728.8065653252281	162.6073404383185	0.6847320906061567	1301.843331125938
730.3946542027356	163.29268210700099	0.685951499277659	1302.843331125938
731.9859381362555	163.9792439421505	0.687172423779391	1303.843331125938
733.5804220295606	164.66702746031496	0.6883948655466443	1304.843331125938
735.1781107907304	165.35603417947743	0.6896188260147103	1305.843331125938
736.7790093321494	166.0462656190565	0.6908443066188799	1306.843331125938
738.383122570508	166.73772329990567	0.6920713087944443	1307.843331125938
739.9904554268032	167.43040874431415	0.6932998339766951	1308.843331125938
741.6010128263373	168.12432347600634	0.6945298836009235	1309.843331125938
743.2147996987186	168.81946902014187	0.6957614591024208	1310.843331125938
744.8318209778614	169.51584690331538	0.6969945619164784	1311.843331125938
746.4520816019856	170.21345865355738	0.6982291934783872	1312.843331125938
748.0755865136173	170.91230580033323	0.6994653552234389	1313.843331125938
749.7023406595879	171.6123898745438	0.7007030485869243	1314.843331125938
751.3323489910355	172.31371240852502	0.7019422750041351	1315.843331125938
752.9656164634036	173.01627493604838	0.7031830359103626	1316.843331125938
754.6021480364412	173.72007899232045	0.7044253327408976	1317.843331125938
756.2419486742047	174.4251261139833	0.705669166931032	1318.843331125938
757.885023345054	175.1314178391142	0.7069145399160568	1319.843331125938
759.5313770216569	175.83895570722552	0.7081614531312631	1320.843331125938
761.181014680986	176.54774125926514	0.7094099080119425	1321.843331125938
762.8339413043203	177.25777603761628	0.7106599059933859	1322.843331125938
764.4901618772446	177.9690615860972	0.7119114485108851	1323.843331125938
766.1496813896487	178.68159944996194	0.7131645369997308	1324.843331125938
767.8125048357299	179.39539117589902	0.7144191728952147	1325.843331125938
769.4786372139903	180.11043831203295	0.715675357632628	1326.843331125938
771.1480835272376	180.8267424079233	0.7169330926472619	1327.843331125938
772.8208487825865	181.54430501456488	0.7181923793744078	1328.843331125938
774.4969379914563	182.2631276843881	0.7194532192493568	1329.843331125938
776.1763561695734	182.98321197125807	0.7207156137074004	1330.843331125938
777.8591083369688	183.70455943047568	0.7219795641838296	1331.843331125938
779.545199517981	184.42717161877692	0.7232450721139361	1332.843331125938
781.2346347412524	185.15105009433307	0.7245121389330107	1333.843331125938
782.9274190397323	185.87619641675104	0.7257807660763449	1334.843331125938
784.6235574506767	186.60261214707242	0.7270509549792301	1335.843331125938
786.3230550156459	187.33029884777443	0.7283227070769572	1336.843331125938
788.0259167805071	188.05925808276965	0.729596023804818	1337.843331125938
789.7321477954331	188.78949141740583	0.7308709065981034	1338.843331125938
791.4417531149027	189.52100041846614	0.7321473568921049	1339.843331125938
793.1547377977001	190.25378665416878	0.7334253761221137	1340.843331125938
794.8711069069159	190.98785169416743	0.734704965723421	1341.843331125938
796.5908655099463	191.72319710955105	0.7359861271313182	1342.843331125938
798.3140186784934	192.459824472844	0.7372688617810965	1343.843331125938
800.0405714885653	193.1977353580058	0.7385531711080473	1344.843331125938
801.7705290204758	193.93693134043104	0.7398390565474615	1345.843331125938
803.5038963588452	194.6774139969499	0.741126519534631	1346.843331125938
805.2406785925982	195.41918490582793	0.7424155615048467	1347.843331125938
806.9808808149673	196.16224564676565	0.7437061838933999	1348.843331125938
808.724508123489	196.90659780089925	0.744998388135582	1349.843331125938
810.4715656200073	197.65224295079986	0.746292175666684	1350.843331125938
812.2220584106708	198.39918268047404	0.7475875479219974	1351.843331125938
813.9759916059347	199.14741857536364	0.7488845063368135	1352.843331125938
815.7333703205602	199.89695222234593	0.7501830523464237	1353.843331125938
817.4941996736136	200.64778520973323	0.751483187386119	1354.843331125938
819.2584847884677	201.39991912727334	0.7527849128911908	1355.843331125938
821.0262307928012	202.15335556614912	0.7540882302969303	1356.843331125938
822.797442818598	202.90809611897913	0.7553931410386288	1357.843331125938
824.5721260021489	203.6641423798169	0.7566996465515778	1358.843331125938
826.3502854840502	204.42149594415122	0.7580077482710685	1359.843331125938
828.1319264092028	205.18015840890627	0.7593174476323918	1360.843331125938
829.9170539268159	205.9401313724416	0.7606287460708396	1361.843331125938
831.7056731904022	206.70141643455202	0.7619416450217028	1362.843331125938
833.4977893577822	207.46401519646764	0.7632561459202727	1363.843331125938
835.2934075910805	208.2279292608536	0.7645722502018406	1364.843331125938
837.0925330567295	208.9931602318107	0.7658899593016979	1365.843331125938
838.8951709254653	209.75970971487493	0.7672092746551357	1366.843331125938
840.7013263723322	210.52757931701723	0.7685301976974455	1367.843331125938
842.5110045766783	211.29677064664452	0.7698527298639183	1368.843331125938
844.3242107221589	212.0672853135983	0.7711768725898456	1369.843331125938
846.1409499967344	212.83912492915567	0.7725026273105186	1370.843331125938
847.9612275926722	213.61229110602926	0.7738299954612287	1371.843331125938
849.7850487065435	214.3867854583666	0.7751589784772668	1372.843331125938
851.612418539228	215.16260960175077	0.7764895777939247	1373.843331125938
853.4433422959089	215.9397651531998	0.7778217948464933	1374.843331125938
855.2778251860772	216.7182537311674	0.7791556310702641	1375.843331125938
857.1158724235281	217.4980769555425	0.7804910879005282	1376.843331125938
858.9574892263643	218.2792364476491	0.7818281667725773	1377.843331125938
860.8026808169924	219.06173383024674	0.783166869121702	1378.843331125938
862.651452422127	219.84557072753	0.7845071963831941	1379.843331125938
864.5038092727871	220.63074876512894	0.7858491499923446	1380.843331125938
866.3597566042981	221.41726957010889	0.787192731384445	1381.843331125938
868.2192996562919	222.20513477097052	0.7885379419947867	1382.843331125938
870.0824436727046	222.99434599764976	0.7898847832586604	1383.843331125938
871.9491939017794	223.78490488151755	0.7912332566113579	1384.843331125938
873.8195555960656	224.57681305538046	0.7925833634881703	1385.843331125938
875.6935340124176	225.37007215348035	0.7939351053243888	1386.843331125938
877.5711344119959	226.16468381149411	0.7952884835553049	1387.843331125938
879.4523620602675	226.96064966653432	0.79664349961621	1388.843331125938
881.3372222270046	227.75797135714834	0.798000154942395	1389.843331125938
883.2257201862849	228.55665052331926	0.7993584509691511	1390.843331125938
885.1178612164927	229.35668880646517	0.8007183891317701	1391.843331125938
887.013650600318	230.15808784943988	0.8020799708655428	1392.843331125938
888.9130936247569	230.96084929653182	0.8034431976057607	1393.843331125938
890.8161955811111	231.76497479346529	0.8048080707877152	1394.843331125938
892.7229617649878	232.57046598739953	0.8061745918466973	1395.843331125938
894.6333974763008	233.37732452692933	0.8075427622179985	1396.843331125938
896.5475080192692	234.1855520620848	0.8089125833369099	1397.843331125938
898.4652987024183	234.9951502443309	0.8102840566387228	1398.843331125938
900.3867748385794	235.80612072656828	0.8116571835587287	1399.843331125938
902.3119417448892	236.61846516313284	0.8130319655322187	1400.843331125938
904.2408047427905	237.4321852097956	0.8144084039944841	1401.843331125938
906.1733691580326	238.2472825237632	0.8157865003808165	1402.843331125938
908.1096403206693	239.06375876367707	0.8171662561265066	1403.843331125938
910.0496235650614	239.88161558961434	0.8185476726668461	1404.843331125938
911.993324229875	240.70085466308734	0.8199307514371259	1405.843331125938
913.9407476580828	241.5214776470437	0.8213154938726377	1406.843331125938
915.8918991969622	242.34348620586627	0.8227019014086726	1407.843331125938
917.8467841980978	243.16688200537305	0.8240899754805218	1408.843331125938
919.8054080173791	243.99166671281762	0.8254797175234767	1409.843331125938
921.7677760150018	244.81784199688866	0.8268711289728286	1410.843331125938
923.7338935554674	245.6454095277105	0.8282642112638685	1411.843331125938
925.7037660075835	246.47437097684212	0.8296589658318883	1412.843331125938
927.6773987444635	247.30472801727842	0.8310553941121787	1413.843331125938
929.6547971435264	248.13648232344906	0.8324534975400311	1414.843331125938
931.6359665864975	248.96963557121933	0.833853277550737	1415.843331125938
933.6209124594077	249.80418943788982	0.8352547355795876	1416.843331125938
935.6096401525931	250.64014560219636	0.836657873061874	1417.843331125938
937.6021550606972	251.4775057443099	0.8380626914328875	1418.843331125938
939.5984625826686	252.31627154583686	0.8394691921279196	1419.843331125938
941.5985681217612	253.15644468981878	0.8408773765822612	1420.843331125938
943.6024770855358	253.99802686073275	0.8422872462312042	1421.843331125938
945.6101948858584	254.84101974449123	0.8436988025100395	1422.843331125938
947.6217269389003	255.68542502844133	0.845112046854058	1423.843331125938
949.6370786651412	256.5312444013661	0.8465269806985517	1424.843331125938
951.656255489363	257.3784795534836	0.8479436054788114	1425.843331125938
953.6792628406567	258.22713217644736	0.8493619226301288	1426.843331125938
955.7061061524171	259.077203963346	0.8507819335877946	1427.843331125938
957.7367908623462	259.9286966087036	0.8522036397871007	1428.843331125938
959.7713224124511	260.78161180847917	0.853627042663338	1429.843331125938
961.809706249045	261.6359512600677	0.8550521436517979	1430.843331125938
963.8519478227468	262.4917166622986	0.8564789441877717	1431.843331125938
965.8980525884813	263.34890971543746	0.8579074457065505	1432.843331125938
967.9480260054793	264.2075321211845	0.8593376496434257	1433.843331125938
970.0018735372773	265.0675855826754	0.8607695574336884	1434.843331125938
972.0596006517189	265.9290718044814	0.8622031705126303	1435.843331125938
974.1212128209515	266.79199249260864	0.8636384903155425	1436.843331125938
976.18671552143	267.65634935449884	0.8650755182777163	1437.843331125938
978.2561142339136	268.52214409902905	0.8665142558344426	1438.843331125938
980.3294144434693	269.3893784365111	0.8679547044210131	1439.843331125938
982.4066216394685	270.25805407869274	0.869396865472719	1440.843331125938
984.4877413155898	271.12817273875675	0.8708407404248517	1441.843331125938
986.5727789698157	271.9997361313211	0.8722863307127022	1442.843331125938
988.6617401044361	272.8727459724391	0.8737336377715619	1443.843331125938
990.754630226048	273.74720397959953	0.8751826630367224	1444.843331125938
992.8514548455498	274.6231118717264	0.8766334079434743	1445.843331125938
994.9522194781509	275.5004713691788	0.8780858739271096	1446.843331125938
997.0569296433632	276.3792841937513	0.8795400624229188	1447.843331125938
999.1655908650055	277.25955206867377	0.8809959748661939	1448.843331125938
1001.2782086712036	278.14127671861127	0.8824536126922259	1449.843331125938
1003.3947885943875	279.0244598696644	0.883912977336306	1450.843331125938
1005.5153361712939	279.9091032493683	0.8853740702337256	1451.843331125938
1007.639856942965	280.7952085866947	0.8868368928197758	1452.843331125938
1009.7683564547494	281.6827776120492	0.8883014465297483	1453.843331125938
1011.9008402563006	282.57181205727375	0.889767732798934	1454.843331125938
1014.0373139015794	283.4623136556453	0.8912357530626243	1455.843331125938
1016.177782948851	284.3542841418756	0.8927055087561102	1456.843331125938
1018.3222529606878	285.24772525211256	0.8941770013146835	1457.843331125938
1020.4707295039675	286.1426387239386	0.8956502321736355	1458.843331125938
1022.6232181498729	287.0390262963717	0.8971252027682568	1459.843331125938
1024.7797244738938	287.9368897098654	0.8986019145338393	1460.843331125938
1026.9402540558253	288.8362307063081	0.9000803689056739	1461.843331125938
1029.1048124797687	289.7370510290239	0.9015605673190521	1462.843331125938
1031.2734053341314	290.6393524227719	0.9030425112092653	1463.843331125938
1033.4460382116251	291.5431366337463	0.9045262020116045	1464.843331125938
1035.6227167092698	292.44840540957756	0.9060116411613609	1465.843331125938
1037.8034464283896	293.35516049933	0.9074988300938263	1466.843331125938
1039.988232974615	294.26340365350444	0.9089877702442914	1467.843331125938
1042.1770819578824	295.17313662403643	0.9104784630480479	1468.843331125938
1044.369998992434	296.08436116429675	0.9119709099403868	1469.843331125938
1046.5669896968184	296.9970790290919	0.9134651123565996	1470.843331125938
1048.7680596938887	297.91129197466296	0.9149610717319774	1471.843331125938
1050.9732146108063	298.8270017586873	0.9164587895018119	1472.843331125938
1053.1824600790353	299.74421014027655	0.9179582671013939	1473.843331125938
1055.3958017343477	300.6629188799784	0.9194595059660146	1474.843331125938
1057.6132452168215	301.5831297397755	0.9209625075309655	1475.843331125938
1059.83479617084	302.50484448308544	0.922467273231538	1476.843331125938
1062.060460245092	303.4280648747621	0.9239738045030232	1477.843331125938
1064.290243092573	304.35279268109366	0.9254821027807125	1478.843331125938
1066.524150370584	305.279029669804	0.9269921694998972	1479.843331125938
1068.7621877407319	306.20677761005237	0.9285040060958685	1480.843331125938
1071.0043608689284	307.13603827243304	0.9300176140039174	1481.843331125938
1073.250675425394	308.066813428976	0.9315329946593358	1482.843331125938
1075.5011370846523	308.999104853146	0.9330501494974146	1483.843331125938
1077.755751525533	309.9329143198434	0.934569079953445	1484.843331125938
1080.0145244311732	310.86824360540396	0.9360897874627185	1485.843331125938
1082.2774614890145	311.8050944875983	0.9376122734605263	1486.843331125938
1084.5445683908054	312.7434687456329	0.9391365393821598	1487.843331125938
1086.8158508325992	313.6833681601491	0.94066258666291	1488.843331125938
1089.091314514756	314.62479451322343	0.9421904167380685	1489.843331125938
1091.370965141941	315.56774958836854	0.9437200310429261	1490.843331125938
1093.6548084231267	316.5122351705311	0.9452514310127746	1491.843331125938
1095.942850071589	317.4582530460941	0.946784618082905	1492.843331125938
1098.235095804912	318.40580500287547	0.9483195936886087	1493.843331125938
1100.5315513449846	319.3548928301283	0.949856359265177	1494.843331125938
1102.8322224180017	320.3055183185412	0.9513949162479011	1495.843331125938
1105.1371147544648	321.25768326023774	0.9529352660720722	1496.843331125938
1107.4462340891798	322.2113894487776	0.9544774101729818	1497.843331125938
1109.7595861612594	323.16663867915463	0.956021349985921	1498.843331125938
1112.0771767141225	324.12343274779846	0.9575670869461812	1499.843331125938
1114.3990114954936	325.0817734525744	0.9591146224890539	1500.843331125938
1116.7250962574021	326.04166259278253	0.9606639580498297	1501.843331125938
1119.0554367561845	327.0031019691584	0.9622150950638004	1502.843331125938
1121.3900387524825	327.9660933838731	0.9637680349662572	1503.843331125938
1123.7289080112444	328.9306386405323	0.9653227791924912	1504.843331125938
1126.072050301724	329.8967395441777	0.9668793291777941	1505.843331125938
1128.4194713974805	330.8643979012858	0.9684376863574566	1506.843331125938
1130.7711770763792	331.8336155197691	0.9699978521667705	1507.843331125938
1133.127173120592	332.80439420897454	0.9715598280410269	1508.843331125938
1135.4874653165957	333.77673577968454	0.973123615415517	1509.843331125938
1137.8520594551735	334.75064204411734	0.9746892157255321	1510.843331125938
1140.2209613314142	335.72611481592594	0.9762566304063635	1511.843331125938
1142.594176744713	336.7031559101988	0.9778258608933025	1512.843331125938
1144.9717114987702	337.68176714345975	0.9793969086216405	1513.843331125938
1147.3535714015927	338.6619503336676	0.9809697750266686	1514.843331125938
1149.7397622654935	339.6437073002171	0.9825444615436782	1515.843331125938
1152.130289907089	340.6270398639374	0.9841209696079602	1516.843331125938
1154.5251601473053	341.6119498470937	0.9856993006548066	1517.843331125938
1156.9243788113718	342.5984390733863	0.9872794561195082	1518.843331125938
1159.3279517288242	343.5865093679505	0.9888614374373562	1519.843331125938
1161.7358847335045	344.5761625573572	0.990445246043642	1520.843331125938
1164.148183663561	345.5674004696123	0.9920308833736571	1521.843331125938
1166.5648543614464	346.5602249341576	0.9936183508626926	1522.843331125938
1168.9859026739205	347.5546377818692	0.9952076499460398	1523.843331125938
1171.4113344520483	348.5506408450595	0.9967987820589898	1524.843331125938
1173.8411555512018	349.5482359574756	0.9983917486368342	1525.843331125938
1176.2753718310573	350.54742495429974	0.999986551114864	1526.843331125938
1178.7139891555978	351.54820967215034	1.0015831909283708	1527.843331125938
1181.1570133931127	352.55059194908023	1.0031816695126456	1528.843331125938
1183.604450416196	353.5545736245776	1.0047819883029798	1529.843331125938
1186.0563061017488	354.56015653956666	1.0063841487346645	1530.843331125938
1188.5125863309772	355.56734253640593	1.0079881522429914	1531.843331125938
1190.9732969893932	356.5761334588899	1.0095940002632513	1532.843331125938
1193.438443966816	357.5865311522482	1.0112016942307358	1533.843331125938
1195.9080331573687	358.5985374631456	1.012811235580736	1534.843331125938
1198.3820704594814	359.6121542396821	1.0144226257485434	1535.843331125938
1200.8605617758894	360.62738333139384	1.0160358661694489	1536.843331125938
1203.343513013636	361.6442265892506	1.017650958278744	1537.843331125938
1205.8309300840676	362.662685865659	1.0192679035117203	1538.843331125938
1208.3228189028375	363.6827630144602	1.0208867033036684	1539.843331125938
1210.819185389906	364.70445989093105	1.0225073590898803	1540.843331125938
1213.3200354695366	365.7277783517833	1.024129872305647	1541.843331125938
1215.825375070302	366.752720255164	1.0257542443862595	1542.843331125938
1218.3352101250784	367.779287460656	1.0273804767670096	1543.843331125938
1220.849546571048	368.80748182927647	1.0290085708831878	1544.843331125938
1223.3683903497008	369.83730522347906	1.0306385281700863	1545.843331125938
1225.8917474068298	370.8687595071522	1.0322703500629955	1546.843331125938
1228.4196236925372	371.90184654561875	1.0339040379972075	1547.843331125938
1230.9520251612278	372.9365682056386	1.0355395934080132	1548.843331125938
1233.4889577716144	373.9729263554054	1.0371770177307036	1549.843331125938
1236.0304274867146	375.01092286454906	1.0388163124005705	1550.843331125938
1238.5764402738528	376.0505596041342	1.0404574788529048	1551.843331125938
1241.1270021046585	377.09183844666086	1.042100518522998	1552.843331125938
1243.6821189550676	378.13476126606474	1.0437454328461413	1553.843331125938
1246.2417968053219	379.1793299377159	1.045392223257626	1554.843331125938
1248.806041639968	380.22554633842105	1.0470408911927436	1555.843331125938
1251.3748594478602	381.2734123464212	1.0486914380867853	1556.843331125938
1253.9482562221558	382.3229298413926	1.0503438653750417	1557.843331125938
1256.5262379603219	383.37410070444764	1.0519981744928049	1558.843331125938
1259.1088106641284	384.4269268181331	1.0536543668753657	1559.843331125938
1261.6959803396521	385.48141006643186	1.0553124439580157	1560.843331125938
1264.2877529972764	386.537552334761	1.0569724071760462	1561.843331125938
1266.8841346516883	387.595355509974	1.058634257964748	1562.843331125938
1269.4851313218833	388.6548214803591	1.060297997759413	1563.843331125938
1272.090749031162	389.71595213563984	1.061963627995332	1564.843331125938
1274.7009938071296	390.7787493669753	1.0636311501077966	1565.843331125938
1277.3158716816988	391.84321506695954	1.0653005655320982	1566.843331125938
1279.9353886910867	392.90935112962194	1.0669718757035274	1567.843331125938
1282.5595508758176	393.97715945042734	1.068645082057376	1568.843331125938
1285.1883642807218	395.04664192627575	1.0703201860289353	1569.843331125938
1287.821834954934	396.11780045550285	1.071997189053497	1570.843331125938
1290.4599689518955	397.1906369378791	1.0736760925663513	1571.843331125938
1293.1027723293537	398.2651532746101	1.07535689800279	1572.843331125938
1295.750251149362	399.34135136833754	1.0770396067981047	1573.843331125938
1298.402411478279	400.4192331231377	1.0787242203875862	1574.843331125938
1301.05925938677	401.49880044452254	1.0804107402065262	1575.843331125938
1303.7208009498052	402.58005523943905	1.0820991676902154	1576.843331125938
1306.387042246662	403.6629994162696	1.0837895042739458	1577.843331125938
1309.0579893609226	404.747634884832	1.0854817513930084	1578.843331125938
1311.733648380475	405.8339635563791	1.0871759104826941	1579.843331125938
1314.4140253975138	406.9219873435993	1.088871982978295	1580.843331125938
1317.0991265085388	408.0117081606163	1.0905699703151013	1581.843331125938
1319.7889578143565	409.1031279229883	1.0922698739284051	1582.843331125938
1322.4835254200789	410.19624854771035	1.0939716952534977	1583.843331125938
1325.182835435123	411.291071953211	1.0956754357256697	1584.843331125938
1327.8868939732124	412.38760005935575	1.097381096780213	1585.843331125938
1330.5957071523771	413.48583478744416	1.0990886798524184	1586.843331125938
1333.309281094953	414.58577806021145	1.100798186377578	1587.843331125938
1336.0276219275802	415.6874318018287	1.102509617790982	1588.843331125938
1338.7507357812062	416.79079793790123	1.1042229755279225	1589.843331125938
1341.478628791084	417.8958783954708	1.1059382610236903	1590.843331125938
1344.211307096773	419.0026751030136	1.1076554757135773	1591.843331125938
1346.9487768421368	420.111189990441	1.1093746210328739	1592.843331125938
1349.691044175347	421.2214249891008	1.111095698416872	1593.843331125938
1352.43811524888	422.3333820317747	1.1128187093008628	1594.843331125938
1355.189996219518	423.44706305268085	1.1145436551201375	1595.843331125938
1357.9466932483492	424.562469987472	1.1162705373099875	1596.843331125938
1360.7082125007678	425.6796047732362	1.117999357305704	1597.843331125938
1363.474560146473	426.79846934849706	1.1197301165425781	1598.843331125938
1366.2457423594717	427.91906565321335	1.121462816455901	1599.843331125938
1369.0217653180755	429.04139562877936	1.1231974584809647	1600.843331125938
1371.8026352049014	430.16546121802446	1.1249340440530597	1601.843331125938
1374.588358206873	431.2912643652129	1.1266725746074775	1602.843331125938
1377.3789405152206	432.4188070160452	1.1284130515795099	1603.843331125938
1380.1743883254783	433.54809111765627	1.1301554764044472	1604.843331125938
1382.9747078374876	434.67911861861677	1.1318998505175815	1605.843331125938
1385.7799052553955	435.81189146893274	1.1336461753542038	1606.843331125938
1388.5899867876544	436.9464116200448	1.1353944523496051	1607.843331125938
1391.4049586470237	438.0826810248299	1.1371446829390772	1608.843331125938
1394.224827050568	439.2207016375996	1.1388968685579113	1609.843331125938
1397.0495982196571	440.36047541410045	1.140651010641398	1610.843331125938
1399.8792783799681	441.5020043115156	1.14240711062483	1611.843331125938
1402.7138737614825	442.6452902884619	1.144165169943497	1612.843331125938
1405.553390598489	443.79033530499265	1.145925190032691	1613.843331125938
1408.3978351295812	444.9371413225962	1.1476871723277036	1614.843331125938
1411.2472135976582	446.08571030419523	1.149451118263825	1615.843331125938
1414.1015322499275	447.2360442141493	1.151217029276348	1616.843331125938
1416.9607973378997	448.38814501825175	1.1529849068005626	1617.843331125938
1419.825015117392	449.54201468373265	1.1547547522717607	1618.843331125938
1422.6941918485277	450.69765517925623	1.1565265671252336	1619.843331125938
1425.5683337957369	451.8550684749222	1.158300352796272	1620.843331125938
1428.4474472277539	453.01425654226625	1.1600761107201683	1621.843331125938
1431.3315384176194	454.1752213542585	1.1618538423322124	1622.843331125938
1434.2206136426807	455.33796488530504	1.1636335490676966	1623.843331125938
1437.114679184591	456.50248911124703	1.165415232361912	1624.843331125938
1440.0137413293082	457.6687960093603	1.1671988936501496	1625.843331125938
1442.9178063670972	458.8368875583571	1.168984534367701	1626.843331125938
1445.8268805925275	460.006765738384	1.170772155949857	1627.843331125938
1448.7409703044761	461.17843253102336	1.1725617598319094	1628.843331125938
1451.6600818061243	462.3518899192929	1.174353347449149	1629.843331125938
1454.5842214049603	463.5271398876451	1.1761469202368673	1630.843331125938
1457.5133954127784	464.7041844219685	1.1779424796303557	1631.843331125938
1460.4476101456787	465.88302550958605	1.1797400270649057	1632.843331125938
1463.3868719240656	467.0636651392569	1.181539563975808	1633.843331125938
1466.3311870726507	468.24610530117496	1.1833410917983542	1634.843331125938
1469.2805619204516	469.4303479869694	1.1851446119678353	1635.843331125938
1472.235002800792	470.6163951897049	1.1869501259195432	1636.843331125938
1475.1945160513005	471.804248903881	1.1887576350887687	1637.843331125938
1478.159108013912	472.9939111254332	1.1905671409108034	1638.843331125938
1481.1287850348672	474.185383851732	1.1923786448209384	1639.843331125938
1484.1035534647124	475.37866908158287	1.1941921482544644	1640.843331125938
1487.0834196583016	476.57376881522714	1.1960076526466739	1641.843331125938
1490.0683899747917	477.7706850543409	1.197825159432857	1642.843331125938
1493.0584707776472	478.9694198020359	1.1996446700483054	1643.843331125938
1496.0536684346391	480.16997506285907	1.201466185928311	1644.843331125938
1499.0539893178432	481.3723528427925	1.203289708508164	1645.843331125938
1502.0594398036412	482.5765551492537	1.2051152392231566	1646.843331125938
1505.0700262727205	483.78258399109546	1.2069427795085794	1647.843331125938
1508.0857551100753	484.99044137860614	1.2087723307997242	1648.843331125938
1511.1066327050055	486.20012932350875	1.2106038945318822	1649.843331125938
1514.1326654511158	487.411649838962	1.2124374721403444	1650.843331125938
1517.1638597463175	488.6250049395599	1.2142730650604021	1651.843331125938
1520.2002219928283	489.8401966413317	1.216110674727347	1652.843331125938
1523.2417585971716	491.05722696174206	1.2179503025764702	1653.843331125938
1526.2884759701749	492.2760979196906	1.2197919500430627	1654.843331125938
1529.340380526974	493.4968115355124	1.221635618562416	1655.843331125938
1532.3974786870097	494.71936983097805	1.2234813095698214	1656.843331125938
1535.4597768740275	495.94377482929315	1.2253290245005697	1657.843331125938
1538.5272815160808	497.1700285550987	1.227178764789953	1658.843331125938
1541.5999990455275	498.39813303447124	1.2290305318732622	1659.843331125938
1544.677935899032	499.62809029492166	1.2308843271857883	1660.843331125938
1547.7610985175638	500.8599023653975	1.232740152162823	1661.843331125938
1550.8494933463992	502.0935712762805	1.234598008239657	1662.843331125938
1553.9431268351207	503.32909905938857	1.236457896851583	1663.843331125938
1557.0420054376139	504.56648774797407	1.2383198194338905	1664.843331125938
1560.1461356120742	505.8057393767248	1.2401837774218716	1665.843331125938
1563.255523821001	507.0468559817646	1.2420497722508177	1666.843331125938
1566.3701765311991	508.2898396006519	1.2439178053560203	1667.843331125938
1569.4901002137792	509.5346922723805	1.24578787817277	1668.843331125938
1572.6153013441588	510.78141603737976	1.2476599921363585	1669.843331125938
1575.74578640206	512.0300129375139	1.2495341486820766	1670.843331125938
1578.8815618715134	513.280485016083	1.2514103492452164	1671.843331125938
1582.0226342408514	514.5328343178219	1.2532885952610684	1672.843331125938
1585.169010002716	515.7870628889011	1.2551688881649246	1673.843331125938
1588.3206956540535	517.0431727769262	1.2570512293920755	1674.843331125938
1591.477697696115	518.301166030938	1.2589356203778128	1675.843331125938
1594.64002263446	519.5610447014133	1.260822062557428	1676.843331125938
1597.8076769789523	520.8228108402625	1.262710557366212	1677.843331125938
1600.9806672437614	522.0864665008337	1.2646011062394564	1678.843331125938
1604.158999947363	523.3520137379082	1.266493710612452	1679.843331125938
1607.3426816125393	524.6194546077036	1.2683883719204907	1680.843331125938
1610.5317187663773	525.8887911678727	1.2702850915988635	1681.843331125938
1613.7261179402697	527.160025477503	1.2721838710828612	1682.843331125938
1616.9258856699173	528.4331595971187	1.2740847118077758	1683.843331125938
1620.131028495324	529.7081955886777	1.2759876152088983	1684.843331125938
1623.3415529608017	530.9851355155736	1.2778925827215197	1685.843331125938
1626.557465614967	532.2639814426361	1.2797996157809322	1686.843331125938
1629.778773010742	533.5447354361293	1.2817087158224258	1687.843331125938
1633.0054817053563	534.8273995637533	1.283619884281293	1688.843331125938
1636.2375982603437	536.1119758946431	1.2855331225928242	1689.843331125938
1639.4751292415453	537.3984664993682	1.287448432192311	1690.843331125938
1642.718081219106	538.6868734499353	1.2893658145150444	1691.843331125938
1645.9664607674786	539.9771988197847	1.2912852709963163	1692.843331125938
1649.2202744654226	541.2694446837927	1.2932068030714177	1693.843331125938
1652.479528896	542.5636131182705	1.2951304121756397	1694.843331125938
1655.7442306465812	543.8597062009651	1.297056099744274	1695.843331125938
1659.0143863088413	545.1577260110589	1.2989838672126113	1696.843331125938
1662.2900024787618	546.457674629169	1.300913716015943	1697.843331125938
1665.5710857566307	547.7595541373477	1.3028456475895602	1698.843331125938
1668.8576427470416	549.0633666190834	1.3047796633687554	1699.843331125938
1672.149680058893	550.3691141592986	1.3067157647888183	1700.843331125938
1675.4472043053893	551.6767988443529	1.3086539532850412	1701.843331125938
1678.7502221040422	552.9864227620395	1.3105942302927152	1702.843331125938
1682.058740076668	554.2979880015872	1.312536597247131	1703.843331125938
1685.3727648493907	555.611496653661	1.314481055583581	1704.843331125938
1688.692303052636	556.9269508103602	1.316427606737355	1705.843331125938
1692.0173613211402	558.2443525652199	1.3183762521437457	1706.843331125938
1695.3479462939433	559.5637040132106	1.3203269932380433	1707.843331125938
1698.6840646143917	560.8850072507371	1.32227983145554	1708.843331125938
1702.0257229301367	562.208264375641	1.3242347682315265	1709.843331125938
1705.3729278931364	563.5334774871978	1.3261918050012942	1710.843331125938
1708.7256861596547	564.8606486861199	1.3281509432001344	1711.843331125938
1712.0840043902604	566.1897800745533	1.330112184263338	1712.843331125938
1715.4478892498298	567.5208737560797	1.3320755296261968	1713.843331125938
1718.8173474075443	568.8539318357173	1.3340409807240023	1714.843331125938
1722.192385536891	570.1889564199178	1.3360085389920453	1715.843331125938
1725.5730103156618	571.5259496165697	1.3379782058656169	1716.843331125938
1728.959228425958	572.864913534996	1.339949982780009	1717.843331125938
1732.3510465541826	574.2058502859551	1.3419238711705124	1718.843331125938
1735.7484713910462	575.5487619816408	1.3438998724724183	1719.843331125938
1739.151509631567	576.8936507356821	1.3458779881210186	1720.843331125938
1742.5601679750664	578.2405186631435	1.347858219551604	1721.843331125938
1745.974453125172	579.5893678805246	1.349840568199466	1722.843331125938
1749.3943717898205	580.9402005057599	1.3518250354998962	1723.843331125938
1752.8199306812496	582.2930186582201	1.3538116228881854	1724.843331125938
1756.2511365160053	583.6478244587106	1.3558003317996246	1725.843331125938
1759.6879960149402	585.0046200294723	1.3577911636695057	1726.843331125938
1763.1305159032129	586.363407494181	1.35978411993312	1727.843331125938
1766.5787029102848	587.7241889779482	1.3617792020257582	1728.843331125938
1770.0325637699275	589.0869666073206	1.3637764113827122	1729.843331125938
1773.492105220215	590.4517425102802	1.3657757494392728	1730.843331125938
1776.9573340035297	591.818518816244	1.367777217630732	1731.843331125938
1780.428256866557	593.1872976560651	1.36978081739238	1732.843331125938
1783.904880560292	594.5580811620305	1.3717865501595092	1733.843331125938
1787.3872118400297	595.9308714678643	1.3737944173674097	1734.843331125938
1790.875257465379	597.3056707087242	1.375804420451374	1735.843331125938
1794.369024200249	598.682481021204	1.3778165608466926	1736.843331125938
1797.8685188128563	600.0613045433331	1.3798308399886574	1737.843331125938
1801.3737480757222	601.4421434145755	1.3818472593125588	1738.843331125938
1804.8847187656756	602.8249997758306	1.3838658202536886	1739.843331125938
1808.4014376638506	604.2098757694336	1.3858865242473382	1740.843331125938
1811.9239115556868	605.5967735391545	1.3879093727287986	1741.843331125938
1815.4521472309311	606.985695230199	1.3899343671333613	1742.843331125938
1818.9861514836332	608.3766429892074	1.3919615088963173	1743.843331125938
1822.5259311121526	609.7696189642562	1.3939907994529581	1744.843331125938
1826.0714929191515	611.1646253048563	1.3960222402385747	1745.843331125938
1829.6228437116001	612.5616641619548	1.3980558326884591	1746.843331125938
1833.1799903007732	613.9607376879331	1.400091578237902	1747.843331125938
1836.7429395022523	615.3618480366088	1.4021294783221947	1748.843331125938
1840.3116981359226	616.7649973632342	1.4041695343766285	1749.843331125938
1843.8862730259784	618.1701878244971	1.4062117478364946	1750.843331125938
1847.466671000919	619.5774215785209	1.4082561201370847	1751.843331125938
1851.0528988935473	620.9867007848636	1.41030265271369	1752.843331125938
1854.6449635409747	622.3980276045186	1.4123513470016011	1753.843331125938
1858.242871784618	623.8114041999154	1.4144022044361102	1754.843331125938
1861.8466304701974	625.2268327349182	1.4164552264525077	1755.843331125938
1865.456246447743	626.6443153748262	1.4185104144860854	1756.843331125938
1869.071726571589	628.0638542863746	1.420567769972135	1757.843331125938
1872.6930777003722	629.485451637733	1.4226272943459468	1758.843331125938
1876.3203066970407	630.9091095985075	1.4246889890428125	1759.843331125938
1879.9534204288457	632.3348303397381	1.4267528554980236	1760.843331125938
1883.592425767345	633.7626160339014	1.4288188951468714	1761.843331125938
1887.2373295884008	635.1924688549082	1.430887109424647	1762.843331125938
1890.8881387721826	636.6243909781053	1.4329574997666414	1763.843331125938
1894.5448602031665	638.0583845802747	1.4350300676081464	1764.843331125938
1898.207500770133	639.494451839633	1.4371048143844534	1765.843331125938
1901.876067366167	640.9325949358335	1.4391817415308528	1766.843331125938
1905.5505668886638	642.3728160499636	1.441260850482637	1767.843331125938
1909.2310062393203	643.8151173645456	1.443342142675096	1768.843331125938
1912.9173923241408	645.2595010635389	1.445425619543522	1769.843331125938
1916.6097320534366	646.7059693323367	1.4475112825232062	1770.843331125938
1920.3080323418237	648.1545243577675	1.4495991330494398	1771.843331125938
1924.012300108224	649.6051683280959	1.451689172557514	1772.843331125938
1927.7225422758636	651.0579034330217	1.4537814024827198	1773.843331125938
1931.4387657722796	652.5127318636789	1.455875824260349	1774.843331125938
1935.1609775293095	653.9696558126382	1.4579724393256928	1775.843331125938
1938.8891844830996	655.4286774739044	1.4600712491140422	1776.843331125938
1942.6233935740997	656.8897990429192	1.4621722550606884	1777.843331125938
1946.3636117470694	658.3530227165572	1.4642754586009232	1778.843331125938
1950.1098459510713	659.8183506931306	1.4663808611700377	1779.843331125938
1953.8621031394734	661.2857851723855	1.4684884642033231	1780.843331125938
1957.6203902699503	662.7553283555036	1.4705982691360702	1781.843331125938
1961.3847143044845	664.2269824451025	1.472710277403571	1782.843331125938
1965.1550822093614	665.7007496452339	1.4748244904411165	1783.843331125938
1968.9315009551733	667.1766321613865	1.4769409096839978	1784.843331125938
1972.7139775168198	668.6546322004824	1.4790595365675068	1785.843331125938
1976.5025188735044	670.1347519708801	1.481180372526934	1786.843331125938
1980.2971320087374	671.6169936823733	1.4833034189975711	1787.843331125938
1984.0978239103338	673.1013595461909	1.4854286774147092	1788.843331125938
1987.9046015704178	674.5878517749968	1.4875561492136402	1789.843331125938
1991.7174719854152	676.0764725828906	1.4896858358296545	1790.843331125938
1995.53644215606	677.5672241854068	1.4918177386980438	1791.843331125938
1999.361519087392	679.0601087995158	1.4939518592540992	1792.843331125938
2003.192709788757	680.5551286436225	1.4960881989331125	1793.843331125938
2007.0300212738052	682.0522859375681	1.4982267591703744	1794.843331125938
2010.8734605604936	683.5515829026278	1.5003675414011761	1795.843331125938
2014.7230346710871	685.0530217615133	1.5025105470608096	1796.843331125938
2018.5787506321528	686.5566047383709	1.5046557775845655	1797.843331125938
2022.440615474566	688.0623340587822	1.5068032344077351	1798.843331125938
2026.3086362335075	689.5702119497646	1.5089529189656106	1799.843331125938
2030.1828199484635	691.0802406397702	1.5111048326934822	1800.843331125938
2034.0631736632258	692.5924223586867	1.5132589770266411	1801.843331125938
2037.9497044258942	694.106759337837	1.5154153534003796	1802.843331125938
2041.8424192888715	695.6232538099794	1.5175739632499883	1803.843331125938
2045.7413253088678	697.1419080093074	1.5197348080107584	1804.843331125938
2049.6464295468995	698.6627241714498	1.5218978891179815	1805.843331125938
2053.5577390682893	700.1857045334705	1.5240632080069494	1806.843331125938
2057.4752609426623	701.7108513338692	1.5262307661129522	1807.843331125938
2061.399002243955	703.2381668125804	1.5284005648712817	1808.843331125938
2065.328970050403	704.7676532109745	1.530572605717229	1809.843331125938
2069.2651714445547	706.299312771856	1.5327468900860861	1810.843331125938
2073.2076135132597	707.8331477394656	1.5349234194131438	1811.843331125938
2077.156303347675	709.36916035948	1.537102195133693	1812.843331125938
2081.1112480432657	710.9073528790093	1.5392832186830256	1813.843331125938
2085.0724546997967	712.4477275466006	1.5414664914964322	1814.843331125938
2089.039930421345	713.9902866122356	1.5436520150092048	1815.843331125938
2093.013682316291	715.5350323273306	1.5458397906566343	1816.843331125938
2096.9937174973215	717.0819669447387	1.5480298198740123	1817.843331125938
2100.980043081427	718.6310927187473	1.5502221040966295	1818.843331125938
2104.9726661899067	720.1824119050788	1.5524166447597776	1819.843331125938
2108.971593948366	721.7359267608921	1.5546134432987484	1820.843331125938
2112.976833486711	723.2916395447802	1.5568125011488319	1821.843331125938
2116.98839193916	724.849552516772	1.5590138197453203	1822.843331125938
2121.0062764442346	726.4096679383312	1.5612174005235042	1823.843331125938
2125.030494144762	727.9719880723579	1.563423244918676	1824.843331125938
2129.061052187875	729.5365151831862	1.565631354366126	1825.843331125938
2133.0979577250137	731.1032515365858	1.5678417303011458	1826.843331125938
2137.1412179119225	732.6721993997627	1.5700543741590267	1827.843331125938
2141.190839908652	734.2433610413567	1.5722692873750597	1828.843331125938
2145.2468308795605	735.816738731444	1.5744864713845366	1829.843331125938
2149.3091979933088	737.3923347415357	1.5767059276227482	1830.843331125938
2153.377948422868	738.9701513445773	1.5789276575249862	1831.843331125938
2157.45308934551	740.550190814952	1.5811516625265418	1832.843331125938
2161.5346279428163	742.1324554284754	1.5833779440627058	1833.843331125938
2165.6225714006737	743.7169474624006	1.5856065035687705	1834.843331125938
2169.716926909273	745.3036691954148	1.587837342480026	1835.843331125938
2173.8177016631125	746.8926229076408	1.5900704622317638	1836.843331125938
2177.924902860997	748.4838108806368	1.592305864259276	1837.843331125938
2182.0385377060347	750.0772353973962	1.594543549997853	1838.843331125938
2186.1586134056415	751.672898742348	1.5967835208827865	1839.843331125938
2190.285137171541	753.2708032013559	1.5990257783493682	1840.843331125938
2194.418116219758	754.8709510617189	1.6012703238328885	1841.843331125938
2198.5575577706263	756.4733446121722	1.6035171587686392	1842.843331125938
2202.7034690487853	758.0779861428853	1.6057662845919114	1843.843331125938
2206.8558572831803	759.6848779454635	1.6080177027379965	1844.843331125938
2211.0147297070607	761.2940223129476	1.6102714146421855	1845.843331125938
2215.1800935579845	762.9054215398126	1.61252742173977	1846.843331125938
2219.3519560778145	764.5190779219699	1.6147857254660414	1847.843331125938
2223.530324512718	766.1349937567661	1.6170463272562907	1848.843331125938
2227.71520611317	767.7531713429821	1.6193092285458093	1849.843331125938
2231.9066081339515	769.3736129808358	1.6215744307698885	1850.843331125938
2236.104537834146	770.9963209719785	1.623841935363819	1851.843331125938
2240.3090024771477	772.6212976194984	1.626111743762893	1852.843331125938
2244.5200093306544	774.2485452279182	1.6283838574024014	1853.843331125938
2248.7375656666686	775.8780661031949	1.630658277717635	1854.843331125938
2252.9616787615	777.5098625527235	1.632935006143886	1855.843331125938
2257.1923558957646	779.1439368853316	1.635214044116445	1856.843331125938
2261.429604354384	780.7802914112835	1.6374953930706038	1857.843331125938
2265.673431426585	782.4189284422785	1.6397790544416533	1858.843331125938
2269.9238444059	784.0598502914506	1.6420650296648844	1859.843331125938
2274.1808505901686	785.703059273371	1.644353320175589	1860.843331125938
2278.4444572815355	787.3485577040432	1.6466439274090583	1861.843331125938
2282.7146717864516	788.9963479009083	1.6489368528005839	1862.843331125938
2286.991501415674	790.6464321828422	1.6512320977854567	1863.843331125938
2291.2749534842633	792.2988128701553	1.6535296637989674	1864.843331125938
2295.5650353115893	793.9534922845945	1.6558295522764082	1865.843331125938
2299.861754221325	795.6104727493413	1.6581317646530698	1866.843331125938
2304.1651175414513	797.2697565890122	1.6604363023642437	1867.843331125938
2308.4751326042547	798.9313461296598	1.662743166845221	1868.843331125938
2312.791806746326	800.595243698771	1.6650523595312938	1869.843331125938
2317.1151473085633	802.261451625269	1.6673638818577523	1870.843331125938
2321.4451616361694	803.9299722395117	1.6696777352598882	1871.843331125938
2325.781857078655	805.6008078732925	1.671993921172993	1872.843331125938
2330.1252409898343	807.2739608598399	1.674312441032358	1873.843331125938
2334.4753207278286	808.9494335338177	1.6766332962732737	1874.843331125938
2338.8321036550656	810.6272282313255	1.6789564883310324	1875.843331125938
2343.195597138277	812.3073472898973	1.6812820186409247	1876.843331125938
2347.565808548504	813.9897930485031	1.6836098886382422	1877.843331125938
2351.9427452610885	815.6745678475479	1.6859400997582763	1878.843331125938
2356.326414655682	817.3616740288721	1.6882726534363177	1879.843331125938
2360.716824116241	819.0511139357518	1.6906075511076584	1880.843331125938
2365.1139810310283	820.742889912897	1.692944794207589	1881.843331125938
2369.5178927926113	822.4370043064548	1.6952843841714014	1882.843331125938
2373.9285667978634	824.1334594640064	1.6976263224343864	1883.843331125938
2378.3460104479664	825.8322577345684	1.6999706104318353	1884.843331125938
2382.7702311484054	827.5334014685932	1.7023172495990402	1885.843331125938
2387.201236308971	829.236893017968	1.704666241371291	1886.843331125938
2391.6390333437616	830.9427347360158	1.7070175871838802	1887.843331125938
2396.083629671181	832.6509289774945	1.7093712884720986	1888.843331125938
2400.5350327139377	834.361478098597	1.7117273466712373	1889.843331125938
2404.993249899046	836.0743844569524	1.7140857632165878	1890.843331125938
2409.4582886578296	837.7896504116238	1.7164465395434414	1891.843331125938
2413.930156425913	839.5072783231112	1.7188096770870895	1892.843331125938
2418.4088606432288	841.227270553349	1.7211751772828228	1893.843331125938
2422.894408754018	842.949629465706	1.7235430415659334	1894.843331125938
2427.386808206823	844.6743574249883	1.725913271371712	1895.843331125938
2431.8860664544945	846.4014567974355	1.7282858681354496	1896.843331125938
2436.392190954189	848.1309299507236	1.7306608332924385	1897.843331125938
2440.90518916737	849.8627792539633	1.7330381682779694	1898.843331125938
2445.4250685598035	851.5970070777007	1.7354178745273332	1899.843331125938
2449.9518366015636	853.3336157939177	1.737799953475822	1900.843331125938
2454.4855007670308	855.0726077760306	1.7401844065587264	1901.843331125938
2459.026068534891	856.813985398892	1.7425712352113378	1902.843331125938
2463.573547388135	858.5577510387885	1.744960440868948	1903.843331125938
2468.1279448140604	860.3039070734432	1.747352024966848	1904.843331125938
2472.689268304271	862.052455882014	1.7497459889403288	1905.843331125938
2477.2575253546747	863.8033998450938	1.7521423342246816	1906.843331125938
2481.832723465487	865.5567413447121	1.7545410622551982	1907.843331125938
2486.4148701412287	867.3124827643315	1.7569421744671694	1908.843331125938
2491.0039728907273	869.0706264888519	1.7593456722958867	1909.843331125938
2495.6000392271144	870.8311749046073	1.7617515571766416	1910.843331125938
2500.2030766678295	872.5941303993677	1.764159830544725	1911.843331125938
2504.8130927346165	874.3594953623378	1.7665704938354283	1912.843331125938
2509.430094953526	876.1272721841578	1.7689835484840433	1913.843331125938
2514.0540908549124	877.8974632569036	1.77139899592586	1914.843331125938
2518.6850879734397	879.6700709740858	1.7738168375961711	1915.843331125938
2523.3230938480747	881.4450977306503	1.776237074930267	1916.843331125938
2527.968116022092	883.2225459229792	1.7786597093634395	1917.843331125938
2532.620162043071	885.0024179488889	1.7810847423309797	1918.843331125938
2537.279239462897	886.7847162076309	1.7835121752681784	1919.843331125938
2541.9453558377604	888.5694430998935	1.7859420096103278	1920.843331125938
2546.6185187281594	890.3566010277984	1.7883742467927182	1921.843331125938
2551.298735698897	892.1461923949039	1.7908088882506414	1922.843331125938
2555.9860143190817	893.9382196062033	1.7932459354193888	1923.843331125938
2560.6803621621298	895.732685068125	1.7956853897342513	1924.843331125938
2565.3817868057604	897.5295911885323	1.7981272526305205	1925.843331125938
2570.0902958320007	899.3289403767249	1.8005715255434875	1926.843331125938
2574.805896827184	901.1307350434367	1.803018209908444	1927.843331125938
2579.528597381947	902.9349776008378	1.8054673071606808	1928.843331125938
2584.2584050912346	904.7416704625323	1.807918818735489	1929.843331125938
2588.9953275542975	906.5508160435611	1.8103727460681605	1930.843331125938
2593.739372374692	908.3624167603998	1.8128290905939863	1931.843331125938
2598.4905471602783	910.1764750309585	1.8152878537482575	1932.843331125938
2603.2488595232253	911.992993274584	1.8177490369662659	1933.843331125938
2608.014317080006	913.8119739120573	1.8202126416833018	1934.843331125938
2612.7869274513996	915.6334193655955	1.8226786693346575	1935.843331125938
2617.5666982624934	917.4573320588499	1.825147121355624	1936.843331125938
2622.3536371426762	919.2837144169082	1.827617999181492	1937.843331125938
2627.1477517256467	921.112568866293	1.8300913042475537	1938.843331125938
2631.9490496494063	922.9438978349617	1.8325670379890997	1939.843331125938
2636.7575385562664	924.7777037523081	1.8350452018414218	1940.843331125938
2641.5732260928385	926.6139890491602	1.8375257972398107	1941.843331125938
2646.3961199100454	928.4527561577814	1.840008825619558	1942.843331125938
2651.2262276631122	930.2940075118714	1.8424942884159548	1943.843331125938
2656.0635570115733	932.1377455465639	1.8449821870642926	1944.843331125938
2660.908115619265	933.983972698429	1.847472522999863	1945.843331125938
2665.7599111543327	935.8326914054713	1.8499652976579568	1946.843331125938
2670.6189512892247	937.6839041071311	1.852460512473865	1947.843331125938
2675.4852437006984	939.5376132442833	1.8549581688828798	1948.843331125938
2680.358796069814	941.3938212592394	1.8574582683202912	1949.843331125938
2685.23961608194	943.2525305957453	1.8599608122213918	1950.843331125938
2690.1277114267505	945.1137436989819	1.8624658020214722	1951.843331125938
2695.023089798223	946.9774630155661	1.8649732391558234	1952.843331125938
2699.9257588946434	948.8436909935504	1.8674831250597372	1953.843331125938
2704.8357264186047	950.7124300824207	1.8699954611685052	1954.843331125938
2709.7530000770007	952.5836827331004	1.8725102489174177	1955.843331125938
2714.6775875810367	954.4574513979476	1.8750274897417667	1956.843331125938
2719.6094966462206	956.3337385307543	1.8775471850768433	1957.843331125938
2724.548734992367	958.2125465867498	1.8800693363579388	1958.843331125938
2729.4953103435946	960.0938780225972	1.8825939450203442	1959.843331125938
2734.449230428334	961.9777352963958	1.8851210124993516	1960.843331125938
2739.4105029793122	963.86412086768	1.8876505402302513	1961.843331125938
2744.379135733571	965.7530371974187	1.8901825296483348	1962.843331125938
2749.355136432453	967.6444867480175	1.892716982188894	1963.843331125938
2754.338512821607	969.538471983316	1.8952538992872192	1964.843331125938
2759.3292726509912	971.4349953685896	1.897793282378603	1965.843331125938
2764.3274236748643	973.3340593705493	1.900335132898335	1966.843331125938
2769.3329736517962	975.2356664573408	1.902879452281708	1967.843331125938
2774.345930344659	977.1398190985456	1.9054262419640127	1968.843331125938
2779.366301520631	979.0465197651802	1.9079755033805401	1969.843331125938
2784.394094951199	980.9557709296964	1.9105272379665816	1970.843331125938
2789.4293184121534	982.8675750659818	1.9130814471574291	1971.843331125938
2794.47197968359	984.7819346493579	1.9156381323883729	1972.843331125938
2799.522086549913	986.6988521565836	1.918197295094705	1973.843331125938
2804.5796467998302	988.6183300658508	1.9207589367117166	1974.843331125938
2809.644668226356	990.540370856789	1.9233230586746988	1975.843331125938
2814.7171586268105	992.4649770104609	1.925889662418943	1976.843331125938
2819.79712580282	994.3921510093655	1.92845874937974	1977.843331125938
2824.884577560317	996.3218953374374	1.931030320992382	1978.843331125938
2829.979521709538	998.2542124800461	1.933604378692159	1979.843331125938
2835.081966065028	1000.1891049239962	1.9361809239143637	1980.843331125938
2840.1919184456374	1002.1265751575274	1.9387599580942867	1981.843331125938
2845.3093866745203	1004.0666256703155	1.9413414826672188	1982.843331125938
2850.434378579139	1006.0092589534711	1.9439254990684525	1983.843331125938
2855.5669019912593	1007.9544774995403	1.9465120087332777	1984.843331125938
2860.706964746957	1009.9022838025043	1.9491010130969868	1985.843331125938
2865.854574686608	1011.8526803577791	1.9516925135948704	1986.843331125938
2871.0097396549	1013.8056696622169	1.95428651166222	1987.843331125938
2876.1724675008227	1015.7612542141052	1.9568830087343274	1988.843331125938
2881.3427660776715	1017.7194365131655	1.9594820062464826	1989.843331125938
2886.5206432430505	1019.6802190605564	1.962083505633978	1990.843331125938
2891.7061068588673	1021.6436043588707	1.9646875083321047	1991.843331125938
2896.8991647913376	1023.609594912136	1.9672940157761536	1992.843331125938
2902.09982491098	1025.5781932258164	1.9699030294014162	1993.843331125938
2907.3080950926205	1027.549401806811	1.9725145506431838	1994.843331125938
2912.5239832153916	1029.5232231634536	1.9751285809367476	1995.843331125938
2917.7474971627307	1031.4996598055138	1.977745121717399	1996.843331125938
2922.978644822382	1033.4787142441958	1.9803641744204292	1997.843331125938
2928.2174340863958	1035.4603889921405	1.9829857404811295	1998.843331125938
2933.463872851125	1037.4446865634222	1.985609821334791	1999.843331125938
2938.7179690172325	1039.4316094735527	1.9882364184167054	2000.843331125938
2943.979730489686	1041.421160239477	1.990865533162164	2001.843331125938
2949.2491651777573	1043.4133413795764	1.9934971670064576	2002.843331125938
2954.5262809950254	1045.408155413668	1.9961313213848775	2003.843331125938
2959.811085859375	1047.405604863003	1.9987679977327153	2004.843331125938
2965.1035876929973	1049.4056922502682	2.001407197485262	2005.843331125938
2970.40379442239	1051.4084200995867	2.0040489220778097	2006.843331125938
2975.7117139783522	1053.4137909365156	2.006693172945648	2007.843331125938
2981.027354295996	1055.4218072880483	2.00933995152407	2008.843331125938
2986.350723314731	1057.4324716826127	2.0119892592483657	2009.843331125938
2991.6818289782823	1059.4457866500718	2.0146410975538274	2010.843331125938
2997.020679234671	1061.4617547217256	2.017295467875745	2011.843331125938
3002.3672820362335	1063.4803784303072	2.0199523716494117	2012.843331125938
3007.721645339602	1065.5016603099868	2.0226118103101167	2013.843331125938
3013.083777105725	1067.5256028963686	2.0252737852931526	2014.843331125938
3018.4536852998513	1069.5522087264922	2.027938298033811	2015.843331125938
3023.8313778915326	1071.5814803388337	2.030605349967382	2016.843331125938
3029.2168628546324	1073.613420273303	2.0332749425291574	2017.843331125938
3034.610148167319	1075.6480310712466	2.0359470771544292	2018.843331125938
3040.0112418120607	1077.685315275445	2.038621755278487	2019.843331125938
3045.4201517756414	1079.7252754301148	2.0412989783366235	2020.843331125938
3050.8368860491437	1081.7679140809078	2.04397874776413	2021.843331125938
3056.2614526279576	1083.813233774911	2.0466610649962966	2022.843331125938
3061.69385951178	1085.861237060647	2.049345931468416	2023.843331125938
3067.1341147046123	1087.9119264880733	2.0520333486157782	2024.843331125938
3072.582226214763	1089.9653046085823	2.054723317873675	2025.843331125938
3078.0382020548486	1092.0213739750025	2.0574158406773986	2026.843331125938
3083.5020502417838	1094.0801371415973	2.0601109184622386	2027.843331125938
3088.9737787968	1096.1415966640657	2.062808552663488	2028.843331125938
3094.453395745424	1098.2057550995419	2.0655087447164364	2029.843331125938
3099.9409091174966	1100.2726150065942	2.068211496056376	2030.843331125938
3105.436326947159	1102.3421789452286	2.0709168081185982	2031.843331125938
3110.93965727286	1104.4144494768839	2.0736246823383935	2032.843331125938
3116.4509081373594	1106.4894291644364	2.0763351201510547	2033.843331125938
3121.9700875877143	1108.5671205721956	2.079048122991872	2034.843331125938
3127.4972036752897	1110.6475262659078	2.081763692296136	2035.843331125938
3133.032264455762	1112.730648812754	2.084481829499139	2036.843331125938
3138.575277989108	1114.8164907813507	2.0872025360361723	2037.843331125938
3144.1262523396135	1116.9050547417496	2.0899258133425267	2038.843331125938
3149.6851955758675	1118.9963432654374	2.0926516628534944	2039.843331125938
3155.252115770766	1121.0903589253364	2.095380086004365	2040.843331125938
3160.8270210015135	1123.1871042958046	2.098111084230432	2041.843331125938
3166.409919349614	1125.2865819526342	2.1008446589669836	2042.843331125938
3172.0008189008863	1127.3887944730536	2.103580811649315	2043.843331125938
3177.5997277454458	1129.4937444357265	2.106319543712714	2044.843331125938
3183.206653977719	1131.601434420751	2.1090608565924738	2045.843331125938
3188.8216056964393	1133.711867009662	2.111804751723885	2046.843331125938
3194.4445910046447	1135.825044785428	2.11455123054224	2047.843331125938
3200.0756180096714	1137.9409703324532	2.1173002944828268	2048.8433311259378
3205.714694823175	1140.059646236579	2.1200519449809403	2049.8433311259378
3211.3618295611122	1142.1810750850796	2.1228061834718717	2050.8433311259378
3217.017030343738	1144.3052594666651	2.125563011390909	2051.8433311259378
3222.680305295623	1146.4322019714823	2.1283224301733474	2052.8433311259378
3228.3516625456396	1148.5619051911115	2.131084441254476	2053.8433311259378
3234.0311102269634	1150.6943717185695	2.133849046069586	2054.8433311259378
3239.7186564770805	1152.8296041483075	2.1366162460539693	2055.8433311259378
3245.4143094377823	1154.9676050762118	2.1393860426429168	2056.8433311259378
3251.1180772551625	1157.108377099606	2.14215843727172	2057.8433311259378
3256.829968079626	1159.2519228172473	2.1449334313756703	2058.8433311259378
3262.5499900658765	1161.3982448293277	2.1477110263900583	2059.8433311259378
3268.2781513729333	1163.547345737476	2.1504912237501768	2060.8433311259378
3274.0144601641105	1165.6992281447547	2.1532740248913154	2061.8433311259378
3279.7589246070365	1167.8538946556641	2.1560594312487664	2062.8433311259378
3285.5115528736405	1170.0113478761364	2.1588474442578205	2063.8433311259378
3291.2723531401634	1172.1715904135422	2.1616380653537695	2064.8433311259378
3297.041333587142	1174.3346248766848	2.1644312959719034	2065.8433311259378
3302.818502399432	1176.5004538758049	2.167227137547515	2066.8433311259378
3308.603867766187	1178.6690800225774	2.170025591515896	2067.8433311259378
3314.3974378808634	1180.8405059301126	2.172826659312336	2068.8433311259378
3320.199220941231	1183.0147342129567	2.175630342372127	2069.8433311259378
3326.0092251493625	1185.1917674870901	2.1784366421305608	2070.8433311259378
3331.827458711635	1187.371608369929	2.1812455600229277	2071.8433311259378
3337.6539298387333	1189.5542594803255	2.1840570974845197	2072.8433311259378
3343.488646745648	1191.7397234385662	2.1868712559506283	2073.8433311259378
3349.3316176516732	1193.9280028663736	2.189688036856544	2074.8433311259378
3355.182850780411	1196.1191003869046	2.1925074416375576	2075.8433311259378
3361.042354359773	1198.3130186247515	2.1953294717289626	2076.8433311259378
3366.9101366219656	1200.509760205944	2.1981541285660477	2077.8433311259378
3372.7862058035143	1202.7093277579445	2.200981413584106	2078.8433311259378
3378.670570145242	1204.9117239096515	2.2038113282184284	2079.8433311259378
3384.563237892279	1207.1169512913987	2.2066438739043055	2080.8433311259378
3390.464217294065	1209.3250125349552	2.209479052077029	2081.8433311259378
3396.373516604342	1211.5359102735265	2.2123168641718904	2082.8433311259378
3402.2911440811586	1213.7496471417514	2.215157311624181	2083.8433311259378
3408.2171079868685	1215.9662257757057	2.2180003958691916	2084.8433311259378
3414.151416588131	1218.1856488128994	2.2208461183422132	2085.8433311259378
3420.0940781559157	1220.4079188922776	2.223694480478538	2086.8433311259378
3426.045100965494	1222.6330386542224	2.226545483713457	2087.8433311259378
3432.004493296443	1224.8610107405495	2.2293991294822613	2088.8433311259378
3437.972263432647	1227.0918377945102	2.232255419220242	2089.8433311259378
3443.948419662298	1229.3255224607917	2.2351143543626915	2090.8433311259378
3449.9329702778878	1231.5620673855153	2.237975936344899	2091.8433311259378
3455.925923576222	1233.8014752162396	2.2408401666021582	2092.8433311259378
3461.927287858406	1236.0437486019566	2.2437070465697584	2093.8433311259378
3467.937071429853	1238.2888901930946	2.246576577682992	2094.8433311259378
3473.955282600284	1240.5369026415165	2.24944876137715	2095.8433311259378
3479.9819296837227	1242.7877886005206	2.252323599087523	2096.8433311259378
3486.0170209985004	1245.0415507248415	2.2552010922494037	2097.8433311259378
3492.060564867254	1247.2981916706483	2.258081242298082	2098.8433311259378
3498.1125696169265	1249.5577140955452	2.26096405066885	2099.8433311259378
3504.173043578766	1251.820120658572	2.2638495187969987	2100.8433311259378
3510.2419950883295	1254.085414020203	2.26673764811782	2101.8433311259378
3516.3194324854726	1256.3535968423503	2.2696284400666036	2102.8433311259378
3522.4053641143646	1258.6246717883582	2.272521896078642	2103.8433311259378
3528.499798323479	1260.8986415230074	2.275418017589227	2104.8433311259378
3534.6027434655916	1263.1755087125143	2.278316806033649	2105.8433311259378
3540.7142078977868	1265.4552760245306	2.2812182628471986	2106.8433311259378
3546.8341999814534	1267.7379461281434	2.2841223894651685	2107.8433311259378
3552.9627280822892	1270.0235216938745	2.287029187322849	2108.8433311259378
3559.099800570296	1272.312005393681	2.289938657855533	2109.8433311259378
3565.245425819777	1274.6033999009555	2.292850802498509	2110.8433311259378
3571.399612209349	1276.897707890526	2.29576562268707	2111.8433311259378
3577.5623681219317	1279.1949320386564	2.2986831198565083	2112.8433311259378
3583.7337019447486	1281.4950750230446	2.3016032954421135	2113.8433311259378
3589.9136220693285	1283.7981395228248	2.304526150879177	2114.8433311259378
3596.102136891513	1286.1041282185656	2.307451687602991	2115.8433311259378
3602.2992548114407	1288.413043792271	2.310379907048845	2116.8433311259378
3608.504984233563	1290.7248889273822	2.313310810652033	2117.8433311259378
3614.719333566631	1293.0396663087731	2.316244399847844	2118.8433311259378
3620.942311223708	1295.3573786227541	2.3191806760715705	2119.8433311259378
3627.173925622159	1297.6780285570708	2.322119640758503	2120.8433311259378
3633.4141851836557	1300.0016188009033	2.325061295343933	2121.8433311259378
3639.6630983341765	1302.3281520448695	2.328005641263153	2122.8433311259378
3645.9206735040034	1304.6576309810198	2.330952679951452	2123.8433311259378
3652.186919127729	1306.9900583028407	2.3339024128441226	2124.8433311259378
3658.461843644247	1309.3254367052546	2.3368548413764563	2125.8433311259378
3664.745455496757	1311.663768884618	2.3398099669837435	2126.8433311259378
3671.037763132772	1314.0050575387254	2.3427677911012776	2127.8433311259378
3677.3387750041	1316.349305366803	2.3457283151643473	2128.8433311259378
3683.6484995668598	1318.6965150695141	2.3486915406082445	2129.8433311259378
3689.966945281478	1321.0466893489584	2.351657468868261	2130.8433311259378
3696.294120612687	1323.3998309086678	2.3546261013796883	2131.8433311259378
3702.63003402952	1325.755942453613	2.357597439577817	2132.8433311259378
3708.9746940053237	1328.1150266901973	2.3605714848979398	2133.8433311259378
3715.3281090177406	1330.4770863262615	2.363548238775346	2134.8433311259378
3721.6902875487312	1332.842124071079	2.366527702645328	2135.8433311259378
3728.0612380845487	1335.210142635361	2.369509877943176	2136.8433311259378
3734.440969115766	1337.581144731253	2.3724947661041833	2137.8433311259378
3740.8294891372525	1339.9551330723357	2.3754823685636395	2138.8433311259378
3747.2268066481824	1342.3321103736253	2.3784726867568367	2139.8433311259378
3753.6329301520445	1344.7120793515724	2.3814657221190654	2140.8433311259378
3760.0478681566256	1347.0950427240641	2.3844614760856175	2141.8433311259378
3766.4716291740215	1349.4810032104233	2.3874599500917846	2142.8433311259378
3772.9042217206315	1351.8699635314065	2.390461145572856	2143.8433311259378
3779.345654317166	1354.2619264092064	2.3934650639641264	2144.8433311259378
3785.7959354886366	1356.6568945674503	2.3964717067008845	2145.8433311259378
3792.255073764363	1359.054870731201	2.399481075218422	2146.8433311259378
3798.7230776779684	1361.4558576269587	2.402493170952031	2147.8433311259378
3805.1999557673835	1363.8598579826557	2.4055079953370018	2148.8433311259378
3811.6857165748465	1366.2668745276615	2.408525549808626	2149.8433311259378
3818.1803686468966	1368.6769099927806	2.4115458358021957	2150.8433311259378
3824.683920534386	1371.0899671102516	2.4145688547530004	2151.8433311259378
3831.196380792465	1373.5060486137504	2.417594608096333	2152.8433311259378
3837.7177579805975	1375.9251572383869	2.4206230972674847	2153.8433311259378
3844.248060662546	1378.3472957207066	2.423654323701746	2154.8433311259378
3850.787297406381	1380.7724667986904	2.426688288834408	2155.8433311259378
3857.3354767844867	1383.2006732117532	2.429724994100763	2156.8433311259378
3863.89260737354	1385.6319177007479	2.4327644409361016	2157.8433311259378
3870.4586977545314	1388.0662030079604	2.435806630775715	2158.8433311259378
3877.033756512759	1390.5035318771127	2.438851565054895	2159.8433311259378
3883.617792237822	1392.943907053362	2.441899245208933	2160.8433311259378
3890.2108135236253	1395.3873312833002	2.4449496726731184	2161.8433311259378
3896.812828968387	1397.8338073149562	2.4480028488827457	2162.8433311259378
3903.4238471746203	1400.2833378977932	2.4510587752731032	2163.8433311259378
3910.0438767491532	1402.7359257827081	2.4541174532794843	2164.8433311259378
3916.6729263031157	1405.1915737220359	2.4571788843371793	2165.8433311259378
3923.311004451942	1407.6502844695444	2.460243069881479	2166.8433311259378
3929.9581198153783	1410.112060780439	2.4633100113476756	2167.8433311259378
3936.614281017468	1412.576905411359	2.46637971017106	2168.8433311259378
3943.279496686567	1415.044821120379	2.4694521677869234	2169.8433311259378
3949.9537754553367	1417.515810667009	2.4725273856305576	2170.8433311259378
3956.6371259607413	1419.9898768121943	2.4756053651372536	2171.8433311259378
3963.3295568440517	1422.467022318316	2.478686107742302	2172.8433311259378
3970.0310767508477	1424.94724994919	2.481769614880995	2173.8433311259378
3976.74169433101	1427.4305624700678	2.4848558879886236	2174.8433311259378
3983.4614182387295	1429.9169626476357	2.487944928500479	2175.8433311259378
3990.1902571324986	1432.4064532500154	2.491036737851852	2176.8433311259378
3996.928219675123	1434.8990370467639	2.4941313174780344	2177.8433311259378
4003.6753145337043	1437.3947168088746	2.4972286688143175	2178.8433311259378
4010.431550379659	1439.8934953087748	2.500328793295993	2179.8433311259378
4017.196935888705	1442.3953753203268	2.503431692358352	2180.8433311259378
4023.971479740865	1444.9003596188302	2.506537367436685	2181.8433311259378
4030.755190620469	1447.408450981017	2.509645819966283	2182.8433311259378
4037.5480772161586	1449.9196521850579	2.5127570513824398	2183.8433311259378
4044.3501482208685	1452.4339660105559	2.5158710631204437	2184.8433311259378
4051.1614123318504	1454.9513952385514	2.5189878566155874	2185.8433311259378
4057.981878250658	1457.4719426515185	2.5221074333031623	2186.8433311259378
4064.8115546831505	1459.9956110333665	2.525229794618459	2187.8433311259378
4071.6504503394935	1462.522403169443	2.5283549419967692	2188.8433311259378
4078.4985739341573	1465.0523218465264	2.531482876873384	2189.8433311259378
4085.355934185922	1467.5853698528344	2.5346136006835955	2190.8433311259378
4092.2225398178684	1470.121549978017	2.537747114862694	2191.8433311259378
4099.098399557386	1472.6608650131607	2.5408834208459705	2192.8433311259378
4105.983522136172	1475.2033177507883	2.544022520068718	2193.8433311259378
4112.877916290222	1477.7489109848566	2.5471644139662257	2194.8433311259378
4119.781590759847	1480.2976475107578	2.5503091039737864	2195.8433311259378
4126.694554289657	1482.8495301253197	2.5534565915266905	2196.8433311259378
4133.616815628575	1485.4045616268043	2.5566068780602293	2197.8433311259378
4140.54838352982	1487.9627448149115	2.559759965009695	2198.8433311259378
4147.489266750923	1490.5240824907744	2.5629158538103773	2199.8433311259378
4154.439474053723	1493.0885774569613	2.5660745458975693	2200.8433311259378
4161.399014204361	1495.6562325174768	2.569236042706562	2201.8433311259378
4168.3678959732815	1498.2270504777598	2.5724003456726443	2202.8433311259378
4175.346128135244	1500.8010341446861	2.575567456231111	2203.8433311259378
4182.333719469304	1503.378186326565	2.5787373758172514	2204.8433311259378
4189.3306787588235	1505.9585098331418	2.5819101058663563	2205.8433311259378
4196.33701479148	1508.5420074755973	2.5850856478137176	2206.8433311259378
4203.352736359249	1511.1286820665464	2.5882640030946273	2207.8433311259378
4210.3778522584125	1513.7185364200423	2.5914451731443755	2208.8433311259378
4217.412371289561	1516.3115733515701	2.594629159398255	2209.8433311259378
4224.456302257588	1518.907795678052	2.5978159632915556	2210.8433311259378
4231.509653971694	1521.5072062178451	2.6010055862595696	2211.8433311259378
4238.572435245385	1524.109807790741	2.604198029737587	2212.8433311259378
4245.644654896471	1526.7156032179685	2.6073932951608993	2213.8433311259378
4252.726321747081	1529.32459532219	2.6105913839648003	2214.8433311259378
4259.817444623628	1531.9367869275038	2.6137922975845784	2215.8433311259378
4266.918032356843	1534.552180859443	2.6169960374555252	2216.8433311259378
4274.028093781766	1537.1707799449764	2.620202605012933	2217.8433311259378
4281.1476377377385	1539.792587012509	2.6234120016920928	2218.8433311259378
4288.276673068407	1542.4176048918798	2.6266242289282964	2219.8433311259378
4295.415208621723	1545.0458364143633	2.629839288156833	2220.8433311259378
4302.563253249949	1547.67728441267	2.6330571808129966	2221.8433311259378
4309.720815809649	1550.3119517209434	2.636277908332077	2222.8433311259378
4316.887905161694	1552.949841174766	2.639501472149365	2223.8433311259378
4324.064530171263	1555.5909556111533	2.6427278737001534	2224.8433311259378
4331.250699707835	1558.2352978685562	2.6459571144197325	2225.8433311259378
4338.446422645201	1560.882870786861	2.6491891957433937	2226.8433311259378
4345.651707861456	1563.5336772073892	2.6524241191064277	2227.8433311259378
4352.866564239001	1566.1877199728988	2.655661885944127	2228.8433311259378
4360.091000664539	1568.845001927581	2.6589024976917823	2229.8433311259378
4367.325026029086	1571.505525917064	2.662145955784685	2230.8433311259378
4374.568649227958	1574.1692947884108	2.665392261658126	2231.8433311259378
4381.821879160779	1576.8363113901187	2.6686414167473957	2232.8433311259378
4389.084724731481	1579.5065785721222	2.6718934224877886	2233.8433311259378
4396.357194848298	1582.18009918579	2.6751482803145925	2234.8433311259378
4403.639298423773	1584.8568760839253	2.6784059916631007	2235.8433311259378
4410.931044374752	1587.5369121207689	2.6816665579686036	2236.8433311259378
4418.232441622385	1590.2202101519936	2.684929980666392	2237.8433311259378
4425.543499092138	1592.9067730347103	2.6881962611917585	2238.8433311259378
4432.864225713773	1595.596603627465	2.691465400979994	2239.8433311259378
4440.1946304213625	1598.2897047902363	2.69473740146639	2240.8433311259378
4447.534722153281	1600.9860793844423	2.698012264086237	2241.8433311259378
4454.884509852212	1603.6857302729316	2.7012899902748266	2242.8433311259378
4462.244002465144	1606.3886603199928	2.7045705814674497	2243.8433311259378
4469.613208943372	1609.0948723913464	2.707854039099398	2244.8433311259378
4476.9921382424955	1611.8043693541497	2.7111403646059626	2245.8433311259378
4484.380799322423	1614.5171540769952	2.714429559422436	2246.8433311259378
4491.779201147363	1617.2332294299097	2.717721624984107	2247.8433311259378
4499.187352685836	1619.9525982843566	2.7210165627262697	2248.8433311259378
4506.605262910666	1622.6752635132345	2.724314374084213	2249.8433311259378
4514.032940798983	1625.4012279908757	2.72761506049323	2250.8433311259378
4521.4703953322205	1628.1304945930497	2.730918623388611	2251.8433311259378
4528.917635496123	1630.8630661969598	2.7342250642056474	2252.8433311259378
4536.374670280732	1633.5989456812465	2.7375343843796296	2253.8433311259378
4543.841508680406	1636.3381359259836	2.740846585345851	2254.8433311259378
4551.318159693804	1639.0806398126808	2.7441616685396006	2255.8433311259378
4558.804632323889	1641.8264602242841	2.7474796353961715	2256.8433311259378
4566.300935577934	1644.5756000451722	2.7508004873508543	2257.8433311259378
4573.807078467514	1647.3280621611627	2.7541242258389405	2258.8433311259378
4581.3230700085105	1650.0838494595062	2.75745085229572	2259.8433311259378
4588.848919221114	1652.842964828889	2.760780368156486	2260.8433311259378
4596.384635129818	1655.6054111594328	2.764112774856529	2261.8433311259378
4603.930226763422	1658.371191342694	2.7674480738311393	2262.8433311259378
4611.4857031550355	1661.1403082716645	2.77078626651561	2263.8433311259378
4619.051073342067	1663.9127648407732	2.774127354345232	2264.8433311259378